location_id,candidate_id,requested_lat,requested_lng,pano_lat,pano_lng,capture_date,capture_year,pano_id,road_heading,copyright,metadata_status,cell_id,x_m,y_m,image_id,heading_set,images_per_location,direction_index,direction_label,heading_strategy,image_heading,image_pitch,image_fov,image_width,image_height,batch_number,batch_id,batch_location_index,image_file,image_url,image_downloaded,download_status,download_error
0036cedbbd545d954d163d0a4da1c562133c25a9,5f17db9f7400ae9d81f760b7c0d76bfea92fbc25,-16.026805601018168,-48.02441609894269,-16.02679260272562,-48.02446352359796,2025-02,2025,hLBkLu2RqRDEDeINBgmLrg,235.1726493383271,© Google,OK,5_0,176327.87045162197,8225739.427465569,71f6770999fc65a6bedb04ff817bd4ce3768c1f9,cardinal,4,0,0_deg_north,cardinal,0,0,90,640,640,7,batch_0007,1,datasets/df_2024_proportional/batch_0007/images/71f6770999fc65a6bedb04ff817bd4ce3768c1f9.jpg,https://raw.githubusercontent.com/GUIA-DD/dataset-streetview/main/datasets/df_2024_proportional/batch_0007/images/71f6770999fc65a6bedb04ff817bd4ce3768c1f9.jpg,True,downloaded,
0036cedbbd545d954d163d0a4da1c562133c25a9,5f17db9f7400ae9d81f760b7c0d76bfea92fbc25,-16.026805601018168,-48.02441609894269,-16.02679260272562,-48.02446352359796,2025-02,2025,hLBkLu2RqRDEDeINBgmLrg,235.1726493383271,© Google,OK,5_0,176327.87045162197,8225739.427465569,9893431ee19ee326059266762ad7592468301763,cardinal,4,1,90_deg_east,cardinal,90,0,90,640,640,7,batch_0007,2,datasets/df_2024_proportional/batch_0007/images/9893431ee19ee326059266762ad7592468301763.jpg,https://raw.githubusercontent.com/GUIA-DD/dataset-streetview/main/datasets/df_2024_proportional/batch_0007/images/9893431ee19ee326059266762ad7592468301763.jpg,True,downloaded,
0036cedbbd545d954d163d0a4da1c562133c25a9,5f17db9f7400ae9d81f760b7c0d76bfea92fbc25,-16.026805601018168,-48.02441609894269,-16.02679260272562,-48.02446352359796,2025-02,2025,hLBkLu2RqRDEDeINBgmLrg,235.1726493383271,© Google,OK,5_0,176327.87045162197,8225739.427465569,1f1090f9060cf69cab100da58053be5dc9df2340,cardinal,4,2,180_deg_south,cardinal,180,0,90,640,640,7,batch_0007,3,datasets/df_2024_proportional/batch_0007/images/1f1090f9060cf69cab100da58053be5dc9df2340.jpg,https://raw.githubusercontent.com/GUIA-DD/dataset-streetview/main/datasets/df_2024_proportional/batch_0007/images/1f1090f9060cf69cab100da58053be5dc9df2340.jpg,True,downloaded,
0036cedbbd545d954d163d0a4da1c562133c25a9,5f17db9f7400ae9d81f760b7c0d76bfea92fbc25,-16.026805601018168,-48.02441609894269,-16.02679260272562,-48.02446352359796,2025-02,2025,hLBkLu2RqRDEDeINBgmLrg,235.1726493383271,© Google,OK,5_0,176327.87045162197,8225739.427465569,a1139897b4e8af279c1bf73289cee060a73f3b78,cardinal,4,3,270_deg_west,cardinal,270,0,90,640,640,7,batch_0007,4,datasets/df_2024_proportional/batch_0007/images/a1139897b4e8af279c1bf73289cee060a73f3b78.jpg,https://raw.githubusercontent.com/GUIA-DD/dataset-streetview/main/datasets/df_2024_proportional/batch_0007/images/a1139897b4e8af279c1bf73289cee060a73f3b78.jpg,True,downloaded,
024461f32bf5f2269934adaa182930f168eeba69,6b3d1d2b9cf7c7725d3bd8e57036d3059e5a1bc5,-15.915781550183134,-48.06558974992218,-15.91578987627719,-48.06561615026731,2025-07,2025,vfwrAY2AuP2LEE2du46vdQ,71.88606759706738,© Google,OK,4_3,171736.7154041878,8237970.518881369,f7167ac2ec2c83e10b5bb6cefa0a66df5254ee00,cardinal,4,0,0_deg_north,cardinal,0,0,90,640,640,7,batch_0007,5,datasets/df_2024_proportional/batch_0007/images/f7167ac2ec2c83e10b5bb6cefa0a66df5254ee00.jpg,https://raw.githubusercontent.com/GUIA-DD/dataset-streetview/main/datasets/df_2024_proportional/batch_0007/images/f7167ac2ec2c83e10b5bb6cefa0a66df5254ee00.jpg,True,downloaded,
024461f32bf5f2269934adaa182930f168eeba69,6b3d1d2b9cf7c7725d3bd8e57036d3059e5a1bc5,-15.915781550183134,-48.06558974992218,-15.91578987627719,-48.06561615026731,2025-07,2025,vfwrAY2AuP2LEE2du46vdQ,71.88606759706738,© Google,OK,4_3,171736.7154041878,8237970.518881369,d1f072cf05b221605b4ac3a5d1244f03efb601c5,cardinal,4,1,90_deg_east,cardinal,90,0,90,640,640,7,batch_0007,6,datasets/df_2024_proportional/batch_0007/images/d1f072cf05b221605b4ac3a5d1244f03efb601c5.jpg,https://raw.githubusercontent.com/GUIA-DD/dataset-streetview/main/datasets/df_2024_proportional/batch_0007/images/d1f072cf05b221605b4ac3a5d1244f03efb601c5.jpg,True,downloaded,
024461f32bf5f2269934adaa182930f168eeba69,6b3d1d2b9cf7c7725d3bd8e57036d3059e5a1bc5,-15.915781550183134,-48.06558974992218,-15.91578987627719,-48.06561615026731,2025-07,2025,vfwrAY2AuP2LEE2du46vdQ,71.88606759706738,© Google,OK,4_3,171736.7154041878,8237970.518881369,6f0ae5c23c128ccf8c96dd102255926fea4c0a6c,cardinal,4,2,180_deg_south,cardinal,180,0,90,640,640,7,batch_0007,7,datasets/df_2024_proportional/batch_0007/images/6f0ae5c23c128ccf8c96dd102255926fea4c0a6c.jpg,https://raw.githubusercontent.com/GUIA-DD/dataset-streetview/main/datasets/df_2024_proportional/batch_0007/images/6f0ae5c23c128ccf8c96dd102255926fea4c0a6c.jpg,True,downloaded,
024461f32bf5f2269934adaa182930f168eeba69,6b3d1d2b9cf7c7725d3bd8e57036d3059e5a1bc5,-15.915781550183134,-48.06558974992218,-15.91578987627719,-48.06561615026731,2025-07,2025,vfwrAY2AuP2LEE2du46vdQ,71.88606759706738,© Google,OK,4_3,171736.7154041878,8237970.518881369,db38d7f85cb40bfd6d5cd30f49519b6aa8828125,cardinal,4,3,270_deg_west,cardinal,270,0,90,640,640,7,batch_0007,8,datasets/df_2024_proportional/batch_0007/images/db38d7f85cb40bfd6d5cd30f49519b6aa8828125.jpg,https://raw.githubusercontent.com/GUIA-DD/dataset-streetview/main/datasets/df_2024_proportional/batch_0007/images/db38d7f85cb40bfd6d5cd30f49519b6aa8828125.jpg,True,downloaded,
03b281f712acacaac55097a278d085c89dc69c58,5bba5d90dbbb8b5935c723c0f6ec21c2383af481,-15.71764347415502,-47.86333927233109,-15.71763247533713,-47.86337439392425,2025-07,2025,AvHKN72krMeWRbBnclvV8g,285.3906148925228,© Google,OK,8_7,193110.56560979603,8260218.336082271,f613978ffb3ceae3e174a9abb20b7a8eefc2c6ea,cardinal,4,0,0_deg_north,cardinal,0,0,90,640,640,7,batch_0007,9,datasets/df_2024_proportional/batch_0007/images/f613978ffb3ceae3e174a9abb20b7a8eefc2c6ea.jpg,https://raw.githubusercontent.com/GUIA-DD/dataset-streetview/main/datasets/df_2024_proportional/batch_0007/images/f613978ffb3ceae3e174a9abb20b7a8eefc2c6ea.jpg,True,downloaded,
03b281f712acacaac55097a278d085c89dc69c58,5bba5d90dbbb8b5935c723c0f6ec21c2383af481,-15.71764347415502,-47.86333927233109,-15.71763247533713,-47.86337439392425,2025-07,2025,AvHKN72krMeWRbBnclvV8g,285.3906148925228,© Google,OK,8_7,193110.56560979603,8260218.336082271,f1ada84ef19036cf50ecc969156febe8c05de6a6,cardinal,4,1,90_deg_east,cardinal,90,0,90,640,640,7,batch_0007,10,datasets/df_2024_proportional/batch_0007/images/f1ada84ef19036cf50ecc969156febe8c05de6a6.jpg,https://raw.githubusercontent.com/GUIA-DD/dataset-streetview/main/datasets/df_2024_proportional/batch_0007/images/f1ada84ef19036cf50ecc969156febe8c05de6a6.jpg,True,downloaded,
03b281f712acacaac55097a278d085c89dc69c58,5bba5d90dbbb8b5935c723c0f6ec21c2383af481,-15.71764347415502,-47.86333927233109,-15.71763247533713,-47.86337439392425,2025-07,2025,AvHKN72krMeWRbBnclvV8g,285.3906148925228,© Google,OK,8_7,193110.56560979603,8260218.336082271,09af7941dbce1faf3d30fab040d81f9ef0a261f9,cardinal,4,2,180_deg_south,cardinal,180,0,90,640,640,7,batch_0007,11,datasets/df_2024_proportional/batch_0007/images/09af7941dbce1faf3d30fab040d81f9ef0a261f9.jpg,https://raw.githubusercontent.com/GUIA-DD/dataset-streetview/main/datasets/df_2024_proportional/batch_0007/images/09af7941dbce1faf3d30fab040d81f9ef0a261f9.jpg,True,downloaded,
03b281f712acacaac55097a278d085c89dc69c58,5bba5d90dbbb8b5935c723c0f6ec21c2383af481,-15.71764347415502,-47.86333927233109,-15.71763247533713,-47.86337439392425,2025-07,2025,AvHKN72krMeWRbBnclvV8g,285.3906148925228,© Google,OK,8_7,193110.56560979603,8260218.336082271,82f60aff5a038cf88d43bcb047a98ea78f1f2c81,cardinal,4,3,270_deg_west,cardinal,270,0,90,640,640,7,batch_0007,12,datasets/df_2024_proportional/batch_0007/images/82f60aff5a038cf88d43bcb047a98ea78f1f2c81.jpg,https://raw.githubusercontent.com/GUIA-DD/dataset-streetview/main/datasets/df_2024_proportional/batch_0007/images/82f60aff5a038cf88d43bcb047a98ea78f1f2c81.jpg,True,downloaded,
03f3e1678949efa03cedce2cd73140f11acf7ce6,573d8b4704b8d6b43a3f1f7d6f2724bb5270f96a,-16.02758520033674,-48.034329400515865,-16.02758121606122,-48.03435579263034,2025-02,2025,J09tgvLXta7yuXj1AAAFlQ,117.48524010651852,© Google,OK,5_0,175267.36995120987,8225637.575314764,b0ec955f3e1708106bfba3b1992b968b780f48e6,cardinal,4,0,0_deg_north,cardinal,0,0,90,640,640,7,batch_0007,13,datasets/df_2024_proportional/batch_0007/images/b0ec955f3e1708106bfba3b1992b968b780f48e6.jpg,https://raw.githubusercontent.com/GUIA-DD/dataset-streetview/main/datasets/df_2024_proportional/batch_0007/images/b0ec955f3e1708106bfba3b1992b968b780f48e6.jpg,True,downloaded,
03f3e1678949efa03cedce2cd73140f11acf7ce6,573d8b4704b8d6b43a3f1f7d6f2724bb5270f96a,-16.02758520033674,-48.034329400515865,-16.02758121606122,-48.03435579263034,2025-02,2025,J09tgvLXta7yuXj1AAAFlQ,117.48524010651852,© Google,OK,5_0,175267.36995120987,8225637.575314764,33fa3f485774df2c825cfa552d118fe8c64591e4,cardinal,4,1,90_deg_east,cardinal,90,0,90,640,640,7,batch_0007,14,datasets/df_2024_proportional/batch_0007/images/33fa3f485774df2c825cfa552d118fe8c64591e4.jpg,https://raw.githubusercontent.com/GUIA-DD/dataset-streetview/main/datasets/df_2024_proportional/batch_0007/images/33fa3f485774df2c825cfa552d118fe8c64591e4.jpg,True,downloaded,
03f3e1678949efa03cedce2cd73140f11acf7ce6,573d8b4704b8d6b43a3f1f7d6f2724bb5270f96a,-16.02758520033674,-48.034329400515865,-16.02758121606122,-48.03435579263034,2025-02,2025,J09tgvLXta7yuXj1AAAFlQ,117.48524010651852,© Google,OK,5_0,175267.36995120987,8225637.575314764,fc8f2d8ace1dd598b3cdd27f9f6bf6ceb68b6cf8,cardinal,4,2,180_deg_south,cardinal,180,0,90,640,640,7,batch_0007,15,datasets/df_2024_proportional/batch_0007/images/fc8f2d8ace1dd598b3cdd27f9f6bf6ceb68b6cf8.jpg,https://raw.githubusercontent.com/GUIA-DD/dataset-streetview/main/datasets/df_2024_proportional/batch_0007/images/fc8f2d8ace1dd598b3cdd27f9f6bf6ceb68b6cf8.jpg,True,downloaded,
03f3e1678949efa03cedce2cd73140f11acf7ce6,573d8b4704b8d6b43a3f1f7d6f2724bb5270f96a,-16.02758520033674,-48.034329400515865,-16.02758121606122,-48.03435579263034,2025-02,2025,J09tgvLXta7yuXj1AAAFlQ,117.48524010651852,© Google,OK,5_0,175267.36995120987,8225637.575314764,0945289a2eaa34d4e5a179f5f5a8265cffc714d8,cardinal,4,3,270_deg_west,cardinal,270,0,90,640,640,7,batch_0007,16,datasets/df_2024_proportional/batch_0007/images/0945289a2eaa34d4e5a179f5f5a8265cffc714d8.jpg,https://raw.githubusercontent.com/GUIA-DD/dataset-streetview/main/datasets/df_2024_proportional/batch_0007/images/0945289a2eaa34d4e5a179f5f5a8265cffc714d8.jpg,True,downloaded,
078621ea0af1908f9348dddf69ca57b2fc21d517,e20624c0e263575ffe7fee493aa1d1ec75ab134a,-15.795467150009538,-48.00163584985759,-15.79549139353174,-48.00161565046795,2024-09,2024,GgJbPtfjXK-RJlVVgpK3OA,178.12696823053122,© Google,OK,5_5,178399.42950194963,8251394.107468566,74fced087d7cb7bf3c6a2fe132ba925dbfee2065,cardinal,4,0,0_deg_north,cardinal,0,0,90,640,640,7,batch_0007,17,datasets/df_2024_proportional/batch_0007/images/74fced087d7cb7bf3c6a2fe132ba925dbfee2065.jpg,https://raw.githubusercontent.com/GUIA-DD/dataset-streetview/main/datasets/df_2024_proportional/batch_0007/images/74fced087d7cb7bf3c6a2fe132ba925dbfee2065.jpg,True,downloaded,
078621ea0af1908f9348dddf69ca57b2fc21d517,e20624c0e263575ffe7fee493aa1d1ec75ab134a,-15.795467150009538,-48.00163584985759,-15.79549139353174,-48.00161565046795,2024-09,2024,GgJbPtfjXK-RJlVVgpK3OA,178.12696823053122,© Google,OK,5_5,178399.42950194963,8251394.107468566,1293ba8e86a55590bf02eeef8ce125f587ffb9db,cardinal,4,1,90_deg_east,cardinal,90,0,90,640,640,7,batch_0007,18,datasets/df_2024_proportional/batch_0007/images/1293ba8e86a55590bf02eeef8ce125f587ffb9db.jpg,https://raw.githubusercontent.com/GUIA-DD/dataset-streetview/main/datasets/df_2024_proportional/batch_0007/images/1293ba8e86a55590bf02eeef8ce125f587ffb9db.jpg,True,downloaded,
078621ea0af1908f9348dddf69ca57b2fc21d517,e20624c0e263575ffe7fee493aa1d1ec75ab134a,-15.795467150009538,-48.00163584985759,-15.79549139353174,-48.00161565046795,2024-09,2024,GgJbPtfjXK-RJlVVgpK3OA,178.12696823053122,© Google,OK,5_5,178399.42950194963,8251394.107468566,f1ebf2cdd6ec2b30510dcb6ac7c9b9c64e1fd541,cardinal,4,2,180_deg_south,cardinal,180,0,90,640,640,7,batch_0007,19,datasets/df_2024_proportional/batch_0007/images/f1ebf2cdd6ec2b30510dcb6ac7c9b9c64e1fd541.jpg,https://raw.githubusercontent.com/GUIA-DD/dataset-streetview/main/datasets/df_2024_proportional/batch_0007/images/f1ebf2cdd6ec2b30510dcb6ac7c9b9c64e1fd541.jpg,True,downloaded,
078621ea0af1908f9348dddf69ca57b2fc21d517,e20624c0e263575ffe7fee493aa1d1ec75ab134a,-15.795467150009538,-48.00163584985759,-15.79549139353174,-48.00161565046795,2024-09,2024,GgJbPtfjXK-RJlVVgpK3OA,178.12696823053122,© Google,OK,5_5,178399.42950194963,8251394.107468566,c88a384ea0e885ffbfb424544ebb2e40f865de57,cardinal,4,3,270_deg_west,cardinal,270,0,90,640,640,7,batch_0007,20,datasets/df_2024_proportional/batch_0007/images/c88a384ea0e885ffbfb424544ebb2e40f865de57.jpg,https://raw.githubusercontent.com/GUIA-DD/dataset-streetview/main/datasets/df_2024_proportional/batch_0007/images/c88a384ea0e885ffbfb424544ebb2e40f865de57.jpg,True,downloaded,
07c7b0b449b126766b986cac5e8ccdfeee1827e5,0c112347ce5c584f6d108174c12f375429a9fb13,-15.918945900000365,-48.049809850250575,-15.9189620953307,-48.04981406662263,2025-05,2025,c2NJYO8E2C-WS8VhJeTpjg,341.8667836634019,© Google,OK,4_3,173432.9168965781,8237644.846384024,fbf32441b875bc4f6b2e36472f1940482f3dcc73,cardinal,4,0,0_deg_north,cardinal,0,0,90,640,640,7,batch_0007,21,datasets/df_2024_proportional/batch_0007/images/fbf32441b875bc4f6b2e36472f1940482f3dcc73.jpg,https://raw.githubusercontent.com/GUIA-DD/dataset-streetview/main/datasets/df_2024_proportional/batch_0007/images/fbf32441b875bc4f6b2e36472f1940482f3dcc73.jpg,True,downloaded,
07c7b0b449b126766b986cac5e8ccdfeee1827e5,0c112347ce5c584f6d108174c12f375429a9fb13,-15.918945900000365,-48.049809850250575,-15.9189620953307,-48.04981406662263,2025-05,2025,c2NJYO8E2C-WS8VhJeTpjg,341.8667836634019,© Google,OK,4_3,173432.9168965781,8237644.846384024,cd28cc626f365889d665ff9f4e147488f02221cf,cardinal,4,1,90_deg_east,cardinal,90,0,90,640,640,7,batch_0007,22,datasets/df_2024_proportional/batch_0007/images/cd28cc626f365889d665ff9f4e147488f02221cf.jpg,https://raw.githubusercontent.com/GUIA-DD/dataset-streetview/main/datasets/df_2024_proportional/batch_0007/images/cd28cc626f365889d665ff9f4e147488f02221cf.jpg,True,downloaded,
07c7b0b449b126766b986cac5e8ccdfeee1827e5,0c112347ce5c584f6d108174c12f375429a9fb13,-15.918945900000365,-48.049809850250575,-15.9189620953307,-48.04981406662263,2025-05,2025,c2NJYO8E2C-WS8VhJeTpjg,341.8667836634019,© Google,OK,4_3,173432.9168965781,8237644.846384024,6b618b06880a24129c1c0f7b8db2ff30b3d14ea3,cardinal,4,2,180_deg_south,cardinal,180,0,90,640,640,7,batch_0007,23,datasets/df_2024_proportional/batch_0007/images/6b618b06880a24129c1c0f7b8db2ff30b3d14ea3.jpg,https://raw.githubusercontent.com/GUIA-DD/dataset-streetview/main/datasets/df_2024_proportional/batch_0007/images/6b618b06880a24129c1c0f7b8db2ff30b3d14ea3.jpg,True,downloaded,
07c7b0b449b126766b986cac5e8ccdfeee1827e5,0c112347ce5c584f6d108174c12f375429a9fb13,-15.918945900000365,-48.049809850250575,-15.9189620953307,-48.04981406662263,2025-05,2025,c2NJYO8E2C-WS8VhJeTpjg,341.8667836634019,© Google,OK,4_3,173432.9168965781,8237644.846384024,d065d0153203174e79803d51e889585a4c5e9f2c,cardinal,4,3,270_deg_west,cardinal,270,0,90,640,640,7,batch_0007,24,datasets/df_2024_proportional/batch_0007/images/d065d0153203174e79803d51e889585a4c5e9f2c.jpg,https://raw.githubusercontent.com/GUIA-DD/dataset-streetview/main/datasets/df_2024_proportional/batch_0007/images/d065d0153203174e79803d51e889585a4c5e9f2c.jpg,True,downloaded,
08872b4d9ba046f40d76c238d84870016ee103a2,7424a99ebb2e002b32d8be2ae34c47a695ad3fbd,-15.884356200001768,-48.075249700102205,-15.88438160138497,-48.0752270407766,2025-06,2025,7m9GTJHVjTAABi8b2N0LjA,340.0899776437764,© Google,OK,4_3,170650.25297801112,8241435.64366271,e8f6e4daa8a2a6233098ed9d0e91b3c7785ffb54,cardinal,4,0,0_deg_north,cardinal,0,0,90,640,640,7,batch_0007,25,datasets/df_2024_proportional/batch_0007/images/e8f6e4daa8a2a6233098ed9d0e91b3c7785ffb54.jpg,https://raw.githubusercontent.com/GUIA-DD/dataset-streetview/main/datasets/df_2024_proportional/batch_0007/images/e8f6e4daa8a2a6233098ed9d0e91b3c7785ffb54.jpg,True,downloaded,
08872b4d9ba046f40d76c238d84870016ee103a2,7424a99ebb2e002b32d8be2ae34c47a695ad3fbd,-15.884356200001768,-48.075249700102205,-15.88438160138497,-48.0752270407766,2025-06,2025,7m9GTJHVjTAABi8b2N0LjA,340.0899776437764,© Google,OK,4_3,170650.25297801112,8241435.64366271,8d22cc0b53ee0d04d672ff65dee525c8c9def560,cardinal,4,1,90_deg_east,cardinal,90,0,90,640,640,7,batch_0007,26,datasets/df_2024_proportional/batch_0007/images/8d22cc0b53ee0d04d672ff65dee525c8c9def560.jpg,https://raw.githubusercontent.com/GUIA-DD/dataset-streetview/main/datasets/df_2024_proportional/batch_0007/images/8d22cc0b53ee0d04d672ff65dee525c8c9def560.jpg,True,downloaded,
08872b4d9ba046f40d76c238d84870016ee103a2,7424a99ebb2e002b32d8be2ae34c47a695ad3fbd,-15.884356200001768,-48.075249700102205,-15.88438160138497,-48.0752270407766,2025-06,2025,7m9GTJHVjTAABi8b2N0LjA,340.0899776437764,© Google,OK,4_3,170650.25297801112,8241435.64366271,4c083e74f5d1e52d162569855a39fde2ef79615c,cardinal,4,2,180_deg_south,cardinal,180,0,90,640,640,7,batch_0007,27,datasets/df_2024_proportional/batch_0007/images/4c083e74f5d1e52d162569855a39fde2ef79615c.jpg,https://raw.githubusercontent.com/GUIA-DD/dataset-streetview/main/datasets/df_2024_proportional/batch_0007/images/4c083e74f5d1e52d162569855a39fde2ef79615c.jpg,True,downloaded,
08872b4d9ba046f40d76c238d84870016ee103a2,7424a99ebb2e002b32d8be2ae34c47a695ad3fbd,-15.884356200001768,-48.075249700102205,-15.88438160138497,-48.0752270407766,2025-06,2025,7m9GTJHVjTAABi8b2N0LjA,340.0899776437764,© Google,OK,4_3,170650.25297801112,8241435.64366271,98812382ea6bd8bbf5ae133b20211819da3635f6,cardinal,4,3,270_deg_west,cardinal,270,0,90,640,640,7,batch_0007,28,datasets/df_2024_proportional/batch_0007/images/98812382ea6bd8bbf5ae133b20211819da3635f6.jpg,https://raw.githubusercontent.com/GUIA-DD/dataset-streetview/main/datasets/df_2024_proportional/batch_0007/images/98812382ea6bd8bbf5ae133b20211819da3635f6.jpg,True,downloaded,
0a39ebb4e144dea19f1095b73d21416438ba1cbf,8a6155c229276bf563364b03269c263c2dc8c38c,-15.793831900004225,-48.13454940006379,-15.79383259077119,-48.13455316387974,2026-01,2026,bvkiRQYK1IFFdZnel6utGw,154.7627034508333,© Google,OK,3_5,164144.20371169664,8251367.270331998,de73301b106fcee81395f7e019a3c0a56ebaa4fc,cardinal,4,0,0_deg_north,cardinal,0,0,90,640,640,7,batch_0007,29,datasets/df_2024_proportional/batch_0007/images/de73301b106fcee81395f7e019a3c0a56ebaa4fc.jpg,https://raw.githubusercontent.com/GUIA-DD/dataset-streetview/main/datasets/df_2024_proportional/batch_0007/images/de73301b106fcee81395f7e019a3c0a56ebaa4fc.jpg,True,downloaded,
0a39ebb4e144dea19f1095b73d21416438ba1cbf,8a6155c229276bf563364b03269c263c2dc8c38c,-15.793831900004225,-48.13454940006379,-15.79383259077119,-48.13455316387974,2026-01,2026,bvkiRQYK1IFFdZnel6utGw,154.7627034508333,© Google,OK,3_5,164144.20371169664,8251367.270331998,bb7ce8e775c4ad1fce53845d342860ce318defdf,cardinal,4,1,90_deg_east,cardinal,90,0,90,640,640,7,batch_0007,30,datasets/df_2024_proportional/batch_0007/images/bb7ce8e775c4ad1fce53845d342860ce318defdf.jpg,https://raw.githubusercontent.com/GUIA-DD/dataset-streetview/main/datasets/df_2024_proportional/batch_0007/images/bb7ce8e775c4ad1fce53845d342860ce318defdf.jpg,True,downloaded,
0a39ebb4e144dea19f1095b73d21416438ba1cbf,8a6155c229276bf563364b03269c263c2dc8c38c,-15.793831900004225,-48.13454940006379,-15.79383259077119,-48.13455316387974,2026-01,2026,bvkiRQYK1IFFdZnel6utGw,154.7627034508333,© Google,OK,3_5,164144.20371169664,8251367.270331998,8acf7225db44a6b451205efe4ed03834a295748b,cardinal,4,2,180_deg_south,cardinal,180,0,90,640,640,7,batch_0007,31,datasets/df_2024_proportional/batch_0007/images/8acf7225db44a6b451205efe4ed03834a295748b.jpg,https://raw.githubusercontent.com/GUIA-DD/dataset-streetview/main/datasets/df_2024_proportional/batch_0007/images/8acf7225db44a6b451205efe4ed03834a295748b.jpg,True,downloaded,
0a39ebb4e144dea19f1095b73d21416438ba1cbf,8a6155c229276bf563364b03269c263c2dc8c38c,-15.793831900004225,-48.13454940006379,-15.79383259077119,-48.13455316387974,2026-01,2026,bvkiRQYK1IFFdZnel6utGw,154.7627034508333,© Google,OK,3_5,164144.20371169664,8251367.270331998,40d483162ac4514110014bbad6959f207c7cf1b3,cardinal,4,3,270_deg_west,cardinal,270,0,90,640,640,7,batch_0007,32,datasets/df_2024_proportional/batch_0007/images/40d483162ac4514110014bbad6959f207c7cf1b3.jpg,https://raw.githubusercontent.com/GUIA-DD/dataset-streetview/main/datasets/df_2024_proportional/batch_0007/images/40d483162ac4514110014bbad6959f207c7cf1b3.jpg,True,downloaded,
0bc9cca6bfd36ba593397d687078d34f368ae63c,1fec026aa17c7bc0e2e8c6a918f14ea27b2286c4,-15.871214788966746,-48.091332541279066,-15.87121412495195,-48.09133461406877,2025-06,2025,newNYmvQFBJbSjFHAKBfHg,63.72537490484184,© Google,OK,3_4,168904.89772645535,8242865.6547966255,28d52c1573f3a6738a05384b29b08c80088c3985,cardinal,4,0,0_deg_north,cardinal,0,0,90,640,640,7,batch_0007,33,datasets/df_2024_proportional/batch_0007/images/28d52c1573f3a6738a05384b29b08c80088c3985.jpg,https://raw.githubusercontent.com/GUIA-DD/dataset-streetview/main/datasets/df_2024_proportional/batch_0007/images/28d52c1573f3a6738a05384b29b08c80088c3985.jpg,True,downloaded,
0bc9cca6bfd36ba593397d687078d34f368ae63c,1fec026aa17c7bc0e2e8c6a918f14ea27b2286c4,-15.871214788966746,-48.091332541279066,-15.87121412495195,-48.09133461406877,2025-06,2025,newNYmvQFBJbSjFHAKBfHg,63.72537490484184,© Google,OK,3_4,168904.89772645535,8242865.6547966255,f7f554e0b8a7e36b8915cf1ce3dc5c90b97cc476,cardinal,4,1,90_deg_east,cardinal,90,0,90,640,640,7,batch_0007,34,datasets/df_2024_proportional/batch_0007/images/f7f554e0b8a7e36b8915cf1ce3dc5c90b97cc476.jpg,https://raw.githubusercontent.com/GUIA-DD/dataset-streetview/main/datasets/df_2024_proportional/batch_0007/images/f7f554e0b8a7e36b8915cf1ce3dc5c90b97cc476.jpg,True,downloaded,
0bc9cca6bfd36ba593397d687078d34f368ae63c,1fec026aa17c7bc0e2e8c6a918f14ea27b2286c4,-15.871214788966746,-48.091332541279066,-15.87121412495195,-48.09133461406877,2025-06,2025,newNYmvQFBJbSjFHAKBfHg,63.72537490484184,© Google,OK,3_4,168904.89772645535,8242865.6547966255,db0c825b4fb3a7ecb0b3cce5fb9e1ad8945dedc4,cardinal,4,2,180_deg_south,cardinal,180,0,90,640,640,7,batch_0007,35,datasets/df_2024_proportional/batch_0007/images/db0c825b4fb3a7ecb0b3cce5fb9e1ad8945dedc4.jpg,https://raw.githubusercontent.com/GUIA-DD/dataset-streetview/main/datasets/df_2024_proportional/batch_0007/images/db0c825b4fb3a7ecb0b3cce5fb9e1ad8945dedc4.jpg,True,downloaded,
0bc9cca6bfd36ba593397d687078d34f368ae63c,1fec026aa17c7bc0e2e8c6a918f14ea27b2286c4,-15.871214788966746,-48.091332541279066,-15.87121412495195,-48.09133461406877,2025-06,2025,newNYmvQFBJbSjFHAKBfHg,63.72537490484184,© Google,OK,3_4,168904.89772645535,8242865.6547966255,e03d6b78a1b5373c3ac719b7d056431af181ed2d,cardinal,4,3,270_deg_west,cardinal,270,0,90,640,640,7,batch_0007,36,datasets/df_2024_proportional/batch_0007/images/e03d6b78a1b5373c3ac719b7d056431af181ed2d.jpg,https://raw.githubusercontent.com/GUIA-DD/dataset-streetview/main/datasets/df_2024_proportional/batch_0007/images/e03d6b78a1b5373c3ac719b7d056431af181ed2d.jpg,True,downloaded,
0ec41ead30437c662926cc9cf5faa6b2df51e2e7,23966449bc2a329317a0bef862e35f8204cb2b8c,-15.794495900127352,-48.04983900002452,-15.79448846572679,-48.04987694249128,2024-09,2024,p-n5sNZG9BDwjxS-kvAf1Q,89.29498043472397,© Google,OK,4_5,173229.14619640078,8251427.300339544,f9282597856bc64ef12e3b0308a57257aef61b27,cardinal,4,0,0_deg_north,cardinal,0,0,90,640,640,7,batch_0007,37,datasets/df_2024_proportional/batch_0007/images/f9282597856bc64ef12e3b0308a57257aef61b27.jpg,https://raw.githubusercontent.com/GUIA-DD/dataset-streetview/main/datasets/df_2024_proportional/batch_0007/images/f9282597856bc64ef12e3b0308a57257aef61b27.jpg,True,downloaded,
0ec41ead30437c662926cc9cf5faa6b2df51e2e7,23966449bc2a329317a0bef862e35f8204cb2b8c,-15.794495900127352,-48.04983900002452,-15.79448846572679,-48.04987694249128,2024-09,2024,p-n5sNZG9BDwjxS-kvAf1Q,89.29498043472397,© Google,OK,4_5,173229.14619640078,8251427.300339544,649ef31342667cb3bad9182afc8a056579539846,cardinal,4,1,90_deg_east,cardinal,90,0,90,640,640,7,batch_0007,38,datasets/df_2024_proportional/batch_0007/images/649ef31342667cb3bad9182afc8a056579539846.jpg,https://raw.githubusercontent.com/GUIA-DD/dataset-streetview/main/datasets/df_2024_proportional/batch_0007/images/649ef31342667cb3bad9182afc8a056579539846.jpg,True,downloaded,
0ec41ead30437c662926cc9cf5faa6b2df51e2e7,23966449bc2a329317a0bef862e35f8204cb2b8c,-15.794495900127352,-48.04983900002452,-15.79448846572679,-48.04987694249128,2024-09,2024,p-n5sNZG9BDwjxS-kvAf1Q,89.29498043472397,© Google,OK,4_5,173229.14619640078,8251427.300339544,2f7cdd568de9f8ad41ef51037d09b6ce7c027de2,cardinal,4,2,180_deg_south,cardinal,180,0,90,640,640,7,batch_0007,39,datasets/df_2024_proportional/batch_0007/images/2f7cdd568de9f8ad41ef51037d09b6ce7c027de2.jpg,https://raw.githubusercontent.com/GUIA-DD/dataset-streetview/main/datasets/df_2024_proportional/batch_0007/images/2f7cdd568de9f8ad41ef51037d09b6ce7c027de2.jpg,True,downloaded,
0ec41ead30437c662926cc9cf5faa6b2df51e2e7,23966449bc2a329317a0bef862e35f8204cb2b8c,-15.794495900127352,-48.04983900002452,-15.79448846572679,-48.04987694249128,2024-09,2024,p-n5sNZG9BDwjxS-kvAf1Q,89.29498043472397,© Google,OK,4_5,173229.14619640078,8251427.300339544,7a86b7b18eca70f27e865a3935f15a814e28c548,cardinal,4,3,270_deg_west,cardinal,270,0,90,640,640,7,batch_0007,40,datasets/df_2024_proportional/batch_0007/images/7a86b7b18eca70f27e865a3935f15a814e28c548.jpg,https://raw.githubusercontent.com/GUIA-DD/dataset-streetview/main/datasets/df_2024_proportional/batch_0007/images/7a86b7b18eca70f27e865a3935f15a814e28c548.jpg,True,downloaded,
102925af4983eb27a5ade92e36cdc267082153a8,11c1e4abe63663ffb194ec78cfb0160f0494bf1d,-15.6733523005996,-47.64759254961086,-15.67334276669066,-47.64755536534974,2024-08,2024,94hYbIbqc591Gjz7Br1IjQ,66.35071166837909,© Google,OK,13_8,216187.4312354808,8265423.620473044,da97b0a2b5931547851ed925598d519326ecef80,cardinal,4,0,0_deg_north,cardinal,0,0,90,640,640,7,batch_0007,41,datasets/df_2024_proportional/batch_0007/images/da97b0a2b5931547851ed925598d519326ecef80.jpg,https://raw.githubusercontent.com/GUIA-DD/dataset-streetview/main/datasets/df_2024_proportional/batch_0007/images/da97b0a2b5931547851ed925598d519326ecef80.jpg,True,downloaded,
102925af4983eb27a5ade92e36cdc267082153a8,11c1e4abe63663ffb194ec78cfb0160f0494bf1d,-15.6733523005996,-47.64759254961086,-15.67334276669066,-47.64755536534974,2024-08,2024,94hYbIbqc591Gjz7Br1IjQ,66.35071166837909,© Google,OK,13_8,216187.4312354808,8265423.620473044,5652b29ee8ba3deb03ec761b9e36b55343105fef,cardinal,4,1,90_deg_east,cardinal,90,0,90,640,640,7,batch_0007,42,datasets/df_2024_proportional/batch_0007/images/5652b29ee8ba3deb03ec761b9e36b55343105fef.jpg,https://raw.githubusercontent.com/GUIA-DD/dataset-streetview/main/datasets/df_2024_proportional/batch_0007/images/5652b29ee8ba3deb03ec761b9e36b55343105fef.jpg,True,downloaded,
102925af4983eb27a5ade92e36cdc267082153a8,11c1e4abe63663ffb194ec78cfb0160f0494bf1d,-15.6733523005996,-47.64759254961086,-15.67334276669066,-47.64755536534974,2024-08,2024,94hYbIbqc591Gjz7Br1IjQ,66.35071166837909,© Google,OK,13_8,216187.4312354808,8265423.620473044,034f2e2af4e7063d9c3e5ddab65493c51c0528cc,cardinal,4,2,180_deg_south,cardinal,180,0,90,640,640,7,batch_0007,43,datasets/df_2024_proportional/batch_0007/images/034f2e2af4e7063d9c3e5ddab65493c51c0528cc.jpg,https://raw.githubusercontent.com/GUIA-DD/dataset-streetview/main/datasets/df_2024_proportional/batch_0007/images/034f2e2af4e7063d9c3e5ddab65493c51c0528cc.jpg,True,downloaded,
102925af4983eb27a5ade92e36cdc267082153a8,11c1e4abe63663ffb194ec78cfb0160f0494bf1d,-15.6733523005996,-47.64759254961086,-15.67334276669066,-47.64755536534974,2024-08,2024,94hYbIbqc591Gjz7Br1IjQ,66.35071166837909,© Google,OK,13_8,216187.4312354808,8265423.620473044,4d63d586554161498603c3b216ca0636daf432cf,cardinal,4,3,270_deg_west,cardinal,270,0,90,640,640,7,batch_0007,44,datasets/df_2024_proportional/batch_0007/images/4d63d586554161498603c3b216ca0636daf432cf.jpg,https://raw.githubusercontent.com/GUIA-DD/dataset-streetview/main/datasets/df_2024_proportional/batch_0007/images/4d63d586554161498603c3b216ca0636daf432cf.jpg,True,downloaded,
1032d05a39c6fad0024cc4c7fa7240f1c05f1609,8769325138b4e849d58d8b336b3aaf45762a2a8d,-16.00769890000053,-48.053431149995326,-16.00768626692691,-48.05342194369834,2025-05,2025,Ej5ioP4oztPkfpfECSgUMQ,1.0596623635639355,© Google,OK,4_1,173189.0440960423,8227809.920666549,e1000fd2d90f1e2dcb4b7c5dc627b368e1eabf11,cardinal,4,0,0_deg_north,cardinal,0,0,90,640,640,7,batch_0007,45,datasets/df_2024_proportional/batch_0007/images/e1000fd2d90f1e2dcb4b7c5dc627b368e1eabf11.jpg,https://raw.githubusercontent.com/GUIA-DD/dataset-streetview/main/datasets/df_2024_proportional/batch_0007/images/e1000fd2d90f1e2dcb4b7c5dc627b368e1eabf11.jpg,True,downloaded,
1032d05a39c6fad0024cc4c7fa7240f1c05f1609,8769325138b4e849d58d8b336b3aaf45762a2a8d,-16.00769890000053,-48.053431149995326,-16.00768626692691,-48.05342194369834,2025-05,2025,Ej5ioP4oztPkfpfECSgUMQ,1.0596623635639355,© Google,OK,4_1,173189.0440960423,8227809.920666549,f6289e9e9c6f025bea842c49f8fafe3059719553,cardinal,4,1,90_deg_east,cardinal,90,0,90,640,640,7,batch_0007,46,datasets/df_2024_proportional/batch_0007/images/f6289e9e9c6f025bea842c49f8fafe3059719553.jpg,https://raw.githubusercontent.com/GUIA-DD/dataset-streetview/main/datasets/df_2024_proportional/batch_0007/images/f6289e9e9c6f025bea842c49f8fafe3059719553.jpg,True,downloaded,
1032d05a39c6fad0024cc4c7fa7240f1c05f1609,8769325138b4e849d58d8b336b3aaf45762a2a8d,-16.00769890000053,-48.053431149995326,-16.00768626692691,-48.05342194369834,2025-05,2025,Ej5ioP4oztPkfpfECSgUMQ,1.0596623635639355,© Google,OK,4_1,173189.0440960423,8227809.920666549,10e85e3b6a85d496c771c2f11338bd415f0d32e6,cardinal,4,2,180_deg_south,cardinal,180,0,90,640,640,7,batch_0007,47,datasets/df_2024_proportional/batch_0007/images/10e85e3b6a85d496c771c2f11338bd415f0d32e6.jpg,https://raw.githubusercontent.com/GUIA-DD/dataset-streetview/main/datasets/df_2024_proportional/batch_0007/images/10e85e3b6a85d496c771c2f11338bd415f0d32e6.jpg,True,downloaded,
1032d05a39c6fad0024cc4c7fa7240f1c05f1609,8769325138b4e849d58d8b336b3aaf45762a2a8d,-16.00769890000053,-48.053431149995326,-16.00768626692691,-48.05342194369834,2025-05,2025,Ej5ioP4oztPkfpfECSgUMQ,1.0596623635639355,© Google,OK,4_1,173189.0440960423,8227809.920666549,b1ad18fd517feae8d3fd1556789c5bfa7ad0931f,cardinal,4,3,270_deg_west,cardinal,270,0,90,640,640,7,batch_0007,48,datasets/df_2024_proportional/batch_0007/images/b1ad18fd517feae8d3fd1556789c5bfa7ad0931f.jpg,https://raw.githubusercontent.com/GUIA-DD/dataset-streetview/main/datasets/df_2024_proportional/batch_0007/images/b1ad18fd517feae8d3fd1556789c5bfa7ad0931f.jpg,True,downloaded,
1077d1418c602048b453312f80009956b513d1a7,7804dcb139818bed6a8a605e0f1bb56d3056efb5,-15.854263849997484,-48.11382090006324,-15.85423202566662,-48.1138374196936,2026-01,2026,D3tVN2AMkLp6XPlX6tji_g,344.9586997854747,© Google,OK,3_4,166466.35714058895,8244707.288675201,a39efabe4ab3c33d97d9bb4f7bf4148b8b6c46bf,cardinal,4,0,0_deg_north,cardinal,0,0,90,640,640,7,batch_0007,49,datasets/df_2024_proportional/batch_0007/images/a39efabe4ab3c33d97d9bb4f7bf4148b8b6c46bf.jpg,https://raw.githubusercontent.com/GUIA-DD/dataset-streetview/main/datasets/df_2024_proportional/batch_0007/images/a39efabe4ab3c33d97d9bb4f7bf4148b8b6c46bf.jpg,True,downloaded,
1077d1418c602048b453312f80009956b513d1a7,7804dcb139818bed6a8a605e0f1bb56d3056efb5,-15.854263849997484,-48.11382090006324,-15.85423202566662,-48.1138374196936,2026-01,2026,D3tVN2AMkLp6XPlX6tji_g,344.9586997854747,© Google,OK,3_4,166466.35714058895,8244707.288675201,d385cec96f9d9a0625da2b7f41a46f48da18eed0,cardinal,4,1,90_deg_east,cardinal,90,0,90,640,640,7,batch_0007,50,datasets/df_2024_proportional/batch_0007/images/d385cec96f9d9a0625da2b7f41a46f48da18eed0.jpg,https://raw.githubusercontent.com/GUIA-DD/dataset-streetview/main/datasets/df_2024_proportional/batch_0007/images/d385cec96f9d9a0625da2b7f41a46f48da18eed0.jpg,True,downloaded,
1077d1418c602048b453312f80009956b513d1a7,7804dcb139818bed6a8a605e0f1bb56d3056efb5,-15.854263849997484,-48.11382090006324,-15.85423202566662,-48.1138374196936,2026-01,2026,D3tVN2AMkLp6XPlX6tji_g,344.9586997854747,© Google,OK,3_4,166466.35714058895,8244707.288675201,915c4d8919907329019f0e989380b241a6606568,cardinal,4,2,180_deg_south,cardinal,180,0,90,640,640,7,batch_0007,51,datasets/df_2024_proportional/batch_0007/images/915c4d8919907329019f0e989380b241a6606568.jpg,https://raw.githubusercontent.com/GUIA-DD/dataset-streetview/main/datasets/df_2024_proportional/batch_0007/images/915c4d8919907329019f0e989380b241a6606568.jpg,True,downloaded,
1077d1418c602048b453312f80009956b513d1a7,7804dcb139818bed6a8a605e0f1bb56d3056efb5,-15.854263849997484,-48.11382090006324,-15.85423202566662,-48.1138374196936,2026-01,2026,D3tVN2AMkLp6XPlX6tji_g,344.9586997854747,© Google,OK,3_4,166466.35714058895,8244707.288675201,9bd4db4a27fec13696ac38bc9224725f68bda75d,cardinal,4,3,270_deg_west,cardinal,270,0,90,640,640,7,batch_0007,52,datasets/df_2024_proportional/batch_0007/images/9bd4db4a27fec13696ac38bc9224725f68bda75d.jpg,https://raw.githubusercontent.com/GUIA-DD/dataset-streetview/main/datasets/df_2024_proportional/batch_0007/images/9bd4db4a27fec13696ac38bc9224725f68bda75d.jpg,True,downloaded,
11f551414f11bde2779395645177865bf394cbf6,7628167be88b119ca7ef63e68bdfce725aba170f,-16.013329850002513,-48.061613349992285,-16.01329403636998,-48.06160567291652,2025-05,2025,KYOG6IcGvjiEEpB8lJEY0g,21.05046534709116,© Google,OK,4_0,172321.78625477612,8227173.385665098,0da369500b025d8847c961f233ac1970053f2499,cardinal,4,0,0_deg_north,cardinal,0,0,90,640,640,7,batch_0007,53,datasets/df_2024_proportional/batch_0007/images/0da369500b025d8847c961f233ac1970053f2499.jpg,https://raw.githubusercontent.com/GUIA-DD/dataset-streetview/main/datasets/df_2024_proportional/batch_0007/images/0da369500b025d8847c961f233ac1970053f2499.jpg,True,downloaded,
11f551414f11bde2779395645177865bf394cbf6,7628167be88b119ca7ef63e68bdfce725aba170f,-16.013329850002513,-48.061613349992285,-16.01329403636998,-48.06160567291652,2025-05,2025,KYOG6IcGvjiEEpB8lJEY0g,21.05046534709116,© Google,OK,4_0,172321.78625477612,8227173.385665098,8802ca9de6a963ac16ee708085ed2a0ea9bd2276,cardinal,4,1,90_deg_east,cardinal,90,0,90,640,640,7,batch_0007,54,datasets/df_2024_proportional/batch_0007/images/8802ca9de6a963ac16ee708085ed2a0ea9bd2276.jpg,https://raw.githubusercontent.com/GUIA-DD/dataset-streetview/main/datasets/df_2024_proportional/batch_0007/images/8802ca9de6a963ac16ee708085ed2a0ea9bd2276.jpg,True,downloaded,
11f551414f11bde2779395645177865bf394cbf6,7628167be88b119ca7ef63e68bdfce725aba170f,-16.013329850002513,-48.061613349992285,-16.01329403636998,-48.06160567291652,2025-05,2025,KYOG6IcGvjiEEpB8lJEY0g,21.05046534709116,© Google,OK,4_0,172321.78625477612,8227173.385665098,6dd87be619471c49f4d3417d74a2ce539370e7b5,cardinal,4,2,180_deg_south,cardinal,180,0,90,640,640,7,batch_0007,55,datasets/df_2024_proportional/batch_0007/images/6dd87be619471c49f4d3417d74a2ce539370e7b5.jpg,https://raw.githubusercontent.com/GUIA-DD/dataset-streetview/main/datasets/df_2024_proportional/batch_0007/images/6dd87be619471c49f4d3417d74a2ce539370e7b5.jpg,True,downloaded,
11f551414f11bde2779395645177865bf394cbf6,7628167be88b119ca7ef63e68bdfce725aba170f,-16.013329850002513,-48.061613349992285,-16.01329403636998,-48.06160567291652,2025-05,2025,KYOG6IcGvjiEEpB8lJEY0g,21.05046534709116,© Google,OK,4_0,172321.78625477612,8227173.385665098,fa93405b9b2d83496f84bb7a42e9ed831853ea47,cardinal,4,3,270_deg_west,cardinal,270,0,90,640,640,7,batch_0007,56,datasets/df_2024_proportional/batch_0007/images/fa93405b9b2d83496f84bb7a42e9ed831853ea47.jpg,https://raw.githubusercontent.com/GUIA-DD/dataset-streetview/main/datasets/df_2024_proportional/batch_0007/images/fa93405b9b2d83496f84bb7a42e9ed831853ea47.jpg,True,downloaded,
156855cb64a1d261d4063ce9c19a843a2b4d91d3,794f51ab525da90bb714df647e04c7cbc3a3251c,-15.632084250004452,-47.64039554992314,-15.63210099850091,-47.64036963547007,2024-08,2024,FR4G_TWeYq_vvxIsOcWYIg,356.5712424727678,© Google,OK,13_9,216902.5460751721,8270002.119108504,a3786479d85b1a55c1eddb202e8b33486581bf92,cardinal,4,0,0_deg_north,cardinal,0,0,90,640,640,7,batch_0007,57,datasets/df_2024_proportional/batch_0007/images/a3786479d85b1a55c1eddb202e8b33486581bf92.jpg,https://raw.githubusercontent.com/GUIA-DD/dataset-streetview/main/datasets/df_2024_proportional/batch_0007/images/a3786479d85b1a55c1eddb202e8b33486581bf92.jpg,True,downloaded,
156855cb64a1d261d4063ce9c19a843a2b4d91d3,794f51ab525da90bb714df647e04c7cbc3a3251c,-15.632084250004452,-47.64039554992314,-15.63210099850091,-47.64036963547007,2024-08,2024,FR4G_TWeYq_vvxIsOcWYIg,356.5712424727678,© Google,OK,13_9,216902.5460751721,8270002.119108504,b1be47b6b1603f24ba7972c2e9f1d983c74d3a70,cardinal,4,1,90_deg_east,cardinal,90,0,90,640,640,7,batch_0007,58,datasets/df_2024_proportional/batch_0007/images/b1be47b6b1603f24ba7972c2e9f1d983c74d3a70.jpg,https://raw.githubusercontent.com/GUIA-DD/dataset-streetview/main/datasets/df_2024_proportional/batch_0007/images/b1be47b6b1603f24ba7972c2e9f1d983c74d3a70.jpg,True,downloaded,
156855cb64a1d261d4063ce9c19a843a2b4d91d3,794f51ab525da90bb714df647e04c7cbc3a3251c,-15.632084250004452,-47.64039554992314,-15.63210099850091,-47.64036963547007,2024-08,2024,FR4G_TWeYq_vvxIsOcWYIg,356.5712424727678,© Google,OK,13_9,216902.5460751721,8270002.119108504,6fb20223edfcba6452a5409d4e1ed56b8244f28d,cardinal,4,2,180_deg_south,cardinal,180,0,90,640,640,7,batch_0007,59,datasets/df_2024_proportional/batch_0007/images/6fb20223edfcba6452a5409d4e1ed56b8244f28d.jpg,https://raw.githubusercontent.com/GUIA-DD/dataset-streetview/main/datasets/df_2024_proportional/batch_0007/images/6fb20223edfcba6452a5409d4e1ed56b8244f28d.jpg,True,downloaded,
156855cb64a1d261d4063ce9c19a843a2b4d91d3,794f51ab525da90bb714df647e04c7cbc3a3251c,-15.632084250004452,-47.64039554992314,-15.63210099850091,-47.64036963547007,2024-08,2024,FR4G_TWeYq_vvxIsOcWYIg,356.5712424727678,© Google,OK,13_9,216902.5460751721,8270002.119108504,75c5c0f0c16239e1e76850b2e861f60e37e3c744,cardinal,4,3,270_deg_west,cardinal,270,0,90,640,640,7,batch_0007,60,datasets/df_2024_proportional/batch_0007/images/75c5c0f0c16239e1e76850b2e861f60e37e3c744.jpg,https://raw.githubusercontent.com/GUIA-DD/dataset-streetview/main/datasets/df_2024_proportional/batch_0007/images/75c5c0f0c16239e1e76850b2e861f60e37e3c744.jpg,True,downloaded,
158b23dd9eb10c630f0cdc9074301558c3b9ed52,1532420be2963f9be410ac6d69a4339831bbd2d5,-15.85206450000268,-47.944943850051686,-15.85209283224708,-47.94493018072249,2024-06,2024,8bYQHFqROdyp-FhT-WGsoA,157.58703999903594,© Google,OK,7_4,184566.0647847762,8245212.577475421,5ceb4fe10e19cd8706db9520405c05a5fa8d9600,cardinal,4,0,0_deg_north,cardinal,0,0,90,640,640,7,batch_0007,61,datasets/df_2024_proportional/batch_0007/images/5ceb4fe10e19cd8706db9520405c05a5fa8d9600.jpg,https://raw.githubusercontent.com/GUIA-DD/dataset-streetview/main/datasets/df_2024_proportional/batch_0007/images/5ceb4fe10e19cd8706db9520405c05a5fa8d9600.jpg,True,downloaded,
158b23dd9eb10c630f0cdc9074301558c3b9ed52,1532420be2963f9be410ac6d69a4339831bbd2d5,-15.85206450000268,-47.944943850051686,-15.85209283224708,-47.94493018072249,2024-06,2024,8bYQHFqROdyp-FhT-WGsoA,157.58703999903594,© Google,OK,7_4,184566.0647847762,8245212.577475421,873b54f8c1a53e8f9fd85af6c0dd27f69ff98b50,cardinal,4,1,90_deg_east,cardinal,90,0,90,640,640,7,batch_0007,62,datasets/df_2024_proportional/batch_0007/images/873b54f8c1a53e8f9fd85af6c0dd27f69ff98b50.jpg,https://raw.githubusercontent.com/GUIA-DD/dataset-streetview/main/datasets/df_2024_proportional/batch_0007/images/873b54f8c1a53e8f9fd85af6c0dd27f69ff98b50.jpg,True,downloaded,
158b23dd9eb10c630f0cdc9074301558c3b9ed52,1532420be2963f9be410ac6d69a4339831bbd2d5,-15.85206450000268,-47.944943850051686,-15.85209283224708,-47.94493018072249,2024-06,2024,8bYQHFqROdyp-FhT-WGsoA,157.58703999903594,© Google,OK,7_4,184566.0647847762,8245212.577475421,6c7d518eec7a0565fb63cb1a3180fba454a72e4d,cardinal,4,2,180_deg_south,cardinal,180,0,90,640,640,7,batch_0007,63,datasets/df_2024_proportional/batch_0007/images/6c7d518eec7a0565fb63cb1a3180fba454a72e4d.jpg,https://raw.githubusercontent.com/GUIA-DD/dataset-streetview/main/datasets/df_2024_proportional/batch_0007/images/6c7d518eec7a0565fb63cb1a3180fba454a72e4d.jpg,True,downloaded,
158b23dd9eb10c630f0cdc9074301558c3b9ed52,1532420be2963f9be410ac6d69a4339831bbd2d5,-15.85206450000268,-47.944943850051686,-15.85209283224708,-47.94493018072249,2024-06,2024,8bYQHFqROdyp-FhT-WGsoA,157.58703999903594,© Google,OK,7_4,184566.0647847762,8245212.577475421,641a9f9b05f844aa4c67717e3e38b1082e6b4b2a,cardinal,4,3,270_deg_west,cardinal,270,0,90,640,640,7,batch_0007,64,datasets/df_2024_proportional/batch_0007/images/641a9f9b05f844aa4c67717e3e38b1082e6b4b2a.jpg,https://raw.githubusercontent.com/GUIA-DD/dataset-streetview/main/datasets/df_2024_proportional/batch_0007/images/641a9f9b05f844aa4c67717e3e38b1082e6b4b2a.jpg,True,downloaded,
1682cd02ed5d521d2dd99387f1bddc77b58511d8,685f9b958541677bc46cb64857bd2af7ce7c0089,-16.006719999991297,-47.98706310013896,-16.00668845322936,-47.9870683676009,2025-01,2025,aoyOpqFtxDzTj0to8kbYTw,348.13862051587404,© Google,OK,6_1,180296.46293066337,8228021.764463535,5e64ecceca18d64b987d2c493c940486cfc96e44,cardinal,4,0,0_deg_north,cardinal,0,0,90,640,640,7,batch_0007,65,datasets/df_2024_proportional/batch_0007/images/5e64ecceca18d64b987d2c493c940486cfc96e44.jpg,https://raw.githubusercontent.com/GUIA-DD/dataset-streetview/main/datasets/df_2024_proportional/batch_0007/images/5e64ecceca18d64b987d2c493c940486cfc96e44.jpg,True,downloaded,
1682cd02ed5d521d2dd99387f1bddc77b58511d8,685f9b958541677bc46cb64857bd2af7ce7c0089,-16.006719999991297,-47.98706310013896,-16.00668845322936,-47.9870683676009,2025-01,2025,aoyOpqFtxDzTj0to8kbYTw,348.13862051587404,© Google,OK,6_1,180296.46293066337,8228021.764463535,12da48e4ef5249e370a99547e093ac921c04a193,cardinal,4,1,90_deg_east,cardinal,90,0,90,640,640,7,batch_0007,66,datasets/df_2024_proportional/batch_0007/images/12da48e4ef5249e370a99547e093ac921c04a193.jpg,https://raw.githubusercontent.com/GUIA-DD/dataset-streetview/main/datasets/df_2024_proportional/batch_0007/images/12da48e4ef5249e370a99547e093ac921c04a193.jpg,True,downloaded,
1682cd02ed5d521d2dd99387f1bddc77b58511d8,685f9b958541677bc46cb64857bd2af7ce7c0089,-16.006719999991297,-47.98706310013896,-16.00668845322936,-47.9870683676009,2025-01,2025,aoyOpqFtxDzTj0to8kbYTw,348.13862051587404,© Google,OK,6_1,180296.46293066337,8228021.764463535,bf356b25e8afad65e6468901ea6a1f07fb3cab62,cardinal,4,2,180_deg_south,cardinal,180,0,90,640,640,7,batch_0007,67,datasets/df_2024_proportional/batch_0007/images/bf356b25e8afad65e6468901ea6a1f07fb3cab62.jpg,https://raw.githubusercontent.com/GUIA-DD/dataset-streetview/main/datasets/df_2024_proportional/batch_0007/images/bf356b25e8afad65e6468901ea6a1f07fb3cab62.jpg,True,downloaded,
1682cd02ed5d521d2dd99387f1bddc77b58511d8,685f9b958541677bc46cb64857bd2af7ce7c0089,-16.006719999991297,-47.98706310013896,-16.00668845322936,-47.9870683676009,2025-01,2025,aoyOpqFtxDzTj0to8kbYTw,348.13862051587404,© Google,OK,6_1,180296.46293066337,8228021.764463535,ca69c83fe05267258c6b4410bda2964e78449d02,cardinal,4,3,270_deg_west,cardinal,270,0,90,640,640,7,batch_0007,68,datasets/df_2024_proportional/batch_0007/images/ca69c83fe05267258c6b4410bda2964e78449d02.jpg,https://raw.githubusercontent.com/GUIA-DD/dataset-streetview/main/datasets/df_2024_proportional/batch_0007/images/ca69c83fe05267258c6b4410bda2964e78449d02.jpg,True,downloaded,
170f270c93b0842957e04f2b39f9c60eadaa1d4a,1ba46b4b4334c5a1d8faa2b7371ce224760d05f3,-15.824282450007976,-47.904151700018254,-15.82429994078066,-47.90415588870771,2024-05,2024,hDPHEH9xGbp1rggkD7lFHQ,307.3225319101749,© Google,OK,7_5,188895.9599964046,8248350.029795568,03b026f52cd8210520fca72986d6aee7d9cbe290,cardinal,4,0,0_deg_north,cardinal,0,0,90,640,640,7,batch_0007,69,datasets/df_2024_proportional/batch_0007/images/03b026f52cd8210520fca72986d6aee7d9cbe290.jpg,https://raw.githubusercontent.com/GUIA-DD/dataset-streetview/main/datasets/df_2024_proportional/batch_0007/images/03b026f52cd8210520fca72986d6aee7d9cbe290.jpg,True,downloaded,
170f270c93b0842957e04f2b39f9c60eadaa1d4a,1ba46b4b4334c5a1d8faa2b7371ce224760d05f3,-15.824282450007976,-47.904151700018254,-15.82429994078066,-47.90415588870771,2024-05,2024,hDPHEH9xGbp1rggkD7lFHQ,307.3225319101749,© Google,OK,7_5,188895.9599964046,8248350.029795568,692dd9ba8b60953cfc9e4f269e443dc8e07f6fa8,cardinal,4,1,90_deg_east,cardinal,90,0,90,640,640,7,batch_0007,70,datasets/df_2024_proportional/batch_0007/images/692dd9ba8b60953cfc9e4f269e443dc8e07f6fa8.jpg,https://raw.githubusercontent.com/GUIA-DD/dataset-streetview/main/datasets/df_2024_proportional/batch_0007/images/692dd9ba8b60953cfc9e4f269e443dc8e07f6fa8.jpg,True,downloaded,
170f270c93b0842957e04f2b39f9c60eadaa1d4a,1ba46b4b4334c5a1d8faa2b7371ce224760d05f3,-15.824282450007976,-47.904151700018254,-15.82429994078066,-47.90415588870771,2024-05,2024,hDPHEH9xGbp1rggkD7lFHQ,307.3225319101749,© Google,OK,7_5,188895.9599964046,8248350.029795568,d4954efe69f461c818ea5d81bcccf285c1a34cae,cardinal,4,2,180_deg_south,cardinal,180,0,90,640,640,7,batch_0007,71,datasets/df_2024_proportional/batch_0007/images/d4954efe69f461c818ea5d81bcccf285c1a34cae.jpg,https://raw.githubusercontent.com/GUIA-DD/dataset-streetview/main/datasets/df_2024_proportional/batch_0007/images/d4954efe69f461c818ea5d81bcccf285c1a34cae.jpg,True,downloaded,
170f270c93b0842957e04f2b39f9c60eadaa1d4a,1ba46b4b4334c5a1d8faa2b7371ce224760d05f3,-15.824282450007976,-47.904151700018254,-15.82429994078066,-47.90415588870771,2024-05,2024,hDPHEH9xGbp1rggkD7lFHQ,307.3225319101749,© Google,OK,7_5,188895.9599964046,8248350.029795568,3ba7870c698aad3fbd7c6f947b857618cb5bfbd5,cardinal,4,3,270_deg_west,cardinal,270,0,90,640,640,7,batch_0007,72,datasets/df_2024_proportional/batch_0007/images/3ba7870c698aad3fbd7c6f947b857618cb5bfbd5.jpg,https://raw.githubusercontent.com/GUIA-DD/dataset-streetview/main/datasets/df_2024_proportional/batch_0007/images/3ba7870c698aad3fbd7c6f947b857618cb5bfbd5.jpg,True,downloaded,
171cb11fc91a7e021ef7e50a30438535c4c12b27,93525d9bd2ebfb767984f677de60ddf6f3c7c097,-15.805329192101564,-48.13679556705714,-15.80533606200695,-48.13675489551242,2026-01,2026,To5XiXPOvRx8m3jfYQm7Nw,253.12358569870185,© Google,OK,2_5,163922.32926881444,8250090.300094108,1ef738ef7be403ba8bcb5e331c8f8c16ec435292,cardinal,4,0,0_deg_north,cardinal,0,0,90,640,640,7,batch_0007,73,datasets/df_2024_proportional/batch_0007/images/1ef738ef7be403ba8bcb5e331c8f8c16ec435292.jpg,https://raw.githubusercontent.com/GUIA-DD/dataset-streetview/main/datasets/df_2024_proportional/batch_0007/images/1ef738ef7be403ba8bcb5e331c8f8c16ec435292.jpg,True,downloaded,
171cb11fc91a7e021ef7e50a30438535c4c12b27,93525d9bd2ebfb767984f677de60ddf6f3c7c097,-15.805329192101564,-48.13679556705714,-15.80533606200695,-48.13675489551242,2026-01,2026,To5XiXPOvRx8m3jfYQm7Nw,253.12358569870185,© Google,OK,2_5,163922.32926881444,8250090.300094108,bd83f855e0f7881accc58c1777f56ff039ced63b,cardinal,4,1,90_deg_east,cardinal,90,0,90,640,640,7,batch_0007,74,datasets/df_2024_proportional/batch_0007/images/bd83f855e0f7881accc58c1777f56ff039ced63b.jpg,https://raw.githubusercontent.com/GUIA-DD/dataset-streetview/main/datasets/df_2024_proportional/batch_0007/images/bd83f855e0f7881accc58c1777f56ff039ced63b.jpg,True,downloaded,
171cb11fc91a7e021ef7e50a30438535c4c12b27,93525d9bd2ebfb767984f677de60ddf6f3c7c097,-15.805329192101564,-48.13679556705714,-15.80533606200695,-48.13675489551242,2026-01,2026,To5XiXPOvRx8m3jfYQm7Nw,253.12358569870185,© Google,OK,2_5,163922.32926881444,8250090.300094108,189985d222569e1cfbf5d13c4304a1ff91258ca9,cardinal,4,2,180_deg_south,cardinal,180,0,90,640,640,7,batch_0007,75,datasets/df_2024_proportional/batch_0007/images/189985d222569e1cfbf5d13c4304a1ff91258ca9.jpg,https://raw.githubusercontent.com/GUIA-DD/dataset-streetview/main/datasets/df_2024_proportional/batch_0007/images/189985d222569e1cfbf5d13c4304a1ff91258ca9.jpg,True,downloaded,
171cb11fc91a7e021ef7e50a30438535c4c12b27,93525d9bd2ebfb767984f677de60ddf6f3c7c097,-15.805329192101564,-48.13679556705714,-15.80533606200695,-48.13675489551242,2026-01,2026,To5XiXPOvRx8m3jfYQm7Nw,253.12358569870185,© Google,OK,2_5,163922.32926881444,8250090.300094108,39833fa75f0343bfde7fbbcde888c7e6d14f3b4e,cardinal,4,3,270_deg_west,cardinal,270,0,90,640,640,7,batch_0007,76,datasets/df_2024_proportional/batch_0007/images/39833fa75f0343bfde7fbbcde888c7e6d14f3b4e.jpg,https://raw.githubusercontent.com/GUIA-DD/dataset-streetview/main/datasets/df_2024_proportional/batch_0007/images/39833fa75f0343bfde7fbbcde888c7e6d14f3b4e.jpg,True,downloaded,
17b6383320a8bc3603c951b9ccc7358a5f3b5ed4,3cd013d9cdc42f09a4bdd40bb3c7f4a3e43f94eb,-15.680244854094411,-47.83252279813164,-15.68024969629928,-47.83249543968132,2025-07,2025,O3S32ka3WKh6_37bKIK2cw,71.38533695076079,© Google,OK,9_8,196360.32545612747,8264403.937838577,330b0a5b7db39b05d4970d47d250f66ad9c98450,cardinal,4,0,0_deg_north,cardinal,0,0,90,640,640,7,batch_0007,77,datasets/df_2024_proportional/batch_0007/images/330b0a5b7db39b05d4970d47d250f66ad9c98450.jpg,https://raw.githubusercontent.com/GUIA-DD/dataset-streetview/main/datasets/df_2024_proportional/batch_0007/images/330b0a5b7db39b05d4970d47d250f66ad9c98450.jpg,True,downloaded,
17b6383320a8bc3603c951b9ccc7358a5f3b5ed4,3cd013d9cdc42f09a4bdd40bb3c7f4a3e43f94eb,-15.680244854094411,-47.83252279813164,-15.68024969629928,-47.83249543968132,2025-07,2025,O3S32ka3WKh6_37bKIK2cw,71.38533695076079,© Google,OK,9_8,196360.32545612747,8264403.937838577,74b25a5821d5051b8a2aec3d542f66e181fdf3aa,cardinal,4,1,90_deg_east,cardinal,90,0,90,640,640,7,batch_0007,78,datasets/df_2024_proportional/batch_0007/images/74b25a5821d5051b8a2aec3d542f66e181fdf3aa.jpg,https://raw.githubusercontent.com/GUIA-DD/dataset-streetview/main/datasets/df_2024_proportional/batch_0007/images/74b25a5821d5051b8a2aec3d542f66e181fdf3aa.jpg,True,downloaded,
17b6383320a8bc3603c951b9ccc7358a5f3b5ed4,3cd013d9cdc42f09a4bdd40bb3c7f4a3e43f94eb,-15.680244854094411,-47.83252279813164,-15.68024969629928,-47.83249543968132,2025-07,2025,O3S32ka3WKh6_37bKIK2cw,71.38533695076079,© Google,OK,9_8,196360.32545612747,8264403.937838577,b13bcb8e902b1c76d345faf06bfa90b0aee05e80,cardinal,4,2,180_deg_south,cardinal,180,0,90,640,640,7,batch_0007,79,datasets/df_2024_proportional/batch_0007/images/b13bcb8e902b1c76d345faf06bfa90b0aee05e80.jpg,https://raw.githubusercontent.com/GUIA-DD/dataset-streetview/main/datasets/df_2024_proportional/batch_0007/images/b13bcb8e902b1c76d345faf06bfa90b0aee05e80.jpg,True,downloaded,
17b6383320a8bc3603c951b9ccc7358a5f3b5ed4,3cd013d9cdc42f09a4bdd40bb3c7f4a3e43f94eb,-15.680244854094411,-47.83252279813164,-15.68024969629928,-47.83249543968132,2025-07,2025,O3S32ka3WKh6_37bKIK2cw,71.38533695076079,© Google,OK,9_8,196360.32545612747,8264403.937838577,4d8d6ee9f87f7a0a7f0ffb1cd42e55b902f30260,cardinal,4,3,270_deg_west,cardinal,270,0,90,640,640,7,batch_0007,80,datasets/df_2024_proportional/batch_0007/images/4d8d6ee9f87f7a0a7f0ffb1cd42e55b902f30260.jpg,https://raw.githubusercontent.com/GUIA-DD/dataset-streetview/main/datasets/df_2024_proportional/batch_0007/images/4d8d6ee9f87f7a0a7f0ffb1cd42e55b902f30260.jpg,True,downloaded,
196e06dec0be37893a846c786495889581e4ff6b,261240bc663c30acc42b036181ad27b6eb5da362,-15.795026050884774,-47.93837410082419,-15.79502519939382,-47.93839285189371,2024-05,2024,xphEyhccah5vvEkrc-pgcA,287.0629681880355,© Google,OK,7_5,185181.8764450469,8251538.751318854,8a008901d1ceda9fb13d1f5aefa795518270b985,cardinal,4,0,0_deg_north,cardinal,0,0,90,640,640,7,batch_0007,81,datasets/df_2024_proportional/batch_0007/images/8a008901d1ceda9fb13d1f5aefa795518270b985.jpg,https://raw.githubusercontent.com/GUIA-DD/dataset-streetview/main/datasets/df_2024_proportional/batch_0007/images/8a008901d1ceda9fb13d1f5aefa795518270b985.jpg,True,downloaded,
196e06dec0be37893a846c786495889581e4ff6b,261240bc663c30acc42b036181ad27b6eb5da362,-15.795026050884774,-47.93837410082419,-15.79502519939382,-47.93839285189371,2024-05,2024,xphEyhccah5vvEkrc-pgcA,287.0629681880355,© Google,OK,7_5,185181.8764450469,8251538.751318854,53abdb9b320d52bea7c47bac7bcfc3eda38d8d19,cardinal,4,1,90_deg_east,cardinal,90,0,90,640,640,7,batch_0007,82,datasets/df_2024_proportional/batch_0007/images/53abdb9b320d52bea7c47bac7bcfc3eda38d8d19.jpg,https://raw.githubusercontent.com/GUIA-DD/dataset-streetview/main/datasets/df_2024_proportional/batch_0007/images/53abdb9b320d52bea7c47bac7bcfc3eda38d8d19.jpg,True,downloaded,
196e06dec0be37893a846c786495889581e4ff6b,261240bc663c30acc42b036181ad27b6eb5da362,-15.795026050884774,-47.93837410082419,-15.79502519939382,-47.93839285189371,2024-05,2024,xphEyhccah5vvEkrc-pgcA,287.0629681880355,© Google,OK,7_5,185181.8764450469,8251538.751318854,af3c6f8d07cf24082202f5096a6b712648248580,cardinal,4,2,180_deg_south,cardinal,180,0,90,640,640,7,batch_0007,83,datasets/df_2024_proportional/batch_0007/images/af3c6f8d07cf24082202f5096a6b712648248580.jpg,https://raw.githubusercontent.com/GUIA-DD/dataset-streetview/main/datasets/df_2024_proportional/batch_0007/images/af3c6f8d07cf24082202f5096a6b712648248580.jpg,True,downloaded,
196e06dec0be37893a846c786495889581e4ff6b,261240bc663c30acc42b036181ad27b6eb5da362,-15.795026050884774,-47.93837410082419,-15.79502519939382,-47.93839285189371,2024-05,2024,xphEyhccah5vvEkrc-pgcA,287.0629681880355,© Google,OK,7_5,185181.8764450469,8251538.751318854,55f68ba5b2ee73791a4556d97081d9f259e01be6,cardinal,4,3,270_deg_west,cardinal,270,0,90,640,640,7,batch_0007,84,datasets/df_2024_proportional/batch_0007/images/55f68ba5b2ee73791a4556d97081d9f259e01be6.jpg,https://raw.githubusercontent.com/GUIA-DD/dataset-streetview/main/datasets/df_2024_proportional/batch_0007/images/55f68ba5b2ee73791a4556d97081d9f259e01be6.jpg,True,downloaded,
19cacc7c714fac858bc39a0d6f656b9346fb1e6b,931b732dd5d5a7458761ff6b3ce3a972e569f20b,-16.009968500008405,-48.0631902500691,-16.00996848522457,-48.06320624072976,2025-05,2025,Tb_YBD0BUVSvon9-Avku3A,330.1576732752812,© Google,OK,4_1,172147.38148124074,8227543.160920389,2443021ca7590544343754baf1d61de5d136c88b,cardinal,4,0,0_deg_north,cardinal,0,0,90,640,640,7,batch_0007,85,datasets/df_2024_proportional/batch_0007/images/2443021ca7590544343754baf1d61de5d136c88b.jpg,https://raw.githubusercontent.com/GUIA-DD/dataset-streetview/main/datasets/df_2024_proportional/batch_0007/images/2443021ca7590544343754baf1d61de5d136c88b.jpg,True,downloaded,
19cacc7c714fac858bc39a0d6f656b9346fb1e6b,931b732dd5d5a7458761ff6b3ce3a972e569f20b,-16.009968500008405,-48.0631902500691,-16.00996848522457,-48.06320624072976,2025-05,2025,Tb_YBD0BUVSvon9-Avku3A,330.1576732752812,© Google,OK,4_1,172147.38148124074,8227543.160920389,cbba19ee7bed5327b4402ab69165145a5d58fcec,cardinal,4,1,90_deg_east,cardinal,90,0,90,640,640,7,batch_0007,86,datasets/df_2024_proportional/batch_0007/images/cbba19ee7bed5327b4402ab69165145a5d58fcec.jpg,https://raw.githubusercontent.com/GUIA-DD/dataset-streetview/main/datasets/df_2024_proportional/batch_0007/images/cbba19ee7bed5327b4402ab69165145a5d58fcec.jpg,True,downloaded,
19cacc7c714fac858bc39a0d6f656b9346fb1e6b,931b732dd5d5a7458761ff6b3ce3a972e569f20b,-16.009968500008405,-48.0631902500691,-16.00996848522457,-48.06320624072976,2025-05,2025,Tb_YBD0BUVSvon9-Avku3A,330.1576732752812,© Google,OK,4_1,172147.38148124074,8227543.160920389,4a37e721e172a9fb143b4ea75e637970bc779fcf,cardinal,4,2,180_deg_south,cardinal,180,0,90,640,640,7,batch_0007,87,datasets/df_2024_proportional/batch_0007/images/4a37e721e172a9fb143b4ea75e637970bc779fcf.jpg,https://raw.githubusercontent.com/GUIA-DD/dataset-streetview/main/datasets/df_2024_proportional/batch_0007/images/4a37e721e172a9fb143b4ea75e637970bc779fcf.jpg,True,downloaded,
19cacc7c714fac858bc39a0d6f656b9346fb1e6b,931b732dd5d5a7458761ff6b3ce3a972e569f20b,-16.009968500008405,-48.0631902500691,-16.00996848522457,-48.06320624072976,2025-05,2025,Tb_YBD0BUVSvon9-Avku3A,330.1576732752812,© Google,OK,4_1,172147.38148124074,8227543.160920389,d63cf724641c7edf3f9ca333bb0aa98561d4422b,cardinal,4,3,270_deg_west,cardinal,270,0,90,640,640,7,batch_0007,88,datasets/df_2024_proportional/batch_0007/images/d63cf724641c7edf3f9ca333bb0aa98561d4422b.jpg,https://raw.githubusercontent.com/GUIA-DD/dataset-streetview/main/datasets/df_2024_proportional/batch_0007/images/d63cf724641c7edf3f9ca333bb0aa98561d4422b.jpg,True,downloaded,
1ad2785357078a2eaa2e6c1925ed5440daad0561,ced3402ddb71225edd640e63ce26445e72277f91,-15.91805015001914,-48.10398629996796,-15.91803402749223,-48.10399470622057,2025-07,2025,346pz8xlwVnN7blU6EYp2Q,40.45808295398963,© Google,OK,3_3,167625.5288268885,8237658.452574764,b4397ebe6c84fad662db8ee1b618b0f1771ebdc8,cardinal,4,0,0_deg_north,cardinal,0,0,90,640,640,7,batch_0007,89,datasets/df_2024_proportional/batch_0007/images/b4397ebe6c84fad662db8ee1b618b0f1771ebdc8.jpg,https://raw.githubusercontent.com/GUIA-DD/dataset-streetview/main/datasets/df_2024_proportional/batch_0007/images/b4397ebe6c84fad662db8ee1b618b0f1771ebdc8.jpg,True,downloaded,
1ad2785357078a2eaa2e6c1925ed5440daad0561,ced3402ddb71225edd640e63ce26445e72277f91,-15.91805015001914,-48.10398629996796,-15.91803402749223,-48.10399470622057,2025-07,2025,346pz8xlwVnN7blU6EYp2Q,40.45808295398963,© Google,OK,3_3,167625.5288268885,8237658.452574764,acaf2874e7c45d191e694ebd2abaaf771c39c31a,cardinal,4,1,90_deg_east,cardinal,90,0,90,640,640,7,batch_0007,90,datasets/df_2024_proportional/batch_0007/images/acaf2874e7c45d191e694ebd2abaaf771c39c31a.jpg,https://raw.githubusercontent.com/GUIA-DD/dataset-streetview/main/datasets/df_2024_proportional/batch_0007/images/acaf2874e7c45d191e694ebd2abaaf771c39c31a.jpg,True,downloaded,
1ad2785357078a2eaa2e6c1925ed5440daad0561,ced3402ddb71225edd640e63ce26445e72277f91,-15.91805015001914,-48.10398629996796,-15.91803402749223,-48.10399470622057,2025-07,2025,346pz8xlwVnN7blU6EYp2Q,40.45808295398963,© Google,OK,3_3,167625.5288268885,8237658.452574764,db1ead43409bdb3c14e9f02ad6c940ed30be1913,cardinal,4,2,180_deg_south,cardinal,180,0,90,640,640,7,batch_0007,91,datasets/df_2024_proportional/batch_0007/images/db1ead43409bdb3c14e9f02ad6c940ed30be1913.jpg,https://raw.githubusercontent.com/GUIA-DD/dataset-streetview/main/datasets/df_2024_proportional/batch_0007/images/db1ead43409bdb3c14e9f02ad6c940ed30be1913.jpg,True,downloaded,
1ad2785357078a2eaa2e6c1925ed5440daad0561,ced3402ddb71225edd640e63ce26445e72277f91,-15.91805015001914,-48.10398629996796,-15.91803402749223,-48.10399470622057,2025-07,2025,346pz8xlwVnN7blU6EYp2Q,40.45808295398963,© Google,OK,3_3,167625.5288268885,8237658.452574764,b912658491d1e82d6e8f47be64fa52262d8727f1,cardinal,4,3,270_deg_west,cardinal,270,0,90,640,640,7,batch_0007,92,datasets/df_2024_proportional/batch_0007/images/b912658491d1e82d6e8f47be64fa52262d8727f1.jpg,https://raw.githubusercontent.com/GUIA-DD/dataset-streetview/main/datasets/df_2024_proportional/batch_0007/images/b912658491d1e82d6e8f47be64fa52262d8727f1.jpg,True,downloaded,
1b622dd2dfd3a0f5fb47808fb60f8c05cf8db7eb,fb182948ea2aca7e225b760cc3e71fb00fb703dd,-15.805808185854527,-47.96093311689511,-15.80578816978082,-47.96097556092791,2024-06,2024,oUjwPUlOmY4bv6fhTcVfhA,278.2203228541287,© Google,OK,6_5,182779.8750509563,8250310.82154905,00ab4386b6a4c9b7f273879ea3585a33754a019f,cardinal,4,0,0_deg_north,cardinal,0,0,90,640,640,7,batch_0007,93,datasets/df_2024_proportional/batch_0007/images/00ab4386b6a4c9b7f273879ea3585a33754a019f.jpg,https://raw.githubusercontent.com/GUIA-DD/dataset-streetview/main/datasets/df_2024_proportional/batch_0007/images/00ab4386b6a4c9b7f273879ea3585a33754a019f.jpg,True,downloaded,
1b622dd2dfd3a0f5fb47808fb60f8c05cf8db7eb,fb182948ea2aca7e225b760cc3e71fb00fb703dd,-15.805808185854527,-47.96093311689511,-15.80578816978082,-47.96097556092791,2024-06,2024,oUjwPUlOmY4bv6fhTcVfhA,278.2203228541287,© Google,OK,6_5,182779.8750509563,8250310.82154905,cbd726b436ea08fffd6c951e63151ef46167cb76,cardinal,4,1,90_deg_east,cardinal,90,0,90,640,640,7,batch_0007,94,datasets/df_2024_proportional/batch_0007/images/cbd726b436ea08fffd6c951e63151ef46167cb76.jpg,https://raw.githubusercontent.com/GUIA-DD/dataset-streetview/main/datasets/df_2024_proportional/batch_0007/images/cbd726b436ea08fffd6c951e63151ef46167cb76.jpg,True,downloaded,
1b622dd2dfd3a0f5fb47808fb60f8c05cf8db7eb,fb182948ea2aca7e225b760cc3e71fb00fb703dd,-15.805808185854527,-47.96093311689511,-15.80578816978082,-47.96097556092791,2024-06,2024,oUjwPUlOmY4bv6fhTcVfhA,278.2203228541287,© Google,OK,6_5,182779.8750509563,8250310.82154905,026f8f682f94a180eeeba169fb194ba68a73b2be,cardinal,4,2,180_deg_south,cardinal,180,0,90,640,640,7,batch_0007,95,datasets/df_2024_proportional/batch_0007/images/026f8f682f94a180eeeba169fb194ba68a73b2be.jpg,https://raw.githubusercontent.com/GUIA-DD/dataset-streetview/main/datasets/df_2024_proportional/batch_0007/images/026f8f682f94a180eeeba169fb194ba68a73b2be.jpg,True,downloaded,
1b622dd2dfd3a0f5fb47808fb60f8c05cf8db7eb,fb182948ea2aca7e225b760cc3e71fb00fb703dd,-15.805808185854527,-47.96093311689511,-15.80578816978082,-47.96097556092791,2024-06,2024,oUjwPUlOmY4bv6fhTcVfhA,278.2203228541287,© Google,OK,6_5,182779.8750509563,8250310.82154905,b4c0389a1f9ca24e8f7a65b281ecb6388e2c4a89,cardinal,4,3,270_deg_west,cardinal,270,0,90,640,640,7,batch_0007,96,datasets/df_2024_proportional/batch_0007/images/b4c0389a1f9ca24e8f7a65b281ecb6388e2c4a89.jpg,https://raw.githubusercontent.com/GUIA-DD/dataset-streetview/main/datasets/df_2024_proportional/batch_0007/images/b4c0389a1f9ca24e8f7a65b281ecb6388e2c4a89.jpg,True,downloaded,
1b6c8c1fb6cf950106a528ae00c781b4f7211872,87df99e6001a1534eee55bada7916c5dd3c0c22b,-15.805775854131673,-48.13930845119384,-15.80576386185094,-48.13926669016308,2024-07,2024,8c-aIZXtRAm5IijOfN3Tbw,253.30834875940792,© Google,OK,2_5,163653.60571312028,8250036.8062695,0ec52f3794916e0d1bb1c5899ae08f75a616a312,cardinal,4,0,0_deg_north,cardinal,0,0,90,640,640,7,batch_0007,97,datasets/df_2024_proportional/batch_0007/images/0ec52f3794916e0d1bb1c5899ae08f75a616a312.jpg,https://raw.githubusercontent.com/GUIA-DD/dataset-streetview/main/datasets/df_2024_proportional/batch_0007/images/0ec52f3794916e0d1bb1c5899ae08f75a616a312.jpg,True,downloaded,
1b6c8c1fb6cf950106a528ae00c781b4f7211872,87df99e6001a1534eee55bada7916c5dd3c0c22b,-15.805775854131673,-48.13930845119384,-15.80576386185094,-48.13926669016308,2024-07,2024,8c-aIZXtRAm5IijOfN3Tbw,253.30834875940792,© Google,OK,2_5,163653.60571312028,8250036.8062695,78e70e599d4cc2be6b7973f5ccf3deed939d2edd,cardinal,4,1,90_deg_east,cardinal,90,0,90,640,640,7,batch_0007,98,datasets/df_2024_proportional/batch_0007/images/78e70e599d4cc2be6b7973f5ccf3deed939d2edd.jpg,https://raw.githubusercontent.com/GUIA-DD/dataset-streetview/main/datasets/df_2024_proportional/batch_0007/images/78e70e599d4cc2be6b7973f5ccf3deed939d2edd.jpg,True,downloaded,
1b6c8c1fb6cf950106a528ae00c781b4f7211872,87df99e6001a1534eee55bada7916c5dd3c0c22b,-15.805775854131673,-48.13930845119384,-15.80576386185094,-48.13926669016308,2024-07,2024,8c-aIZXtRAm5IijOfN3Tbw,253.30834875940792,© Google,OK,2_5,163653.60571312028,8250036.8062695,ad28e841cbf97dde108d92ccc56547f7fde033f2,cardinal,4,2,180_deg_south,cardinal,180,0,90,640,640,7,batch_0007,99,datasets/df_2024_proportional/batch_0007/images/ad28e841cbf97dde108d92ccc56547f7fde033f2.jpg,https://raw.githubusercontent.com/GUIA-DD/dataset-streetview/main/datasets/df_2024_proportional/batch_0007/images/ad28e841cbf97dde108d92ccc56547f7fde033f2.jpg,True,downloaded,
1b6c8c1fb6cf950106a528ae00c781b4f7211872,87df99e6001a1534eee55bada7916c5dd3c0c22b,-15.805775854131673,-48.13930845119384,-15.80576386185094,-48.13926669016308,2024-07,2024,8c-aIZXtRAm5IijOfN3Tbw,253.30834875940792,© Google,OK,2_5,163653.60571312028,8250036.8062695,5643fd76b2ffefe7fe984dfe0088ab9636b61e46,cardinal,4,3,270_deg_west,cardinal,270,0,90,640,640,7,batch_0007,100,datasets/df_2024_proportional/batch_0007/images/5643fd76b2ffefe7fe984dfe0088ab9636b61e46.jpg,https://raw.githubusercontent.com/GUIA-DD/dataset-streetview/main/datasets/df_2024_proportional/batch_0007/images/5643fd76b2ffefe7fe984dfe0088ab9636b61e46.jpg,True,downloaded,
1ca98f1f31e75062ffddaae01d3c63e9ac062958,492019bc25a71ef78eb63d49cc8f1483ee5a487a,-15.78306320003256,-47.92930184989563,-15.78310068292128,-47.9293125945191,2024-05,2024,r5BR56KHqMTxcNC85KolIg,199.97269947805304,© Google,OK,7_6,186136.16266427736,8252877.043742193,9db2b9613846829a0a06387f1f49bc4dc70fc4c9,cardinal,4,0,0_deg_north,cardinal,0,0,90,640,640,7,batch_0007,101,datasets/df_2024_proportional/batch_0007/images/9db2b9613846829a0a06387f1f49bc4dc70fc4c9.jpg,https://raw.githubusercontent.com/GUIA-DD/dataset-streetview/main/datasets/df_2024_proportional/batch_0007/images/9db2b9613846829a0a06387f1f49bc4dc70fc4c9.jpg,True,downloaded,
1ca98f1f31e75062ffddaae01d3c63e9ac062958,492019bc25a71ef78eb63d49cc8f1483ee5a487a,-15.78306320003256,-47.92930184989563,-15.78310068292128,-47.9293125945191,2024-05,2024,r5BR56KHqMTxcNC85KolIg,199.97269947805304,© Google,OK,7_6,186136.16266427736,8252877.043742193,4d3698742aad5583a6ef0e3ffe741ee644295908,cardinal,4,1,90_deg_east,cardinal,90,0,90,640,640,7,batch_0007,102,datasets/df_2024_proportional/batch_0007/images/4d3698742aad5583a6ef0e3ffe741ee644295908.jpg,https://raw.githubusercontent.com/GUIA-DD/dataset-streetview/main/datasets/df_2024_proportional/batch_0007/images/4d3698742aad5583a6ef0e3ffe741ee644295908.jpg,True,downloaded,
1ca98f1f31e75062ffddaae01d3c63e9ac062958,492019bc25a71ef78eb63d49cc8f1483ee5a487a,-15.78306320003256,-47.92930184989563,-15.78310068292128,-47.9293125945191,2024-05,2024,r5BR56KHqMTxcNC85KolIg,199.97269947805304,© Google,OK,7_6,186136.16266427736,8252877.043742193,ee01091ac2f4aa28e3afbb1d529ca1fdd2ad0fa8,cardinal,4,2,180_deg_south,cardinal,180,0,90,640,640,7,batch_0007,103,datasets/df_2024_proportional/batch_0007/images/ee01091ac2f4aa28e3afbb1d529ca1fdd2ad0fa8.jpg,https://raw.githubusercontent.com/GUIA-DD/dataset-streetview/main/datasets/df_2024_proportional/batch_0007/images/ee01091ac2f4aa28e3afbb1d529ca1fdd2ad0fa8.jpg,True,downloaded,
1ca98f1f31e75062ffddaae01d3c63e9ac062958,492019bc25a71ef78eb63d49cc8f1483ee5a487a,-15.78306320003256,-47.92930184989563,-15.78310068292128,-47.9293125945191,2024-05,2024,r5BR56KHqMTxcNC85KolIg,199.97269947805304,© Google,OK,7_6,186136.16266427736,8252877.043742193,2a248d86778320ff0303ab096250d75c529c0338,cardinal,4,3,270_deg_west,cardinal,270,0,90,640,640,7,batch_0007,104,datasets/df_2024_proportional/batch_0007/images/2a248d86778320ff0303ab096250d75c529c0338.jpg,https://raw.githubusercontent.com/GUIA-DD/dataset-streetview/main/datasets/df_2024_proportional/batch_0007/images/2a248d86778320ff0303ab096250d75c529c0338.jpg,True,downloaded,
1d5514706359ae61516b64b4b9477d6ecd79d8d1,98be2074376acd4973955d249dfa6ddd346a38c3,-15.827819850131004,-48.10679494989554,-15.82783481368063,-48.1067646248936,2024-10,2024,_Mp5WDxMcmA0QN4iiAW0xw,61.24299026660783,© Google,OK,3_5,167176.17451705298,8247647.202359844,746dce7e5de38f0a826567e1710bf4249015fcfc,cardinal,4,0,0_deg_north,cardinal,0,0,90,640,640,7,batch_0007,105,datasets/df_2024_proportional/batch_0007/images/746dce7e5de38f0a826567e1710bf4249015fcfc.jpg,https://raw.githubusercontent.com/GUIA-DD/dataset-streetview/main/datasets/df_2024_proportional/batch_0007/images/746dce7e5de38f0a826567e1710bf4249015fcfc.jpg,True,downloaded,
1d5514706359ae61516b64b4b9477d6ecd79d8d1,98be2074376acd4973955d249dfa6ddd346a38c3,-15.827819850131004,-48.10679494989554,-15.82783481368063,-48.1067646248936,2024-10,2024,_Mp5WDxMcmA0QN4iiAW0xw,61.24299026660783,© Google,OK,3_5,167176.17451705298,8247647.202359844,f3af65766df93fa1dd9186c7b7790019248c07ee,cardinal,4,1,90_deg_east,cardinal,90,0,90,640,640,7,batch_0007,106,datasets/df_2024_proportional/batch_0007/images/f3af65766df93fa1dd9186c7b7790019248c07ee.jpg,https://raw.githubusercontent.com/GUIA-DD/dataset-streetview/main/datasets/df_2024_proportional/batch_0007/images/f3af65766df93fa1dd9186c7b7790019248c07ee.jpg,True,downloaded,
1d5514706359ae61516b64b4b9477d6ecd79d8d1,98be2074376acd4973955d249dfa6ddd346a38c3,-15.827819850131004,-48.10679494989554,-15.82783481368063,-48.1067646248936,2024-10,2024,_Mp5WDxMcmA0QN4iiAW0xw,61.24299026660783,© Google,OK,3_5,167176.17451705298,8247647.202359844,abb69669daaafb05069ec15f3c66542fb8e9c02d,cardinal,4,2,180_deg_south,cardinal,180,0,90,640,640,7,batch_0007,107,datasets/df_2024_proportional/batch_0007/images/abb69669daaafb05069ec15f3c66542fb8e9c02d.jpg,https://raw.githubusercontent.com/GUIA-DD/dataset-streetview/main/datasets/df_2024_proportional/batch_0007/images/abb69669daaafb05069ec15f3c66542fb8e9c02d.jpg,True,downloaded,
1d5514706359ae61516b64b4b9477d6ecd79d8d1,98be2074376acd4973955d249dfa6ddd346a38c3,-15.827819850131004,-48.10679494989554,-15.82783481368063,-48.1067646248936,2024-10,2024,_Mp5WDxMcmA0QN4iiAW0xw,61.24299026660783,© Google,OK,3_5,167176.17451705298,8247647.202359844,24ec92c71e4551ca769486c2cb4de8f804b6ee61,cardinal,4,3,270_deg_west,cardinal,270,0,90,640,640,7,batch_0007,108,datasets/df_2024_proportional/batch_0007/images/24ec92c71e4551ca769486c2cb4de8f804b6ee61.jpg,https://raw.githubusercontent.com/GUIA-DD/dataset-streetview/main/datasets/df_2024_proportional/batch_0007/images/24ec92c71e4551ca769486c2cb4de8f804b6ee61.jpg,True,downloaded,
1dfe893c80ee0638eb54aa526833e5da4ac48efe,2e5b58a0d74bd2709ea19f4411f21cd2ef8d8756,-15.999832296311569,-47.99041088718559,-15.9999606078639,-47.99041287401334,2025-02,2025,LGbIvoCAjfKKb6fMxBgekQ,78.6898994122044,© Google,OK,6_1,179926.88792337145,8228779.36800235,63e5fb494aeefaa1ce3d39b9d4d08e734e583217,cardinal,4,0,0_deg_north,cardinal,0,0,90,640,640,7,batch_0007,109,datasets/df_2024_proportional/batch_0007/images/63e5fb494aeefaa1ce3d39b9d4d08e734e583217.jpg,https://raw.githubusercontent.com/GUIA-DD/dataset-streetview/main/datasets/df_2024_proportional/batch_0007/images/63e5fb494aeefaa1ce3d39b9d4d08e734e583217.jpg,True,downloaded,
1dfe893c80ee0638eb54aa526833e5da4ac48efe,2e5b58a0d74bd2709ea19f4411f21cd2ef8d8756,-15.999832296311569,-47.99041088718559,-15.9999606078639,-47.99041287401334,2025-02,2025,LGbIvoCAjfKKb6fMxBgekQ,78.6898994122044,© Google,OK,6_1,179926.88792337145,8228779.36800235,5f60237c5e76724e7df60704de55fb7a6e24027b,cardinal,4,1,90_deg_east,cardinal,90,0,90,640,640,7,batch_0007,110,datasets/df_2024_proportional/batch_0007/images/5f60237c5e76724e7df60704de55fb7a6e24027b.jpg,https://raw.githubusercontent.com/GUIA-DD/dataset-streetview/main/datasets/df_2024_proportional/batch_0007/images/5f60237c5e76724e7df60704de55fb7a6e24027b.jpg,True,downloaded,
1dfe893c80ee0638eb54aa526833e5da4ac48efe,2e5b58a0d74bd2709ea19f4411f21cd2ef8d8756,-15.999832296311569,-47.99041088718559,-15.9999606078639,-47.99041287401334,2025-02,2025,LGbIvoCAjfKKb6fMxBgekQ,78.6898994122044,© Google,OK,6_1,179926.88792337145,8228779.36800235,aa2f15ae5f9eb1c26a3e6b2e7310538f9f9b5798,cardinal,4,2,180_deg_south,cardinal,180,0,90,640,640,7,batch_0007,111,datasets/df_2024_proportional/batch_0007/images/aa2f15ae5f9eb1c26a3e6b2e7310538f9f9b5798.jpg,https://raw.githubusercontent.com/GUIA-DD/dataset-streetview/main/datasets/df_2024_proportional/batch_0007/images/aa2f15ae5f9eb1c26a3e6b2e7310538f9f9b5798.jpg,True,downloaded,
1dfe893c80ee0638eb54aa526833e5da4ac48efe,2e5b58a0d74bd2709ea19f4411f21cd2ef8d8756,-15.999832296311569,-47.99041088718559,-15.9999606078639,-47.99041287401334,2025-02,2025,LGbIvoCAjfKKb6fMxBgekQ,78.6898994122044,© Google,OK,6_1,179926.88792337145,8228779.36800235,4b11db18cc1fd00bee99d56b677afc0f3dc04916,cardinal,4,3,270_deg_west,cardinal,270,0,90,640,640,7,batch_0007,112,datasets/df_2024_proportional/batch_0007/images/4b11db18cc1fd00bee99d56b677afc0f3dc04916.jpg,https://raw.githubusercontent.com/GUIA-DD/dataset-streetview/main/datasets/df_2024_proportional/batch_0007/images/4b11db18cc1fd00bee99d56b677afc0f3dc04916.jpg,True,downloaded,
1f93a890c4f3b7e48b59e060d692bd92c1e9aa9e,cb73fc9461fc01a6621a7b8f536def94ceddf19c,-15.916239700138638,-47.763028049942335,-15.91625647264088,-47.76306082830999,2025-01,2025,uuBZt6AekW0R_RsvrnAuRw,72.77842607196582,© Google,OK,11_3,204158.35740809568,8238372.404616268,41a812a2cf0ac7e2ea09c6ecd9ee077efdbd4217,cardinal,4,0,0_deg_north,cardinal,0,0,90,640,640,7,batch_0007,113,datasets/df_2024_proportional/batch_0007/images/41a812a2cf0ac7e2ea09c6ecd9ee077efdbd4217.jpg,https://raw.githubusercontent.com/GUIA-DD/dataset-streetview/main/datasets/df_2024_proportional/batch_0007/images/41a812a2cf0ac7e2ea09c6ecd9ee077efdbd4217.jpg,True,downloaded,
1f93a890c4f3b7e48b59e060d692bd92c1e9aa9e,cb73fc9461fc01a6621a7b8f536def94ceddf19c,-15.916239700138638,-47.763028049942335,-15.91625647264088,-47.76306082830999,2025-01,2025,uuBZt6AekW0R_RsvrnAuRw,72.77842607196582,© Google,OK,11_3,204158.35740809568,8238372.404616268,3c867efce6a6a9fb213f42c9172f23c09430e835,cardinal,4,1,90_deg_east,cardinal,90,0,90,640,640,7,batch_0007,114,datasets/df_2024_proportional/batch_0007/images/3c867efce6a6a9fb213f42c9172f23c09430e835.jpg,https://raw.githubusercontent.com/GUIA-DD/dataset-streetview/main/datasets/df_2024_proportional/batch_0007/images/3c867efce6a6a9fb213f42c9172f23c09430e835.jpg,True,downloaded,
1f93a890c4f3b7e48b59e060d692bd92c1e9aa9e,cb73fc9461fc01a6621a7b8f536def94ceddf19c,-15.916239700138638,-47.763028049942335,-15.91625647264088,-47.76306082830999,2025-01,2025,uuBZt6AekW0R_RsvrnAuRw,72.77842607196582,© Google,OK,11_3,204158.35740809568,8238372.404616268,b41dd05f3d0055db2d7dec65535f97ab75c97b3e,cardinal,4,2,180_deg_south,cardinal,180,0,90,640,640,7,batch_0007,115,datasets/df_2024_proportional/batch_0007/images/b41dd05f3d0055db2d7dec65535f97ab75c97b3e.jpg,https://raw.githubusercontent.com/GUIA-DD/dataset-streetview/main/datasets/df_2024_proportional/batch_0007/images/b41dd05f3d0055db2d7dec65535f97ab75c97b3e.jpg,True,downloaded,
1f93a890c4f3b7e48b59e060d692bd92c1e9aa9e,cb73fc9461fc01a6621a7b8f536def94ceddf19c,-15.916239700138638,-47.763028049942335,-15.91625647264088,-47.76306082830999,2025-01,2025,uuBZt6AekW0R_RsvrnAuRw,72.77842607196582,© Google,OK,11_3,204158.35740809568,8238372.404616268,74e261ee4459cfaf533087975e6d8d0246b0f252,cardinal,4,3,270_deg_west,cardinal,270,0,90,640,640,7,batch_0007,116,datasets/df_2024_proportional/batch_0007/images/74e261ee4459cfaf533087975e6d8d0246b0f252.jpg,https://raw.githubusercontent.com/GUIA-DD/dataset-streetview/main/datasets/df_2024_proportional/batch_0007/images/74e261ee4459cfaf533087975e6d8d0246b0f252.jpg,True,downloaded,
213885e286a10df9b70c26a154935a4e79f07fe5,9696694bd3c2fe2852cede6095d0137321fbfb46,-15.900824849999006,-48.06473980023657,-15.90084444595897,-48.06474532509642,2025-07,2025,Ow6UMlr2dTx41f-QZXQMKg,162.2559175585868,© Google,OK,4_3,171803.49286032532,8239628.295699209,31e7d687a1a40c148b3cbf94ba8ff2cae9ef8986,cardinal,4,0,0_deg_north,cardinal,0,0,90,640,640,7,batch_0007,117,datasets/df_2024_proportional/batch_0007/images/31e7d687a1a40c148b3cbf94ba8ff2cae9ef8986.jpg,https://raw.githubusercontent.com/GUIA-DD/dataset-streetview/main/datasets/df_2024_proportional/batch_0007/images/31e7d687a1a40c148b3cbf94ba8ff2cae9ef8986.jpg,True,downloaded,
213885e286a10df9b70c26a154935a4e79f07fe5,9696694bd3c2fe2852cede6095d0137321fbfb46,-15.900824849999006,-48.06473980023657,-15.90084444595897,-48.06474532509642,2025-07,2025,Ow6UMlr2dTx41f-QZXQMKg,162.2559175585868,© Google,OK,4_3,171803.49286032532,8239628.295699209,263cdb243097a1fd1caedcec916b89bf13742188,cardinal,4,1,90_deg_east,cardinal,90,0,90,640,640,7,batch_0007,118,datasets/df_2024_proportional/batch_0007/images/263cdb243097a1fd1caedcec916b89bf13742188.jpg,https://raw.githubusercontent.com/GUIA-DD/dataset-streetview/main/datasets/df_2024_proportional/batch_0007/images/263cdb243097a1fd1caedcec916b89bf13742188.jpg,True,downloaded,
213885e286a10df9b70c26a154935a4e79f07fe5,9696694bd3c2fe2852cede6095d0137321fbfb46,-15.900824849999006,-48.06473980023657,-15.90084444595897,-48.06474532509642,2025-07,2025,Ow6UMlr2dTx41f-QZXQMKg,162.2559175585868,© Google,OK,4_3,171803.49286032532,8239628.295699209,5ce0a75bb8047ff0e02c1cf43166b99ce102ead8,cardinal,4,2,180_deg_south,cardinal,180,0,90,640,640,7,batch_0007,119,datasets/df_2024_proportional/batch_0007/images/5ce0a75bb8047ff0e02c1cf43166b99ce102ead8.jpg,https://raw.githubusercontent.com/GUIA-DD/dataset-streetview/main/datasets/df_2024_proportional/batch_0007/images/5ce0a75bb8047ff0e02c1cf43166b99ce102ead8.jpg,True,downloaded,
213885e286a10df9b70c26a154935a4e79f07fe5,9696694bd3c2fe2852cede6095d0137321fbfb46,-15.900824849999006,-48.06473980023657,-15.90084444595897,-48.06474532509642,2025-07,2025,Ow6UMlr2dTx41f-QZXQMKg,162.2559175585868,© Google,OK,4_3,171803.49286032532,8239628.295699209,d2cbf69ba54890fce75c669f61024254642daee0,cardinal,4,3,270_deg_west,cardinal,270,0,90,640,640,7,batch_0007,120,datasets/df_2024_proportional/batch_0007/images/d2cbf69ba54890fce75c669f61024254642daee0.jpg,https://raw.githubusercontent.com/GUIA-DD/dataset-streetview/main/datasets/df_2024_proportional/batch_0007/images/d2cbf69ba54890fce75c669f61024254642daee0.jpg,True,downloaded,
25eaa359d9e6dad395ccef97260093ffa2d3e8f8,9536e0e9a0404ed1b5e40e618ee9281de77f6579,-15.877605940732067,-48.00428799999973,-15.87757501355586,-48.00428233274275,2024-12,2024,93FzbLF6kja9TR0tDAFR2Q,179.1773666918497,© Google,OK,5_3,178245.33162916946,8242293.738127396,11a63e5110a42a1782f44b50db1f6303b31d5bd8,cardinal,4,0,0_deg_north,cardinal,0,0,90,640,640,7,batch_0007,121,datasets/df_2024_proportional/batch_0007/images/11a63e5110a42a1782f44b50db1f6303b31d5bd8.jpg,https://raw.githubusercontent.com/GUIA-DD/dataset-streetview/main/datasets/df_2024_proportional/batch_0007/images/11a63e5110a42a1782f44b50db1f6303b31d5bd8.jpg,True,downloaded,
25eaa359d9e6dad395ccef97260093ffa2d3e8f8,9536e0e9a0404ed1b5e40e618ee9281de77f6579,-15.877605940732067,-48.00428799999973,-15.87757501355586,-48.00428233274275,2024-12,2024,93FzbLF6kja9TR0tDAFR2Q,179.1773666918497,© Google,OK,5_3,178245.33162916946,8242293.738127396,18832d04e12b9cabaf880f9a69fc4f002e1e71af,cardinal,4,1,90_deg_east,cardinal,90,0,90,640,640,7,batch_0007,122,datasets/df_2024_proportional/batch_0007/images/18832d04e12b9cabaf880f9a69fc4f002e1e71af.jpg,https://raw.githubusercontent.com/GUIA-DD/dataset-streetview/main/datasets/df_2024_proportional/batch_0007/images/18832d04e12b9cabaf880f9a69fc4f002e1e71af.jpg,True,downloaded,
25eaa359d9e6dad395ccef97260093ffa2d3e8f8,9536e0e9a0404ed1b5e40e618ee9281de77f6579,-15.877605940732067,-48.00428799999973,-15.87757501355586,-48.00428233274275,2024-12,2024,93FzbLF6kja9TR0tDAFR2Q,179.1773666918497,© Google,OK,5_3,178245.33162916946,8242293.738127396,490ca5369e585ce85c14c5e2b244e43934523468,cardinal,4,2,180_deg_south,cardinal,180,0,90,640,640,7,batch_0007,123,datasets/df_2024_proportional/batch_0007/images/490ca5369e585ce85c14c5e2b244e43934523468.jpg,https://raw.githubusercontent.com/GUIA-DD/dataset-streetview/main/datasets/df_2024_proportional/batch_0007/images/490ca5369e585ce85c14c5e2b244e43934523468.jpg,True,downloaded,
25eaa359d9e6dad395ccef97260093ffa2d3e8f8,9536e0e9a0404ed1b5e40e618ee9281de77f6579,-15.877605940732067,-48.00428799999973,-15.87757501355586,-48.00428233274275,2024-12,2024,93FzbLF6kja9TR0tDAFR2Q,179.1773666918497,© Google,OK,5_3,178245.33162916946,8242293.738127396,bb124cdb2808f8bc70f9bc96b81603e38e32cd6c,cardinal,4,3,270_deg_west,cardinal,270,0,90,640,640,7,batch_0007,124,datasets/df_2024_proportional/batch_0007/images/bb124cdb2808f8bc70f9bc96b81603e38e32cd6c.jpg,https://raw.githubusercontent.com/GUIA-DD/dataset-streetview/main/datasets/df_2024_proportional/batch_0007/images/bb124cdb2808f8bc70f9bc96b81603e38e32cd6c.jpg,True,downloaded,
261e5a70e02cac43d0c210872fd6e758991ee24f,0a7a23db4096483f37a4236f0beb95ff284a5ac3,-15.864774296363306,-47.96410067952666,-15.86476285867644,-47.96410201147332,2024-06,2024,WiA8-aHwU6cOxv4uUEUW6g,62.01134364918292,© Google,OK,6_4,182532.521735837,8243776.146448603,7f450e01efea7e0885a1483834ccba0fe57ebbbb,cardinal,4,0,0_deg_north,cardinal,0,0,90,640,640,7,batch_0007,125,datasets/df_2024_proportional/batch_0007/images/7f450e01efea7e0885a1483834ccba0fe57ebbbb.jpg,https://raw.githubusercontent.com/GUIA-DD/dataset-streetview/main/datasets/df_2024_proportional/batch_0007/images/7f450e01efea7e0885a1483834ccba0fe57ebbbb.jpg,True,downloaded,
261e5a70e02cac43d0c210872fd6e758991ee24f,0a7a23db4096483f37a4236f0beb95ff284a5ac3,-15.864774296363306,-47.96410067952666,-15.86476285867644,-47.96410201147332,2024-06,2024,WiA8-aHwU6cOxv4uUEUW6g,62.01134364918292,© Google,OK,6_4,182532.521735837,8243776.146448603,59b09a7b5cb8f4cb850ad9d0d2e220d368c92184,cardinal,4,1,90_deg_east,cardinal,90,0,90,640,640,7,batch_0007,126,datasets/df_2024_proportional/batch_0007/images/59b09a7b5cb8f4cb850ad9d0d2e220d368c92184.jpg,https://raw.githubusercontent.com/GUIA-DD/dataset-streetview/main/datasets/df_2024_proportional/batch_0007/images/59b09a7b5cb8f4cb850ad9d0d2e220d368c92184.jpg,True,downloaded,
261e5a70e02cac43d0c210872fd6e758991ee24f,0a7a23db4096483f37a4236f0beb95ff284a5ac3,-15.864774296363306,-47.96410067952666,-15.86476285867644,-47.96410201147332,2024-06,2024,WiA8-aHwU6cOxv4uUEUW6g,62.01134364918292,© Google,OK,6_4,182532.521735837,8243776.146448603,9e98dcf98d29f0fc4628e232e192f0cf456e5051,cardinal,4,2,180_deg_south,cardinal,180,0,90,640,640,7,batch_0007,127,datasets/df_2024_proportional/batch_0007/images/9e98dcf98d29f0fc4628e232e192f0cf456e5051.jpg,https://raw.githubusercontent.com/GUIA-DD/dataset-streetview/main/datasets/df_2024_proportional/batch_0007/images/9e98dcf98d29f0fc4628e232e192f0cf456e5051.jpg,True,downloaded,
261e5a70e02cac43d0c210872fd6e758991ee24f,0a7a23db4096483f37a4236f0beb95ff284a5ac3,-15.864774296363306,-47.96410067952666,-15.86476285867644,-47.96410201147332,2024-06,2024,WiA8-aHwU6cOxv4uUEUW6g,62.01134364918292,© Google,OK,6_4,182532.521735837,8243776.146448603,d7e210d9190ffb38dca16c3bf52848f09e91ace3,cardinal,4,3,270_deg_west,cardinal,270,0,90,640,640,7,batch_0007,128,datasets/df_2024_proportional/batch_0007/images/d7e210d9190ffb38dca16c3bf52848f09e91ace3.jpg,https://raw.githubusercontent.com/GUIA-DD/dataset-streetview/main/datasets/df_2024_proportional/batch_0007/images/d7e210d9190ffb38dca16c3bf52848f09e91ace3.jpg,True,downloaded,
26845044c21c2a9aaa6f01f29a667cbf9d619706,5e6a3e2e9102856029e1e80cf02aa65759649c9c,-15.900142550263142,-47.78316989948715,-15.90011974734677,-47.78312090510896,2025-01,2025,NdxmjMfRIBW5MhLXmNNg9A,36.4076086754588,© Google,OK,10_3,201976.542340998,8240126.098659245,76d0fa526ab94317e703526fc7aea0e9a8bfe03b,cardinal,4,0,0_deg_north,cardinal,0,0,90,640,640,7,batch_0007,129,datasets/df_2024_proportional/batch_0007/images/76d0fa526ab94317e703526fc7aea0e9a8bfe03b.jpg,https://raw.githubusercontent.com/GUIA-DD/dataset-streetview/main/datasets/df_2024_proportional/batch_0007/images/76d0fa526ab94317e703526fc7aea0e9a8bfe03b.jpg,True,downloaded,
26845044c21c2a9aaa6f01f29a667cbf9d619706,5e6a3e2e9102856029e1e80cf02aa65759649c9c,-15.900142550263142,-47.78316989948715,-15.90011974734677,-47.78312090510896,2025-01,2025,NdxmjMfRIBW5MhLXmNNg9A,36.4076086754588,© Google,OK,10_3,201976.542340998,8240126.098659245,de0b359b162b2c90831511483798b963daae96ab,cardinal,4,1,90_deg_east,cardinal,90,0,90,640,640,7,batch_0007,130,datasets/df_2024_proportional/batch_0007/images/de0b359b162b2c90831511483798b963daae96ab.jpg,https://raw.githubusercontent.com/GUIA-DD/dataset-streetview/main/datasets/df_2024_proportional/batch_0007/images/de0b359b162b2c90831511483798b963daae96ab.jpg,True,downloaded,
26845044c21c2a9aaa6f01f29a667cbf9d619706,5e6a3e2e9102856029e1e80cf02aa65759649c9c,-15.900142550263142,-47.78316989948715,-15.90011974734677,-47.78312090510896,2025-01,2025,NdxmjMfRIBW5MhLXmNNg9A,36.4076086754588,© Google,OK,10_3,201976.542340998,8240126.098659245,b5f5ecebebb250597bdc7f390c4652cfed217c20,cardinal,4,2,180_deg_south,cardinal,180,0,90,640,640,7,batch_0007,131,datasets/df_2024_proportional/batch_0007/images/b5f5ecebebb250597bdc7f390c4652cfed217c20.jpg,https://raw.githubusercontent.com/GUIA-DD/dataset-streetview/main/datasets/df_2024_proportional/batch_0007/images/b5f5ecebebb250597bdc7f390c4652cfed217c20.jpg,True,downloaded,
26845044c21c2a9aaa6f01f29a667cbf9d619706,5e6a3e2e9102856029e1e80cf02aa65759649c9c,-15.900142550263142,-47.78316989948715,-15.90011974734677,-47.78312090510896,2025-01,2025,NdxmjMfRIBW5MhLXmNNg9A,36.4076086754588,© Google,OK,10_3,201976.542340998,8240126.098659245,dafa4044ea69bdf5f0cd1d443aa9839336627941,cardinal,4,3,270_deg_west,cardinal,270,0,90,640,640,7,batch_0007,132,datasets/df_2024_proportional/batch_0007/images/dafa4044ea69bdf5f0cd1d443aa9839336627941.jpg,https://raw.githubusercontent.com/GUIA-DD/dataset-streetview/main/datasets/df_2024_proportional/batch_0007/images/dafa4044ea69bdf5f0cd1d443aa9839336627941.jpg,True,downloaded,
2a9208ed8a299af8265e815e03fff1858aec40b1,a47e03f117fdc7f6795a5f0a92ab93a3e26cc240,-15.903814200002602,-47.77900340000561,-15.90383331625718,-47.77901073424164,2025-01,2025,jeR9SxeEvi7jIY9io5sJcw,306.4318066154645,© Google,OK,10_3,202428.40029454645,8239725.497475911,4129dfe41b3b4fce207c34ef7a485ac2bbd6cded,cardinal,4,0,0_deg_north,cardinal,0,0,90,640,640,7,batch_0007,133,datasets/df_2024_proportional/batch_0007/images/4129dfe41b3b4fce207c34ef7a485ac2bbd6cded.jpg,https://raw.githubusercontent.com/GUIA-DD/dataset-streetview/main/datasets/df_2024_proportional/batch_0007/images/4129dfe41b3b4fce207c34ef7a485ac2bbd6cded.jpg,True,downloaded,
2a9208ed8a299af8265e815e03fff1858aec40b1,a47e03f117fdc7f6795a5f0a92ab93a3e26cc240,-15.903814200002602,-47.77900340000561,-15.90383331625718,-47.77901073424164,2025-01,2025,jeR9SxeEvi7jIY9io5sJcw,306.4318066154645,© Google,OK,10_3,202428.40029454645,8239725.497475911,28371781f81e6ea8f256cf69906029d8317e75ab,cardinal,4,1,90_deg_east,cardinal,90,0,90,640,640,7,batch_0007,134,datasets/df_2024_proportional/batch_0007/images/28371781f81e6ea8f256cf69906029d8317e75ab.jpg,https://raw.githubusercontent.com/GUIA-DD/dataset-streetview/main/datasets/df_2024_proportional/batch_0007/images/28371781f81e6ea8f256cf69906029d8317e75ab.jpg,True,downloaded,
2a9208ed8a299af8265e815e03fff1858aec40b1,a47e03f117fdc7f6795a5f0a92ab93a3e26cc240,-15.903814200002602,-47.77900340000561,-15.90383331625718,-47.77901073424164,2025-01,2025,jeR9SxeEvi7jIY9io5sJcw,306.4318066154645,© Google,OK,10_3,202428.40029454645,8239725.497475911,7a2f57f2b280e3bfcf1ee181fccfe1e9260230d1,cardinal,4,2,180_deg_south,cardinal,180,0,90,640,640,7,batch_0007,135,datasets/df_2024_proportional/batch_0007/images/7a2f57f2b280e3bfcf1ee181fccfe1e9260230d1.jpg,https://raw.githubusercontent.com/GUIA-DD/dataset-streetview/main/datasets/df_2024_proportional/batch_0007/images/7a2f57f2b280e3bfcf1ee181fccfe1e9260230d1.jpg,True,downloaded,
2a9208ed8a299af8265e815e03fff1858aec40b1,a47e03f117fdc7f6795a5f0a92ab93a3e26cc240,-15.903814200002602,-47.77900340000561,-15.90383331625718,-47.77901073424164,2025-01,2025,jeR9SxeEvi7jIY9io5sJcw,306.4318066154645,© Google,OK,10_3,202428.40029454645,8239725.497475911,0e92c927c2866325bc4a2635c776fef2ad1316cd,cardinal,4,3,270_deg_west,cardinal,270,0,90,640,640,7,batch_0007,136,datasets/df_2024_proportional/batch_0007/images/0e92c927c2866325bc4a2635c776fef2ad1316cd.jpg,https://raw.githubusercontent.com/GUIA-DD/dataset-streetview/main/datasets/df_2024_proportional/batch_0007/images/0e92c927c2866325bc4a2635c776fef2ad1316cd.jpg,True,downloaded,
2d3813267b91f80688dd22ddf44d1912ac4a1a55,0122c4afa99b42da81ed19ce9dadc628c3fdf1a6,-15.73782180456768,-47.88663985522722,-15.73781997800219,-47.88665801658146,2024-06,2024,XOT2hl3dlZX6-2fV_7eUbA,175.64638662076558,© Google,OK,8_7,190641.9676905881,8257949.943029304,8d25f2f4f0164e67ca7445db82996486d756c577,cardinal,4,0,0_deg_north,cardinal,0,0,90,640,640,7,batch_0007,137,datasets/df_2024_proportional/batch_0007/images/8d25f2f4f0164e67ca7445db82996486d756c577.jpg,https://raw.githubusercontent.com/GUIA-DD/dataset-streetview/main/datasets/df_2024_proportional/batch_0007/images/8d25f2f4f0164e67ca7445db82996486d756c577.jpg,True,downloaded,
2d3813267b91f80688dd22ddf44d1912ac4a1a55,0122c4afa99b42da81ed19ce9dadc628c3fdf1a6,-15.73782180456768,-47.88663985522722,-15.73781997800219,-47.88665801658146,2024-06,2024,XOT2hl3dlZX6-2fV_7eUbA,175.64638662076558,© Google,OK,8_7,190641.9676905881,8257949.943029304,e81e593d446e7611cfb605adc65bca3aaebe10aa,cardinal,4,1,90_deg_east,cardinal,90,0,90,640,640,7,batch_0007,138,datasets/df_2024_proportional/batch_0007/images/e81e593d446e7611cfb605adc65bca3aaebe10aa.jpg,https://raw.githubusercontent.com/GUIA-DD/dataset-streetview/main/datasets/df_2024_proportional/batch_0007/images/e81e593d446e7611cfb605adc65bca3aaebe10aa.jpg,True,downloaded,
2d3813267b91f80688dd22ddf44d1912ac4a1a55,0122c4afa99b42da81ed19ce9dadc628c3fdf1a6,-15.73782180456768,-47.88663985522722,-15.73781997800219,-47.88665801658146,2024-06,2024,XOT2hl3dlZX6-2fV_7eUbA,175.64638662076558,© Google,OK,8_7,190641.9676905881,8257949.943029304,d0e375067af2a4c7e8609cfcf9e22a9b7378a15e,cardinal,4,2,180_deg_south,cardinal,180,0,90,640,640,7,batch_0007,139,datasets/df_2024_proportional/batch_0007/images/d0e375067af2a4c7e8609cfcf9e22a9b7378a15e.jpg,https://raw.githubusercontent.com/GUIA-DD/dataset-streetview/main/datasets/df_2024_proportional/batch_0007/images/d0e375067af2a4c7e8609cfcf9e22a9b7378a15e.jpg,True,downloaded,
2d3813267b91f80688dd22ddf44d1912ac4a1a55,0122c4afa99b42da81ed19ce9dadc628c3fdf1a6,-15.73782180456768,-47.88663985522722,-15.73781997800219,-47.88665801658146,2024-06,2024,XOT2hl3dlZX6-2fV_7eUbA,175.64638662076558,© Google,OK,8_7,190641.9676905881,8257949.943029304,911d96c8017a907365748fc7d5c6819c6b0b94e4,cardinal,4,3,270_deg_west,cardinal,270,0,90,640,640,7,batch_0007,140,datasets/df_2024_proportional/batch_0007/images/911d96c8017a907365748fc7d5c6819c6b0b94e4.jpg,https://raw.githubusercontent.com/GUIA-DD/dataset-streetview/main/datasets/df_2024_proportional/batch_0007/images/911d96c8017a907365748fc7d5c6819c6b0b94e4.jpg,True,downloaded,
2dcccc81eb9a8d005bcbe4550a23183da9b7d972,a202f17f792d527f8df911619238ff11ede03e88,-15.90891121919162,-47.76568140628564,-15.90892016542564,-47.76570869011083,2025-01,2025,tKOlDvvFFhTHcxX36IhwdQ,229.9212565108636,© Google,OK,10_3,203863.32246629355,8239180.077824379,e12293e430e54445333b37c6e3763a910d24849e,cardinal,4,0,0_deg_north,cardinal,0,0,90,640,640,7,batch_0007,141,datasets/df_2024_proportional/batch_0007/images/e12293e430e54445333b37c6e3763a910d24849e.jpg,https://raw.githubusercontent.com/GUIA-DD/dataset-streetview/main/datasets/df_2024_proportional/batch_0007/images/e12293e430e54445333b37c6e3763a910d24849e.jpg,True,downloaded,
2dcccc81eb9a8d005bcbe4550a23183da9b7d972,a202f17f792d527f8df911619238ff11ede03e88,-15.90891121919162,-47.76568140628564,-15.90892016542564,-47.76570869011083,2025-01,2025,tKOlDvvFFhTHcxX36IhwdQ,229.9212565108636,© Google,OK,10_3,203863.32246629355,8239180.077824379,f9b458ab18a078f78c406a978ea70b3e7edb4669,cardinal,4,1,90_deg_east,cardinal,90,0,90,640,640,7,batch_0007,142,datasets/df_2024_proportional/batch_0007/images/f9b458ab18a078f78c406a978ea70b3e7edb4669.jpg,https://raw.githubusercontent.com/GUIA-DD/dataset-streetview/main/datasets/df_2024_proportional/batch_0007/images/f9b458ab18a078f78c406a978ea70b3e7edb4669.jpg,True,downloaded,
2dcccc81eb9a8d005bcbe4550a23183da9b7d972,a202f17f792d527f8df911619238ff11ede03e88,-15.90891121919162,-47.76568140628564,-15.90892016542564,-47.76570869011083,2025-01,2025,tKOlDvvFFhTHcxX36IhwdQ,229.9212565108636,© Google,OK,10_3,203863.32246629355,8239180.077824379,b5e1a05acde81decc45aea108ec9df9ab8c6ba95,cardinal,4,2,180_deg_south,cardinal,180,0,90,640,640,7,batch_0007,143,datasets/df_2024_proportional/batch_0007/images/b5e1a05acde81decc45aea108ec9df9ab8c6ba95.jpg,https://raw.githubusercontent.com/GUIA-DD/dataset-streetview/main/datasets/df_2024_proportional/batch_0007/images/b5e1a05acde81decc45aea108ec9df9ab8c6ba95.jpg,True,downloaded,
2dcccc81eb9a8d005bcbe4550a23183da9b7d972,a202f17f792d527f8df911619238ff11ede03e88,-15.90891121919162,-47.76568140628564,-15.90892016542564,-47.76570869011083,2025-01,2025,tKOlDvvFFhTHcxX36IhwdQ,229.9212565108636,© Google,OK,10_3,203863.32246629355,8239180.077824379,c2294799165183a51cb907cca3207e59479fc6c5,cardinal,4,3,270_deg_west,cardinal,270,0,90,640,640,7,batch_0007,144,datasets/df_2024_proportional/batch_0007/images/c2294799165183a51cb907cca3207e59479fc6c5.jpg,https://raw.githubusercontent.com/GUIA-DD/dataset-streetview/main/datasets/df_2024_proportional/batch_0007/images/c2294799165183a51cb907cca3207e59479fc6c5.jpg,True,downloaded,
2de4052b3f259d26947db20e3d6c97f0a94a3af3,b328132f5ff9f2055d8da00ccb64a4c6b6ad3373,-15.888188449413963,-47.80099448253007,-15.88821764653005,-47.80100644374121,2024-07,2024,1IQ8dvlmkxRYjgr34SGEuw,193.13176216006443,© Google,OK,10_3,200048.8426158601,8241424.215419577,28d7fb0bd8ba8d17f60b4ed56e30073055595fe1,cardinal,4,0,0_deg_north,cardinal,0,0,90,640,640,7,batch_0007,145,datasets/df_2024_proportional/batch_0007/images/28d7fb0bd8ba8d17f60b4ed56e30073055595fe1.jpg,https://raw.githubusercontent.com/GUIA-DD/dataset-streetview/main/datasets/df_2024_proportional/batch_0007/images/28d7fb0bd8ba8d17f60b4ed56e30073055595fe1.jpg,True,downloaded,
2de4052b3f259d26947db20e3d6c97f0a94a3af3,b328132f5ff9f2055d8da00ccb64a4c6b6ad3373,-15.888188449413963,-47.80099448253007,-15.88821764653005,-47.80100644374121,2024-07,2024,1IQ8dvlmkxRYjgr34SGEuw,193.13176216006443,© Google,OK,10_3,200048.8426158601,8241424.215419577,d7db6f0a9a35b3f9e53b3310101187229a0f198f,cardinal,4,1,90_deg_east,cardinal,90,0,90,640,640,7,batch_0007,146,datasets/df_2024_proportional/batch_0007/images/d7db6f0a9a35b3f9e53b3310101187229a0f198f.jpg,https://raw.githubusercontent.com/GUIA-DD/dataset-streetview/main/datasets/df_2024_proportional/batch_0007/images/d7db6f0a9a35b3f9e53b3310101187229a0f198f.jpg,True,downloaded,
2de4052b3f259d26947db20e3d6c97f0a94a3af3,b328132f5ff9f2055d8da00ccb64a4c6b6ad3373,-15.888188449413963,-47.80099448253007,-15.88821764653005,-47.80100644374121,2024-07,2024,1IQ8dvlmkxRYjgr34SGEuw,193.13176216006443,© Google,OK,10_3,200048.8426158601,8241424.215419577,77914c429de6ae368bb3463c089ee86649d32953,cardinal,4,2,180_deg_south,cardinal,180,0,90,640,640,7,batch_0007,147,datasets/df_2024_proportional/batch_0007/images/77914c429de6ae368bb3463c089ee86649d32953.jpg,https://raw.githubusercontent.com/GUIA-DD/dataset-streetview/main/datasets/df_2024_proportional/batch_0007/images/77914c429de6ae368bb3463c089ee86649d32953.jpg,True,downloaded,
2de4052b3f259d26947db20e3d6c97f0a94a3af3,b328132f5ff9f2055d8da00ccb64a4c6b6ad3373,-15.888188449413963,-47.80099448253007,-15.88821764653005,-47.80100644374121,2024-07,2024,1IQ8dvlmkxRYjgr34SGEuw,193.13176216006443,© Google,OK,10_3,200048.8426158601,8241424.215419577,fc2ec2d5d7eda78e4faeda79c8c482c9f106c74c,cardinal,4,3,270_deg_west,cardinal,270,0,90,640,640,7,batch_0007,148,datasets/df_2024_proportional/batch_0007/images/fc2ec2d5d7eda78e4faeda79c8c482c9f106c74c.jpg,https://raw.githubusercontent.com/GUIA-DD/dataset-streetview/main/datasets/df_2024_proportional/batch_0007/images/fc2ec2d5d7eda78e4faeda79c8c482c9f106c74c.jpg,True,downloaded,
2ec4a04c90105b41a6f08cb51ec82578d925888f,541b76e5f471d37c6f87733a8df2a9f954785f6f,-15.836090101963302,-47.95076235118773,-15.83608925286466,-47.95073821836241,2024-06,2024,kazUI_WSPY2zh_Z30YJriQ,97.58582485340828,© Google,OK,6_4,183917.47588336573,8246972.78681636,009ab6e5f895984c1f805494b72025c7de7e9576,cardinal,4,0,0_deg_north,cardinal,0,0,90,640,640,7,batch_0007,149,datasets/df_2024_proportional/batch_0007/images/009ab6e5f895984c1f805494b72025c7de7e9576.jpg,https://raw.githubusercontent.com/GUIA-DD/dataset-streetview/main/datasets/df_2024_proportional/batch_0007/images/009ab6e5f895984c1f805494b72025c7de7e9576.jpg,True,downloaded,
2ec4a04c90105b41a6f08cb51ec82578d925888f,541b76e5f471d37c6f87733a8df2a9f954785f6f,-15.836090101963302,-47.95076235118773,-15.83608925286466,-47.95073821836241,2024-06,2024,kazUI_WSPY2zh_Z30YJriQ,97.58582485340828,© Google,OK,6_4,183917.47588336573,8246972.78681636,7b60da848d710a8487a5fd0b324f4a6a8220fe40,cardinal,4,1,90_deg_east,cardinal,90,0,90,640,640,7,batch_0007,150,datasets/df_2024_proportional/batch_0007/images/7b60da848d710a8487a5fd0b324f4a6a8220fe40.jpg,https://raw.githubusercontent.com/GUIA-DD/dataset-streetview/main/datasets/df_2024_proportional/batch_0007/images/7b60da848d710a8487a5fd0b324f4a6a8220fe40.jpg,True,downloaded,
2ec4a04c90105b41a6f08cb51ec82578d925888f,541b76e5f471d37c6f87733a8df2a9f954785f6f,-15.836090101963302,-47.95076235118773,-15.83608925286466,-47.95073821836241,2024-06,2024,kazUI_WSPY2zh_Z30YJriQ,97.58582485340828,© Google,OK,6_4,183917.47588336573,8246972.78681636,1b99c33c59d8262b1951923c483b9beaeea5129f,cardinal,4,2,180_deg_south,cardinal,180,0,90,640,640,7,batch_0007,151,datasets/df_2024_proportional/batch_0007/images/1b99c33c59d8262b1951923c483b9beaeea5129f.jpg,https://raw.githubusercontent.com/GUIA-DD/dataset-streetview/main/datasets/df_2024_proportional/batch_0007/images/1b99c33c59d8262b1951923c483b9beaeea5129f.jpg,True,downloaded,
2ec4a04c90105b41a6f08cb51ec82578d925888f,541b76e5f471d37c6f87733a8df2a9f954785f6f,-15.836090101963302,-47.95076235118773,-15.83608925286466,-47.95073821836241,2024-06,2024,kazUI_WSPY2zh_Z30YJriQ,97.58582485340828,© Google,OK,6_4,183917.47588336573,8246972.78681636,bc1eb7036c4e3927b3a3342c25b92676ba1602aa,cardinal,4,3,270_deg_west,cardinal,270,0,90,640,640,7,batch_0007,152,datasets/df_2024_proportional/batch_0007/images/bc1eb7036c4e3927b3a3342c25b92676ba1602aa.jpg,https://raw.githubusercontent.com/GUIA-DD/dataset-streetview/main/datasets/df_2024_proportional/batch_0007/images/bc1eb7036c4e3927b3a3342c25b92676ba1602aa.jpg,True,downloaded,
2ecf91b28f9dea4d349d095a04f762050ae153ab,301cb16b2f772884d9f942680487e26ffe0b98a4,-15.87965047282533,-47.81267369948774,-15.87965316822076,-47.81269956357105,2025-01,2025,sUvc3a_ocRzH0q3m3W6S8Q,87.71442869920494,© Google,OK,9_3,198784.5751733601,8242352.804930522,a3fe7111abd1b1d72bbb385333b7ac48c8be9e6e,cardinal,4,0,0_deg_north,cardinal,0,0,90,640,640,7,batch_0007,153,datasets/df_2024_proportional/batch_0007/images/a3fe7111abd1b1d72bbb385333b7ac48c8be9e6e.jpg,https://raw.githubusercontent.com/GUIA-DD/dataset-streetview/main/datasets/df_2024_proportional/batch_0007/images/a3fe7111abd1b1d72bbb385333b7ac48c8be9e6e.jpg,True,downloaded,
2ecf91b28f9dea4d349d095a04f762050ae153ab,301cb16b2f772884d9f942680487e26ffe0b98a4,-15.87965047282533,-47.81267369948774,-15.87965316822076,-47.81269956357105,2025-01,2025,sUvc3a_ocRzH0q3m3W6S8Q,87.71442869920494,© Google,OK,9_3,198784.5751733601,8242352.804930522,7abe297ca6df44febb6aa711ffb14350128bc30b,cardinal,4,1,90_deg_east,cardinal,90,0,90,640,640,7,batch_0007,154,datasets/df_2024_proportional/batch_0007/images/7abe297ca6df44febb6aa711ffb14350128bc30b.jpg,https://raw.githubusercontent.com/GUIA-DD/dataset-streetview/main/datasets/df_2024_proportional/batch_0007/images/7abe297ca6df44febb6aa711ffb14350128bc30b.jpg,True,downloaded,
2ecf91b28f9dea4d349d095a04f762050ae153ab,301cb16b2f772884d9f942680487e26ffe0b98a4,-15.87965047282533,-47.81267369948774,-15.87965316822076,-47.81269956357105,2025-01,2025,sUvc3a_ocRzH0q3m3W6S8Q,87.71442869920494,© Google,OK,9_3,198784.5751733601,8242352.804930522,64fed829c7c30d70013f9743d447a3e3b4e318a7,cardinal,4,2,180_deg_south,cardinal,180,0,90,640,640,7,batch_0007,155,datasets/df_2024_proportional/batch_0007/images/64fed829c7c30d70013f9743d447a3e3b4e318a7.jpg,https://raw.githubusercontent.com/GUIA-DD/dataset-streetview/main/datasets/df_2024_proportional/batch_0007/images/64fed829c7c30d70013f9743d447a3e3b4e318a7.jpg,True,downloaded,
2ecf91b28f9dea4d349d095a04f762050ae153ab,301cb16b2f772884d9f942680487e26ffe0b98a4,-15.87965047282533,-47.81267369948774,-15.87965316822076,-47.81269956357105,2025-01,2025,sUvc3a_ocRzH0q3m3W6S8Q,87.71442869920494,© Google,OK,9_3,198784.5751733601,8242352.804930522,c58d989b3bca9b2d15f5c36c36b6530c60266797,cardinal,4,3,270_deg_west,cardinal,270,0,90,640,640,7,batch_0007,156,datasets/df_2024_proportional/batch_0007/images/c58d989b3bca9b2d15f5c36c36b6530c60266797.jpg,https://raw.githubusercontent.com/GUIA-DD/dataset-streetview/main/datasets/df_2024_proportional/batch_0007/images/c58d989b3bca9b2d15f5c36c36b6530c60266797.jpg,True,downloaded,
2ef7ed2566a3a351e6abbd29c31b5fd47c6362f0,5f5f1059a0608b234965e6111e68826a37c45905,-15.602796550761896,-47.69366029946194,-15.60280935175779,-47.69365422329417,2024-07,2024,kv0RCQbkXRvAz8k17vOrOg,64.6250334110792,© Google,OK,12_10,211146.9577567808,8273173.00184757,548b30981474800ca607e9b7075f10a8905a500c,cardinal,4,0,0_deg_north,cardinal,0,0,90,640,640,7,batch_0007,157,datasets/df_2024_proportional/batch_0007/images/548b30981474800ca607e9b7075f10a8905a500c.jpg,https://raw.githubusercontent.com/GUIA-DD/dataset-streetview/main/datasets/df_2024_proportional/batch_0007/images/548b30981474800ca607e9b7075f10a8905a500c.jpg,True,downloaded,
2ef7ed2566a3a351e6abbd29c31b5fd47c6362f0,5f5f1059a0608b234965e6111e68826a37c45905,-15.602796550761896,-47.69366029946194,-15.60280935175779,-47.69365422329417,2024-07,2024,kv0RCQbkXRvAz8k17vOrOg,64.6250334110792,© Google,OK,12_10,211146.9577567808,8273173.00184757,971ad0cc7339530f590ae2e030825380ac7d9889,cardinal,4,1,90_deg_east,cardinal,90,0,90,640,640,7,batch_0007,158,datasets/df_2024_proportional/batch_0007/images/971ad0cc7339530f590ae2e030825380ac7d9889.jpg,https://raw.githubusercontent.com/GUIA-DD/dataset-streetview/main/datasets/df_2024_proportional/batch_0007/images/971ad0cc7339530f590ae2e030825380ac7d9889.jpg,True,downloaded,
2ef7ed2566a3a351e6abbd29c31b5fd47c6362f0,5f5f1059a0608b234965e6111e68826a37c45905,-15.602796550761896,-47.69366029946194,-15.60280935175779,-47.69365422329417,2024-07,2024,kv0RCQbkXRvAz8k17vOrOg,64.6250334110792,© Google,OK,12_10,211146.9577567808,8273173.00184757,98bf06f11596bca036b70a15b22db58a06cca52e,cardinal,4,2,180_deg_south,cardinal,180,0,90,640,640,7,batch_0007,159,datasets/df_2024_proportional/batch_0007/images/98bf06f11596bca036b70a15b22db58a06cca52e.jpg,https://raw.githubusercontent.com/GUIA-DD/dataset-streetview/main/datasets/df_2024_proportional/batch_0007/images/98bf06f11596bca036b70a15b22db58a06cca52e.jpg,True,downloaded,
2ef7ed2566a3a351e6abbd29c31b5fd47c6362f0,5f5f1059a0608b234965e6111e68826a37c45905,-15.602796550761896,-47.69366029946194,-15.60280935175779,-47.69365422329417,2024-07,2024,kv0RCQbkXRvAz8k17vOrOg,64.6250334110792,© Google,OK,12_10,211146.9577567808,8273173.00184757,90d70bc281eff24f8d68e20502a9cabdc7987897,cardinal,4,3,270_deg_west,cardinal,270,0,90,640,640,7,batch_0007,160,datasets/df_2024_proportional/batch_0007/images/90d70bc281eff24f8d68e20502a9cabdc7987897.jpg,https://raw.githubusercontent.com/GUIA-DD/dataset-streetview/main/datasets/df_2024_proportional/batch_0007/images/90d70bc281eff24f8d68e20502a9cabdc7987897.jpg,True,downloaded,
31067745ca221149d24a1000948367ff7a51091a,5f2b3de737266f08800b20840c41c0d78d146ad2,-16.004991200087346,-47.9903924499793,-16.00500930856403,-47.99042368185388,2025-01,2025,n9bA3rArQFI01qTjtvScMw,77.47674618645964,© Google,OK,6_1,179937.09063725188,8228208.083029276,d47305b0e687ea9aa6a942163dae2bf1270be448,cardinal,4,0,0_deg_north,cardinal,0,0,90,640,640,7,batch_0007,161,datasets/df_2024_proportional/batch_0007/images/d47305b0e687ea9aa6a942163dae2bf1270be448.jpg,https://raw.githubusercontent.com/GUIA-DD/dataset-streetview/main/datasets/df_2024_proportional/batch_0007/images/d47305b0e687ea9aa6a942163dae2bf1270be448.jpg,True,downloaded,
31067745ca221149d24a1000948367ff7a51091a,5f2b3de737266f08800b20840c41c0d78d146ad2,-16.004991200087346,-47.9903924499793,-16.00500930856403,-47.99042368185388,2025-01,2025,n9bA3rArQFI01qTjtvScMw,77.47674618645964,© Google,OK,6_1,179937.09063725188,8228208.083029276,f5bcf9f195e368bd7c80450ccab23bc8cecefe84,cardinal,4,1,90_deg_east,cardinal,90,0,90,640,640,7,batch_0007,162,datasets/df_2024_proportional/batch_0007/images/f5bcf9f195e368bd7c80450ccab23bc8cecefe84.jpg,https://raw.githubusercontent.com/GUIA-DD/dataset-streetview/main/datasets/df_2024_proportional/batch_0007/images/f5bcf9f195e368bd7c80450ccab23bc8cecefe84.jpg,True,downloaded,
31067745ca221149d24a1000948367ff7a51091a,5f2b3de737266f08800b20840c41c0d78d146ad2,-16.004991200087346,-47.9903924499793,-16.00500930856403,-47.99042368185388,2025-01,2025,n9bA3rArQFI01qTjtvScMw,77.47674618645964,© Google,OK,6_1,179937.09063725188,8228208.083029276,c8b049b7093c23dea403b6f8d14bc4a7dd4be8d0,cardinal,4,2,180_deg_south,cardinal,180,0,90,640,640,7,batch_0007,163,datasets/df_2024_proportional/batch_0007/images/c8b049b7093c23dea403b6f8d14bc4a7dd4be8d0.jpg,https://raw.githubusercontent.com/GUIA-DD/dataset-streetview/main/datasets/df_2024_proportional/batch_0007/images/c8b049b7093c23dea403b6f8d14bc4a7dd4be8d0.jpg,True,downloaded,
31067745ca221149d24a1000948367ff7a51091a,5f2b3de737266f08800b20840c41c0d78d146ad2,-16.004991200087346,-47.9903924499793,-16.00500930856403,-47.99042368185388,2025-01,2025,n9bA3rArQFI01qTjtvScMw,77.47674618645964,© Google,OK,6_1,179937.09063725188,8228208.083029276,3ce50708d80287ac835737ba2cb8e09505c8c566,cardinal,4,3,270_deg_west,cardinal,270,0,90,640,640,7,batch_0007,164,datasets/df_2024_proportional/batch_0007/images/3ce50708d80287ac835737ba2cb8e09505c8c566.jpg,https://raw.githubusercontent.com/GUIA-DD/dataset-streetview/main/datasets/df_2024_proportional/batch_0007/images/3ce50708d80287ac835737ba2cb8e09505c8c566.jpg,True,downloaded,
3339594d3b23442d273fc0ba7ba0a6df52dbd07d,8fea41c404b39af8dfd74046d2dace5a88ba93c4,-16.00415545001175,-48.07171060001795,-16.00418873170161,-48.07168015066135,2024-11,2024,eDT9RhuEu5DczDP4KAHb0w,297.28370482995007,© Google,OK,4_1,171225.1779931009,8228173.468553394,1d87dc5d8cff91e97550a1cc33d0aefa0954b0e1,cardinal,4,0,0_deg_north,cardinal,0,0,90,640,640,7,batch_0007,165,datasets/df_2024_proportional/batch_0007/images/1d87dc5d8cff91e97550a1cc33d0aefa0954b0e1.jpg,https://raw.githubusercontent.com/GUIA-DD/dataset-streetview/main/datasets/df_2024_proportional/batch_0007/images/1d87dc5d8cff91e97550a1cc33d0aefa0954b0e1.jpg,True,downloaded,
3339594d3b23442d273fc0ba7ba0a6df52dbd07d,8fea41c404b39af8dfd74046d2dace5a88ba93c4,-16.00415545001175,-48.07171060001795,-16.00418873170161,-48.07168015066135,2024-11,2024,eDT9RhuEu5DczDP4KAHb0w,297.28370482995007,© Google,OK,4_1,171225.1779931009,8228173.468553394,0cbbe6792a1df7fa687626f79003f69f22afd9b7,cardinal,4,1,90_deg_east,cardinal,90,0,90,640,640,7,batch_0007,166,datasets/df_2024_proportional/batch_0007/images/0cbbe6792a1df7fa687626f79003f69f22afd9b7.jpg,https://raw.githubusercontent.com/GUIA-DD/dataset-streetview/main/datasets/df_2024_proportional/batch_0007/images/0cbbe6792a1df7fa687626f79003f69f22afd9b7.jpg,True,downloaded,
3339594d3b23442d273fc0ba7ba0a6df52dbd07d,8fea41c404b39af8dfd74046d2dace5a88ba93c4,-16.00415545001175,-48.07171060001795,-16.00418873170161,-48.07168015066135,2024-11,2024,eDT9RhuEu5DczDP4KAHb0w,297.28370482995007,© Google,OK,4_1,171225.1779931009,8228173.468553394,5598306db1229735176a20121660e737c88384ac,cardinal,4,2,180_deg_south,cardinal,180,0,90,640,640,7,batch_0007,167,datasets/df_2024_proportional/batch_0007/images/5598306db1229735176a20121660e737c88384ac.jpg,https://raw.githubusercontent.com/GUIA-DD/dataset-streetview/main/datasets/df_2024_proportional/batch_0007/images/5598306db1229735176a20121660e737c88384ac.jpg,True,downloaded,
3339594d3b23442d273fc0ba7ba0a6df52dbd07d,8fea41c404b39af8dfd74046d2dace5a88ba93c4,-16.00415545001175,-48.07171060001795,-16.00418873170161,-48.07168015066135,2024-11,2024,eDT9RhuEu5DczDP4KAHb0w,297.28370482995007,© Google,OK,4_1,171225.1779931009,8228173.468553394,9ec963189fde0646721cdfdb84412afeb49fcb37,cardinal,4,3,270_deg_west,cardinal,270,0,90,640,640,7,batch_0007,168,datasets/df_2024_proportional/batch_0007/images/9ec963189fde0646721cdfdb84412afeb49fcb37.jpg,https://raw.githubusercontent.com/GUIA-DD/dataset-streetview/main/datasets/df_2024_proportional/batch_0007/images/9ec963189fde0646721cdfdb84412afeb49fcb37.jpg,True,downloaded,
33a057cd33a09ef3da3c717c92bcf5933fd69685,92ef1ef7efe668d0ea00324da0ab911dffb9d844,-16.046913051002758,-48.043204902207975,-16.04694123772763,-48.04318020493259,2025-02,2025,c8gvb26dBVbUqY8OAaWD0w,306.04587605558595,© Google,OK,5_0,174348.194814073,8223483.120462252,946c33b3b867350507ce6121cadb3f950f6b1caf,cardinal,4,0,0_deg_north,cardinal,0,0,90,640,640,7,batch_0007,169,datasets/df_2024_proportional/batch_0007/images/946c33b3b867350507ce6121cadb3f950f6b1caf.jpg,https://raw.githubusercontent.com/GUIA-DD/dataset-streetview/main/datasets/df_2024_proportional/batch_0007/images/946c33b3b867350507ce6121cadb3f950f6b1caf.jpg,True,downloaded,
33a057cd33a09ef3da3c717c92bcf5933fd69685,92ef1ef7efe668d0ea00324da0ab911dffb9d844,-16.046913051002758,-48.043204902207975,-16.04694123772763,-48.04318020493259,2025-02,2025,c8gvb26dBVbUqY8OAaWD0w,306.04587605558595,© Google,OK,5_0,174348.194814073,8223483.120462252,311b88b422834a596b209abe475873acc7ceb19c,cardinal,4,1,90_deg_east,cardinal,90,0,90,640,640,7,batch_0007,170,datasets/df_2024_proportional/batch_0007/images/311b88b422834a596b209abe475873acc7ceb19c.jpg,https://raw.githubusercontent.com/GUIA-DD/dataset-streetview/main/datasets/df_2024_proportional/batch_0007/images/311b88b422834a596b209abe475873acc7ceb19c.jpg,True,downloaded,
33a057cd33a09ef3da3c717c92bcf5933fd69685,92ef1ef7efe668d0ea00324da0ab911dffb9d844,-16.046913051002758,-48.043204902207975,-16.04694123772763,-48.04318020493259,2025-02,2025,c8gvb26dBVbUqY8OAaWD0w,306.04587605558595,© Google,OK,5_0,174348.194814073,8223483.120462252,85eef56e3db1de17e48c48a97feec87fbede359b,cardinal,4,2,180_deg_south,cardinal,180,0,90,640,640,7,batch_0007,171,datasets/df_2024_proportional/batch_0007/images/85eef56e3db1de17e48c48a97feec87fbede359b.jpg,https://raw.githubusercontent.com/GUIA-DD/dataset-streetview/main/datasets/df_2024_proportional/batch_0007/images/85eef56e3db1de17e48c48a97feec87fbede359b.jpg,True,downloaded,
33a057cd33a09ef3da3c717c92bcf5933fd69685,92ef1ef7efe668d0ea00324da0ab911dffb9d844,-16.046913051002758,-48.043204902207975,-16.04694123772763,-48.04318020493259,2025-02,2025,c8gvb26dBVbUqY8OAaWD0w,306.04587605558595,© Google,OK,5_0,174348.194814073,8223483.120462252,f835eaf6f64779a3268c823927373d7408d1aad0,cardinal,4,3,270_deg_west,cardinal,270,0,90,640,640,7,batch_0007,172,datasets/df_2024_proportional/batch_0007/images/f835eaf6f64779a3268c823927373d7408d1aad0.jpg,https://raw.githubusercontent.com/GUIA-DD/dataset-streetview/main/datasets/df_2024_proportional/batch_0007/images/f835eaf6f64779a3268c823927373d7408d1aad0.jpg,True,downloaded,
3474f6143c0565612b1ccd336e8019a4b0b3b9e1,e9910bb49831da6663fa520f86e014a61863c858,-15.64708625001226,-47.7779972501332,-15.64706950870622,-47.77798956471277,2024-07,2024,VfusdyiflPKA5sVTLwulsw,334.4487272825269,© Google,OK,10_9,202161.2131158891,8268152.814820963,72dd4dbf58a60a39f3f629a7d87650e31003ce83,cardinal,4,0,0_deg_north,cardinal,0,0,90,640,640,7,batch_0007,173,datasets/df_2024_proportional/batch_0007/images/72dd4dbf58a60a39f3f629a7d87650e31003ce83.jpg,https://raw.githubusercontent.com/GUIA-DD/dataset-streetview/main/datasets/df_2024_proportional/batch_0007/images/72dd4dbf58a60a39f3f629a7d87650e31003ce83.jpg,True,downloaded,
3474f6143c0565612b1ccd336e8019a4b0b3b9e1,e9910bb49831da6663fa520f86e014a61863c858,-15.64708625001226,-47.7779972501332,-15.64706950870622,-47.77798956471277,2024-07,2024,VfusdyiflPKA5sVTLwulsw,334.4487272825269,© Google,OK,10_9,202161.2131158891,8268152.814820963,e542c3dd293cf36842ef358773334d194937c0fd,cardinal,4,1,90_deg_east,cardinal,90,0,90,640,640,7,batch_0007,174,datasets/df_2024_proportional/batch_0007/images/e542c3dd293cf36842ef358773334d194937c0fd.jpg,https://raw.githubusercontent.com/GUIA-DD/dataset-streetview/main/datasets/df_2024_proportional/batch_0007/images/e542c3dd293cf36842ef358773334d194937c0fd.jpg,True,downloaded,
3474f6143c0565612b1ccd336e8019a4b0b3b9e1,e9910bb49831da6663fa520f86e014a61863c858,-15.64708625001226,-47.7779972501332,-15.64706950870622,-47.77798956471277,2024-07,2024,VfusdyiflPKA5sVTLwulsw,334.4487272825269,© Google,OK,10_9,202161.2131158891,8268152.814820963,f7c7239c487205bc433ce84da420715ecae82eb1,cardinal,4,2,180_deg_south,cardinal,180,0,90,640,640,7,batch_0007,175,datasets/df_2024_proportional/batch_0007/images/f7c7239c487205bc433ce84da420715ecae82eb1.jpg,https://raw.githubusercontent.com/GUIA-DD/dataset-streetview/main/datasets/df_2024_proportional/batch_0007/images/f7c7239c487205bc433ce84da420715ecae82eb1.jpg,True,downloaded,
3474f6143c0565612b1ccd336e8019a4b0b3b9e1,e9910bb49831da6663fa520f86e014a61863c858,-15.64708625001226,-47.7779972501332,-15.64706950870622,-47.77798956471277,2024-07,2024,VfusdyiflPKA5sVTLwulsw,334.4487272825269,© Google,OK,10_9,202161.2131158891,8268152.814820963,93930affd2d12f7e1e96f2afbe1d80a2d08c48a2,cardinal,4,3,270_deg_west,cardinal,270,0,90,640,640,7,batch_0007,176,datasets/df_2024_proportional/batch_0007/images/93930affd2d12f7e1e96f2afbe1d80a2d08c48a2.jpg,https://raw.githubusercontent.com/GUIA-DD/dataset-streetview/main/datasets/df_2024_proportional/batch_0007/images/93930affd2d12f7e1e96f2afbe1d80a2d08c48a2.jpg,True,downloaded,
353aaae8b3e85a13c3a79c0af8db956c7d2d9a1b,be7ce2288e816b7bf26fdc19a56a57aaaea5ac9e,-15.84566639999967,-47.97074000000098,-15.84565004752132,-47.9707565617278,2024-06,2024,GDDIsIGck_afl2TxOiJ3HQ,173.44455763761584,© Google,OK,6_4,181790.875633452,8245882.077677926,c3dd63abce2c5803e19526f5e5bd8b785a2473ce,cardinal,4,0,0_deg_north,cardinal,0,0,90,640,640,7,batch_0007,177,datasets/df_2024_proportional/batch_0007/images/c3dd63abce2c5803e19526f5e5bd8b785a2473ce.jpg,https://raw.githubusercontent.com/GUIA-DD/dataset-streetview/main/datasets/df_2024_proportional/batch_0007/images/c3dd63abce2c5803e19526f5e5bd8b785a2473ce.jpg,True,downloaded,
353aaae8b3e85a13c3a79c0af8db956c7d2d9a1b,be7ce2288e816b7bf26fdc19a56a57aaaea5ac9e,-15.84566639999967,-47.97074000000098,-15.84565004752132,-47.9707565617278,2024-06,2024,GDDIsIGck_afl2TxOiJ3HQ,173.44455763761584,© Google,OK,6_4,181790.875633452,8245882.077677926,ffc4d1a3a2e8a3e80a629962a0215a7f6416ca47,cardinal,4,1,90_deg_east,cardinal,90,0,90,640,640,7,batch_0007,178,datasets/df_2024_proportional/batch_0007/images/ffc4d1a3a2e8a3e80a629962a0215a7f6416ca47.jpg,https://raw.githubusercontent.com/GUIA-DD/dataset-streetview/main/datasets/df_2024_proportional/batch_0007/images/ffc4d1a3a2e8a3e80a629962a0215a7f6416ca47.jpg,True,downloaded,
353aaae8b3e85a13c3a79c0af8db956c7d2d9a1b,be7ce2288e816b7bf26fdc19a56a57aaaea5ac9e,-15.84566639999967,-47.97074000000098,-15.84565004752132,-47.9707565617278,2024-06,2024,GDDIsIGck_afl2TxOiJ3HQ,173.44455763761584,© Google,OK,6_4,181790.875633452,8245882.077677926,d5db3c1db29fea89f587df15f9c2675a874cd9cc,cardinal,4,2,180_deg_south,cardinal,180,0,90,640,640,7,batch_0007,179,datasets/df_2024_proportional/batch_0007/images/d5db3c1db29fea89f587df15f9c2675a874cd9cc.jpg,https://raw.githubusercontent.com/GUIA-DD/dataset-streetview/main/datasets/df_2024_proportional/batch_0007/images/d5db3c1db29fea89f587df15f9c2675a874cd9cc.jpg,True,downloaded,
353aaae8b3e85a13c3a79c0af8db956c7d2d9a1b,be7ce2288e816b7bf26fdc19a56a57aaaea5ac9e,-15.84566639999967,-47.97074000000098,-15.84565004752132,-47.9707565617278,2024-06,2024,GDDIsIGck_afl2TxOiJ3HQ,173.44455763761584,© Google,OK,6_4,181790.875633452,8245882.077677926,540ba2a8b131290f2486ebc1ef5ffa479c5af14f,cardinal,4,3,270_deg_west,cardinal,270,0,90,640,640,7,batch_0007,180,datasets/df_2024_proportional/batch_0007/images/540ba2a8b131290f2486ebc1ef5ffa479c5af14f.jpg,https://raw.githubusercontent.com/GUIA-DD/dataset-streetview/main/datasets/df_2024_proportional/batch_0007/images/540ba2a8b131290f2486ebc1ef5ffa479c5af14f.jpg,True,downloaded,
3b269632642c5608d5f5ffcd97ee15c35b2dab56,c59433cd902935db22a5f5814da3ef4547fed0a9,-16.019063600017834,-48.06563799995852,-16.01904021889187,-48.06561312286532,2025-05,2025,7YoRgVUOXqyWJX9nFgiEYQ,29.694923296419024,© Google,OK,4_0,171900.06892592573,8226532.008652432,ef24ea335b841cd8c797bdd2fc2b82c195870602,cardinal,4,0,0_deg_north,cardinal,0,0,90,640,640,7,batch_0007,181,datasets/df_2024_proportional/batch_0007/images/ef24ea335b841cd8c797bdd2fc2b82c195870602.jpg,https://raw.githubusercontent.com/GUIA-DD/dataset-streetview/main/datasets/df_2024_proportional/batch_0007/images/ef24ea335b841cd8c797bdd2fc2b82c195870602.jpg,True,downloaded,
3b269632642c5608d5f5ffcd97ee15c35b2dab56,c59433cd902935db22a5f5814da3ef4547fed0a9,-16.019063600017834,-48.06563799995852,-16.01904021889187,-48.06561312286532,2025-05,2025,7YoRgVUOXqyWJX9nFgiEYQ,29.694923296419024,© Google,OK,4_0,171900.06892592573,8226532.008652432,b6a15fc264c71c0c04552af07779185c67ec0209,cardinal,4,1,90_deg_east,cardinal,90,0,90,640,640,7,batch_0007,182,datasets/df_2024_proportional/batch_0007/images/b6a15fc264c71c0c04552af07779185c67ec0209.jpg,https://raw.githubusercontent.com/GUIA-DD/dataset-streetview/main/datasets/df_2024_proportional/batch_0007/images/b6a15fc264c71c0c04552af07779185c67ec0209.jpg,True,downloaded,
3b269632642c5608d5f5ffcd97ee15c35b2dab56,c59433cd902935db22a5f5814da3ef4547fed0a9,-16.019063600017834,-48.06563799995852,-16.01904021889187,-48.06561312286532,2025-05,2025,7YoRgVUOXqyWJX9nFgiEYQ,29.694923296419024,© Google,OK,4_0,171900.06892592573,8226532.008652432,7a1d087424b7d84a32a341f3b57d77a57f43de60,cardinal,4,2,180_deg_south,cardinal,180,0,90,640,640,7,batch_0007,183,datasets/df_2024_proportional/batch_0007/images/7a1d087424b7d84a32a341f3b57d77a57f43de60.jpg,https://raw.githubusercontent.com/GUIA-DD/dataset-streetview/main/datasets/df_2024_proportional/batch_0007/images/7a1d087424b7d84a32a341f3b57d77a57f43de60.jpg,True,downloaded,
3b269632642c5608d5f5ffcd97ee15c35b2dab56,c59433cd902935db22a5f5814da3ef4547fed0a9,-16.019063600017834,-48.06563799995852,-16.01904021889187,-48.06561312286532,2025-05,2025,7YoRgVUOXqyWJX9nFgiEYQ,29.694923296419024,© Google,OK,4_0,171900.06892592573,8226532.008652432,6dd99d6c7eeb42741bfc5f907dd871ab408d7dca,cardinal,4,3,270_deg_west,cardinal,270,0,90,640,640,7,batch_0007,184,datasets/df_2024_proportional/batch_0007/images/6dd99d6c7eeb42741bfc5f907dd871ab408d7dca.jpg,https://raw.githubusercontent.com/GUIA-DD/dataset-streetview/main/datasets/df_2024_proportional/batch_0007/images/6dd99d6c7eeb42741bfc5f907dd871ab408d7dca.jpg,True,downloaded,
3b2fdc82ffe192b531b781f9ddf17da3def7e280,f46f97fdddc0de8b2e68917b0db27cb889aa2e67,-15.88654353108444,-48.12665658090609,-15.88658425203009,-48.12664493246485,2025-03,2025,5iBmrNPBgLcK1zO9cSEwzA,332.6644113534646,© Google,OK,3_3,165143.71464556854,8241111.684230331,a86f770fec44a401940d80d27d33363f69728e47,cardinal,4,0,0_deg_north,cardinal,0,0,90,640,640,7,batch_0007,185,datasets/df_2024_proportional/batch_0007/images/a86f770fec44a401940d80d27d33363f69728e47.jpg,https://raw.githubusercontent.com/GUIA-DD/dataset-streetview/main/datasets/df_2024_proportional/batch_0007/images/a86f770fec44a401940d80d27d33363f69728e47.jpg,True,downloaded,
3b2fdc82ffe192b531b781f9ddf17da3def7e280,f46f97fdddc0de8b2e68917b0db27cb889aa2e67,-15.88654353108444,-48.12665658090609,-15.88658425203009,-48.12664493246485,2025-03,2025,5iBmrNPBgLcK1zO9cSEwzA,332.6644113534646,© Google,OK,3_3,165143.71464556854,8241111.684230331,cbbfe1d33398825cf8a5f4c2757c5edb981f8ffd,cardinal,4,1,90_deg_east,cardinal,90,0,90,640,640,7,batch_0007,186,datasets/df_2024_proportional/batch_0007/images/cbbfe1d33398825cf8a5f4c2757c5edb981f8ffd.jpg,https://raw.githubusercontent.com/GUIA-DD/dataset-streetview/main/datasets/df_2024_proportional/batch_0007/images/cbbfe1d33398825cf8a5f4c2757c5edb981f8ffd.jpg,True,downloaded,
3b2fdc82ffe192b531b781f9ddf17da3def7e280,f46f97fdddc0de8b2e68917b0db27cb889aa2e67,-15.88654353108444,-48.12665658090609,-15.88658425203009,-48.12664493246485,2025-03,2025,5iBmrNPBgLcK1zO9cSEwzA,332.6644113534646,© Google,OK,3_3,165143.71464556854,8241111.684230331,e8af6189d5ddce804f26e20e634b544b1fd9bf10,cardinal,4,2,180_deg_south,cardinal,180,0,90,640,640,7,batch_0007,187,datasets/df_2024_proportional/batch_0007/images/e8af6189d5ddce804f26e20e634b544b1fd9bf10.jpg,https://raw.githubusercontent.com/GUIA-DD/dataset-streetview/main/datasets/df_2024_proportional/batch_0007/images/e8af6189d5ddce804f26e20e634b544b1fd9bf10.jpg,True,downloaded,
3b2fdc82ffe192b531b781f9ddf17da3def7e280,f46f97fdddc0de8b2e68917b0db27cb889aa2e67,-15.88654353108444,-48.12665658090609,-15.88658425203009,-48.12664493246485,2025-03,2025,5iBmrNPBgLcK1zO9cSEwzA,332.6644113534646,© Google,OK,3_3,165143.71464556854,8241111.684230331,aa9c59243325c352dd7902102ab1175452473e56,cardinal,4,3,270_deg_west,cardinal,270,0,90,640,640,7,batch_0007,188,datasets/df_2024_proportional/batch_0007/images/aa9c59243325c352dd7902102ab1175452473e56.jpg,https://raw.githubusercontent.com/GUIA-DD/dataset-streetview/main/datasets/df_2024_proportional/batch_0007/images/aa9c59243325c352dd7902102ab1175452473e56.jpg,True,downloaded,
3bd675f882bbca8971d70b0efa245fd0f1418fa7,4b4437940a6e8e363a9b20900ffd1214f346df7a,-15.778731350000523,-47.77811369999549,-15.77876287495156,-47.77813349836524,2024-06,2024,BJmaZOpPps2AHMo7rFpNBg,181.07277498399745,© Google,OK,10_6,202340.27486608693,8253576.47371804,ba347c67a4681c14f107971ad3f7fe7f52567564,cardinal,4,0,0_deg_north,cardinal,0,0,90,640,640,7,batch_0007,189,datasets/df_2024_proportional/batch_0007/images/ba347c67a4681c14f107971ad3f7fe7f52567564.jpg,https://raw.githubusercontent.com/GUIA-DD/dataset-streetview/main/datasets/df_2024_proportional/batch_0007/images/ba347c67a4681c14f107971ad3f7fe7f52567564.jpg,True,downloaded,
3bd675f882bbca8971d70b0efa245fd0f1418fa7,4b4437940a6e8e363a9b20900ffd1214f346df7a,-15.778731350000523,-47.77811369999549,-15.77876287495156,-47.77813349836524,2024-06,2024,BJmaZOpPps2AHMo7rFpNBg,181.07277498399745,© Google,OK,10_6,202340.27486608693,8253576.47371804,63591642a99e75c0ba20a660477894d5c328c2a7,cardinal,4,1,90_deg_east,cardinal,90,0,90,640,640,7,batch_0007,190,datasets/df_2024_proportional/batch_0007/images/63591642a99e75c0ba20a660477894d5c328c2a7.jpg,https://raw.githubusercontent.com/GUIA-DD/dataset-streetview/main/datasets/df_2024_proportional/batch_0007/images/63591642a99e75c0ba20a660477894d5c328c2a7.jpg,True,downloaded,
3bd675f882bbca8971d70b0efa245fd0f1418fa7,4b4437940a6e8e363a9b20900ffd1214f346df7a,-15.778731350000523,-47.77811369999549,-15.77876287495156,-47.77813349836524,2024-06,2024,BJmaZOpPps2AHMo7rFpNBg,181.07277498399745,© Google,OK,10_6,202340.27486608693,8253576.47371804,9d0430d69630a8a6087a2eff9757f2250b0d4cc8,cardinal,4,2,180_deg_south,cardinal,180,0,90,640,640,7,batch_0007,191,datasets/df_2024_proportional/batch_0007/images/9d0430d69630a8a6087a2eff9757f2250b0d4cc8.jpg,https://raw.githubusercontent.com/GUIA-DD/dataset-streetview/main/datasets/df_2024_proportional/batch_0007/images/9d0430d69630a8a6087a2eff9757f2250b0d4cc8.jpg,True,downloaded,
3bd675f882bbca8971d70b0efa245fd0f1418fa7,4b4437940a6e8e363a9b20900ffd1214f346df7a,-15.778731350000523,-47.77811369999549,-15.77876287495156,-47.77813349836524,2024-06,2024,BJmaZOpPps2AHMo7rFpNBg,181.07277498399745,© Google,OK,10_6,202340.27486608693,8253576.47371804,2f259df3d3f870092e3f6f332e25b85d4b127d53,cardinal,4,3,270_deg_west,cardinal,270,0,90,640,640,7,batch_0007,192,datasets/df_2024_proportional/batch_0007/images/2f259df3d3f870092e3f6f332e25b85d4b127d53.jpg,https://raw.githubusercontent.com/GUIA-DD/dataset-streetview/main/datasets/df_2024_proportional/batch_0007/images/2f259df3d3f870092e3f6f332e25b85d4b127d53.jpg,True,downloaded,
3cc922dfd142aa0c40b2988c2d5ce6fd34a86427,3d686788453be05adbc8dc8e85ad21dcf2b82626,-16.03454240000825,-48.02787414996112,-16.03457727921116,-48.02788659600943,2025-02,2025,MOWK1ShgfJHrNnLWUjtfCQ,190.15849468801056,© Google,OK,5_0,175970.0128908974,8224877.197121701,a664432550021d10b28dbc1867f45a717d34481f,cardinal,4,0,0_deg_north,cardinal,0,0,90,640,640,7,batch_0007,193,datasets/df_2024_proportional/batch_0007/images/a664432550021d10b28dbc1867f45a717d34481f.jpg,https://raw.githubusercontent.com/GUIA-DD/dataset-streetview/main/datasets/df_2024_proportional/batch_0007/images/a664432550021d10b28dbc1867f45a717d34481f.jpg,True,downloaded,
3cc922dfd142aa0c40b2988c2d5ce6fd34a86427,3d686788453be05adbc8dc8e85ad21dcf2b82626,-16.03454240000825,-48.02787414996112,-16.03457727921116,-48.02788659600943,2025-02,2025,MOWK1ShgfJHrNnLWUjtfCQ,190.15849468801056,© Google,OK,5_0,175970.0128908974,8224877.197121701,a645ca914dc255ad0c8800e6b555010f5df413e4,cardinal,4,1,90_deg_east,cardinal,90,0,90,640,640,7,batch_0007,194,datasets/df_2024_proportional/batch_0007/images/a645ca914dc255ad0c8800e6b555010f5df413e4.jpg,https://raw.githubusercontent.com/GUIA-DD/dataset-streetview/main/datasets/df_2024_proportional/batch_0007/images/a645ca914dc255ad0c8800e6b555010f5df413e4.jpg,True,downloaded,
3cc922dfd142aa0c40b2988c2d5ce6fd34a86427,3d686788453be05adbc8dc8e85ad21dcf2b82626,-16.03454240000825,-48.02787414996112,-16.03457727921116,-48.02788659600943,2025-02,2025,MOWK1ShgfJHrNnLWUjtfCQ,190.15849468801056,© Google,OK,5_0,175970.0128908974,8224877.197121701,be48960028ac7a39dc7b949c8873ce34b06cec0e,cardinal,4,2,180_deg_south,cardinal,180,0,90,640,640,7,batch_0007,195,datasets/df_2024_proportional/batch_0007/images/be48960028ac7a39dc7b949c8873ce34b06cec0e.jpg,https://raw.githubusercontent.com/GUIA-DD/dataset-streetview/main/datasets/df_2024_proportional/batch_0007/images/be48960028ac7a39dc7b949c8873ce34b06cec0e.jpg,True,downloaded,
3cc922dfd142aa0c40b2988c2d5ce6fd34a86427,3d686788453be05adbc8dc8e85ad21dcf2b82626,-16.03454240000825,-48.02787414996112,-16.03457727921116,-48.02788659600943,2025-02,2025,MOWK1ShgfJHrNnLWUjtfCQ,190.15849468801056,© Google,OK,5_0,175970.0128908974,8224877.197121701,804b99c3271bc7b6c335fb6bc398f8c503189c4e,cardinal,4,3,270_deg_west,cardinal,270,0,90,640,640,7,batch_0007,196,datasets/df_2024_proportional/batch_0007/images/804b99c3271bc7b6c335fb6bc398f8c503189c4e.jpg,https://raw.githubusercontent.com/GUIA-DD/dataset-streetview/main/datasets/df_2024_proportional/batch_0007/images/804b99c3271bc7b6c335fb6bc398f8c503189c4e.jpg,True,downloaded,
3e5944c1673c00faf2d731c8d95c3502da252cb7,73347bfc43bc903145ec37bb1ffacf8799649437,-15.798512900024766,-47.93937620002301,-15.79849778428185,-47.93940079061897,2024-05,2024,gipgGGlsauxv4eJ8F9WDqg,107.01664778734556,© Google,OK,7_5,185079.8277856873,8251151.125673454,e4ddbe499b48d0f9bd32c8b40263261060974d64,cardinal,4,0,0_deg_north,cardinal,0,0,90,640,640,7,batch_0007,197,datasets/df_2024_proportional/batch_0007/images/e4ddbe499b48d0f9bd32c8b40263261060974d64.jpg,https://raw.githubusercontent.com/GUIA-DD/dataset-streetview/main/datasets/df_2024_proportional/batch_0007/images/e4ddbe499b48d0f9bd32c8b40263261060974d64.jpg,True,downloaded,
3e5944c1673c00faf2d731c8d95c3502da252cb7,73347bfc43bc903145ec37bb1ffacf8799649437,-15.798512900024766,-47.93937620002301,-15.79849778428185,-47.93940079061897,2024-05,2024,gipgGGlsauxv4eJ8F9WDqg,107.01664778734556,© Google,OK,7_5,185079.8277856873,8251151.125673454,6742a2a5687848649ed237f50cd8162f7b8efe80,cardinal,4,1,90_deg_east,cardinal,90,0,90,640,640,7,batch_0007,198,datasets/df_2024_proportional/batch_0007/images/6742a2a5687848649ed237f50cd8162f7b8efe80.jpg,https://raw.githubusercontent.com/GUIA-DD/dataset-streetview/main/datasets/df_2024_proportional/batch_0007/images/6742a2a5687848649ed237f50cd8162f7b8efe80.jpg,True,downloaded,
3e5944c1673c00faf2d731c8d95c3502da252cb7,73347bfc43bc903145ec37bb1ffacf8799649437,-15.798512900024766,-47.93937620002301,-15.79849778428185,-47.93940079061897,2024-05,2024,gipgGGlsauxv4eJ8F9WDqg,107.01664778734556,© Google,OK,7_5,185079.8277856873,8251151.125673454,970ce350ce0c91dcf58b6845f46228d56ca62a12,cardinal,4,2,180_deg_south,cardinal,180,0,90,640,640,7,batch_0007,199,datasets/df_2024_proportional/batch_0007/images/970ce350ce0c91dcf58b6845f46228d56ca62a12.jpg,https://raw.githubusercontent.com/GUIA-DD/dataset-streetview/main/datasets/df_2024_proportional/batch_0007/images/970ce350ce0c91dcf58b6845f46228d56ca62a12.jpg,True,downloaded,
3e5944c1673c00faf2d731c8d95c3502da252cb7,73347bfc43bc903145ec37bb1ffacf8799649437,-15.798512900024766,-47.93937620002301,-15.79849778428185,-47.93940079061897,2024-05,2024,gipgGGlsauxv4eJ8F9WDqg,107.01664778734556,© Google,OK,7_5,185079.8277856873,8251151.125673454,5525d45e10517b445d304a81231a3f70b51aaef3,cardinal,4,3,270_deg_west,cardinal,270,0,90,640,640,7,batch_0007,200,datasets/df_2024_proportional/batch_0007/images/5525d45e10517b445d304a81231a3f70b51aaef3.jpg,https://raw.githubusercontent.com/GUIA-DD/dataset-streetview/main/datasets/df_2024_proportional/batch_0007/images/5525d45e10517b445d304a81231a3f70b51aaef3.jpg,True,downloaded,
3ebd1d97ddb099c94357f29d92463b5128735c7a,c2be9ef08eb432ddedc284d9fd33847ced3d06e7,-15.857475600003657,-48.07640540004749,-15.8575044675812,-48.07641014633273,2025-06,2025,LmD12H9ZDUCPZqTEK9mehg,154.20165162260355,© Google,OK,4_4,170482.62311138643,8244410.841277955,7600c768d32cf2e360f25ad49c0d5bb2e9c2762f,cardinal,4,0,0_deg_north,cardinal,0,0,90,640,640,7,batch_0007,201,datasets/df_2024_proportional/batch_0007/images/7600c768d32cf2e360f25ad49c0d5bb2e9c2762f.jpg,https://raw.githubusercontent.com/GUIA-DD/dataset-streetview/main/datasets/df_2024_proportional/batch_0007/images/7600c768d32cf2e360f25ad49c0d5bb2e9c2762f.jpg,True,downloaded,
3ebd1d97ddb099c94357f29d92463b5128735c7a,c2be9ef08eb432ddedc284d9fd33847ced3d06e7,-15.857475600003657,-48.07640540004749,-15.8575044675812,-48.07641014633273,2025-06,2025,LmD12H9ZDUCPZqTEK9mehg,154.20165162260355,© Google,OK,4_4,170482.62311138643,8244410.841277955,478ccd437aa209910afa3140329610ef5f243989,cardinal,4,1,90_deg_east,cardinal,90,0,90,640,640,7,batch_0007,202,datasets/df_2024_proportional/batch_0007/images/478ccd437aa209910afa3140329610ef5f243989.jpg,https://raw.githubusercontent.com/GUIA-DD/dataset-streetview/main/datasets/df_2024_proportional/batch_0007/images/478ccd437aa209910afa3140329610ef5f243989.jpg,True,downloaded,
3ebd1d97ddb099c94357f29d92463b5128735c7a,c2be9ef08eb432ddedc284d9fd33847ced3d06e7,-15.857475600003657,-48.07640540004749,-15.8575044675812,-48.07641014633273,2025-06,2025,LmD12H9ZDUCPZqTEK9mehg,154.20165162260355,© Google,OK,4_4,170482.62311138643,8244410.841277955,f62fb305ab5181f14ae36d60480e398123cedc5c,cardinal,4,2,180_deg_south,cardinal,180,0,90,640,640,7,batch_0007,203,datasets/df_2024_proportional/batch_0007/images/f62fb305ab5181f14ae36d60480e398123cedc5c.jpg,https://raw.githubusercontent.com/GUIA-DD/dataset-streetview/main/datasets/df_2024_proportional/batch_0007/images/f62fb305ab5181f14ae36d60480e398123cedc5c.jpg,True,downloaded,
3ebd1d97ddb099c94357f29d92463b5128735c7a,c2be9ef08eb432ddedc284d9fd33847ced3d06e7,-15.857475600003657,-48.07640540004749,-15.8575044675812,-48.07641014633273,2025-06,2025,LmD12H9ZDUCPZqTEK9mehg,154.20165162260355,© Google,OK,4_4,170482.62311138643,8244410.841277955,2f553b3ff8af81771484bbe248b8c03bd8a6cdf9,cardinal,4,3,270_deg_west,cardinal,270,0,90,640,640,7,batch_0007,204,datasets/df_2024_proportional/batch_0007/images/2f553b3ff8af81771484bbe248b8c03bd8a6cdf9.jpg,https://raw.githubusercontent.com/GUIA-DD/dataset-streetview/main/datasets/df_2024_proportional/batch_0007/images/2f553b3ff8af81771484bbe248b8c03bd8a6cdf9.jpg,True,downloaded,
406c8d9e4913a263b80817d9c337ac3181007636,b74e484d5118a091870210faba4c12f4c526a354,-15.668393524789469,-47.83987293987122,-15.66852167441243,-47.84013108552184,2024-09,2024,4AtGrxFYVgHfrCjs2LD91w,146.25139811856354,© Google,OK,9_8,195554.2662773449,8265705.654640348,1a327a6b8266aac6896451476396090794ef6ae2,cardinal,4,0,0_deg_north,cardinal,0,0,90,640,640,7,batch_0007,205,datasets/df_2024_proportional/batch_0007/images/1a327a6b8266aac6896451476396090794ef6ae2.jpg,https://raw.githubusercontent.com/GUIA-DD/dataset-streetview/main/datasets/df_2024_proportional/batch_0007/images/1a327a6b8266aac6896451476396090794ef6ae2.jpg,True,downloaded,
406c8d9e4913a263b80817d9c337ac3181007636,b74e484d5118a091870210faba4c12f4c526a354,-15.668393524789469,-47.83987293987122,-15.66852167441243,-47.84013108552184,2024-09,2024,4AtGrxFYVgHfrCjs2LD91w,146.25139811856354,© Google,OK,9_8,195554.2662773449,8265705.654640348,504dc4526ea83ed90febb3802fffd6ddc15dc3c9,cardinal,4,1,90_deg_east,cardinal,90,0,90,640,640,7,batch_0007,206,datasets/df_2024_proportional/batch_0007/images/504dc4526ea83ed90febb3802fffd6ddc15dc3c9.jpg,https://raw.githubusercontent.com/GUIA-DD/dataset-streetview/main/datasets/df_2024_proportional/batch_0007/images/504dc4526ea83ed90febb3802fffd6ddc15dc3c9.jpg,True,downloaded,
406c8d9e4913a263b80817d9c337ac3181007636,b74e484d5118a091870210faba4c12f4c526a354,-15.668393524789469,-47.83987293987122,-15.66852167441243,-47.84013108552184,2024-09,2024,4AtGrxFYVgHfrCjs2LD91w,146.25139811856354,© Google,OK,9_8,195554.2662773449,8265705.654640348,e73af74afc4becf4004db9ba501f6fe6ba78f3a9,cardinal,4,2,180_deg_south,cardinal,180,0,90,640,640,7,batch_0007,207,datasets/df_2024_proportional/batch_0007/images/e73af74afc4becf4004db9ba501f6fe6ba78f3a9.jpg,https://raw.githubusercontent.com/GUIA-DD/dataset-streetview/main/datasets/df_2024_proportional/batch_0007/images/e73af74afc4becf4004db9ba501f6fe6ba78f3a9.jpg,True,downloaded,
406c8d9e4913a263b80817d9c337ac3181007636,b74e484d5118a091870210faba4c12f4c526a354,-15.668393524789469,-47.83987293987122,-15.66852167441243,-47.84013108552184,2024-09,2024,4AtGrxFYVgHfrCjs2LD91w,146.25139811856354,© Google,OK,9_8,195554.2662773449,8265705.654640348,e888cbf267b06a6da19a4868faacfef01022fa8e,cardinal,4,3,270_deg_west,cardinal,270,0,90,640,640,7,batch_0007,208,datasets/df_2024_proportional/batch_0007/images/e888cbf267b06a6da19a4868faacfef01022fa8e.jpg,https://raw.githubusercontent.com/GUIA-DD/dataset-streetview/main/datasets/df_2024_proportional/batch_0007/images/e888cbf267b06a6da19a4868faacfef01022fa8e.jpg,True,downloaded,
40c52f4a397fb7711b78299a4dfd728b24c6c854,3f3ab9a40db8260ca7d44dd6e16599e4d6041b5a,-15.641931000103163,-47.82311549991532,-15.64192985596759,-47.82311765006276,2024-07,2024,7QPoLW2FUVPflntBpo2VeA,241.19548193451013,© Google,OK,9_9,197312.99440248465,8268659.77043118,4fab0e9c67e768ec4a0876e7ccfd6e9bbd46dafc,cardinal,4,0,0_deg_north,cardinal,0,0,90,640,640,7,batch_0007,209,datasets/df_2024_proportional/batch_0007/images/4fab0e9c67e768ec4a0876e7ccfd6e9bbd46dafc.jpg,https://raw.githubusercontent.com/GUIA-DD/dataset-streetview/main/datasets/df_2024_proportional/batch_0007/images/4fab0e9c67e768ec4a0876e7ccfd6e9bbd46dafc.jpg,True,downloaded,
40c52f4a397fb7711b78299a4dfd728b24c6c854,3f3ab9a40db8260ca7d44dd6e16599e4d6041b5a,-15.641931000103163,-47.82311549991532,-15.64192985596759,-47.82311765006276,2024-07,2024,7QPoLW2FUVPflntBpo2VeA,241.19548193451013,© Google,OK,9_9,197312.99440248465,8268659.77043118,811115afe6ef7c5dbcea3f44eb04eac4f463738f,cardinal,4,1,90_deg_east,cardinal,90,0,90,640,640,7,batch_0007,210,datasets/df_2024_proportional/batch_0007/images/811115afe6ef7c5dbcea3f44eb04eac4f463738f.jpg,https://raw.githubusercontent.com/GUIA-DD/dataset-streetview/main/datasets/df_2024_proportional/batch_0007/images/811115afe6ef7c5dbcea3f44eb04eac4f463738f.jpg,True,downloaded,
40c52f4a397fb7711b78299a4dfd728b24c6c854,3f3ab9a40db8260ca7d44dd6e16599e4d6041b5a,-15.641931000103163,-47.82311549991532,-15.64192985596759,-47.82311765006276,2024-07,2024,7QPoLW2FUVPflntBpo2VeA,241.19548193451013,© Google,OK,9_9,197312.99440248465,8268659.77043118,c734f96093dd82b8014c51b95ac8d02f011bb7b0,cardinal,4,2,180_deg_south,cardinal,180,0,90,640,640,7,batch_0007,211,datasets/df_2024_proportional/batch_0007/images/c734f96093dd82b8014c51b95ac8d02f011bb7b0.jpg,https://raw.githubusercontent.com/GUIA-DD/dataset-streetview/main/datasets/df_2024_proportional/batch_0007/images/c734f96093dd82b8014c51b95ac8d02f011bb7b0.jpg,True,downloaded,
40c52f4a397fb7711b78299a4dfd728b24c6c854,3f3ab9a40db8260ca7d44dd6e16599e4d6041b5a,-15.641931000103163,-47.82311549991532,-15.64192985596759,-47.82311765006276,2024-07,2024,7QPoLW2FUVPflntBpo2VeA,241.19548193451013,© Google,OK,9_9,197312.99440248465,8268659.77043118,8b2e207aff2bba44f3808ef3022a4c7cdaa8394b,cardinal,4,3,270_deg_west,cardinal,270,0,90,640,640,7,batch_0007,212,datasets/df_2024_proportional/batch_0007/images/8b2e207aff2bba44f3808ef3022a4c7cdaa8394b.jpg,https://raw.githubusercontent.com/GUIA-DD/dataset-streetview/main/datasets/df_2024_proportional/batch_0007/images/8b2e207aff2bba44f3808ef3022a4c7cdaa8394b.jpg,True,downloaded,
40fda491e6bc0b2076bfbec8bb4adbd56488d4a0,0f3f94a52bcaa446e578f65e1c373a364555cfe6,-15.958603500418455,-48.030489849471664,-15.95861258527623,-48.03051873072452,2025-05,2025,oQmeBKPkxYrQspmxlx32iQ,49.610421910281055,© Google,OK,5_2,175567.169272991,8233283.078306617,49afd0db27e1f2a757a22b0f5c2bf081b344ba4b,cardinal,4,0,0_deg_north,cardinal,0,0,90,640,640,7,batch_0007,213,datasets/df_2024_proportional/batch_0007/images/49afd0db27e1f2a757a22b0f5c2bf081b344ba4b.jpg,https://raw.githubusercontent.com/GUIA-DD/dataset-streetview/main/datasets/df_2024_proportional/batch_0007/images/49afd0db27e1f2a757a22b0f5c2bf081b344ba4b.jpg,True,downloaded,
40fda491e6bc0b2076bfbec8bb4adbd56488d4a0,0f3f94a52bcaa446e578f65e1c373a364555cfe6,-15.958603500418455,-48.030489849471664,-15.95861258527623,-48.03051873072452,2025-05,2025,oQmeBKPkxYrQspmxlx32iQ,49.610421910281055,© Google,OK,5_2,175567.169272991,8233283.078306617,7ce56381c6411e379bf55048d945f3d8bd9689e2,cardinal,4,1,90_deg_east,cardinal,90,0,90,640,640,7,batch_0007,214,datasets/df_2024_proportional/batch_0007/images/7ce56381c6411e379bf55048d945f3d8bd9689e2.jpg,https://raw.githubusercontent.com/GUIA-DD/dataset-streetview/main/datasets/df_2024_proportional/batch_0007/images/7ce56381c6411e379bf55048d945f3d8bd9689e2.jpg,True,downloaded,
40fda491e6bc0b2076bfbec8bb4adbd56488d4a0,0f3f94a52bcaa446e578f65e1c373a364555cfe6,-15.958603500418455,-48.030489849471664,-15.95861258527623,-48.03051873072452,2025-05,2025,oQmeBKPkxYrQspmxlx32iQ,49.610421910281055,© Google,OK,5_2,175567.169272991,8233283.078306617,3c538a4bd3c4e58a5c7015cd194e65eb6ab5def0,cardinal,4,2,180_deg_south,cardinal,180,0,90,640,640,7,batch_0007,215,datasets/df_2024_proportional/batch_0007/images/3c538a4bd3c4e58a5c7015cd194e65eb6ab5def0.jpg,https://raw.githubusercontent.com/GUIA-DD/dataset-streetview/main/datasets/df_2024_proportional/batch_0007/images/3c538a4bd3c4e58a5c7015cd194e65eb6ab5def0.jpg,True,downloaded,
40fda491e6bc0b2076bfbec8bb4adbd56488d4a0,0f3f94a52bcaa446e578f65e1c373a364555cfe6,-15.958603500418455,-48.030489849471664,-15.95861258527623,-48.03051873072452,2025-05,2025,oQmeBKPkxYrQspmxlx32iQ,49.610421910281055,© Google,OK,5_2,175567.169272991,8233283.078306617,0207b978ef42e14c79e50347cc114f88b26bac0b,cardinal,4,3,270_deg_west,cardinal,270,0,90,640,640,7,batch_0007,216,datasets/df_2024_proportional/batch_0007/images/0207b978ef42e14c79e50347cc114f88b26bac0b.jpg,https://raw.githubusercontent.com/GUIA-DD/dataset-streetview/main/datasets/df_2024_proportional/batch_0007/images/0207b978ef42e14c79e50347cc114f88b26bac0b.jpg,True,downloaded,
42e810726116986d255e2ebe903987a5fee20ba4,a0f3ccf6b8c6a1aaf14584d65d5adcc53375771c,-15.755123150000015,-47.77001265000027,-15.75510635975116,-47.77004521353174,2024-07,2024,Rzjk2cKeaolP7AVCLfEcUQ,337.0332948619956,© Google,OK,10_6,203174.47309733683,8256201.88987633,bbcee7cb348362c6f703d5b365c96f386d26a4e8,cardinal,4,0,0_deg_north,cardinal,0,0,90,640,640,7,batch_0007,217,datasets/df_2024_proportional/batch_0007/images/bbcee7cb348362c6f703d5b365c96f386d26a4e8.jpg,https://raw.githubusercontent.com/GUIA-DD/dataset-streetview/main/datasets/df_2024_proportional/batch_0007/images/bbcee7cb348362c6f703d5b365c96f386d26a4e8.jpg,True,downloaded,
42e810726116986d255e2ebe903987a5fee20ba4,a0f3ccf6b8c6a1aaf14584d65d5adcc53375771c,-15.755123150000015,-47.77001265000027,-15.75510635975116,-47.77004521353174,2024-07,2024,Rzjk2cKeaolP7AVCLfEcUQ,337.0332948619956,© Google,OK,10_6,203174.47309733683,8256201.88987633,10d011ad1b3c5a5b93804ba8b67ffe69b6c21722,cardinal,4,1,90_deg_east,cardinal,90,0,90,640,640,7,batch_0007,218,datasets/df_2024_proportional/batch_0007/images/10d011ad1b3c5a5b93804ba8b67ffe69b6c21722.jpg,https://raw.githubusercontent.com/GUIA-DD/dataset-streetview/main/datasets/df_2024_proportional/batch_0007/images/10d011ad1b3c5a5b93804ba8b67ffe69b6c21722.jpg,True,downloaded,
42e810726116986d255e2ebe903987a5fee20ba4,a0f3ccf6b8c6a1aaf14584d65d5adcc53375771c,-15.755123150000015,-47.77001265000027,-15.75510635975116,-47.77004521353174,2024-07,2024,Rzjk2cKeaolP7AVCLfEcUQ,337.0332948619956,© Google,OK,10_6,203174.47309733683,8256201.88987633,7e246337ee54ff6b18f3b59238ceeda5ba79681e,cardinal,4,2,180_deg_south,cardinal,180,0,90,640,640,7,batch_0007,219,datasets/df_2024_proportional/batch_0007/images/7e246337ee54ff6b18f3b59238ceeda5ba79681e.jpg,https://raw.githubusercontent.com/GUIA-DD/dataset-streetview/main/datasets/df_2024_proportional/batch_0007/images/7e246337ee54ff6b18f3b59238ceeda5ba79681e.jpg,True,downloaded,
42e810726116986d255e2ebe903987a5fee20ba4,a0f3ccf6b8c6a1aaf14584d65d5adcc53375771c,-15.755123150000015,-47.77001265000027,-15.75510635975116,-47.77004521353174,2024-07,2024,Rzjk2cKeaolP7AVCLfEcUQ,337.0332948619956,© Google,OK,10_6,203174.47309733683,8256201.88987633,a994018cd2ed4a4d8269949b642dc689992f17d7,cardinal,4,3,270_deg_west,cardinal,270,0,90,640,640,7,batch_0007,220,datasets/df_2024_proportional/batch_0007/images/a994018cd2ed4a4d8269949b642dc689992f17d7.jpg,https://raw.githubusercontent.com/GUIA-DD/dataset-streetview/main/datasets/df_2024_proportional/batch_0007/images/a994018cd2ed4a4d8269949b642dc689992f17d7.jpg,True,downloaded,
438fb88b739b1c4c9940579c50bfafa7a3d3d10d,627e2d277b8a9fe21a20437fc052b02aec3ccdb3,-15.773482149999827,-47.90410625000382,-15.7735219961683,-47.90407507363751,2024-06,2024,JBy1RGkYbg4zOZkmFoQ88Q,167.13951012617025,© Google,OK,7_6,188823.13555304945,8253975.433218867,0486a0898371c40e80b851df24fd20ba47f03544,cardinal,4,0,0_deg_north,cardinal,0,0,90,640,640,7,batch_0007,221,datasets/df_2024_proportional/batch_0007/images/0486a0898371c40e80b851df24fd20ba47f03544.jpg,https://raw.githubusercontent.com/GUIA-DD/dataset-streetview/main/datasets/df_2024_proportional/batch_0007/images/0486a0898371c40e80b851df24fd20ba47f03544.jpg,True,downloaded,
438fb88b739b1c4c9940579c50bfafa7a3d3d10d,627e2d277b8a9fe21a20437fc052b02aec3ccdb3,-15.773482149999827,-47.90410625000382,-15.7735219961683,-47.90407507363751,2024-06,2024,JBy1RGkYbg4zOZkmFoQ88Q,167.13951012617025,© Google,OK,7_6,188823.13555304945,8253975.433218867,e00540e6f036d7fe334c25ecba739095990a2115,cardinal,4,1,90_deg_east,cardinal,90,0,90,640,640,7,batch_0007,222,datasets/df_2024_proportional/batch_0007/images/e00540e6f036d7fe334c25ecba739095990a2115.jpg,https://raw.githubusercontent.com/GUIA-DD/dataset-streetview/main/datasets/df_2024_proportional/batch_0007/images/e00540e6f036d7fe334c25ecba739095990a2115.jpg,True,downloaded,
438fb88b739b1c4c9940579c50bfafa7a3d3d10d,627e2d277b8a9fe21a20437fc052b02aec3ccdb3,-15.773482149999827,-47.90410625000382,-15.7735219961683,-47.90407507363751,2024-06,2024,JBy1RGkYbg4zOZkmFoQ88Q,167.13951012617025,© Google,OK,7_6,188823.13555304945,8253975.433218867,6fccd39ff7722195ddc619b9a8d060b40940c371,cardinal,4,2,180_deg_south,cardinal,180,0,90,640,640,7,batch_0007,223,datasets/df_2024_proportional/batch_0007/images/6fccd39ff7722195ddc619b9a8d060b40940c371.jpg,https://raw.githubusercontent.com/GUIA-DD/dataset-streetview/main/datasets/df_2024_proportional/batch_0007/images/6fccd39ff7722195ddc619b9a8d060b40940c371.jpg,True,downloaded,
438fb88b739b1c4c9940579c50bfafa7a3d3d10d,627e2d277b8a9fe21a20437fc052b02aec3ccdb3,-15.773482149999827,-47.90410625000382,-15.7735219961683,-47.90407507363751,2024-06,2024,JBy1RGkYbg4zOZkmFoQ88Q,167.13951012617025,© Google,OK,7_6,188823.13555304945,8253975.433218867,9c5a8f6a7c1ad0141a13f59b701d28401a01f1d0,cardinal,4,3,270_deg_west,cardinal,270,0,90,640,640,7,batch_0007,224,datasets/df_2024_proportional/batch_0007/images/9c5a8f6a7c1ad0141a13f59b701d28401a01f1d0.jpg,https://raw.githubusercontent.com/GUIA-DD/dataset-streetview/main/datasets/df_2024_proportional/batch_0007/images/9c5a8f6a7c1ad0141a13f59b701d28401a01f1d0.jpg,True,downloaded,
43c0736277b9f7c38ab435a737a27156abfd5629,8d2b13d3e7256a7949a6ea9d3a319142375b39d5,-15.783639743073753,-47.87984623324744,-15.78365576516402,-47.87981729334822,2024-06,2024,ir_Tpk8T_wu5g7GHOYQ_fQ,91.6731126229138,© Google,OK,8_6,191439.8851794493,8252886.384863235,a1b16ded540fdf6077019604f40e69e9ee4f000a,cardinal,4,0,0_deg_north,cardinal,0,0,90,640,640,7,batch_0007,225,datasets/df_2024_proportional/batch_0007/images/a1b16ded540fdf6077019604f40e69e9ee4f000a.jpg,https://raw.githubusercontent.com/GUIA-DD/dataset-streetview/main/datasets/df_2024_proportional/batch_0007/images/a1b16ded540fdf6077019604f40e69e9ee4f000a.jpg,True,downloaded,
43c0736277b9f7c38ab435a737a27156abfd5629,8d2b13d3e7256a7949a6ea9d3a319142375b39d5,-15.783639743073753,-47.87984623324744,-15.78365576516402,-47.87981729334822,2024-06,2024,ir_Tpk8T_wu5g7GHOYQ_fQ,91.6731126229138,© Google,OK,8_6,191439.8851794493,8252886.384863235,fb4eb9fde0ab0cd545c4a3d378cc3388b7121c1a,cardinal,4,1,90_deg_east,cardinal,90,0,90,640,640,7,batch_0007,226,datasets/df_2024_proportional/batch_0007/images/fb4eb9fde0ab0cd545c4a3d378cc3388b7121c1a.jpg,https://raw.githubusercontent.com/GUIA-DD/dataset-streetview/main/datasets/df_2024_proportional/batch_0007/images/fb4eb9fde0ab0cd545c4a3d378cc3388b7121c1a.jpg,True,downloaded,
43c0736277b9f7c38ab435a737a27156abfd5629,8d2b13d3e7256a7949a6ea9d3a319142375b39d5,-15.783639743073753,-47.87984623324744,-15.78365576516402,-47.87981729334822,2024-06,2024,ir_Tpk8T_wu5g7GHOYQ_fQ,91.6731126229138,© Google,OK,8_6,191439.8851794493,8252886.384863235,207500bbf18d7e90f5aab2d5bafbf57b032d41fe,cardinal,4,2,180_deg_south,cardinal,180,0,90,640,640,7,batch_0007,227,datasets/df_2024_proportional/batch_0007/images/207500bbf18d7e90f5aab2d5bafbf57b032d41fe.jpg,https://raw.githubusercontent.com/GUIA-DD/dataset-streetview/main/datasets/df_2024_proportional/batch_0007/images/207500bbf18d7e90f5aab2d5bafbf57b032d41fe.jpg,True,downloaded,
43c0736277b9f7c38ab435a737a27156abfd5629,8d2b13d3e7256a7949a6ea9d3a319142375b39d5,-15.783639743073753,-47.87984623324744,-15.78365576516402,-47.87981729334822,2024-06,2024,ir_Tpk8T_wu5g7GHOYQ_fQ,91.6731126229138,© Google,OK,8_6,191439.8851794493,8252886.384863235,a829484678075694df3562b786b26bb60018476d,cardinal,4,3,270_deg_west,cardinal,270,0,90,640,640,7,batch_0007,228,datasets/df_2024_proportional/batch_0007/images/a829484678075694df3562b786b26bb60018476d.jpg,https://raw.githubusercontent.com/GUIA-DD/dataset-streetview/main/datasets/df_2024_proportional/batch_0007/images/a829484678075694df3562b786b26bb60018476d.jpg,True,downloaded,
43e47f6d5f24e8c0b9acbbc595d22ff4b5db1ece,ded49cde343fd55462d7ff1fd3a3364995d125a0,-15.830642033280553,-48.1388634455837,-15.83059842552715,-48.13884834014421,2026-02,2026,BwVjkedvko2oZ_m30e_dDA,204.5822451818296,© Google,OK,2_4,163742.4934487695,8247283.466075307,6fc3b2cfffe87325b71e605aa22eebb4e85749bb,cardinal,4,0,0_deg_north,cardinal,0,0,90,640,640,7,batch_0007,229,datasets/df_2024_proportional/batch_0007/images/6fc3b2cfffe87325b71e605aa22eebb4e85749bb.jpg,https://raw.githubusercontent.com/GUIA-DD/dataset-streetview/main/datasets/df_2024_proportional/batch_0007/images/6fc3b2cfffe87325b71e605aa22eebb4e85749bb.jpg,True,downloaded,
43e47f6d5f24e8c0b9acbbc595d22ff4b5db1ece,ded49cde343fd55462d7ff1fd3a3364995d125a0,-15.830642033280553,-48.1388634455837,-15.83059842552715,-48.13884834014421,2026-02,2026,BwVjkedvko2oZ_m30e_dDA,204.5822451818296,© Google,OK,2_4,163742.4934487695,8247283.466075307,77255060987eff8828700fde58c9034ec24b68c5,cardinal,4,1,90_deg_east,cardinal,90,0,90,640,640,7,batch_0007,230,datasets/df_2024_proportional/batch_0007/images/77255060987eff8828700fde58c9034ec24b68c5.jpg,https://raw.githubusercontent.com/GUIA-DD/dataset-streetview/main/datasets/df_2024_proportional/batch_0007/images/77255060987eff8828700fde58c9034ec24b68c5.jpg,True,downloaded,
43e47f6d5f24e8c0b9acbbc595d22ff4b5db1ece,ded49cde343fd55462d7ff1fd3a3364995d125a0,-15.830642033280553,-48.1388634455837,-15.83059842552715,-48.13884834014421,2026-02,2026,BwVjkedvko2oZ_m30e_dDA,204.5822451818296,© Google,OK,2_4,163742.4934487695,8247283.466075307,1684cee8fce8d5a7d9e2f9b3824674c62f663ef8,cardinal,4,2,180_deg_south,cardinal,180,0,90,640,640,7,batch_0007,231,datasets/df_2024_proportional/batch_0007/images/1684cee8fce8d5a7d9e2f9b3824674c62f663ef8.jpg,https://raw.githubusercontent.com/GUIA-DD/dataset-streetview/main/datasets/df_2024_proportional/batch_0007/images/1684cee8fce8d5a7d9e2f9b3824674c62f663ef8.jpg,True,downloaded,
43e47f6d5f24e8c0b9acbbc595d22ff4b5db1ece,ded49cde343fd55462d7ff1fd3a3364995d125a0,-15.830642033280553,-48.1388634455837,-15.83059842552715,-48.13884834014421,2026-02,2026,BwVjkedvko2oZ_m30e_dDA,204.5822451818296,© Google,OK,2_4,163742.4934487695,8247283.466075307,7469f12b980ea0227d435242e857b888ffc17d08,cardinal,4,3,270_deg_west,cardinal,270,0,90,640,640,7,batch_0007,232,datasets/df_2024_proportional/batch_0007/images/7469f12b980ea0227d435242e857b888ffc17d08.jpg,https://raw.githubusercontent.com/GUIA-DD/dataset-streetview/main/datasets/df_2024_proportional/batch_0007/images/7469f12b980ea0227d435242e857b888ffc17d08.jpg,True,downloaded,
4483519716db88580fc0eeb3ebf6c16fe1cf6031,3eb3e0b2eb3818d5d3e39b3b666afddf574edfe1,-15.874696650560232,-47.7741582996798,-15.87461052445266,-47.77458119143849,2025-01,2025,2V8qjJwntmhznGXcZ8S5Ig,248.3190810171732,© Google,OK,10_4,202904.7826215873,8242956.418297296,8a0cdb50f607957c54a4dadd927e594fbd08d0a8,cardinal,4,0,0_deg_north,cardinal,0,0,90,640,640,7,batch_0007,233,datasets/df_2024_proportional/batch_0007/images/8a0cdb50f607957c54a4dadd927e594fbd08d0a8.jpg,https://raw.githubusercontent.com/GUIA-DD/dataset-streetview/main/datasets/df_2024_proportional/batch_0007/images/8a0cdb50f607957c54a4dadd927e594fbd08d0a8.jpg,True,downloaded,
4483519716db88580fc0eeb3ebf6c16fe1cf6031,3eb3e0b2eb3818d5d3e39b3b666afddf574edfe1,-15.874696650560232,-47.7741582996798,-15.87461052445266,-47.77458119143849,2025-01,2025,2V8qjJwntmhznGXcZ8S5Ig,248.3190810171732,© Google,OK,10_4,202904.7826215873,8242956.418297296,5d41cc5e06434e82dd2f085267f3aba9cc4d811d,cardinal,4,1,90_deg_east,cardinal,90,0,90,640,640,7,batch_0007,234,datasets/df_2024_proportional/batch_0007/images/5d41cc5e06434e82dd2f085267f3aba9cc4d811d.jpg,https://raw.githubusercontent.com/GUIA-DD/dataset-streetview/main/datasets/df_2024_proportional/batch_0007/images/5d41cc5e06434e82dd2f085267f3aba9cc4d811d.jpg,True,downloaded,
4483519716db88580fc0eeb3ebf6c16fe1cf6031,3eb3e0b2eb3818d5d3e39b3b666afddf574edfe1,-15.874696650560232,-47.7741582996798,-15.87461052445266,-47.77458119143849,2025-01,2025,2V8qjJwntmhznGXcZ8S5Ig,248.3190810171732,© Google,OK,10_4,202904.7826215873,8242956.418297296,68b5f279d76e7c69c367f4247106ecda04e4282d,cardinal,4,2,180_deg_south,cardinal,180,0,90,640,640,7,batch_0007,235,datasets/df_2024_proportional/batch_0007/images/68b5f279d76e7c69c367f4247106ecda04e4282d.jpg,https://raw.githubusercontent.com/GUIA-DD/dataset-streetview/main/datasets/df_2024_proportional/batch_0007/images/68b5f279d76e7c69c367f4247106ecda04e4282d.jpg,True,downloaded,
4483519716db88580fc0eeb3ebf6c16fe1cf6031,3eb3e0b2eb3818d5d3e39b3b666afddf574edfe1,-15.874696650560232,-47.7741582996798,-15.87461052445266,-47.77458119143849,2025-01,2025,2V8qjJwntmhznGXcZ8S5Ig,248.3190810171732,© Google,OK,10_4,202904.7826215873,8242956.418297296,be3b3f3044b99adfbd326fb6dc6caca550ad1b4b,cardinal,4,3,270_deg_west,cardinal,270,0,90,640,640,7,batch_0007,236,datasets/df_2024_proportional/batch_0007/images/be3b3f3044b99adfbd326fb6dc6caca550ad1b4b.jpg,https://raw.githubusercontent.com/GUIA-DD/dataset-streetview/main/datasets/df_2024_proportional/batch_0007/images/be3b3f3044b99adfbd326fb6dc6caca550ad1b4b.jpg,True,downloaded,
44c61b42b9d53b99aebba38d51cc3b7961d0c490,727de3cec6d1ae8f19a94a6361daece567a3b765,-15.84068912537993,-47.88419186831012,-15.84071325136736,-47.88419488708514,2024-12,2024,gUWSk1TRAbrKWvArK6pnQQ,340.66893208701845,© Google,OK,8_4,191060.6612352388,8246562.769821647,5eef0cf832f38f99678b58a0b1826348d91aeb1f,cardinal,4,0,0_deg_north,cardinal,0,0,90,640,640,7,batch_0007,237,datasets/df_2024_proportional/batch_0007/images/5eef0cf832f38f99678b58a0b1826348d91aeb1f.jpg,https://raw.githubusercontent.com/GUIA-DD/dataset-streetview/main/datasets/df_2024_proportional/batch_0007/images/5eef0cf832f38f99678b58a0b1826348d91aeb1f.jpg,True,downloaded,
44c61b42b9d53b99aebba38d51cc3b7961d0c490,727de3cec6d1ae8f19a94a6361daece567a3b765,-15.84068912537993,-47.88419186831012,-15.84071325136736,-47.88419488708514,2024-12,2024,gUWSk1TRAbrKWvArK6pnQQ,340.66893208701845,© Google,OK,8_4,191060.6612352388,8246562.769821647,a58e8621dae39c909253014fe156be480aee659a,cardinal,4,1,90_deg_east,cardinal,90,0,90,640,640,7,batch_0007,238,datasets/df_2024_proportional/batch_0007/images/a58e8621dae39c909253014fe156be480aee659a.jpg,https://raw.githubusercontent.com/GUIA-DD/dataset-streetview/main/datasets/df_2024_proportional/batch_0007/images/a58e8621dae39c909253014fe156be480aee659a.jpg,True,downloaded,
44c61b42b9d53b99aebba38d51cc3b7961d0c490,727de3cec6d1ae8f19a94a6361daece567a3b765,-15.84068912537993,-47.88419186831012,-15.84071325136736,-47.88419488708514,2024-12,2024,gUWSk1TRAbrKWvArK6pnQQ,340.66893208701845,© Google,OK,8_4,191060.6612352388,8246562.769821647,79e63fd48edbcdd5322c20e94bf5eb4f9a39a906,cardinal,4,2,180_deg_south,cardinal,180,0,90,640,640,7,batch_0007,239,datasets/df_2024_proportional/batch_0007/images/79e63fd48edbcdd5322c20e94bf5eb4f9a39a906.jpg,https://raw.githubusercontent.com/GUIA-DD/dataset-streetview/main/datasets/df_2024_proportional/batch_0007/images/79e63fd48edbcdd5322c20e94bf5eb4f9a39a906.jpg,True,downloaded,
44c61b42b9d53b99aebba38d51cc3b7961d0c490,727de3cec6d1ae8f19a94a6361daece567a3b765,-15.84068912537993,-47.88419186831012,-15.84071325136736,-47.88419488708514,2024-12,2024,gUWSk1TRAbrKWvArK6pnQQ,340.66893208701845,© Google,OK,8_4,191060.6612352388,8246562.769821647,02d780b863ea0b6b67e0648aadf0c5888f35f3bc,cardinal,4,3,270_deg_west,cardinal,270,0,90,640,640,7,batch_0007,240,datasets/df_2024_proportional/batch_0007/images/02d780b863ea0b6b67e0648aadf0c5888f35f3bc.jpg,https://raw.githubusercontent.com/GUIA-DD/dataset-streetview/main/datasets/df_2024_proportional/batch_0007/images/02d780b863ea0b6b67e0648aadf0c5888f35f3bc.jpg,True,downloaded,
4901b9721cf80e635a1cf6d1b0402955d4cfd5a2,a95ff18f082838a5fc048f1931f5c18f35a643cc,-15.80898375003645,-48.14673495000998,-15.80900054164116,-48.14670112742593,2026-01,2026,Gkpv47SeHOnbvg0ce-OHlQ,271.2686697919123,© Google,OK,2_5,162862.56382980326,8249669.602743372,453232748a830192db7cb1b48eaeccf571b48835,cardinal,4,0,0_deg_north,cardinal,0,0,90,640,640,7,batch_0007,241,datasets/df_2024_proportional/batch_0007/images/453232748a830192db7cb1b48eaeccf571b48835.jpg,https://raw.githubusercontent.com/GUIA-DD/dataset-streetview/main/datasets/df_2024_proportional/batch_0007/images/453232748a830192db7cb1b48eaeccf571b48835.jpg,True,downloaded,
4901b9721cf80e635a1cf6d1b0402955d4cfd5a2,a95ff18f082838a5fc048f1931f5c18f35a643cc,-15.80898375003645,-48.14673495000998,-15.80900054164116,-48.14670112742593,2026-01,2026,Gkpv47SeHOnbvg0ce-OHlQ,271.2686697919123,© Google,OK,2_5,162862.56382980326,8249669.602743372,99d00e50504b01856ae5ec5ac63d9315200229f8,cardinal,4,1,90_deg_east,cardinal,90,0,90,640,640,7,batch_0007,242,datasets/df_2024_proportional/batch_0007/images/99d00e50504b01856ae5ec5ac63d9315200229f8.jpg,https://raw.githubusercontent.com/GUIA-DD/dataset-streetview/main/datasets/df_2024_proportional/batch_0007/images/99d00e50504b01856ae5ec5ac63d9315200229f8.jpg,True,downloaded,
4901b9721cf80e635a1cf6d1b0402955d4cfd5a2,a95ff18f082838a5fc048f1931f5c18f35a643cc,-15.80898375003645,-48.14673495000998,-15.80900054164116,-48.14670112742593,2026-01,2026,Gkpv47SeHOnbvg0ce-OHlQ,271.2686697919123,© Google,OK,2_5,162862.56382980326,8249669.602743372,a3d377d64fb4faf7d91a8fa0dc9680fda5d364ac,cardinal,4,2,180_deg_south,cardinal,180,0,90,640,640,7,batch_0007,243,datasets/df_2024_proportional/batch_0007/images/a3d377d64fb4faf7d91a8fa0dc9680fda5d364ac.jpg,https://raw.githubusercontent.com/GUIA-DD/dataset-streetview/main/datasets/df_2024_proportional/batch_0007/images/a3d377d64fb4faf7d91a8fa0dc9680fda5d364ac.jpg,True,downloaded,
4901b9721cf80e635a1cf6d1b0402955d4cfd5a2,a95ff18f082838a5fc048f1931f5c18f35a643cc,-15.80898375003645,-48.14673495000998,-15.80900054164116,-48.14670112742593,2026-01,2026,Gkpv47SeHOnbvg0ce-OHlQ,271.2686697919123,© Google,OK,2_5,162862.56382980326,8249669.602743372,f2e9a5440d5d9c033be0f61d6ae9fccfcf792aea,cardinal,4,3,270_deg_west,cardinal,270,0,90,640,640,7,batch_0007,244,datasets/df_2024_proportional/batch_0007/images/f2e9a5440d5d9c033be0f61d6ae9fccfcf792aea.jpg,https://raw.githubusercontent.com/GUIA-DD/dataset-streetview/main/datasets/df_2024_proportional/batch_0007/images/f2e9a5440d5d9c033be0f61d6ae9fccfcf792aea.jpg,True,downloaded,
4bf1666f3ab9ff250c763c9161ae279981cd1016,df3f886e8bc8b7dfc0e9d7354ecbddb398b82cd1,-16.011630300012744,-48.00631880007224,-16.01162432781581,-48.00632490057412,2025-01,2025,2gGkJRiNbt71Fk9AvWoLTQ,325.4638792316281,© Google,OK,5_0,178241.8032038984,8227448.201046306,4352f6977a3a64d806d6b39618a7e666be501765,cardinal,4,0,0_deg_north,cardinal,0,0,90,640,640,7,batch_0007,245,datasets/df_2024_proportional/batch_0007/images/4352f6977a3a64d806d6b39618a7e666be501765.jpg,https://raw.githubusercontent.com/GUIA-DD/dataset-streetview/main/datasets/df_2024_proportional/batch_0007/images/4352f6977a3a64d806d6b39618a7e666be501765.jpg,True,downloaded,
4bf1666f3ab9ff250c763c9161ae279981cd1016,df3f886e8bc8b7dfc0e9d7354ecbddb398b82cd1,-16.011630300012744,-48.00631880007224,-16.01162432781581,-48.00632490057412,2025-01,2025,2gGkJRiNbt71Fk9AvWoLTQ,325.4638792316281,© Google,OK,5_0,178241.8032038984,8227448.201046306,d99c6f0a0cca87cff7fbf202fa4c280154d071b1,cardinal,4,1,90_deg_east,cardinal,90,0,90,640,640,7,batch_0007,246,datasets/df_2024_proportional/batch_0007/images/d99c6f0a0cca87cff7fbf202fa4c280154d071b1.jpg,https://raw.githubusercontent.com/GUIA-DD/dataset-streetview/main/datasets/df_2024_proportional/batch_0007/images/d99c6f0a0cca87cff7fbf202fa4c280154d071b1.jpg,True,downloaded,
4bf1666f3ab9ff250c763c9161ae279981cd1016,df3f886e8bc8b7dfc0e9d7354ecbddb398b82cd1,-16.011630300012744,-48.00631880007224,-16.01162432781581,-48.00632490057412,2025-01,2025,2gGkJRiNbt71Fk9AvWoLTQ,325.4638792316281,© Google,OK,5_0,178241.8032038984,8227448.201046306,5b5be56b29e1caa71032ce451c994812ccedc3a7,cardinal,4,2,180_deg_south,cardinal,180,0,90,640,640,7,batch_0007,247,datasets/df_2024_proportional/batch_0007/images/5b5be56b29e1caa71032ce451c994812ccedc3a7.jpg,https://raw.githubusercontent.com/GUIA-DD/dataset-streetview/main/datasets/df_2024_proportional/batch_0007/images/5b5be56b29e1caa71032ce451c994812ccedc3a7.jpg,True,downloaded,
4bf1666f3ab9ff250c763c9161ae279981cd1016,df3f886e8bc8b7dfc0e9d7354ecbddb398b82cd1,-16.011630300012744,-48.00631880007224,-16.01162432781581,-48.00632490057412,2025-01,2025,2gGkJRiNbt71Fk9AvWoLTQ,325.4638792316281,© Google,OK,5_0,178241.8032038984,8227448.201046306,0528c1a55fa151edcfb992ad55d8b450ea210fbf,cardinal,4,3,270_deg_west,cardinal,270,0,90,640,640,7,batch_0007,248,datasets/df_2024_proportional/batch_0007/images/0528c1a55fa151edcfb992ad55d8b450ea210fbf.jpg,https://raw.githubusercontent.com/GUIA-DD/dataset-streetview/main/datasets/df_2024_proportional/batch_0007/images/0528c1a55fa151edcfb992ad55d8b450ea210fbf.jpg,True,downloaded,
4c444f8c47920f9eb457ad0e8544d4f53d6c3823,6df1c7a004ef45666094617aa909d4ccdda3ee19,-15.841549071874372,-48.12777447982169,-15.84152717635225,-48.12780211434913,2026-01,2026,kfArR4m8ZirvGFs_4hRZig,140.43955679323855,© Google,OK,3_4,164949.45006133153,8246093.221840362,5a47af02d53d3519a9cde5c1bf44486d80ab52d0,cardinal,4,0,0_deg_north,cardinal,0,0,90,640,640,7,batch_0007,249,datasets/df_2024_proportional/batch_0007/images/5a47af02d53d3519a9cde5c1bf44486d80ab52d0.jpg,https://raw.githubusercontent.com/GUIA-DD/dataset-streetview/main/datasets/df_2024_proportional/batch_0007/images/5a47af02d53d3519a9cde5c1bf44486d80ab52d0.jpg,True,downloaded,
4c444f8c47920f9eb457ad0e8544d4f53d6c3823,6df1c7a004ef45666094617aa909d4ccdda3ee19,-15.841549071874372,-48.12777447982169,-15.84152717635225,-48.12780211434913,2026-01,2026,kfArR4m8ZirvGFs_4hRZig,140.43955679323855,© Google,OK,3_4,164949.45006133153,8246093.221840362,92957f775188f557166464cda999900051dc8b6d,cardinal,4,1,90_deg_east,cardinal,90,0,90,640,640,7,batch_0007,250,datasets/df_2024_proportional/batch_0007/images/92957f775188f557166464cda999900051dc8b6d.jpg,https://raw.githubusercontent.com/GUIA-DD/dataset-streetview/main/datasets/df_2024_proportional/batch_0007/images/92957f775188f557166464cda999900051dc8b6d.jpg,True,downloaded,
4c444f8c47920f9eb457ad0e8544d4f53d6c3823,6df1c7a004ef45666094617aa909d4ccdda3ee19,-15.841549071874372,-48.12777447982169,-15.84152717635225,-48.12780211434913,2026-01,2026,kfArR4m8ZirvGFs_4hRZig,140.43955679323855,© Google,OK,3_4,164949.45006133153,8246093.221840362,a4040d139bbaa9f9af54792c6cf7c1d4388377a0,cardinal,4,2,180_deg_south,cardinal,180,0,90,640,640,7,batch_0007,251,datasets/df_2024_proportional/batch_0007/images/a4040d139bbaa9f9af54792c6cf7c1d4388377a0.jpg,https://raw.githubusercontent.com/GUIA-DD/dataset-streetview/main/datasets/df_2024_proportional/batch_0007/images/a4040d139bbaa9f9af54792c6cf7c1d4388377a0.jpg,True,downloaded,
4c444f8c47920f9eb457ad0e8544d4f53d6c3823,6df1c7a004ef45666094617aa909d4ccdda3ee19,-15.841549071874372,-48.12777447982169,-15.84152717635225,-48.12780211434913,2026-01,2026,kfArR4m8ZirvGFs_4hRZig,140.43955679323855,© Google,OK,3_4,164949.45006133153,8246093.221840362,a731372a729cad4aa5d1ca0b3068c58950a874b4,cardinal,4,3,270_deg_west,cardinal,270,0,90,640,640,7,batch_0007,252,datasets/df_2024_proportional/batch_0007/images/a731372a729cad4aa5d1ca0b3068c58950a874b4.jpg,https://raw.githubusercontent.com/GUIA-DD/dataset-streetview/main/datasets/df_2024_proportional/batch_0007/images/a731372a729cad4aa5d1ca0b3068c58950a874b4.jpg,True,downloaded,
4c59a2df00cb6f38cf09dd00afeb64131e9cd06d,37f7e485d44a12fd226b8d8e4638d850dba41149,-15.9059466962754,-47.76175143690962,-15.90594561774182,-47.76174405869658,2025-01,2025,SM1A6oz67vw49hIg4OyyWg,32.413925944050376,© Google,OK,11_3,204280.0650587165,8239513.892046296,97a995a7866391d2383691b0a2a92db4a28adbbe,cardinal,4,0,0_deg_north,cardinal,0,0,90,640,640,7,batch_0007,253,datasets/df_2024_proportional/batch_0007/images/97a995a7866391d2383691b0a2a92db4a28adbbe.jpg,https://raw.githubusercontent.com/GUIA-DD/dataset-streetview/main/datasets/df_2024_proportional/batch_0007/images/97a995a7866391d2383691b0a2a92db4a28adbbe.jpg,True,downloaded,
4c59a2df00cb6f38cf09dd00afeb64131e9cd06d,37f7e485d44a12fd226b8d8e4638d850dba41149,-15.9059466962754,-47.76175143690962,-15.90594561774182,-47.76174405869658,2025-01,2025,SM1A6oz67vw49hIg4OyyWg,32.413925944050376,© Google,OK,11_3,204280.0650587165,8239513.892046296,b19b0c766f03155c6291feef8cccdcd728101c67,cardinal,4,1,90_deg_east,cardinal,90,0,90,640,640,7,batch_0007,254,datasets/df_2024_proportional/batch_0007/images/b19b0c766f03155c6291feef8cccdcd728101c67.jpg,https://raw.githubusercontent.com/GUIA-DD/dataset-streetview/main/datasets/df_2024_proportional/batch_0007/images/b19b0c766f03155c6291feef8cccdcd728101c67.jpg,True,downloaded,
4c59a2df00cb6f38cf09dd00afeb64131e9cd06d,37f7e485d44a12fd226b8d8e4638d850dba41149,-15.9059466962754,-47.76175143690962,-15.90594561774182,-47.76174405869658,2025-01,2025,SM1A6oz67vw49hIg4OyyWg,32.413925944050376,© Google,OK,11_3,204280.0650587165,8239513.892046296,8adca785d1f79af46300b403aa87e4d566af7330,cardinal,4,2,180_deg_south,cardinal,180,0,90,640,640,7,batch_0007,255,datasets/df_2024_proportional/batch_0007/images/8adca785d1f79af46300b403aa87e4d566af7330.jpg,https://raw.githubusercontent.com/GUIA-DD/dataset-streetview/main/datasets/df_2024_proportional/batch_0007/images/8adca785d1f79af46300b403aa87e4d566af7330.jpg,True,downloaded,
4c59a2df00cb6f38cf09dd00afeb64131e9cd06d,37f7e485d44a12fd226b8d8e4638d850dba41149,-15.9059466962754,-47.76175143690962,-15.90594561774182,-47.76174405869658,2025-01,2025,SM1A6oz67vw49hIg4OyyWg,32.413925944050376,© Google,OK,11_3,204280.0650587165,8239513.892046296,d27ba99f48baf9b144bdc0d451aaac5e6460aada,cardinal,4,3,270_deg_west,cardinal,270,0,90,640,640,7,batch_0007,256,datasets/df_2024_proportional/batch_0007/images/d27ba99f48baf9b144bdc0d451aaac5e6460aada.jpg,https://raw.githubusercontent.com/GUIA-DD/dataset-streetview/main/datasets/df_2024_proportional/batch_0007/images/d27ba99f48baf9b144bdc0d451aaac5e6460aada.jpg,True,downloaded,
4c6b203e2a887ea20aed778b7b2bbfd088b28f55,2fc4d2cab2ec69624e94a46c7e696633a021a088,-15.91018464824319,-48.047612660807175,-15.91018152463038,-48.0476109607016,2025-07,2025,CakP0XRV6aGWUM6khjtoLg,252.7913042907616,© Google,OK,4_3,173654.2118231281,8238618.572901386,e1bfbe0284e6d288fb75647f2b5692e5ddc8275c,cardinal,4,0,0_deg_north,cardinal,0,0,90,640,640,7,batch_0007,257,datasets/df_2024_proportional/batch_0007/images/e1bfbe0284e6d288fb75647f2b5692e5ddc8275c.jpg,https://raw.githubusercontent.com/GUIA-DD/dataset-streetview/main/datasets/df_2024_proportional/batch_0007/images/e1bfbe0284e6d288fb75647f2b5692e5ddc8275c.jpg,True,downloaded,
4c6b203e2a887ea20aed778b7b2bbfd088b28f55,2fc4d2cab2ec69624e94a46c7e696633a021a088,-15.91018464824319,-48.047612660807175,-15.91018152463038,-48.0476109607016,2025-07,2025,CakP0XRV6aGWUM6khjtoLg,252.7913042907616,© Google,OK,4_3,173654.2118231281,8238618.572901386,5a5176b0caf3f9d0b47d025d45d350866c4846b8,cardinal,4,1,90_deg_east,cardinal,90,0,90,640,640,7,batch_0007,258,datasets/df_2024_proportional/batch_0007/images/5a5176b0caf3f9d0b47d025d45d350866c4846b8.jpg,https://raw.githubusercontent.com/GUIA-DD/dataset-streetview/main/datasets/df_2024_proportional/batch_0007/images/5a5176b0caf3f9d0b47d025d45d350866c4846b8.jpg,True,downloaded,
4c6b203e2a887ea20aed778b7b2bbfd088b28f55,2fc4d2cab2ec69624e94a46c7e696633a021a088,-15.91018464824319,-48.047612660807175,-15.91018152463038,-48.0476109607016,2025-07,2025,CakP0XRV6aGWUM6khjtoLg,252.7913042907616,© Google,OK,4_3,173654.2118231281,8238618.572901386,c8a7855402b53395833817eecf7363bdf1c39b40,cardinal,4,2,180_deg_south,cardinal,180,0,90,640,640,7,batch_0007,259,datasets/df_2024_proportional/batch_0007/images/c8a7855402b53395833817eecf7363bdf1c39b40.jpg,https://raw.githubusercontent.com/GUIA-DD/dataset-streetview/main/datasets/df_2024_proportional/batch_0007/images/c8a7855402b53395833817eecf7363bdf1c39b40.jpg,True,downloaded,
4c6b203e2a887ea20aed778b7b2bbfd088b28f55,2fc4d2cab2ec69624e94a46c7e696633a021a088,-15.91018464824319,-48.047612660807175,-15.91018152463038,-48.0476109607016,2025-07,2025,CakP0XRV6aGWUM6khjtoLg,252.7913042907616,© Google,OK,4_3,173654.2118231281,8238618.572901386,3152e9c5d54d7f84742dc06f5f5a0ce43d185e07,cardinal,4,3,270_deg_west,cardinal,270,0,90,640,640,7,batch_0007,260,datasets/df_2024_proportional/batch_0007/images/3152e9c5d54d7f84742dc06f5f5a0ce43d185e07.jpg,https://raw.githubusercontent.com/GUIA-DD/dataset-streetview/main/datasets/df_2024_proportional/batch_0007/images/3152e9c5d54d7f84742dc06f5f5a0ce43d185e07.jpg,True,downloaded,
4d9134505865d04392db8e0fd78c88520a775b8a,9ddd70da9129666c70e755f947a6c89eee3f091e,-15.798001050023784,-47.93951290002207,-15.79800566548084,-47.93951858228488,2024-05,2024,-qaw1y_60LekB0YIZQfAFg,106.98402869041831,© Google,OK,7_5,185064.37853206287,8251207.601656002,053b4b6e37a5cfdee721d1b941d2eb5fe24b08f3,cardinal,4,0,0_deg_north,cardinal,0,0,90,640,640,7,batch_0007,261,datasets/df_2024_proportional/batch_0007/images/053b4b6e37a5cfdee721d1b941d2eb5fe24b08f3.jpg,https://raw.githubusercontent.com/GUIA-DD/dataset-streetview/main/datasets/df_2024_proportional/batch_0007/images/053b4b6e37a5cfdee721d1b941d2eb5fe24b08f3.jpg,True,downloaded,
4d9134505865d04392db8e0fd78c88520a775b8a,9ddd70da9129666c70e755f947a6c89eee3f091e,-15.798001050023784,-47.93951290002207,-15.79800566548084,-47.93951858228488,2024-05,2024,-qaw1y_60LekB0YIZQfAFg,106.98402869041831,© Google,OK,7_5,185064.37853206287,8251207.601656002,e1157fd7390e6cef3456687d5482ee479b784456,cardinal,4,1,90_deg_east,cardinal,90,0,90,640,640,7,batch_0007,262,datasets/df_2024_proportional/batch_0007/images/e1157fd7390e6cef3456687d5482ee479b784456.jpg,https://raw.githubusercontent.com/GUIA-DD/dataset-streetview/main/datasets/df_2024_proportional/batch_0007/images/e1157fd7390e6cef3456687d5482ee479b784456.jpg,True,downloaded,
4d9134505865d04392db8e0fd78c88520a775b8a,9ddd70da9129666c70e755f947a6c89eee3f091e,-15.798001050023784,-47.93951290002207,-15.79800566548084,-47.93951858228488,2024-05,2024,-qaw1y_60LekB0YIZQfAFg,106.98402869041831,© Google,OK,7_5,185064.37853206287,8251207.601656002,53361d71d1aed2dfa6cadab7f29ab92563a7342f,cardinal,4,2,180_deg_south,cardinal,180,0,90,640,640,7,batch_0007,263,datasets/df_2024_proportional/batch_0007/images/53361d71d1aed2dfa6cadab7f29ab92563a7342f.jpg,https://raw.githubusercontent.com/GUIA-DD/dataset-streetview/main/datasets/df_2024_proportional/batch_0007/images/53361d71d1aed2dfa6cadab7f29ab92563a7342f.jpg,True,downloaded,
4d9134505865d04392db8e0fd78c88520a775b8a,9ddd70da9129666c70e755f947a6c89eee3f091e,-15.798001050023784,-47.93951290002207,-15.79800566548084,-47.93951858228488,2024-05,2024,-qaw1y_60LekB0YIZQfAFg,106.98402869041831,© Google,OK,7_5,185064.37853206287,8251207.601656002,76dd4a9d7d963e4d89c98c2c4d60d2c197fec8b3,cardinal,4,3,270_deg_west,cardinal,270,0,90,640,640,7,batch_0007,264,datasets/df_2024_proportional/batch_0007/images/76dd4a9d7d963e4d89c98c2c4d60d2c197fec8b3.jpg,https://raw.githubusercontent.com/GUIA-DD/dataset-streetview/main/datasets/df_2024_proportional/batch_0007/images/76dd4a9d7d963e4d89c98c2c4d60d2c197fec8b3.jpg,True,downloaded,
4debf96d14d1b5b94edf7865b2a9c0b6bcd7fde8,3a668f9db3119d2f9a4ddb4446d1c22c4b54c4ac,-15.618672550054956,-47.63777874997592,-15.61867545160643,-47.63773180252942,2024-09,2024,fGJ4G2ELBOO0gpb4EvIHjw,252.29466504462115,© Google,OK,13_9,217164.8590434932,8271490.436370742,100a92ccf1e392c4f21ce6278b94496a37214ffa,cardinal,4,0,0_deg_north,cardinal,0,0,90,640,640,7,batch_0007,265,datasets/df_2024_proportional/batch_0007/images/100a92ccf1e392c4f21ce6278b94496a37214ffa.jpg,https://raw.githubusercontent.com/GUIA-DD/dataset-streetview/main/datasets/df_2024_proportional/batch_0007/images/100a92ccf1e392c4f21ce6278b94496a37214ffa.jpg,True,downloaded,
4debf96d14d1b5b94edf7865b2a9c0b6bcd7fde8,3a668f9db3119d2f9a4ddb4446d1c22c4b54c4ac,-15.618672550054956,-47.63777874997592,-15.61867545160643,-47.63773180252942,2024-09,2024,fGJ4G2ELBOO0gpb4EvIHjw,252.29466504462115,© Google,OK,13_9,217164.8590434932,8271490.436370742,228b3ebb0a43759eabeb747718debc965125adb7,cardinal,4,1,90_deg_east,cardinal,90,0,90,640,640,7,batch_0007,266,datasets/df_2024_proportional/batch_0007/images/228b3ebb0a43759eabeb747718debc965125adb7.jpg,https://raw.githubusercontent.com/GUIA-DD/dataset-streetview/main/datasets/df_2024_proportional/batch_0007/images/228b3ebb0a43759eabeb747718debc965125adb7.jpg,True,downloaded,
4debf96d14d1b5b94edf7865b2a9c0b6bcd7fde8,3a668f9db3119d2f9a4ddb4446d1c22c4b54c4ac,-15.618672550054956,-47.63777874997592,-15.61867545160643,-47.63773180252942,2024-09,2024,fGJ4G2ELBOO0gpb4EvIHjw,252.29466504462115,© Google,OK,13_9,217164.8590434932,8271490.436370742,2f77b8f6f891e1da3d559adf0074c22b52217907,cardinal,4,2,180_deg_south,cardinal,180,0,90,640,640,7,batch_0007,267,datasets/df_2024_proportional/batch_0007/images/2f77b8f6f891e1da3d559adf0074c22b52217907.jpg,https://raw.githubusercontent.com/GUIA-DD/dataset-streetview/main/datasets/df_2024_proportional/batch_0007/images/2f77b8f6f891e1da3d559adf0074c22b52217907.jpg,True,downloaded,
4debf96d14d1b5b94edf7865b2a9c0b6bcd7fde8,3a668f9db3119d2f9a4ddb4446d1c22c4b54c4ac,-15.618672550054956,-47.63777874997592,-15.61867545160643,-47.63773180252942,2024-09,2024,fGJ4G2ELBOO0gpb4EvIHjw,252.29466504462115,© Google,OK,13_9,217164.8590434932,8271490.436370742,bf839f1c00dc24477697ffa666a87e78b4a54681,cardinal,4,3,270_deg_west,cardinal,270,0,90,640,640,7,batch_0007,268,datasets/df_2024_proportional/batch_0007/images/bf839f1c00dc24477697ffa666a87e78b4a54681.jpg,https://raw.githubusercontent.com/GUIA-DD/dataset-streetview/main/datasets/df_2024_proportional/batch_0007/images/bf839f1c00dc24477697ffa666a87e78b4a54681.jpg,True,downloaded,
508786175634880eb3ac23037d915e6394f0c7fd,8bd050dabc42bb2bed0d0d8d33f36a308e0ad18c,-15.789883250260145,-47.85376380005178,-15.78986736855869,-47.8537383928638,2024-06,2024,t3CU48-P1nJZWIeERgWG7Q,89.84690987877887,© Google,OK,9_5,194245.8467925899,8252233.134632198,b8c335add693f6a8efad6b9484cd5cde42eccc15,cardinal,4,0,0_deg_north,cardinal,0,0,90,640,640,7,batch_0007,269,datasets/df_2024_proportional/batch_0007/images/b8c335add693f6a8efad6b9484cd5cde42eccc15.jpg,https://raw.githubusercontent.com/GUIA-DD/dataset-streetview/main/datasets/df_2024_proportional/batch_0007/images/b8c335add693f6a8efad6b9484cd5cde42eccc15.jpg,True,downloaded,
508786175634880eb3ac23037d915e6394f0c7fd,8bd050dabc42bb2bed0d0d8d33f36a308e0ad18c,-15.789883250260145,-47.85376380005178,-15.78986736855869,-47.8537383928638,2024-06,2024,t3CU48-P1nJZWIeERgWG7Q,89.84690987877887,© Google,OK,9_5,194245.8467925899,8252233.134632198,04c86f9988410d346c59fb8ffcf6192e38d61ab2,cardinal,4,1,90_deg_east,cardinal,90,0,90,640,640,7,batch_0007,270,datasets/df_2024_proportional/batch_0007/images/04c86f9988410d346c59fb8ffcf6192e38d61ab2.jpg,https://raw.githubusercontent.com/GUIA-DD/dataset-streetview/main/datasets/df_2024_proportional/batch_0007/images/04c86f9988410d346c59fb8ffcf6192e38d61ab2.jpg,True,downloaded,
508786175634880eb3ac23037d915e6394f0c7fd,8bd050dabc42bb2bed0d0d8d33f36a308e0ad18c,-15.789883250260145,-47.85376380005178,-15.78986736855869,-47.8537383928638,2024-06,2024,t3CU48-P1nJZWIeERgWG7Q,89.84690987877887,© Google,OK,9_5,194245.8467925899,8252233.134632198,eb5164dbfd783812ef4921ad638c825a39205507,cardinal,4,2,180_deg_south,cardinal,180,0,90,640,640,7,batch_0007,271,datasets/df_2024_proportional/batch_0007/images/eb5164dbfd783812ef4921ad638c825a39205507.jpg,https://raw.githubusercontent.com/GUIA-DD/dataset-streetview/main/datasets/df_2024_proportional/batch_0007/images/eb5164dbfd783812ef4921ad638c825a39205507.jpg,True,downloaded,
508786175634880eb3ac23037d915e6394f0c7fd,8bd050dabc42bb2bed0d0d8d33f36a308e0ad18c,-15.789883250260145,-47.85376380005178,-15.78986736855869,-47.8537383928638,2024-06,2024,t3CU48-P1nJZWIeERgWG7Q,89.84690987877887,© Google,OK,9_5,194245.8467925899,8252233.134632198,b794935921ce4bfcd154ece8c9ab9dcaedd8a941,cardinal,4,3,270_deg_west,cardinal,270,0,90,640,640,7,batch_0007,272,datasets/df_2024_proportional/batch_0007/images/b794935921ce4bfcd154ece8c9ab9dcaedd8a941.jpg,https://raw.githubusercontent.com/GUIA-DD/dataset-streetview/main/datasets/df_2024_proportional/batch_0007/images/b794935921ce4bfcd154ece8c9ab9dcaedd8a941.jpg,True,downloaded,
52d38c4c074c73c503439029259e4182c2bf29cb,561eedf0d8341b10dd1c287c65e21894c343f2ca,-15.80869041368673,-48.13711455350957,-15.80870615172603,-48.13712889490115,2026-02,2026,szERcCMcBumX9i06m8KwNw,252.9273090495492,© Google,OK,2_5,163893.6815463726,8249717.518283047,644330c38328cde5b32de9047f652a3b55dc5056,cardinal,4,0,0_deg_north,cardinal,0,0,90,640,640,7,batch_0007,273,datasets/df_2024_proportional/batch_0007/images/644330c38328cde5b32de9047f652a3b55dc5056.jpg,https://raw.githubusercontent.com/GUIA-DD/dataset-streetview/main/datasets/df_2024_proportional/batch_0007/images/644330c38328cde5b32de9047f652a3b55dc5056.jpg,True,downloaded,
52d38c4c074c73c503439029259e4182c2bf29cb,561eedf0d8341b10dd1c287c65e21894c343f2ca,-15.80869041368673,-48.13711455350957,-15.80870615172603,-48.13712889490115,2026-02,2026,szERcCMcBumX9i06m8KwNw,252.9273090495492,© Google,OK,2_5,163893.6815463726,8249717.518283047,a9d9499b3be1355aeef2b5262018e4da97705cdc,cardinal,4,1,90_deg_east,cardinal,90,0,90,640,640,7,batch_0007,274,datasets/df_2024_proportional/batch_0007/images/a9d9499b3be1355aeef2b5262018e4da97705cdc.jpg,https://raw.githubusercontent.com/GUIA-DD/dataset-streetview/main/datasets/df_2024_proportional/batch_0007/images/a9d9499b3be1355aeef2b5262018e4da97705cdc.jpg,True,downloaded,
52d38c4c074c73c503439029259e4182c2bf29cb,561eedf0d8341b10dd1c287c65e21894c343f2ca,-15.80869041368673,-48.13711455350957,-15.80870615172603,-48.13712889490115,2026-02,2026,szERcCMcBumX9i06m8KwNw,252.9273090495492,© Google,OK,2_5,163893.6815463726,8249717.518283047,3be152f1b3cd023eda16d3294292bd3b92ee785a,cardinal,4,2,180_deg_south,cardinal,180,0,90,640,640,7,batch_0007,275,datasets/df_2024_proportional/batch_0007/images/3be152f1b3cd023eda16d3294292bd3b92ee785a.jpg,https://raw.githubusercontent.com/GUIA-DD/dataset-streetview/main/datasets/df_2024_proportional/batch_0007/images/3be152f1b3cd023eda16d3294292bd3b92ee785a.jpg,True,downloaded,
52d38c4c074c73c503439029259e4182c2bf29cb,561eedf0d8341b10dd1c287c65e21894c343f2ca,-15.80869041368673,-48.13711455350957,-15.80870615172603,-48.13712889490115,2026-02,2026,szERcCMcBumX9i06m8KwNw,252.9273090495492,© Google,OK,2_5,163893.6815463726,8249717.518283047,3dc06b15a46e7febac488c34061da5c3dd72a732,cardinal,4,3,270_deg_west,cardinal,270,0,90,640,640,7,batch_0007,276,datasets/df_2024_proportional/batch_0007/images/3dc06b15a46e7febac488c34061da5c3dd72a732.jpg,https://raw.githubusercontent.com/GUIA-DD/dataset-streetview/main/datasets/df_2024_proportional/batch_0007/images/3dc06b15a46e7febac488c34061da5c3dd72a732.jpg,True,downloaded,
533b37034740d8f9db55a8037b9e197a6c41d7b9,bc1e386f1ad9d7e4a009638cb7cc6fef52abb0c7,-15.843405244472812,-48.05299552596724,-15.84343058819728,-48.05300683106969,2024-07,2024,39cqqXu_1ISAZxhFRA2SDQ,27.818573199287048,© Google,OK,4_4,172969.42357246918,8246005.811835737,16509b37d3b027b032833fd0ca24023d2b38e1b0,cardinal,4,0,0_deg_north,cardinal,0,0,90,640,640,7,batch_0007,277,datasets/df_2024_proportional/batch_0007/images/16509b37d3b027b032833fd0ca24023d2b38e1b0.jpg,https://raw.githubusercontent.com/GUIA-DD/dataset-streetview/main/datasets/df_2024_proportional/batch_0007/images/16509b37d3b027b032833fd0ca24023d2b38e1b0.jpg,True,downloaded,
533b37034740d8f9db55a8037b9e197a6c41d7b9,bc1e386f1ad9d7e4a009638cb7cc6fef52abb0c7,-15.843405244472812,-48.05299552596724,-15.84343058819728,-48.05300683106969,2024-07,2024,39cqqXu_1ISAZxhFRA2SDQ,27.818573199287048,© Google,OK,4_4,172969.42357246918,8246005.811835737,f49c163fc69f8668400de773cedbc0168ad558ea,cardinal,4,1,90_deg_east,cardinal,90,0,90,640,640,7,batch_0007,278,datasets/df_2024_proportional/batch_0007/images/f49c163fc69f8668400de773cedbc0168ad558ea.jpg,https://raw.githubusercontent.com/GUIA-DD/dataset-streetview/main/datasets/df_2024_proportional/batch_0007/images/f49c163fc69f8668400de773cedbc0168ad558ea.jpg,True,downloaded,
533b37034740d8f9db55a8037b9e197a6c41d7b9,bc1e386f1ad9d7e4a009638cb7cc6fef52abb0c7,-15.843405244472812,-48.05299552596724,-15.84343058819728,-48.05300683106969,2024-07,2024,39cqqXu_1ISAZxhFRA2SDQ,27.818573199287048,© Google,OK,4_4,172969.42357246918,8246005.811835737,e772d5aa96a624b1953f676348538ca915879829,cardinal,4,2,180_deg_south,cardinal,180,0,90,640,640,7,batch_0007,279,datasets/df_2024_proportional/batch_0007/images/e772d5aa96a624b1953f676348538ca915879829.jpg,https://raw.githubusercontent.com/GUIA-DD/dataset-streetview/main/datasets/df_2024_proportional/batch_0007/images/e772d5aa96a624b1953f676348538ca915879829.jpg,True,downloaded,
533b37034740d8f9db55a8037b9e197a6c41d7b9,bc1e386f1ad9d7e4a009638cb7cc6fef52abb0c7,-15.843405244472812,-48.05299552596724,-15.84343058819728,-48.05300683106969,2024-07,2024,39cqqXu_1ISAZxhFRA2SDQ,27.818573199287048,© Google,OK,4_4,172969.42357246918,8246005.811835737,a15e5ebc789952036094db2a20e8087d2918205f,cardinal,4,3,270_deg_west,cardinal,270,0,90,640,640,7,batch_0007,280,datasets/df_2024_proportional/batch_0007/images/a15e5ebc789952036094db2a20e8087d2918205f.jpg,https://raw.githubusercontent.com/GUIA-DD/dataset-streetview/main/datasets/df_2024_proportional/batch_0007/images/a15e5ebc789952036094db2a20e8087d2918205f.jpg,True,downloaded,
55a7ba296014b63b3a4f933296a58cbbe3c1ea8e,e0911f53f96980006773398101101ada8d0e4459,-15.890961604848217,-48.14356451504121,-15.89092695760428,-48.1435817955272,2025-08,2025,bVXpn32-LINwJxpo8klwdw,148.4584540414658,© Google,OK,2_3,163338.7270941959,8240595.183321514,d582b231e46bba555ba6aad049137433074f44f7,cardinal,4,0,0_deg_north,cardinal,0,0,90,640,640,7,batch_0007,281,datasets/df_2024_proportional/batch_0007/images/d582b231e46bba555ba6aad049137433074f44f7.jpg,https://raw.githubusercontent.com/GUIA-DD/dataset-streetview/main/datasets/df_2024_proportional/batch_0007/images/d582b231e46bba555ba6aad049137433074f44f7.jpg,True,downloaded,
55a7ba296014b63b3a4f933296a58cbbe3c1ea8e,e0911f53f96980006773398101101ada8d0e4459,-15.890961604848217,-48.14356451504121,-15.89092695760428,-48.1435817955272,2025-08,2025,bVXpn32-LINwJxpo8klwdw,148.4584540414658,© Google,OK,2_3,163338.7270941959,8240595.183321514,f9c0cee2c36cb7c1d4c15a75abebfc2eb549ecc7,cardinal,4,1,90_deg_east,cardinal,90,0,90,640,640,7,batch_0007,282,datasets/df_2024_proportional/batch_0007/images/f9c0cee2c36cb7c1d4c15a75abebfc2eb549ecc7.jpg,https://raw.githubusercontent.com/GUIA-DD/dataset-streetview/main/datasets/df_2024_proportional/batch_0007/images/f9c0cee2c36cb7c1d4c15a75abebfc2eb549ecc7.jpg,True,downloaded,
55a7ba296014b63b3a4f933296a58cbbe3c1ea8e,e0911f53f96980006773398101101ada8d0e4459,-15.890961604848217,-48.14356451504121,-15.89092695760428,-48.1435817955272,2025-08,2025,bVXpn32-LINwJxpo8klwdw,148.4584540414658,© Google,OK,2_3,163338.7270941959,8240595.183321514,b399c39f39659489e223adfda0fdd1ca41b839fc,cardinal,4,2,180_deg_south,cardinal,180,0,90,640,640,7,batch_0007,283,datasets/df_2024_proportional/batch_0007/images/b399c39f39659489e223adfda0fdd1ca41b839fc.jpg,https://raw.githubusercontent.com/GUIA-DD/dataset-streetview/main/datasets/df_2024_proportional/batch_0007/images/b399c39f39659489e223adfda0fdd1ca41b839fc.jpg,True,downloaded,
55a7ba296014b63b3a4f933296a58cbbe3c1ea8e,e0911f53f96980006773398101101ada8d0e4459,-15.890961604848217,-48.14356451504121,-15.89092695760428,-48.1435817955272,2025-08,2025,bVXpn32-LINwJxpo8klwdw,148.4584540414658,© Google,OK,2_3,163338.7270941959,8240595.183321514,0a7d5948f386abcdc1f859672cd5a6afc669d423,cardinal,4,3,270_deg_west,cardinal,270,0,90,640,640,7,batch_0007,284,datasets/df_2024_proportional/batch_0007/images/0a7d5948f386abcdc1f859672cd5a6afc669d423.jpg,https://raw.githubusercontent.com/GUIA-DD/dataset-streetview/main/datasets/df_2024_proportional/batch_0007/images/0a7d5948f386abcdc1f859672cd5a6afc669d423.jpg,True,downloaded,
577695731dbaaca39ec6203d13633eddc118ed73,7110ae043906193039a2fbe278ee50cb3497a9f6,-15.889513850055224,-47.91136434975153,-15.88952321275321,-47.91136733376177,2024-12,2024,kYMPg9AbXtqAwYY6s_S6oA,191.3229048651816,© Google,OK,7_3,188223.1204605263,8241115.897666731,b8cccc0832a141c819fa0538b90da9042ad67428,cardinal,4,0,0_deg_north,cardinal,0,0,90,640,640,7,batch_0007,285,datasets/df_2024_proportional/batch_0007/images/b8cccc0832a141c819fa0538b90da9042ad67428.jpg,https://raw.githubusercontent.com/GUIA-DD/dataset-streetview/main/datasets/df_2024_proportional/batch_0007/images/b8cccc0832a141c819fa0538b90da9042ad67428.jpg,True,downloaded,
577695731dbaaca39ec6203d13633eddc118ed73,7110ae043906193039a2fbe278ee50cb3497a9f6,-15.889513850055224,-47.91136434975153,-15.88952321275321,-47.91136733376177,2024-12,2024,kYMPg9AbXtqAwYY6s_S6oA,191.3229048651816,© Google,OK,7_3,188223.1204605263,8241115.897666731,a233044cf20b882989dcfc8c2f0cf5ef99ced0ff,cardinal,4,1,90_deg_east,cardinal,90,0,90,640,640,7,batch_0007,286,datasets/df_2024_proportional/batch_0007/images/a233044cf20b882989dcfc8c2f0cf5ef99ced0ff.jpg,https://raw.githubusercontent.com/GUIA-DD/dataset-streetview/main/datasets/df_2024_proportional/batch_0007/images/a233044cf20b882989dcfc8c2f0cf5ef99ced0ff.jpg,True,downloaded,
577695731dbaaca39ec6203d13633eddc118ed73,7110ae043906193039a2fbe278ee50cb3497a9f6,-15.889513850055224,-47.91136434975153,-15.88952321275321,-47.91136733376177,2024-12,2024,kYMPg9AbXtqAwYY6s_S6oA,191.3229048651816,© Google,OK,7_3,188223.1204605263,8241115.897666731,ef331b01a15bf94d190f40e010b8a2fa18fbae85,cardinal,4,2,180_deg_south,cardinal,180,0,90,640,640,7,batch_0007,287,datasets/df_2024_proportional/batch_0007/images/ef331b01a15bf94d190f40e010b8a2fa18fbae85.jpg,https://raw.githubusercontent.com/GUIA-DD/dataset-streetview/main/datasets/df_2024_proportional/batch_0007/images/ef331b01a15bf94d190f40e010b8a2fa18fbae85.jpg,True,downloaded,
577695731dbaaca39ec6203d13633eddc118ed73,7110ae043906193039a2fbe278ee50cb3497a9f6,-15.889513850055224,-47.91136434975153,-15.88952321275321,-47.91136733376177,2024-12,2024,kYMPg9AbXtqAwYY6s_S6oA,191.3229048651816,© Google,OK,7_3,188223.1204605263,8241115.897666731,4a8b17249dda1338447021950c374a05fc921302,cardinal,4,3,270_deg_west,cardinal,270,0,90,640,640,7,batch_0007,288,datasets/df_2024_proportional/batch_0007/images/4a8b17249dda1338447021950c374a05fc921302.jpg,https://raw.githubusercontent.com/GUIA-DD/dataset-streetview/main/datasets/df_2024_proportional/batch_0007/images/4a8b17249dda1338447021950c374a05fc921302.jpg,True,downloaded,
57a9bb108d67482402a0b3de61fb24a34bd10a34,646545d96f799f85e550275542779c66734e0506,-15.89931336136486,-48.05137590375519,-15.89932920994516,-48.05138326142175,2025-06,2025,PDhC9O4YMEREA1dB4aYqvg,161.6028347748099,© Google,OK,4_3,173233.32056571564,8239816.653753336,03754e86ee16b669427416bbee72c2b62b25d284,cardinal,4,0,0_deg_north,cardinal,0,0,90,640,640,7,batch_0007,289,datasets/df_2024_proportional/batch_0007/images/03754e86ee16b669427416bbee72c2b62b25d284.jpg,https://raw.githubusercontent.com/GUIA-DD/dataset-streetview/main/datasets/df_2024_proportional/batch_0007/images/03754e86ee16b669427416bbee72c2b62b25d284.jpg,True,downloaded,
57a9bb108d67482402a0b3de61fb24a34bd10a34,646545d96f799f85e550275542779c66734e0506,-15.89931336136486,-48.05137590375519,-15.89932920994516,-48.05138326142175,2025-06,2025,PDhC9O4YMEREA1dB4aYqvg,161.6028347748099,© Google,OK,4_3,173233.32056571564,8239816.653753336,16541018808ad5d4486480ed1639613c584f6024,cardinal,4,1,90_deg_east,cardinal,90,0,90,640,640,7,batch_0007,290,datasets/df_2024_proportional/batch_0007/images/16541018808ad5d4486480ed1639613c584f6024.jpg,https://raw.githubusercontent.com/GUIA-DD/dataset-streetview/main/datasets/df_2024_proportional/batch_0007/images/16541018808ad5d4486480ed1639613c584f6024.jpg,True,downloaded,
57a9bb108d67482402a0b3de61fb24a34bd10a34,646545d96f799f85e550275542779c66734e0506,-15.89931336136486,-48.05137590375519,-15.89932920994516,-48.05138326142175,2025-06,2025,PDhC9O4YMEREA1dB4aYqvg,161.6028347748099,© Google,OK,4_3,173233.32056571564,8239816.653753336,caf8932f0b511870c08e95f1dd126eee47251526,cardinal,4,2,180_deg_south,cardinal,180,0,90,640,640,7,batch_0007,291,datasets/df_2024_proportional/batch_0007/images/caf8932f0b511870c08e95f1dd126eee47251526.jpg,https://raw.githubusercontent.com/GUIA-DD/dataset-streetview/main/datasets/df_2024_proportional/batch_0007/images/caf8932f0b511870c08e95f1dd126eee47251526.jpg,True,downloaded,
57a9bb108d67482402a0b3de61fb24a34bd10a34,646545d96f799f85e550275542779c66734e0506,-15.89931336136486,-48.05137590375519,-15.89932920994516,-48.05138326142175,2025-06,2025,PDhC9O4YMEREA1dB4aYqvg,161.6028347748099,© Google,OK,4_3,173233.32056571564,8239816.653753336,88c35821983c25be28ca767425d885b7230acde6,cardinal,4,3,270_deg_west,cardinal,270,0,90,640,640,7,batch_0007,292,datasets/df_2024_proportional/batch_0007/images/88c35821983c25be28ca767425d885b7230acde6.jpg,https://raw.githubusercontent.com/GUIA-DD/dataset-streetview/main/datasets/df_2024_proportional/batch_0007/images/88c35821983c25be28ca767425d885b7230acde6.jpg,True,downloaded,
57e2ee7cf9d9f1fda5b094d274b5c831b9ebdd30,0a2aed11d7d307b65d609628ee64df77933e25a0,-15.781214450025075,-47.98818240003309,-15.78124041260124,-47.9881704831197,2024-06,2024,PeT8vrtEc_3qEkh1Sb6s8g,114.13347043995454,© Google,OK,6_6,179819.5619006793,8252993.015590515,f24b402c69a0e0115a7eca81168c7820c6d3e228,cardinal,4,0,0_deg_north,cardinal,0,0,90,640,640,7,batch_0007,293,datasets/df_2024_proportional/batch_0007/images/f24b402c69a0e0115a7eca81168c7820c6d3e228.jpg,https://raw.githubusercontent.com/GUIA-DD/dataset-streetview/main/datasets/df_2024_proportional/batch_0007/images/f24b402c69a0e0115a7eca81168c7820c6d3e228.jpg,True,downloaded,
57e2ee7cf9d9f1fda5b094d274b5c831b9ebdd30,0a2aed11d7d307b65d609628ee64df77933e25a0,-15.781214450025075,-47.98818240003309,-15.78124041260124,-47.9881704831197,2024-06,2024,PeT8vrtEc_3qEkh1Sb6s8g,114.13347043995454,© Google,OK,6_6,179819.5619006793,8252993.015590515,b6e4497620b15fb8fd49a0cf1b204d13d095ebe0,cardinal,4,1,90_deg_east,cardinal,90,0,90,640,640,7,batch_0007,294,datasets/df_2024_proportional/batch_0007/images/b6e4497620b15fb8fd49a0cf1b204d13d095ebe0.jpg,https://raw.githubusercontent.com/GUIA-DD/dataset-streetview/main/datasets/df_2024_proportional/batch_0007/images/b6e4497620b15fb8fd49a0cf1b204d13d095ebe0.jpg,True,downloaded,
57e2ee7cf9d9f1fda5b094d274b5c831b9ebdd30,0a2aed11d7d307b65d609628ee64df77933e25a0,-15.781214450025075,-47.98818240003309,-15.78124041260124,-47.9881704831197,2024-06,2024,PeT8vrtEc_3qEkh1Sb6s8g,114.13347043995454,© Google,OK,6_6,179819.5619006793,8252993.015590515,893a8b55f08d07ca19057cc3d4007429f3c84c72,cardinal,4,2,180_deg_south,cardinal,180,0,90,640,640,7,batch_0007,295,datasets/df_2024_proportional/batch_0007/images/893a8b55f08d07ca19057cc3d4007429f3c84c72.jpg,https://raw.githubusercontent.com/GUIA-DD/dataset-streetview/main/datasets/df_2024_proportional/batch_0007/images/893a8b55f08d07ca19057cc3d4007429f3c84c72.jpg,True,downloaded,
57e2ee7cf9d9f1fda5b094d274b5c831b9ebdd30,0a2aed11d7d307b65d609628ee64df77933e25a0,-15.781214450025075,-47.98818240003309,-15.78124041260124,-47.9881704831197,2024-06,2024,PeT8vrtEc_3qEkh1Sb6s8g,114.13347043995454,© Google,OK,6_6,179819.5619006793,8252993.015590515,ef27db4f5c893303e175789adbbcb5fa1e554d16,cardinal,4,3,270_deg_west,cardinal,270,0,90,640,640,7,batch_0007,296,datasets/df_2024_proportional/batch_0007/images/ef27db4f5c893303e175789adbbcb5fa1e554d16.jpg,https://raw.githubusercontent.com/GUIA-DD/dataset-streetview/main/datasets/df_2024_proportional/batch_0007/images/ef27db4f5c893303e175789adbbcb5fa1e554d16.jpg,True,downloaded,
5894d9b4f7b17d262f87a68a2d1b91e612a4039d,b1fc558dd06da22133ba7665df0de3b478c986cf,-15.599391451954247,-47.67809919833178,-15.59937324799877,-47.67805995227195,2025-07,2025,7nGpYLbIuQcEEDfBHG1-oA,240.65561571680627,© Google,OK,12_10,212811.95052828096,8273571.064158732,1422b88612e90014a628411807b22d79a804959c,cardinal,4,0,0_deg_north,cardinal,0,0,90,640,640,7,batch_0007,297,datasets/df_2024_proportional/batch_0007/images/1422b88612e90014a628411807b22d79a804959c.jpg,https://raw.githubusercontent.com/GUIA-DD/dataset-streetview/main/datasets/df_2024_proportional/batch_0007/images/1422b88612e90014a628411807b22d79a804959c.jpg,True,downloaded,
5894d9b4f7b17d262f87a68a2d1b91e612a4039d,b1fc558dd06da22133ba7665df0de3b478c986cf,-15.599391451954247,-47.67809919833178,-15.59937324799877,-47.67805995227195,2025-07,2025,7nGpYLbIuQcEEDfBHG1-oA,240.65561571680627,© Google,OK,12_10,212811.95052828096,8273571.064158732,85bd4d21a0b22c86edaec5a45e26eb211edb6bd9,cardinal,4,1,90_deg_east,cardinal,90,0,90,640,640,7,batch_0007,298,datasets/df_2024_proportional/batch_0007/images/85bd4d21a0b22c86edaec5a45e26eb211edb6bd9.jpg,https://raw.githubusercontent.com/GUIA-DD/dataset-streetview/main/datasets/df_2024_proportional/batch_0007/images/85bd4d21a0b22c86edaec5a45e26eb211edb6bd9.jpg,True,downloaded,
5894d9b4f7b17d262f87a68a2d1b91e612a4039d,b1fc558dd06da22133ba7665df0de3b478c986cf,-15.599391451954247,-47.67809919833178,-15.59937324799877,-47.67805995227195,2025-07,2025,7nGpYLbIuQcEEDfBHG1-oA,240.65561571680627,© Google,OK,12_10,212811.95052828096,8273571.064158732,ad1c02a5ac6c7314a0838965a80266d2dac841ee,cardinal,4,2,180_deg_south,cardinal,180,0,90,640,640,7,batch_0007,299,datasets/df_2024_proportional/batch_0007/images/ad1c02a5ac6c7314a0838965a80266d2dac841ee.jpg,https://raw.githubusercontent.com/GUIA-DD/dataset-streetview/main/datasets/df_2024_proportional/batch_0007/images/ad1c02a5ac6c7314a0838965a80266d2dac841ee.jpg,True,downloaded,
5894d9b4f7b17d262f87a68a2d1b91e612a4039d,b1fc558dd06da22133ba7665df0de3b478c986cf,-15.599391451954247,-47.67809919833178,-15.59937324799877,-47.67805995227195,2025-07,2025,7nGpYLbIuQcEEDfBHG1-oA,240.65561571680627,© Google,OK,12_10,212811.95052828096,8273571.064158732,082c8da314250834510508c528173bf87202df55,cardinal,4,3,270_deg_west,cardinal,270,0,90,640,640,7,batch_0007,300,datasets/df_2024_proportional/batch_0007/images/082c8da314250834510508c528173bf87202df55.jpg,https://raw.githubusercontent.com/GUIA-DD/dataset-streetview/main/datasets/df_2024_proportional/batch_0007/images/082c8da314250834510508c528173bf87202df55.jpg,True,downloaded,
5bbaece98ea428517367ee56e3d0683a7a526697,28e6ebc721292e419fcab729f84409f343cf9bf2,-15.890269686059078,-48.08748617677637,-15.8902613710543,-48.08744162720097,2025-07,2025,lQgMTLY4-snuavW1e6HeaQ,251.0359124391753,© Google,OK,4_3,169348.3503461206,8240761.395540532,f15a7195289a00260c289ff3eba28465104e78a8,cardinal,4,0,0_deg_north,cardinal,0,0,90,640,640,7,batch_0007,301,datasets/df_2024_proportional/batch_0007/images/f15a7195289a00260c289ff3eba28465104e78a8.jpg,https://raw.githubusercontent.com/GUIA-DD/dataset-streetview/main/datasets/df_2024_proportional/batch_0007/images/f15a7195289a00260c289ff3eba28465104e78a8.jpg,True,downloaded,
5bbaece98ea428517367ee56e3d0683a7a526697,28e6ebc721292e419fcab729f84409f343cf9bf2,-15.890269686059078,-48.08748617677637,-15.8902613710543,-48.08744162720097,2025-07,2025,lQgMTLY4-snuavW1e6HeaQ,251.0359124391753,© Google,OK,4_3,169348.3503461206,8240761.395540532,3ed08f97eeb89277825751547c0b3ba8aa179306,cardinal,4,1,90_deg_east,cardinal,90,0,90,640,640,7,batch_0007,302,datasets/df_2024_proportional/batch_0007/images/3ed08f97eeb89277825751547c0b3ba8aa179306.jpg,https://raw.githubusercontent.com/GUIA-DD/dataset-streetview/main/datasets/df_2024_proportional/batch_0007/images/3ed08f97eeb89277825751547c0b3ba8aa179306.jpg,True,downloaded,
5bbaece98ea428517367ee56e3d0683a7a526697,28e6ebc721292e419fcab729f84409f343cf9bf2,-15.890269686059078,-48.08748617677637,-15.8902613710543,-48.08744162720097,2025-07,2025,lQgMTLY4-snuavW1e6HeaQ,251.0359124391753,© Google,OK,4_3,169348.3503461206,8240761.395540532,ee849da2dddbf966260dce565eae434468bdc80c,cardinal,4,2,180_deg_south,cardinal,180,0,90,640,640,7,batch_0007,303,datasets/df_2024_proportional/batch_0007/images/ee849da2dddbf966260dce565eae434468bdc80c.jpg,https://raw.githubusercontent.com/GUIA-DD/dataset-streetview/main/datasets/df_2024_proportional/batch_0007/images/ee849da2dddbf966260dce565eae434468bdc80c.jpg,True,downloaded,
5bbaece98ea428517367ee56e3d0683a7a526697,28e6ebc721292e419fcab729f84409f343cf9bf2,-15.890269686059078,-48.08748617677637,-15.8902613710543,-48.08744162720097,2025-07,2025,lQgMTLY4-snuavW1e6HeaQ,251.0359124391753,© Google,OK,4_3,169348.3503461206,8240761.395540532,8fa124364757ea094dae92ed85c92836d4e8cf22,cardinal,4,3,270_deg_west,cardinal,270,0,90,640,640,7,batch_0007,304,datasets/df_2024_proportional/batch_0007/images/8fa124364757ea094dae92ed85c92836d4e8cf22.jpg,https://raw.githubusercontent.com/GUIA-DD/dataset-streetview/main/datasets/df_2024_proportional/batch_0007/images/8fa124364757ea094dae92ed85c92836d4e8cf22.jpg,True,downloaded,
5d00115fe83dbaa3edf5b294d2ca4e526a3b8129,4fc4a5a3188023940e4e68fad9b98927af7107df,-15.920028650168916,-48.10017680041141,-15.92003751343004,-48.10018365877992,2024-06,2024,DmU22G67sK1-fr5Sf4lUqw,308.1412047875203,© Google,OK,3_2,168037.04568149857,8237445.397613009,e5ca3807a95d3600de2cbc47796b591f46a913e2,cardinal,4,0,0_deg_north,cardinal,0,0,90,640,640,7,batch_0007,305,datasets/df_2024_proportional/batch_0007/images/e5ca3807a95d3600de2cbc47796b591f46a913e2.jpg,https://raw.githubusercontent.com/GUIA-DD/dataset-streetview/main/datasets/df_2024_proportional/batch_0007/images/e5ca3807a95d3600de2cbc47796b591f46a913e2.jpg,True,downloaded,
5d00115fe83dbaa3edf5b294d2ca4e526a3b8129,4fc4a5a3188023940e4e68fad9b98927af7107df,-15.920028650168916,-48.10017680041141,-15.92003751343004,-48.10018365877992,2024-06,2024,DmU22G67sK1-fr5Sf4lUqw,308.1412047875203,© Google,OK,3_2,168037.04568149857,8237445.397613009,5c3ccca4d76f279831e9c19b13f33163bf04db4d,cardinal,4,1,90_deg_east,cardinal,90,0,90,640,640,7,batch_0007,306,datasets/df_2024_proportional/batch_0007/images/5c3ccca4d76f279831e9c19b13f33163bf04db4d.jpg,https://raw.githubusercontent.com/GUIA-DD/dataset-streetview/main/datasets/df_2024_proportional/batch_0007/images/5c3ccca4d76f279831e9c19b13f33163bf04db4d.jpg,True,downloaded,
5d00115fe83dbaa3edf5b294d2ca4e526a3b8129,4fc4a5a3188023940e4e68fad9b98927af7107df,-15.920028650168916,-48.10017680041141,-15.92003751343004,-48.10018365877992,2024-06,2024,DmU22G67sK1-fr5Sf4lUqw,308.1412047875203,© Google,OK,3_2,168037.04568149857,8237445.397613009,386c49b6890c1c64067a592d3fb508f41b2cfbe5,cardinal,4,2,180_deg_south,cardinal,180,0,90,640,640,7,batch_0007,307,datasets/df_2024_proportional/batch_0007/images/386c49b6890c1c64067a592d3fb508f41b2cfbe5.jpg,https://raw.githubusercontent.com/GUIA-DD/dataset-streetview/main/datasets/df_2024_proportional/batch_0007/images/386c49b6890c1c64067a592d3fb508f41b2cfbe5.jpg,True,downloaded,
5d00115fe83dbaa3edf5b294d2ca4e526a3b8129,4fc4a5a3188023940e4e68fad9b98927af7107df,-15.920028650168916,-48.10017680041141,-15.92003751343004,-48.10018365877992,2024-06,2024,DmU22G67sK1-fr5Sf4lUqw,308.1412047875203,© Google,OK,3_2,168037.04568149857,8237445.397613009,1663e976c33cc5735fa42e6ec8b9639f617705a2,cardinal,4,3,270_deg_west,cardinal,270,0,90,640,640,7,batch_0007,308,datasets/df_2024_proportional/batch_0007/images/1663e976c33cc5735fa42e6ec8b9639f617705a2.jpg,https://raw.githubusercontent.com/GUIA-DD/dataset-streetview/main/datasets/df_2024_proportional/batch_0007/images/1663e976c33cc5735fa42e6ec8b9639f617705a2.jpg,True,downloaded,
5d4995752108b72640f27b85882c8158283c052e,3db60c9c423ccf5d44db8589553052b703251831,-15.84681320015046,-48.042609549868025,-15.84681994259109,-48.04262286824955,2024-07,2024,NW8bvuiSFpA1OcKxkXx4Jg,239.2464949179172,© Google,OK,5_4,174088.32342929006,8245644.577665256,751219cad914ae13bc1ccbca6fcadea39f0c8370,cardinal,4,0,0_deg_north,cardinal,0,0,90,640,640,7,batch_0007,309,datasets/df_2024_proportional/batch_0007/images/751219cad914ae13bc1ccbca6fcadea39f0c8370.jpg,https://raw.githubusercontent.com/GUIA-DD/dataset-streetview/main/datasets/df_2024_proportional/batch_0007/images/751219cad914ae13bc1ccbca6fcadea39f0c8370.jpg,True,downloaded,
5d4995752108b72640f27b85882c8158283c052e,3db60c9c423ccf5d44db8589553052b703251831,-15.84681320015046,-48.042609549868025,-15.84681994259109,-48.04262286824955,2024-07,2024,NW8bvuiSFpA1OcKxkXx4Jg,239.2464949179172,© Google,OK,5_4,174088.32342929006,8245644.577665256,9198dd482e7b84e812392f376db67a743451ec89,cardinal,4,1,90_deg_east,cardinal,90,0,90,640,640,7,batch_0007,310,datasets/df_2024_proportional/batch_0007/images/9198dd482e7b84e812392f376db67a743451ec89.jpg,https://raw.githubusercontent.com/GUIA-DD/dataset-streetview/main/datasets/df_2024_proportional/batch_0007/images/9198dd482e7b84e812392f376db67a743451ec89.jpg,True,downloaded,
5d4995752108b72640f27b85882c8158283c052e,3db60c9c423ccf5d44db8589553052b703251831,-15.84681320015046,-48.042609549868025,-15.84681994259109,-48.04262286824955,2024-07,2024,NW8bvuiSFpA1OcKxkXx4Jg,239.2464949179172,© Google,OK,5_4,174088.32342929006,8245644.577665256,cf68b270e47e889bbb555627caedd495ef4c9487,cardinal,4,2,180_deg_south,cardinal,180,0,90,640,640,7,batch_0007,311,datasets/df_2024_proportional/batch_0007/images/cf68b270e47e889bbb555627caedd495ef4c9487.jpg,https://raw.githubusercontent.com/GUIA-DD/dataset-streetview/main/datasets/df_2024_proportional/batch_0007/images/cf68b270e47e889bbb555627caedd495ef4c9487.jpg,True,downloaded,
5d4995752108b72640f27b85882c8158283c052e,3db60c9c423ccf5d44db8589553052b703251831,-15.84681320015046,-48.042609549868025,-15.84681994259109,-48.04262286824955,2024-07,2024,NW8bvuiSFpA1OcKxkXx4Jg,239.2464949179172,© Google,OK,5_4,174088.32342929006,8245644.577665256,4fa029e461a5d321c85d2f6f2e3de571430b86f4,cardinal,4,3,270_deg_west,cardinal,270,0,90,640,640,7,batch_0007,312,datasets/df_2024_proportional/batch_0007/images/4fa029e461a5d321c85d2f6f2e3de571430b86f4.jpg,https://raw.githubusercontent.com/GUIA-DD/dataset-streetview/main/datasets/df_2024_proportional/batch_0007/images/4fa029e461a5d321c85d2f6f2e3de571430b86f4.jpg,True,downloaded,
626de3d59029a77588e873e1d3ecd1c9b335fcbc,cc461b5e14454a9f786bf424e00bd0848392ca1b,-15.872196695802185,-48.07243728500581,-15.87216828222732,-48.07245480418751,2025-06,2025,eC9JgmuCmy7h2_qi0lKAzA,159.9643496146263,© Google,OK,4_4,170931.9248530545,8242786.732589169,c9ed4cb452fd6c8d6ea1edfeb6b058a2f9286078,cardinal,4,0,0_deg_north,cardinal,0,0,90,640,640,7,batch_0007,313,datasets/df_2024_proportional/batch_0007/images/c9ed4cb452fd6c8d6ea1edfeb6b058a2f9286078.jpg,https://raw.githubusercontent.com/GUIA-DD/dataset-streetview/main/datasets/df_2024_proportional/batch_0007/images/c9ed4cb452fd6c8d6ea1edfeb6b058a2f9286078.jpg,True,downloaded,
626de3d59029a77588e873e1d3ecd1c9b335fcbc,cc461b5e14454a9f786bf424e00bd0848392ca1b,-15.872196695802185,-48.07243728500581,-15.87216828222732,-48.07245480418751,2025-06,2025,eC9JgmuCmy7h2_qi0lKAzA,159.9643496146263,© Google,OK,4_4,170931.9248530545,8242786.732589169,553cff76e74b1bac327df9e2b02ad19e8e6d6253,cardinal,4,1,90_deg_east,cardinal,90,0,90,640,640,7,batch_0007,314,datasets/df_2024_proportional/batch_0007/images/553cff76e74b1bac327df9e2b02ad19e8e6d6253.jpg,https://raw.githubusercontent.com/GUIA-DD/dataset-streetview/main/datasets/df_2024_proportional/batch_0007/images/553cff76e74b1bac327df9e2b02ad19e8e6d6253.jpg,True,downloaded,
626de3d59029a77588e873e1d3ecd1c9b335fcbc,cc461b5e14454a9f786bf424e00bd0848392ca1b,-15.872196695802185,-48.07243728500581,-15.87216828222732,-48.07245480418751,2025-06,2025,eC9JgmuCmy7h2_qi0lKAzA,159.9643496146263,© Google,OK,4_4,170931.9248530545,8242786.732589169,90e1bc34a51471dfca1402290ae910b713938ce7,cardinal,4,2,180_deg_south,cardinal,180,0,90,640,640,7,batch_0007,315,datasets/df_2024_proportional/batch_0007/images/90e1bc34a51471dfca1402290ae910b713938ce7.jpg,https://raw.githubusercontent.com/GUIA-DD/dataset-streetview/main/datasets/df_2024_proportional/batch_0007/images/90e1bc34a51471dfca1402290ae910b713938ce7.jpg,True,downloaded,
626de3d59029a77588e873e1d3ecd1c9b335fcbc,cc461b5e14454a9f786bf424e00bd0848392ca1b,-15.872196695802185,-48.07243728500581,-15.87216828222732,-48.07245480418751,2025-06,2025,eC9JgmuCmy7h2_qi0lKAzA,159.9643496146263,© Google,OK,4_4,170931.9248530545,8242786.732589169,98c6ba6b0c201d28876d5b53744de469d9c4b43c,cardinal,4,3,270_deg_west,cardinal,270,0,90,640,640,7,batch_0007,316,datasets/df_2024_proportional/batch_0007/images/98c6ba6b0c201d28876d5b53744de469d9c4b43c.jpg,https://raw.githubusercontent.com/GUIA-DD/dataset-streetview/main/datasets/df_2024_proportional/batch_0007/images/98c6ba6b0c201d28876d5b53744de469d9c4b43c.jpg,True,downloaded,
628b05c1970f9435b75955fb2989ee185e9638a7,317f9acdf25e08743acd3796c7619ca18a6e2b9a,-16.00875850013189,-48.047926999706384,-16.00874987109498,-48.04794515089225,2025-05,2025,nSfa0iRgUjvoCo6d8vE3Ww,31.20831905859263,© Google,OK,4_1,173780.35559193182,8227701.237098906,96caf3f850135d3da612ed3953350b4dc8879a2e,cardinal,4,0,0_deg_north,cardinal,0,0,90,640,640,7,batch_0007,317,datasets/df_2024_proportional/batch_0007/images/96caf3f850135d3da612ed3953350b4dc8879a2e.jpg,https://raw.githubusercontent.com/GUIA-DD/dataset-streetview/main/datasets/df_2024_proportional/batch_0007/images/96caf3f850135d3da612ed3953350b4dc8879a2e.jpg,True,downloaded,
628b05c1970f9435b75955fb2989ee185e9638a7,317f9acdf25e08743acd3796c7619ca18a6e2b9a,-16.00875850013189,-48.047926999706384,-16.00874987109498,-48.04794515089225,2025-05,2025,nSfa0iRgUjvoCo6d8vE3Ww,31.20831905859263,© Google,OK,4_1,173780.35559193182,8227701.237098906,7c4f200eba67726a2f2bc70234f5e572f893a3a0,cardinal,4,1,90_deg_east,cardinal,90,0,90,640,640,7,batch_0007,318,datasets/df_2024_proportional/batch_0007/images/7c4f200eba67726a2f2bc70234f5e572f893a3a0.jpg,https://raw.githubusercontent.com/GUIA-DD/dataset-streetview/main/datasets/df_2024_proportional/batch_0007/images/7c4f200eba67726a2f2bc70234f5e572f893a3a0.jpg,True,downloaded,
628b05c1970f9435b75955fb2989ee185e9638a7,317f9acdf25e08743acd3796c7619ca18a6e2b9a,-16.00875850013189,-48.047926999706384,-16.00874987109498,-48.04794515089225,2025-05,2025,nSfa0iRgUjvoCo6d8vE3Ww,31.20831905859263,© Google,OK,4_1,173780.35559193182,8227701.237098906,47ad3905dcbb5132d482b26f84aa92442212c1f5,cardinal,4,2,180_deg_south,cardinal,180,0,90,640,640,7,batch_0007,319,datasets/df_2024_proportional/batch_0007/images/47ad3905dcbb5132d482b26f84aa92442212c1f5.jpg,https://raw.githubusercontent.com/GUIA-DD/dataset-streetview/main/datasets/df_2024_proportional/batch_0007/images/47ad3905dcbb5132d482b26f84aa92442212c1f5.jpg,True,downloaded,
628b05c1970f9435b75955fb2989ee185e9638a7,317f9acdf25e08743acd3796c7619ca18a6e2b9a,-16.00875850013189,-48.047926999706384,-16.00874987109498,-48.04794515089225,2025-05,2025,nSfa0iRgUjvoCo6d8vE3Ww,31.20831905859263,© Google,OK,4_1,173780.35559193182,8227701.237098906,6afc4e0fd85ed9c87f46e5726dc1de189ebf22a0,cardinal,4,3,270_deg_west,cardinal,270,0,90,640,640,7,batch_0007,320,datasets/df_2024_proportional/batch_0007/images/6afc4e0fd85ed9c87f46e5726dc1de189ebf22a0.jpg,https://raw.githubusercontent.com/GUIA-DD/dataset-streetview/main/datasets/df_2024_proportional/batch_0007/images/6afc4e0fd85ed9c87f46e5726dc1de189ebf22a0.jpg,True,downloaded,
6350cda60fc5a8acc750e3f5e7b65dfa3184156c,6ac30a936b96df01cd1ccd49453062f1f0ed6d0f,-15.86475620000025,-48.034318400002654,-15.86473442504428,-48.03433869773828,2024-07,2024,kg902ShsXnz0Sgiy3_11PQ,152.57089160737095,© Google,OK,5_4,175005.92900531687,8243670.347176792,73a019e585310c002d1c040faa99eb4d0a7b3967,cardinal,4,0,0_deg_north,cardinal,0,0,90,640,640,7,batch_0007,321,datasets/df_2024_proportional/batch_0007/images/73a019e585310c002d1c040faa99eb4d0a7b3967.jpg,https://raw.githubusercontent.com/GUIA-DD/dataset-streetview/main/datasets/df_2024_proportional/batch_0007/images/73a019e585310c002d1c040faa99eb4d0a7b3967.jpg,True,downloaded,
6350cda60fc5a8acc750e3f5e7b65dfa3184156c,6ac30a936b96df01cd1ccd49453062f1f0ed6d0f,-15.86475620000025,-48.034318400002654,-15.86473442504428,-48.03433869773828,2024-07,2024,kg902ShsXnz0Sgiy3_11PQ,152.57089160737095,© Google,OK,5_4,175005.92900531687,8243670.347176792,ff64a27d5928ff00041e010bfb283c4822af5e07,cardinal,4,1,90_deg_east,cardinal,90,0,90,640,640,7,batch_0007,322,datasets/df_2024_proportional/batch_0007/images/ff64a27d5928ff00041e010bfb283c4822af5e07.jpg,https://raw.githubusercontent.com/GUIA-DD/dataset-streetview/main/datasets/df_2024_proportional/batch_0007/images/ff64a27d5928ff00041e010bfb283c4822af5e07.jpg,True,downloaded,
6350cda60fc5a8acc750e3f5e7b65dfa3184156c,6ac30a936b96df01cd1ccd49453062f1f0ed6d0f,-15.86475620000025,-48.034318400002654,-15.86473442504428,-48.03433869773828,2024-07,2024,kg902ShsXnz0Sgiy3_11PQ,152.57089160737095,© Google,OK,5_4,175005.92900531687,8243670.347176792,153607ccf311dd6046192ca62af96a01bc57e1f0,cardinal,4,2,180_deg_south,cardinal,180,0,90,640,640,7,batch_0007,323,datasets/df_2024_proportional/batch_0007/images/153607ccf311dd6046192ca62af96a01bc57e1f0.jpg,https://raw.githubusercontent.com/GUIA-DD/dataset-streetview/main/datasets/df_2024_proportional/batch_0007/images/153607ccf311dd6046192ca62af96a01bc57e1f0.jpg,True,downloaded,
6350cda60fc5a8acc750e3f5e7b65dfa3184156c,6ac30a936b96df01cd1ccd49453062f1f0ed6d0f,-15.86475620000025,-48.034318400002654,-15.86473442504428,-48.03433869773828,2024-07,2024,kg902ShsXnz0Sgiy3_11PQ,152.57089160737095,© Google,OK,5_4,175005.92900531687,8243670.347176792,525bdce38a44be0aa5fff741271a6c0c0f6d37ee,cardinal,4,3,270_deg_west,cardinal,270,0,90,640,640,7,batch_0007,324,datasets/df_2024_proportional/batch_0007/images/525bdce38a44be0aa5fff741271a6c0c0f6d37ee.jpg,https://raw.githubusercontent.com/GUIA-DD/dataset-streetview/main/datasets/df_2024_proportional/batch_0007/images/525bdce38a44be0aa5fff741271a6c0c0f6d37ee.jpg,True,downloaded,
646ec431a719c3d7f1653ddcb471b3ea0627f59b,9782cdf7e39289f198dd85026b18f54460e07530,-15.825937650017243,-48.14219270002902,-15.82591359839308,-48.14221728645547,2026-02,2026,9MGY4YjIH52EOfo2qouD5A,119.2634814582512,© Google,OK,2_5,163377.73166506208,8247799.158763267,d30c1db457d723d4b189465420599318f2076ac6,cardinal,4,0,0_deg_north,cardinal,0,0,90,640,640,7,batch_0007,325,datasets/df_2024_proportional/batch_0007/images/d30c1db457d723d4b189465420599318f2076ac6.jpg,https://raw.githubusercontent.com/GUIA-DD/dataset-streetview/main/datasets/df_2024_proportional/batch_0007/images/d30c1db457d723d4b189465420599318f2076ac6.jpg,True,downloaded,
646ec431a719c3d7f1653ddcb471b3ea0627f59b,9782cdf7e39289f198dd85026b18f54460e07530,-15.825937650017243,-48.14219270002902,-15.82591359839308,-48.14221728645547,2026-02,2026,9MGY4YjIH52EOfo2qouD5A,119.2634814582512,© Google,OK,2_5,163377.73166506208,8247799.158763267,fa77305db780541fc1b8669bea23137f3d34e223,cardinal,4,1,90_deg_east,cardinal,90,0,90,640,640,7,batch_0007,326,datasets/df_2024_proportional/batch_0007/images/fa77305db780541fc1b8669bea23137f3d34e223.jpg,https://raw.githubusercontent.com/GUIA-DD/dataset-streetview/main/datasets/df_2024_proportional/batch_0007/images/fa77305db780541fc1b8669bea23137f3d34e223.jpg,True,downloaded,
646ec431a719c3d7f1653ddcb471b3ea0627f59b,9782cdf7e39289f198dd85026b18f54460e07530,-15.825937650017243,-48.14219270002902,-15.82591359839308,-48.14221728645547,2026-02,2026,9MGY4YjIH52EOfo2qouD5A,119.2634814582512,© Google,OK,2_5,163377.73166506208,8247799.158763267,d9602e3ff249ae4f8aa2a41005f25c3e5e37a261,cardinal,4,2,180_deg_south,cardinal,180,0,90,640,640,7,batch_0007,327,datasets/df_2024_proportional/batch_0007/images/d9602e3ff249ae4f8aa2a41005f25c3e5e37a261.jpg,https://raw.githubusercontent.com/GUIA-DD/dataset-streetview/main/datasets/df_2024_proportional/batch_0007/images/d9602e3ff249ae4f8aa2a41005f25c3e5e37a261.jpg,True,downloaded,
646ec431a719c3d7f1653ddcb471b3ea0627f59b,9782cdf7e39289f198dd85026b18f54460e07530,-15.825937650017243,-48.14219270002902,-15.82591359839308,-48.14221728645547,2026-02,2026,9MGY4YjIH52EOfo2qouD5A,119.2634814582512,© Google,OK,2_5,163377.73166506208,8247799.158763267,d735781836a21d62703670a9a77aaab96c94803c,cardinal,4,3,270_deg_west,cardinal,270,0,90,640,640,7,batch_0007,328,datasets/df_2024_proportional/batch_0007/images/d735781836a21d62703670a9a77aaab96c94803c.jpg,https://raw.githubusercontent.com/GUIA-DD/dataset-streetview/main/datasets/df_2024_proportional/batch_0007/images/d735781836a21d62703670a9a77aaab96c94803c.jpg,True,downloaded,
65f99ad39a63e699e1fb0f691883f03e7a7942b2,1512a4d42a5acfdbe3d1b6d8ace7dd70a8d244c7,-15.63618874012692,-47.67709723128625,-15.63634276532984,-47.67711721749367,2024-07,2024,FVffMriNOSrs2DArDxiqtA,310.1714664692069,© Google,OK,12_9,212970.7494901406,8269498.421247384,8e80119e6eaecb31868e844efe2118527d1a65d5,cardinal,4,0,0_deg_north,cardinal,0,0,90,640,640,7,batch_0007,329,datasets/df_2024_proportional/batch_0007/images/8e80119e6eaecb31868e844efe2118527d1a65d5.jpg,https://raw.githubusercontent.com/GUIA-DD/dataset-streetview/main/datasets/df_2024_proportional/batch_0007/images/8e80119e6eaecb31868e844efe2118527d1a65d5.jpg,True,downloaded,
65f99ad39a63e699e1fb0f691883f03e7a7942b2,1512a4d42a5acfdbe3d1b6d8ace7dd70a8d244c7,-15.63618874012692,-47.67709723128625,-15.63634276532984,-47.67711721749367,2024-07,2024,FVffMriNOSrs2DArDxiqtA,310.1714664692069,© Google,OK,12_9,212970.7494901406,8269498.421247384,369e691012c17afc79ac434984d215ab2b25b7a6,cardinal,4,1,90_deg_east,cardinal,90,0,90,640,640,7,batch_0007,330,datasets/df_2024_proportional/batch_0007/images/369e691012c17afc79ac434984d215ab2b25b7a6.jpg,https://raw.githubusercontent.com/GUIA-DD/dataset-streetview/main/datasets/df_2024_proportional/batch_0007/images/369e691012c17afc79ac434984d215ab2b25b7a6.jpg,True,downloaded,
65f99ad39a63e699e1fb0f691883f03e7a7942b2,1512a4d42a5acfdbe3d1b6d8ace7dd70a8d244c7,-15.63618874012692,-47.67709723128625,-15.63634276532984,-47.67711721749367,2024-07,2024,FVffMriNOSrs2DArDxiqtA,310.1714664692069,© Google,OK,12_9,212970.7494901406,8269498.421247384,8b14fcf5a2a41bc92e273df5db92336c5e1402cc,cardinal,4,2,180_deg_south,cardinal,180,0,90,640,640,7,batch_0007,331,datasets/df_2024_proportional/batch_0007/images/8b14fcf5a2a41bc92e273df5db92336c5e1402cc.jpg,https://raw.githubusercontent.com/GUIA-DD/dataset-streetview/main/datasets/df_2024_proportional/batch_0007/images/8b14fcf5a2a41bc92e273df5db92336c5e1402cc.jpg,True,downloaded,
65f99ad39a63e699e1fb0f691883f03e7a7942b2,1512a4d42a5acfdbe3d1b6d8ace7dd70a8d244c7,-15.63618874012692,-47.67709723128625,-15.63634276532984,-47.67711721749367,2024-07,2024,FVffMriNOSrs2DArDxiqtA,310.1714664692069,© Google,OK,12_9,212970.7494901406,8269498.421247384,2aa82dd5aaca145485d035cb8fac2aefa20b6e46,cardinal,4,3,270_deg_west,cardinal,270,0,90,640,640,7,batch_0007,332,datasets/df_2024_proportional/batch_0007/images/2aa82dd5aaca145485d035cb8fac2aefa20b6e46.jpg,https://raw.githubusercontent.com/GUIA-DD/dataset-streetview/main/datasets/df_2024_proportional/batch_0007/images/2aa82dd5aaca145485d035cb8fac2aefa20b6e46.jpg,True,downloaded,
66fea00a52f47f2655013a0429fc728468f34cd4,8cb3349b4134efaf4d863ab8e6ef30ab84aa0e8b,-15.894993350001906,-47.95367064999102,-15.89499158912975,-47.95366226162726,2024-12,2024,xFUmMey1Sy33dOlZL5nMNQ,190.2931399046478,© Google,OK,6_3,183697.71634470235,8240445.511984073,9d61e618b6d90c4025047d78efd047d12e971866,cardinal,4,0,0_deg_north,cardinal,0,0,90,640,640,7,batch_0007,333,datasets/df_2024_proportional/batch_0007/images/9d61e618b6d90c4025047d78efd047d12e971866.jpg,https://raw.githubusercontent.com/GUIA-DD/dataset-streetview/main/datasets/df_2024_proportional/batch_0007/images/9d61e618b6d90c4025047d78efd047d12e971866.jpg,True,downloaded,
66fea00a52f47f2655013a0429fc728468f34cd4,8cb3349b4134efaf4d863ab8e6ef30ab84aa0e8b,-15.894993350001906,-47.95367064999102,-15.89499158912975,-47.95366226162726,2024-12,2024,xFUmMey1Sy33dOlZL5nMNQ,190.2931399046478,© Google,OK,6_3,183697.71634470235,8240445.511984073,6258196aa0ddaffcc88ceea3287bf74ce2057b02,cardinal,4,1,90_deg_east,cardinal,90,0,90,640,640,7,batch_0007,334,datasets/df_2024_proportional/batch_0007/images/6258196aa0ddaffcc88ceea3287bf74ce2057b02.jpg,https://raw.githubusercontent.com/GUIA-DD/dataset-streetview/main/datasets/df_2024_proportional/batch_0007/images/6258196aa0ddaffcc88ceea3287bf74ce2057b02.jpg,True,downloaded,
66fea00a52f47f2655013a0429fc728468f34cd4,8cb3349b4134efaf4d863ab8e6ef30ab84aa0e8b,-15.894993350001906,-47.95367064999102,-15.89499158912975,-47.95366226162726,2024-12,2024,xFUmMey1Sy33dOlZL5nMNQ,190.2931399046478,© Google,OK,6_3,183697.71634470235,8240445.511984073,918ea1a7a28995ac6f660f654b79ace7a809c2b6,cardinal,4,2,180_deg_south,cardinal,180,0,90,640,640,7,batch_0007,335,datasets/df_2024_proportional/batch_0007/images/918ea1a7a28995ac6f660f654b79ace7a809c2b6.jpg,https://raw.githubusercontent.com/GUIA-DD/dataset-streetview/main/datasets/df_2024_proportional/batch_0007/images/918ea1a7a28995ac6f660f654b79ace7a809c2b6.jpg,True,downloaded,
66fea00a52f47f2655013a0429fc728468f34cd4,8cb3349b4134efaf4d863ab8e6ef30ab84aa0e8b,-15.894993350001906,-47.95367064999102,-15.89499158912975,-47.95366226162726,2024-12,2024,xFUmMey1Sy33dOlZL5nMNQ,190.2931399046478,© Google,OK,6_3,183697.71634470235,8240445.511984073,c4e4315ab1bc8f9a39e706223c43d85118007fc4,cardinal,4,3,270_deg_west,cardinal,270,0,90,640,640,7,batch_0007,336,datasets/df_2024_proportional/batch_0007/images/c4e4315ab1bc8f9a39e706223c43d85118007fc4.jpg,https://raw.githubusercontent.com/GUIA-DD/dataset-streetview/main/datasets/df_2024_proportional/batch_0007/images/c4e4315ab1bc8f9a39e706223c43d85118007fc4.jpg,True,downloaded,
674b6a2fd6deddb3493c0ba4b1c6917f29c01104,3f4ce99f8faf6b50ff60ce07815a9bee84a438bd,-15.910756150000568,-47.759408950007945,-15.91079517528924,-47.75942419447716,2025-01,2025,hnLqV4mruxc1yR89u5IE9Q,156.90933865308037,© Google,OK,11_3,204538.09271924177,8238984.690262869,d60a6ade35df17a46cd81678318185379cd1fb6d,cardinal,4,0,0_deg_north,cardinal,0,0,90,640,640,7,batch_0007,337,datasets/df_2024_proportional/batch_0007/images/d60a6ade35df17a46cd81678318185379cd1fb6d.jpg,https://raw.githubusercontent.com/GUIA-DD/dataset-streetview/main/datasets/df_2024_proportional/batch_0007/images/d60a6ade35df17a46cd81678318185379cd1fb6d.jpg,True,downloaded,
674b6a2fd6deddb3493c0ba4b1c6917f29c01104,3f4ce99f8faf6b50ff60ce07815a9bee84a438bd,-15.910756150000568,-47.759408950007945,-15.91079517528924,-47.75942419447716,2025-01,2025,hnLqV4mruxc1yR89u5IE9Q,156.90933865308037,© Google,OK,11_3,204538.09271924177,8238984.690262869,b0219a6906ac0f46eedaaa32a7f61c17bc1e1e3d,cardinal,4,1,90_deg_east,cardinal,90,0,90,640,640,7,batch_0007,338,datasets/df_2024_proportional/batch_0007/images/b0219a6906ac0f46eedaaa32a7f61c17bc1e1e3d.jpg,https://raw.githubusercontent.com/GUIA-DD/dataset-streetview/main/datasets/df_2024_proportional/batch_0007/images/b0219a6906ac0f46eedaaa32a7f61c17bc1e1e3d.jpg,True,downloaded,
674b6a2fd6deddb3493c0ba4b1c6917f29c01104,3f4ce99f8faf6b50ff60ce07815a9bee84a438bd,-15.910756150000568,-47.759408950007945,-15.91079517528924,-47.75942419447716,2025-01,2025,hnLqV4mruxc1yR89u5IE9Q,156.90933865308037,© Google,OK,11_3,204538.09271924177,8238984.690262869,aae5c8da3d684b8e3d285ba052e398cbe502caf9,cardinal,4,2,180_deg_south,cardinal,180,0,90,640,640,7,batch_0007,339,datasets/df_2024_proportional/batch_0007/images/aae5c8da3d684b8e3d285ba052e398cbe502caf9.jpg,https://raw.githubusercontent.com/GUIA-DD/dataset-streetview/main/datasets/df_2024_proportional/batch_0007/images/aae5c8da3d684b8e3d285ba052e398cbe502caf9.jpg,True,downloaded,
674b6a2fd6deddb3493c0ba4b1c6917f29c01104,3f4ce99f8faf6b50ff60ce07815a9bee84a438bd,-15.910756150000568,-47.759408950007945,-15.91079517528924,-47.75942419447716,2025-01,2025,hnLqV4mruxc1yR89u5IE9Q,156.90933865308037,© Google,OK,11_3,204538.09271924177,8238984.690262869,0a50c46e4af79c80cf52070cd0d2ea294d696d15,cardinal,4,3,270_deg_west,cardinal,270,0,90,640,640,7,batch_0007,340,datasets/df_2024_proportional/batch_0007/images/0a50c46e4af79c80cf52070cd0d2ea294d696d15.jpg,https://raw.githubusercontent.com/GUIA-DD/dataset-streetview/main/datasets/df_2024_proportional/batch_0007/images/0a50c46e4af79c80cf52070cd0d2ea294d696d15.jpg,True,downloaded,
68629af91a1627a1b420b29ebf872f7cebfc53a0,dfaeecf6e9947f478ceb1f699531eef6275d52cf,-15.803045267214827,-48.13690554533672,-15.8030734235369,-48.13692215287291,2026-01,2026,aVdV4Xr6CxENekmZeIxEsQ,244.1041002919622,© Google,OK,2_5,163906.76038632743,8250343.079464097,6effa6914404c444acc7896acc966cfb12e9902b,cardinal,4,0,0_deg_north,cardinal,0,0,90,640,640,7,batch_0007,341,datasets/df_2024_proportional/batch_0007/images/6effa6914404c444acc7896acc966cfb12e9902b.jpg,https://raw.githubusercontent.com/GUIA-DD/dataset-streetview/main/datasets/df_2024_proportional/batch_0007/images/6effa6914404c444acc7896acc966cfb12e9902b.jpg,True,downloaded,
68629af91a1627a1b420b29ebf872f7cebfc53a0,dfaeecf6e9947f478ceb1f699531eef6275d52cf,-15.803045267214827,-48.13690554533672,-15.8030734235369,-48.13692215287291,2026-01,2026,aVdV4Xr6CxENekmZeIxEsQ,244.1041002919622,© Google,OK,2_5,163906.76038632743,8250343.079464097,58eabe65cbe6989a700411f7eb8de98f3fa087c8,cardinal,4,1,90_deg_east,cardinal,90,0,90,640,640,7,batch_0007,342,datasets/df_2024_proportional/batch_0007/images/58eabe65cbe6989a700411f7eb8de98f3fa087c8.jpg,https://raw.githubusercontent.com/GUIA-DD/dataset-streetview/main/datasets/df_2024_proportional/batch_0007/images/58eabe65cbe6989a700411f7eb8de98f3fa087c8.jpg,True,downloaded,
68629af91a1627a1b420b29ebf872f7cebfc53a0,dfaeecf6e9947f478ceb1f699531eef6275d52cf,-15.803045267214827,-48.13690554533672,-15.8030734235369,-48.13692215287291,2026-01,2026,aVdV4Xr6CxENekmZeIxEsQ,244.1041002919622,© Google,OK,2_5,163906.76038632743,8250343.079464097,76b88c960783804d21dce43afa567a5b508effa7,cardinal,4,2,180_deg_south,cardinal,180,0,90,640,640,7,batch_0007,343,datasets/df_2024_proportional/batch_0007/images/76b88c960783804d21dce43afa567a5b508effa7.jpg,https://raw.githubusercontent.com/GUIA-DD/dataset-streetview/main/datasets/df_2024_proportional/batch_0007/images/76b88c960783804d21dce43afa567a5b508effa7.jpg,True,downloaded,
68629af91a1627a1b420b29ebf872f7cebfc53a0,dfaeecf6e9947f478ceb1f699531eef6275d52cf,-15.803045267214827,-48.13690554533672,-15.8030734235369,-48.13692215287291,2026-01,2026,aVdV4Xr6CxENekmZeIxEsQ,244.1041002919622,© Google,OK,2_5,163906.76038632743,8250343.079464097,29fe56718236989263e44d1bef3e1c46a18d8ffa,cardinal,4,3,270_deg_west,cardinal,270,0,90,640,640,7,batch_0007,344,datasets/df_2024_proportional/batch_0007/images/29fe56718236989263e44d1bef3e1c46a18d8ffa.jpg,https://raw.githubusercontent.com/GUIA-DD/dataset-streetview/main/datasets/df_2024_proportional/batch_0007/images/29fe56718236989263e44d1bef3e1c46a18d8ffa.jpg,True,downloaded,
69140b780a6e4f0a3a9f47e31b6dce2ead5424dd,33cdcaa16fd0393a0f0c9fafc0881b69e66699e8,-15.82771795043334,-48.144019848913565,-15.82774389964935,-48.14401443159244,2024-07,2024,qYX-gRYfD0aHGqlv0olDEA,206.8820783429456,© Google,OK,2_5,163184.77517520858,8247599.046776709,2d7eddf34809b6536438a66c0b2b8fe32e5984db,cardinal,4,0,0_deg_north,cardinal,0,0,90,640,640,7,batch_0007,345,datasets/df_2024_proportional/batch_0007/images/2d7eddf34809b6536438a66c0b2b8fe32e5984db.jpg,https://raw.githubusercontent.com/GUIA-DD/dataset-streetview/main/datasets/df_2024_proportional/batch_0007/images/2d7eddf34809b6536438a66c0b2b8fe32e5984db.jpg,True,downloaded,
69140b780a6e4f0a3a9f47e31b6dce2ead5424dd,33cdcaa16fd0393a0f0c9fafc0881b69e66699e8,-15.82771795043334,-48.144019848913565,-15.82774389964935,-48.14401443159244,2024-07,2024,qYX-gRYfD0aHGqlv0olDEA,206.8820783429456,© Google,OK,2_5,163184.77517520858,8247599.046776709,af7d54a81ae390fd4d8b17655774fedd74de9413,cardinal,4,1,90_deg_east,cardinal,90,0,90,640,640,7,batch_0007,346,datasets/df_2024_proportional/batch_0007/images/af7d54a81ae390fd4d8b17655774fedd74de9413.jpg,https://raw.githubusercontent.com/GUIA-DD/dataset-streetview/main/datasets/df_2024_proportional/batch_0007/images/af7d54a81ae390fd4d8b17655774fedd74de9413.jpg,True,downloaded,
69140b780a6e4f0a3a9f47e31b6dce2ead5424dd,33cdcaa16fd0393a0f0c9fafc0881b69e66699e8,-15.82771795043334,-48.144019848913565,-15.82774389964935,-48.14401443159244,2024-07,2024,qYX-gRYfD0aHGqlv0olDEA,206.8820783429456,© Google,OK,2_5,163184.77517520858,8247599.046776709,dec42917b1924d494df39140287f85ca551d705e,cardinal,4,2,180_deg_south,cardinal,180,0,90,640,640,7,batch_0007,347,datasets/df_2024_proportional/batch_0007/images/dec42917b1924d494df39140287f85ca551d705e.jpg,https://raw.githubusercontent.com/GUIA-DD/dataset-streetview/main/datasets/df_2024_proportional/batch_0007/images/dec42917b1924d494df39140287f85ca551d705e.jpg,True,downloaded,
69140b780a6e4f0a3a9f47e31b6dce2ead5424dd,33cdcaa16fd0393a0f0c9fafc0881b69e66699e8,-15.82771795043334,-48.144019848913565,-15.82774389964935,-48.14401443159244,2024-07,2024,qYX-gRYfD0aHGqlv0olDEA,206.8820783429456,© Google,OK,2_5,163184.77517520858,8247599.046776709,0215a697684a74fabcac46d051ba27bfbd85560f,cardinal,4,3,270_deg_west,cardinal,270,0,90,640,640,7,batch_0007,348,datasets/df_2024_proportional/batch_0007/images/0215a697684a74fabcac46d051ba27bfbd85560f.jpg,https://raw.githubusercontent.com/GUIA-DD/dataset-streetview/main/datasets/df_2024_proportional/batch_0007/images/0215a697684a74fabcac46d051ba27bfbd85560f.jpg,True,downloaded,
6ab83e523a24a6978c037b35adbfe03289b57d81,885a17d10b7a74c41b87dfa2cc894fa6e5212c1a,-15.890438150064654,-47.81121590006486,-15.89045944509873,-47.81118164607234,2025-01,2025,3ornudrV0Wqr-wenveT8DQ,108.8333881638532,© Google,OK,10_3,198956.8559506964,8241160.414244676,29fec9b916be9bab6c94d702980238665258e097,cardinal,4,0,0_deg_north,cardinal,0,0,90,640,640,7,batch_0007,349,datasets/df_2024_proportional/batch_0007/images/29fec9b916be9bab6c94d702980238665258e097.jpg,https://raw.githubusercontent.com/GUIA-DD/dataset-streetview/main/datasets/df_2024_proportional/batch_0007/images/29fec9b916be9bab6c94d702980238665258e097.jpg,True,downloaded,
6ab83e523a24a6978c037b35adbfe03289b57d81,885a17d10b7a74c41b87dfa2cc894fa6e5212c1a,-15.890438150064654,-47.81121590006486,-15.89045944509873,-47.81118164607234,2025-01,2025,3ornudrV0Wqr-wenveT8DQ,108.8333881638532,© Google,OK,10_3,198956.8559506964,8241160.414244676,899b902f6f6c9916a99460601a9409f78375da14,cardinal,4,1,90_deg_east,cardinal,90,0,90,640,640,7,batch_0007,350,datasets/df_2024_proportional/batch_0007/images/899b902f6f6c9916a99460601a9409f78375da14.jpg,https://raw.githubusercontent.com/GUIA-DD/dataset-streetview/main/datasets/df_2024_proportional/batch_0007/images/899b902f6f6c9916a99460601a9409f78375da14.jpg,True,downloaded,
6ab83e523a24a6978c037b35adbfe03289b57d81,885a17d10b7a74c41b87dfa2cc894fa6e5212c1a,-15.890438150064654,-47.81121590006486,-15.89045944509873,-47.81118164607234,2025-01,2025,3ornudrV0Wqr-wenveT8DQ,108.8333881638532,© Google,OK,10_3,198956.8559506964,8241160.414244676,861981a8d02737d9f74f30d6954d5353bac194db,cardinal,4,2,180_deg_south,cardinal,180,0,90,640,640,7,batch_0007,351,datasets/df_2024_proportional/batch_0007/images/861981a8d02737d9f74f30d6954d5353bac194db.jpg,https://raw.githubusercontent.com/GUIA-DD/dataset-streetview/main/datasets/df_2024_proportional/batch_0007/images/861981a8d02737d9f74f30d6954d5353bac194db.jpg,True,downloaded,
6ab83e523a24a6978c037b35adbfe03289b57d81,885a17d10b7a74c41b87dfa2cc894fa6e5212c1a,-15.890438150064654,-47.81121590006486,-15.89045944509873,-47.81118164607234,2025-01,2025,3ornudrV0Wqr-wenveT8DQ,108.8333881638532,© Google,OK,10_3,198956.8559506964,8241160.414244676,ee051620159700f2bbef6f5a99f5b8d75a807f48,cardinal,4,3,270_deg_west,cardinal,270,0,90,640,640,7,batch_0007,352,datasets/df_2024_proportional/batch_0007/images/ee051620159700f2bbef6f5a99f5b8d75a807f48.jpg,https://raw.githubusercontent.com/GUIA-DD/dataset-streetview/main/datasets/df_2024_proportional/batch_0007/images/ee051620159700f2bbef6f5a99f5b8d75a807f48.jpg,True,downloaded,
6ab926668b13726480ad1b29fc88fe8938dc7679,45bb88f47bd314bfa6388ca81c15141be7ef5a1e,-16.006060500094147,-47.990184299973336,-16.00608027659812,-47.99016028859734,2025-01,2025,BCZ4gVIX7tA0bAU_BhtsqQ,256.1512575672316,© Google,OK,6_1,179961.09189518393,8228089.98647109,18c23c8097cd4a93c5f8fc1a5728dea036796a08,cardinal,4,0,0_deg_north,cardinal,0,0,90,640,640,7,batch_0007,353,datasets/df_2024_proportional/batch_0007/images/18c23c8097cd4a93c5f8fc1a5728dea036796a08.jpg,https://raw.githubusercontent.com/GUIA-DD/dataset-streetview/main/datasets/df_2024_proportional/batch_0007/images/18c23c8097cd4a93c5f8fc1a5728dea036796a08.jpg,True,downloaded,
6ab926668b13726480ad1b29fc88fe8938dc7679,45bb88f47bd314bfa6388ca81c15141be7ef5a1e,-16.006060500094147,-47.990184299973336,-16.00608027659812,-47.99016028859734,2025-01,2025,BCZ4gVIX7tA0bAU_BhtsqQ,256.1512575672316,© Google,OK,6_1,179961.09189518393,8228089.98647109,72adb7150f14d493afb55dfdee0feb2b8a61a30f,cardinal,4,1,90_deg_east,cardinal,90,0,90,640,640,7,batch_0007,354,datasets/df_2024_proportional/batch_0007/images/72adb7150f14d493afb55dfdee0feb2b8a61a30f.jpg,https://raw.githubusercontent.com/GUIA-DD/dataset-streetview/main/datasets/df_2024_proportional/batch_0007/images/72adb7150f14d493afb55dfdee0feb2b8a61a30f.jpg,True,downloaded,
6ab926668b13726480ad1b29fc88fe8938dc7679,45bb88f47bd314bfa6388ca81c15141be7ef5a1e,-16.006060500094147,-47.990184299973336,-16.00608027659812,-47.99016028859734,2025-01,2025,BCZ4gVIX7tA0bAU_BhtsqQ,256.1512575672316,© Google,OK,6_1,179961.09189518393,8228089.98647109,47318786b6c5560a5f99bd2e653135571d300e85,cardinal,4,2,180_deg_south,cardinal,180,0,90,640,640,7,batch_0007,355,datasets/df_2024_proportional/batch_0007/images/47318786b6c5560a5f99bd2e653135571d300e85.jpg,https://raw.githubusercontent.com/GUIA-DD/dataset-streetview/main/datasets/df_2024_proportional/batch_0007/images/47318786b6c5560a5f99bd2e653135571d300e85.jpg,True,downloaded,
6ab926668b13726480ad1b29fc88fe8938dc7679,45bb88f47bd314bfa6388ca81c15141be7ef5a1e,-16.006060500094147,-47.990184299973336,-16.00608027659812,-47.99016028859734,2025-01,2025,BCZ4gVIX7tA0bAU_BhtsqQ,256.1512575672316,© Google,OK,6_1,179961.09189518393,8228089.98647109,efc302c6c00d1900b161158f6f032720055ad49a,cardinal,4,3,270_deg_west,cardinal,270,0,90,640,640,7,batch_0007,356,datasets/df_2024_proportional/batch_0007/images/efc302c6c00d1900b161158f6f032720055ad49a.jpg,https://raw.githubusercontent.com/GUIA-DD/dataset-streetview/main/datasets/df_2024_proportional/batch_0007/images/efc302c6c00d1900b161158f6f032720055ad49a.jpg,True,downloaded,
6acae7df8f117ab3a2b499a1182f2fcecf942bd4,9c03ef8fe3418fb42f6cc2b695e3b6cadf71dfd0,-15.888436600544594,-48.14615074960621,-15.88841582417452,-48.14616189780152,2025-05,2025,zkL1968iu4H1JLTMJ4Jafw,63.23126327243068,© Google,OK,2_3,163057.30633939683,8240870.672644185,d6571bbf65e0a58caff0ded261553b91d01d7a9c,cardinal,4,0,0_deg_north,cardinal,0,0,90,640,640,7,batch_0007,357,datasets/df_2024_proportional/batch_0007/images/d6571bbf65e0a58caff0ded261553b91d01d7a9c.jpg,https://raw.githubusercontent.com/GUIA-DD/dataset-streetview/main/datasets/df_2024_proportional/batch_0007/images/d6571bbf65e0a58caff0ded261553b91d01d7a9c.jpg,True,downloaded,
6acae7df8f117ab3a2b499a1182f2fcecf942bd4,9c03ef8fe3418fb42f6cc2b695e3b6cadf71dfd0,-15.888436600544594,-48.14615074960621,-15.88841582417452,-48.14616189780152,2025-05,2025,zkL1968iu4H1JLTMJ4Jafw,63.23126327243068,© Google,OK,2_3,163057.30633939683,8240870.672644185,2edadc1f02e8cc851f26497ac8e0fd5471b719d7,cardinal,4,1,90_deg_east,cardinal,90,0,90,640,640,7,batch_0007,358,datasets/df_2024_proportional/batch_0007/images/2edadc1f02e8cc851f26497ac8e0fd5471b719d7.jpg,https://raw.githubusercontent.com/GUIA-DD/dataset-streetview/main/datasets/df_2024_proportional/batch_0007/images/2edadc1f02e8cc851f26497ac8e0fd5471b719d7.jpg,True,downloaded,
6acae7df8f117ab3a2b499a1182f2fcecf942bd4,9c03ef8fe3418fb42f6cc2b695e3b6cadf71dfd0,-15.888436600544594,-48.14615074960621,-15.88841582417452,-48.14616189780152,2025-05,2025,zkL1968iu4H1JLTMJ4Jafw,63.23126327243068,© Google,OK,2_3,163057.30633939683,8240870.672644185,3857782c1e0d580d92cea73d65d55ebac2760219,cardinal,4,2,180_deg_south,cardinal,180,0,90,640,640,7,batch_0007,359,datasets/df_2024_proportional/batch_0007/images/3857782c1e0d580d92cea73d65d55ebac2760219.jpg,https://raw.githubusercontent.com/GUIA-DD/dataset-streetview/main/datasets/df_2024_proportional/batch_0007/images/3857782c1e0d580d92cea73d65d55ebac2760219.jpg,True,downloaded,
6acae7df8f117ab3a2b499a1182f2fcecf942bd4,9c03ef8fe3418fb42f6cc2b695e3b6cadf71dfd0,-15.888436600544594,-48.14615074960621,-15.88841582417452,-48.14616189780152,2025-05,2025,zkL1968iu4H1JLTMJ4Jafw,63.23126327243068,© Google,OK,2_3,163057.30633939683,8240870.672644185,9e47a70113be119354ca27d6f279103287eaadb9,cardinal,4,3,270_deg_west,cardinal,270,0,90,640,640,7,batch_0007,360,datasets/df_2024_proportional/batch_0007/images/9e47a70113be119354ca27d6f279103287eaadb9.jpg,https://raw.githubusercontent.com/GUIA-DD/dataset-streetview/main/datasets/df_2024_proportional/batch_0007/images/9e47a70113be119354ca27d6f279103287eaadb9.jpg,True,downloaded,
6b3372e0da766df21dc9bc654f6d4e78b6be2949,d2f2487735305ad5bfffb2b8e0b9d601bd0c3e24,-15.90429955000008,-48.07989820007161,-15.90429375079399,-48.07990738218418,2025-07,2025,3IBaYzahjC5fCVVdw5PV1g,161.6369582859649,© Google,OK,4_3,170184.55007454698,8239219.581149634,b72dc1144f7d801a6391b63bba6ff1ef97d1960e,cardinal,4,0,0_deg_north,cardinal,0,0,90,640,640,7,batch_0007,361,datasets/df_2024_proportional/batch_0007/images/b72dc1144f7d801a6391b63bba6ff1ef97d1960e.jpg,https://raw.githubusercontent.com/GUIA-DD/dataset-streetview/main/datasets/df_2024_proportional/batch_0007/images/b72dc1144f7d801a6391b63bba6ff1ef97d1960e.jpg,True,downloaded,
6b3372e0da766df21dc9bc654f6d4e78b6be2949,d2f2487735305ad5bfffb2b8e0b9d601bd0c3e24,-15.90429955000008,-48.07989820007161,-15.90429375079399,-48.07990738218418,2025-07,2025,3IBaYzahjC5fCVVdw5PV1g,161.6369582859649,© Google,OK,4_3,170184.55007454698,8239219.581149634,56691e905ad57f3f9e9fa2af3f0f71b229ca7c20,cardinal,4,1,90_deg_east,cardinal,90,0,90,640,640,7,batch_0007,362,datasets/df_2024_proportional/batch_0007/images/56691e905ad57f3f9e9fa2af3f0f71b229ca7c20.jpg,https://raw.githubusercontent.com/GUIA-DD/dataset-streetview/main/datasets/df_2024_proportional/batch_0007/images/56691e905ad57f3f9e9fa2af3f0f71b229ca7c20.jpg,True,downloaded,
6b3372e0da766df21dc9bc654f6d4e78b6be2949,d2f2487735305ad5bfffb2b8e0b9d601bd0c3e24,-15.90429955000008,-48.07989820007161,-15.90429375079399,-48.07990738218418,2025-07,2025,3IBaYzahjC5fCVVdw5PV1g,161.6369582859649,© Google,OK,4_3,170184.55007454698,8239219.581149634,bd3774cc51e128c7d62836f39b98f77a80cf5b3a,cardinal,4,2,180_deg_south,cardinal,180,0,90,640,640,7,batch_0007,363,datasets/df_2024_proportional/batch_0007/images/bd3774cc51e128c7d62836f39b98f77a80cf5b3a.jpg,https://raw.githubusercontent.com/GUIA-DD/dataset-streetview/main/datasets/df_2024_proportional/batch_0007/images/bd3774cc51e128c7d62836f39b98f77a80cf5b3a.jpg,True,downloaded,
6b3372e0da766df21dc9bc654f6d4e78b6be2949,d2f2487735305ad5bfffb2b8e0b9d601bd0c3e24,-15.90429955000008,-48.07989820007161,-15.90429375079399,-48.07990738218418,2025-07,2025,3IBaYzahjC5fCVVdw5PV1g,161.6369582859649,© Google,OK,4_3,170184.55007454698,8239219.581149634,0f56070b158913f685572f65cce1f95c60a98751,cardinal,4,3,270_deg_west,cardinal,270,0,90,640,640,7,batch_0007,364,datasets/df_2024_proportional/batch_0007/images/0f56070b158913f685572f65cce1f95c60a98751.jpg,https://raw.githubusercontent.com/GUIA-DD/dataset-streetview/main/datasets/df_2024_proportional/batch_0007/images/0f56070b158913f685572f65cce1f95c60a98751.jpg,True,downloaded,
6cab5b7b49d57ae9e1e8567f343cdd1aa0adfdc6,f54c3840dd699b40065a52653319650a67270b8c,-15.789704200059129,-48.13896575002636,-15.78972000370379,-48.13894550013199,2026-01,2026,Q2NNi48Gtn0C8lB2o1Cw9A,275.66148568614085,© Google,OK,2_5,163663.77860181723,8251817.368666803,341528c89d9ef6a5d125f24e0482bbb6eeb77040,cardinal,4,0,0_deg_north,cardinal,0,0,90,640,640,7,batch_0007,365,datasets/df_2024_proportional/batch_0007/images/341528c89d9ef6a5d125f24e0482bbb6eeb77040.jpg,https://raw.githubusercontent.com/GUIA-DD/dataset-streetview/main/datasets/df_2024_proportional/batch_0007/images/341528c89d9ef6a5d125f24e0482bbb6eeb77040.jpg,True,downloaded,
6cab5b7b49d57ae9e1e8567f343cdd1aa0adfdc6,f54c3840dd699b40065a52653319650a67270b8c,-15.789704200059129,-48.13896575002636,-15.78972000370379,-48.13894550013199,2026-01,2026,Q2NNi48Gtn0C8lB2o1Cw9A,275.66148568614085,© Google,OK,2_5,163663.77860181723,8251817.368666803,ed554c0c9a1718b7e6797ecf9029ed8107790e64,cardinal,4,1,90_deg_east,cardinal,90,0,90,640,640,7,batch_0007,366,datasets/df_2024_proportional/batch_0007/images/ed554c0c9a1718b7e6797ecf9029ed8107790e64.jpg,https://raw.githubusercontent.com/GUIA-DD/dataset-streetview/main/datasets/df_2024_proportional/batch_0007/images/ed554c0c9a1718b7e6797ecf9029ed8107790e64.jpg,True,downloaded,
6cab5b7b49d57ae9e1e8567f343cdd1aa0adfdc6,f54c3840dd699b40065a52653319650a67270b8c,-15.789704200059129,-48.13896575002636,-15.78972000370379,-48.13894550013199,2026-01,2026,Q2NNi48Gtn0C8lB2o1Cw9A,275.66148568614085,© Google,OK,2_5,163663.77860181723,8251817.368666803,af5ceea15a2a42d70dc6739782ec3e861a627eee,cardinal,4,2,180_deg_south,cardinal,180,0,90,640,640,7,batch_0007,367,datasets/df_2024_proportional/batch_0007/images/af5ceea15a2a42d70dc6739782ec3e861a627eee.jpg,https://raw.githubusercontent.com/GUIA-DD/dataset-streetview/main/datasets/df_2024_proportional/batch_0007/images/af5ceea15a2a42d70dc6739782ec3e861a627eee.jpg,True,downloaded,
6cab5b7b49d57ae9e1e8567f343cdd1aa0adfdc6,f54c3840dd699b40065a52653319650a67270b8c,-15.789704200059129,-48.13896575002636,-15.78972000370379,-48.13894550013199,2026-01,2026,Q2NNi48Gtn0C8lB2o1Cw9A,275.66148568614085,© Google,OK,2_5,163663.77860181723,8251817.368666803,00533c41ea28193752dc73b3b742d5f77a3c0230,cardinal,4,3,270_deg_west,cardinal,270,0,90,640,640,7,batch_0007,368,datasets/df_2024_proportional/batch_0007/images/00533c41ea28193752dc73b3b742d5f77a3c0230.jpg,https://raw.githubusercontent.com/GUIA-DD/dataset-streetview/main/datasets/df_2024_proportional/batch_0007/images/00533c41ea28193752dc73b3b742d5f77a3c0230.jpg,True,downloaded,
6e9711a681c5c8204a27dcbfdee6cd56b3dc2688,be94a7ff91007c138eea12aa801fab53cea40339,-15.810223308041223,-47.94340089470244,-15.81022118986486,-47.94342080427795,2024-06,2024,WoAR1G6kWefWZOEWXV4s7A,99.2847653576028,© Google,OK,7_5,184666.4630574241,8249848.305633466,329d03d9386e91d629acdc842d7483561d5ac212,cardinal,4,0,0_deg_north,cardinal,0,0,90,640,640,7,batch_0007,369,datasets/df_2024_proportional/batch_0007/images/329d03d9386e91d629acdc842d7483561d5ac212.jpg,https://raw.githubusercontent.com/GUIA-DD/dataset-streetview/main/datasets/df_2024_proportional/batch_0007/images/329d03d9386e91d629acdc842d7483561d5ac212.jpg,True,downloaded,
6e9711a681c5c8204a27dcbfdee6cd56b3dc2688,be94a7ff91007c138eea12aa801fab53cea40339,-15.810223308041223,-47.94340089470244,-15.81022118986486,-47.94342080427795,2024-06,2024,WoAR1G6kWefWZOEWXV4s7A,99.2847653576028,© Google,OK,7_5,184666.4630574241,8249848.305633466,5740631d8425673aaeb6e69fe2b588351b38e907,cardinal,4,1,90_deg_east,cardinal,90,0,90,640,640,7,batch_0007,370,datasets/df_2024_proportional/batch_0007/images/5740631d8425673aaeb6e69fe2b588351b38e907.jpg,https://raw.githubusercontent.com/GUIA-DD/dataset-streetview/main/datasets/df_2024_proportional/batch_0007/images/5740631d8425673aaeb6e69fe2b588351b38e907.jpg,True,downloaded,
6e9711a681c5c8204a27dcbfdee6cd56b3dc2688,be94a7ff91007c138eea12aa801fab53cea40339,-15.810223308041223,-47.94340089470244,-15.81022118986486,-47.94342080427795,2024-06,2024,WoAR1G6kWefWZOEWXV4s7A,99.2847653576028,© Google,OK,7_5,184666.4630574241,8249848.305633466,9487cc433515ad0600d3e53a0d13e6136c3725bf,cardinal,4,2,180_deg_south,cardinal,180,0,90,640,640,7,batch_0007,371,datasets/df_2024_proportional/batch_0007/images/9487cc433515ad0600d3e53a0d13e6136c3725bf.jpg,https://raw.githubusercontent.com/GUIA-DD/dataset-streetview/main/datasets/df_2024_proportional/batch_0007/images/9487cc433515ad0600d3e53a0d13e6136c3725bf.jpg,True,downloaded,
6e9711a681c5c8204a27dcbfdee6cd56b3dc2688,be94a7ff91007c138eea12aa801fab53cea40339,-15.810223308041223,-47.94340089470244,-15.81022118986486,-47.94342080427795,2024-06,2024,WoAR1G6kWefWZOEWXV4s7A,99.2847653576028,© Google,OK,7_5,184666.4630574241,8249848.305633466,24c178431aee2f6b9d058bbb563a5b5c9fffc3d9,cardinal,4,3,270_deg_west,cardinal,270,0,90,640,640,7,batch_0007,372,datasets/df_2024_proportional/batch_0007/images/24c178431aee2f6b9d058bbb563a5b5c9fffc3d9.jpg,https://raw.githubusercontent.com/GUIA-DD/dataset-streetview/main/datasets/df_2024_proportional/batch_0007/images/24c178431aee2f6b9d058bbb563a5b5c9fffc3d9.jpg,True,downloaded,
6e9af3c53d4c9b568f5732bf1a32bbda2f6e38e6,eac4f633ff81a105b70998fd0e9ec1c0ab73d3eb,-15.902778700036173,-47.78825109991384,-15.90274795593372,-47.78825793703064,2025-01,2025,vld-ZRCmKnKyIKQK14GFGQ,209.73891137916863,© Google,OK,10_3,201435.9720068862,8239826.951413557,2ad342fe32aa3bf856a88e10e7594f5b9fd0b5fe,cardinal,4,0,0_deg_north,cardinal,0,0,90,640,640,7,batch_0007,373,datasets/df_2024_proportional/batch_0007/images/2ad342fe32aa3bf856a88e10e7594f5b9fd0b5fe.jpg,https://raw.githubusercontent.com/GUIA-DD/dataset-streetview/main/datasets/df_2024_proportional/batch_0007/images/2ad342fe32aa3bf856a88e10e7594f5b9fd0b5fe.jpg,True,downloaded,
6e9af3c53d4c9b568f5732bf1a32bbda2f6e38e6,eac4f633ff81a105b70998fd0e9ec1c0ab73d3eb,-15.902778700036173,-47.78825109991384,-15.90274795593372,-47.78825793703064,2025-01,2025,vld-ZRCmKnKyIKQK14GFGQ,209.73891137916863,© Google,OK,10_3,201435.9720068862,8239826.951413557,1f85fbca60ea75e8e974cdf3fca81162644ae243,cardinal,4,1,90_deg_east,cardinal,90,0,90,640,640,7,batch_0007,374,datasets/df_2024_proportional/batch_0007/images/1f85fbca60ea75e8e974cdf3fca81162644ae243.jpg,https://raw.githubusercontent.com/GUIA-DD/dataset-streetview/main/datasets/df_2024_proportional/batch_0007/images/1f85fbca60ea75e8e974cdf3fca81162644ae243.jpg,True,downloaded,
6e9af3c53d4c9b568f5732bf1a32bbda2f6e38e6,eac4f633ff81a105b70998fd0e9ec1c0ab73d3eb,-15.902778700036173,-47.78825109991384,-15.90274795593372,-47.78825793703064,2025-01,2025,vld-ZRCmKnKyIKQK14GFGQ,209.73891137916863,© Google,OK,10_3,201435.9720068862,8239826.951413557,7839e61de63e83c188af139b693ea22180a87b48,cardinal,4,2,180_deg_south,cardinal,180,0,90,640,640,7,batch_0007,375,datasets/df_2024_proportional/batch_0007/images/7839e61de63e83c188af139b693ea22180a87b48.jpg,https://raw.githubusercontent.com/GUIA-DD/dataset-streetview/main/datasets/df_2024_proportional/batch_0007/images/7839e61de63e83c188af139b693ea22180a87b48.jpg,True,downloaded,
6e9af3c53d4c9b568f5732bf1a32bbda2f6e38e6,eac4f633ff81a105b70998fd0e9ec1c0ab73d3eb,-15.902778700036173,-47.78825109991384,-15.90274795593372,-47.78825793703064,2025-01,2025,vld-ZRCmKnKyIKQK14GFGQ,209.73891137916863,© Google,OK,10_3,201435.9720068862,8239826.951413557,3d9af86e743925dec4ff44ff3eaae1724091529c,cardinal,4,3,270_deg_west,cardinal,270,0,90,640,640,7,batch_0007,376,datasets/df_2024_proportional/batch_0007/images/3d9af86e743925dec4ff44ff3eaae1724091529c.jpg,https://raw.githubusercontent.com/GUIA-DD/dataset-streetview/main/datasets/df_2024_proportional/batch_0007/images/3d9af86e743925dec4ff44ff3eaae1724091529c.jpg,True,downloaded,
6f5bddd4f96da8754fce82360b8b4a91f7ba944d,55f8566ba6b3e1fe64b50fa7e91d07062f542316,-15.833523086871558,-47.833647012521226,-15.83349995983865,-47.83364018920891,2024-12,2024,CycN1A-GB5rBwV0-KIrHXA,159.83672525265726,© Google,OK,9_4,196467.85737113064,8247430.111844405,fa723ee59230ca4767691d0c26593464f5868a20,cardinal,4,0,0_deg_north,cardinal,0,0,90,640,640,7,batch_0007,377,datasets/df_2024_proportional/batch_0007/images/fa723ee59230ca4767691d0c26593464f5868a20.jpg,https://raw.githubusercontent.com/GUIA-DD/dataset-streetview/main/datasets/df_2024_proportional/batch_0007/images/fa723ee59230ca4767691d0c26593464f5868a20.jpg,True,downloaded,
6f5bddd4f96da8754fce82360b8b4a91f7ba944d,55f8566ba6b3e1fe64b50fa7e91d07062f542316,-15.833523086871558,-47.833647012521226,-15.83349995983865,-47.83364018920891,2024-12,2024,CycN1A-GB5rBwV0-KIrHXA,159.83672525265726,© Google,OK,9_4,196467.85737113064,8247430.111844405,0aa783dd40ceb33a55d8ca0e1109cf8540db7822,cardinal,4,1,90_deg_east,cardinal,90,0,90,640,640,7,batch_0007,378,datasets/df_2024_proportional/batch_0007/images/0aa783dd40ceb33a55d8ca0e1109cf8540db7822.jpg,https://raw.githubusercontent.com/GUIA-DD/dataset-streetview/main/datasets/df_2024_proportional/batch_0007/images/0aa783dd40ceb33a55d8ca0e1109cf8540db7822.jpg,True,downloaded,
6f5bddd4f96da8754fce82360b8b4a91f7ba944d,55f8566ba6b3e1fe64b50fa7e91d07062f542316,-15.833523086871558,-47.833647012521226,-15.83349995983865,-47.83364018920891,2024-12,2024,CycN1A-GB5rBwV0-KIrHXA,159.83672525265726,© Google,OK,9_4,196467.85737113064,8247430.111844405,4ff6aa186b0a55dfece5091f60312a26e0a6f64a,cardinal,4,2,180_deg_south,cardinal,180,0,90,640,640,7,batch_0007,379,datasets/df_2024_proportional/batch_0007/images/4ff6aa186b0a55dfece5091f60312a26e0a6f64a.jpg,https://raw.githubusercontent.com/GUIA-DD/dataset-streetview/main/datasets/df_2024_proportional/batch_0007/images/4ff6aa186b0a55dfece5091f60312a26e0a6f64a.jpg,True,downloaded,
6f5bddd4f96da8754fce82360b8b4a91f7ba944d,55f8566ba6b3e1fe64b50fa7e91d07062f542316,-15.833523086871558,-47.833647012521226,-15.83349995983865,-47.83364018920891,2024-12,2024,CycN1A-GB5rBwV0-KIrHXA,159.83672525265726,© Google,OK,9_4,196467.85737113064,8247430.111844405,5e2f10414fc826470991e10ef8c54468866bd136,cardinal,4,3,270_deg_west,cardinal,270,0,90,640,640,7,batch_0007,380,datasets/df_2024_proportional/batch_0007/images/5e2f10414fc826470991e10ef8c54468866bd136.jpg,https://raw.githubusercontent.com/GUIA-DD/dataset-streetview/main/datasets/df_2024_proportional/batch_0007/images/5e2f10414fc826470991e10ef8c54468866bd136.jpg,True,downloaded,
705e8ed483531beded34d6ab9acb135ab3ada379,44445089cb364f9290e309eb89896412d5e008e3,-15.80280562268203,-47.87837062658363,-15.80280612558697,-47.87838215919826,2024-05,2024,-CByBuTV-CrvrMlOki6Mjg,229.3964111633722,© Google,OK,8_5,191627.1451497074,8250766.270970146,b7b7e30ea5c5a6cbf36a8f112b9f0b478c86b55e,cardinal,4,0,0_deg_north,cardinal,0,0,90,640,640,7,batch_0007,381,datasets/df_2024_proportional/batch_0007/images/b7b7e30ea5c5a6cbf36a8f112b9f0b478c86b55e.jpg,https://raw.githubusercontent.com/GUIA-DD/dataset-streetview/main/datasets/df_2024_proportional/batch_0007/images/b7b7e30ea5c5a6cbf36a8f112b9f0b478c86b55e.jpg,True,downloaded,
705e8ed483531beded34d6ab9acb135ab3ada379,44445089cb364f9290e309eb89896412d5e008e3,-15.80280562268203,-47.87837062658363,-15.80280612558697,-47.87838215919826,2024-05,2024,-CByBuTV-CrvrMlOki6Mjg,229.3964111633722,© Google,OK,8_5,191627.1451497074,8250766.270970146,7700fcdafe643c9ccef8eb1919b3317ef44e1169,cardinal,4,1,90_deg_east,cardinal,90,0,90,640,640,7,batch_0007,382,datasets/df_2024_proportional/batch_0007/images/7700fcdafe643c9ccef8eb1919b3317ef44e1169.jpg,https://raw.githubusercontent.com/GUIA-DD/dataset-streetview/main/datasets/df_2024_proportional/batch_0007/images/7700fcdafe643c9ccef8eb1919b3317ef44e1169.jpg,True,downloaded,
705e8ed483531beded34d6ab9acb135ab3ada379,44445089cb364f9290e309eb89896412d5e008e3,-15.80280562268203,-47.87837062658363,-15.80280612558697,-47.87838215919826,2024-05,2024,-CByBuTV-CrvrMlOki6Mjg,229.3964111633722,© Google,OK,8_5,191627.1451497074,8250766.270970146,d07c073a9d9338b8d15d3a9ca36b0ea4915e13e8,cardinal,4,2,180_deg_south,cardinal,180,0,90,640,640,7,batch_0007,383,datasets/df_2024_proportional/batch_0007/images/d07c073a9d9338b8d15d3a9ca36b0ea4915e13e8.jpg,https://raw.githubusercontent.com/GUIA-DD/dataset-streetview/main/datasets/df_2024_proportional/batch_0007/images/d07c073a9d9338b8d15d3a9ca36b0ea4915e13e8.jpg,True,downloaded,
705e8ed483531beded34d6ab9acb135ab3ada379,44445089cb364f9290e309eb89896412d5e008e3,-15.80280562268203,-47.87837062658363,-15.80280612558697,-47.87838215919826,2024-05,2024,-CByBuTV-CrvrMlOki6Mjg,229.3964111633722,© Google,OK,8_5,191627.1451497074,8250766.270970146,6a3cf1017d399d30ca02e9521665ea17e6738e36,cardinal,4,3,270_deg_west,cardinal,270,0,90,640,640,7,batch_0007,384,datasets/df_2024_proportional/batch_0007/images/6a3cf1017d399d30ca02e9521665ea17e6738e36.jpg,https://raw.githubusercontent.com/GUIA-DD/dataset-streetview/main/datasets/df_2024_proportional/batch_0007/images/6a3cf1017d399d30ca02e9521665ea17e6738e36.jpg,True,downloaded,
708891f3846999222e668c0939c88cfec0217288,ae7a5814ba25a5ac2a3d71a3e6c267c2738fee1f,-15.916010100001303,-48.05752855014026,-15.91598695133843,-48.05754547369225,2025-07,2025,4vxLkKjmeUzEbYp4EX7sgQ,161.05030750768196,© Google,OK,4_3,172600.9814896973,8237957.878259173,26a898458af8710320e960452c8f9eaa42478e90,cardinal,4,0,0_deg_north,cardinal,0,0,90,640,640,7,batch_0007,385,datasets/df_2024_proportional/batch_0007/images/26a898458af8710320e960452c8f9eaa42478e90.jpg,https://raw.githubusercontent.com/GUIA-DD/dataset-streetview/main/datasets/df_2024_proportional/batch_0007/images/26a898458af8710320e960452c8f9eaa42478e90.jpg,True,downloaded,
708891f3846999222e668c0939c88cfec0217288,ae7a5814ba25a5ac2a3d71a3e6c267c2738fee1f,-15.916010100001303,-48.05752855014026,-15.91598695133843,-48.05754547369225,2025-07,2025,4vxLkKjmeUzEbYp4EX7sgQ,161.05030750768196,© Google,OK,4_3,172600.9814896973,8237957.878259173,7999613c280ce7e6082da7d53aea90aba3edb6e6,cardinal,4,1,90_deg_east,cardinal,90,0,90,640,640,7,batch_0007,386,datasets/df_2024_proportional/batch_0007/images/7999613c280ce7e6082da7d53aea90aba3edb6e6.jpg,https://raw.githubusercontent.com/GUIA-DD/dataset-streetview/main/datasets/df_2024_proportional/batch_0007/images/7999613c280ce7e6082da7d53aea90aba3edb6e6.jpg,True,downloaded,
708891f3846999222e668c0939c88cfec0217288,ae7a5814ba25a5ac2a3d71a3e6c267c2738fee1f,-15.916010100001303,-48.05752855014026,-15.91598695133843,-48.05754547369225,2025-07,2025,4vxLkKjmeUzEbYp4EX7sgQ,161.05030750768196,© Google,OK,4_3,172600.9814896973,8237957.878259173,971962a41704019c23bc571e06cb25f27c959e2f,cardinal,4,2,180_deg_south,cardinal,180,0,90,640,640,7,batch_0007,387,datasets/df_2024_proportional/batch_0007/images/971962a41704019c23bc571e06cb25f27c959e2f.jpg,https://raw.githubusercontent.com/GUIA-DD/dataset-streetview/main/datasets/df_2024_proportional/batch_0007/images/971962a41704019c23bc571e06cb25f27c959e2f.jpg,True,downloaded,
708891f3846999222e668c0939c88cfec0217288,ae7a5814ba25a5ac2a3d71a3e6c267c2738fee1f,-15.916010100001303,-48.05752855014026,-15.91598695133843,-48.05754547369225,2025-07,2025,4vxLkKjmeUzEbYp4EX7sgQ,161.05030750768196,© Google,OK,4_3,172600.9814896973,8237957.878259173,d5cf8f14d4676407bdd7438740e90f1bf8fd669f,cardinal,4,3,270_deg_west,cardinal,270,0,90,640,640,7,batch_0007,388,datasets/df_2024_proportional/batch_0007/images/d5cf8f14d4676407bdd7438740e90f1bf8fd669f.jpg,https://raw.githubusercontent.com/GUIA-DD/dataset-streetview/main/datasets/df_2024_proportional/batch_0007/images/d5cf8f14d4676407bdd7438740e90f1bf8fd669f.jpg,True,downloaded,
71cc123ef51ffa964d6acacab20529cd1304d62b,f163201a1ca06c88c4b4b015b86726bf040f8b33,-15.65561262926593,-47.79664005977594,-15.65559639498782,-47.79662830586841,2024-09,2024,fKCUDIgTgMLFsO0-bBhv6g,63.30629463701992,© Google,OK,10_8,200173.53254226004,8267182.472938962,174432efd62f4e3184c424111f6849a45808f1a3,cardinal,4,0,0_deg_north,cardinal,0,0,90,640,640,7,batch_0007,389,datasets/df_2024_proportional/batch_0007/images/174432efd62f4e3184c424111f6849a45808f1a3.jpg,https://raw.githubusercontent.com/GUIA-DD/dataset-streetview/main/datasets/df_2024_proportional/batch_0007/images/174432efd62f4e3184c424111f6849a45808f1a3.jpg,True,downloaded,
71cc123ef51ffa964d6acacab20529cd1304d62b,f163201a1ca06c88c4b4b015b86726bf040f8b33,-15.65561262926593,-47.79664005977594,-15.65559639498782,-47.79662830586841,2024-09,2024,fKCUDIgTgMLFsO0-bBhv6g,63.30629463701992,© Google,OK,10_8,200173.53254226004,8267182.472938962,8bef503f4089f00751425d51a62a60139b502dc1,cardinal,4,1,90_deg_east,cardinal,90,0,90,640,640,7,batch_0007,390,datasets/df_2024_proportional/batch_0007/images/8bef503f4089f00751425d51a62a60139b502dc1.jpg,https://raw.githubusercontent.com/GUIA-DD/dataset-streetview/main/datasets/df_2024_proportional/batch_0007/images/8bef503f4089f00751425d51a62a60139b502dc1.jpg,True,downloaded,
71cc123ef51ffa964d6acacab20529cd1304d62b,f163201a1ca06c88c4b4b015b86726bf040f8b33,-15.65561262926593,-47.79664005977594,-15.65559639498782,-47.79662830586841,2024-09,2024,fKCUDIgTgMLFsO0-bBhv6g,63.30629463701992,© Google,OK,10_8,200173.53254226004,8267182.472938962,868df0cb874ca4a75aff13149fa7edfdf571f044,cardinal,4,2,180_deg_south,cardinal,180,0,90,640,640,7,batch_0007,391,datasets/df_2024_proportional/batch_0007/images/868df0cb874ca4a75aff13149fa7edfdf571f044.jpg,https://raw.githubusercontent.com/GUIA-DD/dataset-streetview/main/datasets/df_2024_proportional/batch_0007/images/868df0cb874ca4a75aff13149fa7edfdf571f044.jpg,True,downloaded,
71cc123ef51ffa964d6acacab20529cd1304d62b,f163201a1ca06c88c4b4b015b86726bf040f8b33,-15.65561262926593,-47.79664005977594,-15.65559639498782,-47.79662830586841,2024-09,2024,fKCUDIgTgMLFsO0-bBhv6g,63.30629463701992,© Google,OK,10_8,200173.53254226004,8267182.472938962,3d774b56a5eed9211b92893e03afc7934a59b975,cardinal,4,3,270_deg_west,cardinal,270,0,90,640,640,7,batch_0007,392,datasets/df_2024_proportional/batch_0007/images/3d774b56a5eed9211b92893e03afc7934a59b975.jpg,https://raw.githubusercontent.com/GUIA-DD/dataset-streetview/main/datasets/df_2024_proportional/batch_0007/images/3d774b56a5eed9211b92893e03afc7934a59b975.jpg,True,downloaded,
72a4f77b7f4919985f14b35e5e60166a10db237b,40b7ad585587af17373bd980edccfbefb30b162c,-15.862048890068175,-48.08103348446084,-15.86203239900534,-48.08105659808614,2025-06,2025,FAdSydtlWlEO1ntfoalDwQ,175.4333125788116,© Google,OK,4_4,169993.94492588722,8243897.057523181,8df0851bddd9440f084103ea33bd3e3772abcfbd,cardinal,4,0,0_deg_north,cardinal,0,0,90,640,640,7,batch_0007,393,datasets/df_2024_proportional/batch_0007/images/8df0851bddd9440f084103ea33bd3e3772abcfbd.jpg,https://raw.githubusercontent.com/GUIA-DD/dataset-streetview/main/datasets/df_2024_proportional/batch_0007/images/8df0851bddd9440f084103ea33bd3e3772abcfbd.jpg,True,downloaded,
72a4f77b7f4919985f14b35e5e60166a10db237b,40b7ad585587af17373bd980edccfbefb30b162c,-15.862048890068175,-48.08103348446084,-15.86203239900534,-48.08105659808614,2025-06,2025,FAdSydtlWlEO1ntfoalDwQ,175.4333125788116,© Google,OK,4_4,169993.94492588722,8243897.057523181,777f4d3664055b223d088155e2cf36c884a1a559,cardinal,4,1,90_deg_east,cardinal,90,0,90,640,640,7,batch_0007,394,datasets/df_2024_proportional/batch_0007/images/777f4d3664055b223d088155e2cf36c884a1a559.jpg,https://raw.githubusercontent.com/GUIA-DD/dataset-streetview/main/datasets/df_2024_proportional/batch_0007/images/777f4d3664055b223d088155e2cf36c884a1a559.jpg,True,downloaded,
72a4f77b7f4919985f14b35e5e60166a10db237b,40b7ad585587af17373bd980edccfbefb30b162c,-15.862048890068175,-48.08103348446084,-15.86203239900534,-48.08105659808614,2025-06,2025,FAdSydtlWlEO1ntfoalDwQ,175.4333125788116,© Google,OK,4_4,169993.94492588722,8243897.057523181,333c346791e249a664d878e025e470145f73f7ba,cardinal,4,2,180_deg_south,cardinal,180,0,90,640,640,7,batch_0007,395,datasets/df_2024_proportional/batch_0007/images/333c346791e249a664d878e025e470145f73f7ba.jpg,https://raw.githubusercontent.com/GUIA-DD/dataset-streetview/main/datasets/df_2024_proportional/batch_0007/images/333c346791e249a664d878e025e470145f73f7ba.jpg,True,downloaded,
72a4f77b7f4919985f14b35e5e60166a10db237b,40b7ad585587af17373bd980edccfbefb30b162c,-15.862048890068175,-48.08103348446084,-15.86203239900534,-48.08105659808614,2025-06,2025,FAdSydtlWlEO1ntfoalDwQ,175.4333125788116,© Google,OK,4_4,169993.94492588722,8243897.057523181,f825d63996fef827ee5939f8c22f2c4c46938a08,cardinal,4,3,270_deg_west,cardinal,270,0,90,640,640,7,batch_0007,396,datasets/df_2024_proportional/batch_0007/images/f825d63996fef827ee5939f8c22f2c4c46938a08.jpg,https://raw.githubusercontent.com/GUIA-DD/dataset-streetview/main/datasets/df_2024_proportional/batch_0007/images/f825d63996fef827ee5939f8c22f2c4c46938a08.jpg,True,downloaded,
732edd9c16dce9ecda26ce4082bb72b623783917,cbdccccf74a2d6a177c583c0d3e20bfd38539b5a,-15.82150925000046,-48.09140090011111,-15.82154978700569,-48.09139700833366,2024-07,2024,0xAGnOZJPvJOAUSr36P7JA,341.1287454802736,© Google,OK,3_5,168816.38621499884,8248370.479705243,ff0f80416e198125693eace495b7f8720b927267,cardinal,4,0,0_deg_north,cardinal,0,0,90,640,640,7,batch_0007,397,datasets/df_2024_proportional/batch_0007/images/ff0f80416e198125693eace495b7f8720b927267.jpg,https://raw.githubusercontent.com/GUIA-DD/dataset-streetview/main/datasets/df_2024_proportional/batch_0007/images/ff0f80416e198125693eace495b7f8720b927267.jpg,True,downloaded,
732edd9c16dce9ecda26ce4082bb72b623783917,cbdccccf74a2d6a177c583c0d3e20bfd38539b5a,-15.82150925000046,-48.09140090011111,-15.82154978700569,-48.09139700833366,2024-07,2024,0xAGnOZJPvJOAUSr36P7JA,341.1287454802736,© Google,OK,3_5,168816.38621499884,8248370.479705243,ddc3514ef9dc6c2424b1be6b2102dfd229521fd4,cardinal,4,1,90_deg_east,cardinal,90,0,90,640,640,7,batch_0007,398,datasets/df_2024_proportional/batch_0007/images/ddc3514ef9dc6c2424b1be6b2102dfd229521fd4.jpg,https://raw.githubusercontent.com/GUIA-DD/dataset-streetview/main/datasets/df_2024_proportional/batch_0007/images/ddc3514ef9dc6c2424b1be6b2102dfd229521fd4.jpg,True,downloaded,
732edd9c16dce9ecda26ce4082bb72b623783917,cbdccccf74a2d6a177c583c0d3e20bfd38539b5a,-15.82150925000046,-48.09140090011111,-15.82154978700569,-48.09139700833366,2024-07,2024,0xAGnOZJPvJOAUSr36P7JA,341.1287454802736,© Google,OK,3_5,168816.38621499884,8248370.479705243,8aa6709a13ff160964f72b4121c64fd33984f3ea,cardinal,4,2,180_deg_south,cardinal,180,0,90,640,640,7,batch_0007,399,datasets/df_2024_proportional/batch_0007/images/8aa6709a13ff160964f72b4121c64fd33984f3ea.jpg,https://raw.githubusercontent.com/GUIA-DD/dataset-streetview/main/datasets/df_2024_proportional/batch_0007/images/8aa6709a13ff160964f72b4121c64fd33984f3ea.jpg,True,downloaded,
732edd9c16dce9ecda26ce4082bb72b623783917,cbdccccf74a2d6a177c583c0d3e20bfd38539b5a,-15.82150925000046,-48.09140090011111,-15.82154978700569,-48.09139700833366,2024-07,2024,0xAGnOZJPvJOAUSr36P7JA,341.1287454802736,© Google,OK,3_5,168816.38621499884,8248370.479705243,cb38f640d92d49cf8076fb17559e934749f07960,cardinal,4,3,270_deg_west,cardinal,270,0,90,640,640,7,batch_0007,400,datasets/df_2024_proportional/batch_0007/images/cb38f640d92d49cf8076fb17559e934749f07960.jpg,https://raw.githubusercontent.com/GUIA-DD/dataset-streetview/main/datasets/df_2024_proportional/batch_0007/images/cb38f640d92d49cf8076fb17559e934749f07960.jpg,True,downloaded,
74a9f17d68b8ec5b35403f8ffc0d30c64d8109f8,75efe132ad8b279cec797e02adc310756deea5dc,-15.873315300006167,-48.06495359999708,-15.87330526140559,-48.06490456410769,2025-06,2025,PswjaiK-IxbdWw1_0SGIOg,70.52024003195585,© Google,OK,4_4,171735.92201911376,8242674.610357657,5dc4ce988c0d29500f86066b704ab38c99dab670,cardinal,4,0,0_deg_north,cardinal,0,0,90,640,640,7,batch_0007,401,datasets/df_2024_proportional/batch_0007/images/5dc4ce988c0d29500f86066b704ab38c99dab670.jpg,https://raw.githubusercontent.com/GUIA-DD/dataset-streetview/main/datasets/df_2024_proportional/batch_0007/images/5dc4ce988c0d29500f86066b704ab38c99dab670.jpg,True,downloaded,
74a9f17d68b8ec5b35403f8ffc0d30c64d8109f8,75efe132ad8b279cec797e02adc310756deea5dc,-15.873315300006167,-48.06495359999708,-15.87330526140559,-48.06490456410769,2025-06,2025,PswjaiK-IxbdWw1_0SGIOg,70.52024003195585,© Google,OK,4_4,171735.92201911376,8242674.610357657,e2936478087e85da7ae2bc7c2a94ab66c1e8beed,cardinal,4,1,90_deg_east,cardinal,90,0,90,640,640,7,batch_0007,402,datasets/df_2024_proportional/batch_0007/images/e2936478087e85da7ae2bc7c2a94ab66c1e8beed.jpg,https://raw.githubusercontent.com/GUIA-DD/dataset-streetview/main/datasets/df_2024_proportional/batch_0007/images/e2936478087e85da7ae2bc7c2a94ab66c1e8beed.jpg,True,downloaded,
74a9f17d68b8ec5b35403f8ffc0d30c64d8109f8,75efe132ad8b279cec797e02adc310756deea5dc,-15.873315300006167,-48.06495359999708,-15.87330526140559,-48.06490456410769,2025-06,2025,PswjaiK-IxbdWw1_0SGIOg,70.52024003195585,© Google,OK,4_4,171735.92201911376,8242674.610357657,8ab374ed65e81bbd02f00a2740db49e7a9df8b4d,cardinal,4,2,180_deg_south,cardinal,180,0,90,640,640,7,batch_0007,403,datasets/df_2024_proportional/batch_0007/images/8ab374ed65e81bbd02f00a2740db49e7a9df8b4d.jpg,https://raw.githubusercontent.com/GUIA-DD/dataset-streetview/main/datasets/df_2024_proportional/batch_0007/images/8ab374ed65e81bbd02f00a2740db49e7a9df8b4d.jpg,True,downloaded,
74a9f17d68b8ec5b35403f8ffc0d30c64d8109f8,75efe132ad8b279cec797e02adc310756deea5dc,-15.873315300006167,-48.06495359999708,-15.87330526140559,-48.06490456410769,2025-06,2025,PswjaiK-IxbdWw1_0SGIOg,70.52024003195585,© Google,OK,4_4,171735.92201911376,8242674.610357657,ef65a29b4480beb76cf53ce7310b867d483cb937,cardinal,4,3,270_deg_west,cardinal,270,0,90,640,640,7,batch_0007,404,datasets/df_2024_proportional/batch_0007/images/ef65a29b4480beb76cf53ce7310b867d483cb937.jpg,https://raw.githubusercontent.com/GUIA-DD/dataset-streetview/main/datasets/df_2024_proportional/batch_0007/images/ef65a29b4480beb76cf53ce7310b867d483cb937.jpg,True,downloaded,
75bcdcd9685e1793c3ad8bb31e56757ad3aa4d5c,7100532c3730cf64b3e221cf4c6070c31dac7d6b,-15.887066850028296,-48.14397755008531,-15.88704686556238,-48.14394765624878,2024-06,2024,86SvzwsN7apPJGNl_S63AA,312.7757644961463,© Google,OK,2_3,163287.96796589822,8241025.884758001,46a235976445d136345cfad9a7d16f8f2a7444fb,cardinal,4,0,0_deg_north,cardinal,0,0,90,640,640,7,batch_0007,405,datasets/df_2024_proportional/batch_0007/images/46a235976445d136345cfad9a7d16f8f2a7444fb.jpg,https://raw.githubusercontent.com/GUIA-DD/dataset-streetview/main/datasets/df_2024_proportional/batch_0007/images/46a235976445d136345cfad9a7d16f8f2a7444fb.jpg,True,downloaded,
75bcdcd9685e1793c3ad8bb31e56757ad3aa4d5c,7100532c3730cf64b3e221cf4c6070c31dac7d6b,-15.887066850028296,-48.14397755008531,-15.88704686556238,-48.14394765624878,2024-06,2024,86SvzwsN7apPJGNl_S63AA,312.7757644961463,© Google,OK,2_3,163287.96796589822,8241025.884758001,f7d235e13fadfb29e862ec524d5540940095ee30,cardinal,4,1,90_deg_east,cardinal,90,0,90,640,640,7,batch_0007,406,datasets/df_2024_proportional/batch_0007/images/f7d235e13fadfb29e862ec524d5540940095ee30.jpg,https://raw.githubusercontent.com/GUIA-DD/dataset-streetview/main/datasets/df_2024_proportional/batch_0007/images/f7d235e13fadfb29e862ec524d5540940095ee30.jpg,True,downloaded,
75bcdcd9685e1793c3ad8bb31e56757ad3aa4d5c,7100532c3730cf64b3e221cf4c6070c31dac7d6b,-15.887066850028296,-48.14397755008531,-15.88704686556238,-48.14394765624878,2024-06,2024,86SvzwsN7apPJGNl_S63AA,312.7757644961463,© Google,OK,2_3,163287.96796589822,8241025.884758001,719d1f56359c53afca1027ab3e40dedfadda3b3c,cardinal,4,2,180_deg_south,cardinal,180,0,90,640,640,7,batch_0007,407,datasets/df_2024_proportional/batch_0007/images/719d1f56359c53afca1027ab3e40dedfadda3b3c.jpg,https://raw.githubusercontent.com/GUIA-DD/dataset-streetview/main/datasets/df_2024_proportional/batch_0007/images/719d1f56359c53afca1027ab3e40dedfadda3b3c.jpg,True,downloaded,
75bcdcd9685e1793c3ad8bb31e56757ad3aa4d5c,7100532c3730cf64b3e221cf4c6070c31dac7d6b,-15.887066850028296,-48.14397755008531,-15.88704686556238,-48.14394765624878,2024-06,2024,86SvzwsN7apPJGNl_S63AA,312.7757644961463,© Google,OK,2_3,163287.96796589822,8241025.884758001,09954d8ce963dc72a8adbd5c85916daaf3c5f6db,cardinal,4,3,270_deg_west,cardinal,270,0,90,640,640,7,batch_0007,408,datasets/df_2024_proportional/batch_0007/images/09954d8ce963dc72a8adbd5c85916daaf3c5f6db.jpg,https://raw.githubusercontent.com/GUIA-DD/dataset-streetview/main/datasets/df_2024_proportional/batch_0007/images/09954d8ce963dc72a8adbd5c85916daaf3c5f6db.jpg,True,downloaded,
7616c40a343152f584e89da85ed1001d50a8e0fc,04a1e23ebdf0361cbc0ee7892d9fb4da5ac5512a,-15.84422145006724,-48.12601164993329,-15.84422100078332,-48.12600649266127,2026-01,2026,djROORlkotsNDzWClSAFFQ,235.9952713821501,© Google,OK,3_4,165142.8598945274,8245800.06376314,59fb194762ab8234c2f5b285256bc23804a61e97,cardinal,4,0,0_deg_north,cardinal,0,0,90,640,640,7,batch_0007,409,datasets/df_2024_proportional/batch_0007/images/59fb194762ab8234c2f5b285256bc23804a61e97.jpg,https://raw.githubusercontent.com/GUIA-DD/dataset-streetview/main/datasets/df_2024_proportional/batch_0007/images/59fb194762ab8234c2f5b285256bc23804a61e97.jpg,True,downloaded,
7616c40a343152f584e89da85ed1001d50a8e0fc,04a1e23ebdf0361cbc0ee7892d9fb4da5ac5512a,-15.84422145006724,-48.12601164993329,-15.84422100078332,-48.12600649266127,2026-01,2026,djROORlkotsNDzWClSAFFQ,235.9952713821501,© Google,OK,3_4,165142.8598945274,8245800.06376314,c9bd80710c71f0986fa65346ac1a77ec64a896fd,cardinal,4,1,90_deg_east,cardinal,90,0,90,640,640,7,batch_0007,410,datasets/df_2024_proportional/batch_0007/images/c9bd80710c71f0986fa65346ac1a77ec64a896fd.jpg,https://raw.githubusercontent.com/GUIA-DD/dataset-streetview/main/datasets/df_2024_proportional/batch_0007/images/c9bd80710c71f0986fa65346ac1a77ec64a896fd.jpg,True,downloaded,
7616c40a343152f584e89da85ed1001d50a8e0fc,04a1e23ebdf0361cbc0ee7892d9fb4da5ac5512a,-15.84422145006724,-48.12601164993329,-15.84422100078332,-48.12600649266127,2026-01,2026,djROORlkotsNDzWClSAFFQ,235.9952713821501,© Google,OK,3_4,165142.8598945274,8245800.06376314,bf6080f04719c4b0cbe0ca4c9d53ef747a64b837,cardinal,4,2,180_deg_south,cardinal,180,0,90,640,640,7,batch_0007,411,datasets/df_2024_proportional/batch_0007/images/bf6080f04719c4b0cbe0ca4c9d53ef747a64b837.jpg,https://raw.githubusercontent.com/GUIA-DD/dataset-streetview/main/datasets/df_2024_proportional/batch_0007/images/bf6080f04719c4b0cbe0ca4c9d53ef747a64b837.jpg,True,downloaded,
7616c40a343152f584e89da85ed1001d50a8e0fc,04a1e23ebdf0361cbc0ee7892d9fb4da5ac5512a,-15.84422145006724,-48.12601164993329,-15.84422100078332,-48.12600649266127,2026-01,2026,djROORlkotsNDzWClSAFFQ,235.9952713821501,© Google,OK,3_4,165142.8598945274,8245800.06376314,1eeacc17af3456675566599ad826a745f2ca7f9e,cardinal,4,3,270_deg_west,cardinal,270,0,90,640,640,7,batch_0007,412,datasets/df_2024_proportional/batch_0007/images/1eeacc17af3456675566599ad826a745f2ca7f9e.jpg,https://raw.githubusercontent.com/GUIA-DD/dataset-streetview/main/datasets/df_2024_proportional/batch_0007/images/1eeacc17af3456675566599ad826a745f2ca7f9e.jpg,True,downloaded,
76579ff8f70e66b415175cb9ba7e22f5699cc5c8,beba15e2c4b494703ceb1fecb85e33e4c58c614e,-15.792837659061025,-47.920733037506274,-15.79287132348993,-47.92070472676077,2024-05,2024,JX3FemFT_GN96MutXuOjiw,294.9186690782322,© Google,OK,7_5,187069.98812547312,8251807.432379314,ea1ed814d463ba88831ce4f82d21ace55d4619e9,cardinal,4,0,0_deg_north,cardinal,0,0,90,640,640,7,batch_0007,413,datasets/df_2024_proportional/batch_0007/images/ea1ed814d463ba88831ce4f82d21ace55d4619e9.jpg,https://raw.githubusercontent.com/GUIA-DD/dataset-streetview/main/datasets/df_2024_proportional/batch_0007/images/ea1ed814d463ba88831ce4f82d21ace55d4619e9.jpg,True,downloaded,
76579ff8f70e66b415175cb9ba7e22f5699cc5c8,beba15e2c4b494703ceb1fecb85e33e4c58c614e,-15.792837659061025,-47.920733037506274,-15.79287132348993,-47.92070472676077,2024-05,2024,JX3FemFT_GN96MutXuOjiw,294.9186690782322,© Google,OK,7_5,187069.98812547312,8251807.432379314,f786f3c34567e987fd2f0978d26e984bc87a16f1,cardinal,4,1,90_deg_east,cardinal,90,0,90,640,640,7,batch_0007,414,datasets/df_2024_proportional/batch_0007/images/f786f3c34567e987fd2f0978d26e984bc87a16f1.jpg,https://raw.githubusercontent.com/GUIA-DD/dataset-streetview/main/datasets/df_2024_proportional/batch_0007/images/f786f3c34567e987fd2f0978d26e984bc87a16f1.jpg,True,downloaded,
76579ff8f70e66b415175cb9ba7e22f5699cc5c8,beba15e2c4b494703ceb1fecb85e33e4c58c614e,-15.792837659061025,-47.920733037506274,-15.79287132348993,-47.92070472676077,2024-05,2024,JX3FemFT_GN96MutXuOjiw,294.9186690782322,© Google,OK,7_5,187069.98812547312,8251807.432379314,48933a4779339ed8b97d6b46ee0ecd3dba7d800f,cardinal,4,2,180_deg_south,cardinal,180,0,90,640,640,7,batch_0007,415,datasets/df_2024_proportional/batch_0007/images/48933a4779339ed8b97d6b46ee0ecd3dba7d800f.jpg,https://raw.githubusercontent.com/GUIA-DD/dataset-streetview/main/datasets/df_2024_proportional/batch_0007/images/48933a4779339ed8b97d6b46ee0ecd3dba7d800f.jpg,True,downloaded,
76579ff8f70e66b415175cb9ba7e22f5699cc5c8,beba15e2c4b494703ceb1fecb85e33e4c58c614e,-15.792837659061025,-47.920733037506274,-15.79287132348993,-47.92070472676077,2024-05,2024,JX3FemFT_GN96MutXuOjiw,294.9186690782322,© Google,OK,7_5,187069.98812547312,8251807.432379314,6e98f9afa1e1a8d900c0c5d01c87e3ccf71e04bc,cardinal,4,3,270_deg_west,cardinal,270,0,90,640,640,7,batch_0007,416,datasets/df_2024_proportional/batch_0007/images/6e98f9afa1e1a8d900c0c5d01c87e3ccf71e04bc.jpg,https://raw.githubusercontent.com/GUIA-DD/dataset-streetview/main/datasets/df_2024_proportional/batch_0007/images/6e98f9afa1e1a8d900c0c5d01c87e3ccf71e04bc.jpg,True,downloaded,
76b743b58c1243e8beb4cfc7e13d1552636c8eac,c90e93ec69aeae7ee4d3b92d45b1e5ffef9ac33b,-15.999053650131035,-48.05710600024285,-15.99905913098474,-48.05709763850007,2025-05,2025,b_lc3t8XEMNtk51UR7uUKg,121.87975199468126,© Google,OK,4_1,172781.3057430053,8228761.57932949,a9b1e21d098be72c161ac2f32913ddcd4f578d3d,cardinal,4,0,0_deg_north,cardinal,0,0,90,640,640,7,batch_0007,417,datasets/df_2024_proportional/batch_0007/images/a9b1e21d098be72c161ac2f32913ddcd4f578d3d.jpg,https://raw.githubusercontent.com/GUIA-DD/dataset-streetview/main/datasets/df_2024_proportional/batch_0007/images/a9b1e21d098be72c161ac2f32913ddcd4f578d3d.jpg,True,downloaded,
76b743b58c1243e8beb4cfc7e13d1552636c8eac,c90e93ec69aeae7ee4d3b92d45b1e5ffef9ac33b,-15.999053650131035,-48.05710600024285,-15.99905913098474,-48.05709763850007,2025-05,2025,b_lc3t8XEMNtk51UR7uUKg,121.87975199468126,© Google,OK,4_1,172781.3057430053,8228761.57932949,1ffb54017774a0e7fefb7a8eb373a8419964d35c,cardinal,4,1,90_deg_east,cardinal,90,0,90,640,640,7,batch_0007,418,datasets/df_2024_proportional/batch_0007/images/1ffb54017774a0e7fefb7a8eb373a8419964d35c.jpg,https://raw.githubusercontent.com/GUIA-DD/dataset-streetview/main/datasets/df_2024_proportional/batch_0007/images/1ffb54017774a0e7fefb7a8eb373a8419964d35c.jpg,True,downloaded,
76b743b58c1243e8beb4cfc7e13d1552636c8eac,c90e93ec69aeae7ee4d3b92d45b1e5ffef9ac33b,-15.999053650131035,-48.05710600024285,-15.99905913098474,-48.05709763850007,2025-05,2025,b_lc3t8XEMNtk51UR7uUKg,121.87975199468126,© Google,OK,4_1,172781.3057430053,8228761.57932949,511e3a4909346192dd4c93ceadd34961a4d961b8,cardinal,4,2,180_deg_south,cardinal,180,0,90,640,640,7,batch_0007,419,datasets/df_2024_proportional/batch_0007/images/511e3a4909346192dd4c93ceadd34961a4d961b8.jpg,https://raw.githubusercontent.com/GUIA-DD/dataset-streetview/main/datasets/df_2024_proportional/batch_0007/images/511e3a4909346192dd4c93ceadd34961a4d961b8.jpg,True,downloaded,
76b743b58c1243e8beb4cfc7e13d1552636c8eac,c90e93ec69aeae7ee4d3b92d45b1e5ffef9ac33b,-15.999053650131035,-48.05710600024285,-15.99905913098474,-48.05709763850007,2025-05,2025,b_lc3t8XEMNtk51UR7uUKg,121.87975199468126,© Google,OK,4_1,172781.3057430053,8228761.57932949,ae2112cfc3e8194b85c12332471a4ca95faf461d,cardinal,4,3,270_deg_west,cardinal,270,0,90,640,640,7,batch_0007,420,datasets/df_2024_proportional/batch_0007/images/ae2112cfc3e8194b85c12332471a4ca95faf461d.jpg,https://raw.githubusercontent.com/GUIA-DD/dataset-streetview/main/datasets/df_2024_proportional/batch_0007/images/ae2112cfc3e8194b85c12332471a4ca95faf461d.jpg,True,downloaded,
7744e270314bf89f95c54eb051f6d96e8b8052ba,089e69ca347d32223dff97c884038b5773b5392d,-15.74782844692981,-47.90962706068372,-15.74783181190358,-47.90960926423781,2024-05,2024,BHbNVhPu9zl8jSJTfoYQkA,355.65457494975084,© Google,OK,7_6,188191.9226982974,8256808.011222159,d3f160ad780e4221375ff808f14e0905a996436f,cardinal,4,0,0_deg_north,cardinal,0,0,90,640,640,7,batch_0007,421,datasets/df_2024_proportional/batch_0007/images/d3f160ad780e4221375ff808f14e0905a996436f.jpg,https://raw.githubusercontent.com/GUIA-DD/dataset-streetview/main/datasets/df_2024_proportional/batch_0007/images/d3f160ad780e4221375ff808f14e0905a996436f.jpg,True,downloaded,
7744e270314bf89f95c54eb051f6d96e8b8052ba,089e69ca347d32223dff97c884038b5773b5392d,-15.74782844692981,-47.90962706068372,-15.74783181190358,-47.90960926423781,2024-05,2024,BHbNVhPu9zl8jSJTfoYQkA,355.65457494975084,© Google,OK,7_6,188191.9226982974,8256808.011222159,235c3322cfb7cc66d36e70c25c51f67231a18474,cardinal,4,1,90_deg_east,cardinal,90,0,90,640,640,7,batch_0007,422,datasets/df_2024_proportional/batch_0007/images/235c3322cfb7cc66d36e70c25c51f67231a18474.jpg,https://raw.githubusercontent.com/GUIA-DD/dataset-streetview/main/datasets/df_2024_proportional/batch_0007/images/235c3322cfb7cc66d36e70c25c51f67231a18474.jpg,True,downloaded,
7744e270314bf89f95c54eb051f6d96e8b8052ba,089e69ca347d32223dff97c884038b5773b5392d,-15.74782844692981,-47.90962706068372,-15.74783181190358,-47.90960926423781,2024-05,2024,BHbNVhPu9zl8jSJTfoYQkA,355.65457494975084,© Google,OK,7_6,188191.9226982974,8256808.011222159,1fc9226d7b1a09bf3c0580765bb7c7b425199a62,cardinal,4,2,180_deg_south,cardinal,180,0,90,640,640,7,batch_0007,423,datasets/df_2024_proportional/batch_0007/images/1fc9226d7b1a09bf3c0580765bb7c7b425199a62.jpg,https://raw.githubusercontent.com/GUIA-DD/dataset-streetview/main/datasets/df_2024_proportional/batch_0007/images/1fc9226d7b1a09bf3c0580765bb7c7b425199a62.jpg,True,downloaded,
7744e270314bf89f95c54eb051f6d96e8b8052ba,089e69ca347d32223dff97c884038b5773b5392d,-15.74782844692981,-47.90962706068372,-15.74783181190358,-47.90960926423781,2024-05,2024,BHbNVhPu9zl8jSJTfoYQkA,355.65457494975084,© Google,OK,7_6,188191.9226982974,8256808.011222159,0073ecd5975cedd36ae41fbff949e29d966a1f67,cardinal,4,3,270_deg_west,cardinal,270,0,90,640,640,7,batch_0007,424,datasets/df_2024_proportional/batch_0007/images/0073ecd5975cedd36ae41fbff949e29d966a1f67.jpg,https://raw.githubusercontent.com/GUIA-DD/dataset-streetview/main/datasets/df_2024_proportional/batch_0007/images/0073ecd5975cedd36ae41fbff949e29d966a1f67.jpg,True,downloaded,
7b1040d8b16f3ff1397fb7e6aeaece187531d29e,ada5fee2f646b8ce2d2ee0ee783e6d45dc7d4d85,-16.011278350006677,-48.05335294998518,-16.01128605792941,-48.05339568693527,2025-05,2025,BxVnJoYAmfEWmek3Jy_Nig,31.312078672290944,© Google,OK,4_0,173203.2526573618,8227413.62440057,833dc5543e76d65d1e8756e589271c012710433e,cardinal,4,0,0_deg_north,cardinal,0,0,90,640,640,7,batch_0007,425,datasets/df_2024_proportional/batch_0007/images/833dc5543e76d65d1e8756e589271c012710433e.jpg,https://raw.githubusercontent.com/GUIA-DD/dataset-streetview/main/datasets/df_2024_proportional/batch_0007/images/833dc5543e76d65d1e8756e589271c012710433e.jpg,True,downloaded,
7b1040d8b16f3ff1397fb7e6aeaece187531d29e,ada5fee2f646b8ce2d2ee0ee783e6d45dc7d4d85,-16.011278350006677,-48.05335294998518,-16.01128605792941,-48.05339568693527,2025-05,2025,BxVnJoYAmfEWmek3Jy_Nig,31.312078672290944,© Google,OK,4_0,173203.2526573618,8227413.62440057,08bc9e9a7542511b21f9bda114d3683c9ad31069,cardinal,4,1,90_deg_east,cardinal,90,0,90,640,640,7,batch_0007,426,datasets/df_2024_proportional/batch_0007/images/08bc9e9a7542511b21f9bda114d3683c9ad31069.jpg,https://raw.githubusercontent.com/GUIA-DD/dataset-streetview/main/datasets/df_2024_proportional/batch_0007/images/08bc9e9a7542511b21f9bda114d3683c9ad31069.jpg,True,downloaded,
7b1040d8b16f3ff1397fb7e6aeaece187531d29e,ada5fee2f646b8ce2d2ee0ee783e6d45dc7d4d85,-16.011278350006677,-48.05335294998518,-16.01128605792941,-48.05339568693527,2025-05,2025,BxVnJoYAmfEWmek3Jy_Nig,31.312078672290944,© Google,OK,4_0,173203.2526573618,8227413.62440057,c43cc081909f5bf87420a495164532b3ff1a66ce,cardinal,4,2,180_deg_south,cardinal,180,0,90,640,640,7,batch_0007,427,datasets/df_2024_proportional/batch_0007/images/c43cc081909f5bf87420a495164532b3ff1a66ce.jpg,https://raw.githubusercontent.com/GUIA-DD/dataset-streetview/main/datasets/df_2024_proportional/batch_0007/images/c43cc081909f5bf87420a495164532b3ff1a66ce.jpg,True,downloaded,
7b1040d8b16f3ff1397fb7e6aeaece187531d29e,ada5fee2f646b8ce2d2ee0ee783e6d45dc7d4d85,-16.011278350006677,-48.05335294998518,-16.01128605792941,-48.05339568693527,2025-05,2025,BxVnJoYAmfEWmek3Jy_Nig,31.312078672290944,© Google,OK,4_0,173203.2526573618,8227413.62440057,c2323812c9c53c55d8049bdbca0bd40bfb75a7a1,cardinal,4,3,270_deg_west,cardinal,270,0,90,640,640,7,batch_0007,428,datasets/df_2024_proportional/batch_0007/images/c2323812c9c53c55d8049bdbca0bd40bfb75a7a1.jpg,https://raw.githubusercontent.com/GUIA-DD/dataset-streetview/main/datasets/df_2024_proportional/batch_0007/images/c2323812c9c53c55d8049bdbca0bd40bfb75a7a1.jpg,True,downloaded,
7bc77b0e26543a877b9f7b1754f0d5e4cef3e841,47243ccb09b044434778ca1b5b6802fa0344d07d,-15.82113447701884,-47.89822321060733,-15.82115837968171,-47.89820419722278,2024-05,2024,P4hxxMEmczIYDtc3dK-rNA,155.25988109271995,© Google,OK,8_5,189526.6958775313,8248707.400465132,c5cce38ef4713953340e1b3f6eab66f161869aa6,cardinal,4,0,0_deg_north,cardinal,0,0,90,640,640,7,batch_0007,429,datasets/df_2024_proportional/batch_0007/images/c5cce38ef4713953340e1b3f6eab66f161869aa6.jpg,https://raw.githubusercontent.com/GUIA-DD/dataset-streetview/main/datasets/df_2024_proportional/batch_0007/images/c5cce38ef4713953340e1b3f6eab66f161869aa6.jpg,True,downloaded,
7bc77b0e26543a877b9f7b1754f0d5e4cef3e841,47243ccb09b044434778ca1b5b6802fa0344d07d,-15.82113447701884,-47.89822321060733,-15.82115837968171,-47.89820419722278,2024-05,2024,P4hxxMEmczIYDtc3dK-rNA,155.25988109271995,© Google,OK,8_5,189526.6958775313,8248707.400465132,25db69e2c9405aed55866a3ba338e89adc2c0171,cardinal,4,1,90_deg_east,cardinal,90,0,90,640,640,7,batch_0007,430,datasets/df_2024_proportional/batch_0007/images/25db69e2c9405aed55866a3ba338e89adc2c0171.jpg,https://raw.githubusercontent.com/GUIA-DD/dataset-streetview/main/datasets/df_2024_proportional/batch_0007/images/25db69e2c9405aed55866a3ba338e89adc2c0171.jpg,True,downloaded,
7bc77b0e26543a877b9f7b1754f0d5e4cef3e841,47243ccb09b044434778ca1b5b6802fa0344d07d,-15.82113447701884,-47.89822321060733,-15.82115837968171,-47.89820419722278,2024-05,2024,P4hxxMEmczIYDtc3dK-rNA,155.25988109271995,© Google,OK,8_5,189526.6958775313,8248707.400465132,b09bdfef83ba2852727d7365dc2790f1c3ada705,cardinal,4,2,180_deg_south,cardinal,180,0,90,640,640,7,batch_0007,431,datasets/df_2024_proportional/batch_0007/images/b09bdfef83ba2852727d7365dc2790f1c3ada705.jpg,https://raw.githubusercontent.com/GUIA-DD/dataset-streetview/main/datasets/df_2024_proportional/batch_0007/images/b09bdfef83ba2852727d7365dc2790f1c3ada705.jpg,True,downloaded,
7bc77b0e26543a877b9f7b1754f0d5e4cef3e841,47243ccb09b044434778ca1b5b6802fa0344d07d,-15.82113447701884,-47.89822321060733,-15.82115837968171,-47.89820419722278,2024-05,2024,P4hxxMEmczIYDtc3dK-rNA,155.25988109271995,© Google,OK,8_5,189526.6958775313,8248707.400465132,c09e4c486fd63be7607d70ab895a38dfa8dc6d8f,cardinal,4,3,270_deg_west,cardinal,270,0,90,640,640,7,batch_0007,432,datasets/df_2024_proportional/batch_0007/images/c09e4c486fd63be7607d70ab895a38dfa8dc6d8f.jpg,https://raw.githubusercontent.com/GUIA-DD/dataset-streetview/main/datasets/df_2024_proportional/batch_0007/images/c09e4c486fd63be7607d70ab895a38dfa8dc6d8f.jpg,True,downloaded,
7bf6d8acdffcc708576d8e27f2afb7d5310313fb,acfde90ca1594048114608cbb07f3c740d68a711,-16.025609250139237,-48.07455404968476,-16.02557744939102,-48.07453584178186,2025-05,2025,70uOo-krWA8d8lrDP2Essw,210.57991498961363,© Google,OK,4_0,170955.79518785933,8225792.938076373,ff972105fc0579256554b064cd746e20a9797206,cardinal,4,0,0_deg_north,cardinal,0,0,90,640,640,7,batch_0007,433,datasets/df_2024_proportional/batch_0007/images/ff972105fc0579256554b064cd746e20a9797206.jpg,https://raw.githubusercontent.com/GUIA-DD/dataset-streetview/main/datasets/df_2024_proportional/batch_0007/images/ff972105fc0579256554b064cd746e20a9797206.jpg,True,downloaded,
7bf6d8acdffcc708576d8e27f2afb7d5310313fb,acfde90ca1594048114608cbb07f3c740d68a711,-16.025609250139237,-48.07455404968476,-16.02557744939102,-48.07453584178186,2025-05,2025,70uOo-krWA8d8lrDP2Essw,210.57991498961363,© Google,OK,4_0,170955.79518785933,8225792.938076373,01e2dc792c86f7506de938a3a8b049c0797ebed8,cardinal,4,1,90_deg_east,cardinal,90,0,90,640,640,7,batch_0007,434,datasets/df_2024_proportional/batch_0007/images/01e2dc792c86f7506de938a3a8b049c0797ebed8.jpg,https://raw.githubusercontent.com/GUIA-DD/dataset-streetview/main/datasets/df_2024_proportional/batch_0007/images/01e2dc792c86f7506de938a3a8b049c0797ebed8.jpg,True,downloaded,
7bf6d8acdffcc708576d8e27f2afb7d5310313fb,acfde90ca1594048114608cbb07f3c740d68a711,-16.025609250139237,-48.07455404968476,-16.02557744939102,-48.07453584178186,2025-05,2025,70uOo-krWA8d8lrDP2Essw,210.57991498961363,© Google,OK,4_0,170955.79518785933,8225792.938076373,a91a6e3ddd69f8edcb7ea3e9ebee6200ee18b32c,cardinal,4,2,180_deg_south,cardinal,180,0,90,640,640,7,batch_0007,435,datasets/df_2024_proportional/batch_0007/images/a91a6e3ddd69f8edcb7ea3e9ebee6200ee18b32c.jpg,https://raw.githubusercontent.com/GUIA-DD/dataset-streetview/main/datasets/df_2024_proportional/batch_0007/images/a91a6e3ddd69f8edcb7ea3e9ebee6200ee18b32c.jpg,True,downloaded,
7bf6d8acdffcc708576d8e27f2afb7d5310313fb,acfde90ca1594048114608cbb07f3c740d68a711,-16.025609250139237,-48.07455404968476,-16.02557744939102,-48.07453584178186,2025-05,2025,70uOo-krWA8d8lrDP2Essw,210.57991498961363,© Google,OK,4_0,170955.79518785933,8225792.938076373,d74dfd44e52605255bb58a49828507bb732dc1f7,cardinal,4,3,270_deg_west,cardinal,270,0,90,640,640,7,batch_0007,436,datasets/df_2024_proportional/batch_0007/images/d74dfd44e52605255bb58a49828507bb732dc1f7.jpg,https://raw.githubusercontent.com/GUIA-DD/dataset-streetview/main/datasets/df_2024_proportional/batch_0007/images/d74dfd44e52605255bb58a49828507bb732dc1f7.jpg,True,downloaded,
7d1ce35619b24d417a651284a0d3711fb987070b,51656cf7a630e14dc24acb28cc99b24b756f0390,-15.643447050077896,-47.64139370000698,-15.64343724759848,-47.6414034665768,2024-08,2024,NF7ivDz2jgLbAhLFRX9ZLA,267.2430577010745,© Google,OK,13_9,216811.1054259153,8268742.790446368,83448e1a515e6fd26511462bff74d54e9d19b7fd,cardinal,4,0,0_deg_north,cardinal,0,0,90,640,640,7,batch_0007,437,datasets/df_2024_proportional/batch_0007/images/83448e1a515e6fd26511462bff74d54e9d19b7fd.jpg,https://raw.githubusercontent.com/GUIA-DD/dataset-streetview/main/datasets/df_2024_proportional/batch_0007/images/83448e1a515e6fd26511462bff74d54e9d19b7fd.jpg,True,downloaded,
7d1ce35619b24d417a651284a0d3711fb987070b,51656cf7a630e14dc24acb28cc99b24b756f0390,-15.643447050077896,-47.64139370000698,-15.64343724759848,-47.6414034665768,2024-08,2024,NF7ivDz2jgLbAhLFRX9ZLA,267.2430577010745,© Google,OK,13_9,216811.1054259153,8268742.790446368,d4da37acf9c2bb7247b34aec4a952657a7f06d00,cardinal,4,1,90_deg_east,cardinal,90,0,90,640,640,7,batch_0007,438,datasets/df_2024_proportional/batch_0007/images/d4da37acf9c2bb7247b34aec4a952657a7f06d00.jpg,https://raw.githubusercontent.com/GUIA-DD/dataset-streetview/main/datasets/df_2024_proportional/batch_0007/images/d4da37acf9c2bb7247b34aec4a952657a7f06d00.jpg,True,downloaded,
7d1ce35619b24d417a651284a0d3711fb987070b,51656cf7a630e14dc24acb28cc99b24b756f0390,-15.643447050077896,-47.64139370000698,-15.64343724759848,-47.6414034665768,2024-08,2024,NF7ivDz2jgLbAhLFRX9ZLA,267.2430577010745,© Google,OK,13_9,216811.1054259153,8268742.790446368,c5058acdbc283168f2e4dbb3f0f97d40093b1fdb,cardinal,4,2,180_deg_south,cardinal,180,0,90,640,640,7,batch_0007,439,datasets/df_2024_proportional/batch_0007/images/c5058acdbc283168f2e4dbb3f0f97d40093b1fdb.jpg,https://raw.githubusercontent.com/GUIA-DD/dataset-streetview/main/datasets/df_2024_proportional/batch_0007/images/c5058acdbc283168f2e4dbb3f0f97d40093b1fdb.jpg,True,downloaded,
7d1ce35619b24d417a651284a0d3711fb987070b,51656cf7a630e14dc24acb28cc99b24b756f0390,-15.643447050077896,-47.64139370000698,-15.64343724759848,-47.6414034665768,2024-08,2024,NF7ivDz2jgLbAhLFRX9ZLA,267.2430577010745,© Google,OK,13_9,216811.1054259153,8268742.790446368,8e3095fb3088338c0a8df2530b06910ba8d66140,cardinal,4,3,270_deg_west,cardinal,270,0,90,640,640,7,batch_0007,440,datasets/df_2024_proportional/batch_0007/images/8e3095fb3088338c0a8df2530b06910ba8d66140.jpg,https://raw.githubusercontent.com/GUIA-DD/dataset-streetview/main/datasets/df_2024_proportional/batch_0007/images/8e3095fb3088338c0a8df2530b06910ba8d66140.jpg,True,downloaded,
7e5e0f8f8d802fea24301f044732c39f4cc6aea7,4b68cc7dfd5545b47a35a8e6474354179c3ff22b,-16.02824855006257,-48.05770955002031,-16.0282597943613,-48.05771044264659,2025-05,2025,rgjlTyQCX817L-P70fRQnw,92.818082566295,© Google,OK,4_0,172764.29955529654,8225527.317772337,629449b439286701309b0fa27a79d095092ea4ff,cardinal,4,0,0_deg_north,cardinal,0,0,90,640,640,7,batch_0007,441,datasets/df_2024_proportional/batch_0007/images/629449b439286701309b0fa27a79d095092ea4ff.jpg,https://raw.githubusercontent.com/GUIA-DD/dataset-streetview/main/datasets/df_2024_proportional/batch_0007/images/629449b439286701309b0fa27a79d095092ea4ff.jpg,True,downloaded,
7e5e0f8f8d802fea24301f044732c39f4cc6aea7,4b68cc7dfd5545b47a35a8e6474354179c3ff22b,-16.02824855006257,-48.05770955002031,-16.0282597943613,-48.05771044264659,2025-05,2025,rgjlTyQCX817L-P70fRQnw,92.818082566295,© Google,OK,4_0,172764.29955529654,8225527.317772337,dfd699e2e3feaa8d98e2672345332cb13556add3,cardinal,4,1,90_deg_east,cardinal,90,0,90,640,640,7,batch_0007,442,datasets/df_2024_proportional/batch_0007/images/dfd699e2e3feaa8d98e2672345332cb13556add3.jpg,https://raw.githubusercontent.com/GUIA-DD/dataset-streetview/main/datasets/df_2024_proportional/batch_0007/images/dfd699e2e3feaa8d98e2672345332cb13556add3.jpg,True,downloaded,
7e5e0f8f8d802fea24301f044732c39f4cc6aea7,4b68cc7dfd5545b47a35a8e6474354179c3ff22b,-16.02824855006257,-48.05770955002031,-16.0282597943613,-48.05771044264659,2025-05,2025,rgjlTyQCX817L-P70fRQnw,92.818082566295,© Google,OK,4_0,172764.29955529654,8225527.317772337,da747bc9ee6472b4fbd3193213fc6d5b94230f22,cardinal,4,2,180_deg_south,cardinal,180,0,90,640,640,7,batch_0007,443,datasets/df_2024_proportional/batch_0007/images/da747bc9ee6472b4fbd3193213fc6d5b94230f22.jpg,https://raw.githubusercontent.com/GUIA-DD/dataset-streetview/main/datasets/df_2024_proportional/batch_0007/images/da747bc9ee6472b4fbd3193213fc6d5b94230f22.jpg,True,downloaded,
7e5e0f8f8d802fea24301f044732c39f4cc6aea7,4b68cc7dfd5545b47a35a8e6474354179c3ff22b,-16.02824855006257,-48.05770955002031,-16.0282597943613,-48.05771044264659,2025-05,2025,rgjlTyQCX817L-P70fRQnw,92.818082566295,© Google,OK,4_0,172764.29955529654,8225527.317772337,c9a396d10ee44226621599c5027cfad2ad5ec352,cardinal,4,3,270_deg_west,cardinal,270,0,90,640,640,7,batch_0007,444,datasets/df_2024_proportional/batch_0007/images/c9a396d10ee44226621599c5027cfad2ad5ec352.jpg,https://raw.githubusercontent.com/GUIA-DD/dataset-streetview/main/datasets/df_2024_proportional/batch_0007/images/c9a396d10ee44226621599c5027cfad2ad5ec352.jpg,True,downloaded,
7ed3c23c30141221f14331c8383f87e5d7fce889,860a03b0050361564bb6fb1322c3db523dc4481c,-15.763912050002943,-47.78958404996607,-15.76394122170663,-47.78955985418287,2024-06,2024,7YmigO1X7GZk2q8hv_xZwg,358.64636325411334,© Google,OK,10_6,201088.7263536195,8255201.074276702,018cafbb25e579a8a379d0f662970ed61043b051,cardinal,4,0,0_deg_north,cardinal,0,0,90,640,640,7,batch_0007,445,datasets/df_2024_proportional/batch_0007/images/018cafbb25e579a8a379d0f662970ed61043b051.jpg,https://raw.githubusercontent.com/GUIA-DD/dataset-streetview/main/datasets/df_2024_proportional/batch_0007/images/018cafbb25e579a8a379d0f662970ed61043b051.jpg,True,downloaded,
7ed3c23c30141221f14331c8383f87e5d7fce889,860a03b0050361564bb6fb1322c3db523dc4481c,-15.763912050002943,-47.78958404996607,-15.76394122170663,-47.78955985418287,2024-06,2024,7YmigO1X7GZk2q8hv_xZwg,358.64636325411334,© Google,OK,10_6,201088.7263536195,8255201.074276702,1462ef966f07d7c734e5c54053e5a76f710e3744,cardinal,4,1,90_deg_east,cardinal,90,0,90,640,640,7,batch_0007,446,datasets/df_2024_proportional/batch_0007/images/1462ef966f07d7c734e5c54053e5a76f710e3744.jpg,https://raw.githubusercontent.com/GUIA-DD/dataset-streetview/main/datasets/df_2024_proportional/batch_0007/images/1462ef966f07d7c734e5c54053e5a76f710e3744.jpg,True,downloaded,
7ed3c23c30141221f14331c8383f87e5d7fce889,860a03b0050361564bb6fb1322c3db523dc4481c,-15.763912050002943,-47.78958404996607,-15.76394122170663,-47.78955985418287,2024-06,2024,7YmigO1X7GZk2q8hv_xZwg,358.64636325411334,© Google,OK,10_6,201088.7263536195,8255201.074276702,910b22e7cdae47d6fe0b19290e82a03bde41c9ec,cardinal,4,2,180_deg_south,cardinal,180,0,90,640,640,7,batch_0007,447,datasets/df_2024_proportional/batch_0007/images/910b22e7cdae47d6fe0b19290e82a03bde41c9ec.jpg,https://raw.githubusercontent.com/GUIA-DD/dataset-streetview/main/datasets/df_2024_proportional/batch_0007/images/910b22e7cdae47d6fe0b19290e82a03bde41c9ec.jpg,True,downloaded,
7ed3c23c30141221f14331c8383f87e5d7fce889,860a03b0050361564bb6fb1322c3db523dc4481c,-15.763912050002943,-47.78958404996607,-15.76394122170663,-47.78955985418287,2024-06,2024,7YmigO1X7GZk2q8hv_xZwg,358.64636325411334,© Google,OK,10_6,201088.7263536195,8255201.074276702,1989e960568cd8a35f7e3bc88c38672ee9bd8f33,cardinal,4,3,270_deg_west,cardinal,270,0,90,640,640,7,batch_0007,448,datasets/df_2024_proportional/batch_0007/images/1989e960568cd8a35f7e3bc88c38672ee9bd8f33.jpg,https://raw.githubusercontent.com/GUIA-DD/dataset-streetview/main/datasets/df_2024_proportional/batch_0007/images/1989e960568cd8a35f7e3bc88c38672ee9bd8f33.jpg,True,downloaded,
7f27a416e63cfadb985e5a488a69fe0388570dac,eff1e4c1dc2dd7dd75f35f6214aaee8574a4a1c0,-15.851962602161969,-47.90877049891571,-15.85196363959555,-47.9087851890602,2024-12,2024,msPfUNq7KLzcfyNs9hwN-Q,70.00029496983485,© Google,OK,7_4,188443.31860719697,8245278.013034459,beffc8e7581381e4e24320e4eb24e51dd26d2ebe,cardinal,4,0,0_deg_north,cardinal,0,0,90,640,640,7,batch_0007,449,datasets/df_2024_proportional/batch_0007/images/beffc8e7581381e4e24320e4eb24e51dd26d2ebe.jpg,https://raw.githubusercontent.com/GUIA-DD/dataset-streetview/main/datasets/df_2024_proportional/batch_0007/images/beffc8e7581381e4e24320e4eb24e51dd26d2ebe.jpg,True,downloaded,
7f27a416e63cfadb985e5a488a69fe0388570dac,eff1e4c1dc2dd7dd75f35f6214aaee8574a4a1c0,-15.851962602161969,-47.90877049891571,-15.85196363959555,-47.9087851890602,2024-12,2024,msPfUNq7KLzcfyNs9hwN-Q,70.00029496983485,© Google,OK,7_4,188443.31860719697,8245278.013034459,0f395431e5414cbfbdcefd3561fcc0c84eeea739,cardinal,4,1,90_deg_east,cardinal,90,0,90,640,640,7,batch_0007,450,datasets/df_2024_proportional/batch_0007/images/0f395431e5414cbfbdcefd3561fcc0c84eeea739.jpg,https://raw.githubusercontent.com/GUIA-DD/dataset-streetview/main/datasets/df_2024_proportional/batch_0007/images/0f395431e5414cbfbdcefd3561fcc0c84eeea739.jpg,True,downloaded,
7f27a416e63cfadb985e5a488a69fe0388570dac,eff1e4c1dc2dd7dd75f35f6214aaee8574a4a1c0,-15.851962602161969,-47.90877049891571,-15.85196363959555,-47.9087851890602,2024-12,2024,msPfUNq7KLzcfyNs9hwN-Q,70.00029496983485,© Google,OK,7_4,188443.31860719697,8245278.013034459,8e6a1e36ecd3e22a802c0e0355d914521c1ad047,cardinal,4,2,180_deg_south,cardinal,180,0,90,640,640,7,batch_0007,451,datasets/df_2024_proportional/batch_0007/images/8e6a1e36ecd3e22a802c0e0355d914521c1ad047.jpg,https://raw.githubusercontent.com/GUIA-DD/dataset-streetview/main/datasets/df_2024_proportional/batch_0007/images/8e6a1e36ecd3e22a802c0e0355d914521c1ad047.jpg,True,downloaded,
7f27a416e63cfadb985e5a488a69fe0388570dac,eff1e4c1dc2dd7dd75f35f6214aaee8574a4a1c0,-15.851962602161969,-47.90877049891571,-15.85196363959555,-47.9087851890602,2024-12,2024,msPfUNq7KLzcfyNs9hwN-Q,70.00029496983485,© Google,OK,7_4,188443.31860719697,8245278.013034459,0d15b53e003252341f99b856c0e1a3e0a807b809,cardinal,4,3,270_deg_west,cardinal,270,0,90,640,640,7,batch_0007,452,datasets/df_2024_proportional/batch_0007/images/0d15b53e003252341f99b856c0e1a3e0a807b809.jpg,https://raw.githubusercontent.com/GUIA-DD/dataset-streetview/main/datasets/df_2024_proportional/batch_0007/images/0d15b53e003252341f99b856c0e1a3e0a807b809.jpg,True,downloaded,
7feb1a069cf730e33a6a866e605ceef114415d25,d64a20da3098d4753ad87ed91e218d06ae6b4c1b,-15.784590351682734,-47.91514030167579,-15.78460711855876,-47.91510681983923,2025-01,2025,8w8TvKmB5JMfaGFkws6jHw,107.30123651325566,© Google,OK,7_6,187656.9890248353,8252729.018086251,38b32f3d31321341b62bccdb389247db110d8f78,cardinal,4,0,0_deg_north,cardinal,0,0,90,640,640,7,batch_0007,453,datasets/df_2024_proportional/batch_0007/images/38b32f3d31321341b62bccdb389247db110d8f78.jpg,https://raw.githubusercontent.com/GUIA-DD/dataset-streetview/main/datasets/df_2024_proportional/batch_0007/images/38b32f3d31321341b62bccdb389247db110d8f78.jpg,True,downloaded,
7feb1a069cf730e33a6a866e605ceef114415d25,d64a20da3098d4753ad87ed91e218d06ae6b4c1b,-15.784590351682734,-47.91514030167579,-15.78460711855876,-47.91510681983923,2025-01,2025,8w8TvKmB5JMfaGFkws6jHw,107.30123651325566,© Google,OK,7_6,187656.9890248353,8252729.018086251,bbc6417f3d97535772059e5e15972a12cdfb84d0,cardinal,4,1,90_deg_east,cardinal,90,0,90,640,640,7,batch_0007,454,datasets/df_2024_proportional/batch_0007/images/bbc6417f3d97535772059e5e15972a12cdfb84d0.jpg,https://raw.githubusercontent.com/GUIA-DD/dataset-streetview/main/datasets/df_2024_proportional/batch_0007/images/bbc6417f3d97535772059e5e15972a12cdfb84d0.jpg,True,downloaded,
7feb1a069cf730e33a6a866e605ceef114415d25,d64a20da3098d4753ad87ed91e218d06ae6b4c1b,-15.784590351682734,-47.91514030167579,-15.78460711855876,-47.91510681983923,2025-01,2025,8w8TvKmB5JMfaGFkws6jHw,107.30123651325566,© Google,OK,7_6,187656.9890248353,8252729.018086251,07092a0cc37bbdf8889e81a145963796000695ba,cardinal,4,2,180_deg_south,cardinal,180,0,90,640,640,7,batch_0007,455,datasets/df_2024_proportional/batch_0007/images/07092a0cc37bbdf8889e81a145963796000695ba.jpg,https://raw.githubusercontent.com/GUIA-DD/dataset-streetview/main/datasets/df_2024_proportional/batch_0007/images/07092a0cc37bbdf8889e81a145963796000695ba.jpg,True,downloaded,
7feb1a069cf730e33a6a866e605ceef114415d25,d64a20da3098d4753ad87ed91e218d06ae6b4c1b,-15.784590351682734,-47.91514030167579,-15.78460711855876,-47.91510681983923,2025-01,2025,8w8TvKmB5JMfaGFkws6jHw,107.30123651325566,© Google,OK,7_6,187656.9890248353,8252729.018086251,58bcdcbffd9713cc9d9b0c6d47d0a54b1e85d88b,cardinal,4,3,270_deg_west,cardinal,270,0,90,640,640,7,batch_0007,456,datasets/df_2024_proportional/batch_0007/images/58bcdcbffd9713cc9d9b0c6d47d0a54b1e85d88b.jpg,https://raw.githubusercontent.com/GUIA-DD/dataset-streetview/main/datasets/df_2024_proportional/batch_0007/images/58bcdcbffd9713cc9d9b0c6d47d0a54b1e85d88b.jpg,True,downloaded,
806fe2bbda7b0840d48e88a9255b5be381648c89,b3da5f4d04c1878d29dfcea8d61f662e3aad30ab,-15.799521300045509,-48.1247285518187,-15.79955587812113,-48.12470796603053,2026-01,2026,g5kPB3j2gy3pDR4tIffBQQ,158.84067355622258,© Google,OK,3_5,165206.73367662655,8250752.822385536,093c1a2c1fb0129ff80b6465591fbc71f60311e2,cardinal,4,0,0_deg_north,cardinal,0,0,90,640,640,7,batch_0007,457,datasets/df_2024_proportional/batch_0007/images/093c1a2c1fb0129ff80b6465591fbc71f60311e2.jpg,https://raw.githubusercontent.com/GUIA-DD/dataset-streetview/main/datasets/df_2024_proportional/batch_0007/images/093c1a2c1fb0129ff80b6465591fbc71f60311e2.jpg,True,downloaded,
806fe2bbda7b0840d48e88a9255b5be381648c89,b3da5f4d04c1878d29dfcea8d61f662e3aad30ab,-15.799521300045509,-48.1247285518187,-15.79955587812113,-48.12470796603053,2026-01,2026,g5kPB3j2gy3pDR4tIffBQQ,158.84067355622258,© Google,OK,3_5,165206.73367662655,8250752.822385536,0366cb22eecd67f517d8ffb7e1e8aad56f61cbef,cardinal,4,1,90_deg_east,cardinal,90,0,90,640,640,7,batch_0007,458,datasets/df_2024_proportional/batch_0007/images/0366cb22eecd67f517d8ffb7e1e8aad56f61cbef.jpg,https://raw.githubusercontent.com/GUIA-DD/dataset-streetview/main/datasets/df_2024_proportional/batch_0007/images/0366cb22eecd67f517d8ffb7e1e8aad56f61cbef.jpg,True,downloaded,
806fe2bbda7b0840d48e88a9255b5be381648c89,b3da5f4d04c1878d29dfcea8d61f662e3aad30ab,-15.799521300045509,-48.1247285518187,-15.79955587812113,-48.12470796603053,2026-01,2026,g5kPB3j2gy3pDR4tIffBQQ,158.84067355622258,© Google,OK,3_5,165206.73367662655,8250752.822385536,e45039072a78fc421140a74cab0f6d54a31038f3,cardinal,4,2,180_deg_south,cardinal,180,0,90,640,640,7,batch_0007,459,datasets/df_2024_proportional/batch_0007/images/e45039072a78fc421140a74cab0f6d54a31038f3.jpg,https://raw.githubusercontent.com/GUIA-DD/dataset-streetview/main/datasets/df_2024_proportional/batch_0007/images/e45039072a78fc421140a74cab0f6d54a31038f3.jpg,True,downloaded,
806fe2bbda7b0840d48e88a9255b5be381648c89,b3da5f4d04c1878d29dfcea8d61f662e3aad30ab,-15.799521300045509,-48.1247285518187,-15.79955587812113,-48.12470796603053,2026-01,2026,g5kPB3j2gy3pDR4tIffBQQ,158.84067355622258,© Google,OK,3_5,165206.73367662655,8250752.822385536,829e001d1ac5ae9f97551f832b35c598273e7a97,cardinal,4,3,270_deg_west,cardinal,270,0,90,640,640,7,batch_0007,460,datasets/df_2024_proportional/batch_0007/images/829e001d1ac5ae9f97551f832b35c598273e7a97.jpg,https://raw.githubusercontent.com/GUIA-DD/dataset-streetview/main/datasets/df_2024_proportional/batch_0007/images/829e001d1ac5ae9f97551f832b35c598273e7a97.jpg,True,downloaded,
807ca531e2d1b51151edee9d3125318c80499c12,b05b5a00afafe21fb8883a12c33cc00d61b5ded6,-15.756951700015795,-47.775185699986096,-15.75697310714151,-47.77522877905693,2024-07,2024,Kj45saoaVXg7X8_L81hH4Q,239.7969119332137,© Google,OK,10_6,202622.439001589,8255992.132410204,268ed5c830b467d192b25c82a289eb1d1f58f511,cardinal,4,0,0_deg_north,cardinal,0,0,90,640,640,7,batch_0007,461,datasets/df_2024_proportional/batch_0007/images/268ed5c830b467d192b25c82a289eb1d1f58f511.jpg,https://raw.githubusercontent.com/GUIA-DD/dataset-streetview/main/datasets/df_2024_proportional/batch_0007/images/268ed5c830b467d192b25c82a289eb1d1f58f511.jpg,True,downloaded,
807ca531e2d1b51151edee9d3125318c80499c12,b05b5a00afafe21fb8883a12c33cc00d61b5ded6,-15.756951700015795,-47.775185699986096,-15.75697310714151,-47.77522877905693,2024-07,2024,Kj45saoaVXg7X8_L81hH4Q,239.7969119332137,© Google,OK,10_6,202622.439001589,8255992.132410204,cb3fc2e511089f36fa3b91168a2c0cc9500a69e9,cardinal,4,1,90_deg_east,cardinal,90,0,90,640,640,7,batch_0007,462,datasets/df_2024_proportional/batch_0007/images/cb3fc2e511089f36fa3b91168a2c0cc9500a69e9.jpg,https://raw.githubusercontent.com/GUIA-DD/dataset-streetview/main/datasets/df_2024_proportional/batch_0007/images/cb3fc2e511089f36fa3b91168a2c0cc9500a69e9.jpg,True,downloaded,
807ca531e2d1b51151edee9d3125318c80499c12,b05b5a00afafe21fb8883a12c33cc00d61b5ded6,-15.756951700015795,-47.775185699986096,-15.75697310714151,-47.77522877905693,2024-07,2024,Kj45saoaVXg7X8_L81hH4Q,239.7969119332137,© Google,OK,10_6,202622.439001589,8255992.132410204,9d02109c0b47e93be6d37769fe7e0cd777cf83b5,cardinal,4,2,180_deg_south,cardinal,180,0,90,640,640,7,batch_0007,463,datasets/df_2024_proportional/batch_0007/images/9d02109c0b47e93be6d37769fe7e0cd777cf83b5.jpg,https://raw.githubusercontent.com/GUIA-DD/dataset-streetview/main/datasets/df_2024_proportional/batch_0007/images/9d02109c0b47e93be6d37769fe7e0cd777cf83b5.jpg,True,downloaded,
807ca531e2d1b51151edee9d3125318c80499c12,b05b5a00afafe21fb8883a12c33cc00d61b5ded6,-15.756951700015795,-47.775185699986096,-15.75697310714151,-47.77522877905693,2024-07,2024,Kj45saoaVXg7X8_L81hH4Q,239.7969119332137,© Google,OK,10_6,202622.439001589,8255992.132410204,83670f64c1e3edbe8b14d8813ba4a42ca68a8933,cardinal,4,3,270_deg_west,cardinal,270,0,90,640,640,7,batch_0007,464,datasets/df_2024_proportional/batch_0007/images/83670f64c1e3edbe8b14d8813ba4a42ca68a8933.jpg,https://raw.githubusercontent.com/GUIA-DD/dataset-streetview/main/datasets/df_2024_proportional/batch_0007/images/83670f64c1e3edbe8b14d8813ba4a42ca68a8933.jpg,True,downloaded,
82297e82246faf703eec6c09cc3160d081f0bf73,9bc1fa082ab4444ade316ccf86f1a052ca1f421a,-15.766676350465431,-47.78089194990746,-15.76667013582334,-47.78092695752179,2024-06,2024,9APmUPx8izmkwa2Rzbyvog,78.90134800524858,© Google,OK,10_6,202024.77612362392,8254907.318591785,f8be0f13970fe9a15e467a85f75c95a16286bdbe,cardinal,4,0,0_deg_north,cardinal,0,0,90,640,640,7,batch_0007,465,datasets/df_2024_proportional/batch_0007/images/f8be0f13970fe9a15e467a85f75c95a16286bdbe.jpg,https://raw.githubusercontent.com/GUIA-DD/dataset-streetview/main/datasets/df_2024_proportional/batch_0007/images/f8be0f13970fe9a15e467a85f75c95a16286bdbe.jpg,True,downloaded,
82297e82246faf703eec6c09cc3160d081f0bf73,9bc1fa082ab4444ade316ccf86f1a052ca1f421a,-15.766676350465431,-47.78089194990746,-15.76667013582334,-47.78092695752179,2024-06,2024,9APmUPx8izmkwa2Rzbyvog,78.90134800524858,© Google,OK,10_6,202024.77612362392,8254907.318591785,84f7a3599592635eb974b8c207ac7f331b1306b4,cardinal,4,1,90_deg_east,cardinal,90,0,90,640,640,7,batch_0007,466,datasets/df_2024_proportional/batch_0007/images/84f7a3599592635eb974b8c207ac7f331b1306b4.jpg,https://raw.githubusercontent.com/GUIA-DD/dataset-streetview/main/datasets/df_2024_proportional/batch_0007/images/84f7a3599592635eb974b8c207ac7f331b1306b4.jpg,True,downloaded,
82297e82246faf703eec6c09cc3160d081f0bf73,9bc1fa082ab4444ade316ccf86f1a052ca1f421a,-15.766676350465431,-47.78089194990746,-15.76667013582334,-47.78092695752179,2024-06,2024,9APmUPx8izmkwa2Rzbyvog,78.90134800524858,© Google,OK,10_6,202024.77612362392,8254907.318591785,90ab4ac6b158e97528e7b87b83e0716d1d26810a,cardinal,4,2,180_deg_south,cardinal,180,0,90,640,640,7,batch_0007,467,datasets/df_2024_proportional/batch_0007/images/90ab4ac6b158e97528e7b87b83e0716d1d26810a.jpg,https://raw.githubusercontent.com/GUIA-DD/dataset-streetview/main/datasets/df_2024_proportional/batch_0007/images/90ab4ac6b158e97528e7b87b83e0716d1d26810a.jpg,True,downloaded,
82297e82246faf703eec6c09cc3160d081f0bf73,9bc1fa082ab4444ade316ccf86f1a052ca1f421a,-15.766676350465431,-47.78089194990746,-15.76667013582334,-47.78092695752179,2024-06,2024,9APmUPx8izmkwa2Rzbyvog,78.90134800524858,© Google,OK,10_6,202024.77612362392,8254907.318591785,a755717cde2928f7bc3e611811ddaa6d7637fecf,cardinal,4,3,270_deg_west,cardinal,270,0,90,640,640,7,batch_0007,468,datasets/df_2024_proportional/batch_0007/images/a755717cde2928f7bc3e611811ddaa6d7637fecf.jpg,https://raw.githubusercontent.com/GUIA-DD/dataset-streetview/main/datasets/df_2024_proportional/batch_0007/images/a755717cde2928f7bc3e611811ddaa6d7637fecf.jpg,True,downloaded,
8347b15df2524c600a0e26a8af47cbcf7c0d618d,d0a1c234f5f61ccb790d09764d3ab22737257a8e,-15.823323100009334,-47.90374565000951,-15.82334534499914,-47.90372125447553,2024-05,2024,Zc7KRZ2ERh9KaNgF9pbyMQ,288.89284844633204,© Google,OK,8_5,188938.0202342833,8248456.865041833,6047cf5b648b56cb5c245d9419877316ef870375,cardinal,4,0,0_deg_north,cardinal,0,0,90,640,640,7,batch_0007,469,datasets/df_2024_proportional/batch_0007/images/6047cf5b648b56cb5c245d9419877316ef870375.jpg,https://raw.githubusercontent.com/GUIA-DD/dataset-streetview/main/datasets/df_2024_proportional/batch_0007/images/6047cf5b648b56cb5c245d9419877316ef870375.jpg,True,downloaded,
8347b15df2524c600a0e26a8af47cbcf7c0d618d,d0a1c234f5f61ccb790d09764d3ab22737257a8e,-15.823323100009334,-47.90374565000951,-15.82334534499914,-47.90372125447553,2024-05,2024,Zc7KRZ2ERh9KaNgF9pbyMQ,288.89284844633204,© Google,OK,8_5,188938.0202342833,8248456.865041833,8df75e46928b14c25a0ec6ee8ec0be3e65d25bb2,cardinal,4,1,90_deg_east,cardinal,90,0,90,640,640,7,batch_0007,470,datasets/df_2024_proportional/batch_0007/images/8df75e46928b14c25a0ec6ee8ec0be3e65d25bb2.jpg,https://raw.githubusercontent.com/GUIA-DD/dataset-streetview/main/datasets/df_2024_proportional/batch_0007/images/8df75e46928b14c25a0ec6ee8ec0be3e65d25bb2.jpg,True,downloaded,
8347b15df2524c600a0e26a8af47cbcf7c0d618d,d0a1c234f5f61ccb790d09764d3ab22737257a8e,-15.823323100009334,-47.90374565000951,-15.82334534499914,-47.90372125447553,2024-05,2024,Zc7KRZ2ERh9KaNgF9pbyMQ,288.89284844633204,© Google,OK,8_5,188938.0202342833,8248456.865041833,15fcb4c48bee9462cd8992d5f654c7bc81bdad8e,cardinal,4,2,180_deg_south,cardinal,180,0,90,640,640,7,batch_0007,471,datasets/df_2024_proportional/batch_0007/images/15fcb4c48bee9462cd8992d5f654c7bc81bdad8e.jpg,https://raw.githubusercontent.com/GUIA-DD/dataset-streetview/main/datasets/df_2024_proportional/batch_0007/images/15fcb4c48bee9462cd8992d5f654c7bc81bdad8e.jpg,True,downloaded,
8347b15df2524c600a0e26a8af47cbcf7c0d618d,d0a1c234f5f61ccb790d09764d3ab22737257a8e,-15.823323100009334,-47.90374565000951,-15.82334534499914,-47.90372125447553,2024-05,2024,Zc7KRZ2ERh9KaNgF9pbyMQ,288.89284844633204,© Google,OK,8_5,188938.0202342833,8248456.865041833,cd9655e0693977812ade2b3ef35344dcce0023b4,cardinal,4,3,270_deg_west,cardinal,270,0,90,640,640,7,batch_0007,472,datasets/df_2024_proportional/batch_0007/images/cd9655e0693977812ade2b3ef35344dcce0023b4.jpg,https://raw.githubusercontent.com/GUIA-DD/dataset-streetview/main/datasets/df_2024_proportional/batch_0007/images/cd9655e0693977812ade2b3ef35344dcce0023b4.jpg,True,downloaded,
8419508aa44c7509a4ea698f8ea462301b7ca527,6ac0bbe360db5690fcba621909255dda558f2e56,-15.886404347159148,-48.05552524535072,-15.8864198173442,-48.05552093712809,2025-06,2025,qTrXo7ihiN5shjKf2s9_Pw,333.3033115148645,© Google,OK,4_3,172767.7160513731,8241239.803189393,327d85cce2b26a24f21ff410f832c28f5f738d1d,cardinal,4,0,0_deg_north,cardinal,0,0,90,640,640,7,batch_0007,473,datasets/df_2024_proportional/batch_0007/images/327d85cce2b26a24f21ff410f832c28f5f738d1d.jpg,https://raw.githubusercontent.com/GUIA-DD/dataset-streetview/main/datasets/df_2024_proportional/batch_0007/images/327d85cce2b26a24f21ff410f832c28f5f738d1d.jpg,True,downloaded,
8419508aa44c7509a4ea698f8ea462301b7ca527,6ac0bbe360db5690fcba621909255dda558f2e56,-15.886404347159148,-48.05552524535072,-15.8864198173442,-48.05552093712809,2025-06,2025,qTrXo7ihiN5shjKf2s9_Pw,333.3033115148645,© Google,OK,4_3,172767.7160513731,8241239.803189393,836ffe0881fef2a6efde73987b8a0e2660e3b35c,cardinal,4,1,90_deg_east,cardinal,90,0,90,640,640,7,batch_0007,474,datasets/df_2024_proportional/batch_0007/images/836ffe0881fef2a6efde73987b8a0e2660e3b35c.jpg,https://raw.githubusercontent.com/GUIA-DD/dataset-streetview/main/datasets/df_2024_proportional/batch_0007/images/836ffe0881fef2a6efde73987b8a0e2660e3b35c.jpg,True,downloaded,
8419508aa44c7509a4ea698f8ea462301b7ca527,6ac0bbe360db5690fcba621909255dda558f2e56,-15.886404347159148,-48.05552524535072,-15.8864198173442,-48.05552093712809,2025-06,2025,qTrXo7ihiN5shjKf2s9_Pw,333.3033115148645,© Google,OK,4_3,172767.7160513731,8241239.803189393,784b161b1e2d2494c10b487cbfd0feb42c507270,cardinal,4,2,180_deg_south,cardinal,180,0,90,640,640,7,batch_0007,475,datasets/df_2024_proportional/batch_0007/images/784b161b1e2d2494c10b487cbfd0feb42c507270.jpg,https://raw.githubusercontent.com/GUIA-DD/dataset-streetview/main/datasets/df_2024_proportional/batch_0007/images/784b161b1e2d2494c10b487cbfd0feb42c507270.jpg,True,downloaded,
8419508aa44c7509a4ea698f8ea462301b7ca527,6ac0bbe360db5690fcba621909255dda558f2e56,-15.886404347159148,-48.05552524535072,-15.8864198173442,-48.05552093712809,2025-06,2025,qTrXo7ihiN5shjKf2s9_Pw,333.3033115148645,© Google,OK,4_3,172767.7160513731,8241239.803189393,4036033a55233769102a4c3b64ee5c50959d1749,cardinal,4,3,270_deg_west,cardinal,270,0,90,640,640,7,batch_0007,476,datasets/df_2024_proportional/batch_0007/images/4036033a55233769102a4c3b64ee5c50959d1749.jpg,https://raw.githubusercontent.com/GUIA-DD/dataset-streetview/main/datasets/df_2024_proportional/batch_0007/images/4036033a55233769102a4c3b64ee5c50959d1749.jpg,True,downloaded,
84cc9e02891159b154204323e893163ac41e4216,cd941bcb8a8e67a70591aa190020270e05b579e3,-15.878124590674016,-48.01616114930386,-15.87812465080615,-48.01618676182376,2024-06,2024,UVjjMGplQlPkMA6rKZkPDQ,338.48621212701886,© Google,OK,5_3,176973.55925670735,8242217.991501764,8149c3f788d9c0b29b6bb13fa02d79e363247a4d,cardinal,4,0,0_deg_north,cardinal,0,0,90,640,640,7,batch_0007,477,datasets/df_2024_proportional/batch_0007/images/8149c3f788d9c0b29b6bb13fa02d79e363247a4d.jpg,https://raw.githubusercontent.com/GUIA-DD/dataset-streetview/main/datasets/df_2024_proportional/batch_0007/images/8149c3f788d9c0b29b6bb13fa02d79e363247a4d.jpg,True,downloaded,
84cc9e02891159b154204323e893163ac41e4216,cd941bcb8a8e67a70591aa190020270e05b579e3,-15.878124590674016,-48.01616114930386,-15.87812465080615,-48.01618676182376,2024-06,2024,UVjjMGplQlPkMA6rKZkPDQ,338.48621212701886,© Google,OK,5_3,176973.55925670735,8242217.991501764,54a8ab0334b03e48c59826a0a00bb9df5f4024c8,cardinal,4,1,90_deg_east,cardinal,90,0,90,640,640,7,batch_0007,478,datasets/df_2024_proportional/batch_0007/images/54a8ab0334b03e48c59826a0a00bb9df5f4024c8.jpg,https://raw.githubusercontent.com/GUIA-DD/dataset-streetview/main/datasets/df_2024_proportional/batch_0007/images/54a8ab0334b03e48c59826a0a00bb9df5f4024c8.jpg,True,downloaded,
84cc9e02891159b154204323e893163ac41e4216,cd941bcb8a8e67a70591aa190020270e05b579e3,-15.878124590674016,-48.01616114930386,-15.87812465080615,-48.01618676182376,2024-06,2024,UVjjMGplQlPkMA6rKZkPDQ,338.48621212701886,© Google,OK,5_3,176973.55925670735,8242217.991501764,468015445f81480b5f315ada21c1eee5cec0e0e6,cardinal,4,2,180_deg_south,cardinal,180,0,90,640,640,7,batch_0007,479,datasets/df_2024_proportional/batch_0007/images/468015445f81480b5f315ada21c1eee5cec0e0e6.jpg,https://raw.githubusercontent.com/GUIA-DD/dataset-streetview/main/datasets/df_2024_proportional/batch_0007/images/468015445f81480b5f315ada21c1eee5cec0e0e6.jpg,True,downloaded,
84cc9e02891159b154204323e893163ac41e4216,cd941bcb8a8e67a70591aa190020270e05b579e3,-15.878124590674016,-48.01616114930386,-15.87812465080615,-48.01618676182376,2024-06,2024,UVjjMGplQlPkMA6rKZkPDQ,338.48621212701886,© Google,OK,5_3,176973.55925670735,8242217.991501764,e8fecd034fc67a9021fd6574929a7806456f9235,cardinal,4,3,270_deg_west,cardinal,270,0,90,640,640,7,batch_0007,480,datasets/df_2024_proportional/batch_0007/images/e8fecd034fc67a9021fd6574929a7806456f9235.jpg,https://raw.githubusercontent.com/GUIA-DD/dataset-streetview/main/datasets/df_2024_proportional/batch_0007/images/e8fecd034fc67a9021fd6574929a7806456f9235.jpg,True,downloaded,
8661b0b42520e48058675a4b6ff6a5a0ecf49b72,cbf042ea67a8857b3a6c900f4a28d98dbf8b9f59,-15.819200698477829,-47.89970125499479,-15.81925133353763,-47.899694189414,2024-05,2024,FEayD661bwTSgl9ZyDnLVA,321.8003658985844,© Google,OK,8_5,189365.2868815748,8248919.34804327,64e190e9c11da0ea5c3e47538aba1fc7d1b8c934,cardinal,4,0,0_deg_north,cardinal,0,0,90,640,640,7,batch_0007,481,datasets/df_2024_proportional/batch_0007/images/64e190e9c11da0ea5c3e47538aba1fc7d1b8c934.jpg,https://raw.githubusercontent.com/GUIA-DD/dataset-streetview/main/datasets/df_2024_proportional/batch_0007/images/64e190e9c11da0ea5c3e47538aba1fc7d1b8c934.jpg,True,downloaded,
8661b0b42520e48058675a4b6ff6a5a0ecf49b72,cbf042ea67a8857b3a6c900f4a28d98dbf8b9f59,-15.819200698477829,-47.89970125499479,-15.81925133353763,-47.899694189414,2024-05,2024,FEayD661bwTSgl9ZyDnLVA,321.8003658985844,© Google,OK,8_5,189365.2868815748,8248919.34804327,1e9f4474c1fdf49646c650de1599fac509c13138,cardinal,4,1,90_deg_east,cardinal,90,0,90,640,640,7,batch_0007,482,datasets/df_2024_proportional/batch_0007/images/1e9f4474c1fdf49646c650de1599fac509c13138.jpg,https://raw.githubusercontent.com/GUIA-DD/dataset-streetview/main/datasets/df_2024_proportional/batch_0007/images/1e9f4474c1fdf49646c650de1599fac509c13138.jpg,True,downloaded,
8661b0b42520e48058675a4b6ff6a5a0ecf49b72,cbf042ea67a8857b3a6c900f4a28d98dbf8b9f59,-15.819200698477829,-47.89970125499479,-15.81925133353763,-47.899694189414,2024-05,2024,FEayD661bwTSgl9ZyDnLVA,321.8003658985844,© Google,OK,8_5,189365.2868815748,8248919.34804327,ea225296c94b034f54aea815dbf44527bbc94914,cardinal,4,2,180_deg_south,cardinal,180,0,90,640,640,7,batch_0007,483,datasets/df_2024_proportional/batch_0007/images/ea225296c94b034f54aea815dbf44527bbc94914.jpg,https://raw.githubusercontent.com/GUIA-DD/dataset-streetview/main/datasets/df_2024_proportional/batch_0007/images/ea225296c94b034f54aea815dbf44527bbc94914.jpg,True,downloaded,
8661b0b42520e48058675a4b6ff6a5a0ecf49b72,cbf042ea67a8857b3a6c900f4a28d98dbf8b9f59,-15.819200698477829,-47.89970125499479,-15.81925133353763,-47.899694189414,2024-05,2024,FEayD661bwTSgl9ZyDnLVA,321.8003658985844,© Google,OK,8_5,189365.2868815748,8248919.34804327,1a88bc5f1b296ae95fe48a51c8e5dcfef05ed321,cardinal,4,3,270_deg_west,cardinal,270,0,90,640,640,7,batch_0007,484,datasets/df_2024_proportional/batch_0007/images/1a88bc5f1b296ae95fe48a51c8e5dcfef05ed321.jpg,https://raw.githubusercontent.com/GUIA-DD/dataset-streetview/main/datasets/df_2024_proportional/batch_0007/images/1a88bc5f1b296ae95fe48a51c8e5dcfef05ed321.jpg,True,downloaded,
879f6629b20bf78df1615cb11d4b42449a406a17,adfebefe5dbc72531e45a47f4aa953eba1f2ad9e,-15.8398611500644,-48.12295569993096,-15.83984050357851,-48.12298465158749,2026-01,2026,lEx1Vw23XHNtIx09CERfxg,53.94224063626002,© Google,OK,3_4,165463.29731898333,8246287.866024316,b5cdf65872005be87e5dd433976df334bf32a152,cardinal,4,0,0_deg_north,cardinal,0,0,90,640,640,7,batch_0007,485,datasets/df_2024_proportional/batch_0007/images/b5cdf65872005be87e5dd433976df334bf32a152.jpg,https://raw.githubusercontent.com/GUIA-DD/dataset-streetview/main/datasets/df_2024_proportional/batch_0007/images/b5cdf65872005be87e5dd433976df334bf32a152.jpg,True,downloaded,
879f6629b20bf78df1615cb11d4b42449a406a17,adfebefe5dbc72531e45a47f4aa953eba1f2ad9e,-15.8398611500644,-48.12295569993096,-15.83984050357851,-48.12298465158749,2026-01,2026,lEx1Vw23XHNtIx09CERfxg,53.94224063626002,© Google,OK,3_4,165463.29731898333,8246287.866024316,8650b7e8b485bd5ecded312382fd36947436ff36,cardinal,4,1,90_deg_east,cardinal,90,0,90,640,640,7,batch_0007,486,datasets/df_2024_proportional/batch_0007/images/8650b7e8b485bd5ecded312382fd36947436ff36.jpg,https://raw.githubusercontent.com/GUIA-DD/dataset-streetview/main/datasets/df_2024_proportional/batch_0007/images/8650b7e8b485bd5ecded312382fd36947436ff36.jpg,True,downloaded,
879f6629b20bf78df1615cb11d4b42449a406a17,adfebefe5dbc72531e45a47f4aa953eba1f2ad9e,-15.8398611500644,-48.12295569993096,-15.83984050357851,-48.12298465158749,2026-01,2026,lEx1Vw23XHNtIx09CERfxg,53.94224063626002,© Google,OK,3_4,165463.29731898333,8246287.866024316,81bd6c286822f05463791bf46139ef31cc8cb7fc,cardinal,4,2,180_deg_south,cardinal,180,0,90,640,640,7,batch_0007,487,datasets/df_2024_proportional/batch_0007/images/81bd6c286822f05463791bf46139ef31cc8cb7fc.jpg,https://raw.githubusercontent.com/GUIA-DD/dataset-streetview/main/datasets/df_2024_proportional/batch_0007/images/81bd6c286822f05463791bf46139ef31cc8cb7fc.jpg,True,downloaded,
879f6629b20bf78df1615cb11d4b42449a406a17,adfebefe5dbc72531e45a47f4aa953eba1f2ad9e,-15.8398611500644,-48.12295569993096,-15.83984050357851,-48.12298465158749,2026-01,2026,lEx1Vw23XHNtIx09CERfxg,53.94224063626002,© Google,OK,3_4,165463.29731898333,8246287.866024316,f25b38be30c03299a9a0d4d04949c45cada77967,cardinal,4,3,270_deg_west,cardinal,270,0,90,640,640,7,batch_0007,488,datasets/df_2024_proportional/batch_0007/images/f25b38be30c03299a9a0d4d04949c45cada77967.jpg,https://raw.githubusercontent.com/GUIA-DD/dataset-streetview/main/datasets/df_2024_proportional/batch_0007/images/f25b38be30c03299a9a0d4d04949c45cada77967.jpg,True,downloaded,
87e01d0dea6e56443aabd9c19d259bafb2c8fe92,40560ceebf836569d0adfb262c4028c87f3695bb,-15.89656216051474,-48.11209719426599,-15.89655525539454,-48.11208642418502,2025-06,2025,QxCPuLGjM9nn6sATgHWofA,243.81142594275528,© Google,OK,3_3,166720.82038997172,8240025.370944411,09d5df80d98e6574864552c20ad9015aed2bbbce,cardinal,4,0,0_deg_north,cardinal,0,0,90,640,640,7,batch_0007,489,datasets/df_2024_proportional/batch_0007/images/09d5df80d98e6574864552c20ad9015aed2bbbce.jpg,https://raw.githubusercontent.com/GUIA-DD/dataset-streetview/main/datasets/df_2024_proportional/batch_0007/images/09d5df80d98e6574864552c20ad9015aed2bbbce.jpg,True,downloaded,
87e01d0dea6e56443aabd9c19d259bafb2c8fe92,40560ceebf836569d0adfb262c4028c87f3695bb,-15.89656216051474,-48.11209719426599,-15.89655525539454,-48.11208642418502,2025-06,2025,QxCPuLGjM9nn6sATgHWofA,243.81142594275528,© Google,OK,3_3,166720.82038997172,8240025.370944411,8293d7661fd59f3efffc892d17ca696a87925b86,cardinal,4,1,90_deg_east,cardinal,90,0,90,640,640,7,batch_0007,490,datasets/df_2024_proportional/batch_0007/images/8293d7661fd59f3efffc892d17ca696a87925b86.jpg,https://raw.githubusercontent.com/GUIA-DD/dataset-streetview/main/datasets/df_2024_proportional/batch_0007/images/8293d7661fd59f3efffc892d17ca696a87925b86.jpg,True,downloaded,
87e01d0dea6e56443aabd9c19d259bafb2c8fe92,40560ceebf836569d0adfb262c4028c87f3695bb,-15.89656216051474,-48.11209719426599,-15.89655525539454,-48.11208642418502,2025-06,2025,QxCPuLGjM9nn6sATgHWofA,243.81142594275528,© Google,OK,3_3,166720.82038997172,8240025.370944411,97618137beb84e20c783d3ee1d822f353be4e04b,cardinal,4,2,180_deg_south,cardinal,180,0,90,640,640,7,batch_0007,491,datasets/df_2024_proportional/batch_0007/images/97618137beb84e20c783d3ee1d822f353be4e04b.jpg,https://raw.githubusercontent.com/GUIA-DD/dataset-streetview/main/datasets/df_2024_proportional/batch_0007/images/97618137beb84e20c783d3ee1d822f353be4e04b.jpg,True,downloaded,
87e01d0dea6e56443aabd9c19d259bafb2c8fe92,40560ceebf836569d0adfb262c4028c87f3695bb,-15.89656216051474,-48.11209719426599,-15.89655525539454,-48.11208642418502,2025-06,2025,QxCPuLGjM9nn6sATgHWofA,243.81142594275528,© Google,OK,3_3,166720.82038997172,8240025.370944411,b967defd60b223f68559e98ccda0d4653c8f0492,cardinal,4,3,270_deg_west,cardinal,270,0,90,640,640,7,batch_0007,492,datasets/df_2024_proportional/batch_0007/images/b967defd60b223f68559e98ccda0d4653c8f0492.jpg,https://raw.githubusercontent.com/GUIA-DD/dataset-streetview/main/datasets/df_2024_proportional/batch_0007/images/b967defd60b223f68559e98ccda0d4653c8f0492.jpg,True,downloaded,
881b87850eff38052bd8c8292f4f6dc77dd94808,0d609c9c0c8772fd2cf45fe69f64b9d25d9782e7,-15.791495100115458,-48.139647799946346,-15.79148763474984,-48.13961599974881,2026-02,2026,ZejaB296hrjdJEPxcoociw,250.53417764347387,© Google,OK,2_5,163593.5957733841,8251617.926185755,82192a62c3e195daef064a83131ef1539ece4b45,cardinal,4,0,0_deg_north,cardinal,0,0,90,640,640,7,batch_0007,493,datasets/df_2024_proportional/batch_0007/images/82192a62c3e195daef064a83131ef1539ece4b45.jpg,https://raw.githubusercontent.com/GUIA-DD/dataset-streetview/main/datasets/df_2024_proportional/batch_0007/images/82192a62c3e195daef064a83131ef1539ece4b45.jpg,True,downloaded,
881b87850eff38052bd8c8292f4f6dc77dd94808,0d609c9c0c8772fd2cf45fe69f64b9d25d9782e7,-15.791495100115458,-48.139647799946346,-15.79148763474984,-48.13961599974881,2026-02,2026,ZejaB296hrjdJEPxcoociw,250.53417764347387,© Google,OK,2_5,163593.5957733841,8251617.926185755,b09f1ff19790eda2469fdc3fb50af81d45364d9f,cardinal,4,1,90_deg_east,cardinal,90,0,90,640,640,7,batch_0007,494,datasets/df_2024_proportional/batch_0007/images/b09f1ff19790eda2469fdc3fb50af81d45364d9f.jpg,https://raw.githubusercontent.com/GUIA-DD/dataset-streetview/main/datasets/df_2024_proportional/batch_0007/images/b09f1ff19790eda2469fdc3fb50af81d45364d9f.jpg,True,downloaded,
881b87850eff38052bd8c8292f4f6dc77dd94808,0d609c9c0c8772fd2cf45fe69f64b9d25d9782e7,-15.791495100115458,-48.139647799946346,-15.79148763474984,-48.13961599974881,2026-02,2026,ZejaB296hrjdJEPxcoociw,250.53417764347387,© Google,OK,2_5,163593.5957733841,8251617.926185755,040e4bf5726eb080e658bf39281ab604546091d1,cardinal,4,2,180_deg_south,cardinal,180,0,90,640,640,7,batch_0007,495,datasets/df_2024_proportional/batch_0007/images/040e4bf5726eb080e658bf39281ab604546091d1.jpg,https://raw.githubusercontent.com/GUIA-DD/dataset-streetview/main/datasets/df_2024_proportional/batch_0007/images/040e4bf5726eb080e658bf39281ab604546091d1.jpg,True,downloaded,
881b87850eff38052bd8c8292f4f6dc77dd94808,0d609c9c0c8772fd2cf45fe69f64b9d25d9782e7,-15.791495100115458,-48.139647799946346,-15.79148763474984,-48.13961599974881,2026-02,2026,ZejaB296hrjdJEPxcoociw,250.53417764347387,© Google,OK,2_5,163593.5957733841,8251617.926185755,69955a4b9a112200267e37be3df01957258953f8,cardinal,4,3,270_deg_west,cardinal,270,0,90,640,640,7,batch_0007,496,datasets/df_2024_proportional/batch_0007/images/69955a4b9a112200267e37be3df01957258953f8.jpg,https://raw.githubusercontent.com/GUIA-DD/dataset-streetview/main/datasets/df_2024_proportional/batch_0007/images/69955a4b9a112200267e37be3df01957258953f8.jpg,True,downloaded,
8c20ca773ed2a695df06330a3fc062e8e5bd83a8,9ab5d85cf88a13a91826af4083da5e42ae4d7615,-15.912347150011582,-48.093695900081954,-15.912368097499,-48.09368300522799,2025-07,2025,kng-pRGmvEPvzonBwhC0DQ,148.0404321383113,© Google,OK,3_3,168718.98048251783,8238306.4437449295,f4763534df603d932faa4074ce5bedb50fa4308c,cardinal,4,0,0_deg_north,cardinal,0,0,90,640,640,7,batch_0007,497,datasets/df_2024_proportional/batch_0007/images/f4763534df603d932faa4074ce5bedb50fa4308c.jpg,https://raw.githubusercontent.com/GUIA-DD/dataset-streetview/main/datasets/df_2024_proportional/batch_0007/images/f4763534df603d932faa4074ce5bedb50fa4308c.jpg,True,downloaded,
8c20ca773ed2a695df06330a3fc062e8e5bd83a8,9ab5d85cf88a13a91826af4083da5e42ae4d7615,-15.912347150011582,-48.093695900081954,-15.912368097499,-48.09368300522799,2025-07,2025,kng-pRGmvEPvzonBwhC0DQ,148.0404321383113,© Google,OK,3_3,168718.98048251783,8238306.4437449295,0896b125c5e5efa752b1e79c5cfa0642c6d8b23c,cardinal,4,1,90_deg_east,cardinal,90,0,90,640,640,7,batch_0007,498,datasets/df_2024_proportional/batch_0007/images/0896b125c5e5efa752b1e79c5cfa0642c6d8b23c.jpg,https://raw.githubusercontent.com/GUIA-DD/dataset-streetview/main/datasets/df_2024_proportional/batch_0007/images/0896b125c5e5efa752b1e79c5cfa0642c6d8b23c.jpg,True,downloaded,
8c20ca773ed2a695df06330a3fc062e8e5bd83a8,9ab5d85cf88a13a91826af4083da5e42ae4d7615,-15.912347150011582,-48.093695900081954,-15.912368097499,-48.09368300522799,2025-07,2025,kng-pRGmvEPvzonBwhC0DQ,148.0404321383113,© Google,OK,3_3,168718.98048251783,8238306.4437449295,031e3e439776df1de2197e305dde9701a23b03f5,cardinal,4,2,180_deg_south,cardinal,180,0,90,640,640,7,batch_0007,499,datasets/df_2024_proportional/batch_0007/images/031e3e439776df1de2197e305dde9701a23b03f5.jpg,https://raw.githubusercontent.com/GUIA-DD/dataset-streetview/main/datasets/df_2024_proportional/batch_0007/images/031e3e439776df1de2197e305dde9701a23b03f5.jpg,True,downloaded,
8c20ca773ed2a695df06330a3fc062e8e5bd83a8,9ab5d85cf88a13a91826af4083da5e42ae4d7615,-15.912347150011582,-48.093695900081954,-15.912368097499,-48.09368300522799,2025-07,2025,kng-pRGmvEPvzonBwhC0DQ,148.0404321383113,© Google,OK,3_3,168718.98048251783,8238306.4437449295,207b19748c89dbd7203f9caf030da846cc7cad46,cardinal,4,3,270_deg_west,cardinal,270,0,90,640,640,7,batch_0007,500,datasets/df_2024_proportional/batch_0007/images/207b19748c89dbd7203f9caf030da846cc7cad46.jpg,https://raw.githubusercontent.com/GUIA-DD/dataset-streetview/main/datasets/df_2024_proportional/batch_0007/images/207b19748c89dbd7203f9caf030da846cc7cad46.jpg,True,downloaded,
8e9feda6802b03d3ed93bfe9513050c4aa42af4f,1358a2c0c84078538a328f3319aae44597ed86d4,-15.858849400066806,-47.86419280113567,-15.85885649875434,-47.86417718363338,2024-12,2024,aLWw00gEb5MnD_Rm4Rns4A,157.46653347848164,© Google,OK,8_4,193231.8684320565,8244581.23693279,187a79d6c922af5b29df5d70edbb9cbf1f1a1b88,cardinal,4,0,0_deg_north,cardinal,0,0,90,640,640,7,batch_0007,501,datasets/df_2024_proportional/batch_0007/images/187a79d6c922af5b29df5d70edbb9cbf1f1a1b88.jpg,https://raw.githubusercontent.com/GUIA-DD/dataset-streetview/main/datasets/df_2024_proportional/batch_0007/images/187a79d6c922af5b29df5d70edbb9cbf1f1a1b88.jpg,True,downloaded,
8e9feda6802b03d3ed93bfe9513050c4aa42af4f,1358a2c0c84078538a328f3319aae44597ed86d4,-15.858849400066806,-47.86419280113567,-15.85885649875434,-47.86417718363338,2024-12,2024,aLWw00gEb5MnD_Rm4Rns4A,157.46653347848164,© Google,OK,8_4,193231.8684320565,8244581.23693279,69a5986b37ff8fafa59969c6cf8ff96bbc8ca635,cardinal,4,1,90_deg_east,cardinal,90,0,90,640,640,7,batch_0007,502,datasets/df_2024_proportional/batch_0007/images/69a5986b37ff8fafa59969c6cf8ff96bbc8ca635.jpg,https://raw.githubusercontent.com/GUIA-DD/dataset-streetview/main/datasets/df_2024_proportional/batch_0007/images/69a5986b37ff8fafa59969c6cf8ff96bbc8ca635.jpg,True,downloaded,
8e9feda6802b03d3ed93bfe9513050c4aa42af4f,1358a2c0c84078538a328f3319aae44597ed86d4,-15.858849400066806,-47.86419280113567,-15.85885649875434,-47.86417718363338,2024-12,2024,aLWw00gEb5MnD_Rm4Rns4A,157.46653347848164,© Google,OK,8_4,193231.8684320565,8244581.23693279,d28a338ab6e9d4e6e78c2cf4f33a749d9e44da86,cardinal,4,2,180_deg_south,cardinal,180,0,90,640,640,7,batch_0007,503,datasets/df_2024_proportional/batch_0007/images/d28a338ab6e9d4e6e78c2cf4f33a749d9e44da86.jpg,https://raw.githubusercontent.com/GUIA-DD/dataset-streetview/main/datasets/df_2024_proportional/batch_0007/images/d28a338ab6e9d4e6e78c2cf4f33a749d9e44da86.jpg,True,downloaded,
8e9feda6802b03d3ed93bfe9513050c4aa42af4f,1358a2c0c84078538a328f3319aae44597ed86d4,-15.858849400066806,-47.86419280113567,-15.85885649875434,-47.86417718363338,2024-12,2024,aLWw00gEb5MnD_Rm4Rns4A,157.46653347848164,© Google,OK,8_4,193231.8684320565,8244581.23693279,1e677ed218ead28f12caa0ba4fb41f1f26fa6895,cardinal,4,3,270_deg_west,cardinal,270,0,90,640,640,7,batch_0007,504,datasets/df_2024_proportional/batch_0007/images/1e677ed218ead28f12caa0ba4fb41f1f26fa6895.jpg,https://raw.githubusercontent.com/GUIA-DD/dataset-streetview/main/datasets/df_2024_proportional/batch_0007/images/1e677ed218ead28f12caa0ba4fb41f1f26fa6895.jpg,True,downloaded,
8ecf8e8c69f4515cad8c3b5424331ba7592f33a6,7319e7c14a81e26fd97bc0bf4245902e347101ab,-15.897385249999324,-48.04737595011266,-15.8973785619926,-48.04739033729771,2025-06,2025,-5yrohLEvRGAtRjraLY2ag,342.5636151915811,© Google,OK,4_3,173658.9008154948,8240036.443372613,b9782c61f64bc963caa9d8e00d047246e4822253,cardinal,4,0,0_deg_north,cardinal,0,0,90,640,640,7,batch_0007,505,datasets/df_2024_proportional/batch_0007/images/b9782c61f64bc963caa9d8e00d047246e4822253.jpg,https://raw.githubusercontent.com/GUIA-DD/dataset-streetview/main/datasets/df_2024_proportional/batch_0007/images/b9782c61f64bc963caa9d8e00d047246e4822253.jpg,True,downloaded,
8ecf8e8c69f4515cad8c3b5424331ba7592f33a6,7319e7c14a81e26fd97bc0bf4245902e347101ab,-15.897385249999324,-48.04737595011266,-15.8973785619926,-48.04739033729771,2025-06,2025,-5yrohLEvRGAtRjraLY2ag,342.5636151915811,© Google,OK,4_3,173658.9008154948,8240036.443372613,944ab12fd265bedcd0e2a8de05660456be9a77fc,cardinal,4,1,90_deg_east,cardinal,90,0,90,640,640,7,batch_0007,506,datasets/df_2024_proportional/batch_0007/images/944ab12fd265bedcd0e2a8de05660456be9a77fc.jpg,https://raw.githubusercontent.com/GUIA-DD/dataset-streetview/main/datasets/df_2024_proportional/batch_0007/images/944ab12fd265bedcd0e2a8de05660456be9a77fc.jpg,True,downloaded,
8ecf8e8c69f4515cad8c3b5424331ba7592f33a6,7319e7c14a81e26fd97bc0bf4245902e347101ab,-15.897385249999324,-48.04737595011266,-15.8973785619926,-48.04739033729771,2025-06,2025,-5yrohLEvRGAtRjraLY2ag,342.5636151915811,© Google,OK,4_3,173658.9008154948,8240036.443372613,9f50a0e63fb460a00787d7058642871baada5a0c,cardinal,4,2,180_deg_south,cardinal,180,0,90,640,640,7,batch_0007,507,datasets/df_2024_proportional/batch_0007/images/9f50a0e63fb460a00787d7058642871baada5a0c.jpg,https://raw.githubusercontent.com/GUIA-DD/dataset-streetview/main/datasets/df_2024_proportional/batch_0007/images/9f50a0e63fb460a00787d7058642871baada5a0c.jpg,True,downloaded,
8ecf8e8c69f4515cad8c3b5424331ba7592f33a6,7319e7c14a81e26fd97bc0bf4245902e347101ab,-15.897385249999324,-48.04737595011266,-15.8973785619926,-48.04739033729771,2025-06,2025,-5yrohLEvRGAtRjraLY2ag,342.5636151915811,© Google,OK,4_3,173658.9008154948,8240036.443372613,443465ebf85b3f604bcfa09f3bed32247ede327a,cardinal,4,3,270_deg_west,cardinal,270,0,90,640,640,7,batch_0007,508,datasets/df_2024_proportional/batch_0007/images/443465ebf85b3f604bcfa09f3bed32247ede327a.jpg,https://raw.githubusercontent.com/GUIA-DD/dataset-streetview/main/datasets/df_2024_proportional/batch_0007/images/443465ebf85b3f604bcfa09f3bed32247ede327a.jpg,True,downloaded,
90d261bd91ef7e6f6462e0b10606cd8c0785aa41,ef0331533ada7377ae9bacb3a5c66edf6353b23a,-15.859053900173269,-48.0780772498704,-15.85907226092728,-48.07812099814761,2025-06,2025,nnb81rL1lN2Sp5lili3JHg,242.68676826437985,© Google,OK,4_4,170305.9702792996,8244233.412122378,82df543f579052251ff8055739ef47cc050f26a6,cardinal,4,0,0_deg_north,cardinal,0,0,90,640,640,7,batch_0007,509,datasets/df_2024_proportional/batch_0007/images/82df543f579052251ff8055739ef47cc050f26a6.jpg,https://raw.githubusercontent.com/GUIA-DD/dataset-streetview/main/datasets/df_2024_proportional/batch_0007/images/82df543f579052251ff8055739ef47cc050f26a6.jpg,True,downloaded,
90d261bd91ef7e6f6462e0b10606cd8c0785aa41,ef0331533ada7377ae9bacb3a5c66edf6353b23a,-15.859053900173269,-48.0780772498704,-15.85907226092728,-48.07812099814761,2025-06,2025,nnb81rL1lN2Sp5lili3JHg,242.68676826437985,© Google,OK,4_4,170305.9702792996,8244233.412122378,c6cf3dc2f89dfbc35031fb9d61d362958555bcd0,cardinal,4,1,90_deg_east,cardinal,90,0,90,640,640,7,batch_0007,510,datasets/df_2024_proportional/batch_0007/images/c6cf3dc2f89dfbc35031fb9d61d362958555bcd0.jpg,https://raw.githubusercontent.com/GUIA-DD/dataset-streetview/main/datasets/df_2024_proportional/batch_0007/images/c6cf3dc2f89dfbc35031fb9d61d362958555bcd0.jpg,True,downloaded,
90d261bd91ef7e6f6462e0b10606cd8c0785aa41,ef0331533ada7377ae9bacb3a5c66edf6353b23a,-15.859053900173269,-48.0780772498704,-15.85907226092728,-48.07812099814761,2025-06,2025,nnb81rL1lN2Sp5lili3JHg,242.68676826437985,© Google,OK,4_4,170305.9702792996,8244233.412122378,67c9c3a1066dcd880ded43848c879d9d8f9c06a1,cardinal,4,2,180_deg_south,cardinal,180,0,90,640,640,7,batch_0007,511,datasets/df_2024_proportional/batch_0007/images/67c9c3a1066dcd880ded43848c879d9d8f9c06a1.jpg,https://raw.githubusercontent.com/GUIA-DD/dataset-streetview/main/datasets/df_2024_proportional/batch_0007/images/67c9c3a1066dcd880ded43848c879d9d8f9c06a1.jpg,True,downloaded,
90d261bd91ef7e6f6462e0b10606cd8c0785aa41,ef0331533ada7377ae9bacb3a5c66edf6353b23a,-15.859053900173269,-48.0780772498704,-15.85907226092728,-48.07812099814761,2025-06,2025,nnb81rL1lN2Sp5lili3JHg,242.68676826437985,© Google,OK,4_4,170305.9702792996,8244233.412122378,ac237fabdd8b006e06cdd4a6e33a3ab5e31d082d,cardinal,4,3,270_deg_west,cardinal,270,0,90,640,640,7,batch_0007,512,datasets/df_2024_proportional/batch_0007/images/ac237fabdd8b006e06cdd4a6e33a3ab5e31d082d.jpg,https://raw.githubusercontent.com/GUIA-DD/dataset-streetview/main/datasets/df_2024_proportional/batch_0007/images/ac237fabdd8b006e06cdd4a6e33a3ab5e31d082d.jpg,True,downloaded,
912bc83121faec042aa4c8b0d3e21b508fd466cb,5e79b2253a2919d40e3c325b5e329812877932ea,-15.825658850000384,-48.08341315006733,-15.82570043981572,-48.08342021394398,2026-02,2026,m4pC82ytJiFKE2A4xCUsQQ,341.05026895578425,© Google,OK,4_5,169679.57850752553,8247923.506149851,5c51ff13285c62b35b3babfc0e4efd02130b3286,cardinal,4,0,0_deg_north,cardinal,0,0,90,640,640,7,batch_0007,513,datasets/df_2024_proportional/batch_0007/images/5c51ff13285c62b35b3babfc0e4efd02130b3286.jpg,https://raw.githubusercontent.com/GUIA-DD/dataset-streetview/main/datasets/df_2024_proportional/batch_0007/images/5c51ff13285c62b35b3babfc0e4efd02130b3286.jpg,True,downloaded,
912bc83121faec042aa4c8b0d3e21b508fd466cb,5e79b2253a2919d40e3c325b5e329812877932ea,-15.825658850000384,-48.08341315006733,-15.82570043981572,-48.08342021394398,2026-02,2026,m4pC82ytJiFKE2A4xCUsQQ,341.05026895578425,© Google,OK,4_5,169679.57850752553,8247923.506149851,bdb0ea507d53235c4a027a1c66bd95869415a5fc,cardinal,4,1,90_deg_east,cardinal,90,0,90,640,640,7,batch_0007,514,datasets/df_2024_proportional/batch_0007/images/bdb0ea507d53235c4a027a1c66bd95869415a5fc.jpg,https://raw.githubusercontent.com/GUIA-DD/dataset-streetview/main/datasets/df_2024_proportional/batch_0007/images/bdb0ea507d53235c4a027a1c66bd95869415a5fc.jpg,True,downloaded,
912bc83121faec042aa4c8b0d3e21b508fd466cb,5e79b2253a2919d40e3c325b5e329812877932ea,-15.825658850000384,-48.08341315006733,-15.82570043981572,-48.08342021394398,2026-02,2026,m4pC82ytJiFKE2A4xCUsQQ,341.05026895578425,© Google,OK,4_5,169679.57850752553,8247923.506149851,e6855019c5f201ba0643f0c32986dbff2492e025,cardinal,4,2,180_deg_south,cardinal,180,0,90,640,640,7,batch_0007,515,datasets/df_2024_proportional/batch_0007/images/e6855019c5f201ba0643f0c32986dbff2492e025.jpg,https://raw.githubusercontent.com/GUIA-DD/dataset-streetview/main/datasets/df_2024_proportional/batch_0007/images/e6855019c5f201ba0643f0c32986dbff2492e025.jpg,True,downloaded,
912bc83121faec042aa4c8b0d3e21b508fd466cb,5e79b2253a2919d40e3c325b5e329812877932ea,-15.825658850000384,-48.08341315006733,-15.82570043981572,-48.08342021394398,2026-02,2026,m4pC82ytJiFKE2A4xCUsQQ,341.05026895578425,© Google,OK,4_5,169679.57850752553,8247923.506149851,1eeef662607133f9502ad6b2c4c1354bba07da83,cardinal,4,3,270_deg_west,cardinal,270,0,90,640,640,7,batch_0007,516,datasets/df_2024_proportional/batch_0007/images/1eeef662607133f9502ad6b2c4c1354bba07da83.jpg,https://raw.githubusercontent.com/GUIA-DD/dataset-streetview/main/datasets/df_2024_proportional/batch_0007/images/1eeef662607133f9502ad6b2c4c1354bba07da83.jpg,True,downloaded,
91fc292a5c4d8a974782d9e1babc6f9d65fc6ee0,d0bd6e97e3e23a391a326c238ce4bdf66b57a94b,-15.896237450147511,-48.04748569992994,-15.8962471979276,-48.04752781069116,2025-06,2025,VTgfGcfdzhIkFMOKD4PhKA,70.4820197363604,© Google,OK,4_3,173645.28461602287,8240163.387656616,97d13c1d8b44e18e69ee820e1e71f86b3cdc3712,cardinal,4,0,0_deg_north,cardinal,0,0,90,640,640,7,batch_0007,517,datasets/df_2024_proportional/batch_0007/images/97d13c1d8b44e18e69ee820e1e71f86b3cdc3712.jpg,https://raw.githubusercontent.com/GUIA-DD/dataset-streetview/main/datasets/df_2024_proportional/batch_0007/images/97d13c1d8b44e18e69ee820e1e71f86b3cdc3712.jpg,True,downloaded,
91fc292a5c4d8a974782d9e1babc6f9d65fc6ee0,d0bd6e97e3e23a391a326c238ce4bdf66b57a94b,-15.896237450147511,-48.04748569992994,-15.8962471979276,-48.04752781069116,2025-06,2025,VTgfGcfdzhIkFMOKD4PhKA,70.4820197363604,© Google,OK,4_3,173645.28461602287,8240163.387656616,93f3574ac056eb9aa068753aac8b5cf99c751eca,cardinal,4,1,90_deg_east,cardinal,90,0,90,640,640,7,batch_0007,518,datasets/df_2024_proportional/batch_0007/images/93f3574ac056eb9aa068753aac8b5cf99c751eca.jpg,https://raw.githubusercontent.com/GUIA-DD/dataset-streetview/main/datasets/df_2024_proportional/batch_0007/images/93f3574ac056eb9aa068753aac8b5cf99c751eca.jpg,True,downloaded,
91fc292a5c4d8a974782d9e1babc6f9d65fc6ee0,d0bd6e97e3e23a391a326c238ce4bdf66b57a94b,-15.896237450147511,-48.04748569992994,-15.8962471979276,-48.04752781069116,2025-06,2025,VTgfGcfdzhIkFMOKD4PhKA,70.4820197363604,© Google,OK,4_3,173645.28461602287,8240163.387656616,d389ae507dfb9e5d399c1852086a6d50781cf7f0,cardinal,4,2,180_deg_south,cardinal,180,0,90,640,640,7,batch_0007,519,datasets/df_2024_proportional/batch_0007/images/d389ae507dfb9e5d399c1852086a6d50781cf7f0.jpg,https://raw.githubusercontent.com/GUIA-DD/dataset-streetview/main/datasets/df_2024_proportional/batch_0007/images/d389ae507dfb9e5d399c1852086a6d50781cf7f0.jpg,True,downloaded,
91fc292a5c4d8a974782d9e1babc6f9d65fc6ee0,d0bd6e97e3e23a391a326c238ce4bdf66b57a94b,-15.896237450147511,-48.04748569992994,-15.8962471979276,-48.04752781069116,2025-06,2025,VTgfGcfdzhIkFMOKD4PhKA,70.4820197363604,© Google,OK,4_3,173645.28461602287,8240163.387656616,e850cc98d1e36b81192f4fcf51cf209a9406a0c4,cardinal,4,3,270_deg_west,cardinal,270,0,90,640,640,7,batch_0007,520,datasets/df_2024_proportional/batch_0007/images/e850cc98d1e36b81192f4fcf51cf209a9406a0c4.jpg,https://raw.githubusercontent.com/GUIA-DD/dataset-streetview/main/datasets/df_2024_proportional/batch_0007/images/e850cc98d1e36b81192f4fcf51cf209a9406a0c4.jpg,True,downloaded,
927dab99a1f18a10f3ec52ed6e2ab74a148c9d1e,c6f3d9d6335a02d267cf1ee2d9502629db3aa52f,-15.864510300007664,-48.076106650100506,-15.86449248786808,-48.07615602133674,2025-06,2025,VbPuSiL1y7bRu2HEnZyzkQ,154.27355687691824,© Google,OK,4_4,170526.0918697077,8243632.221076639,6e581a61c92f6aa0630bd4da885e9312ac6c423f,cardinal,4,0,0_deg_north,cardinal,0,0,90,640,640,7,batch_0007,521,datasets/df_2024_proportional/batch_0007/images/6e581a61c92f6aa0630bd4da885e9312ac6c423f.jpg,https://raw.githubusercontent.com/GUIA-DD/dataset-streetview/main/datasets/df_2024_proportional/batch_0007/images/6e581a61c92f6aa0630bd4da885e9312ac6c423f.jpg,True,downloaded,
927dab99a1f18a10f3ec52ed6e2ab74a148c9d1e,c6f3d9d6335a02d267cf1ee2d9502629db3aa52f,-15.864510300007664,-48.076106650100506,-15.86449248786808,-48.07615602133674,2025-06,2025,VbPuSiL1y7bRu2HEnZyzkQ,154.27355687691824,© Google,OK,4_4,170526.0918697077,8243632.221076639,9fbb79686f16820ccd3efb3dd4c09f81e0a075c5,cardinal,4,1,90_deg_east,cardinal,90,0,90,640,640,7,batch_0007,522,datasets/df_2024_proportional/batch_0007/images/9fbb79686f16820ccd3efb3dd4c09f81e0a075c5.jpg,https://raw.githubusercontent.com/GUIA-DD/dataset-streetview/main/datasets/df_2024_proportional/batch_0007/images/9fbb79686f16820ccd3efb3dd4c09f81e0a075c5.jpg,True,downloaded,
927dab99a1f18a10f3ec52ed6e2ab74a148c9d1e,c6f3d9d6335a02d267cf1ee2d9502629db3aa52f,-15.864510300007664,-48.076106650100506,-15.86449248786808,-48.07615602133674,2025-06,2025,VbPuSiL1y7bRu2HEnZyzkQ,154.27355687691824,© Google,OK,4_4,170526.0918697077,8243632.221076639,a0e2e3291063ab3ea9b064d0aed8da03c1cc1564,cardinal,4,2,180_deg_south,cardinal,180,0,90,640,640,7,batch_0007,523,datasets/df_2024_proportional/batch_0007/images/a0e2e3291063ab3ea9b064d0aed8da03c1cc1564.jpg,https://raw.githubusercontent.com/GUIA-DD/dataset-streetview/main/datasets/df_2024_proportional/batch_0007/images/a0e2e3291063ab3ea9b064d0aed8da03c1cc1564.jpg,True,downloaded,
927dab99a1f18a10f3ec52ed6e2ab74a148c9d1e,c6f3d9d6335a02d267cf1ee2d9502629db3aa52f,-15.864510300007664,-48.076106650100506,-15.86449248786808,-48.07615602133674,2025-06,2025,VbPuSiL1y7bRu2HEnZyzkQ,154.27355687691824,© Google,OK,4_4,170526.0918697077,8243632.221076639,af441ab424256389e33cb7ce0e55cd7c2f99f4b5,cardinal,4,3,270_deg_west,cardinal,270,0,90,640,640,7,batch_0007,524,datasets/df_2024_proportional/batch_0007/images/af441ab424256389e33cb7ce0e55cd7c2f99f4b5.jpg,https://raw.githubusercontent.com/GUIA-DD/dataset-streetview/main/datasets/df_2024_proportional/batch_0007/images/af441ab424256389e33cb7ce0e55cd7c2f99f4b5.jpg,True,downloaded,
9296ee6fcf7bd3ba295f60dbd61d54e02e5e3f0b,ae162c9fe4a12d3a0c7ac872591168a149100181,-15.74142375003935,-47.856520199858544,-15.74140799515256,-47.85652783632374,2024-05,2024,3jnCSTV-KDiUYGRhtAkdvw,16.936432579429983,© Google,OK,8_7,193877.5664848536,8257595.048610077,7acf08c46aaacb2ca84915e42bb37868238842f2,cardinal,4,0,0_deg_north,cardinal,0,0,90,640,640,7,batch_0007,525,datasets/df_2024_proportional/batch_0007/images/7acf08c46aaacb2ca84915e42bb37868238842f2.jpg,https://raw.githubusercontent.com/GUIA-DD/dataset-streetview/main/datasets/df_2024_proportional/batch_0007/images/7acf08c46aaacb2ca84915e42bb37868238842f2.jpg,True,downloaded,
9296ee6fcf7bd3ba295f60dbd61d54e02e5e3f0b,ae162c9fe4a12d3a0c7ac872591168a149100181,-15.74142375003935,-47.856520199858544,-15.74140799515256,-47.85652783632374,2024-05,2024,3jnCSTV-KDiUYGRhtAkdvw,16.936432579429983,© Google,OK,8_7,193877.5664848536,8257595.048610077,fc4038bd50241cc5b4a6f978d8ee0dab88d0c48f,cardinal,4,1,90_deg_east,cardinal,90,0,90,640,640,7,batch_0007,526,datasets/df_2024_proportional/batch_0007/images/fc4038bd50241cc5b4a6f978d8ee0dab88d0c48f.jpg,https://raw.githubusercontent.com/GUIA-DD/dataset-streetview/main/datasets/df_2024_proportional/batch_0007/images/fc4038bd50241cc5b4a6f978d8ee0dab88d0c48f.jpg,True,downloaded,
9296ee6fcf7bd3ba295f60dbd61d54e02e5e3f0b,ae162c9fe4a12d3a0c7ac872591168a149100181,-15.74142375003935,-47.856520199858544,-15.74140799515256,-47.85652783632374,2024-05,2024,3jnCSTV-KDiUYGRhtAkdvw,16.936432579429983,© Google,OK,8_7,193877.5664848536,8257595.048610077,0c1bbf1fe7354ce72c2cf2718524f2bcb7123c79,cardinal,4,2,180_deg_south,cardinal,180,0,90,640,640,7,batch_0007,527,datasets/df_2024_proportional/batch_0007/images/0c1bbf1fe7354ce72c2cf2718524f2bcb7123c79.jpg,https://raw.githubusercontent.com/GUIA-DD/dataset-streetview/main/datasets/df_2024_proportional/batch_0007/images/0c1bbf1fe7354ce72c2cf2718524f2bcb7123c79.jpg,True,downloaded,
9296ee6fcf7bd3ba295f60dbd61d54e02e5e3f0b,ae162c9fe4a12d3a0c7ac872591168a149100181,-15.74142375003935,-47.856520199858544,-15.74140799515256,-47.85652783632374,2024-05,2024,3jnCSTV-KDiUYGRhtAkdvw,16.936432579429983,© Google,OK,8_7,193877.5664848536,8257595.048610077,b58f29b707841f2fbea2469b73da759e78d759aa,cardinal,4,3,270_deg_west,cardinal,270,0,90,640,640,7,batch_0007,528,datasets/df_2024_proportional/batch_0007/images/b58f29b707841f2fbea2469b73da759e78d759aa.jpg,https://raw.githubusercontent.com/GUIA-DD/dataset-streetview/main/datasets/df_2024_proportional/batch_0007/images/b58f29b707841f2fbea2469b73da759e78d759aa.jpg,True,downloaded,
92a3a5c917412f4f1f921262d41acd202fb7c625,d50bcf800aa1d628bec2313b7d987f97f3af99de,-15.859541850003051,-48.08346130001603,-15.85950267037418,-48.08348683882569,2025-06,2025,W85RKReWBEsTBtwE-T-e0Q,143.66523088540916,© Google,OK,4_4,169729.60147163738,8244170.882530194,d6968e1b11bb9a81161bb5c55d07f7cb9c30d96a,cardinal,4,0,0_deg_north,cardinal,0,0,90,640,640,7,batch_0007,529,datasets/df_2024_proportional/batch_0007/images/d6968e1b11bb9a81161bb5c55d07f7cb9c30d96a.jpg,https://raw.githubusercontent.com/GUIA-DD/dataset-streetview/main/datasets/df_2024_proportional/batch_0007/images/d6968e1b11bb9a81161bb5c55d07f7cb9c30d96a.jpg,True,downloaded,
92a3a5c917412f4f1f921262d41acd202fb7c625,d50bcf800aa1d628bec2313b7d987f97f3af99de,-15.859541850003051,-48.08346130001603,-15.85950267037418,-48.08348683882569,2025-06,2025,W85RKReWBEsTBtwE-T-e0Q,143.66523088540916,© Google,OK,4_4,169729.60147163738,8244170.882530194,e2ccc6e5053f4a7def919c56592639994d20a56f,cardinal,4,1,90_deg_east,cardinal,90,0,90,640,640,7,batch_0007,530,datasets/df_2024_proportional/batch_0007/images/e2ccc6e5053f4a7def919c56592639994d20a56f.jpg,https://raw.githubusercontent.com/GUIA-DD/dataset-streetview/main/datasets/df_2024_proportional/batch_0007/images/e2ccc6e5053f4a7def919c56592639994d20a56f.jpg,True,downloaded,
92a3a5c917412f4f1f921262d41acd202fb7c625,d50bcf800aa1d628bec2313b7d987f97f3af99de,-15.859541850003051,-48.08346130001603,-15.85950267037418,-48.08348683882569,2025-06,2025,W85RKReWBEsTBtwE-T-e0Q,143.66523088540916,© Google,OK,4_4,169729.60147163738,8244170.882530194,5349338e9509a1d8061c37eb9219494b0ed17103,cardinal,4,2,180_deg_south,cardinal,180,0,90,640,640,7,batch_0007,531,datasets/df_2024_proportional/batch_0007/images/5349338e9509a1d8061c37eb9219494b0ed17103.jpg,https://raw.githubusercontent.com/GUIA-DD/dataset-streetview/main/datasets/df_2024_proportional/batch_0007/images/5349338e9509a1d8061c37eb9219494b0ed17103.jpg,True,downloaded,
92a3a5c917412f4f1f921262d41acd202fb7c625,d50bcf800aa1d628bec2313b7d987f97f3af99de,-15.859541850003051,-48.08346130001603,-15.85950267037418,-48.08348683882569,2025-06,2025,W85RKReWBEsTBtwE-T-e0Q,143.66523088540916,© Google,OK,4_4,169729.60147163738,8244170.882530194,29dd90671f2466e648503a783ea61f3313e00ee5,cardinal,4,3,270_deg_west,cardinal,270,0,90,640,640,7,batch_0007,532,datasets/df_2024_proportional/batch_0007/images/29dd90671f2466e648503a783ea61f3313e00ee5.jpg,https://raw.githubusercontent.com/GUIA-DD/dataset-streetview/main/datasets/df_2024_proportional/batch_0007/images/29dd90671f2466e648503a783ea61f3313e00ee5.jpg,True,downloaded,
9595d8494307407ec8e3f7f28a9fb8e6b1fda637,59888479ba3a8210bdad8386b8e2947fda702d70,-15.927451046123537,-47.75682372736767,-15.92746787348387,-47.75683534079557,2025-01,2025,NQmlRn46fE3UNLmOKLhyfw,341.842717679066,© Google,OK,11_2,204839.50092973723,8237139.836423192,7906d76a5d761abc22ba333ed3542cfc29be7225,cardinal,4,0,0_deg_north,cardinal,0,0,90,640,640,7,batch_0007,533,datasets/df_2024_proportional/batch_0007/images/7906d76a5d761abc22ba333ed3542cfc29be7225.jpg,https://raw.githubusercontent.com/GUIA-DD/dataset-streetview/main/datasets/df_2024_proportional/batch_0007/images/7906d76a5d761abc22ba333ed3542cfc29be7225.jpg,True,downloaded,
9595d8494307407ec8e3f7f28a9fb8e6b1fda637,59888479ba3a8210bdad8386b8e2947fda702d70,-15.927451046123537,-47.75682372736767,-15.92746787348387,-47.75683534079557,2025-01,2025,NQmlRn46fE3UNLmOKLhyfw,341.842717679066,© Google,OK,11_2,204839.50092973723,8237139.836423192,dfb3e92be09c502a1e2adc4c49f9dff1cdebb8cb,cardinal,4,1,90_deg_east,cardinal,90,0,90,640,640,7,batch_0007,534,datasets/df_2024_proportional/batch_0007/images/dfb3e92be09c502a1e2adc4c49f9dff1cdebb8cb.jpg,https://raw.githubusercontent.com/GUIA-DD/dataset-streetview/main/datasets/df_2024_proportional/batch_0007/images/dfb3e92be09c502a1e2adc4c49f9dff1cdebb8cb.jpg,True,downloaded,
9595d8494307407ec8e3f7f28a9fb8e6b1fda637,59888479ba3a8210bdad8386b8e2947fda702d70,-15.927451046123537,-47.75682372736767,-15.92746787348387,-47.75683534079557,2025-01,2025,NQmlRn46fE3UNLmOKLhyfw,341.842717679066,© Google,OK,11_2,204839.50092973723,8237139.836423192,2ccc513304a36941ea3cd29542b14ffb06c63d67,cardinal,4,2,180_deg_south,cardinal,180,0,90,640,640,7,batch_0007,535,datasets/df_2024_proportional/batch_0007/images/2ccc513304a36941ea3cd29542b14ffb06c63d67.jpg,https://raw.githubusercontent.com/GUIA-DD/dataset-streetview/main/datasets/df_2024_proportional/batch_0007/images/2ccc513304a36941ea3cd29542b14ffb06c63d67.jpg,True,downloaded,
9595d8494307407ec8e3f7f28a9fb8e6b1fda637,59888479ba3a8210bdad8386b8e2947fda702d70,-15.927451046123537,-47.75682372736767,-15.92746787348387,-47.75683534079557,2025-01,2025,NQmlRn46fE3UNLmOKLhyfw,341.842717679066,© Google,OK,11_2,204839.50092973723,8237139.836423192,03d6c89534e7546af1458a859c3c96e28272e701,cardinal,4,3,270_deg_west,cardinal,270,0,90,640,640,7,batch_0007,536,datasets/df_2024_proportional/batch_0007/images/03d6c89534e7546af1458a859c3c96e28272e701.jpg,https://raw.githubusercontent.com/GUIA-DD/dataset-streetview/main/datasets/df_2024_proportional/batch_0007/images/03d6c89534e7546af1458a859c3c96e28272e701.jpg,True,downloaded,
960efcacc22e1110eca9f88bac220c81290c0f02,44f7574695713cfcad8a4f9519d19d78c6c20d47,-15.886889800085209,-48.10266589994555,-15.88689757692359,-48.10268890747249,2025-06,2025,6sghecSbx0G-5va4f5Jc6Q,245.6835901485229,© Google,OK,3_3,167715.778626553,8241111.637557473,cf3b91c14210b4a5bc689c41c5c3f2b72eb6b199,cardinal,4,0,0_deg_north,cardinal,0,0,90,640,640,7,batch_0007,537,datasets/df_2024_proportional/batch_0007/images/cf3b91c14210b4a5bc689c41c5c3f2b72eb6b199.jpg,https://raw.githubusercontent.com/GUIA-DD/dataset-streetview/main/datasets/df_2024_proportional/batch_0007/images/cf3b91c14210b4a5bc689c41c5c3f2b72eb6b199.jpg,True,downloaded,
960efcacc22e1110eca9f88bac220c81290c0f02,44f7574695713cfcad8a4f9519d19d78c6c20d47,-15.886889800085209,-48.10266589994555,-15.88689757692359,-48.10268890747249,2025-06,2025,6sghecSbx0G-5va4f5Jc6Q,245.6835901485229,© Google,OK,3_3,167715.778626553,8241111.637557473,653da4dba4b31e0a0057deead643d794fa115cd0,cardinal,4,1,90_deg_east,cardinal,90,0,90,640,640,7,batch_0007,538,datasets/df_2024_proportional/batch_0007/images/653da4dba4b31e0a0057deead643d794fa115cd0.jpg,https://raw.githubusercontent.com/GUIA-DD/dataset-streetview/main/datasets/df_2024_proportional/batch_0007/images/653da4dba4b31e0a0057deead643d794fa115cd0.jpg,True,downloaded,
960efcacc22e1110eca9f88bac220c81290c0f02,44f7574695713cfcad8a4f9519d19d78c6c20d47,-15.886889800085209,-48.10266589994555,-15.88689757692359,-48.10268890747249,2025-06,2025,6sghecSbx0G-5va4f5Jc6Q,245.6835901485229,© Google,OK,3_3,167715.778626553,8241111.637557473,9a6d73190f9939940032f799b4debedabb78c8d6,cardinal,4,2,180_deg_south,cardinal,180,0,90,640,640,7,batch_0007,539,datasets/df_2024_proportional/batch_0007/images/9a6d73190f9939940032f799b4debedabb78c8d6.jpg,https://raw.githubusercontent.com/GUIA-DD/dataset-streetview/main/datasets/df_2024_proportional/batch_0007/images/9a6d73190f9939940032f799b4debedabb78c8d6.jpg,True,downloaded,
960efcacc22e1110eca9f88bac220c81290c0f02,44f7574695713cfcad8a4f9519d19d78c6c20d47,-15.886889800085209,-48.10266589994555,-15.88689757692359,-48.10268890747249,2025-06,2025,6sghecSbx0G-5va4f5Jc6Q,245.6835901485229,© Google,OK,3_3,167715.778626553,8241111.637557473,72cddd9d90d9851bf9c0fb31be96d4c2ded49331,cardinal,4,3,270_deg_west,cardinal,270,0,90,640,640,7,batch_0007,540,datasets/df_2024_proportional/batch_0007/images/72cddd9d90d9851bf9c0fb31be96d4c2ded49331.jpg,https://raw.githubusercontent.com/GUIA-DD/dataset-streetview/main/datasets/df_2024_proportional/batch_0007/images/72cddd9d90d9851bf9c0fb31be96d4c2ded49331.jpg,True,downloaded,
9675c56770998d49f1bdf4c4f02abd874de4014b,5966f334e41363e9f3b6b0398eb285bf9af760ed,-15.815511250406104,-48.09432909982913,-15.81552675950398,-48.09429236328513,2024-07,2024,h-vy5XgVX0iW_aLZ_14rug,71.9052420693015,© Google,OK,3_5,168492.63596835005,8249030.1386644,8bd936176fa46e14c30241e11aa92b56716ba4ab,cardinal,4,0,0_deg_north,cardinal,0,0,90,640,640,7,batch_0007,541,datasets/df_2024_proportional/batch_0007/images/8bd936176fa46e14c30241e11aa92b56716ba4ab.jpg,https://raw.githubusercontent.com/GUIA-DD/dataset-streetview/main/datasets/df_2024_proportional/batch_0007/images/8bd936176fa46e14c30241e11aa92b56716ba4ab.jpg,True,downloaded,
9675c56770998d49f1bdf4c4f02abd874de4014b,5966f334e41363e9f3b6b0398eb285bf9af760ed,-15.815511250406104,-48.09432909982913,-15.81552675950398,-48.09429236328513,2024-07,2024,h-vy5XgVX0iW_aLZ_14rug,71.9052420693015,© Google,OK,3_5,168492.63596835005,8249030.1386644,47556a23ca3138b3ff50a0f659041b03fb015e67,cardinal,4,1,90_deg_east,cardinal,90,0,90,640,640,7,batch_0007,542,datasets/df_2024_proportional/batch_0007/images/47556a23ca3138b3ff50a0f659041b03fb015e67.jpg,https://raw.githubusercontent.com/GUIA-DD/dataset-streetview/main/datasets/df_2024_proportional/batch_0007/images/47556a23ca3138b3ff50a0f659041b03fb015e67.jpg,True,downloaded,
9675c56770998d49f1bdf4c4f02abd874de4014b,5966f334e41363e9f3b6b0398eb285bf9af760ed,-15.815511250406104,-48.09432909982913,-15.81552675950398,-48.09429236328513,2024-07,2024,h-vy5XgVX0iW_aLZ_14rug,71.9052420693015,© Google,OK,3_5,168492.63596835005,8249030.1386644,2b2141167a2162154984504a9ad4492f7a48ffd9,cardinal,4,2,180_deg_south,cardinal,180,0,90,640,640,7,batch_0007,543,datasets/df_2024_proportional/batch_0007/images/2b2141167a2162154984504a9ad4492f7a48ffd9.jpg,https://raw.githubusercontent.com/GUIA-DD/dataset-streetview/main/datasets/df_2024_proportional/batch_0007/images/2b2141167a2162154984504a9ad4492f7a48ffd9.jpg,True,downloaded,
9675c56770998d49f1bdf4c4f02abd874de4014b,5966f334e41363e9f3b6b0398eb285bf9af760ed,-15.815511250406104,-48.09432909982913,-15.81552675950398,-48.09429236328513,2024-07,2024,h-vy5XgVX0iW_aLZ_14rug,71.9052420693015,© Google,OK,3_5,168492.63596835005,8249030.1386644,05ce541c6ee44cf0f8770549845e96b9c3e6860f,cardinal,4,3,270_deg_west,cardinal,270,0,90,640,640,7,batch_0007,544,datasets/df_2024_proportional/batch_0007/images/05ce541c6ee44cf0f8770549845e96b9c3e6860f.jpg,https://raw.githubusercontent.com/GUIA-DD/dataset-streetview/main/datasets/df_2024_proportional/batch_0007/images/05ce541c6ee44cf0f8770549845e96b9c3e6860f.jpg,True,downloaded,
9747f86abe30f9e85ce1fbf143b434ef999a1d64,d72a92ee9ba1a8f5d0495350a5604e72a1ab659a,-15.663388408299792,-47.80823122057967,-15.66341824443202,-47.80823105481323,2024-07,2024,skAqun8CdecRgXdFOrZLog,333.4204218288871,© Google,OK,10_8,198941.39463630773,8266305.070538535,57262f70db2f9a64ab3a2eaed88eec783c8aa0e5,cardinal,4,0,0_deg_north,cardinal,0,0,90,640,640,7,batch_0007,545,datasets/df_2024_proportional/batch_0007/images/57262f70db2f9a64ab3a2eaed88eec783c8aa0e5.jpg,https://raw.githubusercontent.com/GUIA-DD/dataset-streetview/main/datasets/df_2024_proportional/batch_0007/images/57262f70db2f9a64ab3a2eaed88eec783c8aa0e5.jpg,True,downloaded,
9747f86abe30f9e85ce1fbf143b434ef999a1d64,d72a92ee9ba1a8f5d0495350a5604e72a1ab659a,-15.663388408299792,-47.80823122057967,-15.66341824443202,-47.80823105481323,2024-07,2024,skAqun8CdecRgXdFOrZLog,333.4204218288871,© Google,OK,10_8,198941.39463630773,8266305.070538535,3cd01dbe9dd89a9b4b74770aaf68d4fe1020ef45,cardinal,4,1,90_deg_east,cardinal,90,0,90,640,640,7,batch_0007,546,datasets/df_2024_proportional/batch_0007/images/3cd01dbe9dd89a9b4b74770aaf68d4fe1020ef45.jpg,https://raw.githubusercontent.com/GUIA-DD/dataset-streetview/main/datasets/df_2024_proportional/batch_0007/images/3cd01dbe9dd89a9b4b74770aaf68d4fe1020ef45.jpg,True,downloaded,
9747f86abe30f9e85ce1fbf143b434ef999a1d64,d72a92ee9ba1a8f5d0495350a5604e72a1ab659a,-15.663388408299792,-47.80823122057967,-15.66341824443202,-47.80823105481323,2024-07,2024,skAqun8CdecRgXdFOrZLog,333.4204218288871,© Google,OK,10_8,198941.39463630773,8266305.070538535,b23d283ad05a77eaffca4e263c277687895b64e1,cardinal,4,2,180_deg_south,cardinal,180,0,90,640,640,7,batch_0007,547,datasets/df_2024_proportional/batch_0007/images/b23d283ad05a77eaffca4e263c277687895b64e1.jpg,https://raw.githubusercontent.com/GUIA-DD/dataset-streetview/main/datasets/df_2024_proportional/batch_0007/images/b23d283ad05a77eaffca4e263c277687895b64e1.jpg,True,downloaded,
9747f86abe30f9e85ce1fbf143b434ef999a1d64,d72a92ee9ba1a8f5d0495350a5604e72a1ab659a,-15.663388408299792,-47.80823122057967,-15.66341824443202,-47.80823105481323,2024-07,2024,skAqun8CdecRgXdFOrZLog,333.4204218288871,© Google,OK,10_8,198941.39463630773,8266305.070538535,f31ae11bd3b998e6b661f3fa4065861b0661dba1,cardinal,4,3,270_deg_west,cardinal,270,0,90,640,640,7,batch_0007,548,datasets/df_2024_proportional/batch_0007/images/f31ae11bd3b998e6b661f3fa4065861b0661dba1.jpg,https://raw.githubusercontent.com/GUIA-DD/dataset-streetview/main/datasets/df_2024_proportional/batch_0007/images/f31ae11bd3b998e6b661f3fa4065861b0661dba1.jpg,True,downloaded,
99a3f2824be2fbf32c1005d7c045c0f266b5c0a1,ea92456c669921f8265587f6f87e9187da13a9c6,-15.67124465000648,-48.2021739999602,-15.67122567187292,-48.20217842189348,2024-08,2024,_O6MBtXi82leKB9n8Lh8PA,185.15390965100875,© Google,OK,1_8,156686.0869073649,8264835.792018196,1b15a8baa2c37c7571a06cff653e6c185a4872a2,cardinal,4,0,0_deg_north,cardinal,0,0,90,640,640,7,batch_0007,549,datasets/df_2024_proportional/batch_0007/images/1b15a8baa2c37c7571a06cff653e6c185a4872a2.jpg,https://raw.githubusercontent.com/GUIA-DD/dataset-streetview/main/datasets/df_2024_proportional/batch_0007/images/1b15a8baa2c37c7571a06cff653e6c185a4872a2.jpg,True,downloaded,
99a3f2824be2fbf32c1005d7c045c0f266b5c0a1,ea92456c669921f8265587f6f87e9187da13a9c6,-15.67124465000648,-48.2021739999602,-15.67122567187292,-48.20217842189348,2024-08,2024,_O6MBtXi82leKB9n8Lh8PA,185.15390965100875,© Google,OK,1_8,156686.0869073649,8264835.792018196,deaf0454ddfc3e3887d2817f62e24aa321f731a2,cardinal,4,1,90_deg_east,cardinal,90,0,90,640,640,7,batch_0007,550,datasets/df_2024_proportional/batch_0007/images/deaf0454ddfc3e3887d2817f62e24aa321f731a2.jpg,https://raw.githubusercontent.com/GUIA-DD/dataset-streetview/main/datasets/df_2024_proportional/batch_0007/images/deaf0454ddfc3e3887d2817f62e24aa321f731a2.jpg,True,downloaded,
99a3f2824be2fbf32c1005d7c045c0f266b5c0a1,ea92456c669921f8265587f6f87e9187da13a9c6,-15.67124465000648,-48.2021739999602,-15.67122567187292,-48.20217842189348,2024-08,2024,_O6MBtXi82leKB9n8Lh8PA,185.15390965100875,© Google,OK,1_8,156686.0869073649,8264835.792018196,085469ef989d9c8237b60e24c5018b3d7251d109,cardinal,4,2,180_deg_south,cardinal,180,0,90,640,640,7,batch_0007,551,datasets/df_2024_proportional/batch_0007/images/085469ef989d9c8237b60e24c5018b3d7251d109.jpg,https://raw.githubusercontent.com/GUIA-DD/dataset-streetview/main/datasets/df_2024_proportional/batch_0007/images/085469ef989d9c8237b60e24c5018b3d7251d109.jpg,True,downloaded,
99a3f2824be2fbf32c1005d7c045c0f266b5c0a1,ea92456c669921f8265587f6f87e9187da13a9c6,-15.67124465000648,-48.2021739999602,-15.67122567187292,-48.20217842189348,2024-08,2024,_O6MBtXi82leKB9n8Lh8PA,185.15390965100875,© Google,OK,1_8,156686.0869073649,8264835.792018196,9ec17a6ce6307cfbf0ef2a53cda95add19c5401a,cardinal,4,3,270_deg_west,cardinal,270,0,90,640,640,7,batch_0007,552,datasets/df_2024_proportional/batch_0007/images/9ec17a6ce6307cfbf0ef2a53cda95add19c5401a.jpg,https://raw.githubusercontent.com/GUIA-DD/dataset-streetview/main/datasets/df_2024_proportional/batch_0007/images/9ec17a6ce6307cfbf0ef2a53cda95add19c5401a.jpg,True,downloaded,
9a32974cc05dd860250d05d53c19ab4168aa3f0e,f133d17c095243a54b577e756b283d0ee4a49573,-16.00643606475553,-48.076361602918894,-16.00645623009791,-48.07634602829555,2024-11,2024,FF5FUUi_5Hpit2gF84mgWg,301.23202041210726,© Google,OK,4_1,170730.701179199,8227913.511844066,00f63fdd0b8b6f3a6bedecb276e96fa3871d0125,cardinal,4,0,0_deg_north,cardinal,0,0,90,640,640,7,batch_0007,553,datasets/df_2024_proportional/batch_0007/images/00f63fdd0b8b6f3a6bedecb276e96fa3871d0125.jpg,https://raw.githubusercontent.com/GUIA-DD/dataset-streetview/main/datasets/df_2024_proportional/batch_0007/images/00f63fdd0b8b6f3a6bedecb276e96fa3871d0125.jpg,True,downloaded,
9a32974cc05dd860250d05d53c19ab4168aa3f0e,f133d17c095243a54b577e756b283d0ee4a49573,-16.00643606475553,-48.076361602918894,-16.00645623009791,-48.07634602829555,2024-11,2024,FF5FUUi_5Hpit2gF84mgWg,301.23202041210726,© Google,OK,4_1,170730.701179199,8227913.511844066,64d78c82cd95c2aa6c2802422fc6b443963304d3,cardinal,4,1,90_deg_east,cardinal,90,0,90,640,640,7,batch_0007,554,datasets/df_2024_proportional/batch_0007/images/64d78c82cd95c2aa6c2802422fc6b443963304d3.jpg,https://raw.githubusercontent.com/GUIA-DD/dataset-streetview/main/datasets/df_2024_proportional/batch_0007/images/64d78c82cd95c2aa6c2802422fc6b443963304d3.jpg,True,downloaded,
9a32974cc05dd860250d05d53c19ab4168aa3f0e,f133d17c095243a54b577e756b283d0ee4a49573,-16.00643606475553,-48.076361602918894,-16.00645623009791,-48.07634602829555,2024-11,2024,FF5FUUi_5Hpit2gF84mgWg,301.23202041210726,© Google,OK,4_1,170730.701179199,8227913.511844066,6103d045c0b903c0e7379b45186853fc0e32a8e7,cardinal,4,2,180_deg_south,cardinal,180,0,90,640,640,7,batch_0007,555,datasets/df_2024_proportional/batch_0007/images/6103d045c0b903c0e7379b45186853fc0e32a8e7.jpg,https://raw.githubusercontent.com/GUIA-DD/dataset-streetview/main/datasets/df_2024_proportional/batch_0007/images/6103d045c0b903c0e7379b45186853fc0e32a8e7.jpg,True,downloaded,
9a32974cc05dd860250d05d53c19ab4168aa3f0e,f133d17c095243a54b577e756b283d0ee4a49573,-16.00643606475553,-48.076361602918894,-16.00645623009791,-48.07634602829555,2024-11,2024,FF5FUUi_5Hpit2gF84mgWg,301.23202041210726,© Google,OK,4_1,170730.701179199,8227913.511844066,cf800b0cfec5bb6dcbdfb2f2893e2ce5598b0c61,cardinal,4,3,270_deg_west,cardinal,270,0,90,640,640,7,batch_0007,556,datasets/df_2024_proportional/batch_0007/images/cf800b0cfec5bb6dcbdfb2f2893e2ce5598b0c61.jpg,https://raw.githubusercontent.com/GUIA-DD/dataset-streetview/main/datasets/df_2024_proportional/batch_0007/images/cf800b0cfec5bb6dcbdfb2f2893e2ce5598b0c61.jpg,True,downloaded,
9a4ecd4adcddb3ba5116977ccf4620f7533fb7d1,1c6a1e05ce6fa4ebacd2b5ce1b863db6c8bb8d03,-15.834376500000207,-48.12865565000341,-15.83441462790152,-48.12864963394515,2026-01,2026,XgALQQIERNYb5b-bbn_FSA,155.3997517135931,© Google,OK,3_4,164843.12712053812,8246886.204788036,f4919f41cbdbd38359c4b34282d0191e59e3efc9,cardinal,4,0,0_deg_north,cardinal,0,0,90,640,640,7,batch_0007,557,datasets/df_2024_proportional/batch_0007/images/f4919f41cbdbd38359c4b34282d0191e59e3efc9.jpg,https://raw.githubusercontent.com/GUIA-DD/dataset-streetview/main/datasets/df_2024_proportional/batch_0007/images/f4919f41cbdbd38359c4b34282d0191e59e3efc9.jpg,True,downloaded,
9a4ecd4adcddb3ba5116977ccf4620f7533fb7d1,1c6a1e05ce6fa4ebacd2b5ce1b863db6c8bb8d03,-15.834376500000207,-48.12865565000341,-15.83441462790152,-48.12864963394515,2026-01,2026,XgALQQIERNYb5b-bbn_FSA,155.3997517135931,© Google,OK,3_4,164843.12712053812,8246886.204788036,a328569deff3b052204945da7bd2093b569509ae,cardinal,4,1,90_deg_east,cardinal,90,0,90,640,640,7,batch_0007,558,datasets/df_2024_proportional/batch_0007/images/a328569deff3b052204945da7bd2093b569509ae.jpg,https://raw.githubusercontent.com/GUIA-DD/dataset-streetview/main/datasets/df_2024_proportional/batch_0007/images/a328569deff3b052204945da7bd2093b569509ae.jpg,True,downloaded,
9a4ecd4adcddb3ba5116977ccf4620f7533fb7d1,1c6a1e05ce6fa4ebacd2b5ce1b863db6c8bb8d03,-15.834376500000207,-48.12865565000341,-15.83441462790152,-48.12864963394515,2026-01,2026,XgALQQIERNYb5b-bbn_FSA,155.3997517135931,© Google,OK,3_4,164843.12712053812,8246886.204788036,84ff1ecb56aa8c68ae505ced7fc76235546abbd9,cardinal,4,2,180_deg_south,cardinal,180,0,90,640,640,7,batch_0007,559,datasets/df_2024_proportional/batch_0007/images/84ff1ecb56aa8c68ae505ced7fc76235546abbd9.jpg,https://raw.githubusercontent.com/GUIA-DD/dataset-streetview/main/datasets/df_2024_proportional/batch_0007/images/84ff1ecb56aa8c68ae505ced7fc76235546abbd9.jpg,True,downloaded,
9a4ecd4adcddb3ba5116977ccf4620f7533fb7d1,1c6a1e05ce6fa4ebacd2b5ce1b863db6c8bb8d03,-15.834376500000207,-48.12865565000341,-15.83441462790152,-48.12864963394515,2026-01,2026,XgALQQIERNYb5b-bbn_FSA,155.3997517135931,© Google,OK,3_4,164843.12712053812,8246886.204788036,9d4a8080811901f8d79607223a8336781b903ebf,cardinal,4,3,270_deg_west,cardinal,270,0,90,640,640,7,batch_0007,560,datasets/df_2024_proportional/batch_0007/images/9d4a8080811901f8d79607223a8336781b903ebf.jpg,https://raw.githubusercontent.com/GUIA-DD/dataset-streetview/main/datasets/df_2024_proportional/batch_0007/images/9d4a8080811901f8d79607223a8336781b903ebf.jpg,True,downloaded,
9adc6bf774584969b13f7f948d681f66fb8a77fa,cd2a5b538b699a3d903191542a8ad682fe6b64e7,-15.921633050107758,-48.05551079995304,-15.92161296334714,-48.05549210653344,2025-07,2025,Pr7cJ9ZvlhKNJbwdUUnNfQ,251.597272972818,© Google,OK,4_2,172826.33412426655,8237338.3128108755,39c9de3e8a9d68200e51a06e39da20426787897d,cardinal,4,0,0_deg_north,cardinal,0,0,90,640,640,7,batch_0007,561,datasets/df_2024_proportional/batch_0007/images/39c9de3e8a9d68200e51a06e39da20426787897d.jpg,https://raw.githubusercontent.com/GUIA-DD/dataset-streetview/main/datasets/df_2024_proportional/batch_0007/images/39c9de3e8a9d68200e51a06e39da20426787897d.jpg,True,downloaded,
9adc6bf774584969b13f7f948d681f66fb8a77fa,cd2a5b538b699a3d903191542a8ad682fe6b64e7,-15.921633050107758,-48.05551079995304,-15.92161296334714,-48.05549210653344,2025-07,2025,Pr7cJ9ZvlhKNJbwdUUnNfQ,251.597272972818,© Google,OK,4_2,172826.33412426655,8237338.3128108755,a96903444ab1b64a74575ff5a670ea90e648d29b,cardinal,4,1,90_deg_east,cardinal,90,0,90,640,640,7,batch_0007,562,datasets/df_2024_proportional/batch_0007/images/a96903444ab1b64a74575ff5a670ea90e648d29b.jpg,https://raw.githubusercontent.com/GUIA-DD/dataset-streetview/main/datasets/df_2024_proportional/batch_0007/images/a96903444ab1b64a74575ff5a670ea90e648d29b.jpg,True,downloaded,
9adc6bf774584969b13f7f948d681f66fb8a77fa,cd2a5b538b699a3d903191542a8ad682fe6b64e7,-15.921633050107758,-48.05551079995304,-15.92161296334714,-48.05549210653344,2025-07,2025,Pr7cJ9ZvlhKNJbwdUUnNfQ,251.597272972818,© Google,OK,4_2,172826.33412426655,8237338.3128108755,4a77a5d605f0b4261e8188a55421e63c7fdbdb1b,cardinal,4,2,180_deg_south,cardinal,180,0,90,640,640,7,batch_0007,563,datasets/df_2024_proportional/batch_0007/images/4a77a5d605f0b4261e8188a55421e63c7fdbdb1b.jpg,https://raw.githubusercontent.com/GUIA-DD/dataset-streetview/main/datasets/df_2024_proportional/batch_0007/images/4a77a5d605f0b4261e8188a55421e63c7fdbdb1b.jpg,True,downloaded,
9adc6bf774584969b13f7f948d681f66fb8a77fa,cd2a5b538b699a3d903191542a8ad682fe6b64e7,-15.921633050107758,-48.05551079995304,-15.92161296334714,-48.05549210653344,2025-07,2025,Pr7cJ9ZvlhKNJbwdUUnNfQ,251.597272972818,© Google,OK,4_2,172826.33412426655,8237338.3128108755,4c88aa38aafb7650aa54a0aeb027d29d8bce7279,cardinal,4,3,270_deg_west,cardinal,270,0,90,640,640,7,batch_0007,564,datasets/df_2024_proportional/batch_0007/images/4c88aa38aafb7650aa54a0aeb027d29d8bce7279.jpg,https://raw.githubusercontent.com/GUIA-DD/dataset-streetview/main/datasets/df_2024_proportional/batch_0007/images/4c88aa38aafb7650aa54a0aeb027d29d8bce7279.jpg,True,downloaded,
9c745cd5fd1c240776c689472360be3072d6df23,534353261a65f6a1ee0f91bc5e69a934bce4f10e,-15.905589800000111,-48.05356835009045,-15.90556435161161,-48.05359650988078,2025-07,2025,GrtCETmu-WZ9Z8mLDWUUrA,341.83327428980743,© Google,OK,4_3,173008.50517793547,8239118.11833824,33fc50b80c9b079eb7f684d2fe9a71673c73cab8,cardinal,4,0,0_deg_north,cardinal,0,0,90,640,640,7,batch_0007,565,datasets/df_2024_proportional/batch_0007/images/33fc50b80c9b079eb7f684d2fe9a71673c73cab8.jpg,https://raw.githubusercontent.com/GUIA-DD/dataset-streetview/main/datasets/df_2024_proportional/batch_0007/images/33fc50b80c9b079eb7f684d2fe9a71673c73cab8.jpg,True,downloaded,
9c745cd5fd1c240776c689472360be3072d6df23,534353261a65f6a1ee0f91bc5e69a934bce4f10e,-15.905589800000111,-48.05356835009045,-15.90556435161161,-48.05359650988078,2025-07,2025,GrtCETmu-WZ9Z8mLDWUUrA,341.83327428980743,© Google,OK,4_3,173008.50517793547,8239118.11833824,c8dceb6580fdf1b59342fdd7abf579fb678ca292,cardinal,4,1,90_deg_east,cardinal,90,0,90,640,640,7,batch_0007,566,datasets/df_2024_proportional/batch_0007/images/c8dceb6580fdf1b59342fdd7abf579fb678ca292.jpg,https://raw.githubusercontent.com/GUIA-DD/dataset-streetview/main/datasets/df_2024_proportional/batch_0007/images/c8dceb6580fdf1b59342fdd7abf579fb678ca292.jpg,True,downloaded,
9c745cd5fd1c240776c689472360be3072d6df23,534353261a65f6a1ee0f91bc5e69a934bce4f10e,-15.905589800000111,-48.05356835009045,-15.90556435161161,-48.05359650988078,2025-07,2025,GrtCETmu-WZ9Z8mLDWUUrA,341.83327428980743,© Google,OK,4_3,173008.50517793547,8239118.11833824,f6b41593b34de54ab679fa739fb4493e857ce5f1,cardinal,4,2,180_deg_south,cardinal,180,0,90,640,640,7,batch_0007,567,datasets/df_2024_proportional/batch_0007/images/f6b41593b34de54ab679fa739fb4493e857ce5f1.jpg,https://raw.githubusercontent.com/GUIA-DD/dataset-streetview/main/datasets/df_2024_proportional/batch_0007/images/f6b41593b34de54ab679fa739fb4493e857ce5f1.jpg,True,downloaded,
9c745cd5fd1c240776c689472360be3072d6df23,534353261a65f6a1ee0f91bc5e69a934bce4f10e,-15.905589800000111,-48.05356835009045,-15.90556435161161,-48.05359650988078,2025-07,2025,GrtCETmu-WZ9Z8mLDWUUrA,341.83327428980743,© Google,OK,4_3,173008.50517793547,8239118.11833824,643e9e7e7001a14fc76a009f24096774cfebc5a3,cardinal,4,3,270_deg_west,cardinal,270,0,90,640,640,7,batch_0007,568,datasets/df_2024_proportional/batch_0007/images/643e9e7e7001a14fc76a009f24096774cfebc5a3.jpg,https://raw.githubusercontent.com/GUIA-DD/dataset-streetview/main/datasets/df_2024_proportional/batch_0007/images/643e9e7e7001a14fc76a009f24096774cfebc5a3.jpg,True,downloaded,
9cb7be53c6da934c62a4ea586f4e3acccb5c1fdf,b0afbf7679e6a0edc98d8c4839d8048414946a22,-15.881001350002805,-48.01900325006219,-15.88101007611398,-48.01900200338444,2024-06,2024,LOdnyjxLx0dPhSuMKUVdhw,337.7572350288827,© Google,OK,5_3,176673.53071129514,8241895.011963049,129485a42f3a04bd00c9a8a706915ee9a6b04378,cardinal,4,0,0_deg_north,cardinal,0,0,90,640,640,7,batch_0007,569,datasets/df_2024_proportional/batch_0007/images/129485a42f3a04bd00c9a8a706915ee9a6b04378.jpg,https://raw.githubusercontent.com/GUIA-DD/dataset-streetview/main/datasets/df_2024_proportional/batch_0007/images/129485a42f3a04bd00c9a8a706915ee9a6b04378.jpg,True,downloaded,
9cb7be53c6da934c62a4ea586f4e3acccb5c1fdf,b0afbf7679e6a0edc98d8c4839d8048414946a22,-15.881001350002805,-48.01900325006219,-15.88101007611398,-48.01900200338444,2024-06,2024,LOdnyjxLx0dPhSuMKUVdhw,337.7572350288827,© Google,OK,5_3,176673.53071129514,8241895.011963049,a2f1d7f32e552faca6137f5e0b24a098ab8fc11d,cardinal,4,1,90_deg_east,cardinal,90,0,90,640,640,7,batch_0007,570,datasets/df_2024_proportional/batch_0007/images/a2f1d7f32e552faca6137f5e0b24a098ab8fc11d.jpg,https://raw.githubusercontent.com/GUIA-DD/dataset-streetview/main/datasets/df_2024_proportional/batch_0007/images/a2f1d7f32e552faca6137f5e0b24a098ab8fc11d.jpg,True,downloaded,
9cb7be53c6da934c62a4ea586f4e3acccb5c1fdf,b0afbf7679e6a0edc98d8c4839d8048414946a22,-15.881001350002805,-48.01900325006219,-15.88101007611398,-48.01900200338444,2024-06,2024,LOdnyjxLx0dPhSuMKUVdhw,337.7572350288827,© Google,OK,5_3,176673.53071129514,8241895.011963049,5e2ff11d022d3f4e683b1ce7d9924f9ee0d7b5fe,cardinal,4,2,180_deg_south,cardinal,180,0,90,640,640,7,batch_0007,571,datasets/df_2024_proportional/batch_0007/images/5e2ff11d022d3f4e683b1ce7d9924f9ee0d7b5fe.jpg,https://raw.githubusercontent.com/GUIA-DD/dataset-streetview/main/datasets/df_2024_proportional/batch_0007/images/5e2ff11d022d3f4e683b1ce7d9924f9ee0d7b5fe.jpg,True,downloaded,
9cb7be53c6da934c62a4ea586f4e3acccb5c1fdf,b0afbf7679e6a0edc98d8c4839d8048414946a22,-15.881001350002805,-48.01900325006219,-15.88101007611398,-48.01900200338444,2024-06,2024,LOdnyjxLx0dPhSuMKUVdhw,337.7572350288827,© Google,OK,5_3,176673.53071129514,8241895.011963049,7c91baa2c5339b814d4c34afafdd18c68270ee62,cardinal,4,3,270_deg_west,cardinal,270,0,90,640,640,7,batch_0007,572,datasets/df_2024_proportional/batch_0007/images/7c91baa2c5339b814d4c34afafdd18c68270ee62.jpg,https://raw.githubusercontent.com/GUIA-DD/dataset-streetview/main/datasets/df_2024_proportional/batch_0007/images/7c91baa2c5339b814d4c34afafdd18c68270ee62.jpg,True,downloaded,
9e60d1f57b0d25b6fef01dfc74d6aebd1c5b9461,1e5ce611d8a907d765b8bfa28ff3fcd8d770b707,-15.85437580118603,-47.88206240281576,-15.85440313521532,-47.88202633500627,2024-12,2024,gG727toP-zPuu5dN2xd4Qw,128.31193917952598,© Google,OK,8_4,191309.75931089383,8245050.343455646,8cc7cb5593c891d57cb9ab3eb19a6a6e162017f7,cardinal,4,0,0_deg_north,cardinal,0,0,90,640,640,7,batch_0007,573,datasets/df_2024_proportional/batch_0007/images/8cc7cb5593c891d57cb9ab3eb19a6a6e162017f7.jpg,https://raw.githubusercontent.com/GUIA-DD/dataset-streetview/main/datasets/df_2024_proportional/batch_0007/images/8cc7cb5593c891d57cb9ab3eb19a6a6e162017f7.jpg,True,downloaded,
9e60d1f57b0d25b6fef01dfc74d6aebd1c5b9461,1e5ce611d8a907d765b8bfa28ff3fcd8d770b707,-15.85437580118603,-47.88206240281576,-15.85440313521532,-47.88202633500627,2024-12,2024,gG727toP-zPuu5dN2xd4Qw,128.31193917952598,© Google,OK,8_4,191309.75931089383,8245050.343455646,e23288d476553a50ab59568464ffe511fb30516f,cardinal,4,1,90_deg_east,cardinal,90,0,90,640,640,7,batch_0007,574,datasets/df_2024_proportional/batch_0007/images/e23288d476553a50ab59568464ffe511fb30516f.jpg,https://raw.githubusercontent.com/GUIA-DD/dataset-streetview/main/datasets/df_2024_proportional/batch_0007/images/e23288d476553a50ab59568464ffe511fb30516f.jpg,True,downloaded,
9e60d1f57b0d25b6fef01dfc74d6aebd1c5b9461,1e5ce611d8a907d765b8bfa28ff3fcd8d770b707,-15.85437580118603,-47.88206240281576,-15.85440313521532,-47.88202633500627,2024-12,2024,gG727toP-zPuu5dN2xd4Qw,128.31193917952598,© Google,OK,8_4,191309.75931089383,8245050.343455646,14d02894901e5ba8ae1ac9d334d4b5af5f19e9a5,cardinal,4,2,180_deg_south,cardinal,180,0,90,640,640,7,batch_0007,575,datasets/df_2024_proportional/batch_0007/images/14d02894901e5ba8ae1ac9d334d4b5af5f19e9a5.jpg,https://raw.githubusercontent.com/GUIA-DD/dataset-streetview/main/datasets/df_2024_proportional/batch_0007/images/14d02894901e5ba8ae1ac9d334d4b5af5f19e9a5.jpg,True,downloaded,
9e60d1f57b0d25b6fef01dfc74d6aebd1c5b9461,1e5ce611d8a907d765b8bfa28ff3fcd8d770b707,-15.85437580118603,-47.88206240281576,-15.85440313521532,-47.88202633500627,2024-12,2024,gG727toP-zPuu5dN2xd4Qw,128.31193917952598,© Google,OK,8_4,191309.75931089383,8245050.343455646,a538d65b4b0aa937fcf9e5d1ee72a710ca728977,cardinal,4,3,270_deg_west,cardinal,270,0,90,640,640,7,batch_0007,576,datasets/df_2024_proportional/batch_0007/images/a538d65b4b0aa937fcf9e5d1ee72a710ca728977.jpg,https://raw.githubusercontent.com/GUIA-DD/dataset-streetview/main/datasets/df_2024_proportional/batch_0007/images/a538d65b4b0aa937fcf9e5d1ee72a710ca728977.jpg,True,downloaded,
9ee8c88de6a99a8037bf9f632fef07b0dcf4ac01,f23c5d0e24f97859642147e3450610dffc0abbb2,-15.82687885076492,-48.08644939967351,-15.82688736238382,-48.0864342393586,2024-07,2024,n_NIxmu4qXZUFg3aLJlZAg,251.75164755054868,© Google,OK,4_5,169356.02790531638,8247783.605991704,1959c04ac5d592f8f787f3e98aec2b3dcbbd2e6c,cardinal,4,0,0_deg_north,cardinal,0,0,90,640,640,7,batch_0007,577,datasets/df_2024_proportional/batch_0007/images/1959c04ac5d592f8f787f3e98aec2b3dcbbd2e6c.jpg,https://raw.githubusercontent.com/GUIA-DD/dataset-streetview/main/datasets/df_2024_proportional/batch_0007/images/1959c04ac5d592f8f787f3e98aec2b3dcbbd2e6c.jpg,True,downloaded,
9ee8c88de6a99a8037bf9f632fef07b0dcf4ac01,f23c5d0e24f97859642147e3450610dffc0abbb2,-15.82687885076492,-48.08644939967351,-15.82688736238382,-48.0864342393586,2024-07,2024,n_NIxmu4qXZUFg3aLJlZAg,251.75164755054868,© Google,OK,4_5,169356.02790531638,8247783.605991704,35578fb4822d0c212b1512cb229ca85ddc4e6a82,cardinal,4,1,90_deg_east,cardinal,90,0,90,640,640,7,batch_0007,578,datasets/df_2024_proportional/batch_0007/images/35578fb4822d0c212b1512cb229ca85ddc4e6a82.jpg,https://raw.githubusercontent.com/GUIA-DD/dataset-streetview/main/datasets/df_2024_proportional/batch_0007/images/35578fb4822d0c212b1512cb229ca85ddc4e6a82.jpg,True,downloaded,
9ee8c88de6a99a8037bf9f632fef07b0dcf4ac01,f23c5d0e24f97859642147e3450610dffc0abbb2,-15.82687885076492,-48.08644939967351,-15.82688736238382,-48.0864342393586,2024-07,2024,n_NIxmu4qXZUFg3aLJlZAg,251.75164755054868,© Google,OK,4_5,169356.02790531638,8247783.605991704,4f8afb2d9d0afe2eceda7dc4786cf5d9ecd761dd,cardinal,4,2,180_deg_south,cardinal,180,0,90,640,640,7,batch_0007,579,datasets/df_2024_proportional/batch_0007/images/4f8afb2d9d0afe2eceda7dc4786cf5d9ecd761dd.jpg,https://raw.githubusercontent.com/GUIA-DD/dataset-streetview/main/datasets/df_2024_proportional/batch_0007/images/4f8afb2d9d0afe2eceda7dc4786cf5d9ecd761dd.jpg,True,downloaded,
9ee8c88de6a99a8037bf9f632fef07b0dcf4ac01,f23c5d0e24f97859642147e3450610dffc0abbb2,-15.82687885076492,-48.08644939967351,-15.82688736238382,-48.0864342393586,2024-07,2024,n_NIxmu4qXZUFg3aLJlZAg,251.75164755054868,© Google,OK,4_5,169356.02790531638,8247783.605991704,a4da8e99a559bd1f237d9256cefeeeec15e073ec,cardinal,4,3,270_deg_west,cardinal,270,0,90,640,640,7,batch_0007,580,datasets/df_2024_proportional/batch_0007/images/a4da8e99a559bd1f237d9256cefeeeec15e073ec.jpg,https://raw.githubusercontent.com/GUIA-DD/dataset-streetview/main/datasets/df_2024_proportional/batch_0007/images/a4da8e99a559bd1f237d9256cefeeeec15e073ec.jpg,True,downloaded,
a0426e888d86862240ec751fec520ce610ff93e3,ccbf32a83b4698d7ff749a5af6ab01f7865b0a63,-15.839691250675592,-48.12063735337989,-15.83971855352508,-48.12062581903581,2024-10,2024,XWzT8XEbquqGSFQcnVJWiA,142.68725444173,© Google,OK,3_4,165711.57341753086,8246310.383183004,cfa431cbf6075ee1d36278f42ad6a3445b7469ce,cardinal,4,0,0_deg_north,cardinal,0,0,90,640,640,7,batch_0007,581,datasets/df_2024_proportional/batch_0007/images/cfa431cbf6075ee1d36278f42ad6a3445b7469ce.jpg,https://raw.githubusercontent.com/GUIA-DD/dataset-streetview/main/datasets/df_2024_proportional/batch_0007/images/cfa431cbf6075ee1d36278f42ad6a3445b7469ce.jpg,True,downloaded,
a0426e888d86862240ec751fec520ce610ff93e3,ccbf32a83b4698d7ff749a5af6ab01f7865b0a63,-15.839691250675592,-48.12063735337989,-15.83971855352508,-48.12062581903581,2024-10,2024,XWzT8XEbquqGSFQcnVJWiA,142.68725444173,© Google,OK,3_4,165711.57341753086,8246310.383183004,b6adf4a7e956e1ab7f63c457b6bc85576dc70440,cardinal,4,1,90_deg_east,cardinal,90,0,90,640,640,7,batch_0007,582,datasets/df_2024_proportional/batch_0007/images/b6adf4a7e956e1ab7f63c457b6bc85576dc70440.jpg,https://raw.githubusercontent.com/GUIA-DD/dataset-streetview/main/datasets/df_2024_proportional/batch_0007/images/b6adf4a7e956e1ab7f63c457b6bc85576dc70440.jpg,True,downloaded,
a0426e888d86862240ec751fec520ce610ff93e3,ccbf32a83b4698d7ff749a5af6ab01f7865b0a63,-15.839691250675592,-48.12063735337989,-15.83971855352508,-48.12062581903581,2024-10,2024,XWzT8XEbquqGSFQcnVJWiA,142.68725444173,© Google,OK,3_4,165711.57341753086,8246310.383183004,491c48fc46d172faa57aadd6c5ee02d14f42b056,cardinal,4,2,180_deg_south,cardinal,180,0,90,640,640,7,batch_0007,583,datasets/df_2024_proportional/batch_0007/images/491c48fc46d172faa57aadd6c5ee02d14f42b056.jpg,https://raw.githubusercontent.com/GUIA-DD/dataset-streetview/main/datasets/df_2024_proportional/batch_0007/images/491c48fc46d172faa57aadd6c5ee02d14f42b056.jpg,True,downloaded,
a0426e888d86862240ec751fec520ce610ff93e3,ccbf32a83b4698d7ff749a5af6ab01f7865b0a63,-15.839691250675592,-48.12063735337989,-15.83971855352508,-48.12062581903581,2024-10,2024,XWzT8XEbquqGSFQcnVJWiA,142.68725444173,© Google,OK,3_4,165711.57341753086,8246310.383183004,f35f175895c6fe40590809e465e600cf439819cd,cardinal,4,3,270_deg_west,cardinal,270,0,90,640,640,7,batch_0007,584,datasets/df_2024_proportional/batch_0007/images/f35f175895c6fe40590809e465e600cf439819cd.jpg,https://raw.githubusercontent.com/GUIA-DD/dataset-streetview/main/datasets/df_2024_proportional/batch_0007/images/f35f175895c6fe40590809e465e600cf439819cd.jpg,True,downloaded,
a08b7efe233287de241e7b04a6906d704e0e338d,a3ab81e88ec1f7d631c8358c2e69c503ed0c2d39,-15.852274999998338,-48.11434035004149,-15.85227968768544,-48.11432087564766,2024-07,2024,1ymTJYI17Psua0SVMUOOnA,344.96603515031484,© Google,OK,3_4,166407.39585657697,8244926.732106541,26ba034eff50d47d3d30bbb3cc1978e44d44c593,cardinal,4,0,0_deg_north,cardinal,0,0,90,640,640,7,batch_0007,585,datasets/df_2024_proportional/batch_0007/images/26ba034eff50d47d3d30bbb3cc1978e44d44c593.jpg,https://raw.githubusercontent.com/GUIA-DD/dataset-streetview/main/datasets/df_2024_proportional/batch_0007/images/26ba034eff50d47d3d30bbb3cc1978e44d44c593.jpg,True,downloaded,
a08b7efe233287de241e7b04a6906d704e0e338d,a3ab81e88ec1f7d631c8358c2e69c503ed0c2d39,-15.852274999998338,-48.11434035004149,-15.85227968768544,-48.11432087564766,2024-07,2024,1ymTJYI17Psua0SVMUOOnA,344.96603515031484,© Google,OK,3_4,166407.39585657697,8244926.732106541,692b59fc0ec2f1ecfc83a3142660c9fabebdbe60,cardinal,4,1,90_deg_east,cardinal,90,0,90,640,640,7,batch_0007,586,datasets/df_2024_proportional/batch_0007/images/692b59fc0ec2f1ecfc83a3142660c9fabebdbe60.jpg,https://raw.githubusercontent.com/GUIA-DD/dataset-streetview/main/datasets/df_2024_proportional/batch_0007/images/692b59fc0ec2f1ecfc83a3142660c9fabebdbe60.jpg,True,downloaded,
a08b7efe233287de241e7b04a6906d704e0e338d,a3ab81e88ec1f7d631c8358c2e69c503ed0c2d39,-15.852274999998338,-48.11434035004149,-15.85227968768544,-48.11432087564766,2024-07,2024,1ymTJYI17Psua0SVMUOOnA,344.96603515031484,© Google,OK,3_4,166407.39585657697,8244926.732106541,6c1fac875f1f22f55530fb89eaa3d7c15439b53b,cardinal,4,2,180_deg_south,cardinal,180,0,90,640,640,7,batch_0007,587,datasets/df_2024_proportional/batch_0007/images/6c1fac875f1f22f55530fb89eaa3d7c15439b53b.jpg,https://raw.githubusercontent.com/GUIA-DD/dataset-streetview/main/datasets/df_2024_proportional/batch_0007/images/6c1fac875f1f22f55530fb89eaa3d7c15439b53b.jpg,True,downloaded,
a08b7efe233287de241e7b04a6906d704e0e338d,a3ab81e88ec1f7d631c8358c2e69c503ed0c2d39,-15.852274999998338,-48.11434035004149,-15.85227968768544,-48.11432087564766,2024-07,2024,1ymTJYI17Psua0SVMUOOnA,344.96603515031484,© Google,OK,3_4,166407.39585657697,8244926.732106541,0bf13ad763003f43ff27629ca1f67646a51adca0,cardinal,4,3,270_deg_west,cardinal,270,0,90,640,640,7,batch_0007,588,datasets/df_2024_proportional/batch_0007/images/0bf13ad763003f43ff27629ca1f67646a51adca0.jpg,https://raw.githubusercontent.com/GUIA-DD/dataset-streetview/main/datasets/df_2024_proportional/batch_0007/images/0bf13ad763003f43ff27629ca1f67646a51adca0.jpg,True,downloaded,
a1aff03e1b666ac609900f41ed9f78300f2db200,3fc07519ad211c75f717b481915b14108f8e58ef,-15.883562058373563,-48.1303772420641,-15.88356051663192,-48.13041753361481,2025-02,2025,sGUyZl8mNj_tAoMewYmibw,263.77628992222907,© Google,OK,3_3,164739.95968914844,8241435.929360219,c9424689c4894e9f104998c2c2b72f42fec2cf22,cardinal,4,0,0_deg_north,cardinal,0,0,90,640,640,7,batch_0007,589,datasets/df_2024_proportional/batch_0007/images/c9424689c4894e9f104998c2c2b72f42fec2cf22.jpg,https://raw.githubusercontent.com/GUIA-DD/dataset-streetview/main/datasets/df_2024_proportional/batch_0007/images/c9424689c4894e9f104998c2c2b72f42fec2cf22.jpg,True,downloaded,
a1aff03e1b666ac609900f41ed9f78300f2db200,3fc07519ad211c75f717b481915b14108f8e58ef,-15.883562058373563,-48.1303772420641,-15.88356051663192,-48.13041753361481,2025-02,2025,sGUyZl8mNj_tAoMewYmibw,263.77628992222907,© Google,OK,3_3,164739.95968914844,8241435.929360219,7ae3353395d018f9e78a8eecccce06b6860a48db,cardinal,4,1,90_deg_east,cardinal,90,0,90,640,640,7,batch_0007,590,datasets/df_2024_proportional/batch_0007/images/7ae3353395d018f9e78a8eecccce06b6860a48db.jpg,https://raw.githubusercontent.com/GUIA-DD/dataset-streetview/main/datasets/df_2024_proportional/batch_0007/images/7ae3353395d018f9e78a8eecccce06b6860a48db.jpg,True,downloaded,
a1aff03e1b666ac609900f41ed9f78300f2db200,3fc07519ad211c75f717b481915b14108f8e58ef,-15.883562058373563,-48.1303772420641,-15.88356051663192,-48.13041753361481,2025-02,2025,sGUyZl8mNj_tAoMewYmibw,263.77628992222907,© Google,OK,3_3,164739.95968914844,8241435.929360219,65d93edbc9d141215559b76d131238924f27c9f8,cardinal,4,2,180_deg_south,cardinal,180,0,90,640,640,7,batch_0007,591,datasets/df_2024_proportional/batch_0007/images/65d93edbc9d141215559b76d131238924f27c9f8.jpg,https://raw.githubusercontent.com/GUIA-DD/dataset-streetview/main/datasets/df_2024_proportional/batch_0007/images/65d93edbc9d141215559b76d131238924f27c9f8.jpg,True,downloaded,
a1aff03e1b666ac609900f41ed9f78300f2db200,3fc07519ad211c75f717b481915b14108f8e58ef,-15.883562058373563,-48.1303772420641,-15.88356051663192,-48.13041753361481,2025-02,2025,sGUyZl8mNj_tAoMewYmibw,263.77628992222907,© Google,OK,3_3,164739.95968914844,8241435.929360219,e13cbb45d8e880aef0b39e7b56bb732f5674f273,cardinal,4,3,270_deg_west,cardinal,270,0,90,640,640,7,batch_0007,592,datasets/df_2024_proportional/batch_0007/images/e13cbb45d8e880aef0b39e7b56bb732f5674f273.jpg,https://raw.githubusercontent.com/GUIA-DD/dataset-streetview/main/datasets/df_2024_proportional/batch_0007/images/e13cbb45d8e880aef0b39e7b56bb732f5674f273.jpg,True,downloaded,
a285b3b6916cbade0b2ae8b6c6325bb233406ca4,bc1364f975378a11bc571b63185e44f898e653ad,-15.886788061618336,-48.10732949883016,-15.88679393987603,-48.10734655990949,2025-06,2025,4K3Ri9fFPHUcfOTkyL1ErA,64.85554023358505,© Google,OK,3_3,167215.73765697502,8241115.482545716,cd45cbd137a3f6b5bb809ff0cca181382b64c7a7,cardinal,4,0,0_deg_north,cardinal,0,0,90,640,640,7,batch_0007,593,datasets/df_2024_proportional/batch_0007/images/cd45cbd137a3f6b5bb809ff0cca181382b64c7a7.jpg,https://raw.githubusercontent.com/GUIA-DD/dataset-streetview/main/datasets/df_2024_proportional/batch_0007/images/cd45cbd137a3f6b5bb809ff0cca181382b64c7a7.jpg,True,downloaded,
a285b3b6916cbade0b2ae8b6c6325bb233406ca4,bc1364f975378a11bc571b63185e44f898e653ad,-15.886788061618336,-48.10732949883016,-15.88679393987603,-48.10734655990949,2025-06,2025,4K3Ri9fFPHUcfOTkyL1ErA,64.85554023358505,© Google,OK,3_3,167215.73765697502,8241115.482545716,7bc7cec62cb7539246582592390648cd81f57eb8,cardinal,4,1,90_deg_east,cardinal,90,0,90,640,640,7,batch_0007,594,datasets/df_2024_proportional/batch_0007/images/7bc7cec62cb7539246582592390648cd81f57eb8.jpg,https://raw.githubusercontent.com/GUIA-DD/dataset-streetview/main/datasets/df_2024_proportional/batch_0007/images/7bc7cec62cb7539246582592390648cd81f57eb8.jpg,True,downloaded,
a285b3b6916cbade0b2ae8b6c6325bb233406ca4,bc1364f975378a11bc571b63185e44f898e653ad,-15.886788061618336,-48.10732949883016,-15.88679393987603,-48.10734655990949,2025-06,2025,4K3Ri9fFPHUcfOTkyL1ErA,64.85554023358505,© Google,OK,3_3,167215.73765697502,8241115.482545716,e2e93eeb5b6141f7cd0fe4c99bb2698f5474a0fe,cardinal,4,2,180_deg_south,cardinal,180,0,90,640,640,7,batch_0007,595,datasets/df_2024_proportional/batch_0007/images/e2e93eeb5b6141f7cd0fe4c99bb2698f5474a0fe.jpg,https://raw.githubusercontent.com/GUIA-DD/dataset-streetview/main/datasets/df_2024_proportional/batch_0007/images/e2e93eeb5b6141f7cd0fe4c99bb2698f5474a0fe.jpg,True,downloaded,
a285b3b6916cbade0b2ae8b6c6325bb233406ca4,bc1364f975378a11bc571b63185e44f898e653ad,-15.886788061618336,-48.10732949883016,-15.88679393987603,-48.10734655990949,2025-06,2025,4K3Ri9fFPHUcfOTkyL1ErA,64.85554023358505,© Google,OK,3_3,167215.73765697502,8241115.482545716,85080e4bd396d4caa948a85c30f24b3ff590ee20,cardinal,4,3,270_deg_west,cardinal,270,0,90,640,640,7,batch_0007,596,datasets/df_2024_proportional/batch_0007/images/85080e4bd396d4caa948a85c30f24b3ff590ee20.jpg,https://raw.githubusercontent.com/GUIA-DD/dataset-streetview/main/datasets/df_2024_proportional/batch_0007/images/85080e4bd396d4caa948a85c30f24b3ff590ee20.jpg,True,downloaded,
a438c1208959df6698fcd5e55ceab77b445479f0,cc375be6b1a54eeacee3f69d0b1472c6454c4753,-15.869295167926948,-48.0669696720758,-15.86931677923935,-48.06696101473232,2025-06,2025,vvQsA4X2R6a3NKR7LWmozw,67.24295485018949,© Google,OK,4_4,171513.29516693277,8243116.669650495,dba1c393719b1f4e54c0195bc2cf7cd335a6a2ca,cardinal,4,0,0_deg_north,cardinal,0,0,90,640,640,7,batch_0007,597,datasets/df_2024_proportional/batch_0007/images/dba1c393719b1f4e54c0195bc2cf7cd335a6a2ca.jpg,https://raw.githubusercontent.com/GUIA-DD/dataset-streetview/main/datasets/df_2024_proportional/batch_0007/images/dba1c393719b1f4e54c0195bc2cf7cd335a6a2ca.jpg,True,downloaded,
a438c1208959df6698fcd5e55ceab77b445479f0,cc375be6b1a54eeacee3f69d0b1472c6454c4753,-15.869295167926948,-48.0669696720758,-15.86931677923935,-48.06696101473232,2025-06,2025,vvQsA4X2R6a3NKR7LWmozw,67.24295485018949,© Google,OK,4_4,171513.29516693277,8243116.669650495,8600fbc488a12ae1aa6d86bee9aea5b03d17468c,cardinal,4,1,90_deg_east,cardinal,90,0,90,640,640,7,batch_0007,598,datasets/df_2024_proportional/batch_0007/images/8600fbc488a12ae1aa6d86bee9aea5b03d17468c.jpg,https://raw.githubusercontent.com/GUIA-DD/dataset-streetview/main/datasets/df_2024_proportional/batch_0007/images/8600fbc488a12ae1aa6d86bee9aea5b03d17468c.jpg,True,downloaded,
a438c1208959df6698fcd5e55ceab77b445479f0,cc375be6b1a54eeacee3f69d0b1472c6454c4753,-15.869295167926948,-48.0669696720758,-15.86931677923935,-48.06696101473232,2025-06,2025,vvQsA4X2R6a3NKR7LWmozw,67.24295485018949,© Google,OK,4_4,171513.29516693277,8243116.669650495,2dcf66fe72fed3131847e2f4d3de5509110efb72,cardinal,4,2,180_deg_south,cardinal,180,0,90,640,640,7,batch_0007,599,datasets/df_2024_proportional/batch_0007/images/2dcf66fe72fed3131847e2f4d3de5509110efb72.jpg,https://raw.githubusercontent.com/GUIA-DD/dataset-streetview/main/datasets/df_2024_proportional/batch_0007/images/2dcf66fe72fed3131847e2f4d3de5509110efb72.jpg,True,downloaded,
a438c1208959df6698fcd5e55ceab77b445479f0,cc375be6b1a54eeacee3f69d0b1472c6454c4753,-15.869295167926948,-48.0669696720758,-15.86931677923935,-48.06696101473232,2025-06,2025,vvQsA4X2R6a3NKR7LWmozw,67.24295485018949,© Google,OK,4_4,171513.29516693277,8243116.669650495,d42714ccaeb501902b5a208a531aecc178d954e0,cardinal,4,3,270_deg_west,cardinal,270,0,90,640,640,7,batch_0007,600,datasets/df_2024_proportional/batch_0007/images/d42714ccaeb501902b5a208a531aecc178d954e0.jpg,https://raw.githubusercontent.com/GUIA-DD/dataset-streetview/main/datasets/df_2024_proportional/batch_0007/images/d42714ccaeb501902b5a208a531aecc178d954e0.jpg,True,downloaded,
a4cff047bc8079108e4f926a009cad255360cb91,923a1d7cf19aae65947f7cd06c014e6d43adae6b,-15.808581699998896,-48.14066905004475,-15.80854581451796,-48.14066598837241,2026-01,2026,Hq3v4NbPnY0KeefWQZdbow,163.36656690798011,© Google,OK,2_5,163512.35044948244,8249723.864551855,69f9a61bd4a279a5434e3ad1c42401f15149891e,cardinal,4,0,0_deg_north,cardinal,0,0,90,640,640,7,batch_0007,601,datasets/df_2024_proportional/batch_0007/images/69f9a61bd4a279a5434e3ad1c42401f15149891e.jpg,https://raw.githubusercontent.com/GUIA-DD/dataset-streetview/main/datasets/df_2024_proportional/batch_0007/images/69f9a61bd4a279a5434e3ad1c42401f15149891e.jpg,True,downloaded,
a4cff047bc8079108e4f926a009cad255360cb91,923a1d7cf19aae65947f7cd06c014e6d43adae6b,-15.808581699998896,-48.14066905004475,-15.80854581451796,-48.14066598837241,2026-01,2026,Hq3v4NbPnY0KeefWQZdbow,163.36656690798011,© Google,OK,2_5,163512.35044948244,8249723.864551855,8f1e8c63215568ce503d9df23c9307bc2a645663,cardinal,4,1,90_deg_east,cardinal,90,0,90,640,640,7,batch_0007,602,datasets/df_2024_proportional/batch_0007/images/8f1e8c63215568ce503d9df23c9307bc2a645663.jpg,https://raw.githubusercontent.com/GUIA-DD/dataset-streetview/main/datasets/df_2024_proportional/batch_0007/images/8f1e8c63215568ce503d9df23c9307bc2a645663.jpg,True,downloaded,
a4cff047bc8079108e4f926a009cad255360cb91,923a1d7cf19aae65947f7cd06c014e6d43adae6b,-15.808581699998896,-48.14066905004475,-15.80854581451796,-48.14066598837241,2026-01,2026,Hq3v4NbPnY0KeefWQZdbow,163.36656690798011,© Google,OK,2_5,163512.35044948244,8249723.864551855,6a319aacedabbab55c9dc9621dd353d4b1638073,cardinal,4,2,180_deg_south,cardinal,180,0,90,640,640,7,batch_0007,603,datasets/df_2024_proportional/batch_0007/images/6a319aacedabbab55c9dc9621dd353d4b1638073.jpg,https://raw.githubusercontent.com/GUIA-DD/dataset-streetview/main/datasets/df_2024_proportional/batch_0007/images/6a319aacedabbab55c9dc9621dd353d4b1638073.jpg,True,downloaded,
a4cff047bc8079108e4f926a009cad255360cb91,923a1d7cf19aae65947f7cd06c014e6d43adae6b,-15.808581699998896,-48.14066905004475,-15.80854581451796,-48.14066598837241,2026-01,2026,Hq3v4NbPnY0KeefWQZdbow,163.36656690798011,© Google,OK,2_5,163512.35044948244,8249723.864551855,11f9f8bf9150bc196273f40a400856948890e021,cardinal,4,3,270_deg_west,cardinal,270,0,90,640,640,7,batch_0007,604,datasets/df_2024_proportional/batch_0007/images/11f9f8bf9150bc196273f40a400856948890e021.jpg,https://raw.githubusercontent.com/GUIA-DD/dataset-streetview/main/datasets/df_2024_proportional/batch_0007/images/11f9f8bf9150bc196273f40a400856948890e021.jpg,True,downloaded,
a554eda9aebb268243765778b48b657fac64ff1f,818c4d09e5386828c4fab550963f86f701e36f4c,-15.82505555000454,-48.065256250232274,-15.82507970439162,-48.06525793410746,2024-08,2024,5PgDAE01r9mNq7CTHmdRdg,159.85520249100625,© Google,OK,4_5,171625.31442697934,8248018.83461863,f4f70a6d780f27755cfabe693b2b269e1886c58d,cardinal,4,0,0_deg_north,cardinal,0,0,90,640,640,7,batch_0007,605,datasets/df_2024_proportional/batch_0007/images/f4f70a6d780f27755cfabe693b2b269e1886c58d.jpg,https://raw.githubusercontent.com/GUIA-DD/dataset-streetview/main/datasets/df_2024_proportional/batch_0007/images/f4f70a6d780f27755cfabe693b2b269e1886c58d.jpg,True,downloaded,
a554eda9aebb268243765778b48b657fac64ff1f,818c4d09e5386828c4fab550963f86f701e36f4c,-15.82505555000454,-48.065256250232274,-15.82507970439162,-48.06525793410746,2024-08,2024,5PgDAE01r9mNq7CTHmdRdg,159.85520249100625,© Google,OK,4_5,171625.31442697934,8248018.83461863,3c8c5a3a25e06e6d33e9c05d16dbbd2eb2581219,cardinal,4,1,90_deg_east,cardinal,90,0,90,640,640,7,batch_0007,606,datasets/df_2024_proportional/batch_0007/images/3c8c5a3a25e06e6d33e9c05d16dbbd2eb2581219.jpg,https://raw.githubusercontent.com/GUIA-DD/dataset-streetview/main/datasets/df_2024_proportional/batch_0007/images/3c8c5a3a25e06e6d33e9c05d16dbbd2eb2581219.jpg,True,downloaded,
a554eda9aebb268243765778b48b657fac64ff1f,818c4d09e5386828c4fab550963f86f701e36f4c,-15.82505555000454,-48.065256250232274,-15.82507970439162,-48.06525793410746,2024-08,2024,5PgDAE01r9mNq7CTHmdRdg,159.85520249100625,© Google,OK,4_5,171625.31442697934,8248018.83461863,2737a03077b78bb07906cd0595447cd967f107a7,cardinal,4,2,180_deg_south,cardinal,180,0,90,640,640,7,batch_0007,607,datasets/df_2024_proportional/batch_0007/images/2737a03077b78bb07906cd0595447cd967f107a7.jpg,https://raw.githubusercontent.com/GUIA-DD/dataset-streetview/main/datasets/df_2024_proportional/batch_0007/images/2737a03077b78bb07906cd0595447cd967f107a7.jpg,True,downloaded,
a554eda9aebb268243765778b48b657fac64ff1f,818c4d09e5386828c4fab550963f86f701e36f4c,-15.82505555000454,-48.065256250232274,-15.82507970439162,-48.06525793410746,2024-08,2024,5PgDAE01r9mNq7CTHmdRdg,159.85520249100625,© Google,OK,4_5,171625.31442697934,8248018.83461863,658f13eb2ba1acc26a53e8f0fa1725586f90cf5a,cardinal,4,3,270_deg_west,cardinal,270,0,90,640,640,7,batch_0007,608,datasets/df_2024_proportional/batch_0007/images/658f13eb2ba1acc26a53e8f0fa1725586f90cf5a.jpg,https://raw.githubusercontent.com/GUIA-DD/dataset-streetview/main/datasets/df_2024_proportional/batch_0007/images/658f13eb2ba1acc26a53e8f0fa1725586f90cf5a.jpg,True,downloaded,
a65797534a7c996eca8c00ad34304c4d55e6e5b3,63c6669fa1da4e060234616b18230fecb7adc11a,-15.75115724999999,-47.91036829999992,-15.75116751660327,-47.91032656712626,2024-05,2024,3xx05szKJL-aAWbAH6A5mA,174.88371168581057,© Google,OK,7_6,188117.51636413604,8256438.301285733,74cdddfa60b2a85a07079cd33e2f96b709208ab7,cardinal,4,0,0_deg_north,cardinal,0,0,90,640,640,7,batch_0007,609,datasets/df_2024_proportional/batch_0007/images/74cdddfa60b2a85a07079cd33e2f96b709208ab7.jpg,https://raw.githubusercontent.com/GUIA-DD/dataset-streetview/main/datasets/df_2024_proportional/batch_0007/images/74cdddfa60b2a85a07079cd33e2f96b709208ab7.jpg,True,downloaded,
a65797534a7c996eca8c00ad34304c4d55e6e5b3,63c6669fa1da4e060234616b18230fecb7adc11a,-15.75115724999999,-47.91036829999992,-15.75116751660327,-47.91032656712626,2024-05,2024,3xx05szKJL-aAWbAH6A5mA,174.88371168581057,© Google,OK,7_6,188117.51636413604,8256438.301285733,539f39f68e2b095acdc34ab3f9dfbc1497de57e4,cardinal,4,1,90_deg_east,cardinal,90,0,90,640,640,7,batch_0007,610,datasets/df_2024_proportional/batch_0007/images/539f39f68e2b095acdc34ab3f9dfbc1497de57e4.jpg,https://raw.githubusercontent.com/GUIA-DD/dataset-streetview/main/datasets/df_2024_proportional/batch_0007/images/539f39f68e2b095acdc34ab3f9dfbc1497de57e4.jpg,True,downloaded,
a65797534a7c996eca8c00ad34304c4d55e6e5b3,63c6669fa1da4e060234616b18230fecb7adc11a,-15.75115724999999,-47.91036829999992,-15.75116751660327,-47.91032656712626,2024-05,2024,3xx05szKJL-aAWbAH6A5mA,174.88371168581057,© Google,OK,7_6,188117.51636413604,8256438.301285733,d1f79de7082843fbf3b523b33065ff4f04a23cff,cardinal,4,2,180_deg_south,cardinal,180,0,90,640,640,7,batch_0007,611,datasets/df_2024_proportional/batch_0007/images/d1f79de7082843fbf3b523b33065ff4f04a23cff.jpg,https://raw.githubusercontent.com/GUIA-DD/dataset-streetview/main/datasets/df_2024_proportional/batch_0007/images/d1f79de7082843fbf3b523b33065ff4f04a23cff.jpg,True,downloaded,
a65797534a7c996eca8c00ad34304c4d55e6e5b3,63c6669fa1da4e060234616b18230fecb7adc11a,-15.75115724999999,-47.91036829999992,-15.75116751660327,-47.91032656712626,2024-05,2024,3xx05szKJL-aAWbAH6A5mA,174.88371168581057,© Google,OK,7_6,188117.51636413604,8256438.301285733,1297ee2354f95ff923d7b98d3b8c4c98bed28bf3,cardinal,4,3,270_deg_west,cardinal,270,0,90,640,640,7,batch_0007,612,datasets/df_2024_proportional/batch_0007/images/1297ee2354f95ff923d7b98d3b8c4c98bed28bf3.jpg,https://raw.githubusercontent.com/GUIA-DD/dataset-streetview/main/datasets/df_2024_proportional/batch_0007/images/1297ee2354f95ff923d7b98d3b8c4c98bed28bf3.jpg,True,downloaded,
a69df725ebe514dbfc28980a682bd10d1f50eb0c,78a4d84497d1355b1a9f3d0c3a0c2ed7b389f9c0,-15.84214173780543,-48.05049586524113,-15.84211854257786,-48.05049579325541,2025-05,2025,n4RDNVIV_QJy6OkvejNsiw,29.47469741048769,© Google,OK,4_4,173235.3632301943,8246149.642174408,3e8a1dc3d73650f2edee9b6b8bdd08e73e8ecc3d,cardinal,4,0,0_deg_north,cardinal,0,0,90,640,640,7,batch_0007,613,datasets/df_2024_proportional/batch_0007/images/3e8a1dc3d73650f2edee9b6b8bdd08e73e8ecc3d.jpg,https://raw.githubusercontent.com/GUIA-DD/dataset-streetview/main/datasets/df_2024_proportional/batch_0007/images/3e8a1dc3d73650f2edee9b6b8bdd08e73e8ecc3d.jpg,True,downloaded,
a69df725ebe514dbfc28980a682bd10d1f50eb0c,78a4d84497d1355b1a9f3d0c3a0c2ed7b389f9c0,-15.84214173780543,-48.05049586524113,-15.84211854257786,-48.05049579325541,2025-05,2025,n4RDNVIV_QJy6OkvejNsiw,29.47469741048769,© Google,OK,4_4,173235.3632301943,8246149.642174408,1bb9cf7467198fb1e4953ce9783369474eba902d,cardinal,4,1,90_deg_east,cardinal,90,0,90,640,640,7,batch_0007,614,datasets/df_2024_proportional/batch_0007/images/1bb9cf7467198fb1e4953ce9783369474eba902d.jpg,https://raw.githubusercontent.com/GUIA-DD/dataset-streetview/main/datasets/df_2024_proportional/batch_0007/images/1bb9cf7467198fb1e4953ce9783369474eba902d.jpg,True,downloaded,
a69df725ebe514dbfc28980a682bd10d1f50eb0c,78a4d84497d1355b1a9f3d0c3a0c2ed7b389f9c0,-15.84214173780543,-48.05049586524113,-15.84211854257786,-48.05049579325541,2025-05,2025,n4RDNVIV_QJy6OkvejNsiw,29.47469741048769,© Google,OK,4_4,173235.3632301943,8246149.642174408,30b6202ec626066b1d981553591c500c0000dbaa,cardinal,4,2,180_deg_south,cardinal,180,0,90,640,640,7,batch_0007,615,datasets/df_2024_proportional/batch_0007/images/30b6202ec626066b1d981553591c500c0000dbaa.jpg,https://raw.githubusercontent.com/GUIA-DD/dataset-streetview/main/datasets/df_2024_proportional/batch_0007/images/30b6202ec626066b1d981553591c500c0000dbaa.jpg,True,downloaded,
a69df725ebe514dbfc28980a682bd10d1f50eb0c,78a4d84497d1355b1a9f3d0c3a0c2ed7b389f9c0,-15.84214173780543,-48.05049586524113,-15.84211854257786,-48.05049579325541,2025-05,2025,n4RDNVIV_QJy6OkvejNsiw,29.47469741048769,© Google,OK,4_4,173235.3632301943,8246149.642174408,b89494ac840042ecba243df32e0437cd43d710eb,cardinal,4,3,270_deg_west,cardinal,270,0,90,640,640,7,batch_0007,616,datasets/df_2024_proportional/batch_0007/images/b89494ac840042ecba243df32e0437cd43d710eb.jpg,https://raw.githubusercontent.com/GUIA-DD/dataset-streetview/main/datasets/df_2024_proportional/batch_0007/images/b89494ac840042ecba243df32e0437cd43d710eb.jpg,True,downloaded,
a6f71088c8bbc2e076ff80fd83994ad1502a444f,674ef3d73413c0372e24e61661b2ad88c99e917f,-15.80404872386019,-47.99045650583575,-15.80405074189594,-47.99045217526212,2024-09,2024,IIRQS_IVPposoxsU8NqIng,11.387084629329204,© Google,OK,6_5,179611.65696511543,8250460.847597222,2a2c27fac009704b65d7fbabbfda57fa351d7201,cardinal,4,0,0_deg_north,cardinal,0,0,90,640,640,7,batch_0007,617,datasets/df_2024_proportional/batch_0007/images/2a2c27fac009704b65d7fbabbfda57fa351d7201.jpg,https://raw.githubusercontent.com/GUIA-DD/dataset-streetview/main/datasets/df_2024_proportional/batch_0007/images/2a2c27fac009704b65d7fbabbfda57fa351d7201.jpg,True,downloaded,
a6f71088c8bbc2e076ff80fd83994ad1502a444f,674ef3d73413c0372e24e61661b2ad88c99e917f,-15.80404872386019,-47.99045650583575,-15.80405074189594,-47.99045217526212,2024-09,2024,IIRQS_IVPposoxsU8NqIng,11.387084629329204,© Google,OK,6_5,179611.65696511543,8250460.847597222,6ba9ad620e573a2171ea70368eee9092e44b378e,cardinal,4,1,90_deg_east,cardinal,90,0,90,640,640,7,batch_0007,618,datasets/df_2024_proportional/batch_0007/images/6ba9ad620e573a2171ea70368eee9092e44b378e.jpg,https://raw.githubusercontent.com/GUIA-DD/dataset-streetview/main/datasets/df_2024_proportional/batch_0007/images/6ba9ad620e573a2171ea70368eee9092e44b378e.jpg,True,downloaded,
a6f71088c8bbc2e076ff80fd83994ad1502a444f,674ef3d73413c0372e24e61661b2ad88c99e917f,-15.80404872386019,-47.99045650583575,-15.80405074189594,-47.99045217526212,2024-09,2024,IIRQS_IVPposoxsU8NqIng,11.387084629329204,© Google,OK,6_5,179611.65696511543,8250460.847597222,c81c8802e85b93b8902fb63ba4832f4072bd5740,cardinal,4,2,180_deg_south,cardinal,180,0,90,640,640,7,batch_0007,619,datasets/df_2024_proportional/batch_0007/images/c81c8802e85b93b8902fb63ba4832f4072bd5740.jpg,https://raw.githubusercontent.com/GUIA-DD/dataset-streetview/main/datasets/df_2024_proportional/batch_0007/images/c81c8802e85b93b8902fb63ba4832f4072bd5740.jpg,True,downloaded,
a6f71088c8bbc2e076ff80fd83994ad1502a444f,674ef3d73413c0372e24e61661b2ad88c99e917f,-15.80404872386019,-47.99045650583575,-15.80405074189594,-47.99045217526212,2024-09,2024,IIRQS_IVPposoxsU8NqIng,11.387084629329204,© Google,OK,6_5,179611.65696511543,8250460.847597222,5c2d654a74e1657c27592ac6b6df78533a0820cc,cardinal,4,3,270_deg_west,cardinal,270,0,90,640,640,7,batch_0007,620,datasets/df_2024_proportional/batch_0007/images/5c2d654a74e1657c27592ac6b6df78533a0820cc.jpg,https://raw.githubusercontent.com/GUIA-DD/dataset-streetview/main/datasets/df_2024_proportional/batch_0007/images/5c2d654a74e1657c27592ac6b6df78533a0820cc.jpg,True,downloaded,
a75ef893cec0969fda268df14d852c69c01623ed,ba5033dc34b318e565bfcff06fa54aa337be2916,-15.7953462001438,-48.11886999992973,-15.79535228556153,-48.11888740698938,2024-07,2024,dIt0PsnWqImlvm9A-b3M0w,249.8908543674899,© Google,OK,3_5,165828.11056303614,8251224.556526582,a4e8186b54047a459b202055028a1c6cbb61cb2a,cardinal,4,0,0_deg_north,cardinal,0,0,90,640,640,7,batch_0007,621,datasets/df_2024_proportional/batch_0007/images/a4e8186b54047a459b202055028a1c6cbb61cb2a.jpg,https://raw.githubusercontent.com/GUIA-DD/dataset-streetview/main/datasets/df_2024_proportional/batch_0007/images/a4e8186b54047a459b202055028a1c6cbb61cb2a.jpg,True,downloaded,
a75ef893cec0969fda268df14d852c69c01623ed,ba5033dc34b318e565bfcff06fa54aa337be2916,-15.7953462001438,-48.11886999992973,-15.79535228556153,-48.11888740698938,2024-07,2024,dIt0PsnWqImlvm9A-b3M0w,249.8908543674899,© Google,OK,3_5,165828.11056303614,8251224.556526582,f5ce8b83943ff0805592576007038d46a290abb2,cardinal,4,1,90_deg_east,cardinal,90,0,90,640,640,7,batch_0007,622,datasets/df_2024_proportional/batch_0007/images/f5ce8b83943ff0805592576007038d46a290abb2.jpg,https://raw.githubusercontent.com/GUIA-DD/dataset-streetview/main/datasets/df_2024_proportional/batch_0007/images/f5ce8b83943ff0805592576007038d46a290abb2.jpg,True,downloaded,
a75ef893cec0969fda268df14d852c69c01623ed,ba5033dc34b318e565bfcff06fa54aa337be2916,-15.7953462001438,-48.11886999992973,-15.79535228556153,-48.11888740698938,2024-07,2024,dIt0PsnWqImlvm9A-b3M0w,249.8908543674899,© Google,OK,3_5,165828.11056303614,8251224.556526582,c3a8d3dd0db08c6668ce18b124995bfa9127adb9,cardinal,4,2,180_deg_south,cardinal,180,0,90,640,640,7,batch_0007,623,datasets/df_2024_proportional/batch_0007/images/c3a8d3dd0db08c6668ce18b124995bfa9127adb9.jpg,https://raw.githubusercontent.com/GUIA-DD/dataset-streetview/main/datasets/df_2024_proportional/batch_0007/images/c3a8d3dd0db08c6668ce18b124995bfa9127adb9.jpg,True,downloaded,
a75ef893cec0969fda268df14d852c69c01623ed,ba5033dc34b318e565bfcff06fa54aa337be2916,-15.7953462001438,-48.11886999992973,-15.79535228556153,-48.11888740698938,2024-07,2024,dIt0PsnWqImlvm9A-b3M0w,249.8908543674899,© Google,OK,3_5,165828.11056303614,8251224.556526582,009f8c75fb2ba3b992caa074ba512fc570823ce0,cardinal,4,3,270_deg_west,cardinal,270,0,90,640,640,7,batch_0007,624,datasets/df_2024_proportional/batch_0007/images/009f8c75fb2ba3b992caa074ba512fc570823ce0.jpg,https://raw.githubusercontent.com/GUIA-DD/dataset-streetview/main/datasets/df_2024_proportional/batch_0007/images/009f8c75fb2ba3b992caa074ba512fc570823ce0.jpg,True,downloaded,
a855235a3f526c2db80878015a553d319386b521,2a0f2bd06f0be9e7f2f2bc15cc256bbb151b834b,-15.805436850082623,-47.933508050436245,-15.80540130129095,-47.9335080649136,2024-05,2024,_EyvZWiR5z19fQciaAtfBQ,324.5308853071556,© Google,OK,7_5,185719.70355583623,8250393.176381896,2ca59eb0f7e61186899bdaaa9a926b647ae78dcb,cardinal,4,0,0_deg_north,cardinal,0,0,90,640,640,7,batch_0007,625,datasets/df_2024_proportional/batch_0007/images/2ca59eb0f7e61186899bdaaa9a926b647ae78dcb.jpg,https://raw.githubusercontent.com/GUIA-DD/dataset-streetview/main/datasets/df_2024_proportional/batch_0007/images/2ca59eb0f7e61186899bdaaa9a926b647ae78dcb.jpg,True,downloaded,
a855235a3f526c2db80878015a553d319386b521,2a0f2bd06f0be9e7f2f2bc15cc256bbb151b834b,-15.805436850082623,-47.933508050436245,-15.80540130129095,-47.9335080649136,2024-05,2024,_EyvZWiR5z19fQciaAtfBQ,324.5308853071556,© Google,OK,7_5,185719.70355583623,8250393.176381896,9fafa8052c82d4ca5d9b3615bf018f1663c4b04a,cardinal,4,1,90_deg_east,cardinal,90,0,90,640,640,7,batch_0007,626,datasets/df_2024_proportional/batch_0007/images/9fafa8052c82d4ca5d9b3615bf018f1663c4b04a.jpg,https://raw.githubusercontent.com/GUIA-DD/dataset-streetview/main/datasets/df_2024_proportional/batch_0007/images/9fafa8052c82d4ca5d9b3615bf018f1663c4b04a.jpg,True,downloaded,
a855235a3f526c2db80878015a553d319386b521,2a0f2bd06f0be9e7f2f2bc15cc256bbb151b834b,-15.805436850082623,-47.933508050436245,-15.80540130129095,-47.9335080649136,2024-05,2024,_EyvZWiR5z19fQciaAtfBQ,324.5308853071556,© Google,OK,7_5,185719.70355583623,8250393.176381896,380303f1c4c19f1443a97cf2068f50face0fe997,cardinal,4,2,180_deg_south,cardinal,180,0,90,640,640,7,batch_0007,627,datasets/df_2024_proportional/batch_0007/images/380303f1c4c19f1443a97cf2068f50face0fe997.jpg,https://raw.githubusercontent.com/GUIA-DD/dataset-streetview/main/datasets/df_2024_proportional/batch_0007/images/380303f1c4c19f1443a97cf2068f50face0fe997.jpg,True,downloaded,
a855235a3f526c2db80878015a553d319386b521,2a0f2bd06f0be9e7f2f2bc15cc256bbb151b834b,-15.805436850082623,-47.933508050436245,-15.80540130129095,-47.9335080649136,2024-05,2024,_EyvZWiR5z19fQciaAtfBQ,324.5308853071556,© Google,OK,7_5,185719.70355583623,8250393.176381896,b0cc27b213d1f247ce49ba5bd4f547434c3fc6df,cardinal,4,3,270_deg_west,cardinal,270,0,90,640,640,7,batch_0007,628,datasets/df_2024_proportional/batch_0007/images/b0cc27b213d1f247ce49ba5bd4f547434c3fc6df.jpg,https://raw.githubusercontent.com/GUIA-DD/dataset-streetview/main/datasets/df_2024_proportional/batch_0007/images/b0cc27b213d1f247ce49ba5bd4f547434c3fc6df.jpg,True,downloaded,
a8cfa432c64e28d205f979a52907024a9e331061,51dae70cc318375a47c7020585a37251f00de83a,-15.762972473470208,-47.78710524762128,-15.76296670442302,-47.78708593019997,2024-06,2024,bT_-JNmU6NHr28z3wTQFBw,88.98835592004187,© Google,OK,10_6,201353.14059775576,8255308.625222898,bb2a3ee43c89f03ae9cd1f161e9f9eff53b86b6a,cardinal,4,0,0_deg_north,cardinal,0,0,90,640,640,7,batch_0007,629,datasets/df_2024_proportional/batch_0007/images/bb2a3ee43c89f03ae9cd1f161e9f9eff53b86b6a.jpg,https://raw.githubusercontent.com/GUIA-DD/dataset-streetview/main/datasets/df_2024_proportional/batch_0007/images/bb2a3ee43c89f03ae9cd1f161e9f9eff53b86b6a.jpg,True,downloaded,
a8cfa432c64e28d205f979a52907024a9e331061,51dae70cc318375a47c7020585a37251f00de83a,-15.762972473470208,-47.78710524762128,-15.76296670442302,-47.78708593019997,2024-06,2024,bT_-JNmU6NHr28z3wTQFBw,88.98835592004187,© Google,OK,10_6,201353.14059775576,8255308.625222898,a7ff246abcb80f66a1a69ffd3935e84c78434685,cardinal,4,1,90_deg_east,cardinal,90,0,90,640,640,7,batch_0007,630,datasets/df_2024_proportional/batch_0007/images/a7ff246abcb80f66a1a69ffd3935e84c78434685.jpg,https://raw.githubusercontent.com/GUIA-DD/dataset-streetview/main/datasets/df_2024_proportional/batch_0007/images/a7ff246abcb80f66a1a69ffd3935e84c78434685.jpg,True,downloaded,
a8cfa432c64e28d205f979a52907024a9e331061,51dae70cc318375a47c7020585a37251f00de83a,-15.762972473470208,-47.78710524762128,-15.76296670442302,-47.78708593019997,2024-06,2024,bT_-JNmU6NHr28z3wTQFBw,88.98835592004187,© Google,OK,10_6,201353.14059775576,8255308.625222898,96362cd07e2beac4cc08445729a4d9d7329104ab,cardinal,4,2,180_deg_south,cardinal,180,0,90,640,640,7,batch_0007,631,datasets/df_2024_proportional/batch_0007/images/96362cd07e2beac4cc08445729a4d9d7329104ab.jpg,https://raw.githubusercontent.com/GUIA-DD/dataset-streetview/main/datasets/df_2024_proportional/batch_0007/images/96362cd07e2beac4cc08445729a4d9d7329104ab.jpg,True,downloaded,
a8cfa432c64e28d205f979a52907024a9e331061,51dae70cc318375a47c7020585a37251f00de83a,-15.762972473470208,-47.78710524762128,-15.76296670442302,-47.78708593019997,2024-06,2024,bT_-JNmU6NHr28z3wTQFBw,88.98835592004187,© Google,OK,10_6,201353.14059775576,8255308.625222898,7d50e476bf383a4ea7c6477c645dcc84d81a5d7b,cardinal,4,3,270_deg_west,cardinal,270,0,90,640,640,7,batch_0007,632,datasets/df_2024_proportional/batch_0007/images/7d50e476bf383a4ea7c6477c645dcc84d81a5d7b.jpg,https://raw.githubusercontent.com/GUIA-DD/dataset-streetview/main/datasets/df_2024_proportional/batch_0007/images/7d50e476bf383a4ea7c6477c645dcc84d81a5d7b.jpg,True,downloaded,
a90f39bad142b8687732f862422b574af7f5e3c8,6f0ebba74f2c5c09d3e1643ba9b594e590d86275,-15.866145450008162,-48.098605849986974,-15.86615421048491,-48.09863265765451,2025-03,2025,xtrI7dScTOTiUjhZeUKARw,42.03957716833269,© Google,OK,3_4,168116.93445285555,8243415.563926781,1e25b63e516b8f323bb6def34ddb0d6bee14e624,cardinal,4,0,0_deg_north,cardinal,0,0,90,640,640,7,batch_0007,633,datasets/df_2024_proportional/batch_0007/images/1e25b63e516b8f323bb6def34ddb0d6bee14e624.jpg,https://raw.githubusercontent.com/GUIA-DD/dataset-streetview/main/datasets/df_2024_proportional/batch_0007/images/1e25b63e516b8f323bb6def34ddb0d6bee14e624.jpg,True,downloaded,
a90f39bad142b8687732f862422b574af7f5e3c8,6f0ebba74f2c5c09d3e1643ba9b594e590d86275,-15.866145450008162,-48.098605849986974,-15.86615421048491,-48.09863265765451,2025-03,2025,xtrI7dScTOTiUjhZeUKARw,42.03957716833269,© Google,OK,3_4,168116.93445285555,8243415.563926781,fb5080eabb43a325a69d73cb95661e1dc73a664d,cardinal,4,1,90_deg_east,cardinal,90,0,90,640,640,7,batch_0007,634,datasets/df_2024_proportional/batch_0007/images/fb5080eabb43a325a69d73cb95661e1dc73a664d.jpg,https://raw.githubusercontent.com/GUIA-DD/dataset-streetview/main/datasets/df_2024_proportional/batch_0007/images/fb5080eabb43a325a69d73cb95661e1dc73a664d.jpg,True,downloaded,
a90f39bad142b8687732f862422b574af7f5e3c8,6f0ebba74f2c5c09d3e1643ba9b594e590d86275,-15.866145450008162,-48.098605849986974,-15.86615421048491,-48.09863265765451,2025-03,2025,xtrI7dScTOTiUjhZeUKARw,42.03957716833269,© Google,OK,3_4,168116.93445285555,8243415.563926781,5d4b73dc4c81fb2140c9c5a2bbaf880cdb6040e2,cardinal,4,2,180_deg_south,cardinal,180,0,90,640,640,7,batch_0007,635,datasets/df_2024_proportional/batch_0007/images/5d4b73dc4c81fb2140c9c5a2bbaf880cdb6040e2.jpg,https://raw.githubusercontent.com/GUIA-DD/dataset-streetview/main/datasets/df_2024_proportional/batch_0007/images/5d4b73dc4c81fb2140c9c5a2bbaf880cdb6040e2.jpg,True,downloaded,
a90f39bad142b8687732f862422b574af7f5e3c8,6f0ebba74f2c5c09d3e1643ba9b594e590d86275,-15.866145450008162,-48.098605849986974,-15.86615421048491,-48.09863265765451,2025-03,2025,xtrI7dScTOTiUjhZeUKARw,42.03957716833269,© Google,OK,3_4,168116.93445285555,8243415.563926781,63eab93507aee094dc7b44990cbf4ad3dc41e722,cardinal,4,3,270_deg_west,cardinal,270,0,90,640,640,7,batch_0007,636,datasets/df_2024_proportional/batch_0007/images/63eab93507aee094dc7b44990cbf4ad3dc41e722.jpg,https://raw.githubusercontent.com/GUIA-DD/dataset-streetview/main/datasets/df_2024_proportional/batch_0007/images/63eab93507aee094dc7b44990cbf4ad3dc41e722.jpg,True,downloaded,
aac2d0b9ed3db116692f73395a9a94704fa0f6fc,9084495b227b553fc22dedeee47f968c9b898d6e,-15.881871003365069,-48.12774443223297,-15.88189331061819,-48.12776650138911,2025-02,2025,Fk0v-omzWA9XoUzgsOYmTw,245.1966128859005,© Google,OK,3_3,165019.36993265574,8241627.443530551,93c6c898bebfa50bb63dcebfd0e86c0986d1612c,cardinal,4,0,0_deg_north,cardinal,0,0,90,640,640,7,batch_0007,637,datasets/df_2024_proportional/batch_0007/images/93c6c898bebfa50bb63dcebfd0e86c0986d1612c.jpg,https://raw.githubusercontent.com/GUIA-DD/dataset-streetview/main/datasets/df_2024_proportional/batch_0007/images/93c6c898bebfa50bb63dcebfd0e86c0986d1612c.jpg,True,downloaded,
aac2d0b9ed3db116692f73395a9a94704fa0f6fc,9084495b227b553fc22dedeee47f968c9b898d6e,-15.881871003365069,-48.12774443223297,-15.88189331061819,-48.12776650138911,2025-02,2025,Fk0v-omzWA9XoUzgsOYmTw,245.1966128859005,© Google,OK,3_3,165019.36993265574,8241627.443530551,c9a1e25f8f2d415c3bc47bd28c70a481ae6e6904,cardinal,4,1,90_deg_east,cardinal,90,0,90,640,640,7,batch_0007,638,datasets/df_2024_proportional/batch_0007/images/c9a1e25f8f2d415c3bc47bd28c70a481ae6e6904.jpg,https://raw.githubusercontent.com/GUIA-DD/dataset-streetview/main/datasets/df_2024_proportional/batch_0007/images/c9a1e25f8f2d415c3bc47bd28c70a481ae6e6904.jpg,True,downloaded,
aac2d0b9ed3db116692f73395a9a94704fa0f6fc,9084495b227b553fc22dedeee47f968c9b898d6e,-15.881871003365069,-48.12774443223297,-15.88189331061819,-48.12776650138911,2025-02,2025,Fk0v-omzWA9XoUzgsOYmTw,245.1966128859005,© Google,OK,3_3,165019.36993265574,8241627.443530551,9acfd7a39ed8d519c72d0d913bd860d1f1bba9b4,cardinal,4,2,180_deg_south,cardinal,180,0,90,640,640,7,batch_0007,639,datasets/df_2024_proportional/batch_0007/images/9acfd7a39ed8d519c72d0d913bd860d1f1bba9b4.jpg,https://raw.githubusercontent.com/GUIA-DD/dataset-streetview/main/datasets/df_2024_proportional/batch_0007/images/9acfd7a39ed8d519c72d0d913bd860d1f1bba9b4.jpg,True,downloaded,
aac2d0b9ed3db116692f73395a9a94704fa0f6fc,9084495b227b553fc22dedeee47f968c9b898d6e,-15.881871003365069,-48.12774443223297,-15.88189331061819,-48.12776650138911,2025-02,2025,Fk0v-omzWA9XoUzgsOYmTw,245.1966128859005,© Google,OK,3_3,165019.36993265574,8241627.443530551,fcb90f681300996107bfc8f23374f3c0bc397b99,cardinal,4,3,270_deg_west,cardinal,270,0,90,640,640,7,batch_0007,640,datasets/df_2024_proportional/batch_0007/images/fcb90f681300996107bfc8f23374f3c0bc397b99.jpg,https://raw.githubusercontent.com/GUIA-DD/dataset-streetview/main/datasets/df_2024_proportional/batch_0007/images/fcb90f681300996107bfc8f23374f3c0bc397b99.jpg,True,downloaded,
accff6ae9803e6ee8f22588cd9c6e14537e72c0e,02a27f64e956ab7fe88caf9038c98f0e00bafc0d,-15.844814928269567,-48.02110605492593,-15.84480760106524,-48.02110169639484,2024-06,2024,8XxXIqU4k3u78CTX1PXhkw,66.32220322777557,© Google,OK,5_4,176390.33547849156,8245899.216440868,1d8f514aee3942cda118f455c04d8f481fb2330f,cardinal,4,0,0_deg_north,cardinal,0,0,90,640,640,7,batch_0007,641,datasets/df_2024_proportional/batch_0007/images/1d8f514aee3942cda118f455c04d8f481fb2330f.jpg,https://raw.githubusercontent.com/GUIA-DD/dataset-streetview/main/datasets/df_2024_proportional/batch_0007/images/1d8f514aee3942cda118f455c04d8f481fb2330f.jpg,True,downloaded,
accff6ae9803e6ee8f22588cd9c6e14537e72c0e,02a27f64e956ab7fe88caf9038c98f0e00bafc0d,-15.844814928269567,-48.02110605492593,-15.84480760106524,-48.02110169639484,2024-06,2024,8XxXIqU4k3u78CTX1PXhkw,66.32220322777557,© Google,OK,5_4,176390.33547849156,8245899.216440868,8dffd3228b4e9d596036874a589c0f8b799c6c1c,cardinal,4,1,90_deg_east,cardinal,90,0,90,640,640,7,batch_0007,642,datasets/df_2024_proportional/batch_0007/images/8dffd3228b4e9d596036874a589c0f8b799c6c1c.jpg,https://raw.githubusercontent.com/GUIA-DD/dataset-streetview/main/datasets/df_2024_proportional/batch_0007/images/8dffd3228b4e9d596036874a589c0f8b799c6c1c.jpg,True,downloaded,
accff6ae9803e6ee8f22588cd9c6e14537e72c0e,02a27f64e956ab7fe88caf9038c98f0e00bafc0d,-15.844814928269567,-48.02110605492593,-15.84480760106524,-48.02110169639484,2024-06,2024,8XxXIqU4k3u78CTX1PXhkw,66.32220322777557,© Google,OK,5_4,176390.33547849156,8245899.216440868,d29bb4d908c0dfc3570234d47ad2c75e3598ea24,cardinal,4,2,180_deg_south,cardinal,180,0,90,640,640,7,batch_0007,643,datasets/df_2024_proportional/batch_0007/images/d29bb4d908c0dfc3570234d47ad2c75e3598ea24.jpg,https://raw.githubusercontent.com/GUIA-DD/dataset-streetview/main/datasets/df_2024_proportional/batch_0007/images/d29bb4d908c0dfc3570234d47ad2c75e3598ea24.jpg,True,downloaded,
accff6ae9803e6ee8f22588cd9c6e14537e72c0e,02a27f64e956ab7fe88caf9038c98f0e00bafc0d,-15.844814928269567,-48.02110605492593,-15.84480760106524,-48.02110169639484,2024-06,2024,8XxXIqU4k3u78CTX1PXhkw,66.32220322777557,© Google,OK,5_4,176390.33547849156,8245899.216440868,677b9e3a50ba57c5d2257e5bb588d8b0c9d23cab,cardinal,4,3,270_deg_west,cardinal,270,0,90,640,640,7,batch_0007,644,datasets/df_2024_proportional/batch_0007/images/677b9e3a50ba57c5d2257e5bb588d8b0c9d23cab.jpg,https://raw.githubusercontent.com/GUIA-DD/dataset-streetview/main/datasets/df_2024_proportional/batch_0007/images/677b9e3a50ba57c5d2257e5bb588d8b0c9d23cab.jpg,True,downloaded,
acf03c89558e31cb492433ac681d7e3a71befe2f,a695eef1b18f69f190a79f5f93017226de098ab3,-16.024053450144315,-48.08214585027686,-16.02407332664372,-48.08212119661304,2025-05,2025,TA_YVQ7dwAQ-wkLAkMpwFg,122.63060622151863,© Google,OK,4_0,170140.07766361028,8225953.172225515,c649e791648a5849b51bea989359ad65a3fbaba6,cardinal,4,0,0_deg_north,cardinal,0,0,90,640,640,7,batch_0007,645,datasets/df_2024_proportional/batch_0007/images/c649e791648a5849b51bea989359ad65a3fbaba6.jpg,https://raw.githubusercontent.com/GUIA-DD/dataset-streetview/main/datasets/df_2024_proportional/batch_0007/images/c649e791648a5849b51bea989359ad65a3fbaba6.jpg,True,downloaded,
acf03c89558e31cb492433ac681d7e3a71befe2f,a695eef1b18f69f190a79f5f93017226de098ab3,-16.024053450144315,-48.08214585027686,-16.02407332664372,-48.08212119661304,2025-05,2025,TA_YVQ7dwAQ-wkLAkMpwFg,122.63060622151863,© Google,OK,4_0,170140.07766361028,8225953.172225515,b54fceae0b1be658674b4cebe38d00ab8c47ccae,cardinal,4,1,90_deg_east,cardinal,90,0,90,640,640,7,batch_0007,646,datasets/df_2024_proportional/batch_0007/images/b54fceae0b1be658674b4cebe38d00ab8c47ccae.jpg,https://raw.githubusercontent.com/GUIA-DD/dataset-streetview/main/datasets/df_2024_proportional/batch_0007/images/b54fceae0b1be658674b4cebe38d00ab8c47ccae.jpg,True,downloaded,
acf03c89558e31cb492433ac681d7e3a71befe2f,a695eef1b18f69f190a79f5f93017226de098ab3,-16.024053450144315,-48.08214585027686,-16.02407332664372,-48.08212119661304,2025-05,2025,TA_YVQ7dwAQ-wkLAkMpwFg,122.63060622151863,© Google,OK,4_0,170140.07766361028,8225953.172225515,47140d7c2ec0e71a14bf29cd630f573bd5f5d7ce,cardinal,4,2,180_deg_south,cardinal,180,0,90,640,640,7,batch_0007,647,datasets/df_2024_proportional/batch_0007/images/47140d7c2ec0e71a14bf29cd630f573bd5f5d7ce.jpg,https://raw.githubusercontent.com/GUIA-DD/dataset-streetview/main/datasets/df_2024_proportional/batch_0007/images/47140d7c2ec0e71a14bf29cd630f573bd5f5d7ce.jpg,True,downloaded,
acf03c89558e31cb492433ac681d7e3a71befe2f,a695eef1b18f69f190a79f5f93017226de098ab3,-16.024053450144315,-48.08214585027686,-16.02407332664372,-48.08212119661304,2025-05,2025,TA_YVQ7dwAQ-wkLAkMpwFg,122.63060622151863,© Google,OK,4_0,170140.07766361028,8225953.172225515,b3abca2265d32f9da9e1668beb870bc9357e58e8,cardinal,4,3,270_deg_west,cardinal,270,0,90,640,640,7,batch_0007,648,datasets/df_2024_proportional/batch_0007/images/b3abca2265d32f9da9e1668beb870bc9357e58e8.jpg,https://raw.githubusercontent.com/GUIA-DD/dataset-streetview/main/datasets/df_2024_proportional/batch_0007/images/b3abca2265d32f9da9e1668beb870bc9357e58e8.jpg,True,downloaded,
adc2b8c8ddd2f2c644f1eb47e86dd9a1692130f1,f97db69b6908d661a5962413f3aa8bc3e928c94d,-15.939088200397,-47.9436863539786,-15.93916881531386,-47.94379995672583,2024-12,2024,qWsT-60AUHqh0GbT-7JWQA,65.6276143432794,© Google,OK,7_2,184836.5828069033,8235577.607501069,ffc2bef3906b8ebe2828b8d52ca8389b851d5741,cardinal,4,0,0_deg_north,cardinal,0,0,90,640,640,7,batch_0007,649,datasets/df_2024_proportional/batch_0007/images/ffc2bef3906b8ebe2828b8d52ca8389b851d5741.jpg,https://raw.githubusercontent.com/GUIA-DD/dataset-streetview/main/datasets/df_2024_proportional/batch_0007/images/ffc2bef3906b8ebe2828b8d52ca8389b851d5741.jpg,True,downloaded,
adc2b8c8ddd2f2c644f1eb47e86dd9a1692130f1,f97db69b6908d661a5962413f3aa8bc3e928c94d,-15.939088200397,-47.9436863539786,-15.93916881531386,-47.94379995672583,2024-12,2024,qWsT-60AUHqh0GbT-7JWQA,65.6276143432794,© Google,OK,7_2,184836.5828069033,8235577.607501069,cd4da4a332896c6da91e5803da5ff814db96b3df,cardinal,4,1,90_deg_east,cardinal,90,0,90,640,640,7,batch_0007,650,datasets/df_2024_proportional/batch_0007/images/cd4da4a332896c6da91e5803da5ff814db96b3df.jpg,https://raw.githubusercontent.com/GUIA-DD/dataset-streetview/main/datasets/df_2024_proportional/batch_0007/images/cd4da4a332896c6da91e5803da5ff814db96b3df.jpg,True,downloaded,
adc2b8c8ddd2f2c644f1eb47e86dd9a1692130f1,f97db69b6908d661a5962413f3aa8bc3e928c94d,-15.939088200397,-47.9436863539786,-15.93916881531386,-47.94379995672583,2024-12,2024,qWsT-60AUHqh0GbT-7JWQA,65.6276143432794,© Google,OK,7_2,184836.5828069033,8235577.607501069,7b8b5c89ec86d66b2052421dc898538533b13a8c,cardinal,4,2,180_deg_south,cardinal,180,0,90,640,640,7,batch_0007,651,datasets/df_2024_proportional/batch_0007/images/7b8b5c89ec86d66b2052421dc898538533b13a8c.jpg,https://raw.githubusercontent.com/GUIA-DD/dataset-streetview/main/datasets/df_2024_proportional/batch_0007/images/7b8b5c89ec86d66b2052421dc898538533b13a8c.jpg,True,downloaded,
adc2b8c8ddd2f2c644f1eb47e86dd9a1692130f1,f97db69b6908d661a5962413f3aa8bc3e928c94d,-15.939088200397,-47.9436863539786,-15.93916881531386,-47.94379995672583,2024-12,2024,qWsT-60AUHqh0GbT-7JWQA,65.6276143432794,© Google,OK,7_2,184836.5828069033,8235577.607501069,c5632c553b0c03acf3f3c362fd4baa8fbc478bd9,cardinal,4,3,270_deg_west,cardinal,270,0,90,640,640,7,batch_0007,652,datasets/df_2024_proportional/batch_0007/images/c5632c553b0c03acf3f3c362fd4baa8fbc478bd9.jpg,https://raw.githubusercontent.com/GUIA-DD/dataset-streetview/main/datasets/df_2024_proportional/batch_0007/images/c5632c553b0c03acf3f3c362fd4baa8fbc478bd9.jpg,True,downloaded,
ae990a3dbc46febafd7b676d4e1e2f91d408653f,78e064b214e496a498fd669b26e28d67d65d7df2,-15.829468399848734,-48.13411693773503,-15.82944431919506,-48.13408581992017,2026-02,2026,6nVAR9hTUzsR18_l9DbzkQ,69.536441889469,© Google,OK,3_4,164249.46698769534,8247421.058951783,ba92393a9ae0089ea6d75af8a24d1272d45f5bcb,cardinal,4,0,0_deg_north,cardinal,0,0,90,640,640,7,batch_0007,653,datasets/df_2024_proportional/batch_0007/images/ba92393a9ae0089ea6d75af8a24d1272d45f5bcb.jpg,https://raw.githubusercontent.com/GUIA-DD/dataset-streetview/main/datasets/df_2024_proportional/batch_0007/images/ba92393a9ae0089ea6d75af8a24d1272d45f5bcb.jpg,True,downloaded,
ae990a3dbc46febafd7b676d4e1e2f91d408653f,78e064b214e496a498fd669b26e28d67d65d7df2,-15.829468399848734,-48.13411693773503,-15.82944431919506,-48.13408581992017,2026-02,2026,6nVAR9hTUzsR18_l9DbzkQ,69.536441889469,© Google,OK,3_4,164249.46698769534,8247421.058951783,c61a1706a66fbda441fcff5f1e5b21f37d9b5b61,cardinal,4,1,90_deg_east,cardinal,90,0,90,640,640,7,batch_0007,654,datasets/df_2024_proportional/batch_0007/images/c61a1706a66fbda441fcff5f1e5b21f37d9b5b61.jpg,https://raw.githubusercontent.com/GUIA-DD/dataset-streetview/main/datasets/df_2024_proportional/batch_0007/images/c61a1706a66fbda441fcff5f1e5b21f37d9b5b61.jpg,True,downloaded,
ae990a3dbc46febafd7b676d4e1e2f91d408653f,78e064b214e496a498fd669b26e28d67d65d7df2,-15.829468399848734,-48.13411693773503,-15.82944431919506,-48.13408581992017,2026-02,2026,6nVAR9hTUzsR18_l9DbzkQ,69.536441889469,© Google,OK,3_4,164249.46698769534,8247421.058951783,d6624a787c86cfa2f08cc78a788ebcc5e433aa2f,cardinal,4,2,180_deg_south,cardinal,180,0,90,640,640,7,batch_0007,655,datasets/df_2024_proportional/batch_0007/images/d6624a787c86cfa2f08cc78a788ebcc5e433aa2f.jpg,https://raw.githubusercontent.com/GUIA-DD/dataset-streetview/main/datasets/df_2024_proportional/batch_0007/images/d6624a787c86cfa2f08cc78a788ebcc5e433aa2f.jpg,True,downloaded,
ae990a3dbc46febafd7b676d4e1e2f91d408653f,78e064b214e496a498fd669b26e28d67d65d7df2,-15.829468399848734,-48.13411693773503,-15.82944431919506,-48.13408581992017,2026-02,2026,6nVAR9hTUzsR18_l9DbzkQ,69.536441889469,© Google,OK,3_4,164249.46698769534,8247421.058951783,3f7a02a2d8a3ef0176a4dc299762db33761f9c45,cardinal,4,3,270_deg_west,cardinal,270,0,90,640,640,7,batch_0007,656,datasets/df_2024_proportional/batch_0007/images/3f7a02a2d8a3ef0176a4dc299762db33761f9c45.jpg,https://raw.githubusercontent.com/GUIA-DD/dataset-streetview/main/datasets/df_2024_proportional/batch_0007/images/3f7a02a2d8a3ef0176a4dc299762db33761f9c45.jpg,True,downloaded,
af1c6552ded1124f0392e9f9c9f3fb430316524a,961a9519facd533b94c4f8ddddb138028ce8e3cb,-15.892224250795875,-48.1002721994365,-15.89224264045504,-48.10031308759677,2025-06,2025,APCLre5ZqgOVJR13xihHAg,243.75975708614828,© Google,OK,3_3,167981.11068332978,8240524.642028311,4106d4e79e4a149d6ee8d1dffb88e3ec8c0b64b8,cardinal,4,0,0_deg_north,cardinal,0,0,90,640,640,7,batch_0007,657,datasets/df_2024_proportional/batch_0007/images/4106d4e79e4a149d6ee8d1dffb88e3ec8c0b64b8.jpg,https://raw.githubusercontent.com/GUIA-DD/dataset-streetview/main/datasets/df_2024_proportional/batch_0007/images/4106d4e79e4a149d6ee8d1dffb88e3ec8c0b64b8.jpg,True,downloaded,
af1c6552ded1124f0392e9f9c9f3fb430316524a,961a9519facd533b94c4f8ddddb138028ce8e3cb,-15.892224250795875,-48.1002721994365,-15.89224264045504,-48.10031308759677,2025-06,2025,APCLre5ZqgOVJR13xihHAg,243.75975708614828,© Google,OK,3_3,167981.11068332978,8240524.642028311,e1eb3310821bca956c94ab003607efd5d5227321,cardinal,4,1,90_deg_east,cardinal,90,0,90,640,640,7,batch_0007,658,datasets/df_2024_proportional/batch_0007/images/e1eb3310821bca956c94ab003607efd5d5227321.jpg,https://raw.githubusercontent.com/GUIA-DD/dataset-streetview/main/datasets/df_2024_proportional/batch_0007/images/e1eb3310821bca956c94ab003607efd5d5227321.jpg,True,downloaded,
af1c6552ded1124f0392e9f9c9f3fb430316524a,961a9519facd533b94c4f8ddddb138028ce8e3cb,-15.892224250795875,-48.1002721994365,-15.89224264045504,-48.10031308759677,2025-06,2025,APCLre5ZqgOVJR13xihHAg,243.75975708614828,© Google,OK,3_3,167981.11068332978,8240524.642028311,a9a6a046e685975ef68af0846415f85ee23d665d,cardinal,4,2,180_deg_south,cardinal,180,0,90,640,640,7,batch_0007,659,datasets/df_2024_proportional/batch_0007/images/a9a6a046e685975ef68af0846415f85ee23d665d.jpg,https://raw.githubusercontent.com/GUIA-DD/dataset-streetview/main/datasets/df_2024_proportional/batch_0007/images/a9a6a046e685975ef68af0846415f85ee23d665d.jpg,True,downloaded,
af1c6552ded1124f0392e9f9c9f3fb430316524a,961a9519facd533b94c4f8ddddb138028ce8e3cb,-15.892224250795875,-48.1002721994365,-15.89224264045504,-48.10031308759677,2025-06,2025,APCLre5ZqgOVJR13xihHAg,243.75975708614828,© Google,OK,3_3,167981.11068332978,8240524.642028311,d994e4453f894e97f6518c546e11c1f9bf8565ca,cardinal,4,3,270_deg_west,cardinal,270,0,90,640,640,7,batch_0007,660,datasets/df_2024_proportional/batch_0007/images/d994e4453f894e97f6518c546e11c1f9bf8565ca.jpg,https://raw.githubusercontent.com/GUIA-DD/dataset-streetview/main/datasets/df_2024_proportional/batch_0007/images/d994e4453f894e97f6518c546e11c1f9bf8565ca.jpg,True,downloaded,
af31cdc205d69284ad8eec79e6e81c94c4b89ad2,a0c922e081090cdde2af873d021c0f503fdbb82c,-15.845922082131157,-47.818802934118914,-15.84596344663315,-47.81879042595835,2024-12,2024,b4duG9ZFo-89P13PO_ihnw,322.90178512790675,© Google,OK,9_4,198077.46621258743,8246078.633682946,fbe19d7f5503912c141565aaaa57948db77a2791,cardinal,4,0,0_deg_north,cardinal,0,0,90,640,640,7,batch_0007,661,datasets/df_2024_proportional/batch_0007/images/fbe19d7f5503912c141565aaaa57948db77a2791.jpg,https://raw.githubusercontent.com/GUIA-DD/dataset-streetview/main/datasets/df_2024_proportional/batch_0007/images/fbe19d7f5503912c141565aaaa57948db77a2791.jpg,True,downloaded,
af31cdc205d69284ad8eec79e6e81c94c4b89ad2,a0c922e081090cdde2af873d021c0f503fdbb82c,-15.845922082131157,-47.818802934118914,-15.84596344663315,-47.81879042595835,2024-12,2024,b4duG9ZFo-89P13PO_ihnw,322.90178512790675,© Google,OK,9_4,198077.46621258743,8246078.633682946,251a22c14d04a66d236271961ae28dc36e91aca3,cardinal,4,1,90_deg_east,cardinal,90,0,90,640,640,7,batch_0007,662,datasets/df_2024_proportional/batch_0007/images/251a22c14d04a66d236271961ae28dc36e91aca3.jpg,https://raw.githubusercontent.com/GUIA-DD/dataset-streetview/main/datasets/df_2024_proportional/batch_0007/images/251a22c14d04a66d236271961ae28dc36e91aca3.jpg,True,downloaded,
af31cdc205d69284ad8eec79e6e81c94c4b89ad2,a0c922e081090cdde2af873d021c0f503fdbb82c,-15.845922082131157,-47.818802934118914,-15.84596344663315,-47.81879042595835,2024-12,2024,b4duG9ZFo-89P13PO_ihnw,322.90178512790675,© Google,OK,9_4,198077.46621258743,8246078.633682946,9f63750860a8914764a28404c15d08e3d5edd9df,cardinal,4,2,180_deg_south,cardinal,180,0,90,640,640,7,batch_0007,663,datasets/df_2024_proportional/batch_0007/images/9f63750860a8914764a28404c15d08e3d5edd9df.jpg,https://raw.githubusercontent.com/GUIA-DD/dataset-streetview/main/datasets/df_2024_proportional/batch_0007/images/9f63750860a8914764a28404c15d08e3d5edd9df.jpg,True,downloaded,
af31cdc205d69284ad8eec79e6e81c94c4b89ad2,a0c922e081090cdde2af873d021c0f503fdbb82c,-15.845922082131157,-47.818802934118914,-15.84596344663315,-47.81879042595835,2024-12,2024,b4duG9ZFo-89P13PO_ihnw,322.90178512790675,© Google,OK,9_4,198077.46621258743,8246078.633682946,22eeb69c0c5796dd7e240df330fc983b2cb63bfb,cardinal,4,3,270_deg_west,cardinal,270,0,90,640,640,7,batch_0007,664,datasets/df_2024_proportional/batch_0007/images/22eeb69c0c5796dd7e240df330fc983b2cb63bfb.jpg,https://raw.githubusercontent.com/GUIA-DD/dataset-streetview/main/datasets/df_2024_proportional/batch_0007/images/22eeb69c0c5796dd7e240df330fc983b2cb63bfb.jpg,True,downloaded,
b0eab7af5f25d3455627821622473e213c0fe8dc,c1ffdf5fe93d1c4ae7b0a16efc641caabcde8b78,-15.6334029311824,-48.20043204494598,-15.63341993878909,-48.2002406504937,2024-08,2024,PkJnlmeVGZ0414mk0Pa90g,242.1615180618428,© Google,OK,1_9,156809.78167770896,8269029.944717876,a40658e0156ecf0145a348680af35862e11db4f0,cardinal,4,0,0_deg_north,cardinal,0,0,90,640,640,7,batch_0007,665,datasets/df_2024_proportional/batch_0007/images/a40658e0156ecf0145a348680af35862e11db4f0.jpg,https://raw.githubusercontent.com/GUIA-DD/dataset-streetview/main/datasets/df_2024_proportional/batch_0007/images/a40658e0156ecf0145a348680af35862e11db4f0.jpg,True,downloaded,
b0eab7af5f25d3455627821622473e213c0fe8dc,c1ffdf5fe93d1c4ae7b0a16efc641caabcde8b78,-15.6334029311824,-48.20043204494598,-15.63341993878909,-48.2002406504937,2024-08,2024,PkJnlmeVGZ0414mk0Pa90g,242.1615180618428,© Google,OK,1_9,156809.78167770896,8269029.944717876,1d288f750dabadd5ce2ead550047af9230bab742,cardinal,4,1,90_deg_east,cardinal,90,0,90,640,640,7,batch_0007,666,datasets/df_2024_proportional/batch_0007/images/1d288f750dabadd5ce2ead550047af9230bab742.jpg,https://raw.githubusercontent.com/GUIA-DD/dataset-streetview/main/datasets/df_2024_proportional/batch_0007/images/1d288f750dabadd5ce2ead550047af9230bab742.jpg,True,downloaded,
b0eab7af5f25d3455627821622473e213c0fe8dc,c1ffdf5fe93d1c4ae7b0a16efc641caabcde8b78,-15.6334029311824,-48.20043204494598,-15.63341993878909,-48.2002406504937,2024-08,2024,PkJnlmeVGZ0414mk0Pa90g,242.1615180618428,© Google,OK,1_9,156809.78167770896,8269029.944717876,e86bdd40ea87df25ddc8d44f6c8a8a85288b1dc8,cardinal,4,2,180_deg_south,cardinal,180,0,90,640,640,7,batch_0007,667,datasets/df_2024_proportional/batch_0007/images/e86bdd40ea87df25ddc8d44f6c8a8a85288b1dc8.jpg,https://raw.githubusercontent.com/GUIA-DD/dataset-streetview/main/datasets/df_2024_proportional/batch_0007/images/e86bdd40ea87df25ddc8d44f6c8a8a85288b1dc8.jpg,True,downloaded,
b0eab7af5f25d3455627821622473e213c0fe8dc,c1ffdf5fe93d1c4ae7b0a16efc641caabcde8b78,-15.6334029311824,-48.20043204494598,-15.63341993878909,-48.2002406504937,2024-08,2024,PkJnlmeVGZ0414mk0Pa90g,242.1615180618428,© Google,OK,1_9,156809.78167770896,8269029.944717876,d7367e9cdd095d5e3e411566a23017a4fa366514,cardinal,4,3,270_deg_west,cardinal,270,0,90,640,640,7,batch_0007,668,datasets/df_2024_proportional/batch_0007/images/d7367e9cdd095d5e3e411566a23017a4fa366514.jpg,https://raw.githubusercontent.com/GUIA-DD/dataset-streetview/main/datasets/df_2024_proportional/batch_0007/images/d7367e9cdd095d5e3e411566a23017a4fa366514.jpg,True,downloaded,
b21966b9aeae80970572418ccfdb77865147456d,e692915821029302693133e1d38b73a9ab2d7b4d,-15.802998050060344,-47.81151159976008,-15.80298342102096,-47.81150306342425,2024-12,2024,frzKe4a6QsmEey5WFwUjHQ,194.46412003353169,© Google,OK,9_5,198795.3307265016,8250841.969844425,881c4164b3c2320ff73f05986a574c28d19099ff,cardinal,4,0,0_deg_north,cardinal,0,0,90,640,640,7,batch_0007,669,datasets/df_2024_proportional/batch_0007/images/881c4164b3c2320ff73f05986a574c28d19099ff.jpg,https://raw.githubusercontent.com/GUIA-DD/dataset-streetview/main/datasets/df_2024_proportional/batch_0007/images/881c4164b3c2320ff73f05986a574c28d19099ff.jpg,True,downloaded,
b21966b9aeae80970572418ccfdb77865147456d,e692915821029302693133e1d38b73a9ab2d7b4d,-15.802998050060344,-47.81151159976008,-15.80298342102096,-47.81150306342425,2024-12,2024,frzKe4a6QsmEey5WFwUjHQ,194.46412003353169,© Google,OK,9_5,198795.3307265016,8250841.969844425,b8f9d155b2b88de5fd4a12f1af925df99116b0b7,cardinal,4,1,90_deg_east,cardinal,90,0,90,640,640,7,batch_0007,670,datasets/df_2024_proportional/batch_0007/images/b8f9d155b2b88de5fd4a12f1af925df99116b0b7.jpg,https://raw.githubusercontent.com/GUIA-DD/dataset-streetview/main/datasets/df_2024_proportional/batch_0007/images/b8f9d155b2b88de5fd4a12f1af925df99116b0b7.jpg,True,downloaded,
b21966b9aeae80970572418ccfdb77865147456d,e692915821029302693133e1d38b73a9ab2d7b4d,-15.802998050060344,-47.81151159976008,-15.80298342102096,-47.81150306342425,2024-12,2024,frzKe4a6QsmEey5WFwUjHQ,194.46412003353169,© Google,OK,9_5,198795.3307265016,8250841.969844425,040407700ede0dd57e45350c94bad95e036dd2bd,cardinal,4,2,180_deg_south,cardinal,180,0,90,640,640,7,batch_0007,671,datasets/df_2024_proportional/batch_0007/images/040407700ede0dd57e45350c94bad95e036dd2bd.jpg,https://raw.githubusercontent.com/GUIA-DD/dataset-streetview/main/datasets/df_2024_proportional/batch_0007/images/040407700ede0dd57e45350c94bad95e036dd2bd.jpg,True,downloaded,
b21966b9aeae80970572418ccfdb77865147456d,e692915821029302693133e1d38b73a9ab2d7b4d,-15.802998050060344,-47.81151159976008,-15.80298342102096,-47.81150306342425,2024-12,2024,frzKe4a6QsmEey5WFwUjHQ,194.46412003353169,© Google,OK,9_5,198795.3307265016,8250841.969844425,3e97614d47d61edd77acea7f884fca6534a49c86,cardinal,4,3,270_deg_west,cardinal,270,0,90,640,640,7,batch_0007,672,datasets/df_2024_proportional/batch_0007/images/3e97614d47d61edd77acea7f884fca6534a49c86.jpg,https://raw.githubusercontent.com/GUIA-DD/dataset-streetview/main/datasets/df_2024_proportional/batch_0007/images/3e97614d47d61edd77acea7f884fca6534a49c86.jpg,True,downloaded,
b21cb361e8dc24ad7ddc4f62d6cb633f03c0d3ff,7afef43964cfaf4d21bca46e41abd8b1806113e5,-16.027382450343616,-48.052155149248016,-16.02737214309208,-48.05213764734552,2025-05,2025,H7UClp1B34bXONMuBK-6EA,211.77845472386304,© Google,OK,4_0,173357.79919745144,8225632.003897844,37c727252a0c0bc58da8b859b914cec63d5ee49e,cardinal,4,0,0_deg_north,cardinal,0,0,90,640,640,7,batch_0007,673,datasets/df_2024_proportional/batch_0007/images/37c727252a0c0bc58da8b859b914cec63d5ee49e.jpg,https://raw.githubusercontent.com/GUIA-DD/dataset-streetview/main/datasets/df_2024_proportional/batch_0007/images/37c727252a0c0bc58da8b859b914cec63d5ee49e.jpg,True,downloaded,
b21cb361e8dc24ad7ddc4f62d6cb633f03c0d3ff,7afef43964cfaf4d21bca46e41abd8b1806113e5,-16.027382450343616,-48.052155149248016,-16.02737214309208,-48.05213764734552,2025-05,2025,H7UClp1B34bXONMuBK-6EA,211.77845472386304,© Google,OK,4_0,173357.79919745144,8225632.003897844,2919580c6191ff2d37c5b5e04d71f020474de132,cardinal,4,1,90_deg_east,cardinal,90,0,90,640,640,7,batch_0007,674,datasets/df_2024_proportional/batch_0007/images/2919580c6191ff2d37c5b5e04d71f020474de132.jpg,https://raw.githubusercontent.com/GUIA-DD/dataset-streetview/main/datasets/df_2024_proportional/batch_0007/images/2919580c6191ff2d37c5b5e04d71f020474de132.jpg,True,downloaded,
b21cb361e8dc24ad7ddc4f62d6cb633f03c0d3ff,7afef43964cfaf4d21bca46e41abd8b1806113e5,-16.027382450343616,-48.052155149248016,-16.02737214309208,-48.05213764734552,2025-05,2025,H7UClp1B34bXONMuBK-6EA,211.77845472386304,© Google,OK,4_0,173357.79919745144,8225632.003897844,40d1dbf5a01d2e944993a2f6bee6e582e3d873a9,cardinal,4,2,180_deg_south,cardinal,180,0,90,640,640,7,batch_0007,675,datasets/df_2024_proportional/batch_0007/images/40d1dbf5a01d2e944993a2f6bee6e582e3d873a9.jpg,https://raw.githubusercontent.com/GUIA-DD/dataset-streetview/main/datasets/df_2024_proportional/batch_0007/images/40d1dbf5a01d2e944993a2f6bee6e582e3d873a9.jpg,True,downloaded,
b21cb361e8dc24ad7ddc4f62d6cb633f03c0d3ff,7afef43964cfaf4d21bca46e41abd8b1806113e5,-16.027382450343616,-48.052155149248016,-16.02737214309208,-48.05213764734552,2025-05,2025,H7UClp1B34bXONMuBK-6EA,211.77845472386304,© Google,OK,4_0,173357.79919745144,8225632.003897844,c00401b2e8f577497cdad050e7c4590a68c65d77,cardinal,4,3,270_deg_west,cardinal,270,0,90,640,640,7,batch_0007,676,datasets/df_2024_proportional/batch_0007/images/c00401b2e8f577497cdad050e7c4590a68c65d77.jpg,https://raw.githubusercontent.com/GUIA-DD/dataset-streetview/main/datasets/df_2024_proportional/batch_0007/images/c00401b2e8f577497cdad050e7c4590a68c65d77.jpg,True,downloaded,
b49befd4b74aba79faf090865920f54db4be5c04,036cb014675ba4f52f74084108bab57ec0caf566,-15.88276382088242,-48.06242354493952,-15.88276928294667,-48.06239864770842,2025-06,2025,TdE80oOV22b4vhNoktg9tQ,258.76181278100063,© Google,OK,4_3,172022.43505218116,8241632.170461387,dab4182388cf57d05ac010ddfbdacc4238be8663,cardinal,4,0,0_deg_north,cardinal,0,0,90,640,640,7,batch_0007,677,datasets/df_2024_proportional/batch_0007/images/dab4182388cf57d05ac010ddfbdacc4238be8663.jpg,https://raw.githubusercontent.com/GUIA-DD/dataset-streetview/main/datasets/df_2024_proportional/batch_0007/images/dab4182388cf57d05ac010ddfbdacc4238be8663.jpg,True,downloaded,
b49befd4b74aba79faf090865920f54db4be5c04,036cb014675ba4f52f74084108bab57ec0caf566,-15.88276382088242,-48.06242354493952,-15.88276928294667,-48.06239864770842,2025-06,2025,TdE80oOV22b4vhNoktg9tQ,258.76181278100063,© Google,OK,4_3,172022.43505218116,8241632.170461387,092b87500c67150df2a950897467c86d7100c34d,cardinal,4,1,90_deg_east,cardinal,90,0,90,640,640,7,batch_0007,678,datasets/df_2024_proportional/batch_0007/images/092b87500c67150df2a950897467c86d7100c34d.jpg,https://raw.githubusercontent.com/GUIA-DD/dataset-streetview/main/datasets/df_2024_proportional/batch_0007/images/092b87500c67150df2a950897467c86d7100c34d.jpg,True,downloaded,
b49befd4b74aba79faf090865920f54db4be5c04,036cb014675ba4f52f74084108bab57ec0caf566,-15.88276382088242,-48.06242354493952,-15.88276928294667,-48.06239864770842,2025-06,2025,TdE80oOV22b4vhNoktg9tQ,258.76181278100063,© Google,OK,4_3,172022.43505218116,8241632.170461387,e8441afacdae5caf3f8e21a931a05ea966798473,cardinal,4,2,180_deg_south,cardinal,180,0,90,640,640,7,batch_0007,679,datasets/df_2024_proportional/batch_0007/images/e8441afacdae5caf3f8e21a931a05ea966798473.jpg,https://raw.githubusercontent.com/GUIA-DD/dataset-streetview/main/datasets/df_2024_proportional/batch_0007/images/e8441afacdae5caf3f8e21a931a05ea966798473.jpg,True,downloaded,
b49befd4b74aba79faf090865920f54db4be5c04,036cb014675ba4f52f74084108bab57ec0caf566,-15.88276382088242,-48.06242354493952,-15.88276928294667,-48.06239864770842,2025-06,2025,TdE80oOV22b4vhNoktg9tQ,258.76181278100063,© Google,OK,4_3,172022.43505218116,8241632.170461387,4cc8dcff4e2e609c4bebbb62b268ed4192cada05,cardinal,4,3,270_deg_west,cardinal,270,0,90,640,640,7,batch_0007,680,datasets/df_2024_proportional/batch_0007/images/4cc8dcff4e2e609c4bebbb62b268ed4192cada05.jpg,https://raw.githubusercontent.com/GUIA-DD/dataset-streetview/main/datasets/df_2024_proportional/batch_0007/images/4cc8dcff4e2e609c4bebbb62b268ed4192cada05.jpg,True,downloaded,
b4a2865f1898efbb9212dd6d15cac8015e5f565d,fd88c95c2c7ab563c9d2540c9a7e3caf45bb7c0d,-15.80073830031383,-48.13161784983514,-15.80074760857431,-48.13159480150136,2026-02,2026,GXS6jJr6maiHq-CUJIi_Pw,68.8146540185432,© Google,OK,3_5,164469.970515624,8250607.041395437,bff6715ac31059ac418e97b9b6aa1b8c23982985,cardinal,4,0,0_deg_north,cardinal,0,0,90,640,640,7,batch_0007,681,datasets/df_2024_proportional/batch_0007/images/bff6715ac31059ac418e97b9b6aa1b8c23982985.jpg,https://raw.githubusercontent.com/GUIA-DD/dataset-streetview/main/datasets/df_2024_proportional/batch_0007/images/bff6715ac31059ac418e97b9b6aa1b8c23982985.jpg,True,downloaded,
b4a2865f1898efbb9212dd6d15cac8015e5f565d,fd88c95c2c7ab563c9d2540c9a7e3caf45bb7c0d,-15.80073830031383,-48.13161784983514,-15.80074760857431,-48.13159480150136,2026-02,2026,GXS6jJr6maiHq-CUJIi_Pw,68.8146540185432,© Google,OK,3_5,164469.970515624,8250607.041395437,d92ebc21e7461d5f7a82be85017e02feab1e2a3c,cardinal,4,1,90_deg_east,cardinal,90,0,90,640,640,7,batch_0007,682,datasets/df_2024_proportional/batch_0007/images/d92ebc21e7461d5f7a82be85017e02feab1e2a3c.jpg,https://raw.githubusercontent.com/GUIA-DD/dataset-streetview/main/datasets/df_2024_proportional/batch_0007/images/d92ebc21e7461d5f7a82be85017e02feab1e2a3c.jpg,True,downloaded,
b4a2865f1898efbb9212dd6d15cac8015e5f565d,fd88c95c2c7ab563c9d2540c9a7e3caf45bb7c0d,-15.80073830031383,-48.13161784983514,-15.80074760857431,-48.13159480150136,2026-02,2026,GXS6jJr6maiHq-CUJIi_Pw,68.8146540185432,© Google,OK,3_5,164469.970515624,8250607.041395437,a6dfd32159dcfbdcfe01800819113917c837e404,cardinal,4,2,180_deg_south,cardinal,180,0,90,640,640,7,batch_0007,683,datasets/df_2024_proportional/batch_0007/images/a6dfd32159dcfbdcfe01800819113917c837e404.jpg,https://raw.githubusercontent.com/GUIA-DD/dataset-streetview/main/datasets/df_2024_proportional/batch_0007/images/a6dfd32159dcfbdcfe01800819113917c837e404.jpg,True,downloaded,
b4a2865f1898efbb9212dd6d15cac8015e5f565d,fd88c95c2c7ab563c9d2540c9a7e3caf45bb7c0d,-15.80073830031383,-48.13161784983514,-15.80074760857431,-48.13159480150136,2026-02,2026,GXS6jJr6maiHq-CUJIi_Pw,68.8146540185432,© Google,OK,3_5,164469.970515624,8250607.041395437,043500ffde0d7be543ee227f92cba3afc854f14b,cardinal,4,3,270_deg_west,cardinal,270,0,90,640,640,7,batch_0007,684,datasets/df_2024_proportional/batch_0007/images/043500ffde0d7be543ee227f92cba3afc854f14b.jpg,https://raw.githubusercontent.com/GUIA-DD/dataset-streetview/main/datasets/df_2024_proportional/batch_0007/images/043500ffde0d7be543ee227f92cba3afc854f14b.jpg,True,downloaded,
b817255b3c5e1695943c83459030b6b639fc9a4a,c27c56e666481935799192baefe3a0b5c1040e81,-16.035297750385542,-48.02474475008336,-16.03528409973761,-48.02469796848158,2025-02,2025,jb6LVh3qwjsXlsYsZhtEQQ,90.04382623324851,© Google,OK,5_0,176306.39444661236,8224798.439248941,2cabb3614a0bb482ad3dbc71b7bc7d18683dfe3e,cardinal,4,0,0_deg_north,cardinal,0,0,90,640,640,7,batch_0007,685,datasets/df_2024_proportional/batch_0007/images/2cabb3614a0bb482ad3dbc71b7bc7d18683dfe3e.jpg,https://raw.githubusercontent.com/GUIA-DD/dataset-streetview/main/datasets/df_2024_proportional/batch_0007/images/2cabb3614a0bb482ad3dbc71b7bc7d18683dfe3e.jpg,True,downloaded,
b817255b3c5e1695943c83459030b6b639fc9a4a,c27c56e666481935799192baefe3a0b5c1040e81,-16.035297750385542,-48.02474475008336,-16.03528409973761,-48.02469796848158,2025-02,2025,jb6LVh3qwjsXlsYsZhtEQQ,90.04382623324851,© Google,OK,5_0,176306.39444661236,8224798.439248941,92cee2d3e9298b261f16ce6f0db7220e7736d2d9,cardinal,4,1,90_deg_east,cardinal,90,0,90,640,640,7,batch_0007,686,datasets/df_2024_proportional/batch_0007/images/92cee2d3e9298b261f16ce6f0db7220e7736d2d9.jpg,https://raw.githubusercontent.com/GUIA-DD/dataset-streetview/main/datasets/df_2024_proportional/batch_0007/images/92cee2d3e9298b261f16ce6f0db7220e7736d2d9.jpg,True,downloaded,
b817255b3c5e1695943c83459030b6b639fc9a4a,c27c56e666481935799192baefe3a0b5c1040e81,-16.035297750385542,-48.02474475008336,-16.03528409973761,-48.02469796848158,2025-02,2025,jb6LVh3qwjsXlsYsZhtEQQ,90.04382623324851,© Google,OK,5_0,176306.39444661236,8224798.439248941,ee0074c3c5cb7b4504ac8b3f442e1332e1da8fe4,cardinal,4,2,180_deg_south,cardinal,180,0,90,640,640,7,batch_0007,687,datasets/df_2024_proportional/batch_0007/images/ee0074c3c5cb7b4504ac8b3f442e1332e1da8fe4.jpg,https://raw.githubusercontent.com/GUIA-DD/dataset-streetview/main/datasets/df_2024_proportional/batch_0007/images/ee0074c3c5cb7b4504ac8b3f442e1332e1da8fe4.jpg,True,downloaded,
b817255b3c5e1695943c83459030b6b639fc9a4a,c27c56e666481935799192baefe3a0b5c1040e81,-16.035297750385542,-48.02474475008336,-16.03528409973761,-48.02469796848158,2025-02,2025,jb6LVh3qwjsXlsYsZhtEQQ,90.04382623324851,© Google,OK,5_0,176306.39444661236,8224798.439248941,f48ec5f7b5640009c436b29927552b9597376cf5,cardinal,4,3,270_deg_west,cardinal,270,0,90,640,640,7,batch_0007,688,datasets/df_2024_proportional/batch_0007/images/f48ec5f7b5640009c436b29927552b9597376cf5.jpg,https://raw.githubusercontent.com/GUIA-DD/dataset-streetview/main/datasets/df_2024_proportional/batch_0007/images/f48ec5f7b5640009c436b29927552b9597376cf5.jpg,True,downloaded,
b9f46a4517dbd1db3dc4bb23ab3eb87dfc8cabd2,9331d9ac505848d3e3a608cca00ddaf94ddb393a,-16.04172600023538,-48.05895060043114,-16.04172309102264,-48.05899207187711,2025-05,2025,1G6h_FEvhpvwBILuHF6UtQ,301.614033351903,© Google,OK,4_0,172653.4081384565,8224032.73734391,5c928e60b5f276d468357dfa046a16bb1cf22028,cardinal,4,0,0_deg_north,cardinal,0,0,90,640,640,7,batch_0007,689,datasets/df_2024_proportional/batch_0007/images/5c928e60b5f276d468357dfa046a16bb1cf22028.jpg,https://raw.githubusercontent.com/GUIA-DD/dataset-streetview/main/datasets/df_2024_proportional/batch_0007/images/5c928e60b5f276d468357dfa046a16bb1cf22028.jpg,True,downloaded,
b9f46a4517dbd1db3dc4bb23ab3eb87dfc8cabd2,9331d9ac505848d3e3a608cca00ddaf94ddb393a,-16.04172600023538,-48.05895060043114,-16.04172309102264,-48.05899207187711,2025-05,2025,1G6h_FEvhpvwBILuHF6UtQ,301.614033351903,© Google,OK,4_0,172653.4081384565,8224032.73734391,fbcef0ebf1038a10943dcf2e05e970ed02d4a224,cardinal,4,1,90_deg_east,cardinal,90,0,90,640,640,7,batch_0007,690,datasets/df_2024_proportional/batch_0007/images/fbcef0ebf1038a10943dcf2e05e970ed02d4a224.jpg,https://raw.githubusercontent.com/GUIA-DD/dataset-streetview/main/datasets/df_2024_proportional/batch_0007/images/fbcef0ebf1038a10943dcf2e05e970ed02d4a224.jpg,True,downloaded,
b9f46a4517dbd1db3dc4bb23ab3eb87dfc8cabd2,9331d9ac505848d3e3a608cca00ddaf94ddb393a,-16.04172600023538,-48.05895060043114,-16.04172309102264,-48.05899207187711,2025-05,2025,1G6h_FEvhpvwBILuHF6UtQ,301.614033351903,© Google,OK,4_0,172653.4081384565,8224032.73734391,b49502ccd78312d588558c5c6bb72b8d1c45933b,cardinal,4,2,180_deg_south,cardinal,180,0,90,640,640,7,batch_0007,691,datasets/df_2024_proportional/batch_0007/images/b49502ccd78312d588558c5c6bb72b8d1c45933b.jpg,https://raw.githubusercontent.com/GUIA-DD/dataset-streetview/main/datasets/df_2024_proportional/batch_0007/images/b49502ccd78312d588558c5c6bb72b8d1c45933b.jpg,True,downloaded,
b9f46a4517dbd1db3dc4bb23ab3eb87dfc8cabd2,9331d9ac505848d3e3a608cca00ddaf94ddb393a,-16.04172600023538,-48.05895060043114,-16.04172309102264,-48.05899207187711,2025-05,2025,1G6h_FEvhpvwBILuHF6UtQ,301.614033351903,© Google,OK,4_0,172653.4081384565,8224032.73734391,79e430e86914f75aab73265235bfb0670c5ce051,cardinal,4,3,270_deg_west,cardinal,270,0,90,640,640,7,batch_0007,692,datasets/df_2024_proportional/batch_0007/images/79e430e86914f75aab73265235bfb0670c5ce051.jpg,https://raw.githubusercontent.com/GUIA-DD/dataset-streetview/main/datasets/df_2024_proportional/batch_0007/images/79e430e86914f75aab73265235bfb0670c5ce051.jpg,True,downloaded,
ba821da2daebeed4a1bc25749edaf9381a025870,417a7b8b3160df6ff79a4d432ec7d790a83bc6be,-15.841323918406818,-48.10040960476998,-15.84131810222339,-48.10043486759773,2025-06,2025,By81EyHSZyEh3KH78nAi2Q,57.10180772971659,© Google,OK,3_4,167882.899712053,8246161.729712306,cdf6190893b64cd1e2531f3db5c9ef887e69204b,cardinal,4,0,0_deg_north,cardinal,0,0,90,640,640,7,batch_0007,693,datasets/df_2024_proportional/batch_0007/images/cdf6190893b64cd1e2531f3db5c9ef887e69204b.jpg,https://raw.githubusercontent.com/GUIA-DD/dataset-streetview/main/datasets/df_2024_proportional/batch_0007/images/cdf6190893b64cd1e2531f3db5c9ef887e69204b.jpg,True,downloaded,
ba821da2daebeed4a1bc25749edaf9381a025870,417a7b8b3160df6ff79a4d432ec7d790a83bc6be,-15.841323918406818,-48.10040960476998,-15.84131810222339,-48.10043486759773,2025-06,2025,By81EyHSZyEh3KH78nAi2Q,57.10180772971659,© Google,OK,3_4,167882.899712053,8246161.729712306,6652fd3d344f6b15c5fb548bf19327363189eaed,cardinal,4,1,90_deg_east,cardinal,90,0,90,640,640,7,batch_0007,694,datasets/df_2024_proportional/batch_0007/images/6652fd3d344f6b15c5fb548bf19327363189eaed.jpg,https://raw.githubusercontent.com/GUIA-DD/dataset-streetview/main/datasets/df_2024_proportional/batch_0007/images/6652fd3d344f6b15c5fb548bf19327363189eaed.jpg,True,downloaded,
ba821da2daebeed4a1bc25749edaf9381a025870,417a7b8b3160df6ff79a4d432ec7d790a83bc6be,-15.841323918406818,-48.10040960476998,-15.84131810222339,-48.10043486759773,2025-06,2025,By81EyHSZyEh3KH78nAi2Q,57.10180772971659,© Google,OK,3_4,167882.899712053,8246161.729712306,145a325af4fdbf232c6bab966bd8180127c836cb,cardinal,4,2,180_deg_south,cardinal,180,0,90,640,640,7,batch_0007,695,datasets/df_2024_proportional/batch_0007/images/145a325af4fdbf232c6bab966bd8180127c836cb.jpg,https://raw.githubusercontent.com/GUIA-DD/dataset-streetview/main/datasets/df_2024_proportional/batch_0007/images/145a325af4fdbf232c6bab966bd8180127c836cb.jpg,True,downloaded,
ba821da2daebeed4a1bc25749edaf9381a025870,417a7b8b3160df6ff79a4d432ec7d790a83bc6be,-15.841323918406818,-48.10040960476998,-15.84131810222339,-48.10043486759773,2025-06,2025,By81EyHSZyEh3KH78nAi2Q,57.10180772971659,© Google,OK,3_4,167882.899712053,8246161.729712306,140ff8f3f79577467b820f023d198fb205cb29e8,cardinal,4,3,270_deg_west,cardinal,270,0,90,640,640,7,batch_0007,696,datasets/df_2024_proportional/batch_0007/images/140ff8f3f79577467b820f023d198fb205cb29e8.jpg,https://raw.githubusercontent.com/GUIA-DD/dataset-streetview/main/datasets/df_2024_proportional/batch_0007/images/140ff8f3f79577467b820f023d198fb205cb29e8.jpg,True,downloaded,
bbfb691221678369d1ca745c06d6966bfa1df9e1,7d1516e06cae196a4cfbed0450f577e6ce1c4002,-15.83873102620966,-47.56274005392602,-15.83871199235667,-47.5627142215074,2025-07,2025,6FShYzIw9RWY8HvobQDrnQ,197.11488192723044,© Google,OK,15_4,225511.1427804723,8247226.91721148,243aeef47c60b89518bb0df283374bb615279ad8,cardinal,4,0,0_deg_north,cardinal,0,0,90,640,640,7,batch_0007,697,datasets/df_2024_proportional/batch_0007/images/243aeef47c60b89518bb0df283374bb615279ad8.jpg,https://raw.githubusercontent.com/GUIA-DD/dataset-streetview/main/datasets/df_2024_proportional/batch_0007/images/243aeef47c60b89518bb0df283374bb615279ad8.jpg,True,downloaded,
bbfb691221678369d1ca745c06d6966bfa1df9e1,7d1516e06cae196a4cfbed0450f577e6ce1c4002,-15.83873102620966,-47.56274005392602,-15.83871199235667,-47.5627142215074,2025-07,2025,6FShYzIw9RWY8HvobQDrnQ,197.11488192723044,© Google,OK,15_4,225511.1427804723,8247226.91721148,c8d5075ebcf3e81dd47c4ee1564f98947f15f014,cardinal,4,1,90_deg_east,cardinal,90,0,90,640,640,7,batch_0007,698,datasets/df_2024_proportional/batch_0007/images/c8d5075ebcf3e81dd47c4ee1564f98947f15f014.jpg,https://raw.githubusercontent.com/GUIA-DD/dataset-streetview/main/datasets/df_2024_proportional/batch_0007/images/c8d5075ebcf3e81dd47c4ee1564f98947f15f014.jpg,True,downloaded,
bbfb691221678369d1ca745c06d6966bfa1df9e1,7d1516e06cae196a4cfbed0450f577e6ce1c4002,-15.83873102620966,-47.56274005392602,-15.83871199235667,-47.5627142215074,2025-07,2025,6FShYzIw9RWY8HvobQDrnQ,197.11488192723044,© Google,OK,15_4,225511.1427804723,8247226.91721148,827a20050f4eb2745eb394a86599310a4950a8b6,cardinal,4,2,180_deg_south,cardinal,180,0,90,640,640,7,batch_0007,699,datasets/df_2024_proportional/batch_0007/images/827a20050f4eb2745eb394a86599310a4950a8b6.jpg,https://raw.githubusercontent.com/GUIA-DD/dataset-streetview/main/datasets/df_2024_proportional/batch_0007/images/827a20050f4eb2745eb394a86599310a4950a8b6.jpg,True,downloaded,
bbfb691221678369d1ca745c06d6966bfa1df9e1,7d1516e06cae196a4cfbed0450f577e6ce1c4002,-15.83873102620966,-47.56274005392602,-15.83871199235667,-47.5627142215074,2025-07,2025,6FShYzIw9RWY8HvobQDrnQ,197.11488192723044,© Google,OK,15_4,225511.1427804723,8247226.91721148,527304bc2a956b305db7b97bc54cf4bc5c895ab0,cardinal,4,3,270_deg_west,cardinal,270,0,90,640,640,7,batch_0007,700,datasets/df_2024_proportional/batch_0007/images/527304bc2a956b305db7b97bc54cf4bc5c895ab0.jpg,https://raw.githubusercontent.com/GUIA-DD/dataset-streetview/main/datasets/df_2024_proportional/batch_0007/images/527304bc2a956b305db7b97bc54cf4bc5c895ab0.jpg,True,downloaded,
bc399722b6a60da9815c9ea3f725e6b7f14fee8c,cba3612618e1164b884c6c998201f49713a97cbc,-15.757014137402976,-47.926000105877776,-15.75708242335673,-47.92616228224206,2024-05,2024,Rgu4NYpnxK0C-rSmlBu1AQ,63.17839697162463,© Google,OK,7_6,186450.1254745141,8255766.53590996,e5c03a681648c3d95b6e15826d48890721ea93ec,cardinal,4,0,0_deg_north,cardinal,0,0,90,640,640,7,batch_0007,701,datasets/df_2024_proportional/batch_0007/images/e5c03a681648c3d95b6e15826d48890721ea93ec.jpg,https://raw.githubusercontent.com/GUIA-DD/dataset-streetview/main/datasets/df_2024_proportional/batch_0007/images/e5c03a681648c3d95b6e15826d48890721ea93ec.jpg,True,downloaded,
bc399722b6a60da9815c9ea3f725e6b7f14fee8c,cba3612618e1164b884c6c998201f49713a97cbc,-15.757014137402976,-47.926000105877776,-15.75708242335673,-47.92616228224206,2024-05,2024,Rgu4NYpnxK0C-rSmlBu1AQ,63.17839697162463,© Google,OK,7_6,186450.1254745141,8255766.53590996,c6783c9048ca350c45d59f9e011a20910300c3c6,cardinal,4,1,90_deg_east,cardinal,90,0,90,640,640,7,batch_0007,702,datasets/df_2024_proportional/batch_0007/images/c6783c9048ca350c45d59f9e011a20910300c3c6.jpg,https://raw.githubusercontent.com/GUIA-DD/dataset-streetview/main/datasets/df_2024_proportional/batch_0007/images/c6783c9048ca350c45d59f9e011a20910300c3c6.jpg,True,downloaded,
bc399722b6a60da9815c9ea3f725e6b7f14fee8c,cba3612618e1164b884c6c998201f49713a97cbc,-15.757014137402976,-47.926000105877776,-15.75708242335673,-47.92616228224206,2024-05,2024,Rgu4NYpnxK0C-rSmlBu1AQ,63.17839697162463,© Google,OK,7_6,186450.1254745141,8255766.53590996,e7807530a24a0cd25b5803ae4c7e58b45468a5f0,cardinal,4,2,180_deg_south,cardinal,180,0,90,640,640,7,batch_0007,703,datasets/df_2024_proportional/batch_0007/images/e7807530a24a0cd25b5803ae4c7e58b45468a5f0.jpg,https://raw.githubusercontent.com/GUIA-DD/dataset-streetview/main/datasets/df_2024_proportional/batch_0007/images/e7807530a24a0cd25b5803ae4c7e58b45468a5f0.jpg,True,downloaded,
bc399722b6a60da9815c9ea3f725e6b7f14fee8c,cba3612618e1164b884c6c998201f49713a97cbc,-15.757014137402976,-47.926000105877776,-15.75708242335673,-47.92616228224206,2024-05,2024,Rgu4NYpnxK0C-rSmlBu1AQ,63.17839697162463,© Google,OK,7_6,186450.1254745141,8255766.53590996,d2f9b4bb09c6835e1ee1e8bb49fb73a94be4e254,cardinal,4,3,270_deg_west,cardinal,270,0,90,640,640,7,batch_0007,704,datasets/df_2024_proportional/batch_0007/images/d2f9b4bb09c6835e1ee1e8bb49fb73a94be4e254.jpg,https://raw.githubusercontent.com/GUIA-DD/dataset-streetview/main/datasets/df_2024_proportional/batch_0007/images/d2f9b4bb09c6835e1ee1e8bb49fb73a94be4e254.jpg,True,downloaded,
bd09be33a1f35abb3585b0945437fa2277cdf8b7,3231e0f9291b3aca2272ee28b3dc62d0b9379836,-15.528296704366443,-47.6246119507312,-15.52829253567752,-47.62464024788699,2025-07,2025,BtAJanJLt4JLhDYEH50_dA,269.3735629629541,© Google,OK,13_11,218454.3797800736,8281513.438745424,1071d99b3bac6848cc7a6542e08754990fcfe32a,cardinal,4,0,0_deg_north,cardinal,0,0,90,640,640,7,batch_0007,705,datasets/df_2024_proportional/batch_0007/images/1071d99b3bac6848cc7a6542e08754990fcfe32a.jpg,https://raw.githubusercontent.com/GUIA-DD/dataset-streetview/main/datasets/df_2024_proportional/batch_0007/images/1071d99b3bac6848cc7a6542e08754990fcfe32a.jpg,True,downloaded,
bd09be33a1f35abb3585b0945437fa2277cdf8b7,3231e0f9291b3aca2272ee28b3dc62d0b9379836,-15.528296704366443,-47.6246119507312,-15.52829253567752,-47.62464024788699,2025-07,2025,BtAJanJLt4JLhDYEH50_dA,269.3735629629541,© Google,OK,13_11,218454.3797800736,8281513.438745424,a1815e4a75d10b82922d677ee8d09d1e3f91f307,cardinal,4,1,90_deg_east,cardinal,90,0,90,640,640,7,batch_0007,706,datasets/df_2024_proportional/batch_0007/images/a1815e4a75d10b82922d677ee8d09d1e3f91f307.jpg,https://raw.githubusercontent.com/GUIA-DD/dataset-streetview/main/datasets/df_2024_proportional/batch_0007/images/a1815e4a75d10b82922d677ee8d09d1e3f91f307.jpg,True,downloaded,
bd09be33a1f35abb3585b0945437fa2277cdf8b7,3231e0f9291b3aca2272ee28b3dc62d0b9379836,-15.528296704366443,-47.6246119507312,-15.52829253567752,-47.62464024788699,2025-07,2025,BtAJanJLt4JLhDYEH50_dA,269.3735629629541,© Google,OK,13_11,218454.3797800736,8281513.438745424,ef22e44b1abfdae797cb39a46328de4d43222966,cardinal,4,2,180_deg_south,cardinal,180,0,90,640,640,7,batch_0007,707,datasets/df_2024_proportional/batch_0007/images/ef22e44b1abfdae797cb39a46328de4d43222966.jpg,https://raw.githubusercontent.com/GUIA-DD/dataset-streetview/main/datasets/df_2024_proportional/batch_0007/images/ef22e44b1abfdae797cb39a46328de4d43222966.jpg,True,downloaded,
bd09be33a1f35abb3585b0945437fa2277cdf8b7,3231e0f9291b3aca2272ee28b3dc62d0b9379836,-15.528296704366443,-47.6246119507312,-15.52829253567752,-47.62464024788699,2025-07,2025,BtAJanJLt4JLhDYEH50_dA,269.3735629629541,© Google,OK,13_11,218454.3797800736,8281513.438745424,cf0814518593d552b1529ab2fddc10b9fca60d54,cardinal,4,3,270_deg_west,cardinal,270,0,90,640,640,7,batch_0007,708,datasets/df_2024_proportional/batch_0007/images/cf0814518593d552b1529ab2fddc10b9fca60d54.jpg,https://raw.githubusercontent.com/GUIA-DD/dataset-streetview/main/datasets/df_2024_proportional/batch_0007/images/cf0814518593d552b1529ab2fddc10b9fca60d54.jpg,True,downloaded,
c0a509039fe088e0a820355ec0bec154a731f6de,f0817c3fde125dc236f791bdf0592d73c1474968,-15.907978150105764,-48.05611764995264,-15.90799009009829,-48.05615392769469,2025-07,2025,5jQBGAofSYAFgVVOQro-tw,71.2455997285562,© Google,OK,4_3,172739.1622584888,8238849.616885231,0a5410d1632328e094c5bdcc6b4bdd537093d7ff,cardinal,4,0,0_deg_north,cardinal,0,0,90,640,640,7,batch_0007,709,datasets/df_2024_proportional/batch_0007/images/0a5410d1632328e094c5bdcc6b4bdd537093d7ff.jpg,https://raw.githubusercontent.com/GUIA-DD/dataset-streetview/main/datasets/df_2024_proportional/batch_0007/images/0a5410d1632328e094c5bdcc6b4bdd537093d7ff.jpg,True,downloaded,
c0a509039fe088e0a820355ec0bec154a731f6de,f0817c3fde125dc236f791bdf0592d73c1474968,-15.907978150105764,-48.05611764995264,-15.90799009009829,-48.05615392769469,2025-07,2025,5jQBGAofSYAFgVVOQro-tw,71.2455997285562,© Google,OK,4_3,172739.1622584888,8238849.616885231,c172444d7085630300290672a5e4f285684641f1,cardinal,4,1,90_deg_east,cardinal,90,0,90,640,640,7,batch_0007,710,datasets/df_2024_proportional/batch_0007/images/c172444d7085630300290672a5e4f285684641f1.jpg,https://raw.githubusercontent.com/GUIA-DD/dataset-streetview/main/datasets/df_2024_proportional/batch_0007/images/c172444d7085630300290672a5e4f285684641f1.jpg,True,downloaded,
c0a509039fe088e0a820355ec0bec154a731f6de,f0817c3fde125dc236f791bdf0592d73c1474968,-15.907978150105764,-48.05611764995264,-15.90799009009829,-48.05615392769469,2025-07,2025,5jQBGAofSYAFgVVOQro-tw,71.2455997285562,© Google,OK,4_3,172739.1622584888,8238849.616885231,fbaf69019680642e9cb35258ebe8d1778642670a,cardinal,4,2,180_deg_south,cardinal,180,0,90,640,640,7,batch_0007,711,datasets/df_2024_proportional/batch_0007/images/fbaf69019680642e9cb35258ebe8d1778642670a.jpg,https://raw.githubusercontent.com/GUIA-DD/dataset-streetview/main/datasets/df_2024_proportional/batch_0007/images/fbaf69019680642e9cb35258ebe8d1778642670a.jpg,True,downloaded,
c0a509039fe088e0a820355ec0bec154a731f6de,f0817c3fde125dc236f791bdf0592d73c1474968,-15.907978150105764,-48.05611764995264,-15.90799009009829,-48.05615392769469,2025-07,2025,5jQBGAofSYAFgVVOQro-tw,71.2455997285562,© Google,OK,4_3,172739.1622584888,8238849.616885231,db6e6680787d638caca12249578d2de58fc3f0c4,cardinal,4,3,270_deg_west,cardinal,270,0,90,640,640,7,batch_0007,712,datasets/df_2024_proportional/batch_0007/images/db6e6680787d638caca12249578d2de58fc3f0c4.jpg,https://raw.githubusercontent.com/GUIA-DD/dataset-streetview/main/datasets/df_2024_proportional/batch_0007/images/db6e6680787d638caca12249578d2de58fc3f0c4.jpg,True,downloaded,
c1f89baa0f5a6310f0f192b57bdd2b4227739c01,dc4f939a48418e87efdeffafb027250154bd45ff,-15.909413189739842,-48.09541360297566,-15.90941618364596,-48.09542113642222,2025-07,2025,DK21UWU3iAoZuejvCzt1sg,264.6712351315703,© Google,OK,3_3,168530.0739154295,8238628.656252103,e9291fa9931fabb07438693cc8b59278f6db9f33,cardinal,4,0,0_deg_north,cardinal,0,0,90,640,640,7,batch_0007,713,datasets/df_2024_proportional/batch_0007/images/e9291fa9931fabb07438693cc8b59278f6db9f33.jpg,https://raw.githubusercontent.com/GUIA-DD/dataset-streetview/main/datasets/df_2024_proportional/batch_0007/images/e9291fa9931fabb07438693cc8b59278f6db9f33.jpg,True,downloaded,
c1f89baa0f5a6310f0f192b57bdd2b4227739c01,dc4f939a48418e87efdeffafb027250154bd45ff,-15.909413189739842,-48.09541360297566,-15.90941618364596,-48.09542113642222,2025-07,2025,DK21UWU3iAoZuejvCzt1sg,264.6712351315703,© Google,OK,3_3,168530.0739154295,8238628.656252103,fcbda0b153527b2d17ac812c16e4b5f8694613c8,cardinal,4,1,90_deg_east,cardinal,90,0,90,640,640,7,batch_0007,714,datasets/df_2024_proportional/batch_0007/images/fcbda0b153527b2d17ac812c16e4b5f8694613c8.jpg,https://raw.githubusercontent.com/GUIA-DD/dataset-streetview/main/datasets/df_2024_proportional/batch_0007/images/fcbda0b153527b2d17ac812c16e4b5f8694613c8.jpg,True,downloaded,
c1f89baa0f5a6310f0f192b57bdd2b4227739c01,dc4f939a48418e87efdeffafb027250154bd45ff,-15.909413189739842,-48.09541360297566,-15.90941618364596,-48.09542113642222,2025-07,2025,DK21UWU3iAoZuejvCzt1sg,264.6712351315703,© Google,OK,3_3,168530.0739154295,8238628.656252103,cc09e57cd1209161e847e9620014e1e749b63ae9,cardinal,4,2,180_deg_south,cardinal,180,0,90,640,640,7,batch_0007,715,datasets/df_2024_proportional/batch_0007/images/cc09e57cd1209161e847e9620014e1e749b63ae9.jpg,https://raw.githubusercontent.com/GUIA-DD/dataset-streetview/main/datasets/df_2024_proportional/batch_0007/images/cc09e57cd1209161e847e9620014e1e749b63ae9.jpg,True,downloaded,
c1f89baa0f5a6310f0f192b57bdd2b4227739c01,dc4f939a48418e87efdeffafb027250154bd45ff,-15.909413189739842,-48.09541360297566,-15.90941618364596,-48.09542113642222,2025-07,2025,DK21UWU3iAoZuejvCzt1sg,264.6712351315703,© Google,OK,3_3,168530.0739154295,8238628.656252103,86dd7a1b3070bedc9ec89847756b18d9158b79d0,cardinal,4,3,270_deg_west,cardinal,270,0,90,640,640,7,batch_0007,716,datasets/df_2024_proportional/batch_0007/images/86dd7a1b3070bedc9ec89847756b18d9158b79d0.jpg,https://raw.githubusercontent.com/GUIA-DD/dataset-streetview/main/datasets/df_2024_proportional/batch_0007/images/86dd7a1b3070bedc9ec89847756b18d9158b79d0.jpg,True,downloaded,
c38913b59ea5a93100ed743f168f46cbe08fe9ed,e29c3e186cc86f8d04c819f47ed14e06c14333fb,-16.016727850350176,-48.08138024924341,-16.01675145234964,-48.08137759557169,2025-05,2025,vReedoGBKqAQ1jLhQYoWHw,32.10301121760028,© Google,OK,4_0,170210.02828090356,8226765.710460818,b5d671bad66995208de2fbf056d2da87ec145f61,cardinal,4,0,0_deg_north,cardinal,0,0,90,640,640,7,batch_0007,717,datasets/df_2024_proportional/batch_0007/images/b5d671bad66995208de2fbf056d2da87ec145f61.jpg,https://raw.githubusercontent.com/GUIA-DD/dataset-streetview/main/datasets/df_2024_proportional/batch_0007/images/b5d671bad66995208de2fbf056d2da87ec145f61.jpg,True,downloaded,
c38913b59ea5a93100ed743f168f46cbe08fe9ed,e29c3e186cc86f8d04c819f47ed14e06c14333fb,-16.016727850350176,-48.08138024924341,-16.01675145234964,-48.08137759557169,2025-05,2025,vReedoGBKqAQ1jLhQYoWHw,32.10301121760028,© Google,OK,4_0,170210.02828090356,8226765.710460818,c7d795511d5effad03c35751230a7a67c7fbee35,cardinal,4,1,90_deg_east,cardinal,90,0,90,640,640,7,batch_0007,718,datasets/df_2024_proportional/batch_0007/images/c7d795511d5effad03c35751230a7a67c7fbee35.jpg,https://raw.githubusercontent.com/GUIA-DD/dataset-streetview/main/datasets/df_2024_proportional/batch_0007/images/c7d795511d5effad03c35751230a7a67c7fbee35.jpg,True,downloaded,
c38913b59ea5a93100ed743f168f46cbe08fe9ed,e29c3e186cc86f8d04c819f47ed14e06c14333fb,-16.016727850350176,-48.08138024924341,-16.01675145234964,-48.08137759557169,2025-05,2025,vReedoGBKqAQ1jLhQYoWHw,32.10301121760028,© Google,OK,4_0,170210.02828090356,8226765.710460818,5f15dce14ca2f5141131e7d4291970cd9f1029e6,cardinal,4,2,180_deg_south,cardinal,180,0,90,640,640,7,batch_0007,719,datasets/df_2024_proportional/batch_0007/images/5f15dce14ca2f5141131e7d4291970cd9f1029e6.jpg,https://raw.githubusercontent.com/GUIA-DD/dataset-streetview/main/datasets/df_2024_proportional/batch_0007/images/5f15dce14ca2f5141131e7d4291970cd9f1029e6.jpg,True,downloaded,
c38913b59ea5a93100ed743f168f46cbe08fe9ed,e29c3e186cc86f8d04c819f47ed14e06c14333fb,-16.016727850350176,-48.08138024924341,-16.01675145234964,-48.08137759557169,2025-05,2025,vReedoGBKqAQ1jLhQYoWHw,32.10301121760028,© Google,OK,4_0,170210.02828090356,8226765.710460818,4a6d703acb4fc3177970afb1cf729a2175670db5,cardinal,4,3,270_deg_west,cardinal,270,0,90,640,640,7,batch_0007,720,datasets/df_2024_proportional/batch_0007/images/4a6d703acb4fc3177970afb1cf729a2175670db5.jpg,https://raw.githubusercontent.com/GUIA-DD/dataset-streetview/main/datasets/df_2024_proportional/batch_0007/images/4a6d703acb4fc3177970afb1cf729a2175670db5.jpg,True,downloaded,
c3f0fd6aa73c3cfc53b3e612c005cb7fa4517334,0f61bf811b5fdeea685e25a398dd5f91103cb0e2,-15.81235280000016,-48.09380740001456,-15.81232553504828,-48.09383551447787,2024-07,2024,TSVuiUUysU705m8JLW_qxA,160.44869465196828,© Google,OK,3_5,168543.42185799035,8249380.763923846,ce1830ca90e825c8eb05a7298ea9ae8d4eef5eac,cardinal,4,0,0_deg_north,cardinal,0,0,90,640,640,7,batch_0007,721,datasets/df_2024_proportional/batch_0007/images/ce1830ca90e825c8eb05a7298ea9ae8d4eef5eac.jpg,https://raw.githubusercontent.com/GUIA-DD/dataset-streetview/main/datasets/df_2024_proportional/batch_0007/images/ce1830ca90e825c8eb05a7298ea9ae8d4eef5eac.jpg,True,downloaded,
c3f0fd6aa73c3cfc53b3e612c005cb7fa4517334,0f61bf811b5fdeea685e25a398dd5f91103cb0e2,-15.81235280000016,-48.09380740001456,-15.81232553504828,-48.09383551447787,2024-07,2024,TSVuiUUysU705m8JLW_qxA,160.44869465196828,© Google,OK,3_5,168543.42185799035,8249380.763923846,fa31393ac5a1ff93bb89f295c64f23ef6852076f,cardinal,4,1,90_deg_east,cardinal,90,0,90,640,640,7,batch_0007,722,datasets/df_2024_proportional/batch_0007/images/fa31393ac5a1ff93bb89f295c64f23ef6852076f.jpg,https://raw.githubusercontent.com/GUIA-DD/dataset-streetview/main/datasets/df_2024_proportional/batch_0007/images/fa31393ac5a1ff93bb89f295c64f23ef6852076f.jpg,True,downloaded,
c3f0fd6aa73c3cfc53b3e612c005cb7fa4517334,0f61bf811b5fdeea685e25a398dd5f91103cb0e2,-15.81235280000016,-48.09380740001456,-15.81232553504828,-48.09383551447787,2024-07,2024,TSVuiUUysU705m8JLW_qxA,160.44869465196828,© Google,OK,3_5,168543.42185799035,8249380.763923846,db81321fc88875b43752d71e14045106b5a45de4,cardinal,4,2,180_deg_south,cardinal,180,0,90,640,640,7,batch_0007,723,datasets/df_2024_proportional/batch_0007/images/db81321fc88875b43752d71e14045106b5a45de4.jpg,https://raw.githubusercontent.com/GUIA-DD/dataset-streetview/main/datasets/df_2024_proportional/batch_0007/images/db81321fc88875b43752d71e14045106b5a45de4.jpg,True,downloaded,
c3f0fd6aa73c3cfc53b3e612c005cb7fa4517334,0f61bf811b5fdeea685e25a398dd5f91103cb0e2,-15.81235280000016,-48.09380740001456,-15.81232553504828,-48.09383551447787,2024-07,2024,TSVuiUUysU705m8JLW_qxA,160.44869465196828,© Google,OK,3_5,168543.42185799035,8249380.763923846,32c24af571bd339f20d5b193c581cbe75de168aa,cardinal,4,3,270_deg_west,cardinal,270,0,90,640,640,7,batch_0007,724,datasets/df_2024_proportional/batch_0007/images/32c24af571bd339f20d5b193c581cbe75de168aa.jpg,https://raw.githubusercontent.com/GUIA-DD/dataset-streetview/main/datasets/df_2024_proportional/batch_0007/images/32c24af571bd339f20d5b193c581cbe75de168aa.jpg,True,downloaded,
c82da2d2fa68e5cb7e3cda019bfbbea14ef340f1,a2819ed9d7b3e9463ff7382888504f71864844ca,-16.046505550056573,-48.044095349903785,-16.04653453804581,-48.04410515295852,2025-02,2025,VgHpm41gSdDgski5zyBYlA,40.22091287256197,© Google,OK,5_0,174252.1685357076,8223526.848786311,80f7ec00ee1c46ebbe21446acc89476b5aac6331,cardinal,4,0,0_deg_north,cardinal,0,0,90,640,640,7,batch_0007,725,datasets/df_2024_proportional/batch_0007/images/80f7ec00ee1c46ebbe21446acc89476b5aac6331.jpg,https://raw.githubusercontent.com/GUIA-DD/dataset-streetview/main/datasets/df_2024_proportional/batch_0007/images/80f7ec00ee1c46ebbe21446acc89476b5aac6331.jpg,True,downloaded,
c82da2d2fa68e5cb7e3cda019bfbbea14ef340f1,a2819ed9d7b3e9463ff7382888504f71864844ca,-16.046505550056573,-48.044095349903785,-16.04653453804581,-48.04410515295852,2025-02,2025,VgHpm41gSdDgski5zyBYlA,40.22091287256197,© Google,OK,5_0,174252.1685357076,8223526.848786311,62bd9bcc97082428c48ba03e4103005f4de81488,cardinal,4,1,90_deg_east,cardinal,90,0,90,640,640,7,batch_0007,726,datasets/df_2024_proportional/batch_0007/images/62bd9bcc97082428c48ba03e4103005f4de81488.jpg,https://raw.githubusercontent.com/GUIA-DD/dataset-streetview/main/datasets/df_2024_proportional/batch_0007/images/62bd9bcc97082428c48ba03e4103005f4de81488.jpg,True,downloaded,
c82da2d2fa68e5cb7e3cda019bfbbea14ef340f1,a2819ed9d7b3e9463ff7382888504f71864844ca,-16.046505550056573,-48.044095349903785,-16.04653453804581,-48.04410515295852,2025-02,2025,VgHpm41gSdDgski5zyBYlA,40.22091287256197,© Google,OK,5_0,174252.1685357076,8223526.848786311,8240a3cf72269fd0bcecb5e815133d5cb6d6efcd,cardinal,4,2,180_deg_south,cardinal,180,0,90,640,640,7,batch_0007,727,datasets/df_2024_proportional/batch_0007/images/8240a3cf72269fd0bcecb5e815133d5cb6d6efcd.jpg,https://raw.githubusercontent.com/GUIA-DD/dataset-streetview/main/datasets/df_2024_proportional/batch_0007/images/8240a3cf72269fd0bcecb5e815133d5cb6d6efcd.jpg,True,downloaded,
c82da2d2fa68e5cb7e3cda019bfbbea14ef340f1,a2819ed9d7b3e9463ff7382888504f71864844ca,-16.046505550056573,-48.044095349903785,-16.04653453804581,-48.04410515295852,2025-02,2025,VgHpm41gSdDgski5zyBYlA,40.22091287256197,© Google,OK,5_0,174252.1685357076,8223526.848786311,41d0cc40c5ac5cd27141352e57ed4939e9c1cfb7,cardinal,4,3,270_deg_west,cardinal,270,0,90,640,640,7,batch_0007,728,datasets/df_2024_proportional/batch_0007/images/41d0cc40c5ac5cd27141352e57ed4939e9c1cfb7.jpg,https://raw.githubusercontent.com/GUIA-DD/dataset-streetview/main/datasets/df_2024_proportional/batch_0007/images/41d0cc40c5ac5cd27141352e57ed4939e9c1cfb7.jpg,True,downloaded,
c84c432bbcd32a406486ecae58a9525c59410bb5,5e8bbf0d69e32bb4f928cc6ced0938e4b22e5848,-15.916301699999664,-48.04935580004011,-15.91632341882124,-48.04936463114358,2025-07,2025,W_8GLgQd96dIMt1q7_kffA,342.802654101264,© Google,OK,4_3,173477.29645622193,8237938.396436597,70b41eb240c050fa26e0ec74c443c1e5d872c0cd,cardinal,4,0,0_deg_north,cardinal,0,0,90,640,640,7,batch_0007,729,datasets/df_2024_proportional/batch_0007/images/70b41eb240c050fa26e0ec74c443c1e5d872c0cd.jpg,https://raw.githubusercontent.com/GUIA-DD/dataset-streetview/main/datasets/df_2024_proportional/batch_0007/images/70b41eb240c050fa26e0ec74c443c1e5d872c0cd.jpg,True,downloaded,
c84c432bbcd32a406486ecae58a9525c59410bb5,5e8bbf0d69e32bb4f928cc6ced0938e4b22e5848,-15.916301699999664,-48.04935580004011,-15.91632341882124,-48.04936463114358,2025-07,2025,W_8GLgQd96dIMt1q7_kffA,342.802654101264,© Google,OK,4_3,173477.29645622193,8237938.396436597,be8b323c26b0bc5dec1036e2d672edf68fff0fbb,cardinal,4,1,90_deg_east,cardinal,90,0,90,640,640,7,batch_0007,730,datasets/df_2024_proportional/batch_0007/images/be8b323c26b0bc5dec1036e2d672edf68fff0fbb.jpg,https://raw.githubusercontent.com/GUIA-DD/dataset-streetview/main/datasets/df_2024_proportional/batch_0007/images/be8b323c26b0bc5dec1036e2d672edf68fff0fbb.jpg,True,downloaded,
c84c432bbcd32a406486ecae58a9525c59410bb5,5e8bbf0d69e32bb4f928cc6ced0938e4b22e5848,-15.916301699999664,-48.04935580004011,-15.91632341882124,-48.04936463114358,2025-07,2025,W_8GLgQd96dIMt1q7_kffA,342.802654101264,© Google,OK,4_3,173477.29645622193,8237938.396436597,2a2b4f7de237f3e70a0317c0400f3d7c8ac94551,cardinal,4,2,180_deg_south,cardinal,180,0,90,640,640,7,batch_0007,731,datasets/df_2024_proportional/batch_0007/images/2a2b4f7de237f3e70a0317c0400f3d7c8ac94551.jpg,https://raw.githubusercontent.com/GUIA-DD/dataset-streetview/main/datasets/df_2024_proportional/batch_0007/images/2a2b4f7de237f3e70a0317c0400f3d7c8ac94551.jpg,True,downloaded,
c84c432bbcd32a406486ecae58a9525c59410bb5,5e8bbf0d69e32bb4f928cc6ced0938e4b22e5848,-15.916301699999664,-48.04935580004011,-15.91632341882124,-48.04936463114358,2025-07,2025,W_8GLgQd96dIMt1q7_kffA,342.802654101264,© Google,OK,4_3,173477.29645622193,8237938.396436597,8cd10a0a416ccb62ff658bb1accef03f459a782b,cardinal,4,3,270_deg_west,cardinal,270,0,90,640,640,7,batch_0007,732,datasets/df_2024_proportional/batch_0007/images/8cd10a0a416ccb62ff658bb1accef03f459a782b.jpg,https://raw.githubusercontent.com/GUIA-DD/dataset-streetview/main/datasets/df_2024_proportional/batch_0007/images/8cd10a0a416ccb62ff658bb1accef03f459a782b.jpg,True,downloaded,
c96889e29ed2cfe35bd90197f426ad3902d8f6ea,cdb2fa8f50cf910cdab797b8a817b03ee46459ee,-15.885034276564744,-48.12448172280229,-15.88504134319813,-48.124497558857,2025-03,2025,qhyyWJg89377svNGQLAhTw,174.72198483907488,© Google,OK,3_3,165374.33615200978,8241282.3250204595,af678f36c38f6ceef110fa835ffe8e5377088914,cardinal,4,0,0_deg_north,cardinal,0,0,90,640,640,7,batch_0007,733,datasets/df_2024_proportional/batch_0007/images/af678f36c38f6ceef110fa835ffe8e5377088914.jpg,https://raw.githubusercontent.com/GUIA-DD/dataset-streetview/main/datasets/df_2024_proportional/batch_0007/images/af678f36c38f6ceef110fa835ffe8e5377088914.jpg,True,downloaded,
c96889e29ed2cfe35bd90197f426ad3902d8f6ea,cdb2fa8f50cf910cdab797b8a817b03ee46459ee,-15.885034276564744,-48.12448172280229,-15.88504134319813,-48.124497558857,2025-03,2025,qhyyWJg89377svNGQLAhTw,174.72198483907488,© Google,OK,3_3,165374.33615200978,8241282.3250204595,68ebe747b0a13be48371e35f4a728648c44ab372,cardinal,4,1,90_deg_east,cardinal,90,0,90,640,640,7,batch_0007,734,datasets/df_2024_proportional/batch_0007/images/68ebe747b0a13be48371e35f4a728648c44ab372.jpg,https://raw.githubusercontent.com/GUIA-DD/dataset-streetview/main/datasets/df_2024_proportional/batch_0007/images/68ebe747b0a13be48371e35f4a728648c44ab372.jpg,True,downloaded,
c96889e29ed2cfe35bd90197f426ad3902d8f6ea,cdb2fa8f50cf910cdab797b8a817b03ee46459ee,-15.885034276564744,-48.12448172280229,-15.88504134319813,-48.124497558857,2025-03,2025,qhyyWJg89377svNGQLAhTw,174.72198483907488,© Google,OK,3_3,165374.33615200978,8241282.3250204595,7aa9b2a38ca7986909b4a97f3e36058390005665,cardinal,4,2,180_deg_south,cardinal,180,0,90,640,640,7,batch_0007,735,datasets/df_2024_proportional/batch_0007/images/7aa9b2a38ca7986909b4a97f3e36058390005665.jpg,https://raw.githubusercontent.com/GUIA-DD/dataset-streetview/main/datasets/df_2024_proportional/batch_0007/images/7aa9b2a38ca7986909b4a97f3e36058390005665.jpg,True,downloaded,
c96889e29ed2cfe35bd90197f426ad3902d8f6ea,cdb2fa8f50cf910cdab797b8a817b03ee46459ee,-15.885034276564744,-48.12448172280229,-15.88504134319813,-48.124497558857,2025-03,2025,qhyyWJg89377svNGQLAhTw,174.72198483907488,© Google,OK,3_3,165374.33615200978,8241282.3250204595,be18513608be5c4d018b3c7414bc993894455425,cardinal,4,3,270_deg_west,cardinal,270,0,90,640,640,7,batch_0007,736,datasets/df_2024_proportional/batch_0007/images/be18513608be5c4d018b3c7414bc993894455425.jpg,https://raw.githubusercontent.com/GUIA-DD/dataset-streetview/main/datasets/df_2024_proportional/batch_0007/images/be18513608be5c4d018b3c7414bc993894455425.jpg,True,downloaded,
c9c04822585dad70d06091bf91a610a65a1c8711,506fe79d4e32f7e1663633d7ac69a7e43dceb78a,-15.876745499999242,-48.06972735004143,-15.87678044117995,-48.06973576938572,2025-06,2025,uKTeLCu68ALfpujZFy702w,343.4716506583237,© Google,OK,4_3,171229.79576088066,8242287.218696799,b2a553cba3f975573acddec17cb93f405fd372d3,cardinal,4,0,0_deg_north,cardinal,0,0,90,640,640,7,batch_0007,737,datasets/df_2024_proportional/batch_0007/images/b2a553cba3f975573acddec17cb93f405fd372d3.jpg,https://raw.githubusercontent.com/GUIA-DD/dataset-streetview/main/datasets/df_2024_proportional/batch_0007/images/b2a553cba3f975573acddec17cb93f405fd372d3.jpg,True,downloaded,
c9c04822585dad70d06091bf91a610a65a1c8711,506fe79d4e32f7e1663633d7ac69a7e43dceb78a,-15.876745499999242,-48.06972735004143,-15.87678044117995,-48.06973576938572,2025-06,2025,uKTeLCu68ALfpujZFy702w,343.4716506583237,© Google,OK,4_3,171229.79576088066,8242287.218696799,ee3d51cb3dd2d18a6378a3a701a1349930d913e2,cardinal,4,1,90_deg_east,cardinal,90,0,90,640,640,7,batch_0007,738,datasets/df_2024_proportional/batch_0007/images/ee3d51cb3dd2d18a6378a3a701a1349930d913e2.jpg,https://raw.githubusercontent.com/GUIA-DD/dataset-streetview/main/datasets/df_2024_proportional/batch_0007/images/ee3d51cb3dd2d18a6378a3a701a1349930d913e2.jpg,True,downloaded,
c9c04822585dad70d06091bf91a610a65a1c8711,506fe79d4e32f7e1663633d7ac69a7e43dceb78a,-15.876745499999242,-48.06972735004143,-15.87678044117995,-48.06973576938572,2025-06,2025,uKTeLCu68ALfpujZFy702w,343.4716506583237,© Google,OK,4_3,171229.79576088066,8242287.218696799,3a9b78452c7365ef97df6b814caabf6efd52a2dc,cardinal,4,2,180_deg_south,cardinal,180,0,90,640,640,7,batch_0007,739,datasets/df_2024_proportional/batch_0007/images/3a9b78452c7365ef97df6b814caabf6efd52a2dc.jpg,https://raw.githubusercontent.com/GUIA-DD/dataset-streetview/main/datasets/df_2024_proportional/batch_0007/images/3a9b78452c7365ef97df6b814caabf6efd52a2dc.jpg,True,downloaded,
c9c04822585dad70d06091bf91a610a65a1c8711,506fe79d4e32f7e1663633d7ac69a7e43dceb78a,-15.876745499999242,-48.06972735004143,-15.87678044117995,-48.06973576938572,2025-06,2025,uKTeLCu68ALfpujZFy702w,343.4716506583237,© Google,OK,4_3,171229.79576088066,8242287.218696799,0d62dfc90bdcbf4a8e19d5875a08a7c46b8dd9f8,cardinal,4,3,270_deg_west,cardinal,270,0,90,640,640,7,batch_0007,740,datasets/df_2024_proportional/batch_0007/images/0d62dfc90bdcbf4a8e19d5875a08a7c46b8dd9f8.jpg,https://raw.githubusercontent.com/GUIA-DD/dataset-streetview/main/datasets/df_2024_proportional/batch_0007/images/0d62dfc90bdcbf4a8e19d5875a08a7c46b8dd9f8.jpg,True,downloaded,
c9d5fb274d79feff893e3ba40a73ff64d93d00c7,7bda76ef89c8d0ba8c6b354cf5f2b040486f1204,-15.901710300033402,-48.07140684998611,-15.90170154082832,-48.07139917687419,2025-07,2025,C6fBt1qLRc-jtL8vOVZ8xg,72.13608008175241,© Google,OK,4_3,171090.38936725628,8239519.7394492095,92b17260ff3864ef9dd8d46682e38dd8c91bb239,cardinal,4,0,0_deg_north,cardinal,0,0,90,640,640,7,batch_0007,741,datasets/df_2024_proportional/batch_0007/images/92b17260ff3864ef9dd8d46682e38dd8c91bb239.jpg,https://raw.githubusercontent.com/GUIA-DD/dataset-streetview/main/datasets/df_2024_proportional/batch_0007/images/92b17260ff3864ef9dd8d46682e38dd8c91bb239.jpg,True,downloaded,
c9d5fb274d79feff893e3ba40a73ff64d93d00c7,7bda76ef89c8d0ba8c6b354cf5f2b040486f1204,-15.901710300033402,-48.07140684998611,-15.90170154082832,-48.07139917687419,2025-07,2025,C6fBt1qLRc-jtL8vOVZ8xg,72.13608008175241,© Google,OK,4_3,171090.38936725628,8239519.7394492095,9c0199009b8cc649b4ac4902c5d8eb50967c4e98,cardinal,4,1,90_deg_east,cardinal,90,0,90,640,640,7,batch_0007,742,datasets/df_2024_proportional/batch_0007/images/9c0199009b8cc649b4ac4902c5d8eb50967c4e98.jpg,https://raw.githubusercontent.com/GUIA-DD/dataset-streetview/main/datasets/df_2024_proportional/batch_0007/images/9c0199009b8cc649b4ac4902c5d8eb50967c4e98.jpg,True,downloaded,
c9d5fb274d79feff893e3ba40a73ff64d93d00c7,7bda76ef89c8d0ba8c6b354cf5f2b040486f1204,-15.901710300033402,-48.07140684998611,-15.90170154082832,-48.07139917687419,2025-07,2025,C6fBt1qLRc-jtL8vOVZ8xg,72.13608008175241,© Google,OK,4_3,171090.38936725628,8239519.7394492095,0ff22d3d64625a7469c5b3ab00d8701bdf061ae8,cardinal,4,2,180_deg_south,cardinal,180,0,90,640,640,7,batch_0007,743,datasets/df_2024_proportional/batch_0007/images/0ff22d3d64625a7469c5b3ab00d8701bdf061ae8.jpg,https://raw.githubusercontent.com/GUIA-DD/dataset-streetview/main/datasets/df_2024_proportional/batch_0007/images/0ff22d3d64625a7469c5b3ab00d8701bdf061ae8.jpg,True,downloaded,
c9d5fb274d79feff893e3ba40a73ff64d93d00c7,7bda76ef89c8d0ba8c6b354cf5f2b040486f1204,-15.901710300033402,-48.07140684998611,-15.90170154082832,-48.07139917687419,2025-07,2025,C6fBt1qLRc-jtL8vOVZ8xg,72.13608008175241,© Google,OK,4_3,171090.38936725628,8239519.7394492095,e9c5cff1375749b6b2e0162ea68da1c07ab37058,cardinal,4,3,270_deg_west,cardinal,270,0,90,640,640,7,batch_0007,744,datasets/df_2024_proportional/batch_0007/images/e9c5cff1375749b6b2e0162ea68da1c07ab37058.jpg,https://raw.githubusercontent.com/GUIA-DD/dataset-streetview/main/datasets/df_2024_proportional/batch_0007/images/e9c5cff1375749b6b2e0162ea68da1c07ab37058.jpg,True,downloaded,
ca9b7d6d39f1724768de96e211c11a5f19a35210,0e72b341f018ef107f59489d11225ac54432c0b3,-16.01597070042476,-47.98996209991467,-16.0160074697095,-47.98995365616975,2025-01,2025,HSIxhUGlY0GdriJrq3pjqw,78.51246259350657,© Google,OK,6_0,180000.7038697171,8226992.8419021135,3876278b100b26842596099f196ae1d4d0e55942,cardinal,4,0,0_deg_north,cardinal,0,0,90,640,640,7,batch_0007,745,datasets/df_2024_proportional/batch_0007/images/3876278b100b26842596099f196ae1d4d0e55942.jpg,https://raw.githubusercontent.com/GUIA-DD/dataset-streetview/main/datasets/df_2024_proportional/batch_0007/images/3876278b100b26842596099f196ae1d4d0e55942.jpg,True,downloaded,
ca9b7d6d39f1724768de96e211c11a5f19a35210,0e72b341f018ef107f59489d11225ac54432c0b3,-16.01597070042476,-47.98996209991467,-16.0160074697095,-47.98995365616975,2025-01,2025,HSIxhUGlY0GdriJrq3pjqw,78.51246259350657,© Google,OK,6_0,180000.7038697171,8226992.8419021135,c35864c9ca5ae2b464fa8bb1febf787d38de782b,cardinal,4,1,90_deg_east,cardinal,90,0,90,640,640,7,batch_0007,746,datasets/df_2024_proportional/batch_0007/images/c35864c9ca5ae2b464fa8bb1febf787d38de782b.jpg,https://raw.githubusercontent.com/GUIA-DD/dataset-streetview/main/datasets/df_2024_proportional/batch_0007/images/c35864c9ca5ae2b464fa8bb1febf787d38de782b.jpg,True,downloaded,
ca9b7d6d39f1724768de96e211c11a5f19a35210,0e72b341f018ef107f59489d11225ac54432c0b3,-16.01597070042476,-47.98996209991467,-16.0160074697095,-47.98995365616975,2025-01,2025,HSIxhUGlY0GdriJrq3pjqw,78.51246259350657,© Google,OK,6_0,180000.7038697171,8226992.8419021135,0bd31cc251864d0b2dd8bac55b08255e7d22589e,cardinal,4,2,180_deg_south,cardinal,180,0,90,640,640,7,batch_0007,747,datasets/df_2024_proportional/batch_0007/images/0bd31cc251864d0b2dd8bac55b08255e7d22589e.jpg,https://raw.githubusercontent.com/GUIA-DD/dataset-streetview/main/datasets/df_2024_proportional/batch_0007/images/0bd31cc251864d0b2dd8bac55b08255e7d22589e.jpg,True,downloaded,
ca9b7d6d39f1724768de96e211c11a5f19a35210,0e72b341f018ef107f59489d11225ac54432c0b3,-16.01597070042476,-47.98996209991467,-16.0160074697095,-47.98995365616975,2025-01,2025,HSIxhUGlY0GdriJrq3pjqw,78.51246259350657,© Google,OK,6_0,180000.7038697171,8226992.8419021135,39ef5073db29253120fcd2cc40b6ae11700b011e,cardinal,4,3,270_deg_west,cardinal,270,0,90,640,640,7,batch_0007,748,datasets/df_2024_proportional/batch_0007/images/39ef5073db29253120fcd2cc40b6ae11700b011e.jpg,https://raw.githubusercontent.com/GUIA-DD/dataset-streetview/main/datasets/df_2024_proportional/batch_0007/images/39ef5073db29253120fcd2cc40b6ae11700b011e.jpg,True,downloaded,
cd6b35fa14839b253aa5476d2d997dc9f0cd8103,20c3e777af7a965005c66ab640a04d071e8ecb8b,-15.822951850078177,-48.12595099996218,-15.82298066273274,-48.12598558021035,2026-01,2026,C2RulD2xcQjKu-VcDLptsg,250.0304456103437,© Google,OK,3_5,165114.26025458408,8248155.852155298,44c2af6a957d74665a1fcde5804d07aca9dd66c6,cardinal,4,0,0_deg_north,cardinal,0,0,90,640,640,7,batch_0007,749,datasets/df_2024_proportional/batch_0007/images/44c2af6a957d74665a1fcde5804d07aca9dd66c6.jpg,https://raw.githubusercontent.com/GUIA-DD/dataset-streetview/main/datasets/df_2024_proportional/batch_0007/images/44c2af6a957d74665a1fcde5804d07aca9dd66c6.jpg,True,downloaded,
cd6b35fa14839b253aa5476d2d997dc9f0cd8103,20c3e777af7a965005c66ab640a04d071e8ecb8b,-15.822951850078177,-48.12595099996218,-15.82298066273274,-48.12598558021035,2026-01,2026,C2RulD2xcQjKu-VcDLptsg,250.0304456103437,© Google,OK,3_5,165114.26025458408,8248155.852155298,860974136c24e024dd7681ef898af0567425c469,cardinal,4,1,90_deg_east,cardinal,90,0,90,640,640,7,batch_0007,750,datasets/df_2024_proportional/batch_0007/images/860974136c24e024dd7681ef898af0567425c469.jpg,https://raw.githubusercontent.com/GUIA-DD/dataset-streetview/main/datasets/df_2024_proportional/batch_0007/images/860974136c24e024dd7681ef898af0567425c469.jpg,True,downloaded,
cd6b35fa14839b253aa5476d2d997dc9f0cd8103,20c3e777af7a965005c66ab640a04d071e8ecb8b,-15.822951850078177,-48.12595099996218,-15.82298066273274,-48.12598558021035,2026-01,2026,C2RulD2xcQjKu-VcDLptsg,250.0304456103437,© Google,OK,3_5,165114.26025458408,8248155.852155298,19bb9273123bd1d29deb9a7b41954a07f0ff56eb,cardinal,4,2,180_deg_south,cardinal,180,0,90,640,640,7,batch_0007,751,datasets/df_2024_proportional/batch_0007/images/19bb9273123bd1d29deb9a7b41954a07f0ff56eb.jpg,https://raw.githubusercontent.com/GUIA-DD/dataset-streetview/main/datasets/df_2024_proportional/batch_0007/images/19bb9273123bd1d29deb9a7b41954a07f0ff56eb.jpg,True,downloaded,
cd6b35fa14839b253aa5476d2d997dc9f0cd8103,20c3e777af7a965005c66ab640a04d071e8ecb8b,-15.822951850078177,-48.12595099996218,-15.82298066273274,-48.12598558021035,2026-01,2026,C2RulD2xcQjKu-VcDLptsg,250.0304456103437,© Google,OK,3_5,165114.26025458408,8248155.852155298,91ebf5832b5bb7806caa3ff871afe7d97b53a17e,cardinal,4,3,270_deg_west,cardinal,270,0,90,640,640,7,batch_0007,752,datasets/df_2024_proportional/batch_0007/images/91ebf5832b5bb7806caa3ff871afe7d97b53a17e.jpg,https://raw.githubusercontent.com/GUIA-DD/dataset-streetview/main/datasets/df_2024_proportional/batch_0007/images/91ebf5832b5bb7806caa3ff871afe7d97b53a17e.jpg,True,downloaded,
cd7d267010fbdcdc5f2ac7536e5b1e5f9ed3e3de,2248dc949da04b4163cec57b1500ffe5a9466657,-16.022927800213708,-48.02265805116788,-16.0228951556675,-48.02268623774529,2025-01,2025,XglJbISQ6a8M554H6IkNTg,324.8123552159764,© Google,OK,5_0,176509.9051231609,8226171.624862264,1abe2b5c46311e836900f2acce25aace432635e7,cardinal,4,0,0_deg_north,cardinal,0,0,90,640,640,7,batch_0007,753,datasets/df_2024_proportional/batch_0007/images/1abe2b5c46311e836900f2acce25aace432635e7.jpg,https://raw.githubusercontent.com/GUIA-DD/dataset-streetview/main/datasets/df_2024_proportional/batch_0007/images/1abe2b5c46311e836900f2acce25aace432635e7.jpg,True,downloaded,
cd7d267010fbdcdc5f2ac7536e5b1e5f9ed3e3de,2248dc949da04b4163cec57b1500ffe5a9466657,-16.022927800213708,-48.02265805116788,-16.0228951556675,-48.02268623774529,2025-01,2025,XglJbISQ6a8M554H6IkNTg,324.8123552159764,© Google,OK,5_0,176509.9051231609,8226171.624862264,1001c1b3a328b8f890af6b5ab02c8853e08ace1f,cardinal,4,1,90_deg_east,cardinal,90,0,90,640,640,7,batch_0007,754,datasets/df_2024_proportional/batch_0007/images/1001c1b3a328b8f890af6b5ab02c8853e08ace1f.jpg,https://raw.githubusercontent.com/GUIA-DD/dataset-streetview/main/datasets/df_2024_proportional/batch_0007/images/1001c1b3a328b8f890af6b5ab02c8853e08ace1f.jpg,True,downloaded,
cd7d267010fbdcdc5f2ac7536e5b1e5f9ed3e3de,2248dc949da04b4163cec57b1500ffe5a9466657,-16.022927800213708,-48.02265805116788,-16.0228951556675,-48.02268623774529,2025-01,2025,XglJbISQ6a8M554H6IkNTg,324.8123552159764,© Google,OK,5_0,176509.9051231609,8226171.624862264,2e08f0464e0085d5cb7859d48ae2e4653da853e2,cardinal,4,2,180_deg_south,cardinal,180,0,90,640,640,7,batch_0007,755,datasets/df_2024_proportional/batch_0007/images/2e08f0464e0085d5cb7859d48ae2e4653da853e2.jpg,https://raw.githubusercontent.com/GUIA-DD/dataset-streetview/main/datasets/df_2024_proportional/batch_0007/images/2e08f0464e0085d5cb7859d48ae2e4653da853e2.jpg,True,downloaded,
cd7d267010fbdcdc5f2ac7536e5b1e5f9ed3e3de,2248dc949da04b4163cec57b1500ffe5a9466657,-16.022927800213708,-48.02265805116788,-16.0228951556675,-48.02268623774529,2025-01,2025,XglJbISQ6a8M554H6IkNTg,324.8123552159764,© Google,OK,5_0,176509.9051231609,8226171.624862264,c72d8ecbd5d6b3144ad5ac1f290b4aca545f5feb,cardinal,4,3,270_deg_west,cardinal,270,0,90,640,640,7,batch_0007,756,datasets/df_2024_proportional/batch_0007/images/c72d8ecbd5d6b3144ad5ac1f290b4aca545f5feb.jpg,https://raw.githubusercontent.com/GUIA-DD/dataset-streetview/main/datasets/df_2024_proportional/batch_0007/images/c72d8ecbd5d6b3144ad5ac1f290b4aca545f5feb.jpg,True,downloaded,
cdc88f2ec6a7309c1e5c0343a2a18dd7b3d44b75,e89b5fb1d20d9484a77f7b6ef5961b566de4da48,-15.821028750073976,-48.03436989993046,-15.82100970116866,-48.03432909131902,2024-09,2024,l1bbG4s6UT7u8ja59aOoxw,57.58211115760097,© Google,OK,5_5,174930.32699914556,8248512.89961241,2888efab473f3c487724bd7e6b03aed2744b29cd,cardinal,4,0,0_deg_north,cardinal,0,0,90,640,640,7,batch_0007,757,datasets/df_2024_proportional/batch_0007/images/2888efab473f3c487724bd7e6b03aed2744b29cd.jpg,https://raw.githubusercontent.com/GUIA-DD/dataset-streetview/main/datasets/df_2024_proportional/batch_0007/images/2888efab473f3c487724bd7e6b03aed2744b29cd.jpg,True,downloaded,
cdc88f2ec6a7309c1e5c0343a2a18dd7b3d44b75,e89b5fb1d20d9484a77f7b6ef5961b566de4da48,-15.821028750073976,-48.03436989993046,-15.82100970116866,-48.03432909131902,2024-09,2024,l1bbG4s6UT7u8ja59aOoxw,57.58211115760097,© Google,OK,5_5,174930.32699914556,8248512.89961241,c5beac636cbe27e5ae94d37642a4b1d6a7baab49,cardinal,4,1,90_deg_east,cardinal,90,0,90,640,640,7,batch_0007,758,datasets/df_2024_proportional/batch_0007/images/c5beac636cbe27e5ae94d37642a4b1d6a7baab49.jpg,https://raw.githubusercontent.com/GUIA-DD/dataset-streetview/main/datasets/df_2024_proportional/batch_0007/images/c5beac636cbe27e5ae94d37642a4b1d6a7baab49.jpg,True,downloaded,
cdc88f2ec6a7309c1e5c0343a2a18dd7b3d44b75,e89b5fb1d20d9484a77f7b6ef5961b566de4da48,-15.821028750073976,-48.03436989993046,-15.82100970116866,-48.03432909131902,2024-09,2024,l1bbG4s6UT7u8ja59aOoxw,57.58211115760097,© Google,OK,5_5,174930.32699914556,8248512.89961241,539ed6535ed2f2fa85a1193abab0aa26edb35562,cardinal,4,2,180_deg_south,cardinal,180,0,90,640,640,7,batch_0007,759,datasets/df_2024_proportional/batch_0007/images/539ed6535ed2f2fa85a1193abab0aa26edb35562.jpg,https://raw.githubusercontent.com/GUIA-DD/dataset-streetview/main/datasets/df_2024_proportional/batch_0007/images/539ed6535ed2f2fa85a1193abab0aa26edb35562.jpg,True,downloaded,
cdc88f2ec6a7309c1e5c0343a2a18dd7b3d44b75,e89b5fb1d20d9484a77f7b6ef5961b566de4da48,-15.821028750073976,-48.03436989993046,-15.82100970116866,-48.03432909131902,2024-09,2024,l1bbG4s6UT7u8ja59aOoxw,57.58211115760097,© Google,OK,5_5,174930.32699914556,8248512.89961241,e1f7cd85207fae36cc9bba50baddd5eb4e35f8fe,cardinal,4,3,270_deg_west,cardinal,270,0,90,640,640,7,batch_0007,760,datasets/df_2024_proportional/batch_0007/images/e1f7cd85207fae36cc9bba50baddd5eb4e35f8fe.jpg,https://raw.githubusercontent.com/GUIA-DD/dataset-streetview/main/datasets/df_2024_proportional/batch_0007/images/e1f7cd85207fae36cc9bba50baddd5eb4e35f8fe.jpg,True,downloaded,
ce42dc3f47bad26dd6b0005a03c6c187883776fd,fd3eea72bdfa781e5723dd5021b505c7f4ea96c9,-15.811803750405836,-47.805934098064654,-15.81185245153616,-47.80591420378018,2024-12,2024,pF3u-idyR8Yj35Gb96aWPQ,10.20858026490022,© Google,OK,10_5,199406.29123392105,8249874.936632276,62a3cf87ba4d714f95d252c87913ea43ccd27a06,cardinal,4,0,0_deg_north,cardinal,0,0,90,640,640,7,batch_0007,761,datasets/df_2024_proportional/batch_0007/images/62a3cf87ba4d714f95d252c87913ea43ccd27a06.jpg,https://raw.githubusercontent.com/GUIA-DD/dataset-streetview/main/datasets/df_2024_proportional/batch_0007/images/62a3cf87ba4d714f95d252c87913ea43ccd27a06.jpg,True,downloaded,
ce42dc3f47bad26dd6b0005a03c6c187883776fd,fd3eea72bdfa781e5723dd5021b505c7f4ea96c9,-15.811803750405836,-47.805934098064654,-15.81185245153616,-47.80591420378018,2024-12,2024,pF3u-idyR8Yj35Gb96aWPQ,10.20858026490022,© Google,OK,10_5,199406.29123392105,8249874.936632276,042e2a694d146867a93ea66b016906357f7afda7,cardinal,4,1,90_deg_east,cardinal,90,0,90,640,640,7,batch_0007,762,datasets/df_2024_proportional/batch_0007/images/042e2a694d146867a93ea66b016906357f7afda7.jpg,https://raw.githubusercontent.com/GUIA-DD/dataset-streetview/main/datasets/df_2024_proportional/batch_0007/images/042e2a694d146867a93ea66b016906357f7afda7.jpg,True,downloaded,
ce42dc3f47bad26dd6b0005a03c6c187883776fd,fd3eea72bdfa781e5723dd5021b505c7f4ea96c9,-15.811803750405836,-47.805934098064654,-15.81185245153616,-47.80591420378018,2024-12,2024,pF3u-idyR8Yj35Gb96aWPQ,10.20858026490022,© Google,OK,10_5,199406.29123392105,8249874.936632276,f450476f64fc9a8ba558d38b98a5205bcedd8bbd,cardinal,4,2,180_deg_south,cardinal,180,0,90,640,640,7,batch_0007,763,datasets/df_2024_proportional/batch_0007/images/f450476f64fc9a8ba558d38b98a5205bcedd8bbd.jpg,https://raw.githubusercontent.com/GUIA-DD/dataset-streetview/main/datasets/df_2024_proportional/batch_0007/images/f450476f64fc9a8ba558d38b98a5205bcedd8bbd.jpg,True,downloaded,
ce42dc3f47bad26dd6b0005a03c6c187883776fd,fd3eea72bdfa781e5723dd5021b505c7f4ea96c9,-15.811803750405836,-47.805934098064654,-15.81185245153616,-47.80591420378018,2024-12,2024,pF3u-idyR8Yj35Gb96aWPQ,10.20858026490022,© Google,OK,10_5,199406.29123392105,8249874.936632276,833647f85ba19848f553c95f8aca694167f2c30d,cardinal,4,3,270_deg_west,cardinal,270,0,90,640,640,7,batch_0007,764,datasets/df_2024_proportional/batch_0007/images/833647f85ba19848f553c95f8aca694167f2c30d.jpg,https://raw.githubusercontent.com/GUIA-DD/dataset-streetview/main/datasets/df_2024_proportional/batch_0007/images/833647f85ba19848f553c95f8aca694167f2c30d.jpg,True,downloaded,
d0429e2dbebc5835ab1e61677abc0cfd0457bfd6,ccc9bed86ce98e58de120d2ac49cfb4ead73f462,-15.786701600000292,-48.13394060001151,-15.78674617952119,-48.1339415329299,2026-01,2026,Fgya_AIwRrLGQWmZZxE9UQ,158.71184960166218,© Google,OK,3_5,164197.72418932873,8252157.954948036,c15fbca0b99d0843fb5b4ce04aee75afb3f396c7,cardinal,4,0,0_deg_north,cardinal,0,0,90,640,640,7,batch_0007,765,datasets/df_2024_proportional/batch_0007/images/c15fbca0b99d0843fb5b4ce04aee75afb3f396c7.jpg,https://raw.githubusercontent.com/GUIA-DD/dataset-streetview/main/datasets/df_2024_proportional/batch_0007/images/c15fbca0b99d0843fb5b4ce04aee75afb3f396c7.jpg,True,downloaded,
d0429e2dbebc5835ab1e61677abc0cfd0457bfd6,ccc9bed86ce98e58de120d2ac49cfb4ead73f462,-15.786701600000292,-48.13394060001151,-15.78674617952119,-48.1339415329299,2026-01,2026,Fgya_AIwRrLGQWmZZxE9UQ,158.71184960166218,© Google,OK,3_5,164197.72418932873,8252157.954948036,6337d003a27703df45c692b085dc5815ede4aa0f,cardinal,4,1,90_deg_east,cardinal,90,0,90,640,640,7,batch_0007,766,datasets/df_2024_proportional/batch_0007/images/6337d003a27703df45c692b085dc5815ede4aa0f.jpg,https://raw.githubusercontent.com/GUIA-DD/dataset-streetview/main/datasets/df_2024_proportional/batch_0007/images/6337d003a27703df45c692b085dc5815ede4aa0f.jpg,True,downloaded,
d0429e2dbebc5835ab1e61677abc0cfd0457bfd6,ccc9bed86ce98e58de120d2ac49cfb4ead73f462,-15.786701600000292,-48.13394060001151,-15.78674617952119,-48.1339415329299,2026-01,2026,Fgya_AIwRrLGQWmZZxE9UQ,158.71184960166218,© Google,OK,3_5,164197.72418932873,8252157.954948036,69035d5f91bd2f8adb368f173a1f5a74f9e66d6d,cardinal,4,2,180_deg_south,cardinal,180,0,90,640,640,7,batch_0007,767,datasets/df_2024_proportional/batch_0007/images/69035d5f91bd2f8adb368f173a1f5a74f9e66d6d.jpg,https://raw.githubusercontent.com/GUIA-DD/dataset-streetview/main/datasets/df_2024_proportional/batch_0007/images/69035d5f91bd2f8adb368f173a1f5a74f9e66d6d.jpg,True,downloaded,
d0429e2dbebc5835ab1e61677abc0cfd0457bfd6,ccc9bed86ce98e58de120d2ac49cfb4ead73f462,-15.786701600000292,-48.13394060001151,-15.78674617952119,-48.1339415329299,2026-01,2026,Fgya_AIwRrLGQWmZZxE9UQ,158.71184960166218,© Google,OK,3_5,164197.72418932873,8252157.954948036,0ba4b89f53425d9a30df109893b2f59c0e8e8b43,cardinal,4,3,270_deg_west,cardinal,270,0,90,640,640,7,batch_0007,768,datasets/df_2024_proportional/batch_0007/images/0ba4b89f53425d9a30df109893b2f59c0e8e8b43.jpg,https://raw.githubusercontent.com/GUIA-DD/dataset-streetview/main/datasets/df_2024_proportional/batch_0007/images/0ba4b89f53425d9a30df109893b2f59c0e8e8b43.jpg,True,downloaded,
d272f5b1b2b68e1c596c7e52f5f43f28b53ad84f,aed4f369b90b81e613c4c26a4431284e2b35417e,-15.872405688322813,-47.99729315219439,-15.8723708936249,-47.99727991911156,2024-06,2024,FJiZlCYFWtZ-eW-_m_17qg,232.97017070574108,© Google,OK,6_4,178986.80680793442,8242880.381249716,59c8a025fc14d3b18545344c05bce71f514d92ba,cardinal,4,0,0_deg_north,cardinal,0,0,90,640,640,7,batch_0007,769,datasets/df_2024_proportional/batch_0007/images/59c8a025fc14d3b18545344c05bce71f514d92ba.jpg,https://raw.githubusercontent.com/GUIA-DD/dataset-streetview/main/datasets/df_2024_proportional/batch_0007/images/59c8a025fc14d3b18545344c05bce71f514d92ba.jpg,True,downloaded,
d272f5b1b2b68e1c596c7e52f5f43f28b53ad84f,aed4f369b90b81e613c4c26a4431284e2b35417e,-15.872405688322813,-47.99729315219439,-15.8723708936249,-47.99727991911156,2024-06,2024,FJiZlCYFWtZ-eW-_m_17qg,232.97017070574108,© Google,OK,6_4,178986.80680793442,8242880.381249716,34c270c919dcb59bcb6c93c2aa6aaf65b2d3d5d3,cardinal,4,1,90_deg_east,cardinal,90,0,90,640,640,7,batch_0007,770,datasets/df_2024_proportional/batch_0007/images/34c270c919dcb59bcb6c93c2aa6aaf65b2d3d5d3.jpg,https://raw.githubusercontent.com/GUIA-DD/dataset-streetview/main/datasets/df_2024_proportional/batch_0007/images/34c270c919dcb59bcb6c93c2aa6aaf65b2d3d5d3.jpg,True,downloaded,
d272f5b1b2b68e1c596c7e52f5f43f28b53ad84f,aed4f369b90b81e613c4c26a4431284e2b35417e,-15.872405688322813,-47.99729315219439,-15.8723708936249,-47.99727991911156,2024-06,2024,FJiZlCYFWtZ-eW-_m_17qg,232.97017070574108,© Google,OK,6_4,178986.80680793442,8242880.381249716,61dba96f1420b5fb673648010c282a1045d32d19,cardinal,4,2,180_deg_south,cardinal,180,0,90,640,640,7,batch_0007,771,datasets/df_2024_proportional/batch_0007/images/61dba96f1420b5fb673648010c282a1045d32d19.jpg,https://raw.githubusercontent.com/GUIA-DD/dataset-streetview/main/datasets/df_2024_proportional/batch_0007/images/61dba96f1420b5fb673648010c282a1045d32d19.jpg,True,downloaded,
d272f5b1b2b68e1c596c7e52f5f43f28b53ad84f,aed4f369b90b81e613c4c26a4431284e2b35417e,-15.872405688322813,-47.99729315219439,-15.8723708936249,-47.99727991911156,2024-06,2024,FJiZlCYFWtZ-eW-_m_17qg,232.97017070574108,© Google,OK,6_4,178986.80680793442,8242880.381249716,741a0a43813a53d10d3d93d96bd3980def4810f0,cardinal,4,3,270_deg_west,cardinal,270,0,90,640,640,7,batch_0007,772,datasets/df_2024_proportional/batch_0007/images/741a0a43813a53d10d3d93d96bd3980def4810f0.jpg,https://raw.githubusercontent.com/GUIA-DD/dataset-streetview/main/datasets/df_2024_proportional/batch_0007/images/741a0a43813a53d10d3d93d96bd3980def4810f0.jpg,True,downloaded,
d3309699d1f33d5a1ef1fa4c4f545b64fa5484ab,92fa3e25073cf67bfed1a142c46180f3d0d9580c,-15.851281400003396,-47.96194409997324,-15.8512814735245,-47.96192779916269,2024-06,2024,urgxyHWV_mEVtwAochAU5g,182.0248448680572,© Google,OK,6_4,182742.55038760303,8245273.615994164,905fcd041bdb4861cac8508156803edef8534c7d,cardinal,4,0,0_deg_north,cardinal,0,0,90,640,640,7,batch_0007,773,datasets/df_2024_proportional/batch_0007/images/905fcd041bdb4861cac8508156803edef8534c7d.jpg,https://raw.githubusercontent.com/GUIA-DD/dataset-streetview/main/datasets/df_2024_proportional/batch_0007/images/905fcd041bdb4861cac8508156803edef8534c7d.jpg,True,downloaded,
d3309699d1f33d5a1ef1fa4c4f545b64fa5484ab,92fa3e25073cf67bfed1a142c46180f3d0d9580c,-15.851281400003396,-47.96194409997324,-15.8512814735245,-47.96192779916269,2024-06,2024,urgxyHWV_mEVtwAochAU5g,182.0248448680572,© Google,OK,6_4,182742.55038760303,8245273.615994164,663cea0f99de265286e413629f2b622f3ed05166,cardinal,4,1,90_deg_east,cardinal,90,0,90,640,640,7,batch_0007,774,datasets/df_2024_proportional/batch_0007/images/663cea0f99de265286e413629f2b622f3ed05166.jpg,https://raw.githubusercontent.com/GUIA-DD/dataset-streetview/main/datasets/df_2024_proportional/batch_0007/images/663cea0f99de265286e413629f2b622f3ed05166.jpg,True,downloaded,
d3309699d1f33d5a1ef1fa4c4f545b64fa5484ab,92fa3e25073cf67bfed1a142c46180f3d0d9580c,-15.851281400003396,-47.96194409997324,-15.8512814735245,-47.96192779916269,2024-06,2024,urgxyHWV_mEVtwAochAU5g,182.0248448680572,© Google,OK,6_4,182742.55038760303,8245273.615994164,ce39b0b0f97fdf71de6a0c4135da4f7d95af80ff,cardinal,4,2,180_deg_south,cardinal,180,0,90,640,640,7,batch_0007,775,datasets/df_2024_proportional/batch_0007/images/ce39b0b0f97fdf71de6a0c4135da4f7d95af80ff.jpg,https://raw.githubusercontent.com/GUIA-DD/dataset-streetview/main/datasets/df_2024_proportional/batch_0007/images/ce39b0b0f97fdf71de6a0c4135da4f7d95af80ff.jpg,True,downloaded,
d3309699d1f33d5a1ef1fa4c4f545b64fa5484ab,92fa3e25073cf67bfed1a142c46180f3d0d9580c,-15.851281400003396,-47.96194409997324,-15.8512814735245,-47.96192779916269,2024-06,2024,urgxyHWV_mEVtwAochAU5g,182.0248448680572,© Google,OK,6_4,182742.55038760303,8245273.615994164,d7c32e0ad231dc8583927aaf946b22265f626a84,cardinal,4,3,270_deg_west,cardinal,270,0,90,640,640,7,batch_0007,776,datasets/df_2024_proportional/batch_0007/images/d7c32e0ad231dc8583927aaf946b22265f626a84.jpg,https://raw.githubusercontent.com/GUIA-DD/dataset-streetview/main/datasets/df_2024_proportional/batch_0007/images/d7c32e0ad231dc8583927aaf946b22265f626a84.jpg,True,downloaded,
d35aaa56414f713967c33ccff8bb70337b65b62e,a5492fc4d5ed9141a9708910d44a7e89928d88de,-15.846690509183048,-47.97306400511388,-15.84667916880222,-47.9730568553023,2024-06,2024,seL8FCuU54t6IInpLd7fjw,259.1911107420791,© Google,OK,6_4,181543.35806995703,8245765.135745812,eba8f0c1f0e7cfac6e02fcfd3cacc7d463e3b0a0,cardinal,4,0,0_deg_north,cardinal,0,0,90,640,640,7,batch_0007,777,datasets/df_2024_proportional/batch_0007/images/eba8f0c1f0e7cfac6e02fcfd3cacc7d463e3b0a0.jpg,https://raw.githubusercontent.com/GUIA-DD/dataset-streetview/main/datasets/df_2024_proportional/batch_0007/images/eba8f0c1f0e7cfac6e02fcfd3cacc7d463e3b0a0.jpg,True,downloaded,
d35aaa56414f713967c33ccff8bb70337b65b62e,a5492fc4d5ed9141a9708910d44a7e89928d88de,-15.846690509183048,-47.97306400511388,-15.84667916880222,-47.9730568553023,2024-06,2024,seL8FCuU54t6IInpLd7fjw,259.1911107420791,© Google,OK,6_4,181543.35806995703,8245765.135745812,034a3ac6b8861de29818c2e17daefac2f693fba5,cardinal,4,1,90_deg_east,cardinal,90,0,90,640,640,7,batch_0007,778,datasets/df_2024_proportional/batch_0007/images/034a3ac6b8861de29818c2e17daefac2f693fba5.jpg,https://raw.githubusercontent.com/GUIA-DD/dataset-streetview/main/datasets/df_2024_proportional/batch_0007/images/034a3ac6b8861de29818c2e17daefac2f693fba5.jpg,True,downloaded,
d35aaa56414f713967c33ccff8bb70337b65b62e,a5492fc4d5ed9141a9708910d44a7e89928d88de,-15.846690509183048,-47.97306400511388,-15.84667916880222,-47.9730568553023,2024-06,2024,seL8FCuU54t6IInpLd7fjw,259.1911107420791,© Google,OK,6_4,181543.35806995703,8245765.135745812,36dc97bf745bafadd28930fe191203eddbc6373b,cardinal,4,2,180_deg_south,cardinal,180,0,90,640,640,7,batch_0007,779,datasets/df_2024_proportional/batch_0007/images/36dc97bf745bafadd28930fe191203eddbc6373b.jpg,https://raw.githubusercontent.com/GUIA-DD/dataset-streetview/main/datasets/df_2024_proportional/batch_0007/images/36dc97bf745bafadd28930fe191203eddbc6373b.jpg,True,downloaded,
d35aaa56414f713967c33ccff8bb70337b65b62e,a5492fc4d5ed9141a9708910d44a7e89928d88de,-15.846690509183048,-47.97306400511388,-15.84667916880222,-47.9730568553023,2024-06,2024,seL8FCuU54t6IInpLd7fjw,259.1911107420791,© Google,OK,6_4,181543.35806995703,8245765.135745812,3e957cd05cfd9bc04ba7ee8f474e94be75a54087,cardinal,4,3,270_deg_west,cardinal,270,0,90,640,640,7,batch_0007,780,datasets/df_2024_proportional/batch_0007/images/3e957cd05cfd9bc04ba7ee8f474e94be75a54087.jpg,https://raw.githubusercontent.com/GUIA-DD/dataset-streetview/main/datasets/df_2024_proportional/batch_0007/images/3e957cd05cfd9bc04ba7ee8f474e94be75a54087.jpg,True,downloaded,
d5932c4ac8683c4426c3c4907af50ec061d995c1,4b0a9f781a335bcf204fa093f9fa43be0935395b,-16.049750700212613,-47.436862100032165,-16.04973007304253,-47.43690283341367,2024-10,2024,csxu5Krh7pgqonkeuhnL8w,269.42408844164754,© Google,OK,18_0,239273.8615728872,8224027.898169353,b14752962216d7d1a8b6f0f1bb474434d22e584a,cardinal,4,0,0_deg_north,cardinal,0,0,90,640,640,7,batch_0007,781,datasets/df_2024_proportional/batch_0007/images/b14752962216d7d1a8b6f0f1bb474434d22e584a.jpg,https://raw.githubusercontent.com/GUIA-DD/dataset-streetview/main/datasets/df_2024_proportional/batch_0007/images/b14752962216d7d1a8b6f0f1bb474434d22e584a.jpg,True,downloaded,
d5932c4ac8683c4426c3c4907af50ec061d995c1,4b0a9f781a335bcf204fa093f9fa43be0935395b,-16.049750700212613,-47.436862100032165,-16.04973007304253,-47.43690283341367,2024-10,2024,csxu5Krh7pgqonkeuhnL8w,269.42408844164754,© Google,OK,18_0,239273.8615728872,8224027.898169353,84a173f05861b801ab59565d5214323cc15ef00d,cardinal,4,1,90_deg_east,cardinal,90,0,90,640,640,7,batch_0007,782,datasets/df_2024_proportional/batch_0007/images/84a173f05861b801ab59565d5214323cc15ef00d.jpg,https://raw.githubusercontent.com/GUIA-DD/dataset-streetview/main/datasets/df_2024_proportional/batch_0007/images/84a173f05861b801ab59565d5214323cc15ef00d.jpg,True,downloaded,
d5932c4ac8683c4426c3c4907af50ec061d995c1,4b0a9f781a335bcf204fa093f9fa43be0935395b,-16.049750700212613,-47.436862100032165,-16.04973007304253,-47.43690283341367,2024-10,2024,csxu5Krh7pgqonkeuhnL8w,269.42408844164754,© Google,OK,18_0,239273.8615728872,8224027.898169353,2974bb96673b3614fb9cf63615c13cf5b831f9bd,cardinal,4,2,180_deg_south,cardinal,180,0,90,640,640,7,batch_0007,783,datasets/df_2024_proportional/batch_0007/images/2974bb96673b3614fb9cf63615c13cf5b831f9bd.jpg,https://raw.githubusercontent.com/GUIA-DD/dataset-streetview/main/datasets/df_2024_proportional/batch_0007/images/2974bb96673b3614fb9cf63615c13cf5b831f9bd.jpg,True,downloaded,
d5932c4ac8683c4426c3c4907af50ec061d995c1,4b0a9f781a335bcf204fa093f9fa43be0935395b,-16.049750700212613,-47.436862100032165,-16.04973007304253,-47.43690283341367,2024-10,2024,csxu5Krh7pgqonkeuhnL8w,269.42408844164754,© Google,OK,18_0,239273.8615728872,8224027.898169353,f1fbd87f6f634b652c2efbd3dc460944c2432342,cardinal,4,3,270_deg_west,cardinal,270,0,90,640,640,7,batch_0007,784,datasets/df_2024_proportional/batch_0007/images/f1fbd87f6f634b652c2efbd3dc460944c2432342.jpg,https://raw.githubusercontent.com/GUIA-DD/dataset-streetview/main/datasets/df_2024_proportional/batch_0007/images/f1fbd87f6f634b652c2efbd3dc460944c2432342.jpg,True,downloaded,
d8c4f5ac093f5e17a4e4832bed61ace888382684,5b3d5532016526ae65dc4e9772ccd4386c1ad758,-16.019404500066226,-48.08073900012262,-16.01929705946074,-48.08092373294059,2025-05,2025,kdmTOwDQ5VPj890FwkOX0A,121.78797140839538,© Google,OK,4_0,170283.1181965797,8226470.28843991,5fc2ffdc43d0cefcbac07fb9317fd3863387fde7,cardinal,4,0,0_deg_north,cardinal,0,0,90,640,640,7,batch_0007,785,datasets/df_2024_proportional/batch_0007/images/5fc2ffdc43d0cefcbac07fb9317fd3863387fde7.jpg,https://raw.githubusercontent.com/GUIA-DD/dataset-streetview/main/datasets/df_2024_proportional/batch_0007/images/5fc2ffdc43d0cefcbac07fb9317fd3863387fde7.jpg,True,downloaded,
d8c4f5ac093f5e17a4e4832bed61ace888382684,5b3d5532016526ae65dc4e9772ccd4386c1ad758,-16.019404500066226,-48.08073900012262,-16.01929705946074,-48.08092373294059,2025-05,2025,kdmTOwDQ5VPj890FwkOX0A,121.78797140839538,© Google,OK,4_0,170283.1181965797,8226470.28843991,2d6679d9917576411c69407e184b100d61f5cb8b,cardinal,4,1,90_deg_east,cardinal,90,0,90,640,640,7,batch_0007,786,datasets/df_2024_proportional/batch_0007/images/2d6679d9917576411c69407e184b100d61f5cb8b.jpg,https://raw.githubusercontent.com/GUIA-DD/dataset-streetview/main/datasets/df_2024_proportional/batch_0007/images/2d6679d9917576411c69407e184b100d61f5cb8b.jpg,True,downloaded,
d8c4f5ac093f5e17a4e4832bed61ace888382684,5b3d5532016526ae65dc4e9772ccd4386c1ad758,-16.019404500066226,-48.08073900012262,-16.01929705946074,-48.08092373294059,2025-05,2025,kdmTOwDQ5VPj890FwkOX0A,121.78797140839538,© Google,OK,4_0,170283.1181965797,8226470.28843991,4c1b423dfae67de8c314db8898ea9358ad2ea27c,cardinal,4,2,180_deg_south,cardinal,180,0,90,640,640,7,batch_0007,787,datasets/df_2024_proportional/batch_0007/images/4c1b423dfae67de8c314db8898ea9358ad2ea27c.jpg,https://raw.githubusercontent.com/GUIA-DD/dataset-streetview/main/datasets/df_2024_proportional/batch_0007/images/4c1b423dfae67de8c314db8898ea9358ad2ea27c.jpg,True,downloaded,
d8c4f5ac093f5e17a4e4832bed61ace888382684,5b3d5532016526ae65dc4e9772ccd4386c1ad758,-16.019404500066226,-48.08073900012262,-16.01929705946074,-48.08092373294059,2025-05,2025,kdmTOwDQ5VPj890FwkOX0A,121.78797140839538,© Google,OK,4_0,170283.1181965797,8226470.28843991,1b4d1928e419ae640c94448e183d872cd32a7409,cardinal,4,3,270_deg_west,cardinal,270,0,90,640,640,7,batch_0007,788,datasets/df_2024_proportional/batch_0007/images/1b4d1928e419ae640c94448e183d872cd32a7409.jpg,https://raw.githubusercontent.com/GUIA-DD/dataset-streetview/main/datasets/df_2024_proportional/batch_0007/images/1b4d1928e419ae640c94448e183d872cd32a7409.jpg,True,downloaded,
da29d7e4d4eed5e43e8c8efa5663b3bb3f98f104,b253d08fdfcf87e7a024cba2bc24d371afee51d2,-15.822936298184644,-47.9898751527182,-15.82293625584591,-47.98988019377197,2024-06,2024,dOXgOWvCKQMZjLmT8K5lDw,159.4099149034974,© Google,OK,6_5,179703.76108454302,8248370.091721059,0a266bb22fb7913fb1c5ad1984d029d02b532119,cardinal,4,0,0_deg_north,cardinal,0,0,90,640,640,7,batch_0007,789,datasets/df_2024_proportional/batch_0007/images/0a266bb22fb7913fb1c5ad1984d029d02b532119.jpg,https://raw.githubusercontent.com/GUIA-DD/dataset-streetview/main/datasets/df_2024_proportional/batch_0007/images/0a266bb22fb7913fb1c5ad1984d029d02b532119.jpg,True,downloaded,
da29d7e4d4eed5e43e8c8efa5663b3bb3f98f104,b253d08fdfcf87e7a024cba2bc24d371afee51d2,-15.822936298184644,-47.9898751527182,-15.82293625584591,-47.98988019377197,2024-06,2024,dOXgOWvCKQMZjLmT8K5lDw,159.4099149034974,© Google,OK,6_5,179703.76108454302,8248370.091721059,bb52b19e417b247989f0b9f5cdd0bfc3e24cd28f,cardinal,4,1,90_deg_east,cardinal,90,0,90,640,640,7,batch_0007,790,datasets/df_2024_proportional/batch_0007/images/bb52b19e417b247989f0b9f5cdd0bfc3e24cd28f.jpg,https://raw.githubusercontent.com/GUIA-DD/dataset-streetview/main/datasets/df_2024_proportional/batch_0007/images/bb52b19e417b247989f0b9f5cdd0bfc3e24cd28f.jpg,True,downloaded,
da29d7e4d4eed5e43e8c8efa5663b3bb3f98f104,b253d08fdfcf87e7a024cba2bc24d371afee51d2,-15.822936298184644,-47.9898751527182,-15.82293625584591,-47.98988019377197,2024-06,2024,dOXgOWvCKQMZjLmT8K5lDw,159.4099149034974,© Google,OK,6_5,179703.76108454302,8248370.091721059,6532986ac94ee6fe768f8651d88820ed64bea19e,cardinal,4,2,180_deg_south,cardinal,180,0,90,640,640,7,batch_0007,791,datasets/df_2024_proportional/batch_0007/images/6532986ac94ee6fe768f8651d88820ed64bea19e.jpg,https://raw.githubusercontent.com/GUIA-DD/dataset-streetview/main/datasets/df_2024_proportional/batch_0007/images/6532986ac94ee6fe768f8651d88820ed64bea19e.jpg,True,downloaded,
da29d7e4d4eed5e43e8c8efa5663b3bb3f98f104,b253d08fdfcf87e7a024cba2bc24d371afee51d2,-15.822936298184644,-47.9898751527182,-15.82293625584591,-47.98988019377197,2024-06,2024,dOXgOWvCKQMZjLmT8K5lDw,159.4099149034974,© Google,OK,6_5,179703.76108454302,8248370.091721059,b6f196d8d93dac507321baedf899eaafbd70ac25,cardinal,4,3,270_deg_west,cardinal,270,0,90,640,640,7,batch_0007,792,datasets/df_2024_proportional/batch_0007/images/b6f196d8d93dac507321baedf899eaafbd70ac25.jpg,https://raw.githubusercontent.com/GUIA-DD/dataset-streetview/main/datasets/df_2024_proportional/batch_0007/images/b6f196d8d93dac507321baedf899eaafbd70ac25.jpg,True,downloaded,
db5afbe03f8af33d7c16dd8b46940aa0d09302a7,306190b871eb9ba39bf186954964d2214b431ace,-15.859365200085836,-48.07443564993572,-15.85936556580851,-48.07446733551927,2025-06,2025,nL2HmHZHG75L64MBkk1XEg,62.67160817996579,© Google,OK,4_4,170696.85047982231,8244204.669066772,16be6f61c39d318b59db98d3777f4d599bcad4bc,cardinal,4,0,0_deg_north,cardinal,0,0,90,640,640,7,batch_0007,793,datasets/df_2024_proportional/batch_0007/images/16be6f61c39d318b59db98d3777f4d599bcad4bc.jpg,https://raw.githubusercontent.com/GUIA-DD/dataset-streetview/main/datasets/df_2024_proportional/batch_0007/images/16be6f61c39d318b59db98d3777f4d599bcad4bc.jpg,True,downloaded,
db5afbe03f8af33d7c16dd8b46940aa0d09302a7,306190b871eb9ba39bf186954964d2214b431ace,-15.859365200085836,-48.07443564993572,-15.85936556580851,-48.07446733551927,2025-06,2025,nL2HmHZHG75L64MBkk1XEg,62.67160817996579,© Google,OK,4_4,170696.85047982231,8244204.669066772,95d66b8d18fdb23b26ae84669d9c7bd1f1ac4684,cardinal,4,1,90_deg_east,cardinal,90,0,90,640,640,7,batch_0007,794,datasets/df_2024_proportional/batch_0007/images/95d66b8d18fdb23b26ae84669d9c7bd1f1ac4684.jpg,https://raw.githubusercontent.com/GUIA-DD/dataset-streetview/main/datasets/df_2024_proportional/batch_0007/images/95d66b8d18fdb23b26ae84669d9c7bd1f1ac4684.jpg,True,downloaded,
db5afbe03f8af33d7c16dd8b46940aa0d09302a7,306190b871eb9ba39bf186954964d2214b431ace,-15.859365200085836,-48.07443564993572,-15.85936556580851,-48.07446733551927,2025-06,2025,nL2HmHZHG75L64MBkk1XEg,62.67160817996579,© Google,OK,4_4,170696.85047982231,8244204.669066772,b71787c25f7f3fb92bae7631353c39a1d79cad9e,cardinal,4,2,180_deg_south,cardinal,180,0,90,640,640,7,batch_0007,795,datasets/df_2024_proportional/batch_0007/images/b71787c25f7f3fb92bae7631353c39a1d79cad9e.jpg,https://raw.githubusercontent.com/GUIA-DD/dataset-streetview/main/datasets/df_2024_proportional/batch_0007/images/b71787c25f7f3fb92bae7631353c39a1d79cad9e.jpg,True,downloaded,
db5afbe03f8af33d7c16dd8b46940aa0d09302a7,306190b871eb9ba39bf186954964d2214b431ace,-15.859365200085836,-48.07443564993572,-15.85936556580851,-48.07446733551927,2025-06,2025,nL2HmHZHG75L64MBkk1XEg,62.67160817996579,© Google,OK,4_4,170696.85047982231,8244204.669066772,1582c3afd57dc50e587abbe0c8f0d925012625ea,cardinal,4,3,270_deg_west,cardinal,270,0,90,640,640,7,batch_0007,796,datasets/df_2024_proportional/batch_0007/images/1582c3afd57dc50e587abbe0c8f0d925012625ea.jpg,https://raw.githubusercontent.com/GUIA-DD/dataset-streetview/main/datasets/df_2024_proportional/batch_0007/images/1582c3afd57dc50e587abbe0c8f0d925012625ea.jpg,True,downloaded,
dc6d72bc48585dbb7de6224de9796bafc9050da8,5af1494b1e1a96e8ceaa11b10b54584765401338,-15.682434855518448,-47.83708978618587,-15.68243497901104,-47.83710141471153,2024-12,2024,VQIxPkBtdn7oM4soACtfOw,161.4451993727141,© Google,OK,9_8,195873.65951948124,8264154.887135195,7b81e5772a0ebc4b78bb562418961db3538720d0,cardinal,4,0,0_deg_north,cardinal,0,0,90,640,640,7,batch_0007,797,datasets/df_2024_proportional/batch_0007/images/7b81e5772a0ebc4b78bb562418961db3538720d0.jpg,https://raw.githubusercontent.com/GUIA-DD/dataset-streetview/main/datasets/df_2024_proportional/batch_0007/images/7b81e5772a0ebc4b78bb562418961db3538720d0.jpg,True,downloaded,
dc6d72bc48585dbb7de6224de9796bafc9050da8,5af1494b1e1a96e8ceaa11b10b54584765401338,-15.682434855518448,-47.83708978618587,-15.68243497901104,-47.83710141471153,2024-12,2024,VQIxPkBtdn7oM4soACtfOw,161.4451993727141,© Google,OK,9_8,195873.65951948124,8264154.887135195,34cdb69ead5c15c79159bf93e6ecaf9a195d570c,cardinal,4,1,90_deg_east,cardinal,90,0,90,640,640,7,batch_0007,798,datasets/df_2024_proportional/batch_0007/images/34cdb69ead5c15c79159bf93e6ecaf9a195d570c.jpg,https://raw.githubusercontent.com/GUIA-DD/dataset-streetview/main/datasets/df_2024_proportional/batch_0007/images/34cdb69ead5c15c79159bf93e6ecaf9a195d570c.jpg,True,downloaded,
dc6d72bc48585dbb7de6224de9796bafc9050da8,5af1494b1e1a96e8ceaa11b10b54584765401338,-15.682434855518448,-47.83708978618587,-15.68243497901104,-47.83710141471153,2024-12,2024,VQIxPkBtdn7oM4soACtfOw,161.4451993727141,© Google,OK,9_8,195873.65951948124,8264154.887135195,d469135a054b5591b25cab360f1dff16628af5e3,cardinal,4,2,180_deg_south,cardinal,180,0,90,640,640,7,batch_0007,799,datasets/df_2024_proportional/batch_0007/images/d469135a054b5591b25cab360f1dff16628af5e3.jpg,https://raw.githubusercontent.com/GUIA-DD/dataset-streetview/main/datasets/df_2024_proportional/batch_0007/images/d469135a054b5591b25cab360f1dff16628af5e3.jpg,True,downloaded,
dc6d72bc48585dbb7de6224de9796bafc9050da8,5af1494b1e1a96e8ceaa11b10b54584765401338,-15.682434855518448,-47.83708978618587,-15.68243497901104,-47.83710141471153,2024-12,2024,VQIxPkBtdn7oM4soACtfOw,161.4451993727141,© Google,OK,9_8,195873.65951948124,8264154.887135195,c143c7144b0be3d9e9a21b0ad2448f35df5b405c,cardinal,4,3,270_deg_west,cardinal,270,0,90,640,640,7,batch_0007,800,datasets/df_2024_proportional/batch_0007/images/c143c7144b0be3d9e9a21b0ad2448f35df5b405c.jpg,https://raw.githubusercontent.com/GUIA-DD/dataset-streetview/main/datasets/df_2024_proportional/batch_0007/images/c143c7144b0be3d9e9a21b0ad2448f35df5b405c.jpg,True,downloaded,
dd10a92edf151d9474d1035aa82dc4658fefe5c8,851085f3bc2e73b13db19bcc4a4a0db39a76d6cf,-15.834937750057923,-48.09103365192638,-15.83490300487796,-48.09106095852107,2024-10,2024,q_ssvmcSyujGjWFKLO9Hnw,158.6520420118299,© Google,OK,3_4,168877.66809286235,8246883.843227194,7c3f3a5a23a7bb0c336696aefe96cd23adeac674,cardinal,4,0,0_deg_north,cardinal,0,0,90,640,640,7,batch_0007,801,datasets/df_2024_proportional/batch_0007/images/7c3f3a5a23a7bb0c336696aefe96cd23adeac674.jpg,https://raw.githubusercontent.com/GUIA-DD/dataset-streetview/main/datasets/df_2024_proportional/batch_0007/images/7c3f3a5a23a7bb0c336696aefe96cd23adeac674.jpg,True,downloaded,
dd10a92edf151d9474d1035aa82dc4658fefe5c8,851085f3bc2e73b13db19bcc4a4a0db39a76d6cf,-15.834937750057923,-48.09103365192638,-15.83490300487796,-48.09106095852107,2024-10,2024,q_ssvmcSyujGjWFKLO9Hnw,158.6520420118299,© Google,OK,3_4,168877.66809286235,8246883.843227194,ec587f40ffc0d1af2ce9a9224ee1d6517086f762,cardinal,4,1,90_deg_east,cardinal,90,0,90,640,640,7,batch_0007,802,datasets/df_2024_proportional/batch_0007/images/ec587f40ffc0d1af2ce9a9224ee1d6517086f762.jpg,https://raw.githubusercontent.com/GUIA-DD/dataset-streetview/main/datasets/df_2024_proportional/batch_0007/images/ec587f40ffc0d1af2ce9a9224ee1d6517086f762.jpg,True,downloaded,
dd10a92edf151d9474d1035aa82dc4658fefe5c8,851085f3bc2e73b13db19bcc4a4a0db39a76d6cf,-15.834937750057923,-48.09103365192638,-15.83490300487796,-48.09106095852107,2024-10,2024,q_ssvmcSyujGjWFKLO9Hnw,158.6520420118299,© Google,OK,3_4,168877.66809286235,8246883.843227194,0a181469358be739c8d47776ac78dd2d1adff360,cardinal,4,2,180_deg_south,cardinal,180,0,90,640,640,7,batch_0007,803,datasets/df_2024_proportional/batch_0007/images/0a181469358be739c8d47776ac78dd2d1adff360.jpg,https://raw.githubusercontent.com/GUIA-DD/dataset-streetview/main/datasets/df_2024_proportional/batch_0007/images/0a181469358be739c8d47776ac78dd2d1adff360.jpg,True,downloaded,
dd10a92edf151d9474d1035aa82dc4658fefe5c8,851085f3bc2e73b13db19bcc4a4a0db39a76d6cf,-15.834937750057923,-48.09103365192638,-15.83490300487796,-48.09106095852107,2024-10,2024,q_ssvmcSyujGjWFKLO9Hnw,158.6520420118299,© Google,OK,3_4,168877.66809286235,8246883.843227194,258edd9f7333f72abb8c130d2be27d374e59c0fe,cardinal,4,3,270_deg_west,cardinal,270,0,90,640,640,7,batch_0007,804,datasets/df_2024_proportional/batch_0007/images/258edd9f7333f72abb8c130d2be27d374e59c0fe.jpg,https://raw.githubusercontent.com/GUIA-DD/dataset-streetview/main/datasets/df_2024_proportional/batch_0007/images/258edd9f7333f72abb8c130d2be27d374e59c0fe.jpg,True,downloaded,
dd11d0576b6e43a630680a47df03db47abab5aca,bfd5ff91fe9e95b8774f4e9f638c7dd0e8c269b0,-15.931374350007031,-47.59259130055624,-15.93138079437093,-47.59258682912996,2024-09,2024,BIXCPD4oFOVevG01ciXUjQ,164.6435016836715,© Google,OK,14_2,222439.10541499231,8236931.044422946,9a0406a01b0776d3c8bc9fdc3abc7bc12f21c1f4,cardinal,4,0,0_deg_north,cardinal,0,0,90,640,640,7,batch_0007,805,datasets/df_2024_proportional/batch_0007/images/9a0406a01b0776d3c8bc9fdc3abc7bc12f21c1f4.jpg,https://raw.githubusercontent.com/GUIA-DD/dataset-streetview/main/datasets/df_2024_proportional/batch_0007/images/9a0406a01b0776d3c8bc9fdc3abc7bc12f21c1f4.jpg,True,downloaded,
dd11d0576b6e43a630680a47df03db47abab5aca,bfd5ff91fe9e95b8774f4e9f638c7dd0e8c269b0,-15.931374350007031,-47.59259130055624,-15.93138079437093,-47.59258682912996,2024-09,2024,BIXCPD4oFOVevG01ciXUjQ,164.6435016836715,© Google,OK,14_2,222439.10541499231,8236931.044422946,edd50a6ebe9758fba414e6194c07b0971c5abd64,cardinal,4,1,90_deg_east,cardinal,90,0,90,640,640,7,batch_0007,806,datasets/df_2024_proportional/batch_0007/images/edd50a6ebe9758fba414e6194c07b0971c5abd64.jpg,https://raw.githubusercontent.com/GUIA-DD/dataset-streetview/main/datasets/df_2024_proportional/batch_0007/images/edd50a6ebe9758fba414e6194c07b0971c5abd64.jpg,True,downloaded,
dd11d0576b6e43a630680a47df03db47abab5aca,bfd5ff91fe9e95b8774f4e9f638c7dd0e8c269b0,-15.931374350007031,-47.59259130055624,-15.93138079437093,-47.59258682912996,2024-09,2024,BIXCPD4oFOVevG01ciXUjQ,164.6435016836715,© Google,OK,14_2,222439.10541499231,8236931.044422946,43e79be655bd3f524e9f9834d0702d0cdc62b731,cardinal,4,2,180_deg_south,cardinal,180,0,90,640,640,7,batch_0007,807,datasets/df_2024_proportional/batch_0007/images/43e79be655bd3f524e9f9834d0702d0cdc62b731.jpg,https://raw.githubusercontent.com/GUIA-DD/dataset-streetview/main/datasets/df_2024_proportional/batch_0007/images/43e79be655bd3f524e9f9834d0702d0cdc62b731.jpg,True,downloaded,
dd11d0576b6e43a630680a47df03db47abab5aca,bfd5ff91fe9e95b8774f4e9f638c7dd0e8c269b0,-15.931374350007031,-47.59259130055624,-15.93138079437093,-47.59258682912996,2024-09,2024,BIXCPD4oFOVevG01ciXUjQ,164.6435016836715,© Google,OK,14_2,222439.10541499231,8236931.044422946,46ff9790a5ca3275d01e9ba326b55dfca324ddd3,cardinal,4,3,270_deg_west,cardinal,270,0,90,640,640,7,batch_0007,808,datasets/df_2024_proportional/batch_0007/images/46ff9790a5ca3275d01e9ba326b55dfca324ddd3.jpg,https://raw.githubusercontent.com/GUIA-DD/dataset-streetview/main/datasets/df_2024_proportional/batch_0007/images/46ff9790a5ca3275d01e9ba326b55dfca324ddd3.jpg,True,downloaded,
de6933bb8f76e08d1e814a039c13fb60fe4167ed,4d6886191304c630df66fb2dbe95ef342decfebf,-15.851618350700052,-47.878881948724,-15.85162753101502,-47.87890792306648,2024-12,2024,iOd-cJErm279fYItnW0Oxw,218.2941301540941,© Google,OK,8_4,191646.4607289784,8245360.369174372,eb4091507e7ee237d9aea9700c173a6eb7481a89,cardinal,4,0,0_deg_north,cardinal,0,0,90,640,640,7,batch_0007,809,datasets/df_2024_proportional/batch_0007/images/eb4091507e7ee237d9aea9700c173a6eb7481a89.jpg,https://raw.githubusercontent.com/GUIA-DD/dataset-streetview/main/datasets/df_2024_proportional/batch_0007/images/eb4091507e7ee237d9aea9700c173a6eb7481a89.jpg,True,downloaded,
de6933bb8f76e08d1e814a039c13fb60fe4167ed,4d6886191304c630df66fb2dbe95ef342decfebf,-15.851618350700052,-47.878881948724,-15.85162753101502,-47.87890792306648,2024-12,2024,iOd-cJErm279fYItnW0Oxw,218.2941301540941,© Google,OK,8_4,191646.4607289784,8245360.369174372,ae007e9a2487e880b7d4196db41d858280d3dbc5,cardinal,4,1,90_deg_east,cardinal,90,0,90,640,640,7,batch_0007,810,datasets/df_2024_proportional/batch_0007/images/ae007e9a2487e880b7d4196db41d858280d3dbc5.jpg,https://raw.githubusercontent.com/GUIA-DD/dataset-streetview/main/datasets/df_2024_proportional/batch_0007/images/ae007e9a2487e880b7d4196db41d858280d3dbc5.jpg,True,downloaded,
de6933bb8f76e08d1e814a039c13fb60fe4167ed,4d6886191304c630df66fb2dbe95ef342decfebf,-15.851618350700052,-47.878881948724,-15.85162753101502,-47.87890792306648,2024-12,2024,iOd-cJErm279fYItnW0Oxw,218.2941301540941,© Google,OK,8_4,191646.4607289784,8245360.369174372,5ecbef6854468fc048f5d5e9f7a4b771e706845b,cardinal,4,2,180_deg_south,cardinal,180,0,90,640,640,7,batch_0007,811,datasets/df_2024_proportional/batch_0007/images/5ecbef6854468fc048f5d5e9f7a4b771e706845b.jpg,https://raw.githubusercontent.com/GUIA-DD/dataset-streetview/main/datasets/df_2024_proportional/batch_0007/images/5ecbef6854468fc048f5d5e9f7a4b771e706845b.jpg,True,downloaded,
de6933bb8f76e08d1e814a039c13fb60fe4167ed,4d6886191304c630df66fb2dbe95ef342decfebf,-15.851618350700052,-47.878881948724,-15.85162753101502,-47.87890792306648,2024-12,2024,iOd-cJErm279fYItnW0Oxw,218.2941301540941,© Google,OK,8_4,191646.4607289784,8245360.369174372,806536ec63585e85bbdc2fb2a976489450d1fcdf,cardinal,4,3,270_deg_west,cardinal,270,0,90,640,640,7,batch_0007,812,datasets/df_2024_proportional/batch_0007/images/806536ec63585e85bbdc2fb2a976489450d1fcdf.jpg,https://raw.githubusercontent.com/GUIA-DD/dataset-streetview/main/datasets/df_2024_proportional/batch_0007/images/806536ec63585e85bbdc2fb2a976489450d1fcdf.jpg,True,downloaded,
defe11fe6667409c1547fc52695ffd170821e0f0,e2036648f0c2ef4717dff84bf76ce9da53f9c030,-15.815499800108071,-47.97662019994136,-15.81543033414933,-47.97643214772283,2024-06,2024,J8XjD8P_QOYk8qmI5kYMKw,248.6668941203727,© Google,OK,6_5,181113.14829954863,8249213.80756834,d09acc46b92c4e4d84c87d77b7c08341b8057b0f,cardinal,4,0,0_deg_north,cardinal,0,0,90,640,640,7,batch_0007,813,datasets/df_2024_proportional/batch_0007/images/d09acc46b92c4e4d84c87d77b7c08341b8057b0f.jpg,https://raw.githubusercontent.com/GUIA-DD/dataset-streetview/main/datasets/df_2024_proportional/batch_0007/images/d09acc46b92c4e4d84c87d77b7c08341b8057b0f.jpg,True,downloaded,
defe11fe6667409c1547fc52695ffd170821e0f0,e2036648f0c2ef4717dff84bf76ce9da53f9c030,-15.815499800108071,-47.97662019994136,-15.81543033414933,-47.97643214772283,2024-06,2024,J8XjD8P_QOYk8qmI5kYMKw,248.6668941203727,© Google,OK,6_5,181113.14829954863,8249213.80756834,253f536d5c36e3ea2714a2f98423281432bcc94d,cardinal,4,1,90_deg_east,cardinal,90,0,90,640,640,7,batch_0007,814,datasets/df_2024_proportional/batch_0007/images/253f536d5c36e3ea2714a2f98423281432bcc94d.jpg,https://raw.githubusercontent.com/GUIA-DD/dataset-streetview/main/datasets/df_2024_proportional/batch_0007/images/253f536d5c36e3ea2714a2f98423281432bcc94d.jpg,True,downloaded,
defe11fe6667409c1547fc52695ffd170821e0f0,e2036648f0c2ef4717dff84bf76ce9da53f9c030,-15.815499800108071,-47.97662019994136,-15.81543033414933,-47.97643214772283,2024-06,2024,J8XjD8P_QOYk8qmI5kYMKw,248.6668941203727,© Google,OK,6_5,181113.14829954863,8249213.80756834,0827b7c457349a32ed1addc75dea8d5ae43db78d,cardinal,4,2,180_deg_south,cardinal,180,0,90,640,640,7,batch_0007,815,datasets/df_2024_proportional/batch_0007/images/0827b7c457349a32ed1addc75dea8d5ae43db78d.jpg,https://raw.githubusercontent.com/GUIA-DD/dataset-streetview/main/datasets/df_2024_proportional/batch_0007/images/0827b7c457349a32ed1addc75dea8d5ae43db78d.jpg,True,downloaded,
defe11fe6667409c1547fc52695ffd170821e0f0,e2036648f0c2ef4717dff84bf76ce9da53f9c030,-15.815499800108071,-47.97662019994136,-15.81543033414933,-47.97643214772283,2024-06,2024,J8XjD8P_QOYk8qmI5kYMKw,248.6668941203727,© Google,OK,6_5,181113.14829954863,8249213.80756834,17b69a5b2e15a349aeba33b4bc48a7e557ed0708,cardinal,4,3,270_deg_west,cardinal,270,0,90,640,640,7,batch_0007,816,datasets/df_2024_proportional/batch_0007/images/17b69a5b2e15a349aeba33b4bc48a7e557ed0708.jpg,https://raw.githubusercontent.com/GUIA-DD/dataset-streetview/main/datasets/df_2024_proportional/batch_0007/images/17b69a5b2e15a349aeba33b4bc48a7e557ed0708.jpg,True,downloaded,
df24e2b22a5fd74adffc4b410efc9f3cff9c0761,e8aded6865d1cf83f790e8d65076b99292e23a60,-15.746655950027344,-47.84214819994794,-15.74662007583633,-47.84215337370815,2024-05,2024,e2WYFq772ZaG6WYhQUtQiA,216.8853545201999,© Google,OK,9_6,195426.65167289207,8257036.505581628,b66107f7bb4b9e1b100cbfd86020a1322ad12339,cardinal,4,0,0_deg_north,cardinal,0,0,90,640,640,7,batch_0007,817,datasets/df_2024_proportional/batch_0007/images/b66107f7bb4b9e1b100cbfd86020a1322ad12339.jpg,https://raw.githubusercontent.com/GUIA-DD/dataset-streetview/main/datasets/df_2024_proportional/batch_0007/images/b66107f7bb4b9e1b100cbfd86020a1322ad12339.jpg,True,downloaded,
df24e2b22a5fd74adffc4b410efc9f3cff9c0761,e8aded6865d1cf83f790e8d65076b99292e23a60,-15.746655950027344,-47.84214819994794,-15.74662007583633,-47.84215337370815,2024-05,2024,e2WYFq772ZaG6WYhQUtQiA,216.8853545201999,© Google,OK,9_6,195426.65167289207,8257036.505581628,9d3de332bdf7a626d3b1e197560e8aa8bf86a2be,cardinal,4,1,90_deg_east,cardinal,90,0,90,640,640,7,batch_0007,818,datasets/df_2024_proportional/batch_0007/images/9d3de332bdf7a626d3b1e197560e8aa8bf86a2be.jpg,https://raw.githubusercontent.com/GUIA-DD/dataset-streetview/main/datasets/df_2024_proportional/batch_0007/images/9d3de332bdf7a626d3b1e197560e8aa8bf86a2be.jpg,True,downloaded,
df24e2b22a5fd74adffc4b410efc9f3cff9c0761,e8aded6865d1cf83f790e8d65076b99292e23a60,-15.746655950027344,-47.84214819994794,-15.74662007583633,-47.84215337370815,2024-05,2024,e2WYFq772ZaG6WYhQUtQiA,216.8853545201999,© Google,OK,9_6,195426.65167289207,8257036.505581628,3c4987741137d0ada4408206bd356efa7618bde3,cardinal,4,2,180_deg_south,cardinal,180,0,90,640,640,7,batch_0007,819,datasets/df_2024_proportional/batch_0007/images/3c4987741137d0ada4408206bd356efa7618bde3.jpg,https://raw.githubusercontent.com/GUIA-DD/dataset-streetview/main/datasets/df_2024_proportional/batch_0007/images/3c4987741137d0ada4408206bd356efa7618bde3.jpg,True,downloaded,
df24e2b22a5fd74adffc4b410efc9f3cff9c0761,e8aded6865d1cf83f790e8d65076b99292e23a60,-15.746655950027344,-47.84214819994794,-15.74662007583633,-47.84215337370815,2024-05,2024,e2WYFq772ZaG6WYhQUtQiA,216.8853545201999,© Google,OK,9_6,195426.65167289207,8257036.505581628,95d46baf1a9c7be3d6d10a4e3f42afe8fe713d72,cardinal,4,3,270_deg_west,cardinal,270,0,90,640,640,7,batch_0007,820,datasets/df_2024_proportional/batch_0007/images/95d46baf1a9c7be3d6d10a4e3f42afe8fe713d72.jpg,https://raw.githubusercontent.com/GUIA-DD/dataset-streetview/main/datasets/df_2024_proportional/batch_0007/images/95d46baf1a9c7be3d6d10a4e3f42afe8fe713d72.jpg,True,downloaded,
dfd620544059be6ae8ed64d27aa4bea2e16b5d65,442bbc7803d3a2f2469256fa68ee37ca97f6d64f,-15.87894020006916,-48.08093000010378,-15.87895008282645,-48.08092282446209,2025-06,2025,6kkboptcxoIPOCFXUeyczw,116.81820805327304,© Google,OK,4_3,170032.57367609924,8242026.505783264,68964f7c953d0214a306f2dc950a1b0e16b07af6,cardinal,4,0,0_deg_north,cardinal,0,0,90,640,640,7,batch_0007,821,datasets/df_2024_proportional/batch_0007/images/68964f7c953d0214a306f2dc950a1b0e16b07af6.jpg,https://raw.githubusercontent.com/GUIA-DD/dataset-streetview/main/datasets/df_2024_proportional/batch_0007/images/68964f7c953d0214a306f2dc950a1b0e16b07af6.jpg,True,downloaded,
dfd620544059be6ae8ed64d27aa4bea2e16b5d65,442bbc7803d3a2f2469256fa68ee37ca97f6d64f,-15.87894020006916,-48.08093000010378,-15.87895008282645,-48.08092282446209,2025-06,2025,6kkboptcxoIPOCFXUeyczw,116.81820805327304,© Google,OK,4_3,170032.57367609924,8242026.505783264,e9703507bf4fd2e4d8cf0f0f88f321c39b761d66,cardinal,4,1,90_deg_east,cardinal,90,0,90,640,640,7,batch_0007,822,datasets/df_2024_proportional/batch_0007/images/e9703507bf4fd2e4d8cf0f0f88f321c39b761d66.jpg,https://raw.githubusercontent.com/GUIA-DD/dataset-streetview/main/datasets/df_2024_proportional/batch_0007/images/e9703507bf4fd2e4d8cf0f0f88f321c39b761d66.jpg,True,downloaded,
dfd620544059be6ae8ed64d27aa4bea2e16b5d65,442bbc7803d3a2f2469256fa68ee37ca97f6d64f,-15.87894020006916,-48.08093000010378,-15.87895008282645,-48.08092282446209,2025-06,2025,6kkboptcxoIPOCFXUeyczw,116.81820805327304,© Google,OK,4_3,170032.57367609924,8242026.505783264,3e0479107ad78629c542ee64670aa321e6eae1a6,cardinal,4,2,180_deg_south,cardinal,180,0,90,640,640,7,batch_0007,823,datasets/df_2024_proportional/batch_0007/images/3e0479107ad78629c542ee64670aa321e6eae1a6.jpg,https://raw.githubusercontent.com/GUIA-DD/dataset-streetview/main/datasets/df_2024_proportional/batch_0007/images/3e0479107ad78629c542ee64670aa321e6eae1a6.jpg,True,downloaded,
dfd620544059be6ae8ed64d27aa4bea2e16b5d65,442bbc7803d3a2f2469256fa68ee37ca97f6d64f,-15.87894020006916,-48.08093000010378,-15.87895008282645,-48.08092282446209,2025-06,2025,6kkboptcxoIPOCFXUeyczw,116.81820805327304,© Google,OK,4_3,170032.57367609924,8242026.505783264,923321b0c2f813923421d8f046ad977242a0666f,cardinal,4,3,270_deg_west,cardinal,270,0,90,640,640,7,batch_0007,824,datasets/df_2024_proportional/batch_0007/images/923321b0c2f813923421d8f046ad977242a0666f.jpg,https://raw.githubusercontent.com/GUIA-DD/dataset-streetview/main/datasets/df_2024_proportional/batch_0007/images/923321b0c2f813923421d8f046ad977242a0666f.jpg,True,downloaded,
e0c085811950427df45978d4a461f0f6a6062e6c,650e9a279001ff1a38bf052abdd00fc678c5a084,-15.843546900197705,-48.05439310033351,-15.84353809309238,-48.05443340632939,2024-07,2024,zs7ZEgkOiTuyMYnWMlXt5A,299.5969171429072,© Google,OK,4_4,172819.8252948985,8245987.941637099,7366201a191df482b915c842afe28f9f394b05e5,cardinal,4,0,0_deg_north,cardinal,0,0,90,640,640,7,batch_0007,825,datasets/df_2024_proportional/batch_0007/images/7366201a191df482b915c842afe28f9f394b05e5.jpg,https://raw.githubusercontent.com/GUIA-DD/dataset-streetview/main/datasets/df_2024_proportional/batch_0007/images/7366201a191df482b915c842afe28f9f394b05e5.jpg,True,downloaded,
e0c085811950427df45978d4a461f0f6a6062e6c,650e9a279001ff1a38bf052abdd00fc678c5a084,-15.843546900197705,-48.05439310033351,-15.84353809309238,-48.05443340632939,2024-07,2024,zs7ZEgkOiTuyMYnWMlXt5A,299.5969171429072,© Google,OK,4_4,172819.8252948985,8245987.941637099,799518807c44c4c8558dba274177aec787eb7633,cardinal,4,1,90_deg_east,cardinal,90,0,90,640,640,7,batch_0007,826,datasets/df_2024_proportional/batch_0007/images/799518807c44c4c8558dba274177aec787eb7633.jpg,https://raw.githubusercontent.com/GUIA-DD/dataset-streetview/main/datasets/df_2024_proportional/batch_0007/images/799518807c44c4c8558dba274177aec787eb7633.jpg,True,downloaded,
e0c085811950427df45978d4a461f0f6a6062e6c,650e9a279001ff1a38bf052abdd00fc678c5a084,-15.843546900197705,-48.05439310033351,-15.84353809309238,-48.05443340632939,2024-07,2024,zs7ZEgkOiTuyMYnWMlXt5A,299.5969171429072,© Google,OK,4_4,172819.8252948985,8245987.941637099,193a4b25535681ac9205bb56ebf54e96c6ef8feb,cardinal,4,2,180_deg_south,cardinal,180,0,90,640,640,7,batch_0007,827,datasets/df_2024_proportional/batch_0007/images/193a4b25535681ac9205bb56ebf54e96c6ef8feb.jpg,https://raw.githubusercontent.com/GUIA-DD/dataset-streetview/main/datasets/df_2024_proportional/batch_0007/images/193a4b25535681ac9205bb56ebf54e96c6ef8feb.jpg,True,downloaded,
e0c085811950427df45978d4a461f0f6a6062e6c,650e9a279001ff1a38bf052abdd00fc678c5a084,-15.843546900197705,-48.05439310033351,-15.84353809309238,-48.05443340632939,2024-07,2024,zs7ZEgkOiTuyMYnWMlXt5A,299.5969171429072,© Google,OK,4_4,172819.8252948985,8245987.941637099,c32a5fc07f3f1d55868d2221e200fa4820a38c7b,cardinal,4,3,270_deg_west,cardinal,270,0,90,640,640,7,batch_0007,828,datasets/df_2024_proportional/batch_0007/images/c32a5fc07f3f1d55868d2221e200fa4820a38c7b.jpg,https://raw.githubusercontent.com/GUIA-DD/dataset-streetview/main/datasets/df_2024_proportional/batch_0007/images/c32a5fc07f3f1d55868d2221e200fa4820a38c7b.jpg,True,downloaded,
e1c0bfbbc92c32f75603c1d567ad600dac3f1f40,090530245a5361bbfd0c6cf3d9f121840bfa2e8d,-15.64208550001884,-47.792056899909085,-15.6420996298878,-47.79204036918047,2024-07,2024,lreLa8eAa5Gl1hS9ObuWSw,189.89212243552083,© Google,OK,10_9,200645.52236092763,8268686.726029255,711e40c3065c586908381cabceaf11b898fc0e64,cardinal,4,0,0_deg_north,cardinal,0,0,90,640,640,7,batch_0007,829,datasets/df_2024_proportional/batch_0007/images/711e40c3065c586908381cabceaf11b898fc0e64.jpg,https://raw.githubusercontent.com/GUIA-DD/dataset-streetview/main/datasets/df_2024_proportional/batch_0007/images/711e40c3065c586908381cabceaf11b898fc0e64.jpg,True,downloaded,
e1c0bfbbc92c32f75603c1d567ad600dac3f1f40,090530245a5361bbfd0c6cf3d9f121840bfa2e8d,-15.64208550001884,-47.792056899909085,-15.6420996298878,-47.79204036918047,2024-07,2024,lreLa8eAa5Gl1hS9ObuWSw,189.89212243552083,© Google,OK,10_9,200645.52236092763,8268686.726029255,c11108796e5dac3ea1dd8aa3ba6b0036d145f48c,cardinal,4,1,90_deg_east,cardinal,90,0,90,640,640,7,batch_0007,830,datasets/df_2024_proportional/batch_0007/images/c11108796e5dac3ea1dd8aa3ba6b0036d145f48c.jpg,https://raw.githubusercontent.com/GUIA-DD/dataset-streetview/main/datasets/df_2024_proportional/batch_0007/images/c11108796e5dac3ea1dd8aa3ba6b0036d145f48c.jpg,True,downloaded,
e1c0bfbbc92c32f75603c1d567ad600dac3f1f40,090530245a5361bbfd0c6cf3d9f121840bfa2e8d,-15.64208550001884,-47.792056899909085,-15.6420996298878,-47.79204036918047,2024-07,2024,lreLa8eAa5Gl1hS9ObuWSw,189.89212243552083,© Google,OK,10_9,200645.52236092763,8268686.726029255,77721c8970ab398588af86be1da68314241dcb6f,cardinal,4,2,180_deg_south,cardinal,180,0,90,640,640,7,batch_0007,831,datasets/df_2024_proportional/batch_0007/images/77721c8970ab398588af86be1da68314241dcb6f.jpg,https://raw.githubusercontent.com/GUIA-DD/dataset-streetview/main/datasets/df_2024_proportional/batch_0007/images/77721c8970ab398588af86be1da68314241dcb6f.jpg,True,downloaded,
e1c0bfbbc92c32f75603c1d567ad600dac3f1f40,090530245a5361bbfd0c6cf3d9f121840bfa2e8d,-15.64208550001884,-47.792056899909085,-15.6420996298878,-47.79204036918047,2024-07,2024,lreLa8eAa5Gl1hS9ObuWSw,189.89212243552083,© Google,OK,10_9,200645.52236092763,8268686.726029255,f5e1a6e3436c5039b472c44c35f59f5adb6f025e,cardinal,4,3,270_deg_west,cardinal,270,0,90,640,640,7,batch_0007,832,datasets/df_2024_proportional/batch_0007/images/f5e1a6e3436c5039b472c44c35f59f5adb6f025e.jpg,https://raw.githubusercontent.com/GUIA-DD/dataset-streetview/main/datasets/df_2024_proportional/batch_0007/images/f5e1a6e3436c5039b472c44c35f59f5adb6f025e.jpg,True,downloaded,
e22c662453b4ae69be010a0740d6e0cad989be63,53f67ba0bb0e09b8e2fd8361eebc9e9cbdada803,-15.870290651016845,-47.87241734909051,-15.87027946560443,-47.87239548388006,2024-12,2024,E_HmDB5Xi3Tj8n7IM9B6Vg,239.22274013543387,© Google,OK,8_4,192367.727704818,8243302.2529161265,82a422924d3b5fb7d13bf2ef8f7d01bd13a37874,cardinal,4,0,0_deg_north,cardinal,0,0,90,640,640,7,batch_0007,833,datasets/df_2024_proportional/batch_0007/images/82a422924d3b5fb7d13bf2ef8f7d01bd13a37874.jpg,https://raw.githubusercontent.com/GUIA-DD/dataset-streetview/main/datasets/df_2024_proportional/batch_0007/images/82a422924d3b5fb7d13bf2ef8f7d01bd13a37874.jpg,True,downloaded,
e22c662453b4ae69be010a0740d6e0cad989be63,53f67ba0bb0e09b8e2fd8361eebc9e9cbdada803,-15.870290651016845,-47.87241734909051,-15.87027946560443,-47.87239548388006,2024-12,2024,E_HmDB5Xi3Tj8n7IM9B6Vg,239.22274013543387,© Google,OK,8_4,192367.727704818,8243302.2529161265,44242afde5f6cbd62d774090c27fe19ef9d940ed,cardinal,4,1,90_deg_east,cardinal,90,0,90,640,640,7,batch_0007,834,datasets/df_2024_proportional/batch_0007/images/44242afde5f6cbd62d774090c27fe19ef9d940ed.jpg,https://raw.githubusercontent.com/GUIA-DD/dataset-streetview/main/datasets/df_2024_proportional/batch_0007/images/44242afde5f6cbd62d774090c27fe19ef9d940ed.jpg,True,downloaded,
e22c662453b4ae69be010a0740d6e0cad989be63,53f67ba0bb0e09b8e2fd8361eebc9e9cbdada803,-15.870290651016845,-47.87241734909051,-15.87027946560443,-47.87239548388006,2024-12,2024,E_HmDB5Xi3Tj8n7IM9B6Vg,239.22274013543387,© Google,OK,8_4,192367.727704818,8243302.2529161265,4ab337dd591e553765b3e885928b127dcd6ef298,cardinal,4,2,180_deg_south,cardinal,180,0,90,640,640,7,batch_0007,835,datasets/df_2024_proportional/batch_0007/images/4ab337dd591e553765b3e885928b127dcd6ef298.jpg,https://raw.githubusercontent.com/GUIA-DD/dataset-streetview/main/datasets/df_2024_proportional/batch_0007/images/4ab337dd591e553765b3e885928b127dcd6ef298.jpg,True,downloaded,
e22c662453b4ae69be010a0740d6e0cad989be63,53f67ba0bb0e09b8e2fd8361eebc9e9cbdada803,-15.870290651016845,-47.87241734909051,-15.87027946560443,-47.87239548388006,2024-12,2024,E_HmDB5Xi3Tj8n7IM9B6Vg,239.22274013543387,© Google,OK,8_4,192367.727704818,8243302.2529161265,b7e5abff884ba4e909c97d186458998292901c9b,cardinal,4,3,270_deg_west,cardinal,270,0,90,640,640,7,batch_0007,836,datasets/df_2024_proportional/batch_0007/images/b7e5abff884ba4e909c97d186458998292901c9b.jpg,https://raw.githubusercontent.com/GUIA-DD/dataset-streetview/main/datasets/df_2024_proportional/batch_0007/images/b7e5abff884ba4e909c97d186458998292901c9b.jpg,True,downloaded,
e2f468912b27a8cc37ceeb46ecba164a4c780a71,4a17bf29efd5be9964bdd0ad827300ba560f907c,-15.879140099992496,-48.00679914996201,-15.87910347294113,-48.00681691867545,2024-06,2024,brVavgGqbZ_SJpBh0CW4PA,354.84069928971263,© Google,OK,5_3,177978.62157216252,8242119.97341499,15b3a80a531be9bfd36ba0973a2796a6678d6bac,cardinal,4,0,0_deg_north,cardinal,0,0,90,640,640,7,batch_0007,837,datasets/df_2024_proportional/batch_0007/images/15b3a80a531be9bfd36ba0973a2796a6678d6bac.jpg,https://raw.githubusercontent.com/GUIA-DD/dataset-streetview/main/datasets/df_2024_proportional/batch_0007/images/15b3a80a531be9bfd36ba0973a2796a6678d6bac.jpg,True,downloaded,
e2f468912b27a8cc37ceeb46ecba164a4c780a71,4a17bf29efd5be9964bdd0ad827300ba560f907c,-15.879140099992496,-48.00679914996201,-15.87910347294113,-48.00681691867545,2024-06,2024,brVavgGqbZ_SJpBh0CW4PA,354.84069928971263,© Google,OK,5_3,177978.62157216252,8242119.97341499,3573497e15b383749e447ab8fb64047cfe1dd5ba,cardinal,4,1,90_deg_east,cardinal,90,0,90,640,640,7,batch_0007,838,datasets/df_2024_proportional/batch_0007/images/3573497e15b383749e447ab8fb64047cfe1dd5ba.jpg,https://raw.githubusercontent.com/GUIA-DD/dataset-streetview/main/datasets/df_2024_proportional/batch_0007/images/3573497e15b383749e447ab8fb64047cfe1dd5ba.jpg,True,downloaded,
e2f468912b27a8cc37ceeb46ecba164a4c780a71,4a17bf29efd5be9964bdd0ad827300ba560f907c,-15.879140099992496,-48.00679914996201,-15.87910347294113,-48.00681691867545,2024-06,2024,brVavgGqbZ_SJpBh0CW4PA,354.84069928971263,© Google,OK,5_3,177978.62157216252,8242119.97341499,1a17b89f6b3219205d1bb5680c1c88582860f70f,cardinal,4,2,180_deg_south,cardinal,180,0,90,640,640,7,batch_0007,839,datasets/df_2024_proportional/batch_0007/images/1a17b89f6b3219205d1bb5680c1c88582860f70f.jpg,https://raw.githubusercontent.com/GUIA-DD/dataset-streetview/main/datasets/df_2024_proportional/batch_0007/images/1a17b89f6b3219205d1bb5680c1c88582860f70f.jpg,True,downloaded,
e2f468912b27a8cc37ceeb46ecba164a4c780a71,4a17bf29efd5be9964bdd0ad827300ba560f907c,-15.879140099992496,-48.00679914996201,-15.87910347294113,-48.00681691867545,2024-06,2024,brVavgGqbZ_SJpBh0CW4PA,354.84069928971263,© Google,OK,5_3,177978.62157216252,8242119.97341499,a7307be10daefbad0918e3cd95829a89244c18d6,cardinal,4,3,270_deg_west,cardinal,270,0,90,640,640,7,batch_0007,840,datasets/df_2024_proportional/batch_0007/images/a7307be10daefbad0918e3cd95829a89244c18d6.jpg,https://raw.githubusercontent.com/GUIA-DD/dataset-streetview/main/datasets/df_2024_proportional/batch_0007/images/a7307be10daefbad0918e3cd95829a89244c18d6.jpg,True,downloaded,
e4c51c089bbea8615849388eb91a32871e191cbf,7db00b1e1914ed6b4315e62f92cbf106de0d7301,-15.906766950001945,-47.76215255005033,-15.90679512072916,-47.76216745033007,2025-01,2025,f0Y8Lq_7a4GM-SkN-5Npog,160.37067344034386,© Google,OK,11_3,204238.2875163097,8239422.502435457,7420eeae1c0dde0fe2df8820196641d235086b56,cardinal,4,0,0_deg_north,cardinal,0,0,90,640,640,7,batch_0007,841,datasets/df_2024_proportional/batch_0007/images/7420eeae1c0dde0fe2df8820196641d235086b56.jpg,https://raw.githubusercontent.com/GUIA-DD/dataset-streetview/main/datasets/df_2024_proportional/batch_0007/images/7420eeae1c0dde0fe2df8820196641d235086b56.jpg,True,downloaded,
e4c51c089bbea8615849388eb91a32871e191cbf,7db00b1e1914ed6b4315e62f92cbf106de0d7301,-15.906766950001945,-47.76215255005033,-15.90679512072916,-47.76216745033007,2025-01,2025,f0Y8Lq_7a4GM-SkN-5Npog,160.37067344034386,© Google,OK,11_3,204238.2875163097,8239422.502435457,85b011e4c4146c739352d0e26b21e37293132fbd,cardinal,4,1,90_deg_east,cardinal,90,0,90,640,640,7,batch_0007,842,datasets/df_2024_proportional/batch_0007/images/85b011e4c4146c739352d0e26b21e37293132fbd.jpg,https://raw.githubusercontent.com/GUIA-DD/dataset-streetview/main/datasets/df_2024_proportional/batch_0007/images/85b011e4c4146c739352d0e26b21e37293132fbd.jpg,True,downloaded,
e4c51c089bbea8615849388eb91a32871e191cbf,7db00b1e1914ed6b4315e62f92cbf106de0d7301,-15.906766950001945,-47.76215255005033,-15.90679512072916,-47.76216745033007,2025-01,2025,f0Y8Lq_7a4GM-SkN-5Npog,160.37067344034386,© Google,OK,11_3,204238.2875163097,8239422.502435457,fd6fba903041f976ebc9bac6f1d189958d5ce4ec,cardinal,4,2,180_deg_south,cardinal,180,0,90,640,640,7,batch_0007,843,datasets/df_2024_proportional/batch_0007/images/fd6fba903041f976ebc9bac6f1d189958d5ce4ec.jpg,https://raw.githubusercontent.com/GUIA-DD/dataset-streetview/main/datasets/df_2024_proportional/batch_0007/images/fd6fba903041f976ebc9bac6f1d189958d5ce4ec.jpg,True,downloaded,
e4c51c089bbea8615849388eb91a32871e191cbf,7db00b1e1914ed6b4315e62f92cbf106de0d7301,-15.906766950001945,-47.76215255005033,-15.90679512072916,-47.76216745033007,2025-01,2025,f0Y8Lq_7a4GM-SkN-5Npog,160.37067344034386,© Google,OK,11_3,204238.2875163097,8239422.502435457,8721faded91c41696c22ec88f9e584e5b080d430,cardinal,4,3,270_deg_west,cardinal,270,0,90,640,640,7,batch_0007,844,datasets/df_2024_proportional/batch_0007/images/8721faded91c41696c22ec88f9e584e5b080d430.jpg,https://raw.githubusercontent.com/GUIA-DD/dataset-streetview/main/datasets/df_2024_proportional/batch_0007/images/8721faded91c41696c22ec88f9e584e5b080d430.jpg,True,downloaded,
e5e4375c9bd9ff5ab9dda71d4f70d4dd28c4ac96,37e3d901a45fb3580f5f3b97ef2e723ecdb2a456,-16.029337950345507,-48.0296028991188,-16.02930530573441,-48.02958410810069,2024-08,2024,wAyauIbf1InHnvnL3WmP5Q,206.842884567305,© Google,OK,5_0,175776.43763230657,8225450.867279856,6594973612240dc6e85a8179d2b9273afa858a5f,cardinal,4,0,0_deg_north,cardinal,0,0,90,640,640,7,batch_0007,845,datasets/df_2024_proportional/batch_0007/images/6594973612240dc6e85a8179d2b9273afa858a5f.jpg,https://raw.githubusercontent.com/GUIA-DD/dataset-streetview/main/datasets/df_2024_proportional/batch_0007/images/6594973612240dc6e85a8179d2b9273afa858a5f.jpg,True,downloaded,
e5e4375c9bd9ff5ab9dda71d4f70d4dd28c4ac96,37e3d901a45fb3580f5f3b97ef2e723ecdb2a456,-16.029337950345507,-48.0296028991188,-16.02930530573441,-48.02958410810069,2024-08,2024,wAyauIbf1InHnvnL3WmP5Q,206.842884567305,© Google,OK,5_0,175776.43763230657,8225450.867279856,8f443b95ec0c74fef5f32cc4716fd5aa7f128fc2,cardinal,4,1,90_deg_east,cardinal,90,0,90,640,640,7,batch_0007,846,datasets/df_2024_proportional/batch_0007/images/8f443b95ec0c74fef5f32cc4716fd5aa7f128fc2.jpg,https://raw.githubusercontent.com/GUIA-DD/dataset-streetview/main/datasets/df_2024_proportional/batch_0007/images/8f443b95ec0c74fef5f32cc4716fd5aa7f128fc2.jpg,True,downloaded,
e5e4375c9bd9ff5ab9dda71d4f70d4dd28c4ac96,37e3d901a45fb3580f5f3b97ef2e723ecdb2a456,-16.029337950345507,-48.0296028991188,-16.02930530573441,-48.02958410810069,2024-08,2024,wAyauIbf1InHnvnL3WmP5Q,206.842884567305,© Google,OK,5_0,175776.43763230657,8225450.867279856,222fb11a10f6959becc500842bfe422a830d9843,cardinal,4,2,180_deg_south,cardinal,180,0,90,640,640,7,batch_0007,847,datasets/df_2024_proportional/batch_0007/images/222fb11a10f6959becc500842bfe422a830d9843.jpg,https://raw.githubusercontent.com/GUIA-DD/dataset-streetview/main/datasets/df_2024_proportional/batch_0007/images/222fb11a10f6959becc500842bfe422a830d9843.jpg,True,downloaded,
e5e4375c9bd9ff5ab9dda71d4f70d4dd28c4ac96,37e3d901a45fb3580f5f3b97ef2e723ecdb2a456,-16.029337950345507,-48.0296028991188,-16.02930530573441,-48.02958410810069,2024-08,2024,wAyauIbf1InHnvnL3WmP5Q,206.842884567305,© Google,OK,5_0,175776.43763230657,8225450.867279856,cc455c94b7109fd5058c7757e67239e1533cb478,cardinal,4,3,270_deg_west,cardinal,270,0,90,640,640,7,batch_0007,848,datasets/df_2024_proportional/batch_0007/images/cc455c94b7109fd5058c7757e67239e1533cb478.jpg,https://raw.githubusercontent.com/GUIA-DD/dataset-streetview/main/datasets/df_2024_proportional/batch_0007/images/cc455c94b7109fd5058c7757e67239e1533cb478.jpg,True,downloaded,
e65b76921c1c20908d57ad5f6e6778e7803a3010,f0f0d5fb8bd911a515616f8d10e40d97d277590f,-15.615347900341217,-47.631028699774674,-15.61539926496584,-47.63104557495733,2024-09,2024,UsqFjgkQQcJ5p5xfb6ZqtQ,66.04796676732367,© Google,OK,13_9,217884.5167279122,8271867.483141741,ac3dfb1672741bb9bdca21b24e5cb4d3bc29a54a,cardinal,4,0,0_deg_north,cardinal,0,0,90,640,640,7,batch_0007,849,datasets/df_2024_proportional/batch_0007/images/ac3dfb1672741bb9bdca21b24e5cb4d3bc29a54a.jpg,https://raw.githubusercontent.com/GUIA-DD/dataset-streetview/main/datasets/df_2024_proportional/batch_0007/images/ac3dfb1672741bb9bdca21b24e5cb4d3bc29a54a.jpg,True,downloaded,
e65b76921c1c20908d57ad5f6e6778e7803a3010,f0f0d5fb8bd911a515616f8d10e40d97d277590f,-15.615347900341217,-47.631028699774674,-15.61539926496584,-47.63104557495733,2024-09,2024,UsqFjgkQQcJ5p5xfb6ZqtQ,66.04796676732367,© Google,OK,13_9,217884.5167279122,8271867.483141741,cfd4c91b5e70b11734a712b0b48cfdca965d0a03,cardinal,4,1,90_deg_east,cardinal,90,0,90,640,640,7,batch_0007,850,datasets/df_2024_proportional/batch_0007/images/cfd4c91b5e70b11734a712b0b48cfdca965d0a03.jpg,https://raw.githubusercontent.com/GUIA-DD/dataset-streetview/main/datasets/df_2024_proportional/batch_0007/images/cfd4c91b5e70b11734a712b0b48cfdca965d0a03.jpg,True,downloaded,
e65b76921c1c20908d57ad5f6e6778e7803a3010,f0f0d5fb8bd911a515616f8d10e40d97d277590f,-15.615347900341217,-47.631028699774674,-15.61539926496584,-47.63104557495733,2024-09,2024,UsqFjgkQQcJ5p5xfb6ZqtQ,66.04796676732367,© Google,OK,13_9,217884.5167279122,8271867.483141741,94b83b74226f14e5542cf7767faca22de370c71a,cardinal,4,2,180_deg_south,cardinal,180,0,90,640,640,7,batch_0007,851,datasets/df_2024_proportional/batch_0007/images/94b83b74226f14e5542cf7767faca22de370c71a.jpg,https://raw.githubusercontent.com/GUIA-DD/dataset-streetview/main/datasets/df_2024_proportional/batch_0007/images/94b83b74226f14e5542cf7767faca22de370c71a.jpg,True,downloaded,
e65b76921c1c20908d57ad5f6e6778e7803a3010,f0f0d5fb8bd911a515616f8d10e40d97d277590f,-15.615347900341217,-47.631028699774674,-15.61539926496584,-47.63104557495733,2024-09,2024,UsqFjgkQQcJ5p5xfb6ZqtQ,66.04796676732367,© Google,OK,13_9,217884.5167279122,8271867.483141741,24f53f4952f42652230a8eae31d5808791393813,cardinal,4,3,270_deg_west,cardinal,270,0,90,640,640,7,batch_0007,852,datasets/df_2024_proportional/batch_0007/images/24f53f4952f42652230a8eae31d5808791393813.jpg,https://raw.githubusercontent.com/GUIA-DD/dataset-streetview/main/datasets/df_2024_proportional/batch_0007/images/24f53f4952f42652230a8eae31d5808791393813.jpg,True,downloaded,
e6b99a16e66795a273482e2841c49c4fd064fe80,883a85f478474bdb837946bcd3cbe80db0f4548c,-15.898061300160476,-48.0502101999336,-15.89807154383427,-48.05024073114848,2025-06,2025,q6vd-iNxb68ZaQ9yPGT0eA,252.23307612889064,© Google,OK,4_3,173356.23068722946,8239957.140692824,597b55f3705a182cc3dba182d59f412f381ba9e3,cardinal,4,0,0_deg_north,cardinal,0,0,90,640,640,7,batch_0007,853,datasets/df_2024_proportional/batch_0007/images/597b55f3705a182cc3dba182d59f412f381ba9e3.jpg,https://raw.githubusercontent.com/GUIA-DD/dataset-streetview/main/datasets/df_2024_proportional/batch_0007/images/597b55f3705a182cc3dba182d59f412f381ba9e3.jpg,True,downloaded,
e6b99a16e66795a273482e2841c49c4fd064fe80,883a85f478474bdb837946bcd3cbe80db0f4548c,-15.898061300160476,-48.0502101999336,-15.89807154383427,-48.05024073114848,2025-06,2025,q6vd-iNxb68ZaQ9yPGT0eA,252.23307612889064,© Google,OK,4_3,173356.23068722946,8239957.140692824,53cfbb4d3fcb8c76959982d0be311110cc9eb986,cardinal,4,1,90_deg_east,cardinal,90,0,90,640,640,7,batch_0007,854,datasets/df_2024_proportional/batch_0007/images/53cfbb4d3fcb8c76959982d0be311110cc9eb986.jpg,https://raw.githubusercontent.com/GUIA-DD/dataset-streetview/main/datasets/df_2024_proportional/batch_0007/images/53cfbb4d3fcb8c76959982d0be311110cc9eb986.jpg,True,downloaded,
e6b99a16e66795a273482e2841c49c4fd064fe80,883a85f478474bdb837946bcd3cbe80db0f4548c,-15.898061300160476,-48.0502101999336,-15.89807154383427,-48.05024073114848,2025-06,2025,q6vd-iNxb68ZaQ9yPGT0eA,252.23307612889064,© Google,OK,4_3,173356.23068722946,8239957.140692824,f9b5334af9fda3fbcb8ce832602f37d58b2c494c,cardinal,4,2,180_deg_south,cardinal,180,0,90,640,640,7,batch_0007,855,datasets/df_2024_proportional/batch_0007/images/f9b5334af9fda3fbcb8ce832602f37d58b2c494c.jpg,https://raw.githubusercontent.com/GUIA-DD/dataset-streetview/main/datasets/df_2024_proportional/batch_0007/images/f9b5334af9fda3fbcb8ce832602f37d58b2c494c.jpg,True,downloaded,
e6b99a16e66795a273482e2841c49c4fd064fe80,883a85f478474bdb837946bcd3cbe80db0f4548c,-15.898061300160476,-48.0502101999336,-15.89807154383427,-48.05024073114848,2025-06,2025,q6vd-iNxb68ZaQ9yPGT0eA,252.23307612889064,© Google,OK,4_3,173356.23068722946,8239957.140692824,222c826442a1450f83f728e8f0a2356bcb01f4b9,cardinal,4,3,270_deg_west,cardinal,270,0,90,640,640,7,batch_0007,856,datasets/df_2024_proportional/batch_0007/images/222c826442a1450f83f728e8f0a2356bcb01f4b9.jpg,https://raw.githubusercontent.com/GUIA-DD/dataset-streetview/main/datasets/df_2024_proportional/batch_0007/images/222c826442a1450f83f728e8f0a2356bcb01f4b9.jpg,True,downloaded,
e883991bc578d122a604ee6fdd38749aef35e840,37444d73345dd196ee2ce3b9713cd99a916401fc,-15.83096105019011,-48.09287079990019,-15.83097080522799,-48.0928278558322,2024-10,2024,vppoDV4z-1tzhP8HHincUA,68.9219827858786,© Google,OK,3_4,168674.20966128373,8247321.363226792,7a1128121f21ddfdcb117561803aebc13c565c39,cardinal,4,0,0_deg_north,cardinal,0,0,90,640,640,7,batch_0007,857,datasets/df_2024_proportional/batch_0007/images/7a1128121f21ddfdcb117561803aebc13c565c39.jpg,https://raw.githubusercontent.com/GUIA-DD/dataset-streetview/main/datasets/df_2024_proportional/batch_0007/images/7a1128121f21ddfdcb117561803aebc13c565c39.jpg,True,downloaded,
e883991bc578d122a604ee6fdd38749aef35e840,37444d73345dd196ee2ce3b9713cd99a916401fc,-15.83096105019011,-48.09287079990019,-15.83097080522799,-48.0928278558322,2024-10,2024,vppoDV4z-1tzhP8HHincUA,68.9219827858786,© Google,OK,3_4,168674.20966128373,8247321.363226792,8ee71c479063f08cc57e330e037fbd2b017292ae,cardinal,4,1,90_deg_east,cardinal,90,0,90,640,640,7,batch_0007,858,datasets/df_2024_proportional/batch_0007/images/8ee71c479063f08cc57e330e037fbd2b017292ae.jpg,https://raw.githubusercontent.com/GUIA-DD/dataset-streetview/main/datasets/df_2024_proportional/batch_0007/images/8ee71c479063f08cc57e330e037fbd2b017292ae.jpg,True,downloaded,
e883991bc578d122a604ee6fdd38749aef35e840,37444d73345dd196ee2ce3b9713cd99a916401fc,-15.83096105019011,-48.09287079990019,-15.83097080522799,-48.0928278558322,2024-10,2024,vppoDV4z-1tzhP8HHincUA,68.9219827858786,© Google,OK,3_4,168674.20966128373,8247321.363226792,42d523e865fd6982471f026a62077364c2e00470,cardinal,4,2,180_deg_south,cardinal,180,0,90,640,640,7,batch_0007,859,datasets/df_2024_proportional/batch_0007/images/42d523e865fd6982471f026a62077364c2e00470.jpg,https://raw.githubusercontent.com/GUIA-DD/dataset-streetview/main/datasets/df_2024_proportional/batch_0007/images/42d523e865fd6982471f026a62077364c2e00470.jpg,True,downloaded,
e883991bc578d122a604ee6fdd38749aef35e840,37444d73345dd196ee2ce3b9713cd99a916401fc,-15.83096105019011,-48.09287079990019,-15.83097080522799,-48.0928278558322,2024-10,2024,vppoDV4z-1tzhP8HHincUA,68.9219827858786,© Google,OK,3_4,168674.20966128373,8247321.363226792,0894eb33feba183532178b02a456652efbf8c8a5,cardinal,4,3,270_deg_west,cardinal,270,0,90,640,640,7,batch_0007,860,datasets/df_2024_proportional/batch_0007/images/0894eb33feba183532178b02a456652efbf8c8a5.jpg,https://raw.githubusercontent.com/GUIA-DD/dataset-streetview/main/datasets/df_2024_proportional/batch_0007/images/0894eb33feba183532178b02a456652efbf8c8a5.jpg,True,downloaded,
eabd3a5a4fd498c1d8eb4b274ca9bd6548580a23,8ff93c1f839a91ff639409bc087d3e20f4dbb072,-15.874699750087204,-48.0941485499386,-15.87468574694585,-48.09415673944155,2025-06,2025,OJvM8mj8aZ8qkRcOM478Ug,243.87310633572383,© Google,OK,3_3,168608.74631113614,8242475.230312638,876c5325e5bb124c042bb83305f1ac6208efe837,cardinal,4,0,0_deg_north,cardinal,0,0,90,640,640,7,batch_0007,861,datasets/df_2024_proportional/batch_0007/images/876c5325e5bb124c042bb83305f1ac6208efe837.jpg,https://raw.githubusercontent.com/GUIA-DD/dataset-streetview/main/datasets/df_2024_proportional/batch_0007/images/876c5325e5bb124c042bb83305f1ac6208efe837.jpg,True,downloaded,
eabd3a5a4fd498c1d8eb4b274ca9bd6548580a23,8ff93c1f839a91ff639409bc087d3e20f4dbb072,-15.874699750087204,-48.0941485499386,-15.87468574694585,-48.09415673944155,2025-06,2025,OJvM8mj8aZ8qkRcOM478Ug,243.87310633572383,© Google,OK,3_3,168608.74631113614,8242475.230312638,1a06ebf33e392a99ba8d21c6ed5dad6a10ee32b4,cardinal,4,1,90_deg_east,cardinal,90,0,90,640,640,7,batch_0007,862,datasets/df_2024_proportional/batch_0007/images/1a06ebf33e392a99ba8d21c6ed5dad6a10ee32b4.jpg,https://raw.githubusercontent.com/GUIA-DD/dataset-streetview/main/datasets/df_2024_proportional/batch_0007/images/1a06ebf33e392a99ba8d21c6ed5dad6a10ee32b4.jpg,True,downloaded,
eabd3a5a4fd498c1d8eb4b274ca9bd6548580a23,8ff93c1f839a91ff639409bc087d3e20f4dbb072,-15.874699750087204,-48.0941485499386,-15.87468574694585,-48.09415673944155,2025-06,2025,OJvM8mj8aZ8qkRcOM478Ug,243.87310633572383,© Google,OK,3_3,168608.74631113614,8242475.230312638,f0ec14974b8d280c3ef5c4474a698aa67662bd91,cardinal,4,2,180_deg_south,cardinal,180,0,90,640,640,7,batch_0007,863,datasets/df_2024_proportional/batch_0007/images/f0ec14974b8d280c3ef5c4474a698aa67662bd91.jpg,https://raw.githubusercontent.com/GUIA-DD/dataset-streetview/main/datasets/df_2024_proportional/batch_0007/images/f0ec14974b8d280c3ef5c4474a698aa67662bd91.jpg,True,downloaded,
eabd3a5a4fd498c1d8eb4b274ca9bd6548580a23,8ff93c1f839a91ff639409bc087d3e20f4dbb072,-15.874699750087204,-48.0941485499386,-15.87468574694585,-48.09415673944155,2025-06,2025,OJvM8mj8aZ8qkRcOM478Ug,243.87310633572383,© Google,OK,3_3,168608.74631113614,8242475.230312638,917ae86353c83fe032514d076e36312ea3829bdd,cardinal,4,3,270_deg_west,cardinal,270,0,90,640,640,7,batch_0007,864,datasets/df_2024_proportional/batch_0007/images/917ae86353c83fe032514d076e36312ea3829bdd.jpg,https://raw.githubusercontent.com/GUIA-DD/dataset-streetview/main/datasets/df_2024_proportional/batch_0007/images/917ae86353c83fe032514d076e36312ea3829bdd.jpg,True,downloaded,
ec06f6c21510b98d0290013789b3c86bc3276cc0,07a1502cfe0a51a92aa8c45739a5a9986f172ab8,-15.88960505005122,-48.14834889991218,-15.88957704759667,-48.1483582650671,2024-06,2024,oJX2-0htklztEa-dDXipvA,39.52083181255019,© Google,OK,2_3,162823.6374596107,8240737.712631105,eb5516164081d10d9cdb80bd0b633704bec87c43,cardinal,4,0,0_deg_north,cardinal,0,0,90,640,640,7,batch_0007,865,datasets/df_2024_proportional/batch_0007/images/eb5516164081d10d9cdb80bd0b633704bec87c43.jpg,https://raw.githubusercontent.com/GUIA-DD/dataset-streetview/main/datasets/df_2024_proportional/batch_0007/images/eb5516164081d10d9cdb80bd0b633704bec87c43.jpg,True,downloaded,
ec06f6c21510b98d0290013789b3c86bc3276cc0,07a1502cfe0a51a92aa8c45739a5a9986f172ab8,-15.88960505005122,-48.14834889991218,-15.88957704759667,-48.1483582650671,2024-06,2024,oJX2-0htklztEa-dDXipvA,39.52083181255019,© Google,OK,2_3,162823.6374596107,8240737.712631105,53a7f66e4114a47fb0b1d61763aad703194cd10e,cardinal,4,1,90_deg_east,cardinal,90,0,90,640,640,7,batch_0007,866,datasets/df_2024_proportional/batch_0007/images/53a7f66e4114a47fb0b1d61763aad703194cd10e.jpg,https://raw.githubusercontent.com/GUIA-DD/dataset-streetview/main/datasets/df_2024_proportional/batch_0007/images/53a7f66e4114a47fb0b1d61763aad703194cd10e.jpg,True,downloaded,
ec06f6c21510b98d0290013789b3c86bc3276cc0,07a1502cfe0a51a92aa8c45739a5a9986f172ab8,-15.88960505005122,-48.14834889991218,-15.88957704759667,-48.1483582650671,2024-06,2024,oJX2-0htklztEa-dDXipvA,39.52083181255019,© Google,OK,2_3,162823.6374596107,8240737.712631105,25d454c5c9b2a769584e48de0ed3be61586921c8,cardinal,4,2,180_deg_south,cardinal,180,0,90,640,640,7,batch_0007,867,datasets/df_2024_proportional/batch_0007/images/25d454c5c9b2a769584e48de0ed3be61586921c8.jpg,https://raw.githubusercontent.com/GUIA-DD/dataset-streetview/main/datasets/df_2024_proportional/batch_0007/images/25d454c5c9b2a769584e48de0ed3be61586921c8.jpg,True,downloaded,
ec06f6c21510b98d0290013789b3c86bc3276cc0,07a1502cfe0a51a92aa8c45739a5a9986f172ab8,-15.88960505005122,-48.14834889991218,-15.88957704759667,-48.1483582650671,2024-06,2024,oJX2-0htklztEa-dDXipvA,39.52083181255019,© Google,OK,2_3,162823.6374596107,8240737.712631105,3b1767c855f3487d8103a41b39bc47c43b8328ea,cardinal,4,3,270_deg_west,cardinal,270,0,90,640,640,7,batch_0007,868,datasets/df_2024_proportional/batch_0007/images/3b1767c855f3487d8103a41b39bc47c43b8328ea.jpg,https://raw.githubusercontent.com/GUIA-DD/dataset-streetview/main/datasets/df_2024_proportional/batch_0007/images/3b1767c855f3487d8103a41b39bc47c43b8328ea.jpg,True,downloaded,
ec1981d7f278ad541baf7f9313fb0332ac09c23f,c78511071d839ff31a7c20e508cb74c924156dd2,-15.886025400000932,-48.01630675001532,-15.88605119572131,-48.01628838925188,2024-06,2024,taWLtqtoLBYApzPm3_b87w,336.2568842903752,© Google,OK,5_3,176970.57051983412,8241342.795092001,a210b6dfda3ee5f32e1cdd12df6d3a1be939ba7b,cardinal,4,0,0_deg_north,cardinal,0,0,90,640,640,7,batch_0007,869,datasets/df_2024_proportional/batch_0007/images/a210b6dfda3ee5f32e1cdd12df6d3a1be939ba7b.jpg,https://raw.githubusercontent.com/GUIA-DD/dataset-streetview/main/datasets/df_2024_proportional/batch_0007/images/a210b6dfda3ee5f32e1cdd12df6d3a1be939ba7b.jpg,True,downloaded,
ec1981d7f278ad541baf7f9313fb0332ac09c23f,c78511071d839ff31a7c20e508cb74c924156dd2,-15.886025400000932,-48.01630675001532,-15.88605119572131,-48.01628838925188,2024-06,2024,taWLtqtoLBYApzPm3_b87w,336.2568842903752,© Google,OK,5_3,176970.57051983412,8241342.795092001,4d2ce14dc461968f0452f34cf07930ee33596a81,cardinal,4,1,90_deg_east,cardinal,90,0,90,640,640,7,batch_0007,870,datasets/df_2024_proportional/batch_0007/images/4d2ce14dc461968f0452f34cf07930ee33596a81.jpg,https://raw.githubusercontent.com/GUIA-DD/dataset-streetview/main/datasets/df_2024_proportional/batch_0007/images/4d2ce14dc461968f0452f34cf07930ee33596a81.jpg,True,downloaded,
ec1981d7f278ad541baf7f9313fb0332ac09c23f,c78511071d839ff31a7c20e508cb74c924156dd2,-15.886025400000932,-48.01630675001532,-15.88605119572131,-48.01628838925188,2024-06,2024,taWLtqtoLBYApzPm3_b87w,336.2568842903752,© Google,OK,5_3,176970.57051983412,8241342.795092001,c64cbca9ec041691b9972abd1ba2c51a2254d2f1,cardinal,4,2,180_deg_south,cardinal,180,0,90,640,640,7,batch_0007,871,datasets/df_2024_proportional/batch_0007/images/c64cbca9ec041691b9972abd1ba2c51a2254d2f1.jpg,https://raw.githubusercontent.com/GUIA-DD/dataset-streetview/main/datasets/df_2024_proportional/batch_0007/images/c64cbca9ec041691b9972abd1ba2c51a2254d2f1.jpg,True,downloaded,
ec1981d7f278ad541baf7f9313fb0332ac09c23f,c78511071d839ff31a7c20e508cb74c924156dd2,-15.886025400000932,-48.01630675001532,-15.88605119572131,-48.01628838925188,2024-06,2024,taWLtqtoLBYApzPm3_b87w,336.2568842903752,© Google,OK,5_3,176970.57051983412,8241342.795092001,322953fe87c8d97dd04a057c5e0d9aacb2ad3edc,cardinal,4,3,270_deg_west,cardinal,270,0,90,640,640,7,batch_0007,872,datasets/df_2024_proportional/batch_0007/images/322953fe87c8d97dd04a057c5e0d9aacb2ad3edc.jpg,https://raw.githubusercontent.com/GUIA-DD/dataset-streetview/main/datasets/df_2024_proportional/batch_0007/images/322953fe87c8d97dd04a057c5e0d9aacb2ad3edc.jpg,True,downloaded,
eca0fb7ab15554c9ac209efed52bad2c873637f0,d0ad5eab2a5b3eff6e7fe0ba5f3b607df849c148,-15.781030249328388,-47.87997739527072,-15.78099435582796,-47.87998186711688,2024-06,2024,NXrabisUEFrj6ty9-0X7SA,175.11878873412408,© Google,OK,8_6,191421.86794143257,8253175.147305917,2bc803d7543aff7b6fe60fa318fee82bc17e916d,cardinal,4,0,0_deg_north,cardinal,0,0,90,640,640,7,batch_0007,873,datasets/df_2024_proportional/batch_0007/images/2bc803d7543aff7b6fe60fa318fee82bc17e916d.jpg,https://raw.githubusercontent.com/GUIA-DD/dataset-streetview/main/datasets/df_2024_proportional/batch_0007/images/2bc803d7543aff7b6fe60fa318fee82bc17e916d.jpg,True,downloaded,
eca0fb7ab15554c9ac209efed52bad2c873637f0,d0ad5eab2a5b3eff6e7fe0ba5f3b607df849c148,-15.781030249328388,-47.87997739527072,-15.78099435582796,-47.87998186711688,2024-06,2024,NXrabisUEFrj6ty9-0X7SA,175.11878873412408,© Google,OK,8_6,191421.86794143257,8253175.147305917,bf9bb6dc64da282223b0f5f031482d8fb4e70648,cardinal,4,1,90_deg_east,cardinal,90,0,90,640,640,7,batch_0007,874,datasets/df_2024_proportional/batch_0007/images/bf9bb6dc64da282223b0f5f031482d8fb4e70648.jpg,https://raw.githubusercontent.com/GUIA-DD/dataset-streetview/main/datasets/df_2024_proportional/batch_0007/images/bf9bb6dc64da282223b0f5f031482d8fb4e70648.jpg,True,downloaded,
eca0fb7ab15554c9ac209efed52bad2c873637f0,d0ad5eab2a5b3eff6e7fe0ba5f3b607df849c148,-15.781030249328388,-47.87997739527072,-15.78099435582796,-47.87998186711688,2024-06,2024,NXrabisUEFrj6ty9-0X7SA,175.11878873412408,© Google,OK,8_6,191421.86794143257,8253175.147305917,2e95bce56c304b7722d73869c024c8c8cf17592f,cardinal,4,2,180_deg_south,cardinal,180,0,90,640,640,7,batch_0007,875,datasets/df_2024_proportional/batch_0007/images/2e95bce56c304b7722d73869c024c8c8cf17592f.jpg,https://raw.githubusercontent.com/GUIA-DD/dataset-streetview/main/datasets/df_2024_proportional/batch_0007/images/2e95bce56c304b7722d73869c024c8c8cf17592f.jpg,True,downloaded,
eca0fb7ab15554c9ac209efed52bad2c873637f0,d0ad5eab2a5b3eff6e7fe0ba5f3b607df849c148,-15.781030249328388,-47.87997739527072,-15.78099435582796,-47.87998186711688,2024-06,2024,NXrabisUEFrj6ty9-0X7SA,175.11878873412408,© Google,OK,8_6,191421.86794143257,8253175.147305917,1f3456f525409f05b2600c630ff2b7436d23db7a,cardinal,4,3,270_deg_west,cardinal,270,0,90,640,640,7,batch_0007,876,datasets/df_2024_proportional/batch_0007/images/1f3456f525409f05b2600c630ff2b7436d23db7a.jpg,https://raw.githubusercontent.com/GUIA-DD/dataset-streetview/main/datasets/df_2024_proportional/batch_0007/images/1f3456f525409f05b2600c630ff2b7436d23db7a.jpg,True,downloaded,
ed328df3d864b9cf7889a60b6eb6d32379c9bd5d,759c431e726cbb01eb6aa44682596bd3d12d2de3,-15.809149750131851,-47.88339394976297,-15.80913236639004,-47.88340243136535,2026-02,2026,BHAg3WwEhtTL3itF08BKFQ,218.7078764462276,© Google,OK,8_5,191098.22220734,8250056.388309017,0c72e077537f234a3dda78e52a3618b81d770cf0,cardinal,4,0,0_deg_north,cardinal,0,0,90,640,640,7,batch_0007,877,datasets/df_2024_proportional/batch_0007/images/0c72e077537f234a3dda78e52a3618b81d770cf0.jpg,https://raw.githubusercontent.com/GUIA-DD/dataset-streetview/main/datasets/df_2024_proportional/batch_0007/images/0c72e077537f234a3dda78e52a3618b81d770cf0.jpg,True,downloaded,
ed328df3d864b9cf7889a60b6eb6d32379c9bd5d,759c431e726cbb01eb6aa44682596bd3d12d2de3,-15.809149750131851,-47.88339394976297,-15.80913236639004,-47.88340243136535,2026-02,2026,BHAg3WwEhtTL3itF08BKFQ,218.7078764462276,© Google,OK,8_5,191098.22220734,8250056.388309017,400a7602e76b966bdb0569e4700adda9f65f409e,cardinal,4,1,90_deg_east,cardinal,90,0,90,640,640,7,batch_0007,878,datasets/df_2024_proportional/batch_0007/images/400a7602e76b966bdb0569e4700adda9f65f409e.jpg,https://raw.githubusercontent.com/GUIA-DD/dataset-streetview/main/datasets/df_2024_proportional/batch_0007/images/400a7602e76b966bdb0569e4700adda9f65f409e.jpg,True,downloaded,
ed328df3d864b9cf7889a60b6eb6d32379c9bd5d,759c431e726cbb01eb6aa44682596bd3d12d2de3,-15.809149750131851,-47.88339394976297,-15.80913236639004,-47.88340243136535,2026-02,2026,BHAg3WwEhtTL3itF08BKFQ,218.7078764462276,© Google,OK,8_5,191098.22220734,8250056.388309017,8d167b13af449a0c96d814b8b2cba8c1cd5ff64a,cardinal,4,2,180_deg_south,cardinal,180,0,90,640,640,7,batch_0007,879,datasets/df_2024_proportional/batch_0007/images/8d167b13af449a0c96d814b8b2cba8c1cd5ff64a.jpg,https://raw.githubusercontent.com/GUIA-DD/dataset-streetview/main/datasets/df_2024_proportional/batch_0007/images/8d167b13af449a0c96d814b8b2cba8c1cd5ff64a.jpg,True,downloaded,
ed328df3d864b9cf7889a60b6eb6d32379c9bd5d,759c431e726cbb01eb6aa44682596bd3d12d2de3,-15.809149750131851,-47.88339394976297,-15.80913236639004,-47.88340243136535,2026-02,2026,BHAg3WwEhtTL3itF08BKFQ,218.7078764462276,© Google,OK,8_5,191098.22220734,8250056.388309017,43f74b86240efb3f3b9ff802f1842b23e1014b4a,cardinal,4,3,270_deg_west,cardinal,270,0,90,640,640,7,batch_0007,880,datasets/df_2024_proportional/batch_0007/images/43f74b86240efb3f3b9ff802f1842b23e1014b4a.jpg,https://raw.githubusercontent.com/GUIA-DD/dataset-streetview/main/datasets/df_2024_proportional/batch_0007/images/43f74b86240efb3f3b9ff802f1842b23e1014b4a.jpg,True,downloaded,
ed90f2c6ee49e5e31c98c6f02e08535777640820,dd46dfb65c865ea2c5abd952df3856b8a8bc1767,-15.902939718428856,-48.04978383730348,-15.90297627787668,-48.04978100196544,2025-06,2025,iN-UaPgksQ0E5JmT4IjSeA,159.72027284094483,© Google,OK,4_3,173409.81269242664,8239417.534542866,2993dc4d9b71695f18fe506c4731259fdfc89db0,cardinal,4,0,0_deg_north,cardinal,0,0,90,640,640,7,batch_0007,881,datasets/df_2024_proportional/batch_0007/images/2993dc4d9b71695f18fe506c4731259fdfc89db0.jpg,https://raw.githubusercontent.com/GUIA-DD/dataset-streetview/main/datasets/df_2024_proportional/batch_0007/images/2993dc4d9b71695f18fe506c4731259fdfc89db0.jpg,True,downloaded,
ed90f2c6ee49e5e31c98c6f02e08535777640820,dd46dfb65c865ea2c5abd952df3856b8a8bc1767,-15.902939718428856,-48.04978383730348,-15.90297627787668,-48.04978100196544,2025-06,2025,iN-UaPgksQ0E5JmT4IjSeA,159.72027284094483,© Google,OK,4_3,173409.81269242664,8239417.534542866,abfb134e38fd8c46bea6f62d9401f759579c5e6c,cardinal,4,1,90_deg_east,cardinal,90,0,90,640,640,7,batch_0007,882,datasets/df_2024_proportional/batch_0007/images/abfb134e38fd8c46bea6f62d9401f759579c5e6c.jpg,https://raw.githubusercontent.com/GUIA-DD/dataset-streetview/main/datasets/df_2024_proportional/batch_0007/images/abfb134e38fd8c46bea6f62d9401f759579c5e6c.jpg,True,downloaded,
ed90f2c6ee49e5e31c98c6f02e08535777640820,dd46dfb65c865ea2c5abd952df3856b8a8bc1767,-15.902939718428856,-48.04978383730348,-15.90297627787668,-48.04978100196544,2025-06,2025,iN-UaPgksQ0E5JmT4IjSeA,159.72027284094483,© Google,OK,4_3,173409.81269242664,8239417.534542866,2bbe878becfd3e997937995414585ca3a6ecb0be,cardinal,4,2,180_deg_south,cardinal,180,0,90,640,640,7,batch_0007,883,datasets/df_2024_proportional/batch_0007/images/2bbe878becfd3e997937995414585ca3a6ecb0be.jpg,https://raw.githubusercontent.com/GUIA-DD/dataset-streetview/main/datasets/df_2024_proportional/batch_0007/images/2bbe878becfd3e997937995414585ca3a6ecb0be.jpg,True,downloaded,
ed90f2c6ee49e5e31c98c6f02e08535777640820,dd46dfb65c865ea2c5abd952df3856b8a8bc1767,-15.902939718428856,-48.04978383730348,-15.90297627787668,-48.04978100196544,2025-06,2025,iN-UaPgksQ0E5JmT4IjSeA,159.72027284094483,© Google,OK,4_3,173409.81269242664,8239417.534542866,5323b67b6b46a9bccebf4e45023131303a450ad1,cardinal,4,3,270_deg_west,cardinal,270,0,90,640,640,7,batch_0007,884,datasets/df_2024_proportional/batch_0007/images/5323b67b6b46a9bccebf4e45023131303a450ad1.jpg,https://raw.githubusercontent.com/GUIA-DD/dataset-streetview/main/datasets/df_2024_proportional/batch_0007/images/5323b67b6b46a9bccebf4e45023131303a450ad1.jpg,True,downloaded,
eefd845ed3918b0cd69706fd3f544930aad24a2d,5953efda5d062ee316e0530efb257a4c1eaf1902,-15.911085700000086,-48.08891075001917,-15.91109062902019,-48.08892007200346,2025-07,2025,0s4IOcBsKwFDHRNivmZAqQ,161.268030721664,© Google,OK,4_3,169229.7451459433,8238453.744199,fc09ed5948fa0a0f6ea49264e8553a52522a33ed,cardinal,4,0,0_deg_north,cardinal,0,0,90,640,640,7,batch_0007,885,datasets/df_2024_proportional/batch_0007/images/fc09ed5948fa0a0f6ea49264e8553a52522a33ed.jpg,https://raw.githubusercontent.com/GUIA-DD/dataset-streetview/main/datasets/df_2024_proportional/batch_0007/images/fc09ed5948fa0a0f6ea49264e8553a52522a33ed.jpg,True,downloaded,
eefd845ed3918b0cd69706fd3f544930aad24a2d,5953efda5d062ee316e0530efb257a4c1eaf1902,-15.911085700000086,-48.08891075001917,-15.91109062902019,-48.08892007200346,2025-07,2025,0s4IOcBsKwFDHRNivmZAqQ,161.268030721664,© Google,OK,4_3,169229.7451459433,8238453.744199,1d7ec517e26387110132f622ed2716288c4f0925,cardinal,4,1,90_deg_east,cardinal,90,0,90,640,640,7,batch_0007,886,datasets/df_2024_proportional/batch_0007/images/1d7ec517e26387110132f622ed2716288c4f0925.jpg,https://raw.githubusercontent.com/GUIA-DD/dataset-streetview/main/datasets/df_2024_proportional/batch_0007/images/1d7ec517e26387110132f622ed2716288c4f0925.jpg,True,downloaded,
eefd845ed3918b0cd69706fd3f544930aad24a2d,5953efda5d062ee316e0530efb257a4c1eaf1902,-15.911085700000086,-48.08891075001917,-15.91109062902019,-48.08892007200346,2025-07,2025,0s4IOcBsKwFDHRNivmZAqQ,161.268030721664,© Google,OK,4_3,169229.7451459433,8238453.744199,b27ee4bb895e00b1992e80ac83ddf5e10722995b,cardinal,4,2,180_deg_south,cardinal,180,0,90,640,640,7,batch_0007,887,datasets/df_2024_proportional/batch_0007/images/b27ee4bb895e00b1992e80ac83ddf5e10722995b.jpg,https://raw.githubusercontent.com/GUIA-DD/dataset-streetview/main/datasets/df_2024_proportional/batch_0007/images/b27ee4bb895e00b1992e80ac83ddf5e10722995b.jpg,True,downloaded,
eefd845ed3918b0cd69706fd3f544930aad24a2d,5953efda5d062ee316e0530efb257a4c1eaf1902,-15.911085700000086,-48.08891075001917,-15.91109062902019,-48.08892007200346,2025-07,2025,0s4IOcBsKwFDHRNivmZAqQ,161.268030721664,© Google,OK,4_3,169229.7451459433,8238453.744199,c8fdb7025a50d951bf909bcd034c29cc25df4090,cardinal,4,3,270_deg_west,cardinal,270,0,90,640,640,7,batch_0007,888,datasets/df_2024_proportional/batch_0007/images/c8fdb7025a50d951bf909bcd034c29cc25df4090.jpg,https://raw.githubusercontent.com/GUIA-DD/dataset-streetview/main/datasets/df_2024_proportional/batch_0007/images/c8fdb7025a50d951bf909bcd034c29cc25df4090.jpg,True,downloaded,
ef38a5c95eb18ec8517ff4a9781409b07f55629a,fc808cfc8abb38c7c314ef77e24d3ebd41a5f736,-15.821969000221218,-48.087218849903934,-15.8219753616057,-48.08718858596064,2024-07,2024,8fnveKIU9T-IDnSHRYpckw,71.53437264954826,© Google,OK,4_5,169265.5326029945,8248326.160363594,196fc04018b577d3ae4200bb2671030898d0fd61,cardinal,4,0,0_deg_north,cardinal,0,0,90,640,640,7,batch_0007,889,datasets/df_2024_proportional/batch_0007/images/196fc04018b577d3ae4200bb2671030898d0fd61.jpg,https://raw.githubusercontent.com/GUIA-DD/dataset-streetview/main/datasets/df_2024_proportional/batch_0007/images/196fc04018b577d3ae4200bb2671030898d0fd61.jpg,True,downloaded,
ef38a5c95eb18ec8517ff4a9781409b07f55629a,fc808cfc8abb38c7c314ef77e24d3ebd41a5f736,-15.821969000221218,-48.087218849903934,-15.8219753616057,-48.08718858596064,2024-07,2024,8fnveKIU9T-IDnSHRYpckw,71.53437264954826,© Google,OK,4_5,169265.5326029945,8248326.160363594,6c270f04c54d07790ecc77cb7437a0d27ff87dad,cardinal,4,1,90_deg_east,cardinal,90,0,90,640,640,7,batch_0007,890,datasets/df_2024_proportional/batch_0007/images/6c270f04c54d07790ecc77cb7437a0d27ff87dad.jpg,https://raw.githubusercontent.com/GUIA-DD/dataset-streetview/main/datasets/df_2024_proportional/batch_0007/images/6c270f04c54d07790ecc77cb7437a0d27ff87dad.jpg,True,downloaded,
ef38a5c95eb18ec8517ff4a9781409b07f55629a,fc808cfc8abb38c7c314ef77e24d3ebd41a5f736,-15.821969000221218,-48.087218849903934,-15.8219753616057,-48.08718858596064,2024-07,2024,8fnveKIU9T-IDnSHRYpckw,71.53437264954826,© Google,OK,4_5,169265.5326029945,8248326.160363594,6a830ab0a4024452e5d44935244626fe860f4f54,cardinal,4,2,180_deg_south,cardinal,180,0,90,640,640,7,batch_0007,891,datasets/df_2024_proportional/batch_0007/images/6a830ab0a4024452e5d44935244626fe860f4f54.jpg,https://raw.githubusercontent.com/GUIA-DD/dataset-streetview/main/datasets/df_2024_proportional/batch_0007/images/6a830ab0a4024452e5d44935244626fe860f4f54.jpg,True,downloaded,
ef38a5c95eb18ec8517ff4a9781409b07f55629a,fc808cfc8abb38c7c314ef77e24d3ebd41a5f736,-15.821969000221218,-48.087218849903934,-15.8219753616057,-48.08718858596064,2024-07,2024,8fnveKIU9T-IDnSHRYpckw,71.53437264954826,© Google,OK,4_5,169265.5326029945,8248326.160363594,d5e26e57ee90de3cd0dfd8199976b88d2f10fc14,cardinal,4,3,270_deg_west,cardinal,270,0,90,640,640,7,batch_0007,892,datasets/df_2024_proportional/batch_0007/images/d5e26e57ee90de3cd0dfd8199976b88d2f10fc14.jpg,https://raw.githubusercontent.com/GUIA-DD/dataset-streetview/main/datasets/df_2024_proportional/batch_0007/images/d5e26e57ee90de3cd0dfd8199976b88d2f10fc14.jpg,True,downloaded,
f10ca085398728273dce5e37f52948bd707d12c0,2ddde540a83d5d95aae577e48584752de3c2b758,-15.77496380001522,-47.7797073500095,-15.77495611436448,-47.77971724600614,2024-06,2024,CiehHaMIEzYpF2k2J8Mr1g,100.69071673170087,© Google,OK,10_6,202163.90195462308,8253991.376290917,36e5ff8710f32338ced55c37ea5c35aa5ceb7f04,cardinal,4,0,0_deg_north,cardinal,0,0,90,640,640,7,batch_0007,893,datasets/df_2024_proportional/batch_0007/images/36e5ff8710f32338ced55c37ea5c35aa5ceb7f04.jpg,https://raw.githubusercontent.com/GUIA-DD/dataset-streetview/main/datasets/df_2024_proportional/batch_0007/images/36e5ff8710f32338ced55c37ea5c35aa5ceb7f04.jpg,True,downloaded,
f10ca085398728273dce5e37f52948bd707d12c0,2ddde540a83d5d95aae577e48584752de3c2b758,-15.77496380001522,-47.7797073500095,-15.77495611436448,-47.77971724600614,2024-06,2024,CiehHaMIEzYpF2k2J8Mr1g,100.69071673170087,© Google,OK,10_6,202163.90195462308,8253991.376290917,b8cdbf50108a91f8480cbffeb389b3c02f691c1c,cardinal,4,1,90_deg_east,cardinal,90,0,90,640,640,7,batch_0007,894,datasets/df_2024_proportional/batch_0007/images/b8cdbf50108a91f8480cbffeb389b3c02f691c1c.jpg,https://raw.githubusercontent.com/GUIA-DD/dataset-streetview/main/datasets/df_2024_proportional/batch_0007/images/b8cdbf50108a91f8480cbffeb389b3c02f691c1c.jpg,True,downloaded,
f10ca085398728273dce5e37f52948bd707d12c0,2ddde540a83d5d95aae577e48584752de3c2b758,-15.77496380001522,-47.7797073500095,-15.77495611436448,-47.77971724600614,2024-06,2024,CiehHaMIEzYpF2k2J8Mr1g,100.69071673170087,© Google,OK,10_6,202163.90195462308,8253991.376290917,2437fdfa41d7bbe7f601a617e153cfa2902d15d4,cardinal,4,2,180_deg_south,cardinal,180,0,90,640,640,7,batch_0007,895,datasets/df_2024_proportional/batch_0007/images/2437fdfa41d7bbe7f601a617e153cfa2902d15d4.jpg,https://raw.githubusercontent.com/GUIA-DD/dataset-streetview/main/datasets/df_2024_proportional/batch_0007/images/2437fdfa41d7bbe7f601a617e153cfa2902d15d4.jpg,True,downloaded,
f10ca085398728273dce5e37f52948bd707d12c0,2ddde540a83d5d95aae577e48584752de3c2b758,-15.77496380001522,-47.7797073500095,-15.77495611436448,-47.77971724600614,2024-06,2024,CiehHaMIEzYpF2k2J8Mr1g,100.69071673170087,© Google,OK,10_6,202163.90195462308,8253991.376290917,1add3d4dcfd7879b6f0126a3a77c52af9baa31b3,cardinal,4,3,270_deg_west,cardinal,270,0,90,640,640,7,batch_0007,896,datasets/df_2024_proportional/batch_0007/images/1add3d4dcfd7879b6f0126a3a77c52af9baa31b3.jpg,https://raw.githubusercontent.com/GUIA-DD/dataset-streetview/main/datasets/df_2024_proportional/batch_0007/images/1add3d4dcfd7879b6f0126a3a77c52af9baa31b3.jpg,True,downloaded,
f15d3d599e22b4b051d70b2bbe9ed66b4e12df24,fd021aa72d7a4be4f42d6030d3880c79c6421116,-16.017553699998853,-47.9915209000181,-16.01757391501226,-47.99148512820953,2025-01,2025,rkuqKYSNR7ZDdfpItKI8FA,168.16634490773728,© Google,OK,6_0,179836.2724321563,8226815.128435541,4a12458c3d2415bcb7585341324f33a94e0a0ffd,cardinal,4,0,0_deg_north,cardinal,0,0,90,640,640,7,batch_0007,897,datasets/df_2024_proportional/batch_0007/images/4a12458c3d2415bcb7585341324f33a94e0a0ffd.jpg,https://raw.githubusercontent.com/GUIA-DD/dataset-streetview/main/datasets/df_2024_proportional/batch_0007/images/4a12458c3d2415bcb7585341324f33a94e0a0ffd.jpg,True,downloaded,
f15d3d599e22b4b051d70b2bbe9ed66b4e12df24,fd021aa72d7a4be4f42d6030d3880c79c6421116,-16.017553699998853,-47.9915209000181,-16.01757391501226,-47.99148512820953,2025-01,2025,rkuqKYSNR7ZDdfpItKI8FA,168.16634490773728,© Google,OK,6_0,179836.2724321563,8226815.128435541,75965aa082e48601eb30602a3acb451059c54efc,cardinal,4,1,90_deg_east,cardinal,90,0,90,640,640,7,batch_0007,898,datasets/df_2024_proportional/batch_0007/images/75965aa082e48601eb30602a3acb451059c54efc.jpg,https://raw.githubusercontent.com/GUIA-DD/dataset-streetview/main/datasets/df_2024_proportional/batch_0007/images/75965aa082e48601eb30602a3acb451059c54efc.jpg,True,downloaded,
f15d3d599e22b4b051d70b2bbe9ed66b4e12df24,fd021aa72d7a4be4f42d6030d3880c79c6421116,-16.017553699998853,-47.9915209000181,-16.01757391501226,-47.99148512820953,2025-01,2025,rkuqKYSNR7ZDdfpItKI8FA,168.16634490773728,© Google,OK,6_0,179836.2724321563,8226815.128435541,dec3f0bba2abdbd16ea9c5c14fe98b181d4a601c,cardinal,4,2,180_deg_south,cardinal,180,0,90,640,640,7,batch_0007,899,datasets/df_2024_proportional/batch_0007/images/dec3f0bba2abdbd16ea9c5c14fe98b181d4a601c.jpg,https://raw.githubusercontent.com/GUIA-DD/dataset-streetview/main/datasets/df_2024_proportional/batch_0007/images/dec3f0bba2abdbd16ea9c5c14fe98b181d4a601c.jpg,True,downloaded,
f15d3d599e22b4b051d70b2bbe9ed66b4e12df24,fd021aa72d7a4be4f42d6030d3880c79c6421116,-16.017553699998853,-47.9915209000181,-16.01757391501226,-47.99148512820953,2025-01,2025,rkuqKYSNR7ZDdfpItKI8FA,168.16634490773728,© Google,OK,6_0,179836.2724321563,8226815.128435541,b0e66099f85b3398d08f8959a9b8ca0850ddfbd6,cardinal,4,3,270_deg_west,cardinal,270,0,90,640,640,7,batch_0007,900,datasets/df_2024_proportional/batch_0007/images/b0e66099f85b3398d08f8959a9b8ca0850ddfbd6.jpg,https://raw.githubusercontent.com/GUIA-DD/dataset-streetview/main/datasets/df_2024_proportional/batch_0007/images/b0e66099f85b3398d08f8959a9b8ca0850ddfbd6.jpg,True,downloaded,
f236c15378c24d3ae803fa5fd2fd2a46efef7436,621f85bdab35a63c608b8fabc47e6cfe60019da6,-15.68024035052387,-47.65781387557468,-15.6802236746575,-47.65784485187227,2024-07,2024,4Q9GIfXyV1NQTlmkrbnqWA,260.2499297307396,© Google,OK,13_8,215100.63216825176,8264647.297320799,efb382dfedb2e35a2e2f68975ea5dc957ff2ec53,cardinal,4,0,0_deg_north,cardinal,0,0,90,640,640,7,batch_0007,901,datasets/df_2024_proportional/batch_0007/images/efb382dfedb2e35a2e2f68975ea5dc957ff2ec53.jpg,https://raw.githubusercontent.com/GUIA-DD/dataset-streetview/main/datasets/df_2024_proportional/batch_0007/images/efb382dfedb2e35a2e2f68975ea5dc957ff2ec53.jpg,True,downloaded,
f236c15378c24d3ae803fa5fd2fd2a46efef7436,621f85bdab35a63c608b8fabc47e6cfe60019da6,-15.68024035052387,-47.65781387557468,-15.6802236746575,-47.65784485187227,2024-07,2024,4Q9GIfXyV1NQTlmkrbnqWA,260.2499297307396,© Google,OK,13_8,215100.63216825176,8264647.297320799,af8b8c8f597881f6bdeafd06f8b11c842c656ea7,cardinal,4,1,90_deg_east,cardinal,90,0,90,640,640,7,batch_0007,902,datasets/df_2024_proportional/batch_0007/images/af8b8c8f597881f6bdeafd06f8b11c842c656ea7.jpg,https://raw.githubusercontent.com/GUIA-DD/dataset-streetview/main/datasets/df_2024_proportional/batch_0007/images/af8b8c8f597881f6bdeafd06f8b11c842c656ea7.jpg,True,downloaded,
f236c15378c24d3ae803fa5fd2fd2a46efef7436,621f85bdab35a63c608b8fabc47e6cfe60019da6,-15.68024035052387,-47.65781387557468,-15.6802236746575,-47.65784485187227,2024-07,2024,4Q9GIfXyV1NQTlmkrbnqWA,260.2499297307396,© Google,OK,13_8,215100.63216825176,8264647.297320799,1d417372dcf6ad07106f5daf3a24deec880f0c6e,cardinal,4,2,180_deg_south,cardinal,180,0,90,640,640,7,batch_0007,903,datasets/df_2024_proportional/batch_0007/images/1d417372dcf6ad07106f5daf3a24deec880f0c6e.jpg,https://raw.githubusercontent.com/GUIA-DD/dataset-streetview/main/datasets/df_2024_proportional/batch_0007/images/1d417372dcf6ad07106f5daf3a24deec880f0c6e.jpg,True,downloaded,
f236c15378c24d3ae803fa5fd2fd2a46efef7436,621f85bdab35a63c608b8fabc47e6cfe60019da6,-15.68024035052387,-47.65781387557468,-15.6802236746575,-47.65784485187227,2024-07,2024,4Q9GIfXyV1NQTlmkrbnqWA,260.2499297307396,© Google,OK,13_8,215100.63216825176,8264647.297320799,50aa1d91e7a9d63a1f6548e2533839d3b67f3c29,cardinal,4,3,270_deg_west,cardinal,270,0,90,640,640,7,batch_0007,904,datasets/df_2024_proportional/batch_0007/images/50aa1d91e7a9d63a1f6548e2533839d3b67f3c29.jpg,https://raw.githubusercontent.com/GUIA-DD/dataset-streetview/main/datasets/df_2024_proportional/batch_0007/images/50aa1d91e7a9d63a1f6548e2533839d3b67f3c29.jpg,True,downloaded,
f2974011724a90a075b30b21dcc794ae6f027a79,42be7c5daf7574c7e254122abbbd5c83392ff30d,-15.816752950005354,-48.01338195009487,-15.81677505008304,-48.01338648759307,2024-05,2024,iq1Cu1XUpDpQW4ArutgbdQ,336.59144877155086,© Google,OK,5_5,177173.73866812632,8249018.826089252,812b2292698688e2c1e82d1bccc4a8b187aa2510,cardinal,4,0,0_deg_north,cardinal,0,0,90,640,640,7,batch_0007,905,datasets/df_2024_proportional/batch_0007/images/812b2292698688e2c1e82d1bccc4a8b187aa2510.jpg,https://raw.githubusercontent.com/GUIA-DD/dataset-streetview/main/datasets/df_2024_proportional/batch_0007/images/812b2292698688e2c1e82d1bccc4a8b187aa2510.jpg,True,downloaded,
f2974011724a90a075b30b21dcc794ae6f027a79,42be7c5daf7574c7e254122abbbd5c83392ff30d,-15.816752950005354,-48.01338195009487,-15.81677505008304,-48.01338648759307,2024-05,2024,iq1Cu1XUpDpQW4ArutgbdQ,336.59144877155086,© Google,OK,5_5,177173.73866812632,8249018.826089252,4655a35ef9a62c9a6d4922dd586dcb253c3ac323,cardinal,4,1,90_deg_east,cardinal,90,0,90,640,640,7,batch_0007,906,datasets/df_2024_proportional/batch_0007/images/4655a35ef9a62c9a6d4922dd586dcb253c3ac323.jpg,https://raw.githubusercontent.com/GUIA-DD/dataset-streetview/main/datasets/df_2024_proportional/batch_0007/images/4655a35ef9a62c9a6d4922dd586dcb253c3ac323.jpg,True,downloaded,
f2974011724a90a075b30b21dcc794ae6f027a79,42be7c5daf7574c7e254122abbbd5c83392ff30d,-15.816752950005354,-48.01338195009487,-15.81677505008304,-48.01338648759307,2024-05,2024,iq1Cu1XUpDpQW4ArutgbdQ,336.59144877155086,© Google,OK,5_5,177173.73866812632,8249018.826089252,16ac9ceddf4a482f4d24a3f0b8c80c3abd5eda57,cardinal,4,2,180_deg_south,cardinal,180,0,90,640,640,7,batch_0007,907,datasets/df_2024_proportional/batch_0007/images/16ac9ceddf4a482f4d24a3f0b8c80c3abd5eda57.jpg,https://raw.githubusercontent.com/GUIA-DD/dataset-streetview/main/datasets/df_2024_proportional/batch_0007/images/16ac9ceddf4a482f4d24a3f0b8c80c3abd5eda57.jpg,True,downloaded,
f2974011724a90a075b30b21dcc794ae6f027a79,42be7c5daf7574c7e254122abbbd5c83392ff30d,-15.816752950005354,-48.01338195009487,-15.81677505008304,-48.01338648759307,2024-05,2024,iq1Cu1XUpDpQW4ArutgbdQ,336.59144877155086,© Google,OK,5_5,177173.73866812632,8249018.826089252,84bc493147564926deb09d65b15d9785f40358c9,cardinal,4,3,270_deg_west,cardinal,270,0,90,640,640,7,batch_0007,908,datasets/df_2024_proportional/batch_0007/images/84bc493147564926deb09d65b15d9785f40358c9.jpg,https://raw.githubusercontent.com/GUIA-DD/dataset-streetview/main/datasets/df_2024_proportional/batch_0007/images/84bc493147564926deb09d65b15d9785f40358c9.jpg,True,downloaded,
f419d8b0cef8e815c44e90716746eeac7f732068,0603d57031debfb3cff38df174b4da918ea0e91e,-15.831354450449767,-48.04781164995626,-15.83135616936569,-48.0477765045078,2025-07,2025,8sJLVUIPKCpoMpvGibfsgg,261.29109556923754,© Google,OK,4_4,173505.76597374785,8247348.486025225,23a9ce95c6af2bc93b8c2797f5bc5403014a6374,cardinal,4,0,0_deg_north,cardinal,0,0,90,640,640,7,batch_0007,909,datasets/df_2024_proportional/batch_0007/images/23a9ce95c6af2bc93b8c2797f5bc5403014a6374.jpg,https://raw.githubusercontent.com/GUIA-DD/dataset-streetview/main/datasets/df_2024_proportional/batch_0007/images/23a9ce95c6af2bc93b8c2797f5bc5403014a6374.jpg,True,downloaded,
f419d8b0cef8e815c44e90716746eeac7f732068,0603d57031debfb3cff38df174b4da918ea0e91e,-15.831354450449767,-48.04781164995626,-15.83135616936569,-48.0477765045078,2025-07,2025,8sJLVUIPKCpoMpvGibfsgg,261.29109556923754,© Google,OK,4_4,173505.76597374785,8247348.486025225,a761409f1c218c8d2cf2548ebd0c7b12ef50cacb,cardinal,4,1,90_deg_east,cardinal,90,0,90,640,640,7,batch_0007,910,datasets/df_2024_proportional/batch_0007/images/a761409f1c218c8d2cf2548ebd0c7b12ef50cacb.jpg,https://raw.githubusercontent.com/GUIA-DD/dataset-streetview/main/datasets/df_2024_proportional/batch_0007/images/a761409f1c218c8d2cf2548ebd0c7b12ef50cacb.jpg,True,downloaded,
f419d8b0cef8e815c44e90716746eeac7f732068,0603d57031debfb3cff38df174b4da918ea0e91e,-15.831354450449767,-48.04781164995626,-15.83135616936569,-48.0477765045078,2025-07,2025,8sJLVUIPKCpoMpvGibfsgg,261.29109556923754,© Google,OK,4_4,173505.76597374785,8247348.486025225,c4e1a03917ba2c32741b74b087b622074dec5521,cardinal,4,2,180_deg_south,cardinal,180,0,90,640,640,7,batch_0007,911,datasets/df_2024_proportional/batch_0007/images/c4e1a03917ba2c32741b74b087b622074dec5521.jpg,https://raw.githubusercontent.com/GUIA-DD/dataset-streetview/main/datasets/df_2024_proportional/batch_0007/images/c4e1a03917ba2c32741b74b087b622074dec5521.jpg,True,downloaded,
f419d8b0cef8e815c44e90716746eeac7f732068,0603d57031debfb3cff38df174b4da918ea0e91e,-15.831354450449767,-48.04781164995626,-15.83135616936569,-48.0477765045078,2025-07,2025,8sJLVUIPKCpoMpvGibfsgg,261.29109556923754,© Google,OK,4_4,173505.76597374785,8247348.486025225,94b23b360c72c1436a1c162f53b273486c78e64a,cardinal,4,3,270_deg_west,cardinal,270,0,90,640,640,7,batch_0007,912,datasets/df_2024_proportional/batch_0007/images/94b23b360c72c1436a1c162f53b273486c78e64a.jpg,https://raw.githubusercontent.com/GUIA-DD/dataset-streetview/main/datasets/df_2024_proportional/batch_0007/images/94b23b360c72c1436a1c162f53b273486c78e64a.jpg,True,downloaded,
f41ec5960d5ad3c52d75cc46fd1fb508475ca032,68c266673e179525a7194e57b409ca481b539032,-15.895163400137394,-48.12576889989591,-15.8951561423117,-48.1257527403157,2025-06,2025,D9tjdIS221n29nKRK4OBeQ,62.3248730032015,© Google,OK,3_3,165253.13863668725,8240158.419151884,40535926a59c31a7659cad14856d3fd91cfa7d8d,cardinal,4,0,0_deg_north,cardinal,0,0,90,640,640,7,batch_0007,913,datasets/df_2024_proportional/batch_0007/images/40535926a59c31a7659cad14856d3fd91cfa7d8d.jpg,https://raw.githubusercontent.com/GUIA-DD/dataset-streetview/main/datasets/df_2024_proportional/batch_0007/images/40535926a59c31a7659cad14856d3fd91cfa7d8d.jpg,True,downloaded,
f41ec5960d5ad3c52d75cc46fd1fb508475ca032,68c266673e179525a7194e57b409ca481b539032,-15.895163400137394,-48.12576889989591,-15.8951561423117,-48.1257527403157,2025-06,2025,D9tjdIS221n29nKRK4OBeQ,62.3248730032015,© Google,OK,3_3,165253.13863668725,8240158.419151884,26278ad87a4ae2ce589bf8236ac314ef03416589,cardinal,4,1,90_deg_east,cardinal,90,0,90,640,640,7,batch_0007,914,datasets/df_2024_proportional/batch_0007/images/26278ad87a4ae2ce589bf8236ac314ef03416589.jpg,https://raw.githubusercontent.com/GUIA-DD/dataset-streetview/main/datasets/df_2024_proportional/batch_0007/images/26278ad87a4ae2ce589bf8236ac314ef03416589.jpg,True,downloaded,
f41ec5960d5ad3c52d75cc46fd1fb508475ca032,68c266673e179525a7194e57b409ca481b539032,-15.895163400137394,-48.12576889989591,-15.8951561423117,-48.1257527403157,2025-06,2025,D9tjdIS221n29nKRK4OBeQ,62.3248730032015,© Google,OK,3_3,165253.13863668725,8240158.419151884,05c107e6d54f5520603ba6581d5ea292b8000d3d,cardinal,4,2,180_deg_south,cardinal,180,0,90,640,640,7,batch_0007,915,datasets/df_2024_proportional/batch_0007/images/05c107e6d54f5520603ba6581d5ea292b8000d3d.jpg,https://raw.githubusercontent.com/GUIA-DD/dataset-streetview/main/datasets/df_2024_proportional/batch_0007/images/05c107e6d54f5520603ba6581d5ea292b8000d3d.jpg,True,downloaded,
f41ec5960d5ad3c52d75cc46fd1fb508475ca032,68c266673e179525a7194e57b409ca481b539032,-15.895163400137394,-48.12576889989591,-15.8951561423117,-48.1257527403157,2025-06,2025,D9tjdIS221n29nKRK4OBeQ,62.3248730032015,© Google,OK,3_3,165253.13863668725,8240158.419151884,4b64ca68411f65f39097f159a9a1f20954f21d46,cardinal,4,3,270_deg_west,cardinal,270,0,90,640,640,7,batch_0007,916,datasets/df_2024_proportional/batch_0007/images/4b64ca68411f65f39097f159a9a1f20954f21d46.jpg,https://raw.githubusercontent.com/GUIA-DD/dataset-streetview/main/datasets/df_2024_proportional/batch_0007/images/4b64ca68411f65f39097f159a9a1f20954f21d46.jpg,True,downloaded,
f48e644eefd038839465d673eb2df3f7c909fd47,d4bf49cea73370d795b6ba521606199e88bfa56c,-15.88044905000324,-48.02322570006096,-15.88049291004872,-48.02322499092997,2024-06,2024,3JqRsj2jsHtwV52ToCz66g,336.92920285637035,© Google,OK,5_3,176220.07542260495,8241949.640354907,52a14ea3c06e5badcde43da6cc815a3ea3e6ee3c,cardinal,4,0,0_deg_north,cardinal,0,0,90,640,640,7,batch_0007,917,datasets/df_2024_proportional/batch_0007/images/52a14ea3c06e5badcde43da6cc815a3ea3e6ee3c.jpg,https://raw.githubusercontent.com/GUIA-DD/dataset-streetview/main/datasets/df_2024_proportional/batch_0007/images/52a14ea3c06e5badcde43da6cc815a3ea3e6ee3c.jpg,True,downloaded,
f48e644eefd038839465d673eb2df3f7c909fd47,d4bf49cea73370d795b6ba521606199e88bfa56c,-15.88044905000324,-48.02322570006096,-15.88049291004872,-48.02322499092997,2024-06,2024,3JqRsj2jsHtwV52ToCz66g,336.92920285637035,© Google,OK,5_3,176220.07542260495,8241949.640354907,69a8d9afdef2609fcacd43bc5b546eeeee28ab37,cardinal,4,1,90_deg_east,cardinal,90,0,90,640,640,7,batch_0007,918,datasets/df_2024_proportional/batch_0007/images/69a8d9afdef2609fcacd43bc5b546eeeee28ab37.jpg,https://raw.githubusercontent.com/GUIA-DD/dataset-streetview/main/datasets/df_2024_proportional/batch_0007/images/69a8d9afdef2609fcacd43bc5b546eeeee28ab37.jpg,True,downloaded,
f48e644eefd038839465d673eb2df3f7c909fd47,d4bf49cea73370d795b6ba521606199e88bfa56c,-15.88044905000324,-48.02322570006096,-15.88049291004872,-48.02322499092997,2024-06,2024,3JqRsj2jsHtwV52ToCz66g,336.92920285637035,© Google,OK,5_3,176220.07542260495,8241949.640354907,009ae6da9d28cdce0440f4a128ee2cf6a1ce62a1,cardinal,4,2,180_deg_south,cardinal,180,0,90,640,640,7,batch_0007,919,datasets/df_2024_proportional/batch_0007/images/009ae6da9d28cdce0440f4a128ee2cf6a1ce62a1.jpg,https://raw.githubusercontent.com/GUIA-DD/dataset-streetview/main/datasets/df_2024_proportional/batch_0007/images/009ae6da9d28cdce0440f4a128ee2cf6a1ce62a1.jpg,True,downloaded,
f48e644eefd038839465d673eb2df3f7c909fd47,d4bf49cea73370d795b6ba521606199e88bfa56c,-15.88044905000324,-48.02322570006096,-15.88049291004872,-48.02322499092997,2024-06,2024,3JqRsj2jsHtwV52ToCz66g,336.92920285637035,© Google,OK,5_3,176220.07542260495,8241949.640354907,cddb40d8dffedfd72dfb4d67423ff142250363f6,cardinal,4,3,270_deg_west,cardinal,270,0,90,640,640,7,batch_0007,920,datasets/df_2024_proportional/batch_0007/images/cddb40d8dffedfd72dfb4d67423ff142250363f6.jpg,https://raw.githubusercontent.com/GUIA-DD/dataset-streetview/main/datasets/df_2024_proportional/batch_0007/images/cddb40d8dffedfd72dfb4d67423ff142250363f6.jpg,True,downloaded,
f5e1c0a6c7495bd6fcb232433666de5aadaf49d1,a8fd16ac9968ce23c3762ec56ff885039d291832,-15.88059554999823,-48.06938835008278,-15.88062701632041,-48.0693838081444,2025-07,2025,9UUA_JALQGLgaT9wiAHZdQ,343.7791220069673,© Google,OK,4_3,171272.388391441,8241861.361919804,0951761b8b89b97678b367367fb2b3b75be3006a,cardinal,4,0,0_deg_north,cardinal,0,0,90,640,640,7,batch_0007,921,datasets/df_2024_proportional/batch_0007/images/0951761b8b89b97678b367367fb2b3b75be3006a.jpg,https://raw.githubusercontent.com/GUIA-DD/dataset-streetview/main/datasets/df_2024_proportional/batch_0007/images/0951761b8b89b97678b367367fb2b3b75be3006a.jpg,True,downloaded,
f5e1c0a6c7495bd6fcb232433666de5aadaf49d1,a8fd16ac9968ce23c3762ec56ff885039d291832,-15.88059554999823,-48.06938835008278,-15.88062701632041,-48.0693838081444,2025-07,2025,9UUA_JALQGLgaT9wiAHZdQ,343.7791220069673,© Google,OK,4_3,171272.388391441,8241861.361919804,7c0d34786d14a714a4bfc494dd5d0dcab7384148,cardinal,4,1,90_deg_east,cardinal,90,0,90,640,640,7,batch_0007,922,datasets/df_2024_proportional/batch_0007/images/7c0d34786d14a714a4bfc494dd5d0dcab7384148.jpg,https://raw.githubusercontent.com/GUIA-DD/dataset-streetview/main/datasets/df_2024_proportional/batch_0007/images/7c0d34786d14a714a4bfc494dd5d0dcab7384148.jpg,True,downloaded,
f5e1c0a6c7495bd6fcb232433666de5aadaf49d1,a8fd16ac9968ce23c3762ec56ff885039d291832,-15.88059554999823,-48.06938835008278,-15.88062701632041,-48.0693838081444,2025-07,2025,9UUA_JALQGLgaT9wiAHZdQ,343.7791220069673,© Google,OK,4_3,171272.388391441,8241861.361919804,8e24a6298cf98fb44af7d7bf24f59cf7fa9d226a,cardinal,4,2,180_deg_south,cardinal,180,0,90,640,640,7,batch_0007,923,datasets/df_2024_proportional/batch_0007/images/8e24a6298cf98fb44af7d7bf24f59cf7fa9d226a.jpg,https://raw.githubusercontent.com/GUIA-DD/dataset-streetview/main/datasets/df_2024_proportional/batch_0007/images/8e24a6298cf98fb44af7d7bf24f59cf7fa9d226a.jpg,True,downloaded,
f5e1c0a6c7495bd6fcb232433666de5aadaf49d1,a8fd16ac9968ce23c3762ec56ff885039d291832,-15.88059554999823,-48.06938835008278,-15.88062701632041,-48.0693838081444,2025-07,2025,9UUA_JALQGLgaT9wiAHZdQ,343.7791220069673,© Google,OK,4_3,171272.388391441,8241861.361919804,2f84305530b52220e0830632a28b44326b30d7d6,cardinal,4,3,270_deg_west,cardinal,270,0,90,640,640,7,batch_0007,924,datasets/df_2024_proportional/batch_0007/images/2f84305530b52220e0830632a28b44326b30d7d6.jpg,https://raw.githubusercontent.com/GUIA-DD/dataset-streetview/main/datasets/df_2024_proportional/batch_0007/images/2f84305530b52220e0830632a28b44326b30d7d6.jpg,True,downloaded,
f73e8643aee3a8d3911f80a05aacd97a9c988f95,7274264fd2a35d1d2bbfb97f9855e06da6413a24,-15.743667150000247,-47.75098420000904,-15.7436500383311,-47.75097677963827,2024-06,2024,KqrCP0MdAw2NQp98WdPJ7Q,341.4106800606725,© Google,OK,11_6,205198.3064782309,8257497.027572824,f12484339be1e3bcc1280944616585e2447e886c,cardinal,4,0,0_deg_north,cardinal,0,0,90,640,640,7,batch_0007,925,datasets/df_2024_proportional/batch_0007/images/f12484339be1e3bcc1280944616585e2447e886c.jpg,https://raw.githubusercontent.com/GUIA-DD/dataset-streetview/main/datasets/df_2024_proportional/batch_0007/images/f12484339be1e3bcc1280944616585e2447e886c.jpg,True,downloaded,
f73e8643aee3a8d3911f80a05aacd97a9c988f95,7274264fd2a35d1d2bbfb97f9855e06da6413a24,-15.743667150000247,-47.75098420000904,-15.7436500383311,-47.75097677963827,2024-06,2024,KqrCP0MdAw2NQp98WdPJ7Q,341.4106800606725,© Google,OK,11_6,205198.3064782309,8257497.027572824,ac0664912a811f1b6226ecc3c70e7abc11d1e9b4,cardinal,4,1,90_deg_east,cardinal,90,0,90,640,640,7,batch_0007,926,datasets/df_2024_proportional/batch_0007/images/ac0664912a811f1b6226ecc3c70e7abc11d1e9b4.jpg,https://raw.githubusercontent.com/GUIA-DD/dataset-streetview/main/datasets/df_2024_proportional/batch_0007/images/ac0664912a811f1b6226ecc3c70e7abc11d1e9b4.jpg,True,downloaded,
f73e8643aee3a8d3911f80a05aacd97a9c988f95,7274264fd2a35d1d2bbfb97f9855e06da6413a24,-15.743667150000247,-47.75098420000904,-15.7436500383311,-47.75097677963827,2024-06,2024,KqrCP0MdAw2NQp98WdPJ7Q,341.4106800606725,© Google,OK,11_6,205198.3064782309,8257497.027572824,cd1e5be297ecedbf65704fcd6791acd4feb05d6c,cardinal,4,2,180_deg_south,cardinal,180,0,90,640,640,7,batch_0007,927,datasets/df_2024_proportional/batch_0007/images/cd1e5be297ecedbf65704fcd6791acd4feb05d6c.jpg,https://raw.githubusercontent.com/GUIA-DD/dataset-streetview/main/datasets/df_2024_proportional/batch_0007/images/cd1e5be297ecedbf65704fcd6791acd4feb05d6c.jpg,True,downloaded,
f73e8643aee3a8d3911f80a05aacd97a9c988f95,7274264fd2a35d1d2bbfb97f9855e06da6413a24,-15.743667150000247,-47.75098420000904,-15.7436500383311,-47.75097677963827,2024-06,2024,KqrCP0MdAw2NQp98WdPJ7Q,341.4106800606725,© Google,OK,11_6,205198.3064782309,8257497.027572824,e3087bb86eeb2ea246c4cfae8bed31cba79a54c0,cardinal,4,3,270_deg_west,cardinal,270,0,90,640,640,7,batch_0007,928,datasets/df_2024_proportional/batch_0007/images/e3087bb86eeb2ea246c4cfae8bed31cba79a54c0.jpg,https://raw.githubusercontent.com/GUIA-DD/dataset-streetview/main/datasets/df_2024_proportional/batch_0007/images/e3087bb86eeb2ea246c4cfae8bed31cba79a54c0.jpg,True,downloaded,
f7ed454e73db1d1033fa75142e2e9836ad82aa67,d63664818e0027b8dadbc5ae8f6a8c865a955241,-15.860045500043976,-47.96788975005341,-15.86005164851917,-47.96786203114787,2024-06,2024,HMfK8NVouQiWZ7-b6A9ptQ,112.40205302809989,© Google,OK,6_4,182118.9647946336,8244294.061730383,e155755d27901781f342ca6a15e513f9191b270f,cardinal,4,0,0_deg_north,cardinal,0,0,90,640,640,7,batch_0007,929,datasets/df_2024_proportional/batch_0007/images/e155755d27901781f342ca6a15e513f9191b270f.jpg,https://raw.githubusercontent.com/GUIA-DD/dataset-streetview/main/datasets/df_2024_proportional/batch_0007/images/e155755d27901781f342ca6a15e513f9191b270f.jpg,True,downloaded,
f7ed454e73db1d1033fa75142e2e9836ad82aa67,d63664818e0027b8dadbc5ae8f6a8c865a955241,-15.860045500043976,-47.96788975005341,-15.86005164851917,-47.96786203114787,2024-06,2024,HMfK8NVouQiWZ7-b6A9ptQ,112.40205302809989,© Google,OK,6_4,182118.9647946336,8244294.061730383,1a9becf3d646e86235938d873ef391152257a91d,cardinal,4,1,90_deg_east,cardinal,90,0,90,640,640,7,batch_0007,930,datasets/df_2024_proportional/batch_0007/images/1a9becf3d646e86235938d873ef391152257a91d.jpg,https://raw.githubusercontent.com/GUIA-DD/dataset-streetview/main/datasets/df_2024_proportional/batch_0007/images/1a9becf3d646e86235938d873ef391152257a91d.jpg,True,downloaded,
f7ed454e73db1d1033fa75142e2e9836ad82aa67,d63664818e0027b8dadbc5ae8f6a8c865a955241,-15.860045500043976,-47.96788975005341,-15.86005164851917,-47.96786203114787,2024-06,2024,HMfK8NVouQiWZ7-b6A9ptQ,112.40205302809989,© Google,OK,6_4,182118.9647946336,8244294.061730383,c7f8746a0c5b8237484eb6bac4e875003eaef236,cardinal,4,2,180_deg_south,cardinal,180,0,90,640,640,7,batch_0007,931,datasets/df_2024_proportional/batch_0007/images/c7f8746a0c5b8237484eb6bac4e875003eaef236.jpg,https://raw.githubusercontent.com/GUIA-DD/dataset-streetview/main/datasets/df_2024_proportional/batch_0007/images/c7f8746a0c5b8237484eb6bac4e875003eaef236.jpg,True,downloaded,
f7ed454e73db1d1033fa75142e2e9836ad82aa67,d63664818e0027b8dadbc5ae8f6a8c865a955241,-15.860045500043976,-47.96788975005341,-15.86005164851917,-47.96786203114787,2024-06,2024,HMfK8NVouQiWZ7-b6A9ptQ,112.40205302809989,© Google,OK,6_4,182118.9647946336,8244294.061730383,48bc31ce22db8ba5ff8dbb3d2bd4ee61b57e4fef,cardinal,4,3,270_deg_west,cardinal,270,0,90,640,640,7,batch_0007,932,datasets/df_2024_proportional/batch_0007/images/48bc31ce22db8ba5ff8dbb3d2bd4ee61b57e4fef.jpg,https://raw.githubusercontent.com/GUIA-DD/dataset-streetview/main/datasets/df_2024_proportional/batch_0007/images/48bc31ce22db8ba5ff8dbb3d2bd4ee61b57e4fef.jpg,True,downloaded,
fa4819113aac366c4f243ab0471336823c75db9b,916b4704b3a34cf9f8ebfb574bb2c76555388ce7,-15.827726600034698,-48.045941549699805,-15.82770956254048,-48.04593739285378,2024-08,2024,FYZLV1dMOJlBRxpF9-0QdA,181.18914241932973,© Google,OK,4_5,173700.42895054887,8247753.170077577,4023fa48da7c18cd4935b2a507e4bf3dc5eebc39,cardinal,4,0,0_deg_north,cardinal,0,0,90,640,640,7,batch_0007,933,datasets/df_2024_proportional/batch_0007/images/4023fa48da7c18cd4935b2a507e4bf3dc5eebc39.jpg,https://raw.githubusercontent.com/GUIA-DD/dataset-streetview/main/datasets/df_2024_proportional/batch_0007/images/4023fa48da7c18cd4935b2a507e4bf3dc5eebc39.jpg,True,downloaded,
fa4819113aac366c4f243ab0471336823c75db9b,916b4704b3a34cf9f8ebfb574bb2c76555388ce7,-15.827726600034698,-48.045941549699805,-15.82770956254048,-48.04593739285378,2024-08,2024,FYZLV1dMOJlBRxpF9-0QdA,181.18914241932973,© Google,OK,4_5,173700.42895054887,8247753.170077577,6ba78b41d77feced9ad0b02fed933057892d0396,cardinal,4,1,90_deg_east,cardinal,90,0,90,640,640,7,batch_0007,934,datasets/df_2024_proportional/batch_0007/images/6ba78b41d77feced9ad0b02fed933057892d0396.jpg,https://raw.githubusercontent.com/GUIA-DD/dataset-streetview/main/datasets/df_2024_proportional/batch_0007/images/6ba78b41d77feced9ad0b02fed933057892d0396.jpg,True,downloaded,
fa4819113aac366c4f243ab0471336823c75db9b,916b4704b3a34cf9f8ebfb574bb2c76555388ce7,-15.827726600034698,-48.045941549699805,-15.82770956254048,-48.04593739285378,2024-08,2024,FYZLV1dMOJlBRxpF9-0QdA,181.18914241932973,© Google,OK,4_5,173700.42895054887,8247753.170077577,9927945674d92a3c2cbf8352b855b21e2f13aa30,cardinal,4,2,180_deg_south,cardinal,180,0,90,640,640,7,batch_0007,935,datasets/df_2024_proportional/batch_0007/images/9927945674d92a3c2cbf8352b855b21e2f13aa30.jpg,https://raw.githubusercontent.com/GUIA-DD/dataset-streetview/main/datasets/df_2024_proportional/batch_0007/images/9927945674d92a3c2cbf8352b855b21e2f13aa30.jpg,True,downloaded,
fa4819113aac366c4f243ab0471336823c75db9b,916b4704b3a34cf9f8ebfb574bb2c76555388ce7,-15.827726600034698,-48.045941549699805,-15.82770956254048,-48.04593739285378,2024-08,2024,FYZLV1dMOJlBRxpF9-0QdA,181.18914241932973,© Google,OK,4_5,173700.42895054887,8247753.170077577,a8ebef662e55783facaa600d16ffe8779df24e50,cardinal,4,3,270_deg_west,cardinal,270,0,90,640,640,7,batch_0007,936,datasets/df_2024_proportional/batch_0007/images/a8ebef662e55783facaa600d16ffe8779df24e50.jpg,https://raw.githubusercontent.com/GUIA-DD/dataset-streetview/main/datasets/df_2024_proportional/batch_0007/images/a8ebef662e55783facaa600d16ffe8779df24e50.jpg,True,downloaded,
faec25598b5ccc45b6198758fd33c952ec64a1cb,790437f43c937c4e1f9b35d40ea8b5b702e79b2e,-15.90522654591427,-47.951474400798745,-15.90526067872761,-47.95145916946566,2024-12,2024,cYunAEDWgV0Le9GQpVtQvA,139.96132681139093,© Google,OK,7_3,183949.0931222418,8239315.622155525,30b862b8d4188feb725e87e53f6b4a6e0df480a9,cardinal,4,0,0_deg_north,cardinal,0,0,90,640,640,7,batch_0007,937,datasets/df_2024_proportional/batch_0007/images/30b862b8d4188feb725e87e53f6b4a6e0df480a9.jpg,https://raw.githubusercontent.com/GUIA-DD/dataset-streetview/main/datasets/df_2024_proportional/batch_0007/images/30b862b8d4188feb725e87e53f6b4a6e0df480a9.jpg,True,downloaded,
faec25598b5ccc45b6198758fd33c952ec64a1cb,790437f43c937c4e1f9b35d40ea8b5b702e79b2e,-15.90522654591427,-47.951474400798745,-15.90526067872761,-47.95145916946566,2024-12,2024,cYunAEDWgV0Le9GQpVtQvA,139.96132681139093,© Google,OK,7_3,183949.0931222418,8239315.622155525,9799c21a43b71601546b6a7ab605e75aface17fa,cardinal,4,1,90_deg_east,cardinal,90,0,90,640,640,7,batch_0007,938,datasets/df_2024_proportional/batch_0007/images/9799c21a43b71601546b6a7ab605e75aface17fa.jpg,https://raw.githubusercontent.com/GUIA-DD/dataset-streetview/main/datasets/df_2024_proportional/batch_0007/images/9799c21a43b71601546b6a7ab605e75aface17fa.jpg,True,downloaded,
faec25598b5ccc45b6198758fd33c952ec64a1cb,790437f43c937c4e1f9b35d40ea8b5b702e79b2e,-15.90522654591427,-47.951474400798745,-15.90526067872761,-47.95145916946566,2024-12,2024,cYunAEDWgV0Le9GQpVtQvA,139.96132681139093,© Google,OK,7_3,183949.0931222418,8239315.622155525,77a4ab4e063c119d0f1c164ba1415a1138c6a2b0,cardinal,4,2,180_deg_south,cardinal,180,0,90,640,640,7,batch_0007,939,datasets/df_2024_proportional/batch_0007/images/77a4ab4e063c119d0f1c164ba1415a1138c6a2b0.jpg,https://raw.githubusercontent.com/GUIA-DD/dataset-streetview/main/datasets/df_2024_proportional/batch_0007/images/77a4ab4e063c119d0f1c164ba1415a1138c6a2b0.jpg,True,downloaded,
faec25598b5ccc45b6198758fd33c952ec64a1cb,790437f43c937c4e1f9b35d40ea8b5b702e79b2e,-15.90522654591427,-47.951474400798745,-15.90526067872761,-47.95145916946566,2024-12,2024,cYunAEDWgV0Le9GQpVtQvA,139.96132681139093,© Google,OK,7_3,183949.0931222418,8239315.622155525,c8c48381496768c489df2b050d58becc0047cf36,cardinal,4,3,270_deg_west,cardinal,270,0,90,640,640,7,batch_0007,940,datasets/df_2024_proportional/batch_0007/images/c8c48381496768c489df2b050d58becc0047cf36.jpg,https://raw.githubusercontent.com/GUIA-DD/dataset-streetview/main/datasets/df_2024_proportional/batch_0007/images/c8c48381496768c489df2b050d58becc0047cf36.jpg,True,downloaded,
fb984ef3bd4a387d053ff2896cff82535440a945,3ecadedd0bce91c617ec4eb6d36622ff1cfb2494,-16.01269811295371,-48.07427545313976,-16.01269423401241,-48.07427763796899,2024-11,2024,YrSS05RoNWVM9kQNmu-DNg,32.52304039591592,© Google,OK,4_0,170964.44218424847,8227223.297153103,394b3052265f563da91c9f6d48491fecbc42bdd4,cardinal,4,0,0_deg_north,cardinal,0,0,90,640,640,7,batch_0007,941,datasets/df_2024_proportional/batch_0007/images/394b3052265f563da91c9f6d48491fecbc42bdd4.jpg,https://raw.githubusercontent.com/GUIA-DD/dataset-streetview/main/datasets/df_2024_proportional/batch_0007/images/394b3052265f563da91c9f6d48491fecbc42bdd4.jpg,True,downloaded,
fb984ef3bd4a387d053ff2896cff82535440a945,3ecadedd0bce91c617ec4eb6d36622ff1cfb2494,-16.01269811295371,-48.07427545313976,-16.01269423401241,-48.07427763796899,2024-11,2024,YrSS05RoNWVM9kQNmu-DNg,32.52304039591592,© Google,OK,4_0,170964.44218424847,8227223.297153103,b75d876090f1b45e3279e472bf703d29b7df57c8,cardinal,4,1,90_deg_east,cardinal,90,0,90,640,640,7,batch_0007,942,datasets/df_2024_proportional/batch_0007/images/b75d876090f1b45e3279e472bf703d29b7df57c8.jpg,https://raw.githubusercontent.com/GUIA-DD/dataset-streetview/main/datasets/df_2024_proportional/batch_0007/images/b75d876090f1b45e3279e472bf703d29b7df57c8.jpg,True,downloaded,
fb984ef3bd4a387d053ff2896cff82535440a945,3ecadedd0bce91c617ec4eb6d36622ff1cfb2494,-16.01269811295371,-48.07427545313976,-16.01269423401241,-48.07427763796899,2024-11,2024,YrSS05RoNWVM9kQNmu-DNg,32.52304039591592,© Google,OK,4_0,170964.44218424847,8227223.297153103,cd9330edaf6a9d16a80877edd01fc0d6def92298,cardinal,4,2,180_deg_south,cardinal,180,0,90,640,640,7,batch_0007,943,datasets/df_2024_proportional/batch_0007/images/cd9330edaf6a9d16a80877edd01fc0d6def92298.jpg,https://raw.githubusercontent.com/GUIA-DD/dataset-streetview/main/datasets/df_2024_proportional/batch_0007/images/cd9330edaf6a9d16a80877edd01fc0d6def92298.jpg,True,downloaded,
fb984ef3bd4a387d053ff2896cff82535440a945,3ecadedd0bce91c617ec4eb6d36622ff1cfb2494,-16.01269811295371,-48.07427545313976,-16.01269423401241,-48.07427763796899,2024-11,2024,YrSS05RoNWVM9kQNmu-DNg,32.52304039591592,© Google,OK,4_0,170964.44218424847,8227223.297153103,10c99973af6ac0c448947c6a3e5b42143683697c,cardinal,4,3,270_deg_west,cardinal,270,0,90,640,640,7,batch_0007,944,datasets/df_2024_proportional/batch_0007/images/10c99973af6ac0c448947c6a3e5b42143683697c.jpg,https://raw.githubusercontent.com/GUIA-DD/dataset-streetview/main/datasets/df_2024_proportional/batch_0007/images/10c99973af6ac0c448947c6a3e5b42143683697c.jpg,True,downloaded,
fbbe0969d0f21b2b09c4aa665b3d4762a9ccb39b,5529b5328d8d4bdbad495fc7fbdd864b85c7c0e4,-15.867183700032651,-48.100773099947816,-15.86713861551471,-48.10077514115818,2025-03,2025,kpOZpNLoD9GLAcKcvsfu-g,221.955339164909,© Google,OK,3_4,167886.31528100706,8243297.136228943,e8409c299ae1f13f18a52466f3e996d632497517,cardinal,4,0,0_deg_north,cardinal,0,0,90,640,640,7,batch_0007,945,datasets/df_2024_proportional/batch_0007/images/e8409c299ae1f13f18a52466f3e996d632497517.jpg,https://raw.githubusercontent.com/GUIA-DD/dataset-streetview/main/datasets/df_2024_proportional/batch_0007/images/e8409c299ae1f13f18a52466f3e996d632497517.jpg,True,downloaded,
fbbe0969d0f21b2b09c4aa665b3d4762a9ccb39b,5529b5328d8d4bdbad495fc7fbdd864b85c7c0e4,-15.867183700032651,-48.100773099947816,-15.86713861551471,-48.10077514115818,2025-03,2025,kpOZpNLoD9GLAcKcvsfu-g,221.955339164909,© Google,OK,3_4,167886.31528100706,8243297.136228943,bc071afbaa1e99ae868d6ca6fb8cc7bee577ff82,cardinal,4,1,90_deg_east,cardinal,90,0,90,640,640,7,batch_0007,946,datasets/df_2024_proportional/batch_0007/images/bc071afbaa1e99ae868d6ca6fb8cc7bee577ff82.jpg,https://raw.githubusercontent.com/GUIA-DD/dataset-streetview/main/datasets/df_2024_proportional/batch_0007/images/bc071afbaa1e99ae868d6ca6fb8cc7bee577ff82.jpg,True,downloaded,
fbbe0969d0f21b2b09c4aa665b3d4762a9ccb39b,5529b5328d8d4bdbad495fc7fbdd864b85c7c0e4,-15.867183700032651,-48.100773099947816,-15.86713861551471,-48.10077514115818,2025-03,2025,kpOZpNLoD9GLAcKcvsfu-g,221.955339164909,© Google,OK,3_4,167886.31528100706,8243297.136228943,c4838a9483b16a6e52f5be5c004bd9980cf48222,cardinal,4,2,180_deg_south,cardinal,180,0,90,640,640,7,batch_0007,947,datasets/df_2024_proportional/batch_0007/images/c4838a9483b16a6e52f5be5c004bd9980cf48222.jpg,https://raw.githubusercontent.com/GUIA-DD/dataset-streetview/main/datasets/df_2024_proportional/batch_0007/images/c4838a9483b16a6e52f5be5c004bd9980cf48222.jpg,True,downloaded,
fbbe0969d0f21b2b09c4aa665b3d4762a9ccb39b,5529b5328d8d4bdbad495fc7fbdd864b85c7c0e4,-15.867183700032651,-48.100773099947816,-15.86713861551471,-48.10077514115818,2025-03,2025,kpOZpNLoD9GLAcKcvsfu-g,221.955339164909,© Google,OK,3_4,167886.31528100706,8243297.136228943,a7209e3ff5fe5bda55d688077b49599c984451b5,cardinal,4,3,270_deg_west,cardinal,270,0,90,640,640,7,batch_0007,948,datasets/df_2024_proportional/batch_0007/images/a7209e3ff5fe5bda55d688077b49599c984451b5.jpg,https://raw.githubusercontent.com/GUIA-DD/dataset-streetview/main/datasets/df_2024_proportional/batch_0007/images/a7209e3ff5fe5bda55d688077b49599c984451b5.jpg,True,downloaded,
fbc70b3cb3fd1bf53e80c94aa732c458be2d2804,429dd52164dfa8f21a8c319c60f56aa22576af6c,-15.802332650168625,-48.136343549934665,-15.8023460734731,-48.13635945175671,2026-01,2026,pvYHJux2qtsNBv6NFtTGZg,252.77228775084689,© Google,OK,3_5,163965.8473694861,8250422.904483111,ecb8576cf414e745204882f273bd6fc35bf0c41d,cardinal,4,0,0_deg_north,cardinal,0,0,90,640,640,7,batch_0007,949,datasets/df_2024_proportional/batch_0007/images/ecb8576cf414e745204882f273bd6fc35bf0c41d.jpg,https://raw.githubusercontent.com/GUIA-DD/dataset-streetview/main/datasets/df_2024_proportional/batch_0007/images/ecb8576cf414e745204882f273bd6fc35bf0c41d.jpg,True,downloaded,
fbc70b3cb3fd1bf53e80c94aa732c458be2d2804,429dd52164dfa8f21a8c319c60f56aa22576af6c,-15.802332650168625,-48.136343549934665,-15.8023460734731,-48.13635945175671,2026-01,2026,pvYHJux2qtsNBv6NFtTGZg,252.77228775084689,© Google,OK,3_5,163965.8473694861,8250422.904483111,92bf78b61d56c09ed6cc7fcd2ec2ed625b222c31,cardinal,4,1,90_deg_east,cardinal,90,0,90,640,640,7,batch_0007,950,datasets/df_2024_proportional/batch_0007/images/92bf78b61d56c09ed6cc7fcd2ec2ed625b222c31.jpg,https://raw.githubusercontent.com/GUIA-DD/dataset-streetview/main/datasets/df_2024_proportional/batch_0007/images/92bf78b61d56c09ed6cc7fcd2ec2ed625b222c31.jpg,True,downloaded,
fbc70b3cb3fd1bf53e80c94aa732c458be2d2804,429dd52164dfa8f21a8c319c60f56aa22576af6c,-15.802332650168625,-48.136343549934665,-15.8023460734731,-48.13635945175671,2026-01,2026,pvYHJux2qtsNBv6NFtTGZg,252.77228775084689,© Google,OK,3_5,163965.8473694861,8250422.904483111,ba7051758a8ab590e9a8e034fe687468fc65073a,cardinal,4,2,180_deg_south,cardinal,180,0,90,640,640,7,batch_0007,951,datasets/df_2024_proportional/batch_0007/images/ba7051758a8ab590e9a8e034fe687468fc65073a.jpg,https://raw.githubusercontent.com/GUIA-DD/dataset-streetview/main/datasets/df_2024_proportional/batch_0007/images/ba7051758a8ab590e9a8e034fe687468fc65073a.jpg,True,downloaded,
fbc70b3cb3fd1bf53e80c94aa732c458be2d2804,429dd52164dfa8f21a8c319c60f56aa22576af6c,-15.802332650168625,-48.136343549934665,-15.8023460734731,-48.13635945175671,2026-01,2026,pvYHJux2qtsNBv6NFtTGZg,252.77228775084689,© Google,OK,3_5,163965.8473694861,8250422.904483111,feaf2e91da7961cdca1ff35815adecfc051a367a,cardinal,4,3,270_deg_west,cardinal,270,0,90,640,640,7,batch_0007,952,datasets/df_2024_proportional/batch_0007/images/feaf2e91da7961cdca1ff35815adecfc051a367a.jpg,https://raw.githubusercontent.com/GUIA-DD/dataset-streetview/main/datasets/df_2024_proportional/batch_0007/images/feaf2e91da7961cdca1ff35815adecfc051a367a.jpg,True,downloaded,
fbc76ca04f5c42dfae4213bfc9e91903768d54fc,16206d3257ca60c4efee70ea5f03444a378a69a9,-16.028003500021743,-48.07222585000514,-16.02798021653568,-48.07226806579892,2025-05,2025,ybFXh3rr84zfyshfz0A1JQ,90.49648924911048,© Google,OK,4_0,171209.09650919854,8225531.470107449,654edde59e1b18637970d916fe009306febbe1af,cardinal,4,0,0_deg_north,cardinal,0,0,90,640,640,7,batch_0007,953,datasets/df_2024_proportional/batch_0007/images/654edde59e1b18637970d916fe009306febbe1af.jpg,https://raw.githubusercontent.com/GUIA-DD/dataset-streetview/main/datasets/df_2024_proportional/batch_0007/images/654edde59e1b18637970d916fe009306febbe1af.jpg,True,downloaded,
fbc76ca04f5c42dfae4213bfc9e91903768d54fc,16206d3257ca60c4efee70ea5f03444a378a69a9,-16.028003500021743,-48.07222585000514,-16.02798021653568,-48.07226806579892,2025-05,2025,ybFXh3rr84zfyshfz0A1JQ,90.49648924911048,© Google,OK,4_0,171209.09650919854,8225531.470107449,81528d42fe32e2e116cd0b7fe82ecaef875e3510,cardinal,4,1,90_deg_east,cardinal,90,0,90,640,640,7,batch_0007,954,datasets/df_2024_proportional/batch_0007/images/81528d42fe32e2e116cd0b7fe82ecaef875e3510.jpg,https://raw.githubusercontent.com/GUIA-DD/dataset-streetview/main/datasets/df_2024_proportional/batch_0007/images/81528d42fe32e2e116cd0b7fe82ecaef875e3510.jpg,True,downloaded,
fbc76ca04f5c42dfae4213bfc9e91903768d54fc,16206d3257ca60c4efee70ea5f03444a378a69a9,-16.028003500021743,-48.07222585000514,-16.02798021653568,-48.07226806579892,2025-05,2025,ybFXh3rr84zfyshfz0A1JQ,90.49648924911048,© Google,OK,4_0,171209.09650919854,8225531.470107449,d6239f092121d7fbd90b09d1dfdba853018e07fa,cardinal,4,2,180_deg_south,cardinal,180,0,90,640,640,7,batch_0007,955,datasets/df_2024_proportional/batch_0007/images/d6239f092121d7fbd90b09d1dfdba853018e07fa.jpg,https://raw.githubusercontent.com/GUIA-DD/dataset-streetview/main/datasets/df_2024_proportional/batch_0007/images/d6239f092121d7fbd90b09d1dfdba853018e07fa.jpg,True,downloaded,
fbc76ca04f5c42dfae4213bfc9e91903768d54fc,16206d3257ca60c4efee70ea5f03444a378a69a9,-16.028003500021743,-48.07222585000514,-16.02798021653568,-48.07226806579892,2025-05,2025,ybFXh3rr84zfyshfz0A1JQ,90.49648924911048,© Google,OK,4_0,171209.09650919854,8225531.470107449,bc787970087ce03a3a047bf8252d3d8bce3aa033,cardinal,4,3,270_deg_west,cardinal,270,0,90,640,640,7,batch_0007,956,datasets/df_2024_proportional/batch_0007/images/bc787970087ce03a3a047bf8252d3d8bce3aa033.jpg,https://raw.githubusercontent.com/GUIA-DD/dataset-streetview/main/datasets/df_2024_proportional/batch_0007/images/bc787970087ce03a3a047bf8252d3d8bce3aa033.jpg,True,downloaded,
fbe7cee876fd2a52bffb40bf902bbcafea46379c,2c346b8178558e02080b00b71b2a0fa438b6c053,-15.805689043012569,-47.86643705916528,-15.80566397817611,-47.86647568561963,2024-06,2024,zJMRcRS8aifKcNWSQfGJow,107.54476675590423,© Google,OK,8_5,192910.91324660016,8250464.468551409,fb2c410565fc4ff191f3a0346e0b89c68b74268d,cardinal,4,0,0_deg_north,cardinal,0,0,90,640,640,7,batch_0007,957,datasets/df_2024_proportional/batch_0007/images/fb2c410565fc4ff191f3a0346e0b89c68b74268d.jpg,https://raw.githubusercontent.com/GUIA-DD/dataset-streetview/main/datasets/df_2024_proportional/batch_0007/images/fb2c410565fc4ff191f3a0346e0b89c68b74268d.jpg,True,downloaded,
fbe7cee876fd2a52bffb40bf902bbcafea46379c,2c346b8178558e02080b00b71b2a0fa438b6c053,-15.805689043012569,-47.86643705916528,-15.80566397817611,-47.86647568561963,2024-06,2024,zJMRcRS8aifKcNWSQfGJow,107.54476675590423,© Google,OK,8_5,192910.91324660016,8250464.468551409,624221a09e0c414f277e6da8afc4e24a53d913af,cardinal,4,1,90_deg_east,cardinal,90,0,90,640,640,7,batch_0007,958,datasets/df_2024_proportional/batch_0007/images/624221a09e0c414f277e6da8afc4e24a53d913af.jpg,https://raw.githubusercontent.com/GUIA-DD/dataset-streetview/main/datasets/df_2024_proportional/batch_0007/images/624221a09e0c414f277e6da8afc4e24a53d913af.jpg,True,downloaded,
fbe7cee876fd2a52bffb40bf902bbcafea46379c,2c346b8178558e02080b00b71b2a0fa438b6c053,-15.805689043012569,-47.86643705916528,-15.80566397817611,-47.86647568561963,2024-06,2024,zJMRcRS8aifKcNWSQfGJow,107.54476675590423,© Google,OK,8_5,192910.91324660016,8250464.468551409,2d18288012ba3c65046a1e0322ffcbc5bb9221c0,cardinal,4,2,180_deg_south,cardinal,180,0,90,640,640,7,batch_0007,959,datasets/df_2024_proportional/batch_0007/images/2d18288012ba3c65046a1e0322ffcbc5bb9221c0.jpg,https://raw.githubusercontent.com/GUIA-DD/dataset-streetview/main/datasets/df_2024_proportional/batch_0007/images/2d18288012ba3c65046a1e0322ffcbc5bb9221c0.jpg,True,downloaded,
fbe7cee876fd2a52bffb40bf902bbcafea46379c,2c346b8178558e02080b00b71b2a0fa438b6c053,-15.805689043012569,-47.86643705916528,-15.80566397817611,-47.86647568561963,2024-06,2024,zJMRcRS8aifKcNWSQfGJow,107.54476675590423,© Google,OK,8_5,192910.91324660016,8250464.468551409,93c26e0974b2e3511e46c6ff25fe6bb074819c90,cardinal,4,3,270_deg_west,cardinal,270,0,90,640,640,7,batch_0007,960,datasets/df_2024_proportional/batch_0007/images/93c26e0974b2e3511e46c6ff25fe6bb074819c90.jpg,https://raw.githubusercontent.com/GUIA-DD/dataset-streetview/main/datasets/df_2024_proportional/batch_0007/images/93c26e0974b2e3511e46c6ff25fe6bb074819c90.jpg,True,downloaded,
fc4804af7a994e7c55eac69bfc9fc53d7f120218,ac5df631d446cc9b04b75efd8c7d5ac4f439be9a,-15.630122750383755,-47.66040575011509,-15.6301276872681,-47.66044899056163,2024-08,2024,hHf0Ul7JO10eg4Nr4gkjsA,92.85437147112208,© Google,OK,13_9,214753.05456949773,8270192.505004689,f276a5cded3f649c0e92ba18a378ee9930e3f2b2,cardinal,4,0,0_deg_north,cardinal,0,0,90,640,640,7,batch_0007,961,datasets/df_2024_proportional/batch_0007/images/f276a5cded3f649c0e92ba18a378ee9930e3f2b2.jpg,https://raw.githubusercontent.com/GUIA-DD/dataset-streetview/main/datasets/df_2024_proportional/batch_0007/images/f276a5cded3f649c0e92ba18a378ee9930e3f2b2.jpg,True,downloaded,
fc4804af7a994e7c55eac69bfc9fc53d7f120218,ac5df631d446cc9b04b75efd8c7d5ac4f439be9a,-15.630122750383755,-47.66040575011509,-15.6301276872681,-47.66044899056163,2024-08,2024,hHf0Ul7JO10eg4Nr4gkjsA,92.85437147112208,© Google,OK,13_9,214753.05456949773,8270192.505004689,24c39344f26f10331aff2456131ec78ed1671fe8,cardinal,4,1,90_deg_east,cardinal,90,0,90,640,640,7,batch_0007,962,datasets/df_2024_proportional/batch_0007/images/24c39344f26f10331aff2456131ec78ed1671fe8.jpg,https://raw.githubusercontent.com/GUIA-DD/dataset-streetview/main/datasets/df_2024_proportional/batch_0007/images/24c39344f26f10331aff2456131ec78ed1671fe8.jpg,True,downloaded,
fc4804af7a994e7c55eac69bfc9fc53d7f120218,ac5df631d446cc9b04b75efd8c7d5ac4f439be9a,-15.630122750383755,-47.66040575011509,-15.6301276872681,-47.66044899056163,2024-08,2024,hHf0Ul7JO10eg4Nr4gkjsA,92.85437147112208,© Google,OK,13_9,214753.05456949773,8270192.505004689,a32ec4717cbbde6fefea9c2731454f78afce2b48,cardinal,4,2,180_deg_south,cardinal,180,0,90,640,640,7,batch_0007,963,datasets/df_2024_proportional/batch_0007/images/a32ec4717cbbde6fefea9c2731454f78afce2b48.jpg,https://raw.githubusercontent.com/GUIA-DD/dataset-streetview/main/datasets/df_2024_proportional/batch_0007/images/a32ec4717cbbde6fefea9c2731454f78afce2b48.jpg,True,downloaded,
fc4804af7a994e7c55eac69bfc9fc53d7f120218,ac5df631d446cc9b04b75efd8c7d5ac4f439be9a,-15.630122750383755,-47.66040575011509,-15.6301276872681,-47.66044899056163,2024-08,2024,hHf0Ul7JO10eg4Nr4gkjsA,92.85437147112208,© Google,OK,13_9,214753.05456949773,8270192.505004689,533bb8101eaba1f0ca7e3025f0fff61d1267b78c,cardinal,4,3,270_deg_west,cardinal,270,0,90,640,640,7,batch_0007,964,datasets/df_2024_proportional/batch_0007/images/533bb8101eaba1f0ca7e3025f0fff61d1267b78c.jpg,https://raw.githubusercontent.com/GUIA-DD/dataset-streetview/main/datasets/df_2024_proportional/batch_0007/images/533bb8101eaba1f0ca7e3025f0fff61d1267b78c.jpg,True,downloaded,
fc65c1a6decc0e0fc6b04ab6c87f1a70fd702a08,d5103d478b81c771b3b2d9dbd5e446c9f538c733,-15.648546599998305,-47.8227500000624,-15.6485731932927,-47.82274168985384,2024-07,2024,1Z98-6aXFjyldcr8WaRNCw,166.1230267269235,© Google,OK,9_9,197361.95003286944,8267927.770321496,31c4673246d5776c63e03ca1460a81419a7b588e,cardinal,4,0,0_deg_north,cardinal,0,0,90,640,640,7,batch_0007,965,datasets/df_2024_proportional/batch_0007/images/31c4673246d5776c63e03ca1460a81419a7b588e.jpg,https://raw.githubusercontent.com/GUIA-DD/dataset-streetview/main/datasets/df_2024_proportional/batch_0007/images/31c4673246d5776c63e03ca1460a81419a7b588e.jpg,True,downloaded,
fc65c1a6decc0e0fc6b04ab6c87f1a70fd702a08,d5103d478b81c771b3b2d9dbd5e446c9f538c733,-15.648546599998305,-47.8227500000624,-15.6485731932927,-47.82274168985384,2024-07,2024,1Z98-6aXFjyldcr8WaRNCw,166.1230267269235,© Google,OK,9_9,197361.95003286944,8267927.770321496,0ae4c078758af6b0fbde213b5feee9ebed82fc13,cardinal,4,1,90_deg_east,cardinal,90,0,90,640,640,7,batch_0007,966,datasets/df_2024_proportional/batch_0007/images/0ae4c078758af6b0fbde213b5feee9ebed82fc13.jpg,https://raw.githubusercontent.com/GUIA-DD/dataset-streetview/main/datasets/df_2024_proportional/batch_0007/images/0ae4c078758af6b0fbde213b5feee9ebed82fc13.jpg,True,downloaded,
fc65c1a6decc0e0fc6b04ab6c87f1a70fd702a08,d5103d478b81c771b3b2d9dbd5e446c9f538c733,-15.648546599998305,-47.8227500000624,-15.6485731932927,-47.82274168985384,2024-07,2024,1Z98-6aXFjyldcr8WaRNCw,166.1230267269235,© Google,OK,9_9,197361.95003286944,8267927.770321496,0220919ce8266c9692b622230ed69130ed035f94,cardinal,4,2,180_deg_south,cardinal,180,0,90,640,640,7,batch_0007,967,datasets/df_2024_proportional/batch_0007/images/0220919ce8266c9692b622230ed69130ed035f94.jpg,https://raw.githubusercontent.com/GUIA-DD/dataset-streetview/main/datasets/df_2024_proportional/batch_0007/images/0220919ce8266c9692b622230ed69130ed035f94.jpg,True,downloaded,
fc65c1a6decc0e0fc6b04ab6c87f1a70fd702a08,d5103d478b81c771b3b2d9dbd5e446c9f538c733,-15.648546599998305,-47.8227500000624,-15.6485731932927,-47.82274168985384,2024-07,2024,1Z98-6aXFjyldcr8WaRNCw,166.1230267269235,© Google,OK,9_9,197361.95003286944,8267927.770321496,c0fdfa273e1cff7109f38af1f83dcf045da269fc,cardinal,4,3,270_deg_west,cardinal,270,0,90,640,640,7,batch_0007,968,datasets/df_2024_proportional/batch_0007/images/c0fdfa273e1cff7109f38af1f83dcf045da269fc.jpg,https://raw.githubusercontent.com/GUIA-DD/dataset-streetview/main/datasets/df_2024_proportional/batch_0007/images/c0fdfa273e1cff7109f38af1f83dcf045da269fc.jpg,True,downloaded,
fc6798d539f5013e58c3a2e96cd1c400c34e0d05,acd07f2e7dce116d48bdf67ddba73d2a44f2f299,-16.00852874999888,-47.98708470001733,-16.00849787114616,-47.98709995778754,2025-01,2025,4LdfRlVJxYW67lp8WNBVLg,168.27284224373517,© Google,OK,6_1,180297.03175530565,8227821.424888875,430c5c3c0edacabae288f47a057779be9a842118,cardinal,4,0,0_deg_north,cardinal,0,0,90,640,640,7,batch_0007,969,datasets/df_2024_proportional/batch_0007/images/430c5c3c0edacabae288f47a057779be9a842118.jpg,https://raw.githubusercontent.com/GUIA-DD/dataset-streetview/main/datasets/df_2024_proportional/batch_0007/images/430c5c3c0edacabae288f47a057779be9a842118.jpg,True,downloaded,
fc6798d539f5013e58c3a2e96cd1c400c34e0d05,acd07f2e7dce116d48bdf67ddba73d2a44f2f299,-16.00852874999888,-47.98708470001733,-16.00849787114616,-47.98709995778754,2025-01,2025,4LdfRlVJxYW67lp8WNBVLg,168.27284224373517,© Google,OK,6_1,180297.03175530565,8227821.424888875,fc3404c4cc08e9c7a4ac88b5502e13535d5be689,cardinal,4,1,90_deg_east,cardinal,90,0,90,640,640,7,batch_0007,970,datasets/df_2024_proportional/batch_0007/images/fc3404c4cc08e9c7a4ac88b5502e13535d5be689.jpg,https://raw.githubusercontent.com/GUIA-DD/dataset-streetview/main/datasets/df_2024_proportional/batch_0007/images/fc3404c4cc08e9c7a4ac88b5502e13535d5be689.jpg,True,downloaded,
fc6798d539f5013e58c3a2e96cd1c400c34e0d05,acd07f2e7dce116d48bdf67ddba73d2a44f2f299,-16.00852874999888,-47.98708470001733,-16.00849787114616,-47.98709995778754,2025-01,2025,4LdfRlVJxYW67lp8WNBVLg,168.27284224373517,© Google,OK,6_1,180297.03175530565,8227821.424888875,72bbd952230bee038113bcc964d37402fafd6464,cardinal,4,2,180_deg_south,cardinal,180,0,90,640,640,7,batch_0007,971,datasets/df_2024_proportional/batch_0007/images/72bbd952230bee038113bcc964d37402fafd6464.jpg,https://raw.githubusercontent.com/GUIA-DD/dataset-streetview/main/datasets/df_2024_proportional/batch_0007/images/72bbd952230bee038113bcc964d37402fafd6464.jpg,True,downloaded,
fc6798d539f5013e58c3a2e96cd1c400c34e0d05,acd07f2e7dce116d48bdf67ddba73d2a44f2f299,-16.00852874999888,-47.98708470001733,-16.00849787114616,-47.98709995778754,2025-01,2025,4LdfRlVJxYW67lp8WNBVLg,168.27284224373517,© Google,OK,6_1,180297.03175530565,8227821.424888875,9c5122182f20bb96721a22624043c5c1dbd54a1a,cardinal,4,3,270_deg_west,cardinal,270,0,90,640,640,7,batch_0007,972,datasets/df_2024_proportional/batch_0007/images/9c5122182f20bb96721a22624043c5c1dbd54a1a.jpg,https://raw.githubusercontent.com/GUIA-DD/dataset-streetview/main/datasets/df_2024_proportional/batch_0007/images/9c5122182f20bb96721a22624043c5c1dbd54a1a.jpg,True,downloaded,
fc81c06986181f1eb4b1b66b095570716b6be45d,3268663983fb77b676ab9ed31cddc99261b80e84,-15.827261166729954,-47.92284104462319,-15.82729747537017,-47.92283899489573,2024-05,2024,6wDP7SkoODP8t0GaY0Vkkg,141.76349269345528,© Google,OK,7_5,186896.9930201966,8247992.37217656,43a39df2fa683e55d1ec822a9c767120d2637818,cardinal,4,0,0_deg_north,cardinal,0,0,90,640,640,7,batch_0007,973,datasets/df_2024_proportional/batch_0007/images/43a39df2fa683e55d1ec822a9c767120d2637818.jpg,https://raw.githubusercontent.com/GUIA-DD/dataset-streetview/main/datasets/df_2024_proportional/batch_0007/images/43a39df2fa683e55d1ec822a9c767120d2637818.jpg,True,downloaded,
fc81c06986181f1eb4b1b66b095570716b6be45d,3268663983fb77b676ab9ed31cddc99261b80e84,-15.827261166729954,-47.92284104462319,-15.82729747537017,-47.92283899489573,2024-05,2024,6wDP7SkoODP8t0GaY0Vkkg,141.76349269345528,© Google,OK,7_5,186896.9930201966,8247992.37217656,d4bc1cbd60121916af41743a219289c6b3771c0d,cardinal,4,1,90_deg_east,cardinal,90,0,90,640,640,7,batch_0007,974,datasets/df_2024_proportional/batch_0007/images/d4bc1cbd60121916af41743a219289c6b3771c0d.jpg,https://raw.githubusercontent.com/GUIA-DD/dataset-streetview/main/datasets/df_2024_proportional/batch_0007/images/d4bc1cbd60121916af41743a219289c6b3771c0d.jpg,True,downloaded,
fc81c06986181f1eb4b1b66b095570716b6be45d,3268663983fb77b676ab9ed31cddc99261b80e84,-15.827261166729954,-47.92284104462319,-15.82729747537017,-47.92283899489573,2024-05,2024,6wDP7SkoODP8t0GaY0Vkkg,141.76349269345528,© Google,OK,7_5,186896.9930201966,8247992.37217656,1b6a472d999daa65f95d5f0a90942c6db232e1bd,cardinal,4,2,180_deg_south,cardinal,180,0,90,640,640,7,batch_0007,975,datasets/df_2024_proportional/batch_0007/images/1b6a472d999daa65f95d5f0a90942c6db232e1bd.jpg,https://raw.githubusercontent.com/GUIA-DD/dataset-streetview/main/datasets/df_2024_proportional/batch_0007/images/1b6a472d999daa65f95d5f0a90942c6db232e1bd.jpg,True,downloaded,
fc81c06986181f1eb4b1b66b095570716b6be45d,3268663983fb77b676ab9ed31cddc99261b80e84,-15.827261166729954,-47.92284104462319,-15.82729747537017,-47.92283899489573,2024-05,2024,6wDP7SkoODP8t0GaY0Vkkg,141.76349269345528,© Google,OK,7_5,186896.9930201966,8247992.37217656,f7670c7750e3dd63b52ee56c6ca330b189fb44e2,cardinal,4,3,270_deg_west,cardinal,270,0,90,640,640,7,batch_0007,976,datasets/df_2024_proportional/batch_0007/images/f7670c7750e3dd63b52ee56c6ca330b189fb44e2.jpg,https://raw.githubusercontent.com/GUIA-DD/dataset-streetview/main/datasets/df_2024_proportional/batch_0007/images/f7670c7750e3dd63b52ee56c6ca330b189fb44e2.jpg,True,downloaded,
fde0ba148ff3eca29b7d5eb87a88749862df2cf2,f19ad6eff85c132f6f17977ad86bd4b9d8ed200f,-15.62480200000167,-47.64829849998735,-15.62477553184807,-47.64830240052201,2025-07,2025,M2_mRFfuulzl8FiOwenx0Q,2.3010248621916354,© Google,OK,13_9,216044.64372299536,8270797.802749487,9361432d1db8d594c61207fae762560795b9a7d8,cardinal,4,0,0_deg_north,cardinal,0,0,90,640,640,7,batch_0007,977,datasets/df_2024_proportional/batch_0007/images/9361432d1db8d594c61207fae762560795b9a7d8.jpg,https://raw.githubusercontent.com/GUIA-DD/dataset-streetview/main/datasets/df_2024_proportional/batch_0007/images/9361432d1db8d594c61207fae762560795b9a7d8.jpg,True,downloaded,
fde0ba148ff3eca29b7d5eb87a88749862df2cf2,f19ad6eff85c132f6f17977ad86bd4b9d8ed200f,-15.62480200000167,-47.64829849998735,-15.62477553184807,-47.64830240052201,2025-07,2025,M2_mRFfuulzl8FiOwenx0Q,2.3010248621916354,© Google,OK,13_9,216044.64372299536,8270797.802749487,dd32ab085522138e1c8cc248b9f5c156cf290d1e,cardinal,4,1,90_deg_east,cardinal,90,0,90,640,640,7,batch_0007,978,datasets/df_2024_proportional/batch_0007/images/dd32ab085522138e1c8cc248b9f5c156cf290d1e.jpg,https://raw.githubusercontent.com/GUIA-DD/dataset-streetview/main/datasets/df_2024_proportional/batch_0007/images/dd32ab085522138e1c8cc248b9f5c156cf290d1e.jpg,True,downloaded,
fde0ba148ff3eca29b7d5eb87a88749862df2cf2,f19ad6eff85c132f6f17977ad86bd4b9d8ed200f,-15.62480200000167,-47.64829849998735,-15.62477553184807,-47.64830240052201,2025-07,2025,M2_mRFfuulzl8FiOwenx0Q,2.3010248621916354,© Google,OK,13_9,216044.64372299536,8270797.802749487,f78d97337055e666161b81b36cc72ae56184b1fd,cardinal,4,2,180_deg_south,cardinal,180,0,90,640,640,7,batch_0007,979,datasets/df_2024_proportional/batch_0007/images/f78d97337055e666161b81b36cc72ae56184b1fd.jpg,https://raw.githubusercontent.com/GUIA-DD/dataset-streetview/main/datasets/df_2024_proportional/batch_0007/images/f78d97337055e666161b81b36cc72ae56184b1fd.jpg,True,downloaded,
fde0ba148ff3eca29b7d5eb87a88749862df2cf2,f19ad6eff85c132f6f17977ad86bd4b9d8ed200f,-15.62480200000167,-47.64829849998735,-15.62477553184807,-47.64830240052201,2025-07,2025,M2_mRFfuulzl8FiOwenx0Q,2.3010248621916354,© Google,OK,13_9,216044.64372299536,8270797.802749487,dae2ea82318a5a0b3b91f02b0c3e9cd86d28d516,cardinal,4,3,270_deg_west,cardinal,270,0,90,640,640,7,batch_0007,980,datasets/df_2024_proportional/batch_0007/images/dae2ea82318a5a0b3b91f02b0c3e9cd86d28d516.jpg,https://raw.githubusercontent.com/GUIA-DD/dataset-streetview/main/datasets/df_2024_proportional/batch_0007/images/dae2ea82318a5a0b3b91f02b0c3e9cd86d28d516.jpg,True,downloaded,
fea369b31591575b862d0c87de09dadb849ff189,405805dab4bdc091f153f425a792b2b4160ec24e,-15.869785150046871,-48.05758199987572,-15.86977058160877,-48.05758845638031,2025-06,2025,w5He1XF31snSm59UaMqPqQ,25.401508970245512,© Google,OK,4_4,172520.3701027658,8243077.125851965,ffb92690ca4fbc4c9d79980c2f8100a3dcbc8086,cardinal,4,0,0_deg_north,cardinal,0,0,90,640,640,7,batch_0007,981,datasets/df_2024_proportional/batch_0007/images/ffb92690ca4fbc4c9d79980c2f8100a3dcbc8086.jpg,https://raw.githubusercontent.com/GUIA-DD/dataset-streetview/main/datasets/df_2024_proportional/batch_0007/images/ffb92690ca4fbc4c9d79980c2f8100a3dcbc8086.jpg,True,downloaded,
fea369b31591575b862d0c87de09dadb849ff189,405805dab4bdc091f153f425a792b2b4160ec24e,-15.869785150046871,-48.05758199987572,-15.86977058160877,-48.05758845638031,2025-06,2025,w5He1XF31snSm59UaMqPqQ,25.401508970245512,© Google,OK,4_4,172520.3701027658,8243077.125851965,58b4b8bfd8fb13681cfc3466cb58dfbe03cea566,cardinal,4,1,90_deg_east,cardinal,90,0,90,640,640,7,batch_0007,982,datasets/df_2024_proportional/batch_0007/images/58b4b8bfd8fb13681cfc3466cb58dfbe03cea566.jpg,https://raw.githubusercontent.com/GUIA-DD/dataset-streetview/main/datasets/df_2024_proportional/batch_0007/images/58b4b8bfd8fb13681cfc3466cb58dfbe03cea566.jpg,True,downloaded,
fea369b31591575b862d0c87de09dadb849ff189,405805dab4bdc091f153f425a792b2b4160ec24e,-15.869785150046871,-48.05758199987572,-15.86977058160877,-48.05758845638031,2025-06,2025,w5He1XF31snSm59UaMqPqQ,25.401508970245512,© Google,OK,4_4,172520.3701027658,8243077.125851965,2ba186fbc4ceb57f801948050c6b9f9106184df0,cardinal,4,2,180_deg_south,cardinal,180,0,90,640,640,7,batch_0007,983,datasets/df_2024_proportional/batch_0007/images/2ba186fbc4ceb57f801948050c6b9f9106184df0.jpg,https://raw.githubusercontent.com/GUIA-DD/dataset-streetview/main/datasets/df_2024_proportional/batch_0007/images/2ba186fbc4ceb57f801948050c6b9f9106184df0.jpg,True,downloaded,
fea369b31591575b862d0c87de09dadb849ff189,405805dab4bdc091f153f425a792b2b4160ec24e,-15.869785150046871,-48.05758199987572,-15.86977058160877,-48.05758845638031,2025-06,2025,w5He1XF31snSm59UaMqPqQ,25.401508970245512,© Google,OK,4_4,172520.3701027658,8243077.125851965,7a38e340c15064ecfc786a5b973ecdc629c2c6f4,cardinal,4,3,270_deg_west,cardinal,270,0,90,640,640,7,batch_0007,984,datasets/df_2024_proportional/batch_0007/images/7a38e340c15064ecfc786a5b973ecdc629c2c6f4.jpg,https://raw.githubusercontent.com/GUIA-DD/dataset-streetview/main/datasets/df_2024_proportional/batch_0007/images/7a38e340c15064ecfc786a5b973ecdc629c2c6f4.jpg,True,downloaded,
feafefcdb1c095e66d1dfe3e44a9f7ec6e27b5ea,3b3a2f0b4fd211909f69104de724d31774616368,-15.841094450024215,-48.12959810012262,-15.84113046808952,-48.12957945816066,2026-01,2026,QLtQb2qM_PAgqFdzc4zyZw,322.84209669803334,© Google,OK,3_4,164753.18388303995,8246140.655833189,6aa721da37b2b30a3d346bbb408dde12a83cb127,cardinal,4,0,0_deg_north,cardinal,0,0,90,640,640,7,batch_0007,985,datasets/df_2024_proportional/batch_0007/images/6aa721da37b2b30a3d346bbb408dde12a83cb127.jpg,https://raw.githubusercontent.com/GUIA-DD/dataset-streetview/main/datasets/df_2024_proportional/batch_0007/images/6aa721da37b2b30a3d346bbb408dde12a83cb127.jpg,True,downloaded,
feafefcdb1c095e66d1dfe3e44a9f7ec6e27b5ea,3b3a2f0b4fd211909f69104de724d31774616368,-15.841094450024215,-48.12959810012262,-15.84113046808952,-48.12957945816066,2026-01,2026,QLtQb2qM_PAgqFdzc4zyZw,322.84209669803334,© Google,OK,3_4,164753.18388303995,8246140.655833189,9ad8b9007e8d673715d2aee5df93805c943bc9ad,cardinal,4,1,90_deg_east,cardinal,90,0,90,640,640,7,batch_0007,986,datasets/df_2024_proportional/batch_0007/images/9ad8b9007e8d673715d2aee5df93805c943bc9ad.jpg,https://raw.githubusercontent.com/GUIA-DD/dataset-streetview/main/datasets/df_2024_proportional/batch_0007/images/9ad8b9007e8d673715d2aee5df93805c943bc9ad.jpg,True,downloaded,
feafefcdb1c095e66d1dfe3e44a9f7ec6e27b5ea,3b3a2f0b4fd211909f69104de724d31774616368,-15.841094450024215,-48.12959810012262,-15.84113046808952,-48.12957945816066,2026-01,2026,QLtQb2qM_PAgqFdzc4zyZw,322.84209669803334,© Google,OK,3_4,164753.18388303995,8246140.655833189,b61544a0389efa15a2b374553c561d85519df446,cardinal,4,2,180_deg_south,cardinal,180,0,90,640,640,7,batch_0007,987,datasets/df_2024_proportional/batch_0007/images/b61544a0389efa15a2b374553c561d85519df446.jpg,https://raw.githubusercontent.com/GUIA-DD/dataset-streetview/main/datasets/df_2024_proportional/batch_0007/images/b61544a0389efa15a2b374553c561d85519df446.jpg,True,downloaded,
feafefcdb1c095e66d1dfe3e44a9f7ec6e27b5ea,3b3a2f0b4fd211909f69104de724d31774616368,-15.841094450024215,-48.12959810012262,-15.84113046808952,-48.12957945816066,2026-01,2026,QLtQb2qM_PAgqFdzc4zyZw,322.84209669803334,© Google,OK,3_4,164753.18388303995,8246140.655833189,b82c0654014aa208ea2f9f5a210c5d007feeec21,cardinal,4,3,270_deg_west,cardinal,270,0,90,640,640,7,batch_0007,988,datasets/df_2024_proportional/batch_0007/images/b82c0654014aa208ea2f9f5a210c5d007feeec21.jpg,https://raw.githubusercontent.com/GUIA-DD/dataset-streetview/main/datasets/df_2024_proportional/batch_0007/images/b82c0654014aa208ea2f9f5a210c5d007feeec21.jpg,True,downloaded,
ff7d32c65a7329b13ab78798229a74df51bf1dab,2fb2afc68e60a5af6744ee3be8aa938a070dc03d,-15.923512650109252,-48.05321519995461,-15.92351921890034,-48.05323383356898,2025-07,2025,MitaPM-1-cgxInaj2xVlWg,72.18859930675126,© Google,OK,4_2,173075.38440341505,8237133.751727669,b640be25fef3c1e2aba68d42ee49e601ce0eba51,cardinal,4,0,0_deg_north,cardinal,0,0,90,640,640,7,batch_0007,989,datasets/df_2024_proportional/batch_0007/images/b640be25fef3c1e2aba68d42ee49e601ce0eba51.jpg,https://raw.githubusercontent.com/GUIA-DD/dataset-streetview/main/datasets/df_2024_proportional/batch_0007/images/b640be25fef3c1e2aba68d42ee49e601ce0eba51.jpg,True,downloaded,
ff7d32c65a7329b13ab78798229a74df51bf1dab,2fb2afc68e60a5af6744ee3be8aa938a070dc03d,-15.923512650109252,-48.05321519995461,-15.92351921890034,-48.05323383356898,2025-07,2025,MitaPM-1-cgxInaj2xVlWg,72.18859930675126,© Google,OK,4_2,173075.38440341505,8237133.751727669,7b27f29830056a365420a1b5921dfda2631fd16a,cardinal,4,1,90_deg_east,cardinal,90,0,90,640,640,7,batch_0007,990,datasets/df_2024_proportional/batch_0007/images/7b27f29830056a365420a1b5921dfda2631fd16a.jpg,https://raw.githubusercontent.com/GUIA-DD/dataset-streetview/main/datasets/df_2024_proportional/batch_0007/images/7b27f29830056a365420a1b5921dfda2631fd16a.jpg,True,downloaded,
ff7d32c65a7329b13ab78798229a74df51bf1dab,2fb2afc68e60a5af6744ee3be8aa938a070dc03d,-15.923512650109252,-48.05321519995461,-15.92351921890034,-48.05323383356898,2025-07,2025,MitaPM-1-cgxInaj2xVlWg,72.18859930675126,© Google,OK,4_2,173075.38440341505,8237133.751727669,9c07ba72d8687a324f29a8ad0e4c47e687f1c2b1,cardinal,4,2,180_deg_south,cardinal,180,0,90,640,640,7,batch_0007,991,datasets/df_2024_proportional/batch_0007/images/9c07ba72d8687a324f29a8ad0e4c47e687f1c2b1.jpg,https://raw.githubusercontent.com/GUIA-DD/dataset-streetview/main/datasets/df_2024_proportional/batch_0007/images/9c07ba72d8687a324f29a8ad0e4c47e687f1c2b1.jpg,True,downloaded,
ff7d32c65a7329b13ab78798229a74df51bf1dab,2fb2afc68e60a5af6744ee3be8aa938a070dc03d,-15.923512650109252,-48.05321519995461,-15.92351921890034,-48.05323383356898,2025-07,2025,MitaPM-1-cgxInaj2xVlWg,72.18859930675126,© Google,OK,4_2,173075.38440341505,8237133.751727669,a9a2118693f197a99e3aebd7b616d9162540ac88,cardinal,4,3,270_deg_west,cardinal,270,0,90,640,640,7,batch_0007,992,datasets/df_2024_proportional/batch_0007/images/a9a2118693f197a99e3aebd7b616d9162540ac88.jpg,https://raw.githubusercontent.com/GUIA-DD/dataset-streetview/main/datasets/df_2024_proportional/batch_0007/images/a9a2118693f197a99e3aebd7b616d9162540ac88.jpg,True,downloaded,
ffdef7ef4fa9c49923c1de909e9f1abb3c00b05a,b3742044f49c5eb832de5b40b40aed68b2f79bad,-15.82936675006938,-48.01478179998925,-15.82937093004245,-48.01477586933928,2024-06,2024,Bl0rCJjDAaRQ3m1necaxOw,259.7161962016213,© Google,OK,5_5,177043.71328436007,8247619.769875587,9db5a8de95913bbbf119458ccf91e8d269a0f4e1,cardinal,4,0,0_deg_north,cardinal,0,0,90,640,640,7,batch_0007,993,datasets/df_2024_proportional/batch_0007/images/9db5a8de95913bbbf119458ccf91e8d269a0f4e1.jpg,https://raw.githubusercontent.com/GUIA-DD/dataset-streetview/main/datasets/df_2024_proportional/batch_0007/images/9db5a8de95913bbbf119458ccf91e8d269a0f4e1.jpg,True,downloaded,
ffdef7ef4fa9c49923c1de909e9f1abb3c00b05a,b3742044f49c5eb832de5b40b40aed68b2f79bad,-15.82936675006938,-48.01478179998925,-15.82937093004245,-48.01477586933928,2024-06,2024,Bl0rCJjDAaRQ3m1necaxOw,259.7161962016213,© Google,OK,5_5,177043.71328436007,8247619.769875587,db47d62a760c5d8cf10a7113897a86c8df799107,cardinal,4,1,90_deg_east,cardinal,90,0,90,640,640,7,batch_0007,994,datasets/df_2024_proportional/batch_0007/images/db47d62a760c5d8cf10a7113897a86c8df799107.jpg,https://raw.githubusercontent.com/GUIA-DD/dataset-streetview/main/datasets/df_2024_proportional/batch_0007/images/db47d62a760c5d8cf10a7113897a86c8df799107.jpg,True,downloaded,
ffdef7ef4fa9c49923c1de909e9f1abb3c00b05a,b3742044f49c5eb832de5b40b40aed68b2f79bad,-15.82936675006938,-48.01478179998925,-15.82937093004245,-48.01477586933928,2024-06,2024,Bl0rCJjDAaRQ3m1necaxOw,259.7161962016213,© Google,OK,5_5,177043.71328436007,8247619.769875587,d14ed9477b8bcfed6c76dd0ba70c366f965f89de,cardinal,4,2,180_deg_south,cardinal,180,0,90,640,640,7,batch_0007,995,datasets/df_2024_proportional/batch_0007/images/d14ed9477b8bcfed6c76dd0ba70c366f965f89de.jpg,https://raw.githubusercontent.com/GUIA-DD/dataset-streetview/main/datasets/df_2024_proportional/batch_0007/images/d14ed9477b8bcfed6c76dd0ba70c366f965f89de.jpg,True,downloaded,
ffdef7ef4fa9c49923c1de909e9f1abb3c00b05a,b3742044f49c5eb832de5b40b40aed68b2f79bad,-15.82936675006938,-48.01478179998925,-15.82937093004245,-48.01477586933928,2024-06,2024,Bl0rCJjDAaRQ3m1necaxOw,259.7161962016213,© Google,OK,5_5,177043.71328436007,8247619.769875587,7302795abae3d5a3572230b04a67073a10588327,cardinal,4,3,270_deg_west,cardinal,270,0,90,640,640,7,batch_0007,996,datasets/df_2024_proportional/batch_0007/images/7302795abae3d5a3572230b04a67073a10588327.jpg,https://raw.githubusercontent.com/GUIA-DD/dataset-streetview/main/datasets/df_2024_proportional/batch_0007/images/7302795abae3d5a3572230b04a67073a10588327.jpg,True,downloaded,
ffe0e331dfd65a4d00da853c832499a462d57f45,7fb4c0893681518b581ca3f8c3075cea267e4c7a,-15.745772739342035,-47.76927474970452,-15.74578671349425,-47.7692395538764,2024-07,2024,cqbgSM-Avh2GJALe8BDjRg,90.86895903889734,© Google,OK,10_6,203240.00312730903,8257238.233470798,e2709f6e60f2cab10b8fe9f44ce41ccb5d87fa59,cardinal,4,0,0_deg_north,cardinal,0,0,90,640,640,7,batch_0007,997,datasets/df_2024_proportional/batch_0007/images/e2709f6e60f2cab10b8fe9f44ce41ccb5d87fa59.jpg,https://raw.githubusercontent.com/GUIA-DD/dataset-streetview/main/datasets/df_2024_proportional/batch_0007/images/e2709f6e60f2cab10b8fe9f44ce41ccb5d87fa59.jpg,True,downloaded,
ffe0e331dfd65a4d00da853c832499a462d57f45,7fb4c0893681518b581ca3f8c3075cea267e4c7a,-15.745772739342035,-47.76927474970452,-15.74578671349425,-47.7692395538764,2024-07,2024,cqbgSM-Avh2GJALe8BDjRg,90.86895903889734,© Google,OK,10_6,203240.00312730903,8257238.233470798,a6d25056a9f90ef48648cbc4c4579d619a87eb5e,cardinal,4,1,90_deg_east,cardinal,90,0,90,640,640,7,batch_0007,998,datasets/df_2024_proportional/batch_0007/images/a6d25056a9f90ef48648cbc4c4579d619a87eb5e.jpg,https://raw.githubusercontent.com/GUIA-DD/dataset-streetview/main/datasets/df_2024_proportional/batch_0007/images/a6d25056a9f90ef48648cbc4c4579d619a87eb5e.jpg,True,downloaded,
ffe0e331dfd65a4d00da853c832499a462d57f45,7fb4c0893681518b581ca3f8c3075cea267e4c7a,-15.745772739342035,-47.76927474970452,-15.74578671349425,-47.7692395538764,2024-07,2024,cqbgSM-Avh2GJALe8BDjRg,90.86895903889734,© Google,OK,10_6,203240.00312730903,8257238.233470798,b633175f408abe22c152139a07d7a7d7eee31c45,cardinal,4,2,180_deg_south,cardinal,180,0,90,640,640,7,batch_0007,999,datasets/df_2024_proportional/batch_0007/images/b633175f408abe22c152139a07d7a7d7eee31c45.jpg,https://raw.githubusercontent.com/GUIA-DD/dataset-streetview/main/datasets/df_2024_proportional/batch_0007/images/b633175f408abe22c152139a07d7a7d7eee31c45.jpg,True,downloaded,
ffe0e331dfd65a4d00da853c832499a462d57f45,7fb4c0893681518b581ca3f8c3075cea267e4c7a,-15.745772739342035,-47.76927474970452,-15.74578671349425,-47.7692395538764,2024-07,2024,cqbgSM-Avh2GJALe8BDjRg,90.86895903889734,© Google,OK,10_6,203240.00312730903,8257238.233470798,e00472f6f3ca18be5579396b463b5f7d3013ff5d,cardinal,4,3,270_deg_west,cardinal,270,0,90,640,640,7,batch_0007,1000,datasets/df_2024_proportional/batch_0007/images/e00472f6f3ca18be5579396b463b5f7d3013ff5d.jpg,https://raw.githubusercontent.com/GUIA-DD/dataset-streetview/main/datasets/df_2024_proportional/batch_0007/images/e00472f6f3ca18be5579396b463b5f7d3013ff5d.jpg,True,downloaded,
