location_id,candidate_id,requested_lat,requested_lng,pano_lat,pano_lng,capture_date,capture_year,pano_id,road_heading,copyright,metadata_status,cell_id,x_m,y_m,image_id,heading_set,images_per_location,direction_index,direction_label,heading_strategy,image_heading,image_pitch,image_fov,image_width,image_height,batch_number,batch_id,batch_location_index,image_file,image_url,image_downloaded,download_status,download_error
047198458e36d1a2311aa99915298b376406bfdc,9755262f2ed3c644b5ee94846c004004170ec0e5,-15.848347650085048,-48.12097729990448,-15.84837522323099,-48.12100985911496,2026-01,2026,P9-MD6F1enyaQukun0UjVQ,232.67289187787043,© Google,OK,3_4,165689.39913510793,8245351.113918887,ad07103ce2273f95c4817924502f005e4efcc7d6,cardinal,4,0,0_deg_north,cardinal,0,0,90,640,640,8,batch_0008,1,datasets/df_2024_proportional/batch_0008/images/ad07103ce2273f95c4817924502f005e4efcc7d6.jpg,https://raw.githubusercontent.com/GUIA-DD/dataset-streetview/refs/heads/main/datasets/df_2024_proportional/batch_0008/images/ad07103ce2273f95c4817924502f005e4efcc7d6.jpg,True,downloaded,
047198458e36d1a2311aa99915298b376406bfdc,9755262f2ed3c644b5ee94846c004004170ec0e5,-15.848347650085048,-48.12097729990448,-15.84837522323099,-48.12100985911496,2026-01,2026,P9-MD6F1enyaQukun0UjVQ,232.67289187787043,© Google,OK,3_4,165689.39913510793,8245351.113918887,0115a78091294369f30141251db22b72cc8fa87f,cardinal,4,1,90_deg_east,cardinal,90,0,90,640,640,8,batch_0008,2,datasets/df_2024_proportional/batch_0008/images/0115a78091294369f30141251db22b72cc8fa87f.jpg,https://raw.githubusercontent.com/GUIA-DD/dataset-streetview/refs/heads/main/datasets/df_2024_proportional/batch_0008/images/0115a78091294369f30141251db22b72cc8fa87f.jpg,True,downloaded,
047198458e36d1a2311aa99915298b376406bfdc,9755262f2ed3c644b5ee94846c004004170ec0e5,-15.848347650085048,-48.12097729990448,-15.84837522323099,-48.12100985911496,2026-01,2026,P9-MD6F1enyaQukun0UjVQ,232.67289187787043,© Google,OK,3_4,165689.39913510793,8245351.113918887,bddbd465e2ecd8196bcf805b077373e764fac8ae,cardinal,4,2,180_deg_south,cardinal,180,0,90,640,640,8,batch_0008,3,datasets/df_2024_proportional/batch_0008/images/bddbd465e2ecd8196bcf805b077373e764fac8ae.jpg,https://raw.githubusercontent.com/GUIA-DD/dataset-streetview/refs/heads/main/datasets/df_2024_proportional/batch_0008/images/bddbd465e2ecd8196bcf805b077373e764fac8ae.jpg,True,downloaded,
047198458e36d1a2311aa99915298b376406bfdc,9755262f2ed3c644b5ee94846c004004170ec0e5,-15.848347650085048,-48.12097729990448,-15.84837522323099,-48.12100985911496,2026-01,2026,P9-MD6F1enyaQukun0UjVQ,232.67289187787043,© Google,OK,3_4,165689.39913510793,8245351.113918887,01e99fd1ca0b0e168c89e0f772f92b9582b7a8a3,cardinal,4,3,270_deg_west,cardinal,270,0,90,640,640,8,batch_0008,4,datasets/df_2024_proportional/batch_0008/images/01e99fd1ca0b0e168c89e0f772f92b9582b7a8a3.jpg,https://raw.githubusercontent.com/GUIA-DD/dataset-streetview/refs/heads/main/datasets/df_2024_proportional/batch_0008/images/01e99fd1ca0b0e168c89e0f772f92b9582b7a8a3.jpg,True,downloaded,
048140154b725d6fdb96b46618074a6d2c93777b,458d8ddd84305d75993b52f6746899797aa2a543,-15.962315450227804,-48.02191435089972,-15.96231755213662,-48.02194973366868,2025-05,2025,_hELARTxXMDubne86Mg2Yw,138.9783368250761,© Google,OK,5_2,176491.9262626157,8232885.351225209,a8779176539b09b321e228c91f3e32c5c9a9506b,cardinal,4,0,0_deg_north,cardinal,0,0,90,640,640,8,batch_0008,5,datasets/df_2024_proportional/batch_0008/images/a8779176539b09b321e228c91f3e32c5c9a9506b.jpg,https://raw.githubusercontent.com/GUIA-DD/dataset-streetview/refs/heads/main/datasets/df_2024_proportional/batch_0008/images/a8779176539b09b321e228c91f3e32c5c9a9506b.jpg,True,downloaded,
048140154b725d6fdb96b46618074a6d2c93777b,458d8ddd84305d75993b52f6746899797aa2a543,-15.962315450227804,-48.02191435089972,-15.96231755213662,-48.02194973366868,2025-05,2025,_hELARTxXMDubne86Mg2Yw,138.9783368250761,© Google,OK,5_2,176491.9262626157,8232885.351225209,ddbbd2d053712ca7f9bb2b58ec503ee75f80779d,cardinal,4,1,90_deg_east,cardinal,90,0,90,640,640,8,batch_0008,6,datasets/df_2024_proportional/batch_0008/images/ddbbd2d053712ca7f9bb2b58ec503ee75f80779d.jpg,https://raw.githubusercontent.com/GUIA-DD/dataset-streetview/refs/heads/main/datasets/df_2024_proportional/batch_0008/images/ddbbd2d053712ca7f9bb2b58ec503ee75f80779d.jpg,True,downloaded,
048140154b725d6fdb96b46618074a6d2c93777b,458d8ddd84305d75993b52f6746899797aa2a543,-15.962315450227804,-48.02191435089972,-15.96231755213662,-48.02194973366868,2025-05,2025,_hELARTxXMDubne86Mg2Yw,138.9783368250761,© Google,OK,5_2,176491.9262626157,8232885.351225209,e9db38d3b80dbaed7fd988647c81ca0cea259ae0,cardinal,4,2,180_deg_south,cardinal,180,0,90,640,640,8,batch_0008,7,datasets/df_2024_proportional/batch_0008/images/e9db38d3b80dbaed7fd988647c81ca0cea259ae0.jpg,https://raw.githubusercontent.com/GUIA-DD/dataset-streetview/refs/heads/main/datasets/df_2024_proportional/batch_0008/images/e9db38d3b80dbaed7fd988647c81ca0cea259ae0.jpg,True,downloaded,
048140154b725d6fdb96b46618074a6d2c93777b,458d8ddd84305d75993b52f6746899797aa2a543,-15.962315450227804,-48.02191435089972,-15.96231755213662,-48.02194973366868,2025-05,2025,_hELARTxXMDubne86Mg2Yw,138.9783368250761,© Google,OK,5_2,176491.9262626157,8232885.351225209,43240957123dfdaf5c5f5aaefba74b9be38ef9f1,cardinal,4,3,270_deg_west,cardinal,270,0,90,640,640,8,batch_0008,8,datasets/df_2024_proportional/batch_0008/images/43240957123dfdaf5c5f5aaefba74b9be38ef9f1.jpg,https://raw.githubusercontent.com/GUIA-DD/dataset-streetview/refs/heads/main/datasets/df_2024_proportional/batch_0008/images/43240957123dfdaf5c5f5aaefba74b9be38ef9f1.jpg,True,downloaded,
07c7b0b449b126766b986cac5e8ccdfeee1827e5,0c112347ce5c584f6d108174c12f375429a9fb13,-15.918945900000363,-48.049809850250575,-15.9189620953307,-48.04981406662263,2025-05,2025,c2NJYO8E2C-WS8VhJeTpjg,341.8667836634019,© Google,OK,4_3,173432.9168965781,8237644.846384024,fbf32441b875bc4f6b2e36472f1940482f3dcc73,cardinal,4,0,0_deg_north,cardinal,0,0,90,640,640,8,batch_0008,9,datasets/df_2024_proportional/batch_0008/images/fbf32441b875bc4f6b2e36472f1940482f3dcc73.jpg,https://raw.githubusercontent.com/GUIA-DD/dataset-streetview/refs/heads/main/datasets/df_2024_proportional/batch_0008/images/fbf32441b875bc4f6b2e36472f1940482f3dcc73.jpg,True,downloaded,
07c7b0b449b126766b986cac5e8ccdfeee1827e5,0c112347ce5c584f6d108174c12f375429a9fb13,-15.918945900000363,-48.049809850250575,-15.9189620953307,-48.04981406662263,2025-05,2025,c2NJYO8E2C-WS8VhJeTpjg,341.8667836634019,© Google,OK,4_3,173432.9168965781,8237644.846384024,cd28cc626f365889d665ff9f4e147488f02221cf,cardinal,4,1,90_deg_east,cardinal,90,0,90,640,640,8,batch_0008,10,datasets/df_2024_proportional/batch_0008/images/cd28cc626f365889d665ff9f4e147488f02221cf.jpg,https://raw.githubusercontent.com/GUIA-DD/dataset-streetview/refs/heads/main/datasets/df_2024_proportional/batch_0008/images/cd28cc626f365889d665ff9f4e147488f02221cf.jpg,True,downloaded,
07c7b0b449b126766b986cac5e8ccdfeee1827e5,0c112347ce5c584f6d108174c12f375429a9fb13,-15.918945900000363,-48.049809850250575,-15.9189620953307,-48.04981406662263,2025-05,2025,c2NJYO8E2C-WS8VhJeTpjg,341.8667836634019,© Google,OK,4_3,173432.9168965781,8237644.846384024,6b618b06880a24129c1c0f7b8db2ff30b3d14ea3,cardinal,4,2,180_deg_south,cardinal,180,0,90,640,640,8,batch_0008,11,datasets/df_2024_proportional/batch_0008/images/6b618b06880a24129c1c0f7b8db2ff30b3d14ea3.jpg,https://raw.githubusercontent.com/GUIA-DD/dataset-streetview/refs/heads/main/datasets/df_2024_proportional/batch_0008/images/6b618b06880a24129c1c0f7b8db2ff30b3d14ea3.jpg,True,downloaded,
07c7b0b449b126766b986cac5e8ccdfeee1827e5,0c112347ce5c584f6d108174c12f375429a9fb13,-15.918945900000363,-48.049809850250575,-15.9189620953307,-48.04981406662263,2025-05,2025,c2NJYO8E2C-WS8VhJeTpjg,341.8667836634019,© Google,OK,4_3,173432.9168965781,8237644.846384024,d065d0153203174e79803d51e889585a4c5e9f2c,cardinal,4,3,270_deg_west,cardinal,270,0,90,640,640,8,batch_0008,12,datasets/df_2024_proportional/batch_0008/images/d065d0153203174e79803d51e889585a4c5e9f2c.jpg,https://raw.githubusercontent.com/GUIA-DD/dataset-streetview/refs/heads/main/datasets/df_2024_proportional/batch_0008/images/d065d0153203174e79803d51e889585a4c5e9f2c.jpg,True,downloaded,
08bf6ee447a144c5b7a62f3af523a04621ae1719,b2a2d3d1216e22b15d9452c529957b7913855392,-15.922066550104594,-48.057633849952545,-15.92205881877795,-48.0576287148446,2025-07,2025,aHEDGnu0rCqTFHWzJq7hJQ,71.08123901891922,© Google,OK,4_2,172599.52407929997,8237286.970630404,7e5716a1c870519c43044754d65d58805572f451,cardinal,4,0,0_deg_north,cardinal,0,0,90,640,640,8,batch_0008,13,datasets/df_2024_proportional/batch_0008/images/7e5716a1c870519c43044754d65d58805572f451.jpg,https://raw.githubusercontent.com/GUIA-DD/dataset-streetview/refs/heads/main/datasets/df_2024_proportional/batch_0008/images/7e5716a1c870519c43044754d65d58805572f451.jpg,True,downloaded,
08bf6ee447a144c5b7a62f3af523a04621ae1719,b2a2d3d1216e22b15d9452c529957b7913855392,-15.922066550104594,-48.057633849952545,-15.92205881877795,-48.0576287148446,2025-07,2025,aHEDGnu0rCqTFHWzJq7hJQ,71.08123901891922,© Google,OK,4_2,172599.52407929997,8237286.970630404,d6f8d2bb96598053bb77dbdfd7520d7819c89dd6,cardinal,4,1,90_deg_east,cardinal,90,0,90,640,640,8,batch_0008,14,datasets/df_2024_proportional/batch_0008/images/d6f8d2bb96598053bb77dbdfd7520d7819c89dd6.jpg,https://raw.githubusercontent.com/GUIA-DD/dataset-streetview/refs/heads/main/datasets/df_2024_proportional/batch_0008/images/d6f8d2bb96598053bb77dbdfd7520d7819c89dd6.jpg,True,downloaded,
08bf6ee447a144c5b7a62f3af523a04621ae1719,b2a2d3d1216e22b15d9452c529957b7913855392,-15.922066550104594,-48.057633849952545,-15.92205881877795,-48.0576287148446,2025-07,2025,aHEDGnu0rCqTFHWzJq7hJQ,71.08123901891922,© Google,OK,4_2,172599.52407929997,8237286.970630404,01b16b7671b3f599737efc06a5f19b91932082ef,cardinal,4,2,180_deg_south,cardinal,180,0,90,640,640,8,batch_0008,15,datasets/df_2024_proportional/batch_0008/images/01b16b7671b3f599737efc06a5f19b91932082ef.jpg,https://raw.githubusercontent.com/GUIA-DD/dataset-streetview/refs/heads/main/datasets/df_2024_proportional/batch_0008/images/01b16b7671b3f599737efc06a5f19b91932082ef.jpg,True,downloaded,
08bf6ee447a144c5b7a62f3af523a04621ae1719,b2a2d3d1216e22b15d9452c529957b7913855392,-15.922066550104594,-48.057633849952545,-15.92205881877795,-48.0576287148446,2025-07,2025,aHEDGnu0rCqTFHWzJq7hJQ,71.08123901891922,© Google,OK,4_2,172599.52407929997,8237286.970630404,6823525934f7c8444c288fe3b94efee80a20c25c,cardinal,4,3,270_deg_west,cardinal,270,0,90,640,640,8,batch_0008,16,datasets/df_2024_proportional/batch_0008/images/6823525934f7c8444c288fe3b94efee80a20c25c.jpg,https://raw.githubusercontent.com/GUIA-DD/dataset-streetview/refs/heads/main/datasets/df_2024_proportional/batch_0008/images/6823525934f7c8444c288fe3b94efee80a20c25c.jpg,True,downloaded,
0a0e0331afb4124eec614ba59309bec345ee557f,39b00764be8bdfed7f989b66242dc4bb0a44f212,-15.884455850006342,-48.05440804995317,-15.88441511143746,-48.05442795813686,2025-06,2025,NloULuVEocKi8FrweCOcKw,2.805137133506708,© Google,OK,4_3,172884.30769052656,8241457.344509618,3d7e130ec7d3b08f4dcb8063d270c017ba376581,cardinal,4,0,0_deg_north,cardinal,0,0,90,640,640,8,batch_0008,17,datasets/df_2024_proportional/batch_0008/images/3d7e130ec7d3b08f4dcb8063d270c017ba376581.jpg,https://raw.githubusercontent.com/GUIA-DD/dataset-streetview/refs/heads/main/datasets/df_2024_proportional/batch_0008/images/3d7e130ec7d3b08f4dcb8063d270c017ba376581.jpg,True,downloaded,
0a0e0331afb4124eec614ba59309bec345ee557f,39b00764be8bdfed7f989b66242dc4bb0a44f212,-15.884455850006342,-48.05440804995317,-15.88441511143746,-48.05442795813686,2025-06,2025,NloULuVEocKi8FrweCOcKw,2.805137133506708,© Google,OK,4_3,172884.30769052656,8241457.344509618,6d90cd016c7ea8ad6f05d8e6a983b05ba76cfa0f,cardinal,4,1,90_deg_east,cardinal,90,0,90,640,640,8,batch_0008,18,datasets/df_2024_proportional/batch_0008/images/6d90cd016c7ea8ad6f05d8e6a983b05ba76cfa0f.jpg,https://raw.githubusercontent.com/GUIA-DD/dataset-streetview/refs/heads/main/datasets/df_2024_proportional/batch_0008/images/6d90cd016c7ea8ad6f05d8e6a983b05ba76cfa0f.jpg,True,downloaded,
0a0e0331afb4124eec614ba59309bec345ee557f,39b00764be8bdfed7f989b66242dc4bb0a44f212,-15.884455850006342,-48.05440804995317,-15.88441511143746,-48.05442795813686,2025-06,2025,NloULuVEocKi8FrweCOcKw,2.805137133506708,© Google,OK,4_3,172884.30769052656,8241457.344509618,cbef93b181f63480316989591512e2b21fe9bef1,cardinal,4,2,180_deg_south,cardinal,180,0,90,640,640,8,batch_0008,19,datasets/df_2024_proportional/batch_0008/images/cbef93b181f63480316989591512e2b21fe9bef1.jpg,https://raw.githubusercontent.com/GUIA-DD/dataset-streetview/refs/heads/main/datasets/df_2024_proportional/batch_0008/images/cbef93b181f63480316989591512e2b21fe9bef1.jpg,True,downloaded,
0a0e0331afb4124eec614ba59309bec345ee557f,39b00764be8bdfed7f989b66242dc4bb0a44f212,-15.884455850006342,-48.05440804995317,-15.88441511143746,-48.05442795813686,2025-06,2025,NloULuVEocKi8FrweCOcKw,2.805137133506708,© Google,OK,4_3,172884.30769052656,8241457.344509618,815d67d10d7aff9c57ad86579f7a83efbe0d5e62,cardinal,4,3,270_deg_west,cardinal,270,0,90,640,640,8,batch_0008,20,datasets/df_2024_proportional/batch_0008/images/815d67d10d7aff9c57ad86579f7a83efbe0d5e62.jpg,https://raw.githubusercontent.com/GUIA-DD/dataset-streetview/refs/heads/main/datasets/df_2024_proportional/batch_0008/images/815d67d10d7aff9c57ad86579f7a83efbe0d5e62.jpg,True,downloaded,
0a6ae11c6e2ac0b0c08e542e5e84ec677fdd2564,54f1df51706570e4f65fc849119990911dbfec30,-15.884564100078222,-48.14678639991325,-15.88455586463604,-48.14684181008936,2024-06,2024,pObL4jWaXDGqo-k07nTGyA,232.97643646019714,© Google,OK,2_3,162982.71691954066,8241298.550607713,b42b1a9fb800a7a4e57d49add8147e0b707b29f5,cardinal,4,0,0_deg_north,cardinal,0,0,90,640,640,8,batch_0008,21,datasets/df_2024_proportional/batch_0008/images/b42b1a9fb800a7a4e57d49add8147e0b707b29f5.jpg,https://raw.githubusercontent.com/GUIA-DD/dataset-streetview/refs/heads/main/datasets/df_2024_proportional/batch_0008/images/b42b1a9fb800a7a4e57d49add8147e0b707b29f5.jpg,True,downloaded,
0a6ae11c6e2ac0b0c08e542e5e84ec677fdd2564,54f1df51706570e4f65fc849119990911dbfec30,-15.884564100078222,-48.14678639991325,-15.88455586463604,-48.14684181008936,2024-06,2024,pObL4jWaXDGqo-k07nTGyA,232.97643646019714,© Google,OK,2_3,162982.71691954066,8241298.550607713,1d7f103fbde8ed424a217917069d9f6f7946c96c,cardinal,4,1,90_deg_east,cardinal,90,0,90,640,640,8,batch_0008,22,datasets/df_2024_proportional/batch_0008/images/1d7f103fbde8ed424a217917069d9f6f7946c96c.jpg,https://raw.githubusercontent.com/GUIA-DD/dataset-streetview/refs/heads/main/datasets/df_2024_proportional/batch_0008/images/1d7f103fbde8ed424a217917069d9f6f7946c96c.jpg,True,downloaded,
0a6ae11c6e2ac0b0c08e542e5e84ec677fdd2564,54f1df51706570e4f65fc849119990911dbfec30,-15.884564100078222,-48.14678639991325,-15.88455586463604,-48.14684181008936,2024-06,2024,pObL4jWaXDGqo-k07nTGyA,232.97643646019714,© Google,OK,2_3,162982.71691954066,8241298.550607713,6cac84cba04d8964f29381d3d1a02fa517897a74,cardinal,4,2,180_deg_south,cardinal,180,0,90,640,640,8,batch_0008,23,datasets/df_2024_proportional/batch_0008/images/6cac84cba04d8964f29381d3d1a02fa517897a74.jpg,https://raw.githubusercontent.com/GUIA-DD/dataset-streetview/refs/heads/main/datasets/df_2024_proportional/batch_0008/images/6cac84cba04d8964f29381d3d1a02fa517897a74.jpg,True,downloaded,
0a6ae11c6e2ac0b0c08e542e5e84ec677fdd2564,54f1df51706570e4f65fc849119990911dbfec30,-15.884564100078222,-48.14678639991325,-15.88455586463604,-48.14684181008936,2024-06,2024,pObL4jWaXDGqo-k07nTGyA,232.97643646019714,© Google,OK,2_3,162982.71691954066,8241298.550607713,5d949088d335222fa6eaa83f2b205dc55420f913,cardinal,4,3,270_deg_west,cardinal,270,0,90,640,640,8,batch_0008,24,datasets/df_2024_proportional/batch_0008/images/5d949088d335222fa6eaa83f2b205dc55420f913.jpg,https://raw.githubusercontent.com/GUIA-DD/dataset-streetview/refs/heads/main/datasets/df_2024_proportional/batch_0008/images/5d949088d335222fa6eaa83f2b205dc55420f913.jpg,True,downloaded,
0bc20c4a4278c92ea535fe2358f5ea79935ae857,36c5305cfff6d160d518c4630dbd6d52d6858cdd,-15.93969140000011,-47.9484263500015,-15.93951146540403,-47.94854921773553,2024-12,2024,wSSbZxTXYY47PYogazL1gA,155.4876736208395,© Google,OK,7_2,184329.6608785227,8235503.632057411,b58736d871b4dc85ae1565569a7fcf970b750203,cardinal,4,0,0_deg_north,cardinal,0,0,90,640,640,8,batch_0008,25,datasets/df_2024_proportional/batch_0008/images/b58736d871b4dc85ae1565569a7fcf970b750203.jpg,https://raw.githubusercontent.com/GUIA-DD/dataset-streetview/refs/heads/main/datasets/df_2024_proportional/batch_0008/images/b58736d871b4dc85ae1565569a7fcf970b750203.jpg,True,downloaded,
0bc20c4a4278c92ea535fe2358f5ea79935ae857,36c5305cfff6d160d518c4630dbd6d52d6858cdd,-15.93969140000011,-47.9484263500015,-15.93951146540403,-47.94854921773553,2024-12,2024,wSSbZxTXYY47PYogazL1gA,155.4876736208395,© Google,OK,7_2,184329.6608785227,8235503.632057411,21f7d0420ec31e79731d44a232774aa0d0871a04,cardinal,4,1,90_deg_east,cardinal,90,0,90,640,640,8,batch_0008,26,datasets/df_2024_proportional/batch_0008/images/21f7d0420ec31e79731d44a232774aa0d0871a04.jpg,https://raw.githubusercontent.com/GUIA-DD/dataset-streetview/refs/heads/main/datasets/df_2024_proportional/batch_0008/images/21f7d0420ec31e79731d44a232774aa0d0871a04.jpg,True,downloaded,
0bc20c4a4278c92ea535fe2358f5ea79935ae857,36c5305cfff6d160d518c4630dbd6d52d6858cdd,-15.93969140000011,-47.9484263500015,-15.93951146540403,-47.94854921773553,2024-12,2024,wSSbZxTXYY47PYogazL1gA,155.4876736208395,© Google,OK,7_2,184329.6608785227,8235503.632057411,d203074320119fb7e9278c4b26d8de8bfd2a6f37,cardinal,4,2,180_deg_south,cardinal,180,0,90,640,640,8,batch_0008,27,datasets/df_2024_proportional/batch_0008/images/d203074320119fb7e9278c4b26d8de8bfd2a6f37.jpg,https://raw.githubusercontent.com/GUIA-DD/dataset-streetview/refs/heads/main/datasets/df_2024_proportional/batch_0008/images/d203074320119fb7e9278c4b26d8de8bfd2a6f37.jpg,True,downloaded,
0bc20c4a4278c92ea535fe2358f5ea79935ae857,36c5305cfff6d160d518c4630dbd6d52d6858cdd,-15.93969140000011,-47.9484263500015,-15.93951146540403,-47.94854921773553,2024-12,2024,wSSbZxTXYY47PYogazL1gA,155.4876736208395,© Google,OK,7_2,184329.6608785227,8235503.632057411,2f5167b246a037cd7af50212099f085a8cfb5023,cardinal,4,3,270_deg_west,cardinal,270,0,90,640,640,8,batch_0008,28,datasets/df_2024_proportional/batch_0008/images/2f5167b246a037cd7af50212099f085a8cfb5023.jpg,https://raw.githubusercontent.com/GUIA-DD/dataset-streetview/refs/heads/main/datasets/df_2024_proportional/batch_0008/images/2f5167b246a037cd7af50212099f085a8cfb5023.jpg,True,downloaded,
0c8b39e201e8cc2034256f121751a0adea113c79,c1b98bbb85946e79433abf6515518608b1838ae6,-16.0404146580848,-48.06315662926895,-16.04037426445812,-48.06311890415633,2025-07,2025,mMRrOiDEthSuNbbG2ibFlw,300.1269916091334,© Google,OK,4_0,172200.7962459636,8224171.311386934,3b5e42c44197778d14a069b1f216354bfdfe442a,cardinal,4,0,0_deg_north,cardinal,0,0,90,640,640,8,batch_0008,29,datasets/df_2024_proportional/batch_0008/images/3b5e42c44197778d14a069b1f216354bfdfe442a.jpg,https://raw.githubusercontent.com/GUIA-DD/dataset-streetview/refs/heads/main/datasets/df_2024_proportional/batch_0008/images/3b5e42c44197778d14a069b1f216354bfdfe442a.jpg,True,downloaded,
0c8b39e201e8cc2034256f121751a0adea113c79,c1b98bbb85946e79433abf6515518608b1838ae6,-16.0404146580848,-48.06315662926895,-16.04037426445812,-48.06311890415633,2025-07,2025,mMRrOiDEthSuNbbG2ibFlw,300.1269916091334,© Google,OK,4_0,172200.7962459636,8224171.311386934,772c14d10b90f368baf0198cdc1561576cbbc1c3,cardinal,4,1,90_deg_east,cardinal,90,0,90,640,640,8,batch_0008,30,datasets/df_2024_proportional/batch_0008/images/772c14d10b90f368baf0198cdc1561576cbbc1c3.jpg,https://raw.githubusercontent.com/GUIA-DD/dataset-streetview/refs/heads/main/datasets/df_2024_proportional/batch_0008/images/772c14d10b90f368baf0198cdc1561576cbbc1c3.jpg,True,downloaded,
0c8b39e201e8cc2034256f121751a0adea113c79,c1b98bbb85946e79433abf6515518608b1838ae6,-16.0404146580848,-48.06315662926895,-16.04037426445812,-48.06311890415633,2025-07,2025,mMRrOiDEthSuNbbG2ibFlw,300.1269916091334,© Google,OK,4_0,172200.7962459636,8224171.311386934,e7046b67de327f8fe64e792e2c2edf8f787f0c2d,cardinal,4,2,180_deg_south,cardinal,180,0,90,640,640,8,batch_0008,31,datasets/df_2024_proportional/batch_0008/images/e7046b67de327f8fe64e792e2c2edf8f787f0c2d.jpg,https://raw.githubusercontent.com/GUIA-DD/dataset-streetview/refs/heads/main/datasets/df_2024_proportional/batch_0008/images/e7046b67de327f8fe64e792e2c2edf8f787f0c2d.jpg,True,downloaded,
0c8b39e201e8cc2034256f121751a0adea113c79,c1b98bbb85946e79433abf6515518608b1838ae6,-16.0404146580848,-48.06315662926895,-16.04037426445812,-48.06311890415633,2025-07,2025,mMRrOiDEthSuNbbG2ibFlw,300.1269916091334,© Google,OK,4_0,172200.7962459636,8224171.311386934,fe6b1dbb05ad1fe1ecb44d3bbffdd4206bc292c4,cardinal,4,3,270_deg_west,cardinal,270,0,90,640,640,8,batch_0008,32,datasets/df_2024_proportional/batch_0008/images/fe6b1dbb05ad1fe1ecb44d3bbffdd4206bc292c4.jpg,https://raw.githubusercontent.com/GUIA-DD/dataset-streetview/refs/heads/main/datasets/df_2024_proportional/batch_0008/images/fe6b1dbb05ad1fe1ecb44d3bbffdd4206bc292c4.jpg,True,downloaded,
0eb3eb25b000fc88f1c55af63b3bf344a260788e,7c1847e04e237f6ff6ca0f127a2728f7c4df9aeb,-15.899599533256264,-48.038543079361716,-15.89957445043437,-48.03850933160066,2025-06,2025,RqgoKjZf46zC7Uui0_jGJg,72.81937539696195,© Google,OK,5_3,174609.13227794913,8239805.003890738,8ec1c2442739c089a26e468fc121d50d9bbb4c25,cardinal,4,0,0_deg_north,cardinal,0,0,90,640,640,8,batch_0008,33,datasets/df_2024_proportional/batch_0008/images/8ec1c2442739c089a26e468fc121d50d9bbb4c25.jpg,https://raw.githubusercontent.com/GUIA-DD/dataset-streetview/refs/heads/main/datasets/df_2024_proportional/batch_0008/images/8ec1c2442739c089a26e468fc121d50d9bbb4c25.jpg,True,downloaded,
0eb3eb25b000fc88f1c55af63b3bf344a260788e,7c1847e04e237f6ff6ca0f127a2728f7c4df9aeb,-15.899599533256264,-48.038543079361716,-15.89957445043437,-48.03850933160066,2025-06,2025,RqgoKjZf46zC7Uui0_jGJg,72.81937539696195,© Google,OK,5_3,174609.13227794913,8239805.003890738,c89910940bd7523b101de98ebd568622f5072624,cardinal,4,1,90_deg_east,cardinal,90,0,90,640,640,8,batch_0008,34,datasets/df_2024_proportional/batch_0008/images/c89910940bd7523b101de98ebd568622f5072624.jpg,https://raw.githubusercontent.com/GUIA-DD/dataset-streetview/refs/heads/main/datasets/df_2024_proportional/batch_0008/images/c89910940bd7523b101de98ebd568622f5072624.jpg,True,downloaded,
0eb3eb25b000fc88f1c55af63b3bf344a260788e,7c1847e04e237f6ff6ca0f127a2728f7c4df9aeb,-15.899599533256264,-48.038543079361716,-15.89957445043437,-48.03850933160066,2025-06,2025,RqgoKjZf46zC7Uui0_jGJg,72.81937539696195,© Google,OK,5_3,174609.13227794913,8239805.003890738,181f18bfd574d125bf53942b568f9cb86e16197e,cardinal,4,2,180_deg_south,cardinal,180,0,90,640,640,8,batch_0008,35,datasets/df_2024_proportional/batch_0008/images/181f18bfd574d125bf53942b568f9cb86e16197e.jpg,https://raw.githubusercontent.com/GUIA-DD/dataset-streetview/refs/heads/main/datasets/df_2024_proportional/batch_0008/images/181f18bfd574d125bf53942b568f9cb86e16197e.jpg,True,downloaded,
0eb3eb25b000fc88f1c55af63b3bf344a260788e,7c1847e04e237f6ff6ca0f127a2728f7c4df9aeb,-15.899599533256264,-48.038543079361716,-15.89957445043437,-48.03850933160066,2025-06,2025,RqgoKjZf46zC7Uui0_jGJg,72.81937539696195,© Google,OK,5_3,174609.13227794913,8239805.003890738,dc8ff25a6cfdc6c591dfb1a0083451bbdb2d4a43,cardinal,4,3,270_deg_west,cardinal,270,0,90,640,640,8,batch_0008,36,datasets/df_2024_proportional/batch_0008/images/dc8ff25a6cfdc6c591dfb1a0083451bbdb2d4a43.jpg,https://raw.githubusercontent.com/GUIA-DD/dataset-streetview/refs/heads/main/datasets/df_2024_proportional/batch_0008/images/dc8ff25a6cfdc6c591dfb1a0083451bbdb2d4a43.jpg,True,downloaded,
0f4e7e13db8ce9846fd73bc24bd868379189e1c4,7c034e75eb3d044d5aaba16336d2aa97c251c736,-15.866367500013256,-48.06042834998957,-15.86634709523743,-48.06042289225186,2025-06,2025,ULdHFZTQTxUlGziWUnWxfQ,61.65722605800035,© Google,OK,4_4,172209.73274636694,8243451.166106844,c71a33c0b6ce2c7de6388ccd410320b39efd4e1a,cardinal,4,0,0_deg_north,cardinal,0,0,90,640,640,8,batch_0008,37,datasets/df_2024_proportional/batch_0008/images/c71a33c0b6ce2c7de6388ccd410320b39efd4e1a.jpg,https://raw.githubusercontent.com/GUIA-DD/dataset-streetview/refs/heads/main/datasets/df_2024_proportional/batch_0008/images/c71a33c0b6ce2c7de6388ccd410320b39efd4e1a.jpg,True,downloaded,
0f4e7e13db8ce9846fd73bc24bd868379189e1c4,7c034e75eb3d044d5aaba16336d2aa97c251c736,-15.866367500013256,-48.06042834998957,-15.86634709523743,-48.06042289225186,2025-06,2025,ULdHFZTQTxUlGziWUnWxfQ,61.65722605800035,© Google,OK,4_4,172209.73274636694,8243451.166106844,bcb0232b8c468854f716b492973a4d23910d7814,cardinal,4,1,90_deg_east,cardinal,90,0,90,640,640,8,batch_0008,38,datasets/df_2024_proportional/batch_0008/images/bcb0232b8c468854f716b492973a4d23910d7814.jpg,https://raw.githubusercontent.com/GUIA-DD/dataset-streetview/refs/heads/main/datasets/df_2024_proportional/batch_0008/images/bcb0232b8c468854f716b492973a4d23910d7814.jpg,True,downloaded,
0f4e7e13db8ce9846fd73bc24bd868379189e1c4,7c034e75eb3d044d5aaba16336d2aa97c251c736,-15.866367500013256,-48.06042834998957,-15.86634709523743,-48.06042289225186,2025-06,2025,ULdHFZTQTxUlGziWUnWxfQ,61.65722605800035,© Google,OK,4_4,172209.73274636694,8243451.166106844,cb1dce74db742faff328ba0d9e21943761ba4897,cardinal,4,2,180_deg_south,cardinal,180,0,90,640,640,8,batch_0008,39,datasets/df_2024_proportional/batch_0008/images/cb1dce74db742faff328ba0d9e21943761ba4897.jpg,https://raw.githubusercontent.com/GUIA-DD/dataset-streetview/refs/heads/main/datasets/df_2024_proportional/batch_0008/images/cb1dce74db742faff328ba0d9e21943761ba4897.jpg,True,downloaded,
0f4e7e13db8ce9846fd73bc24bd868379189e1c4,7c034e75eb3d044d5aaba16336d2aa97c251c736,-15.866367500013256,-48.06042834998957,-15.86634709523743,-48.06042289225186,2025-06,2025,ULdHFZTQTxUlGziWUnWxfQ,61.65722605800035,© Google,OK,4_4,172209.73274636694,8243451.166106844,f5ef796ad9590d81e3cb8c42a7f91fa6bfa510f8,cardinal,4,3,270_deg_west,cardinal,270,0,90,640,640,8,batch_0008,40,datasets/df_2024_proportional/batch_0008/images/f5ef796ad9590d81e3cb8c42a7f91fa6bfa510f8.jpg,https://raw.githubusercontent.com/GUIA-DD/dataset-streetview/refs/heads/main/datasets/df_2024_proportional/batch_0008/images/f5ef796ad9590d81e3cb8c42a7f91fa6bfa510f8.jpg,True,downloaded,
0fa30e9f2b72989fb8e237837262e3d9d9722684,9edce16d6ce8442a4896a0c22b58c4756dcb1006,-16.008152201455978,-48.079586401035904,-16.00815475508072,-48.07958427371729,2024-11,2024,neYRGybjtoc5YyjN5AKIGQ,123.30013017046167,© Google,OK,4_1,170388.08048991463,8227718.325847803,327d85dcb9cd5f1dd41cd3ec0f74d334b7f24dda,cardinal,4,0,0_deg_north,cardinal,0,0,90,640,640,8,batch_0008,41,datasets/df_2024_proportional/batch_0008/images/327d85dcb9cd5f1dd41cd3ec0f74d334b7f24dda.jpg,https://raw.githubusercontent.com/GUIA-DD/dataset-streetview/refs/heads/main/datasets/df_2024_proportional/batch_0008/images/327d85dcb9cd5f1dd41cd3ec0f74d334b7f24dda.jpg,True,downloaded,
0fa30e9f2b72989fb8e237837262e3d9d9722684,9edce16d6ce8442a4896a0c22b58c4756dcb1006,-16.008152201455978,-48.079586401035904,-16.00815475508072,-48.07958427371729,2024-11,2024,neYRGybjtoc5YyjN5AKIGQ,123.30013017046167,© Google,OK,4_1,170388.08048991463,8227718.325847803,de84f9e395478f07f5fbb744b90bc12b5472b70d,cardinal,4,1,90_deg_east,cardinal,90,0,90,640,640,8,batch_0008,42,datasets/df_2024_proportional/batch_0008/images/de84f9e395478f07f5fbb744b90bc12b5472b70d.jpg,https://raw.githubusercontent.com/GUIA-DD/dataset-streetview/refs/heads/main/datasets/df_2024_proportional/batch_0008/images/de84f9e395478f07f5fbb744b90bc12b5472b70d.jpg,True,downloaded,
0fa30e9f2b72989fb8e237837262e3d9d9722684,9edce16d6ce8442a4896a0c22b58c4756dcb1006,-16.008152201455978,-48.079586401035904,-16.00815475508072,-48.07958427371729,2024-11,2024,neYRGybjtoc5YyjN5AKIGQ,123.30013017046167,© Google,OK,4_1,170388.08048991463,8227718.325847803,99f601a1e7c7e3bbf9f70e16b85adb1453b0cf8b,cardinal,4,2,180_deg_south,cardinal,180,0,90,640,640,8,batch_0008,43,datasets/df_2024_proportional/batch_0008/images/99f601a1e7c7e3bbf9f70e16b85adb1453b0cf8b.jpg,https://raw.githubusercontent.com/GUIA-DD/dataset-streetview/refs/heads/main/datasets/df_2024_proportional/batch_0008/images/99f601a1e7c7e3bbf9f70e16b85adb1453b0cf8b.jpg,True,downloaded,
0fa30e9f2b72989fb8e237837262e3d9d9722684,9edce16d6ce8442a4896a0c22b58c4756dcb1006,-16.008152201455978,-48.079586401035904,-16.00815475508072,-48.07958427371729,2024-11,2024,neYRGybjtoc5YyjN5AKIGQ,123.30013017046167,© Google,OK,4_1,170388.08048991463,8227718.325847803,47b47b60ecc413880e603b2824402d49f27e3216,cardinal,4,3,270_deg_west,cardinal,270,0,90,640,640,8,batch_0008,44,datasets/df_2024_proportional/batch_0008/images/47b47b60ecc413880e603b2824402d49f27e3216.jpg,https://raw.githubusercontent.com/GUIA-DD/dataset-streetview/refs/heads/main/datasets/df_2024_proportional/batch_0008/images/47b47b60ecc413880e603b2824402d49f27e3216.jpg,True,downloaded,
103993c046edd74b067141e3d4159bf4eeaf5ccc,faa9a13868bca1b1bf47314d55fcf578e6ad49ed,-15.942419100001578,-48.24194784998986,-15.94236378839057,-48.24196668087247,2025-05,2025,X_1yT7RuCHsIBskItCrZ4Q,184.55950345860754,© Google,OK,0_2,152881.38097058347,8234734.4094926445,73820a314ca5d09b04107bf82fdcbb744a91a0b7,cardinal,4,0,0_deg_north,cardinal,0,0,90,640,640,8,batch_0008,45,datasets/df_2024_proportional/batch_0008/images/73820a314ca5d09b04107bf82fdcbb744a91a0b7.jpg,https://raw.githubusercontent.com/GUIA-DD/dataset-streetview/refs/heads/main/datasets/df_2024_proportional/batch_0008/images/73820a314ca5d09b04107bf82fdcbb744a91a0b7.jpg,True,downloaded,
103993c046edd74b067141e3d4159bf4eeaf5ccc,faa9a13868bca1b1bf47314d55fcf578e6ad49ed,-15.942419100001578,-48.24194784998986,-15.94236378839057,-48.24196668087247,2025-05,2025,X_1yT7RuCHsIBskItCrZ4Q,184.55950345860754,© Google,OK,0_2,152881.38097058347,8234734.4094926445,8d49018ed9412bd0409785070cf0df601df014f6,cardinal,4,1,90_deg_east,cardinal,90,0,90,640,640,8,batch_0008,46,datasets/df_2024_proportional/batch_0008/images/8d49018ed9412bd0409785070cf0df601df014f6.jpg,https://raw.githubusercontent.com/GUIA-DD/dataset-streetview/refs/heads/main/datasets/df_2024_proportional/batch_0008/images/8d49018ed9412bd0409785070cf0df601df014f6.jpg,True,downloaded,
103993c046edd74b067141e3d4159bf4eeaf5ccc,faa9a13868bca1b1bf47314d55fcf578e6ad49ed,-15.942419100001578,-48.24194784998986,-15.94236378839057,-48.24196668087247,2025-05,2025,X_1yT7RuCHsIBskItCrZ4Q,184.55950345860754,© Google,OK,0_2,152881.38097058347,8234734.4094926445,d4d692acec9bde0bf53a21e43d201aec1fe0e3da,cardinal,4,2,180_deg_south,cardinal,180,0,90,640,640,8,batch_0008,47,datasets/df_2024_proportional/batch_0008/images/d4d692acec9bde0bf53a21e43d201aec1fe0e3da.jpg,https://raw.githubusercontent.com/GUIA-DD/dataset-streetview/refs/heads/main/datasets/df_2024_proportional/batch_0008/images/d4d692acec9bde0bf53a21e43d201aec1fe0e3da.jpg,True,downloaded,
103993c046edd74b067141e3d4159bf4eeaf5ccc,faa9a13868bca1b1bf47314d55fcf578e6ad49ed,-15.942419100001578,-48.24194784998986,-15.94236378839057,-48.24196668087247,2025-05,2025,X_1yT7RuCHsIBskItCrZ4Q,184.55950345860754,© Google,OK,0_2,152881.38097058347,8234734.4094926445,b7edd73c32d73f8fabc1bfbf9fcc64ca464091f1,cardinal,4,3,270_deg_west,cardinal,270,0,90,640,640,8,batch_0008,48,datasets/df_2024_proportional/batch_0008/images/b7edd73c32d73f8fabc1bfbf9fcc64ca464091f1.jpg,https://raw.githubusercontent.com/GUIA-DD/dataset-streetview/refs/heads/main/datasets/df_2024_proportional/batch_0008/images/b7edd73c32d73f8fabc1bfbf9fcc64ca464091f1.jpg,True,downloaded,
10a7c9c47df951606c84e95c84f6acd91b59a1c4,669fcab9ca428072cb44c549e735a7b5301d8f05,-15.826924857095975,-48.03062907996358,-15.82698137334759,-48.03063392406811,2025-06,2025,kWvBLqVQH3vCrHMrzmlTDQ,237.30328176269052,© Google,OK,5_5,175340.8258026554,8247865.725988093,89add6f0b15705312b48cb9609697764a9a7b5e8,cardinal,4,0,0_deg_north,cardinal,0,0,90,640,640,8,batch_0008,49,datasets/df_2024_proportional/batch_0008/images/89add6f0b15705312b48cb9609697764a9a7b5e8.jpg,https://raw.githubusercontent.com/GUIA-DD/dataset-streetview/refs/heads/main/datasets/df_2024_proportional/batch_0008/images/89add6f0b15705312b48cb9609697764a9a7b5e8.jpg,True,downloaded,
10a7c9c47df951606c84e95c84f6acd91b59a1c4,669fcab9ca428072cb44c549e735a7b5301d8f05,-15.826924857095975,-48.03062907996358,-15.82698137334759,-48.03063392406811,2025-06,2025,kWvBLqVQH3vCrHMrzmlTDQ,237.30328176269052,© Google,OK,5_5,175340.8258026554,8247865.725988093,39f646d026581ca5924ab8fb11d13be779da6cc2,cardinal,4,1,90_deg_east,cardinal,90,0,90,640,640,8,batch_0008,50,datasets/df_2024_proportional/batch_0008/images/39f646d026581ca5924ab8fb11d13be779da6cc2.jpg,https://raw.githubusercontent.com/GUIA-DD/dataset-streetview/refs/heads/main/datasets/df_2024_proportional/batch_0008/images/39f646d026581ca5924ab8fb11d13be779da6cc2.jpg,True,downloaded,
10a7c9c47df951606c84e95c84f6acd91b59a1c4,669fcab9ca428072cb44c549e735a7b5301d8f05,-15.826924857095975,-48.03062907996358,-15.82698137334759,-48.03063392406811,2025-06,2025,kWvBLqVQH3vCrHMrzmlTDQ,237.30328176269052,© Google,OK,5_5,175340.8258026554,8247865.725988093,5d7705bbb0d8d4127eba333158a404ed401021ad,cardinal,4,2,180_deg_south,cardinal,180,0,90,640,640,8,batch_0008,51,datasets/df_2024_proportional/batch_0008/images/5d7705bbb0d8d4127eba333158a404ed401021ad.jpg,https://raw.githubusercontent.com/GUIA-DD/dataset-streetview/refs/heads/main/datasets/df_2024_proportional/batch_0008/images/5d7705bbb0d8d4127eba333158a404ed401021ad.jpg,True,downloaded,
10a7c9c47df951606c84e95c84f6acd91b59a1c4,669fcab9ca428072cb44c549e735a7b5301d8f05,-15.826924857095975,-48.03062907996358,-15.82698137334759,-48.03063392406811,2025-06,2025,kWvBLqVQH3vCrHMrzmlTDQ,237.30328176269052,© Google,OK,5_5,175340.8258026554,8247865.725988093,6c37f9fb70dfecb966a9330754af95cb1243d5d2,cardinal,4,3,270_deg_west,cardinal,270,0,90,640,640,8,batch_0008,52,datasets/df_2024_proportional/batch_0008/images/6c37f9fb70dfecb966a9330754af95cb1243d5d2.jpg,https://raw.githubusercontent.com/GUIA-DD/dataset-streetview/refs/heads/main/datasets/df_2024_proportional/batch_0008/images/6c37f9fb70dfecb966a9330754af95cb1243d5d2.jpg,True,downloaded,
151894de0c0e0a322d9f9849f93398af00337ed5,57849b858e7d0ee938def17098ea259bd846d903,-15.86831450003777,-48.076856349974655,-15.86833458919016,-48.0768855457279,2025-06,2025,1tWilgcm1-1-L5FL82QCpg,244.8304124124436,© Google,OK,4_4,170451.91896083954,8243209.726123497,a0986b0b094430e2e1b34317de5c9a797f952021,cardinal,4,0,0_deg_north,cardinal,0,0,90,640,640,8,batch_0008,53,datasets/df_2024_proportional/batch_0008/images/a0986b0b094430e2e1b34317de5c9a797f952021.jpg,https://raw.githubusercontent.com/GUIA-DD/dataset-streetview/refs/heads/main/datasets/df_2024_proportional/batch_0008/images/a0986b0b094430e2e1b34317de5c9a797f952021.jpg,True,downloaded,
151894de0c0e0a322d9f9849f93398af00337ed5,57849b858e7d0ee938def17098ea259bd846d903,-15.86831450003777,-48.076856349974655,-15.86833458919016,-48.0768855457279,2025-06,2025,1tWilgcm1-1-L5FL82QCpg,244.8304124124436,© Google,OK,4_4,170451.91896083954,8243209.726123497,c0429de3ef92f09182cdedd339df72b6405ab195,cardinal,4,1,90_deg_east,cardinal,90,0,90,640,640,8,batch_0008,54,datasets/df_2024_proportional/batch_0008/images/c0429de3ef92f09182cdedd339df72b6405ab195.jpg,https://raw.githubusercontent.com/GUIA-DD/dataset-streetview/refs/heads/main/datasets/df_2024_proportional/batch_0008/images/c0429de3ef92f09182cdedd339df72b6405ab195.jpg,True,downloaded,
151894de0c0e0a322d9f9849f93398af00337ed5,57849b858e7d0ee938def17098ea259bd846d903,-15.86831450003777,-48.076856349974655,-15.86833458919016,-48.0768855457279,2025-06,2025,1tWilgcm1-1-L5FL82QCpg,244.8304124124436,© Google,OK,4_4,170451.91896083954,8243209.726123497,48734a2abfdd281bfbda63d7cba7c06d8a8ca397,cardinal,4,2,180_deg_south,cardinal,180,0,90,640,640,8,batch_0008,55,datasets/df_2024_proportional/batch_0008/images/48734a2abfdd281bfbda63d7cba7c06d8a8ca397.jpg,https://raw.githubusercontent.com/GUIA-DD/dataset-streetview/refs/heads/main/datasets/df_2024_proportional/batch_0008/images/48734a2abfdd281bfbda63d7cba7c06d8a8ca397.jpg,True,downloaded,
151894de0c0e0a322d9f9849f93398af00337ed5,57849b858e7d0ee938def17098ea259bd846d903,-15.86831450003777,-48.076856349974655,-15.86833458919016,-48.0768855457279,2025-06,2025,1tWilgcm1-1-L5FL82QCpg,244.8304124124436,© Google,OK,4_4,170451.91896083954,8243209.726123497,f009665d244d19aff85367cd27730520a10a21cc,cardinal,4,3,270_deg_west,cardinal,270,0,90,640,640,8,batch_0008,56,datasets/df_2024_proportional/batch_0008/images/f009665d244d19aff85367cd27730520a10a21cc.jpg,https://raw.githubusercontent.com/GUIA-DD/dataset-streetview/refs/heads/main/datasets/df_2024_proportional/batch_0008/images/f009665d244d19aff85367cd27730520a10a21cc.jpg,True,downloaded,
1557b676ff9411c69290071866c41aa5e36b78f4,4c104bd7563d1e537c41fccaf7fed4366c5c6c11,-15.62056115188847,-47.822524551569614,-15.62057753411994,-47.82249735481444,2024-08,2024,5vko38upBHfejhJTseJjMQ,285.18728695297517,© Google,OK,9_9,197344.96478898037,8271026.816808969,1285d37ae095515cd3fdf837a335ef4a96cd2d0e,cardinal,4,0,0_deg_north,cardinal,0,0,90,640,640,8,batch_0008,57,datasets/df_2024_proportional/batch_0008/images/1285d37ae095515cd3fdf837a335ef4a96cd2d0e.jpg,https://raw.githubusercontent.com/GUIA-DD/dataset-streetview/refs/heads/main/datasets/df_2024_proportional/batch_0008/images/1285d37ae095515cd3fdf837a335ef4a96cd2d0e.jpg,True,downloaded,
1557b676ff9411c69290071866c41aa5e36b78f4,4c104bd7563d1e537c41fccaf7fed4366c5c6c11,-15.62056115188847,-47.822524551569614,-15.62057753411994,-47.82249735481444,2024-08,2024,5vko38upBHfejhJTseJjMQ,285.18728695297517,© Google,OK,9_9,197344.96478898037,8271026.816808969,0a1712cdf631ff8a9c9ba202be34fbe3cc6a9ce1,cardinal,4,1,90_deg_east,cardinal,90,0,90,640,640,8,batch_0008,58,datasets/df_2024_proportional/batch_0008/images/0a1712cdf631ff8a9c9ba202be34fbe3cc6a9ce1.jpg,https://raw.githubusercontent.com/GUIA-DD/dataset-streetview/refs/heads/main/datasets/df_2024_proportional/batch_0008/images/0a1712cdf631ff8a9c9ba202be34fbe3cc6a9ce1.jpg,True,downloaded,
1557b676ff9411c69290071866c41aa5e36b78f4,4c104bd7563d1e537c41fccaf7fed4366c5c6c11,-15.62056115188847,-47.822524551569614,-15.62057753411994,-47.82249735481444,2024-08,2024,5vko38upBHfejhJTseJjMQ,285.18728695297517,© Google,OK,9_9,197344.96478898037,8271026.816808969,19de52ea7066d10f23e2bbd35ff8c6fc98848a10,cardinal,4,2,180_deg_south,cardinal,180,0,90,640,640,8,batch_0008,59,datasets/df_2024_proportional/batch_0008/images/19de52ea7066d10f23e2bbd35ff8c6fc98848a10.jpg,https://raw.githubusercontent.com/GUIA-DD/dataset-streetview/refs/heads/main/datasets/df_2024_proportional/batch_0008/images/19de52ea7066d10f23e2bbd35ff8c6fc98848a10.jpg,True,downloaded,
1557b676ff9411c69290071866c41aa5e36b78f4,4c104bd7563d1e537c41fccaf7fed4366c5c6c11,-15.62056115188847,-47.822524551569614,-15.62057753411994,-47.82249735481444,2024-08,2024,5vko38upBHfejhJTseJjMQ,285.18728695297517,© Google,OK,9_9,197344.96478898037,8271026.816808969,4bf3c8cb1410064c051a1404b5506a3ea048c5d1,cardinal,4,3,270_deg_west,cardinal,270,0,90,640,640,8,batch_0008,60,datasets/df_2024_proportional/batch_0008/images/4bf3c8cb1410064c051a1404b5506a3ea048c5d1.jpg,https://raw.githubusercontent.com/GUIA-DD/dataset-streetview/refs/heads/main/datasets/df_2024_proportional/batch_0008/images/4bf3c8cb1410064c051a1404b5506a3ea048c5d1.jpg,True,downloaded,
15f32bd195d8ba4adb46556c9eae8c3e0f7f5a02,7f56fa486e854c406e33b9f635295b4a7dcd1a77,-15.811842150140334,-47.815012899357995,-15.81182520342502,-47.8149977269149,2024-12,2024,xy3_1GugwM0hCCoKRf_1aw,11.10695218800593,© Google,OK,9_5,198433.08550628257,8249857.665860668,47bd224f693816e21adb677d5d2cf50f4a5ede0c,cardinal,4,0,0_deg_north,cardinal,0,0,90,640,640,8,batch_0008,61,datasets/df_2024_proportional/batch_0008/images/47bd224f693816e21adb677d5d2cf50f4a5ede0c.jpg,https://raw.githubusercontent.com/GUIA-DD/dataset-streetview/refs/heads/main/datasets/df_2024_proportional/batch_0008/images/47bd224f693816e21adb677d5d2cf50f4a5ede0c.jpg,True,downloaded,
15f32bd195d8ba4adb46556c9eae8c3e0f7f5a02,7f56fa486e854c406e33b9f635295b4a7dcd1a77,-15.811842150140334,-47.815012899357995,-15.81182520342502,-47.8149977269149,2024-12,2024,xy3_1GugwM0hCCoKRf_1aw,11.10695218800593,© Google,OK,9_5,198433.08550628257,8249857.665860668,d09675d77904b9223b1ef5a68dd72dbbeffcb873,cardinal,4,1,90_deg_east,cardinal,90,0,90,640,640,8,batch_0008,62,datasets/df_2024_proportional/batch_0008/images/d09675d77904b9223b1ef5a68dd72dbbeffcb873.jpg,https://raw.githubusercontent.com/GUIA-DD/dataset-streetview/refs/heads/main/datasets/df_2024_proportional/batch_0008/images/d09675d77904b9223b1ef5a68dd72dbbeffcb873.jpg,True,downloaded,
15f32bd195d8ba4adb46556c9eae8c3e0f7f5a02,7f56fa486e854c406e33b9f635295b4a7dcd1a77,-15.811842150140334,-47.815012899357995,-15.81182520342502,-47.8149977269149,2024-12,2024,xy3_1GugwM0hCCoKRf_1aw,11.10695218800593,© Google,OK,9_5,198433.08550628257,8249857.665860668,7f076d45664dfb245d92f1b4b6cea5c2b93f4d82,cardinal,4,2,180_deg_south,cardinal,180,0,90,640,640,8,batch_0008,63,datasets/df_2024_proportional/batch_0008/images/7f076d45664dfb245d92f1b4b6cea5c2b93f4d82.jpg,https://raw.githubusercontent.com/GUIA-DD/dataset-streetview/refs/heads/main/datasets/df_2024_proportional/batch_0008/images/7f076d45664dfb245d92f1b4b6cea5c2b93f4d82.jpg,True,downloaded,
15f32bd195d8ba4adb46556c9eae8c3e0f7f5a02,7f56fa486e854c406e33b9f635295b4a7dcd1a77,-15.811842150140334,-47.815012899357995,-15.81182520342502,-47.8149977269149,2024-12,2024,xy3_1GugwM0hCCoKRf_1aw,11.10695218800593,© Google,OK,9_5,198433.08550628257,8249857.665860668,7810408c152dbf8a70f205e7941ec63d977413e5,cardinal,4,3,270_deg_west,cardinal,270,0,90,640,640,8,batch_0008,64,datasets/df_2024_proportional/batch_0008/images/7810408c152dbf8a70f205e7941ec63d977413e5.jpg,https://raw.githubusercontent.com/GUIA-DD/dataset-streetview/refs/heads/main/datasets/df_2024_proportional/batch_0008/images/7810408c152dbf8a70f205e7941ec63d977413e5.jpg,True,downloaded,
171cb11fc91a7e021ef7e50a30438535c4c12b27,93525d9bd2ebfb767984f677de60ddf6f3c7c097,-15.805329192101565,-48.13679556705714,-15.80533606200695,-48.13675489551242,2026-01,2026,To5XiXPOvRx8m3jfYQm7Nw,253.12358569870182,© Google,OK,2_5,163922.32926881444,8250090.300094108,1ef738ef7be403ba8bcb5e331c8f8c16ec435292,cardinal,4,0,0_deg_north,cardinal,0,0,90,640,640,8,batch_0008,65,datasets/df_2024_proportional/batch_0008/images/1ef738ef7be403ba8bcb5e331c8f8c16ec435292.jpg,https://raw.githubusercontent.com/GUIA-DD/dataset-streetview/refs/heads/main/datasets/df_2024_proportional/batch_0008/images/1ef738ef7be403ba8bcb5e331c8f8c16ec435292.jpg,True,downloaded,
171cb11fc91a7e021ef7e50a30438535c4c12b27,93525d9bd2ebfb767984f677de60ddf6f3c7c097,-15.805329192101565,-48.13679556705714,-15.80533606200695,-48.13675489551242,2026-01,2026,To5XiXPOvRx8m3jfYQm7Nw,253.12358569870182,© Google,OK,2_5,163922.32926881444,8250090.300094108,bd83f855e0f7881accc58c1777f56ff039ced63b,cardinal,4,1,90_deg_east,cardinal,90,0,90,640,640,8,batch_0008,66,datasets/df_2024_proportional/batch_0008/images/bd83f855e0f7881accc58c1777f56ff039ced63b.jpg,https://raw.githubusercontent.com/GUIA-DD/dataset-streetview/refs/heads/main/datasets/df_2024_proportional/batch_0008/images/bd83f855e0f7881accc58c1777f56ff039ced63b.jpg,True,downloaded,
171cb11fc91a7e021ef7e50a30438535c4c12b27,93525d9bd2ebfb767984f677de60ddf6f3c7c097,-15.805329192101565,-48.13679556705714,-15.80533606200695,-48.13675489551242,2026-01,2026,To5XiXPOvRx8m3jfYQm7Nw,253.12358569870182,© Google,OK,2_5,163922.32926881444,8250090.300094108,189985d222569e1cfbf5d13c4304a1ff91258ca9,cardinal,4,2,180_deg_south,cardinal,180,0,90,640,640,8,batch_0008,67,datasets/df_2024_proportional/batch_0008/images/189985d222569e1cfbf5d13c4304a1ff91258ca9.jpg,https://raw.githubusercontent.com/GUIA-DD/dataset-streetview/refs/heads/main/datasets/df_2024_proportional/batch_0008/images/189985d222569e1cfbf5d13c4304a1ff91258ca9.jpg,True,downloaded,
171cb11fc91a7e021ef7e50a30438535c4c12b27,93525d9bd2ebfb767984f677de60ddf6f3c7c097,-15.805329192101565,-48.13679556705714,-15.80533606200695,-48.13675489551242,2026-01,2026,To5XiXPOvRx8m3jfYQm7Nw,253.12358569870182,© Google,OK,2_5,163922.32926881444,8250090.300094108,39833fa75f0343bfde7fbbcde888c7e6d14f3b4e,cardinal,4,3,270_deg_west,cardinal,270,0,90,640,640,8,batch_0008,68,datasets/df_2024_proportional/batch_0008/images/39833fa75f0343bfde7fbbcde888c7e6d14f3b4e.jpg,https://raw.githubusercontent.com/GUIA-DD/dataset-streetview/refs/heads/main/datasets/df_2024_proportional/batch_0008/images/39833fa75f0343bfde7fbbcde888c7e6d14f3b4e.jpg,True,downloaded,
1952d1eb25111a5f563169531e5cf18eacf7309a,a5115c820f6133146591a4076af4a5e8229942f8,-15.663328400061573,-48.19426984962705,-15.66330781529605,-48.19428421384816,2024-08,2024,XVJZa_WO3OCGUqdwS_hHWg,5.3514679265151415,© Google,OK,1_8,157521.05456160646,8265725.390184834,1f17432c283e65441d22bc179fd8d98f2eae249c,cardinal,4,0,0_deg_north,cardinal,0,0,90,640,640,8,batch_0008,69,datasets/df_2024_proportional/batch_0008/images/1f17432c283e65441d22bc179fd8d98f2eae249c.jpg,https://raw.githubusercontent.com/GUIA-DD/dataset-streetview/refs/heads/main/datasets/df_2024_proportional/batch_0008/images/1f17432c283e65441d22bc179fd8d98f2eae249c.jpg,True,downloaded,
1952d1eb25111a5f563169531e5cf18eacf7309a,a5115c820f6133146591a4076af4a5e8229942f8,-15.663328400061573,-48.19426984962705,-15.66330781529605,-48.19428421384816,2024-08,2024,XVJZa_WO3OCGUqdwS_hHWg,5.3514679265151415,© Google,OK,1_8,157521.05456160646,8265725.390184834,41e3a2adf0c7d764866829a5eb5431dc263cd4b0,cardinal,4,1,90_deg_east,cardinal,90,0,90,640,640,8,batch_0008,70,datasets/df_2024_proportional/batch_0008/images/41e3a2adf0c7d764866829a5eb5431dc263cd4b0.jpg,https://raw.githubusercontent.com/GUIA-DD/dataset-streetview/refs/heads/main/datasets/df_2024_proportional/batch_0008/images/41e3a2adf0c7d764866829a5eb5431dc263cd4b0.jpg,True,downloaded,
1952d1eb25111a5f563169531e5cf18eacf7309a,a5115c820f6133146591a4076af4a5e8229942f8,-15.663328400061573,-48.19426984962705,-15.66330781529605,-48.19428421384816,2024-08,2024,XVJZa_WO3OCGUqdwS_hHWg,5.3514679265151415,© Google,OK,1_8,157521.05456160646,8265725.390184834,381bb5c9b76cf82234f4097b81f0107a1e7b0e1e,cardinal,4,2,180_deg_south,cardinal,180,0,90,640,640,8,batch_0008,71,datasets/df_2024_proportional/batch_0008/images/381bb5c9b76cf82234f4097b81f0107a1e7b0e1e.jpg,https://raw.githubusercontent.com/GUIA-DD/dataset-streetview/refs/heads/main/datasets/df_2024_proportional/batch_0008/images/381bb5c9b76cf82234f4097b81f0107a1e7b0e1e.jpg,True,downloaded,
1952d1eb25111a5f563169531e5cf18eacf7309a,a5115c820f6133146591a4076af4a5e8229942f8,-15.663328400061573,-48.19426984962705,-15.66330781529605,-48.19428421384816,2024-08,2024,XVJZa_WO3OCGUqdwS_hHWg,5.3514679265151415,© Google,OK,1_8,157521.05456160646,8265725.390184834,f035c04ba14438bc9aa158d2d59e88f4f863f7bd,cardinal,4,3,270_deg_west,cardinal,270,0,90,640,640,8,batch_0008,72,datasets/df_2024_proportional/batch_0008/images/f035c04ba14438bc9aa158d2d59e88f4f863f7bd.jpg,https://raw.githubusercontent.com/GUIA-DD/dataset-streetview/refs/heads/main/datasets/df_2024_proportional/batch_0008/images/f035c04ba14438bc9aa158d2d59e88f4f863f7bd.jpg,True,downloaded,
19cfdbdb4b940fb05562aef2657a96703c65dcd9,134be7770dcf7d6da1e5a4f63355433d8a9b0d6c,-15.84502953423029,-47.89486145553889,-15.84504158001637,-47.89487404748541,2025-01,2025,tnVJL1w42nnPOQd4ehBOOQ,250.41506304159765,© Google,OK,8_4,189923.594730086,8246066.381751325,28666798ee98e7fc922f0263e40e8ea8ea8316f5,cardinal,4,0,0_deg_north,cardinal,0,0,90,640,640,8,batch_0008,73,datasets/df_2024_proportional/batch_0008/images/28666798ee98e7fc922f0263e40e8ea8ea8316f5.jpg,https://raw.githubusercontent.com/GUIA-DD/dataset-streetview/refs/heads/main/datasets/df_2024_proportional/batch_0008/images/28666798ee98e7fc922f0263e40e8ea8ea8316f5.jpg,True,downloaded,
19cfdbdb4b940fb05562aef2657a96703c65dcd9,134be7770dcf7d6da1e5a4f63355433d8a9b0d6c,-15.84502953423029,-47.89486145553889,-15.84504158001637,-47.89487404748541,2025-01,2025,tnVJL1w42nnPOQd4ehBOOQ,250.41506304159765,© Google,OK,8_4,189923.594730086,8246066.381751325,981b8c4a7ec21bb62384c65cd87eab48b1f1ea63,cardinal,4,1,90_deg_east,cardinal,90,0,90,640,640,8,batch_0008,74,datasets/df_2024_proportional/batch_0008/images/981b8c4a7ec21bb62384c65cd87eab48b1f1ea63.jpg,https://raw.githubusercontent.com/GUIA-DD/dataset-streetview/refs/heads/main/datasets/df_2024_proportional/batch_0008/images/981b8c4a7ec21bb62384c65cd87eab48b1f1ea63.jpg,True,downloaded,
19cfdbdb4b940fb05562aef2657a96703c65dcd9,134be7770dcf7d6da1e5a4f63355433d8a9b0d6c,-15.84502953423029,-47.89486145553889,-15.84504158001637,-47.89487404748541,2025-01,2025,tnVJL1w42nnPOQd4ehBOOQ,250.41506304159765,© Google,OK,8_4,189923.594730086,8246066.381751325,aa975fc3b3c1489a893c9da9d348227a0fa9806e,cardinal,4,2,180_deg_south,cardinal,180,0,90,640,640,8,batch_0008,75,datasets/df_2024_proportional/batch_0008/images/aa975fc3b3c1489a893c9da9d348227a0fa9806e.jpg,https://raw.githubusercontent.com/GUIA-DD/dataset-streetview/refs/heads/main/datasets/df_2024_proportional/batch_0008/images/aa975fc3b3c1489a893c9da9d348227a0fa9806e.jpg,True,downloaded,
19cfdbdb4b940fb05562aef2657a96703c65dcd9,134be7770dcf7d6da1e5a4f63355433d8a9b0d6c,-15.84502953423029,-47.89486145553889,-15.84504158001637,-47.89487404748541,2025-01,2025,tnVJL1w42nnPOQd4ehBOOQ,250.41506304159765,© Google,OK,8_4,189923.594730086,8246066.381751325,3db1702a19ededfe381b633dfb9faf55e6b6dc7f,cardinal,4,3,270_deg_west,cardinal,270,0,90,640,640,8,batch_0008,76,datasets/df_2024_proportional/batch_0008/images/3db1702a19ededfe381b633dfb9faf55e6b6dc7f.jpg,https://raw.githubusercontent.com/GUIA-DD/dataset-streetview/refs/heads/main/datasets/df_2024_proportional/batch_0008/images/3db1702a19ededfe381b633dfb9faf55e6b6dc7f.jpg,True,downloaded,
1b41c634517fd1259565e4d1cfdac3351f59c51c,f1ad325d5e2701370e5f8fa64ffe2fadf656677c,-15.809386950125345,-48.15359624998132,-15.80935199757333,-48.15360190640063,2026-01,2026,QHQUrY1m1bmw21ODxslFOQ,259.60379292291503,© Google,OK,2_5,162127.48647706077,8249613.914126805,84e984e512147bc2d4fe3bf77b2534640473c2ff,cardinal,4,0,0_deg_north,cardinal,0,0,90,640,640,8,batch_0008,77,datasets/df_2024_proportional/batch_0008/images/84e984e512147bc2d4fe3bf77b2534640473c2ff.jpg,https://raw.githubusercontent.com/GUIA-DD/dataset-streetview/refs/heads/main/datasets/df_2024_proportional/batch_0008/images/84e984e512147bc2d4fe3bf77b2534640473c2ff.jpg,True,downloaded,
1b41c634517fd1259565e4d1cfdac3351f59c51c,f1ad325d5e2701370e5f8fa64ffe2fadf656677c,-15.809386950125345,-48.15359624998132,-15.80935199757333,-48.15360190640063,2026-01,2026,QHQUrY1m1bmw21ODxslFOQ,259.60379292291503,© Google,OK,2_5,162127.48647706077,8249613.914126805,768102b3f0c29925a39142568c3b94ac724677df,cardinal,4,1,90_deg_east,cardinal,90,0,90,640,640,8,batch_0008,78,datasets/df_2024_proportional/batch_0008/images/768102b3f0c29925a39142568c3b94ac724677df.jpg,https://raw.githubusercontent.com/GUIA-DD/dataset-streetview/refs/heads/main/datasets/df_2024_proportional/batch_0008/images/768102b3f0c29925a39142568c3b94ac724677df.jpg,True,downloaded,
1b41c634517fd1259565e4d1cfdac3351f59c51c,f1ad325d5e2701370e5f8fa64ffe2fadf656677c,-15.809386950125345,-48.15359624998132,-15.80935199757333,-48.15360190640063,2026-01,2026,QHQUrY1m1bmw21ODxslFOQ,259.60379292291503,© Google,OK,2_5,162127.48647706077,8249613.914126805,a7cf6f8f19c4d7a36d7a05a9e58914e1f234e5b4,cardinal,4,2,180_deg_south,cardinal,180,0,90,640,640,8,batch_0008,79,datasets/df_2024_proportional/batch_0008/images/a7cf6f8f19c4d7a36d7a05a9e58914e1f234e5b4.jpg,https://raw.githubusercontent.com/GUIA-DD/dataset-streetview/refs/heads/main/datasets/df_2024_proportional/batch_0008/images/a7cf6f8f19c4d7a36d7a05a9e58914e1f234e5b4.jpg,True,downloaded,
1b41c634517fd1259565e4d1cfdac3351f59c51c,f1ad325d5e2701370e5f8fa64ffe2fadf656677c,-15.809386950125345,-48.15359624998132,-15.80935199757333,-48.15360190640063,2026-01,2026,QHQUrY1m1bmw21ODxslFOQ,259.60379292291503,© Google,OK,2_5,162127.48647706077,8249613.914126805,db855e794ec2014a71581eb39af1984a2737641d,cardinal,4,3,270_deg_west,cardinal,270,0,90,640,640,8,batch_0008,80,datasets/df_2024_proportional/batch_0008/images/db855e794ec2014a71581eb39af1984a2737641d.jpg,https://raw.githubusercontent.com/GUIA-DD/dataset-streetview/refs/heads/main/datasets/df_2024_proportional/batch_0008/images/db855e794ec2014a71581eb39af1984a2737641d.jpg,True,downloaded,
1babce1f1fcd3f80e1157376683f61f3d7225082,1cc4f69c7b54042e5cafcde7d9aa843677fdfba5,-15.880981249999941,-48.08999715000165,-15.88101334910458,-48.08999943952027,2025-06,2025,uYFyj2Lj_Pv0fTFZaiXA4w,164.49986846284366,© Google,OK,4_3,169064.01617547625,8241786.123330446,b6af252543cdd758748609a714dca77232f309b4,cardinal,4,0,0_deg_north,cardinal,0,0,90,640,640,8,batch_0008,81,datasets/df_2024_proportional/batch_0008/images/b6af252543cdd758748609a714dca77232f309b4.jpg,https://raw.githubusercontent.com/GUIA-DD/dataset-streetview/refs/heads/main/datasets/df_2024_proportional/batch_0008/images/b6af252543cdd758748609a714dca77232f309b4.jpg,True,downloaded,
1babce1f1fcd3f80e1157376683f61f3d7225082,1cc4f69c7b54042e5cafcde7d9aa843677fdfba5,-15.880981249999941,-48.08999715000165,-15.88101334910458,-48.08999943952027,2025-06,2025,uYFyj2Lj_Pv0fTFZaiXA4w,164.49986846284366,© Google,OK,4_3,169064.01617547625,8241786.123330446,995be64d27d6f7adea87128939ad18bcbe1b669f,cardinal,4,1,90_deg_east,cardinal,90,0,90,640,640,8,batch_0008,82,datasets/df_2024_proportional/batch_0008/images/995be64d27d6f7adea87128939ad18bcbe1b669f.jpg,https://raw.githubusercontent.com/GUIA-DD/dataset-streetview/refs/heads/main/datasets/df_2024_proportional/batch_0008/images/995be64d27d6f7adea87128939ad18bcbe1b669f.jpg,True,downloaded,
1babce1f1fcd3f80e1157376683f61f3d7225082,1cc4f69c7b54042e5cafcde7d9aa843677fdfba5,-15.880981249999941,-48.08999715000165,-15.88101334910458,-48.08999943952027,2025-06,2025,uYFyj2Lj_Pv0fTFZaiXA4w,164.49986846284366,© Google,OK,4_3,169064.01617547625,8241786.123330446,02d372102703f35ab488677e14018c1ec589af28,cardinal,4,2,180_deg_south,cardinal,180,0,90,640,640,8,batch_0008,83,datasets/df_2024_proportional/batch_0008/images/02d372102703f35ab488677e14018c1ec589af28.jpg,https://raw.githubusercontent.com/GUIA-DD/dataset-streetview/refs/heads/main/datasets/df_2024_proportional/batch_0008/images/02d372102703f35ab488677e14018c1ec589af28.jpg,True,downloaded,
1babce1f1fcd3f80e1157376683f61f3d7225082,1cc4f69c7b54042e5cafcde7d9aa843677fdfba5,-15.880981249999941,-48.08999715000165,-15.88101334910458,-48.08999943952027,2025-06,2025,uYFyj2Lj_Pv0fTFZaiXA4w,164.49986846284366,© Google,OK,4_3,169064.01617547625,8241786.123330446,459fc4635c2cbb811030fa359dac544b0c2d0092,cardinal,4,3,270_deg_west,cardinal,270,0,90,640,640,8,batch_0008,84,datasets/df_2024_proportional/batch_0008/images/459fc4635c2cbb811030fa359dac544b0c2d0092.jpg,https://raw.githubusercontent.com/GUIA-DD/dataset-streetview/refs/heads/main/datasets/df_2024_proportional/batch_0008/images/459fc4635c2cbb811030fa359dac544b0c2d0092.jpg,True,downloaded,
1d27f57a67b0af1dd41de5341183056afbb245e8,b1381a41bc05a5b163a0c4fd82e3cb4e77b1f9fd,-16.025865450013022,-48.021031550075044,-16.02590091192648,-48.02102282219725,2025-01,2025,tAmMxNK3gwu-HgUHMauvFw,325.6602232591021,© Google,OK,5_0,176688.85358697633,8225848.830382284,cd80f28cdee9725421c898be4f3b3633a484c213,cardinal,4,0,0_deg_north,cardinal,0,0,90,640,640,8,batch_0008,85,datasets/df_2024_proportional/batch_0008/images/cd80f28cdee9725421c898be4f3b3633a484c213.jpg,https://raw.githubusercontent.com/GUIA-DD/dataset-streetview/refs/heads/main/datasets/df_2024_proportional/batch_0008/images/cd80f28cdee9725421c898be4f3b3633a484c213.jpg,True,downloaded,
1d27f57a67b0af1dd41de5341183056afbb245e8,b1381a41bc05a5b163a0c4fd82e3cb4e77b1f9fd,-16.025865450013022,-48.021031550075044,-16.02590091192648,-48.02102282219725,2025-01,2025,tAmMxNK3gwu-HgUHMauvFw,325.6602232591021,© Google,OK,5_0,176688.85358697633,8225848.830382284,1eb006eb969991e269d06efa16ab5cbd124f2903,cardinal,4,1,90_deg_east,cardinal,90,0,90,640,640,8,batch_0008,86,datasets/df_2024_proportional/batch_0008/images/1eb006eb969991e269d06efa16ab5cbd124f2903.jpg,https://raw.githubusercontent.com/GUIA-DD/dataset-streetview/refs/heads/main/datasets/df_2024_proportional/batch_0008/images/1eb006eb969991e269d06efa16ab5cbd124f2903.jpg,True,downloaded,
1d27f57a67b0af1dd41de5341183056afbb245e8,b1381a41bc05a5b163a0c4fd82e3cb4e77b1f9fd,-16.025865450013022,-48.021031550075044,-16.02590091192648,-48.02102282219725,2025-01,2025,tAmMxNK3gwu-HgUHMauvFw,325.6602232591021,© Google,OK,5_0,176688.85358697633,8225848.830382284,e666bf7c91bf7c98cfd785461812e7c647648fb1,cardinal,4,2,180_deg_south,cardinal,180,0,90,640,640,8,batch_0008,87,datasets/df_2024_proportional/batch_0008/images/e666bf7c91bf7c98cfd785461812e7c647648fb1.jpg,https://raw.githubusercontent.com/GUIA-DD/dataset-streetview/refs/heads/main/datasets/df_2024_proportional/batch_0008/images/e666bf7c91bf7c98cfd785461812e7c647648fb1.jpg,True,downloaded,
1d27f57a67b0af1dd41de5341183056afbb245e8,b1381a41bc05a5b163a0c4fd82e3cb4e77b1f9fd,-16.025865450013022,-48.021031550075044,-16.02590091192648,-48.02102282219725,2025-01,2025,tAmMxNK3gwu-HgUHMauvFw,325.6602232591021,© Google,OK,5_0,176688.85358697633,8225848.830382284,6321510623eb26f20f473d88285f6f3d64acaf77,cardinal,4,3,270_deg_west,cardinal,270,0,90,640,640,8,batch_0008,88,datasets/df_2024_proportional/batch_0008/images/6321510623eb26f20f473d88285f6f3d64acaf77.jpg,https://raw.githubusercontent.com/GUIA-DD/dataset-streetview/refs/heads/main/datasets/df_2024_proportional/batch_0008/images/6321510623eb26f20f473d88285f6f3d64acaf77.jpg,True,downloaded,
1d38b0076e5c2dcbaf77f8ddf42706936fbd4a39,2786addd436ac08245c8674e144795b4e4356db9,-15.824754690040878,-47.95196459838233,-15.82474881977346,-47.95191919058313,2024-06,2024,8qOWpkDGlFSCgmKakOu1gg,278.2370887153252,© Google,OK,6_5,183770.9365753178,8248226.241171809,9b147a917795c7d4f407cef0129d2d96dfe1aebb,cardinal,4,0,0_deg_north,cardinal,0,0,90,640,640,8,batch_0008,89,datasets/df_2024_proportional/batch_0008/images/9b147a917795c7d4f407cef0129d2d96dfe1aebb.jpg,https://raw.githubusercontent.com/GUIA-DD/dataset-streetview/refs/heads/main/datasets/df_2024_proportional/batch_0008/images/9b147a917795c7d4f407cef0129d2d96dfe1aebb.jpg,True,downloaded,
1d38b0076e5c2dcbaf77f8ddf42706936fbd4a39,2786addd436ac08245c8674e144795b4e4356db9,-15.824754690040878,-47.95196459838233,-15.82474881977346,-47.95191919058313,2024-06,2024,8qOWpkDGlFSCgmKakOu1gg,278.2370887153252,© Google,OK,6_5,183770.9365753178,8248226.241171809,59c09d0518844926fe0591e2301b46994c4f5899,cardinal,4,1,90_deg_east,cardinal,90,0,90,640,640,8,batch_0008,90,datasets/df_2024_proportional/batch_0008/images/59c09d0518844926fe0591e2301b46994c4f5899.jpg,https://raw.githubusercontent.com/GUIA-DD/dataset-streetview/refs/heads/main/datasets/df_2024_proportional/batch_0008/images/59c09d0518844926fe0591e2301b46994c4f5899.jpg,True,downloaded,
1d38b0076e5c2dcbaf77f8ddf42706936fbd4a39,2786addd436ac08245c8674e144795b4e4356db9,-15.824754690040878,-47.95196459838233,-15.82474881977346,-47.95191919058313,2024-06,2024,8qOWpkDGlFSCgmKakOu1gg,278.2370887153252,© Google,OK,6_5,183770.9365753178,8248226.241171809,1a37beba3dac4ce8cfba62c00ed270ccc038cb8f,cardinal,4,2,180_deg_south,cardinal,180,0,90,640,640,8,batch_0008,91,datasets/df_2024_proportional/batch_0008/images/1a37beba3dac4ce8cfba62c00ed270ccc038cb8f.jpg,https://raw.githubusercontent.com/GUIA-DD/dataset-streetview/refs/heads/main/datasets/df_2024_proportional/batch_0008/images/1a37beba3dac4ce8cfba62c00ed270ccc038cb8f.jpg,True,downloaded,
1d38b0076e5c2dcbaf77f8ddf42706936fbd4a39,2786addd436ac08245c8674e144795b4e4356db9,-15.824754690040878,-47.95196459838233,-15.82474881977346,-47.95191919058313,2024-06,2024,8qOWpkDGlFSCgmKakOu1gg,278.2370887153252,© Google,OK,6_5,183770.9365753178,8248226.241171809,9bc460831bc9276e816b91fcf5994f422746761b,cardinal,4,3,270_deg_west,cardinal,270,0,90,640,640,8,batch_0008,92,datasets/df_2024_proportional/batch_0008/images/9bc460831bc9276e816b91fcf5994f422746761b.jpg,https://raw.githubusercontent.com/GUIA-DD/dataset-streetview/refs/heads/main/datasets/df_2024_proportional/batch_0008/images/9bc460831bc9276e816b91fcf5994f422746761b.jpg,True,downloaded,
1ddafc6ed1f0c587c93406710894f1ed3df38793,e494f744ea37fe8b6bcd8b1eddabc28c02c4afb4,-15.804501041825361,-48.165846711096805,-15.80449130654244,-48.1659353677694,2026-01,2026,12x8UuTBqNFPf4vaCN76Pg,76.71273222018172,© Google,OK,2_5,160805.68972387904,8250135.307481588,eb3264ef6ea4017a93c12467225563b2f6438c6f,cardinal,4,0,0_deg_north,cardinal,0,0,90,640,640,8,batch_0008,93,datasets/df_2024_proportional/batch_0008/images/eb3264ef6ea4017a93c12467225563b2f6438c6f.jpg,https://raw.githubusercontent.com/GUIA-DD/dataset-streetview/refs/heads/main/datasets/df_2024_proportional/batch_0008/images/eb3264ef6ea4017a93c12467225563b2f6438c6f.jpg,True,downloaded,
1ddafc6ed1f0c587c93406710894f1ed3df38793,e494f744ea37fe8b6bcd8b1eddabc28c02c4afb4,-15.804501041825361,-48.165846711096805,-15.80449130654244,-48.1659353677694,2026-01,2026,12x8UuTBqNFPf4vaCN76Pg,76.71273222018172,© Google,OK,2_5,160805.68972387904,8250135.307481588,49fd4cb182de77ba2e97964399c4be575b84ca8b,cardinal,4,1,90_deg_east,cardinal,90,0,90,640,640,8,batch_0008,94,datasets/df_2024_proportional/batch_0008/images/49fd4cb182de77ba2e97964399c4be575b84ca8b.jpg,https://raw.githubusercontent.com/GUIA-DD/dataset-streetview/refs/heads/main/datasets/df_2024_proportional/batch_0008/images/49fd4cb182de77ba2e97964399c4be575b84ca8b.jpg,True,downloaded,
1ddafc6ed1f0c587c93406710894f1ed3df38793,e494f744ea37fe8b6bcd8b1eddabc28c02c4afb4,-15.804501041825361,-48.165846711096805,-15.80449130654244,-48.1659353677694,2026-01,2026,12x8UuTBqNFPf4vaCN76Pg,76.71273222018172,© Google,OK,2_5,160805.68972387904,8250135.307481588,cabeadfc9f7d6d4635d686225abf5e77ebef5150,cardinal,4,2,180_deg_south,cardinal,180,0,90,640,640,8,batch_0008,95,datasets/df_2024_proportional/batch_0008/images/cabeadfc9f7d6d4635d686225abf5e77ebef5150.jpg,https://raw.githubusercontent.com/GUIA-DD/dataset-streetview/refs/heads/main/datasets/df_2024_proportional/batch_0008/images/cabeadfc9f7d6d4635d686225abf5e77ebef5150.jpg,True,downloaded,
1ddafc6ed1f0c587c93406710894f1ed3df38793,e494f744ea37fe8b6bcd8b1eddabc28c02c4afb4,-15.804501041825361,-48.165846711096805,-15.80449130654244,-48.1659353677694,2026-01,2026,12x8UuTBqNFPf4vaCN76Pg,76.71273222018172,© Google,OK,2_5,160805.68972387904,8250135.307481588,fac5172d283165479b9f3eae3c56d172817c65b8,cardinal,4,3,270_deg_west,cardinal,270,0,90,640,640,8,batch_0008,96,datasets/df_2024_proportional/batch_0008/images/fac5172d283165479b9f3eae3c56d172817c65b8.jpg,https://raw.githubusercontent.com/GUIA-DD/dataset-streetview/refs/heads/main/datasets/df_2024_proportional/batch_0008/images/fac5172d283165479b9f3eae3c56d172817c65b8.jpg,True,downloaded,
1e9f607dea61efc22d5ee02f8852b0eb47d1e298,9033dd552c3318f8a51085041e276199ecded5e9,-15.82039963516436,-48.08373505487185,-15.82041544289798,-48.08372888468499,2024-07,2024,JF_8iRnWRAXrYEiSGnVtRg,71.47172986509125,© Google,OK,4_5,169636.50872272137,8248505.457383488,b0d9cc3a7b1f6e446b43d51529f95f12279feec8,cardinal,4,0,0_deg_north,cardinal,0,0,90,640,640,8,batch_0008,97,datasets/df_2024_proportional/batch_0008/images/b0d9cc3a7b1f6e446b43d51529f95f12279feec8.jpg,https://raw.githubusercontent.com/GUIA-DD/dataset-streetview/refs/heads/main/datasets/df_2024_proportional/batch_0008/images/b0d9cc3a7b1f6e446b43d51529f95f12279feec8.jpg,True,downloaded,
1e9f607dea61efc22d5ee02f8852b0eb47d1e298,9033dd552c3318f8a51085041e276199ecded5e9,-15.82039963516436,-48.08373505487185,-15.82041544289798,-48.08372888468499,2024-07,2024,JF_8iRnWRAXrYEiSGnVtRg,71.47172986509125,© Google,OK,4_5,169636.50872272137,8248505.457383488,bae162a3d606f7c9081d499002140fb3c9eab70e,cardinal,4,1,90_deg_east,cardinal,90,0,90,640,640,8,batch_0008,98,datasets/df_2024_proportional/batch_0008/images/bae162a3d606f7c9081d499002140fb3c9eab70e.jpg,https://raw.githubusercontent.com/GUIA-DD/dataset-streetview/refs/heads/main/datasets/df_2024_proportional/batch_0008/images/bae162a3d606f7c9081d499002140fb3c9eab70e.jpg,True,downloaded,
1e9f607dea61efc22d5ee02f8852b0eb47d1e298,9033dd552c3318f8a51085041e276199ecded5e9,-15.82039963516436,-48.08373505487185,-15.82041544289798,-48.08372888468499,2024-07,2024,JF_8iRnWRAXrYEiSGnVtRg,71.47172986509125,© Google,OK,4_5,169636.50872272137,8248505.457383488,9a92e352da8e5c96a0c1a25b79fe6f13b914e8ee,cardinal,4,2,180_deg_south,cardinal,180,0,90,640,640,8,batch_0008,99,datasets/df_2024_proportional/batch_0008/images/9a92e352da8e5c96a0c1a25b79fe6f13b914e8ee.jpg,https://raw.githubusercontent.com/GUIA-DD/dataset-streetview/refs/heads/main/datasets/df_2024_proportional/batch_0008/images/9a92e352da8e5c96a0c1a25b79fe6f13b914e8ee.jpg,True,downloaded,
1e9f607dea61efc22d5ee02f8852b0eb47d1e298,9033dd552c3318f8a51085041e276199ecded5e9,-15.82039963516436,-48.08373505487185,-15.82041544289798,-48.08372888468499,2024-07,2024,JF_8iRnWRAXrYEiSGnVtRg,71.47172986509125,© Google,OK,4_5,169636.50872272137,8248505.457383488,59a2330441db18a49c24f8a702ebeae5956882a8,cardinal,4,3,270_deg_west,cardinal,270,0,90,640,640,8,batch_0008,100,datasets/df_2024_proportional/batch_0008/images/59a2330441db18a49c24f8a702ebeae5956882a8.jpg,https://raw.githubusercontent.com/GUIA-DD/dataset-streetview/refs/heads/main/datasets/df_2024_proportional/batch_0008/images/59a2330441db18a49c24f8a702ebeae5956882a8.jpg,True,downloaded,
1eca3fa46bc630f1543d74df44329c8d0ff73598,c77c31ae1be9cf982c12323428df9a0f40a47832,-15.949820350000236,-47.78959019999678,-15.94983957863703,-47.78964682046497,2025-01,2025,qH0AzjeX7wgCh6nAtXcWkg,357.7598770612028,© Google,OK,10_2,201362.12913475893,8234616.3087437935,490592488b8d34c0fba06bffd2e980a25a78cad7,cardinal,4,0,0_deg_north,cardinal,0,0,90,640,640,8,batch_0008,101,datasets/df_2024_proportional/batch_0008/images/490592488b8d34c0fba06bffd2e980a25a78cad7.jpg,https://raw.githubusercontent.com/GUIA-DD/dataset-streetview/refs/heads/main/datasets/df_2024_proportional/batch_0008/images/490592488b8d34c0fba06bffd2e980a25a78cad7.jpg,True,downloaded,
1eca3fa46bc630f1543d74df44329c8d0ff73598,c77c31ae1be9cf982c12323428df9a0f40a47832,-15.949820350000236,-47.78959019999678,-15.94983957863703,-47.78964682046497,2025-01,2025,qH0AzjeX7wgCh6nAtXcWkg,357.7598770612028,© Google,OK,10_2,201362.12913475893,8234616.3087437935,1de79e650596cfed84de09c33673c309b4105986,cardinal,4,1,90_deg_east,cardinal,90,0,90,640,640,8,batch_0008,102,datasets/df_2024_proportional/batch_0008/images/1de79e650596cfed84de09c33673c309b4105986.jpg,https://raw.githubusercontent.com/GUIA-DD/dataset-streetview/refs/heads/main/datasets/df_2024_proportional/batch_0008/images/1de79e650596cfed84de09c33673c309b4105986.jpg,True,downloaded,
1eca3fa46bc630f1543d74df44329c8d0ff73598,c77c31ae1be9cf982c12323428df9a0f40a47832,-15.949820350000236,-47.78959019999678,-15.94983957863703,-47.78964682046497,2025-01,2025,qH0AzjeX7wgCh6nAtXcWkg,357.7598770612028,© Google,OK,10_2,201362.12913475893,8234616.3087437935,577e695e27188927581e5eade22eed7dc1b87c61,cardinal,4,2,180_deg_south,cardinal,180,0,90,640,640,8,batch_0008,103,datasets/df_2024_proportional/batch_0008/images/577e695e27188927581e5eade22eed7dc1b87c61.jpg,https://raw.githubusercontent.com/GUIA-DD/dataset-streetview/refs/heads/main/datasets/df_2024_proportional/batch_0008/images/577e695e27188927581e5eade22eed7dc1b87c61.jpg,True,downloaded,
1eca3fa46bc630f1543d74df44329c8d0ff73598,c77c31ae1be9cf982c12323428df9a0f40a47832,-15.949820350000236,-47.78959019999678,-15.94983957863703,-47.78964682046497,2025-01,2025,qH0AzjeX7wgCh6nAtXcWkg,357.7598770612028,© Google,OK,10_2,201362.12913475893,8234616.3087437935,1e4e5e5b0e92cd3d9edbd90dd674917295b21c52,cardinal,4,3,270_deg_west,cardinal,270,0,90,640,640,8,batch_0008,104,datasets/df_2024_proportional/batch_0008/images/1e4e5e5b0e92cd3d9edbd90dd674917295b21c52.jpg,https://raw.githubusercontent.com/GUIA-DD/dataset-streetview/refs/heads/main/datasets/df_2024_proportional/batch_0008/images/1e4e5e5b0e92cd3d9edbd90dd674917295b21c52.jpg,True,downloaded,
1f390fcd2f87ccfb16b55b3ae03e01028dbf79af,b081dc9c06954e7ab8a3960a9097a946d06650cf,-15.810491400090077,-47.989362600045354,-15.8104803240324,-47.98935643699827,2024-06,2024,yeC-dWmeTBcSreKpwpzoLQ,97.3866131763444,© Google,OK,6_5,179739.09544504274,8249749.043538334,2aba68ff78ad774a7c96b3ec5dfd0752cdec3ca7,cardinal,4,0,0_deg_north,cardinal,0,0,90,640,640,8,batch_0008,105,datasets/df_2024_proportional/batch_0008/images/2aba68ff78ad774a7c96b3ec5dfd0752cdec3ca7.jpg,https://raw.githubusercontent.com/GUIA-DD/dataset-streetview/refs/heads/main/datasets/df_2024_proportional/batch_0008/images/2aba68ff78ad774a7c96b3ec5dfd0752cdec3ca7.jpg,True,downloaded,
1f390fcd2f87ccfb16b55b3ae03e01028dbf79af,b081dc9c06954e7ab8a3960a9097a946d06650cf,-15.810491400090077,-47.989362600045354,-15.8104803240324,-47.98935643699827,2024-06,2024,yeC-dWmeTBcSreKpwpzoLQ,97.3866131763444,© Google,OK,6_5,179739.09544504274,8249749.043538334,7b7be95000be6e6d78fce58f93a1c6b91086f579,cardinal,4,1,90_deg_east,cardinal,90,0,90,640,640,8,batch_0008,106,datasets/df_2024_proportional/batch_0008/images/7b7be95000be6e6d78fce58f93a1c6b91086f579.jpg,https://raw.githubusercontent.com/GUIA-DD/dataset-streetview/refs/heads/main/datasets/df_2024_proportional/batch_0008/images/7b7be95000be6e6d78fce58f93a1c6b91086f579.jpg,True,downloaded,
1f390fcd2f87ccfb16b55b3ae03e01028dbf79af,b081dc9c06954e7ab8a3960a9097a946d06650cf,-15.810491400090077,-47.989362600045354,-15.8104803240324,-47.98935643699827,2024-06,2024,yeC-dWmeTBcSreKpwpzoLQ,97.3866131763444,© Google,OK,6_5,179739.09544504274,8249749.043538334,e7c2c0940ad99c01b7b332a08b838beb8081acfa,cardinal,4,2,180_deg_south,cardinal,180,0,90,640,640,8,batch_0008,107,datasets/df_2024_proportional/batch_0008/images/e7c2c0940ad99c01b7b332a08b838beb8081acfa.jpg,https://raw.githubusercontent.com/GUIA-DD/dataset-streetview/refs/heads/main/datasets/df_2024_proportional/batch_0008/images/e7c2c0940ad99c01b7b332a08b838beb8081acfa.jpg,True,downloaded,
1f390fcd2f87ccfb16b55b3ae03e01028dbf79af,b081dc9c06954e7ab8a3960a9097a946d06650cf,-15.810491400090077,-47.989362600045354,-15.8104803240324,-47.98935643699827,2024-06,2024,yeC-dWmeTBcSreKpwpzoLQ,97.3866131763444,© Google,OK,6_5,179739.09544504274,8249749.043538334,4723a3a488ee7de2a10c1c1a9416303e1e2c41cc,cardinal,4,3,270_deg_west,cardinal,270,0,90,640,640,8,batch_0008,108,datasets/df_2024_proportional/batch_0008/images/4723a3a488ee7de2a10c1c1a9416303e1e2c41cc.jpg,https://raw.githubusercontent.com/GUIA-DD/dataset-streetview/refs/heads/main/datasets/df_2024_proportional/batch_0008/images/4723a3a488ee7de2a10c1c1a9416303e1e2c41cc.jpg,True,downloaded,
203dd60cbe033c214c1b5d59145eadd6da5c86e4,4bda92d0400fcb74cfbaa02dc09a7ef8191cb24b,-16.022143450005288,-48.01862950002882,-16.02213952789376,-48.01864447541244,2025-01,2025,UCk4iAaZXQEGerBYOwi5bg,324.8073076430428,© Google,OK,5_0,176940.12413900526,8226264.773173617,1074b7664a532f3ec0047686d33c532f4f727c86,cardinal,4,0,0_deg_north,cardinal,0,0,90,640,640,8,batch_0008,109,datasets/df_2024_proportional/batch_0008/images/1074b7664a532f3ec0047686d33c532f4f727c86.jpg,https://raw.githubusercontent.com/GUIA-DD/dataset-streetview/refs/heads/main/datasets/df_2024_proportional/batch_0008/images/1074b7664a532f3ec0047686d33c532f4f727c86.jpg,True,downloaded,
203dd60cbe033c214c1b5d59145eadd6da5c86e4,4bda92d0400fcb74cfbaa02dc09a7ef8191cb24b,-16.022143450005288,-48.01862950002882,-16.02213952789376,-48.01864447541244,2025-01,2025,UCk4iAaZXQEGerBYOwi5bg,324.8073076430428,© Google,OK,5_0,176940.12413900526,8226264.773173617,3f5dd83920bb0c2e72062d4de79afb52391ab269,cardinal,4,1,90_deg_east,cardinal,90,0,90,640,640,8,batch_0008,110,datasets/df_2024_proportional/batch_0008/images/3f5dd83920bb0c2e72062d4de79afb52391ab269.jpg,https://raw.githubusercontent.com/GUIA-DD/dataset-streetview/refs/heads/main/datasets/df_2024_proportional/batch_0008/images/3f5dd83920bb0c2e72062d4de79afb52391ab269.jpg,True,downloaded,
203dd60cbe033c214c1b5d59145eadd6da5c86e4,4bda92d0400fcb74cfbaa02dc09a7ef8191cb24b,-16.022143450005288,-48.01862950002882,-16.02213952789376,-48.01864447541244,2025-01,2025,UCk4iAaZXQEGerBYOwi5bg,324.8073076430428,© Google,OK,5_0,176940.12413900526,8226264.773173617,a8fcd65e1831b933607e8daa1f314ab3ea709b29,cardinal,4,2,180_deg_south,cardinal,180,0,90,640,640,8,batch_0008,111,datasets/df_2024_proportional/batch_0008/images/a8fcd65e1831b933607e8daa1f314ab3ea709b29.jpg,https://raw.githubusercontent.com/GUIA-DD/dataset-streetview/refs/heads/main/datasets/df_2024_proportional/batch_0008/images/a8fcd65e1831b933607e8daa1f314ab3ea709b29.jpg,True,downloaded,
203dd60cbe033c214c1b5d59145eadd6da5c86e4,4bda92d0400fcb74cfbaa02dc09a7ef8191cb24b,-16.022143450005288,-48.01862950002882,-16.02213952789376,-48.01864447541244,2025-01,2025,UCk4iAaZXQEGerBYOwi5bg,324.8073076430428,© Google,OK,5_0,176940.12413900526,8226264.773173617,127d765889dc103340d219219349147b29c88641,cardinal,4,3,270_deg_west,cardinal,270,0,90,640,640,8,batch_0008,112,datasets/df_2024_proportional/batch_0008/images/127d765889dc103340d219219349147b29c88641.jpg,https://raw.githubusercontent.com/GUIA-DD/dataset-streetview/refs/heads/main/datasets/df_2024_proportional/batch_0008/images/127d765889dc103340d219219349147b29c88641.jpg,True,downloaded,
2078f5a2f6685ca57be372622e66c2b5062f7338,75b94e09a3baba3860d2d227e7a053bec45faab3,-16.02964950005058,-48.079622249887514,-16.02967294112837,-48.07966898730103,2025-05,2025,u-7_fImOWakkyW6t1OfsWw,31.161797769203016,© Google,OK,4_0,170419.58880082623,8225337.419308735,4b59f7d1a0abf114b327d7a3b08b403d7848e27e,cardinal,4,0,0_deg_north,cardinal,0,0,90,640,640,8,batch_0008,113,datasets/df_2024_proportional/batch_0008/images/4b59f7d1a0abf114b327d7a3b08b403d7848e27e.jpg,https://raw.githubusercontent.com/GUIA-DD/dataset-streetview/refs/heads/main/datasets/df_2024_proportional/batch_0008/images/4b59f7d1a0abf114b327d7a3b08b403d7848e27e.jpg,True,downloaded,
2078f5a2f6685ca57be372622e66c2b5062f7338,75b94e09a3baba3860d2d227e7a053bec45faab3,-16.02964950005058,-48.079622249887514,-16.02967294112837,-48.07966898730103,2025-05,2025,u-7_fImOWakkyW6t1OfsWw,31.161797769203016,© Google,OK,4_0,170419.58880082623,8225337.419308735,27d8a468ad56f06ef5e5a131dcfbdd408e612aac,cardinal,4,1,90_deg_east,cardinal,90,0,90,640,640,8,batch_0008,114,datasets/df_2024_proportional/batch_0008/images/27d8a468ad56f06ef5e5a131dcfbdd408e612aac.jpg,https://raw.githubusercontent.com/GUIA-DD/dataset-streetview/refs/heads/main/datasets/df_2024_proportional/batch_0008/images/27d8a468ad56f06ef5e5a131dcfbdd408e612aac.jpg,True,downloaded,
2078f5a2f6685ca57be372622e66c2b5062f7338,75b94e09a3baba3860d2d227e7a053bec45faab3,-16.02964950005058,-48.079622249887514,-16.02967294112837,-48.07966898730103,2025-05,2025,u-7_fImOWakkyW6t1OfsWw,31.161797769203016,© Google,OK,4_0,170419.58880082623,8225337.419308735,623d40b246f03e53b0e663df3ab0a83cba474f71,cardinal,4,2,180_deg_south,cardinal,180,0,90,640,640,8,batch_0008,115,datasets/df_2024_proportional/batch_0008/images/623d40b246f03e53b0e663df3ab0a83cba474f71.jpg,https://raw.githubusercontent.com/GUIA-DD/dataset-streetview/refs/heads/main/datasets/df_2024_proportional/batch_0008/images/623d40b246f03e53b0e663df3ab0a83cba474f71.jpg,True,downloaded,
2078f5a2f6685ca57be372622e66c2b5062f7338,75b94e09a3baba3860d2d227e7a053bec45faab3,-16.02964950005058,-48.079622249887514,-16.02967294112837,-48.07966898730103,2025-05,2025,u-7_fImOWakkyW6t1OfsWw,31.161797769203016,© Google,OK,4_0,170419.58880082623,8225337.419308735,0672d64fbb4203d87eae57c76ec7330fad32d6f7,cardinal,4,3,270_deg_west,cardinal,270,0,90,640,640,8,batch_0008,116,datasets/df_2024_proportional/batch_0008/images/0672d64fbb4203d87eae57c76ec7330fad32d6f7.jpg,https://raw.githubusercontent.com/GUIA-DD/dataset-streetview/refs/heads/main/datasets/df_2024_proportional/batch_0008/images/0672d64fbb4203d87eae57c76ec7330fad32d6f7.jpg,True,downloaded,
20e85f804a13387ce11cf74a51956d5682ab2e70,4ef40f4a20e3ba56f835388ef0249287e97a8535,-15.836728700036161,-48.124389550185526,-15.83701521546448,-48.12428601599191,2026-01,2026,Fpc7vwtB9KLDkKofM3KjFA,323.087003468238,© Google,OK,3_4,165304.40167674396,8246632.506900482,e1e9512970ec6a1fc99547d69473dbbe96854d87,cardinal,4,0,0_deg_north,cardinal,0,0,90,640,640,8,batch_0008,117,datasets/df_2024_proportional/batch_0008/images/e1e9512970ec6a1fc99547d69473dbbe96854d87.jpg,https://raw.githubusercontent.com/GUIA-DD/dataset-streetview/refs/heads/main/datasets/df_2024_proportional/batch_0008/images/e1e9512970ec6a1fc99547d69473dbbe96854d87.jpg,True,downloaded,
20e85f804a13387ce11cf74a51956d5682ab2e70,4ef40f4a20e3ba56f835388ef0249287e97a8535,-15.836728700036161,-48.124389550185526,-15.83701521546448,-48.12428601599191,2026-01,2026,Fpc7vwtB9KLDkKofM3KjFA,323.087003468238,© Google,OK,3_4,165304.40167674396,8246632.506900482,6ee17c415177a7ea3ba6732561d86e1633743993,cardinal,4,1,90_deg_east,cardinal,90,0,90,640,640,8,batch_0008,118,datasets/df_2024_proportional/batch_0008/images/6ee17c415177a7ea3ba6732561d86e1633743993.jpg,https://raw.githubusercontent.com/GUIA-DD/dataset-streetview/refs/heads/main/datasets/df_2024_proportional/batch_0008/images/6ee17c415177a7ea3ba6732561d86e1633743993.jpg,True,downloaded,
20e85f804a13387ce11cf74a51956d5682ab2e70,4ef40f4a20e3ba56f835388ef0249287e97a8535,-15.836728700036161,-48.124389550185526,-15.83701521546448,-48.12428601599191,2026-01,2026,Fpc7vwtB9KLDkKofM3KjFA,323.087003468238,© Google,OK,3_4,165304.40167674396,8246632.506900482,6f1cb7fc74eacda70ad50a81c8fca476535372ad,cardinal,4,2,180_deg_south,cardinal,180,0,90,640,640,8,batch_0008,119,datasets/df_2024_proportional/batch_0008/images/6f1cb7fc74eacda70ad50a81c8fca476535372ad.jpg,https://raw.githubusercontent.com/GUIA-DD/dataset-streetview/refs/heads/main/datasets/df_2024_proportional/batch_0008/images/6f1cb7fc74eacda70ad50a81c8fca476535372ad.jpg,True,downloaded,
20e85f804a13387ce11cf74a51956d5682ab2e70,4ef40f4a20e3ba56f835388ef0249287e97a8535,-15.836728700036161,-48.124389550185526,-15.83701521546448,-48.12428601599191,2026-01,2026,Fpc7vwtB9KLDkKofM3KjFA,323.087003468238,© Google,OK,3_4,165304.40167674396,8246632.506900482,b199be3f323fce5b7aeb4b634cc0f7ff6c032dfc,cardinal,4,3,270_deg_west,cardinal,270,0,90,640,640,8,batch_0008,120,datasets/df_2024_proportional/batch_0008/images/b199be3f323fce5b7aeb4b634cc0f7ff6c032dfc.jpg,https://raw.githubusercontent.com/GUIA-DD/dataset-streetview/refs/heads/main/datasets/df_2024_proportional/batch_0008/images/b199be3f323fce5b7aeb4b634cc0f7ff6c032dfc.jpg,True,downloaded,
234a2ebfa2860e7eaf98d260cc4c210044980413,ec049dc466167d720f88f2202273177186f79308,-15.793288698556694,-47.91937599966087,-15.79329840838234,-47.91935174678849,2024-05,2024,b-6hRaQtS8Euo8IUUd0rwg,105.98660673584826,© Google,OK,7_5,187216.18363719896,8251759.50624374,fecdcb11993fa195dfc6155ed4fa2e7f36ba01cd,cardinal,4,0,0_deg_north,cardinal,0,0,90,640,640,8,batch_0008,121,datasets/df_2024_proportional/batch_0008/images/fecdcb11993fa195dfc6155ed4fa2e7f36ba01cd.jpg,https://raw.githubusercontent.com/GUIA-DD/dataset-streetview/refs/heads/main/datasets/df_2024_proportional/batch_0008/images/fecdcb11993fa195dfc6155ed4fa2e7f36ba01cd.jpg,True,downloaded,
234a2ebfa2860e7eaf98d260cc4c210044980413,ec049dc466167d720f88f2202273177186f79308,-15.793288698556694,-47.91937599966087,-15.79329840838234,-47.91935174678849,2024-05,2024,b-6hRaQtS8Euo8IUUd0rwg,105.98660673584826,© Google,OK,7_5,187216.18363719896,8251759.50624374,fd64b0ca068cc065584f6ae48688902d4047de1c,cardinal,4,1,90_deg_east,cardinal,90,0,90,640,640,8,batch_0008,122,datasets/df_2024_proportional/batch_0008/images/fd64b0ca068cc065584f6ae48688902d4047de1c.jpg,https://raw.githubusercontent.com/GUIA-DD/dataset-streetview/refs/heads/main/datasets/df_2024_proportional/batch_0008/images/fd64b0ca068cc065584f6ae48688902d4047de1c.jpg,True,downloaded,
234a2ebfa2860e7eaf98d260cc4c210044980413,ec049dc466167d720f88f2202273177186f79308,-15.793288698556694,-47.91937599966087,-15.79329840838234,-47.91935174678849,2024-05,2024,b-6hRaQtS8Euo8IUUd0rwg,105.98660673584826,© Google,OK,7_5,187216.18363719896,8251759.50624374,dedc27730321cb5e40eb45329ec92a06d016f418,cardinal,4,2,180_deg_south,cardinal,180,0,90,640,640,8,batch_0008,123,datasets/df_2024_proportional/batch_0008/images/dedc27730321cb5e40eb45329ec92a06d016f418.jpg,https://raw.githubusercontent.com/GUIA-DD/dataset-streetview/refs/heads/main/datasets/df_2024_proportional/batch_0008/images/dedc27730321cb5e40eb45329ec92a06d016f418.jpg,True,downloaded,
234a2ebfa2860e7eaf98d260cc4c210044980413,ec049dc466167d720f88f2202273177186f79308,-15.793288698556694,-47.91937599966087,-15.79329840838234,-47.91935174678849,2024-05,2024,b-6hRaQtS8Euo8IUUd0rwg,105.98660673584826,© Google,OK,7_5,187216.18363719896,8251759.50624374,1b8e834776b83c242551a5139766f529010ce389,cardinal,4,3,270_deg_west,cardinal,270,0,90,640,640,8,batch_0008,124,datasets/df_2024_proportional/batch_0008/images/1b8e834776b83c242551a5139766f529010ce389.jpg,https://raw.githubusercontent.com/GUIA-DD/dataset-streetview/refs/heads/main/datasets/df_2024_proportional/batch_0008/images/1b8e834776b83c242551a5139766f529010ce389.jpg,True,downloaded,
2395fb06e0f4618cb01994a63592c0580465dbcb,13fa723e759d137c201b4874af373551377aa7ef,-15.903139800000837,-48.03886940008711,-15.9031861024365,-48.03886767247361,2025-06,2025,GKKST6kfUWgofnS0lLpy5w,341.14224002320645,© Google,OK,5_3,174579.86212130883,8239412.422604679,f7560b41a9720b81b8bbba10de4d6bc7e292c425,cardinal,4,0,0_deg_north,cardinal,0,0,90,640,640,8,batch_0008,125,datasets/df_2024_proportional/batch_0008/images/f7560b41a9720b81b8bbba10de4d6bc7e292c425.jpg,https://raw.githubusercontent.com/GUIA-DD/dataset-streetview/refs/heads/main/datasets/df_2024_proportional/batch_0008/images/f7560b41a9720b81b8bbba10de4d6bc7e292c425.jpg,True,downloaded,
2395fb06e0f4618cb01994a63592c0580465dbcb,13fa723e759d137c201b4874af373551377aa7ef,-15.903139800000837,-48.03886940008711,-15.9031861024365,-48.03886767247361,2025-06,2025,GKKST6kfUWgofnS0lLpy5w,341.14224002320645,© Google,OK,5_3,174579.86212130883,8239412.422604679,c144efdce00898b10ae9188ae5625708bd581471,cardinal,4,1,90_deg_east,cardinal,90,0,90,640,640,8,batch_0008,126,datasets/df_2024_proportional/batch_0008/images/c144efdce00898b10ae9188ae5625708bd581471.jpg,https://raw.githubusercontent.com/GUIA-DD/dataset-streetview/refs/heads/main/datasets/df_2024_proportional/batch_0008/images/c144efdce00898b10ae9188ae5625708bd581471.jpg,True,downloaded,
2395fb06e0f4618cb01994a63592c0580465dbcb,13fa723e759d137c201b4874af373551377aa7ef,-15.903139800000837,-48.03886940008711,-15.9031861024365,-48.03886767247361,2025-06,2025,GKKST6kfUWgofnS0lLpy5w,341.14224002320645,© Google,OK,5_3,174579.86212130883,8239412.422604679,377db875eb67ae38535f08104a4cb00df1db95ed,cardinal,4,2,180_deg_south,cardinal,180,0,90,640,640,8,batch_0008,127,datasets/df_2024_proportional/batch_0008/images/377db875eb67ae38535f08104a4cb00df1db95ed.jpg,https://raw.githubusercontent.com/GUIA-DD/dataset-streetview/refs/heads/main/datasets/df_2024_proportional/batch_0008/images/377db875eb67ae38535f08104a4cb00df1db95ed.jpg,True,downloaded,
2395fb06e0f4618cb01994a63592c0580465dbcb,13fa723e759d137c201b4874af373551377aa7ef,-15.903139800000837,-48.03886940008711,-15.9031861024365,-48.03886767247361,2025-06,2025,GKKST6kfUWgofnS0lLpy5w,341.14224002320645,© Google,OK,5_3,174579.86212130883,8239412.422604679,0115e95cfa3b973d7541483def93e1b9542d0978,cardinal,4,3,270_deg_west,cardinal,270,0,90,640,640,8,batch_0008,128,datasets/df_2024_proportional/batch_0008/images/0115e95cfa3b973d7541483def93e1b9542d0978.jpg,https://raw.githubusercontent.com/GUIA-DD/dataset-streetview/refs/heads/main/datasets/df_2024_proportional/batch_0008/images/0115e95cfa3b973d7541483def93e1b9542d0978.jpg,True,downloaded,
248722dc5ac7bcf8baa95304e48324bbb95e6381,4583b09078a0649cd2df7becb99f9a99ea92be27,-15.731001099569244,-48.16852454681901,-15.7309676707124,-48.16848195692685,2026-02,2026,5JHt-T79IxiHJNhL70M6yw,261.8776973301802,© Google,OK,2_7,160396.07042907563,8258271.636730572,f235f1ece67bd0f31cac360d9d008e37a4b8cfe4,cardinal,4,0,0_deg_north,cardinal,0,0,90,640,640,8,batch_0008,129,datasets/df_2024_proportional/batch_0008/images/f235f1ece67bd0f31cac360d9d008e37a4b8cfe4.jpg,https://raw.githubusercontent.com/GUIA-DD/dataset-streetview/refs/heads/main/datasets/df_2024_proportional/batch_0008/images/f235f1ece67bd0f31cac360d9d008e37a4b8cfe4.jpg,True,downloaded,
248722dc5ac7bcf8baa95304e48324bbb95e6381,4583b09078a0649cd2df7becb99f9a99ea92be27,-15.731001099569244,-48.16852454681901,-15.7309676707124,-48.16848195692685,2026-02,2026,5JHt-T79IxiHJNhL70M6yw,261.8776973301802,© Google,OK,2_7,160396.07042907563,8258271.636730572,d6e5c26c550a567b31cde4362595d60d108046ec,cardinal,4,1,90_deg_east,cardinal,90,0,90,640,640,8,batch_0008,130,datasets/df_2024_proportional/batch_0008/images/d6e5c26c550a567b31cde4362595d60d108046ec.jpg,https://raw.githubusercontent.com/GUIA-DD/dataset-streetview/refs/heads/main/datasets/df_2024_proportional/batch_0008/images/d6e5c26c550a567b31cde4362595d60d108046ec.jpg,True,downloaded,
248722dc5ac7bcf8baa95304e48324bbb95e6381,4583b09078a0649cd2df7becb99f9a99ea92be27,-15.731001099569244,-48.16852454681901,-15.7309676707124,-48.16848195692685,2026-02,2026,5JHt-T79IxiHJNhL70M6yw,261.8776973301802,© Google,OK,2_7,160396.07042907563,8258271.636730572,04ae028e414e424b7eb7298255329790a45ab73a,cardinal,4,2,180_deg_south,cardinal,180,0,90,640,640,8,batch_0008,131,datasets/df_2024_proportional/batch_0008/images/04ae028e414e424b7eb7298255329790a45ab73a.jpg,https://raw.githubusercontent.com/GUIA-DD/dataset-streetview/refs/heads/main/datasets/df_2024_proportional/batch_0008/images/04ae028e414e424b7eb7298255329790a45ab73a.jpg,True,downloaded,
248722dc5ac7bcf8baa95304e48324bbb95e6381,4583b09078a0649cd2df7becb99f9a99ea92be27,-15.731001099569244,-48.16852454681901,-15.7309676707124,-48.16848195692685,2026-02,2026,5JHt-T79IxiHJNhL70M6yw,261.8776973301802,© Google,OK,2_7,160396.07042907563,8258271.636730572,adce8f0d8e11c73aedc1003c1466f45359a0a09b,cardinal,4,3,270_deg_west,cardinal,270,0,90,640,640,8,batch_0008,132,datasets/df_2024_proportional/batch_0008/images/adce8f0d8e11c73aedc1003c1466f45359a0a09b.jpg,https://raw.githubusercontent.com/GUIA-DD/dataset-streetview/refs/heads/main/datasets/df_2024_proportional/batch_0008/images/adce8f0d8e11c73aedc1003c1466f45359a0a09b.jpg,True,downloaded,
26162577094325d4f79698e19f60232abd2819ab,d993f463ee28dd307f6297b0b0953740e049e99b,-15.674839888983955,-48.199966931748776,-15.67484906404541,-48.20001538213165,2024-08,2024,Is-NdKReWBZOS5k9mJo45A,280.9753170087052,© Google,OK,1_8,156928.93895659523,8264441.162872496,09be71bb918597826457ba82b922647e6c5b3109,cardinal,4,0,0_deg_north,cardinal,0,0,90,640,640,8,batch_0008,133,datasets/df_2024_proportional/batch_0008/images/09be71bb918597826457ba82b922647e6c5b3109.jpg,https://raw.githubusercontent.com/GUIA-DD/dataset-streetview/refs/heads/main/datasets/df_2024_proportional/batch_0008/images/09be71bb918597826457ba82b922647e6c5b3109.jpg,True,downloaded,
26162577094325d4f79698e19f60232abd2819ab,d993f463ee28dd307f6297b0b0953740e049e99b,-15.674839888983955,-48.199966931748776,-15.67484906404541,-48.20001538213165,2024-08,2024,Is-NdKReWBZOS5k9mJo45A,280.9753170087052,© Google,OK,1_8,156928.93895659523,8264441.162872496,fcf7ae4d9231da8d80a09ac82a27f1626621906b,cardinal,4,1,90_deg_east,cardinal,90,0,90,640,640,8,batch_0008,134,datasets/df_2024_proportional/batch_0008/images/fcf7ae4d9231da8d80a09ac82a27f1626621906b.jpg,https://raw.githubusercontent.com/GUIA-DD/dataset-streetview/refs/heads/main/datasets/df_2024_proportional/batch_0008/images/fcf7ae4d9231da8d80a09ac82a27f1626621906b.jpg,True,downloaded,
26162577094325d4f79698e19f60232abd2819ab,d993f463ee28dd307f6297b0b0953740e049e99b,-15.674839888983955,-48.199966931748776,-15.67484906404541,-48.20001538213165,2024-08,2024,Is-NdKReWBZOS5k9mJo45A,280.9753170087052,© Google,OK,1_8,156928.93895659523,8264441.162872496,8a04011f94921a0d05a41e2f8acd5ac9187f1c08,cardinal,4,2,180_deg_south,cardinal,180,0,90,640,640,8,batch_0008,135,datasets/df_2024_proportional/batch_0008/images/8a04011f94921a0d05a41e2f8acd5ac9187f1c08.jpg,https://raw.githubusercontent.com/GUIA-DD/dataset-streetview/refs/heads/main/datasets/df_2024_proportional/batch_0008/images/8a04011f94921a0d05a41e2f8acd5ac9187f1c08.jpg,True,downloaded,
26162577094325d4f79698e19f60232abd2819ab,d993f463ee28dd307f6297b0b0953740e049e99b,-15.674839888983955,-48.199966931748776,-15.67484906404541,-48.20001538213165,2024-08,2024,Is-NdKReWBZOS5k9mJo45A,280.9753170087052,© Google,OK,1_8,156928.93895659523,8264441.162872496,a41c630673ab2e7db06d04077af756ca352cb727,cardinal,4,3,270_deg_west,cardinal,270,0,90,640,640,8,batch_0008,136,datasets/df_2024_proportional/batch_0008/images/a41c630673ab2e7db06d04077af756ca352cb727.jpg,https://raw.githubusercontent.com/GUIA-DD/dataset-streetview/refs/heads/main/datasets/df_2024_proportional/batch_0008/images/a41c630673ab2e7db06d04077af756ca352cb727.jpg,True,downloaded,
266c338506550e0ae62fa6c88c58feb28392bc76,32fd5670e8945cdee590257d6cd07e63fb48b149,-15.878868672799497,-48.11618119630542,-15.87882840043208,-48.11618292598171,2025-03,2025,W2wwDznIaerGsp8L7oQftw,334.88258692052074,© Google,OK,3_3,166253.88387793268,8241978.462147552,87e01cd8ff3a3c681d064e008d02248b1423e83a,cardinal,4,0,0_deg_north,cardinal,0,0,90,640,640,8,batch_0008,137,datasets/df_2024_proportional/batch_0008/images/87e01cd8ff3a3c681d064e008d02248b1423e83a.jpg,https://raw.githubusercontent.com/GUIA-DD/dataset-streetview/refs/heads/main/datasets/df_2024_proportional/batch_0008/images/87e01cd8ff3a3c681d064e008d02248b1423e83a.jpg,True,downloaded,
266c338506550e0ae62fa6c88c58feb28392bc76,32fd5670e8945cdee590257d6cd07e63fb48b149,-15.878868672799497,-48.11618119630542,-15.87882840043208,-48.11618292598171,2025-03,2025,W2wwDznIaerGsp8L7oQftw,334.88258692052074,© Google,OK,3_3,166253.88387793268,8241978.462147552,299e3cae8065a748736581db5ccf89879d46ebb7,cardinal,4,1,90_deg_east,cardinal,90,0,90,640,640,8,batch_0008,138,datasets/df_2024_proportional/batch_0008/images/299e3cae8065a748736581db5ccf89879d46ebb7.jpg,https://raw.githubusercontent.com/GUIA-DD/dataset-streetview/refs/heads/main/datasets/df_2024_proportional/batch_0008/images/299e3cae8065a748736581db5ccf89879d46ebb7.jpg,True,downloaded,
266c338506550e0ae62fa6c88c58feb28392bc76,32fd5670e8945cdee590257d6cd07e63fb48b149,-15.878868672799497,-48.11618119630542,-15.87882840043208,-48.11618292598171,2025-03,2025,W2wwDznIaerGsp8L7oQftw,334.88258692052074,© Google,OK,3_3,166253.88387793268,8241978.462147552,c9b26008c03a4fb1f28db2d059369374692d342c,cardinal,4,2,180_deg_south,cardinal,180,0,90,640,640,8,batch_0008,139,datasets/df_2024_proportional/batch_0008/images/c9b26008c03a4fb1f28db2d059369374692d342c.jpg,https://raw.githubusercontent.com/GUIA-DD/dataset-streetview/refs/heads/main/datasets/df_2024_proportional/batch_0008/images/c9b26008c03a4fb1f28db2d059369374692d342c.jpg,True,downloaded,
266c338506550e0ae62fa6c88c58feb28392bc76,32fd5670e8945cdee590257d6cd07e63fb48b149,-15.878868672799497,-48.11618119630542,-15.87882840043208,-48.11618292598171,2025-03,2025,W2wwDznIaerGsp8L7oQftw,334.88258692052074,© Google,OK,3_3,166253.88387793268,8241978.462147552,d6f21a42c16550711c259dc2ea9cb90bfcfb11b5,cardinal,4,3,270_deg_west,cardinal,270,0,90,640,640,8,batch_0008,140,datasets/df_2024_proportional/batch_0008/images/d6f21a42c16550711c259dc2ea9cb90bfcfb11b5.jpg,https://raw.githubusercontent.com/GUIA-DD/dataset-streetview/refs/heads/main/datasets/df_2024_proportional/batch_0008/images/d6f21a42c16550711c259dc2ea9cb90bfcfb11b5.jpg,True,downloaded,
26a83564021069eef63b470e5671b00585c433bd,50acac4c5edccb0fd37f46c2199205627ededa85,-15.864365714264945,-48.094676529529416,-15.86438113894287,-48.09469476903416,2025-03,2025,dxD-sDwv02NtC_c1tSNaUw,164.68056113577632,© Google,OK,3_4,168535.2306275897,8243618.901923355,360d6725b5389c4a28deef117063e9e6c0cdba27,cardinal,4,0,0_deg_north,cardinal,0,0,90,640,640,8,batch_0008,141,datasets/df_2024_proportional/batch_0008/images/360d6725b5389c4a28deef117063e9e6c0cdba27.jpg,https://raw.githubusercontent.com/GUIA-DD/dataset-streetview/refs/heads/main/datasets/df_2024_proportional/batch_0008/images/360d6725b5389c4a28deef117063e9e6c0cdba27.jpg,True,downloaded,
26a83564021069eef63b470e5671b00585c433bd,50acac4c5edccb0fd37f46c2199205627ededa85,-15.864365714264945,-48.094676529529416,-15.86438113894287,-48.09469476903416,2025-03,2025,dxD-sDwv02NtC_c1tSNaUw,164.68056113577632,© Google,OK,3_4,168535.2306275897,8243618.901923355,cfb6da36883661f5391e57d8300556278881d258,cardinal,4,1,90_deg_east,cardinal,90,0,90,640,640,8,batch_0008,142,datasets/df_2024_proportional/batch_0008/images/cfb6da36883661f5391e57d8300556278881d258.jpg,https://raw.githubusercontent.com/GUIA-DD/dataset-streetview/refs/heads/main/datasets/df_2024_proportional/batch_0008/images/cfb6da36883661f5391e57d8300556278881d258.jpg,True,downloaded,
26a83564021069eef63b470e5671b00585c433bd,50acac4c5edccb0fd37f46c2199205627ededa85,-15.864365714264945,-48.094676529529416,-15.86438113894287,-48.09469476903416,2025-03,2025,dxD-sDwv02NtC_c1tSNaUw,164.68056113577632,© Google,OK,3_4,168535.2306275897,8243618.901923355,4a9899de29939d0a8ce3f0cd0bacd8173db60fb6,cardinal,4,2,180_deg_south,cardinal,180,0,90,640,640,8,batch_0008,143,datasets/df_2024_proportional/batch_0008/images/4a9899de29939d0a8ce3f0cd0bacd8173db60fb6.jpg,https://raw.githubusercontent.com/GUIA-DD/dataset-streetview/refs/heads/main/datasets/df_2024_proportional/batch_0008/images/4a9899de29939d0a8ce3f0cd0bacd8173db60fb6.jpg,True,downloaded,
26a83564021069eef63b470e5671b00585c433bd,50acac4c5edccb0fd37f46c2199205627ededa85,-15.864365714264945,-48.094676529529416,-15.86438113894287,-48.09469476903416,2025-03,2025,dxD-sDwv02NtC_c1tSNaUw,164.68056113577632,© Google,OK,3_4,168535.2306275897,8243618.901923355,fb727d3e6183037e3d2c4affcb8b463288100816,cardinal,4,3,270_deg_west,cardinal,270,0,90,640,640,8,batch_0008,144,datasets/df_2024_proportional/batch_0008/images/fb727d3e6183037e3d2c4affcb8b463288100816.jpg,https://raw.githubusercontent.com/GUIA-DD/dataset-streetview/refs/heads/main/datasets/df_2024_proportional/batch_0008/images/fb727d3e6183037e3d2c4affcb8b463288100816.jpg,True,downloaded,
27b0b5502df642ff7ae2eb385a9e5d00c48352ed,40615ac5cf7e02dcb610b7a6c02b3c9968bc7e1c,-15.85687735008277,-47.974402300118015,-15.85686747066591,-47.97443877128931,2024-06,2024,kGbKjmde9DjN5tVJhCwu5Q,295.941388476637,© Google,OK,6_4,181415.90877007792,8244635.003017604,050f86a76280cd98552439c8f30f81791c73aa0d,cardinal,4,0,0_deg_north,cardinal,0,0,90,640,640,8,batch_0008,145,datasets/df_2024_proportional/batch_0008/images/050f86a76280cd98552439c8f30f81791c73aa0d.jpg,https://raw.githubusercontent.com/GUIA-DD/dataset-streetview/refs/heads/main/datasets/df_2024_proportional/batch_0008/images/050f86a76280cd98552439c8f30f81791c73aa0d.jpg,True,downloaded,
27b0b5502df642ff7ae2eb385a9e5d00c48352ed,40615ac5cf7e02dcb610b7a6c02b3c9968bc7e1c,-15.85687735008277,-47.974402300118015,-15.85686747066591,-47.97443877128931,2024-06,2024,kGbKjmde9DjN5tVJhCwu5Q,295.941388476637,© Google,OK,6_4,181415.90877007792,8244635.003017604,4d33fe78e99d37462fb429f75eed2f3d44e62213,cardinal,4,1,90_deg_east,cardinal,90,0,90,640,640,8,batch_0008,146,datasets/df_2024_proportional/batch_0008/images/4d33fe78e99d37462fb429f75eed2f3d44e62213.jpg,https://raw.githubusercontent.com/GUIA-DD/dataset-streetview/refs/heads/main/datasets/df_2024_proportional/batch_0008/images/4d33fe78e99d37462fb429f75eed2f3d44e62213.jpg,True,downloaded,
27b0b5502df642ff7ae2eb385a9e5d00c48352ed,40615ac5cf7e02dcb610b7a6c02b3c9968bc7e1c,-15.85687735008277,-47.974402300118015,-15.85686747066591,-47.97443877128931,2024-06,2024,kGbKjmde9DjN5tVJhCwu5Q,295.941388476637,© Google,OK,6_4,181415.90877007792,8244635.003017604,680578724718453f781efe41536d7691417351fe,cardinal,4,2,180_deg_south,cardinal,180,0,90,640,640,8,batch_0008,147,datasets/df_2024_proportional/batch_0008/images/680578724718453f781efe41536d7691417351fe.jpg,https://raw.githubusercontent.com/GUIA-DD/dataset-streetview/refs/heads/main/datasets/df_2024_proportional/batch_0008/images/680578724718453f781efe41536d7691417351fe.jpg,True,downloaded,
27b0b5502df642ff7ae2eb385a9e5d00c48352ed,40615ac5cf7e02dcb610b7a6c02b3c9968bc7e1c,-15.85687735008277,-47.974402300118015,-15.85686747066591,-47.97443877128931,2024-06,2024,kGbKjmde9DjN5tVJhCwu5Q,295.941388476637,© Google,OK,6_4,181415.90877007792,8244635.003017604,0c567f91dd37fa23304419622f7b97a76b5cc322,cardinal,4,3,270_deg_west,cardinal,270,0,90,640,640,8,batch_0008,148,datasets/df_2024_proportional/batch_0008/images/0c567f91dd37fa23304419622f7b97a76b5cc322.jpg,https://raw.githubusercontent.com/GUIA-DD/dataset-streetview/refs/heads/main/datasets/df_2024_proportional/batch_0008/images/0c567f91dd37fa23304419622f7b97a76b5cc322.jpg,True,downloaded,
27ba80378c25f3d7359103de84e45f8d8ea92843,edae5be8ffc7e499a77ccbaccf79a55b40ebe2e2,-16.040023900128073,-48.020116499830905,-16.04004572928336,-48.02015574300903,2025-02,2025,7afei9bNB2tctMP4hIB5XA,228.34860146348535,© Google,OK,5_0,176809.70855912464,8224282.266681522,1ca726355d7bdad104a7b4de22371591aef00bac,cardinal,4,0,0_deg_north,cardinal,0,0,90,640,640,8,batch_0008,149,datasets/df_2024_proportional/batch_0008/images/1ca726355d7bdad104a7b4de22371591aef00bac.jpg,https://raw.githubusercontent.com/GUIA-DD/dataset-streetview/refs/heads/main/datasets/df_2024_proportional/batch_0008/images/1ca726355d7bdad104a7b4de22371591aef00bac.jpg,True,downloaded,
27ba80378c25f3d7359103de84e45f8d8ea92843,edae5be8ffc7e499a77ccbaccf79a55b40ebe2e2,-16.040023900128073,-48.020116499830905,-16.04004572928336,-48.02015574300903,2025-02,2025,7afei9bNB2tctMP4hIB5XA,228.34860146348535,© Google,OK,5_0,176809.70855912464,8224282.266681522,63626790446cf6d35d6e295b19a65ad231c012ed,cardinal,4,1,90_deg_east,cardinal,90,0,90,640,640,8,batch_0008,150,datasets/df_2024_proportional/batch_0008/images/63626790446cf6d35d6e295b19a65ad231c012ed.jpg,https://raw.githubusercontent.com/GUIA-DD/dataset-streetview/refs/heads/main/datasets/df_2024_proportional/batch_0008/images/63626790446cf6d35d6e295b19a65ad231c012ed.jpg,True,downloaded,
27ba80378c25f3d7359103de84e45f8d8ea92843,edae5be8ffc7e499a77ccbaccf79a55b40ebe2e2,-16.040023900128073,-48.020116499830905,-16.04004572928336,-48.02015574300903,2025-02,2025,7afei9bNB2tctMP4hIB5XA,228.34860146348535,© Google,OK,5_0,176809.70855912464,8224282.266681522,39dd761f93bb93ddd6606661aae0f81fc582c619,cardinal,4,2,180_deg_south,cardinal,180,0,90,640,640,8,batch_0008,151,datasets/df_2024_proportional/batch_0008/images/39dd761f93bb93ddd6606661aae0f81fc582c619.jpg,https://raw.githubusercontent.com/GUIA-DD/dataset-streetview/refs/heads/main/datasets/df_2024_proportional/batch_0008/images/39dd761f93bb93ddd6606661aae0f81fc582c619.jpg,True,downloaded,
27ba80378c25f3d7359103de84e45f8d8ea92843,edae5be8ffc7e499a77ccbaccf79a55b40ebe2e2,-16.040023900128073,-48.020116499830905,-16.04004572928336,-48.02015574300903,2025-02,2025,7afei9bNB2tctMP4hIB5XA,228.34860146348535,© Google,OK,5_0,176809.70855912464,8224282.266681522,6f764e90aa9e89f0163d6bde3dc8bd5c5a091964,cardinal,4,3,270_deg_west,cardinal,270,0,90,640,640,8,batch_0008,152,datasets/df_2024_proportional/batch_0008/images/6f764e90aa9e89f0163d6bde3dc8bd5c5a091964.jpg,https://raw.githubusercontent.com/GUIA-DD/dataset-streetview/refs/heads/main/datasets/df_2024_proportional/batch_0008/images/6f764e90aa9e89f0163d6bde3dc8bd5c5a091964.jpg,True,downloaded,
280c6693e2f8d52ad3bb053f338b01106cadf5d0,7aeed60459f2e236957776aea1a28fe1bba2e850,-15.803141215796064,-48.0713043733026,-15.80317855515318,-48.07127920332983,2024-08,2024,HsrZK06X6SWA8eUZzeLEvA,332.37100648920176,© Google,OK,4_5,170941.37130973767,8250436.343491292,27ad84e3f6a4bf195e9d2f4ff6feefb67b6ca16a,cardinal,4,0,0_deg_north,cardinal,0,0,90,640,640,8,batch_0008,153,datasets/df_2024_proportional/batch_0008/images/27ad84e3f6a4bf195e9d2f4ff6feefb67b6ca16a.jpg,https://raw.githubusercontent.com/GUIA-DD/dataset-streetview/refs/heads/main/datasets/df_2024_proportional/batch_0008/images/27ad84e3f6a4bf195e9d2f4ff6feefb67b6ca16a.jpg,True,downloaded,
280c6693e2f8d52ad3bb053f338b01106cadf5d0,7aeed60459f2e236957776aea1a28fe1bba2e850,-15.803141215796064,-48.0713043733026,-15.80317855515318,-48.07127920332983,2024-08,2024,HsrZK06X6SWA8eUZzeLEvA,332.37100648920176,© Google,OK,4_5,170941.37130973767,8250436.343491292,80c8551033e6114e126dfde4d6ed93fb68f5b33b,cardinal,4,1,90_deg_east,cardinal,90,0,90,640,640,8,batch_0008,154,datasets/df_2024_proportional/batch_0008/images/80c8551033e6114e126dfde4d6ed93fb68f5b33b.jpg,https://raw.githubusercontent.com/GUIA-DD/dataset-streetview/refs/heads/main/datasets/df_2024_proportional/batch_0008/images/80c8551033e6114e126dfde4d6ed93fb68f5b33b.jpg,True,downloaded,
280c6693e2f8d52ad3bb053f338b01106cadf5d0,7aeed60459f2e236957776aea1a28fe1bba2e850,-15.803141215796064,-48.0713043733026,-15.80317855515318,-48.07127920332983,2024-08,2024,HsrZK06X6SWA8eUZzeLEvA,332.37100648920176,© Google,OK,4_5,170941.37130973767,8250436.343491292,4164ee14bd8d5e27c1f96094567f81062527afa5,cardinal,4,2,180_deg_south,cardinal,180,0,90,640,640,8,batch_0008,155,datasets/df_2024_proportional/batch_0008/images/4164ee14bd8d5e27c1f96094567f81062527afa5.jpg,https://raw.githubusercontent.com/GUIA-DD/dataset-streetview/refs/heads/main/datasets/df_2024_proportional/batch_0008/images/4164ee14bd8d5e27c1f96094567f81062527afa5.jpg,True,downloaded,
280c6693e2f8d52ad3bb053f338b01106cadf5d0,7aeed60459f2e236957776aea1a28fe1bba2e850,-15.803141215796064,-48.0713043733026,-15.80317855515318,-48.07127920332983,2024-08,2024,HsrZK06X6SWA8eUZzeLEvA,332.37100648920176,© Google,OK,4_5,170941.37130973767,8250436.343491292,f5af9de7296f0c5842bbdc98990b07f3347c04d7,cardinal,4,3,270_deg_west,cardinal,270,0,90,640,640,8,batch_0008,156,datasets/df_2024_proportional/batch_0008/images/f5af9de7296f0c5842bbdc98990b07f3347c04d7.jpg,https://raw.githubusercontent.com/GUIA-DD/dataset-streetview/refs/heads/main/datasets/df_2024_proportional/batch_0008/images/f5af9de7296f0c5842bbdc98990b07f3347c04d7.jpg,True,downloaded,
297bd16ebc77eac6fe71b16c751cb2adcb1c7b68,f871b56bf92cd27bf4e7698943d87a8805c39f3b,-15.792075050009759,-48.01585394990274,-15.79209049882615,-48.01584520735931,2024-05,2024,AJQs7pgb9Jp7_EoqPrTo8Q,180.05636674388077,© Google,OK,5_5,176869.48589673595,8251747.9490546025,bdc0f964ff3196b2545567b55794ccfe0c379871,cardinal,4,0,0_deg_north,cardinal,0,0,90,640,640,8,batch_0008,157,datasets/df_2024_proportional/batch_0008/images/bdc0f964ff3196b2545567b55794ccfe0c379871.jpg,https://raw.githubusercontent.com/GUIA-DD/dataset-streetview/refs/heads/main/datasets/df_2024_proportional/batch_0008/images/bdc0f964ff3196b2545567b55794ccfe0c379871.jpg,True,downloaded,
297bd16ebc77eac6fe71b16c751cb2adcb1c7b68,f871b56bf92cd27bf4e7698943d87a8805c39f3b,-15.792075050009759,-48.01585394990274,-15.79209049882615,-48.01584520735931,2024-05,2024,AJQs7pgb9Jp7_EoqPrTo8Q,180.05636674388077,© Google,OK,5_5,176869.48589673595,8251747.9490546025,f235f97155038780e5cb0f0d0953f16da98be333,cardinal,4,1,90_deg_east,cardinal,90,0,90,640,640,8,batch_0008,158,datasets/df_2024_proportional/batch_0008/images/f235f97155038780e5cb0f0d0953f16da98be333.jpg,https://raw.githubusercontent.com/GUIA-DD/dataset-streetview/refs/heads/main/datasets/df_2024_proportional/batch_0008/images/f235f97155038780e5cb0f0d0953f16da98be333.jpg,True,downloaded,
297bd16ebc77eac6fe71b16c751cb2adcb1c7b68,f871b56bf92cd27bf4e7698943d87a8805c39f3b,-15.792075050009759,-48.01585394990274,-15.79209049882615,-48.01584520735931,2024-05,2024,AJQs7pgb9Jp7_EoqPrTo8Q,180.05636674388077,© Google,OK,5_5,176869.48589673595,8251747.9490546025,97af65af7c8fe00568f4d354d2f80425c0493a3b,cardinal,4,2,180_deg_south,cardinal,180,0,90,640,640,8,batch_0008,159,datasets/df_2024_proportional/batch_0008/images/97af65af7c8fe00568f4d354d2f80425c0493a3b.jpg,https://raw.githubusercontent.com/GUIA-DD/dataset-streetview/refs/heads/main/datasets/df_2024_proportional/batch_0008/images/97af65af7c8fe00568f4d354d2f80425c0493a3b.jpg,True,downloaded,
297bd16ebc77eac6fe71b16c751cb2adcb1c7b68,f871b56bf92cd27bf4e7698943d87a8805c39f3b,-15.792075050009759,-48.01585394990274,-15.79209049882615,-48.01584520735931,2024-05,2024,AJQs7pgb9Jp7_EoqPrTo8Q,180.05636674388077,© Google,OK,5_5,176869.48589673595,8251747.9490546025,30be89edd474c59e28418165e4fac3f73d74ef35,cardinal,4,3,270_deg_west,cardinal,270,0,90,640,640,8,batch_0008,160,datasets/df_2024_proportional/batch_0008/images/30be89edd474c59e28418165e4fac3f73d74ef35.jpg,https://raw.githubusercontent.com/GUIA-DD/dataset-streetview/refs/heads/main/datasets/df_2024_proportional/batch_0008/images/30be89edd474c59e28418165e4fac3f73d74ef35.jpg,True,downloaded,
2a56cd257efe4d83da94b36b9083959504d362f3,b058a6bdcad1e57b550a8f57940eb1f126f37124,-15.919603750166983,-48.09983350042218,-15.91963954518102,-48.09980514375115,2025-07,2025,KiSZqGFH7b57miKD6_YhGQ,309.00669070832964,© Google,OK,3_2,168073.13746599108,8237493.002765503,2ff6b5f883d892c4089b5a4acfd2cca0eb62d278,cardinal,4,0,0_deg_north,cardinal,0,0,90,640,640,8,batch_0008,161,datasets/df_2024_proportional/batch_0008/images/2ff6b5f883d892c4089b5a4acfd2cca0eb62d278.jpg,https://raw.githubusercontent.com/GUIA-DD/dataset-streetview/refs/heads/main/datasets/df_2024_proportional/batch_0008/images/2ff6b5f883d892c4089b5a4acfd2cca0eb62d278.jpg,True,downloaded,
2a56cd257efe4d83da94b36b9083959504d362f3,b058a6bdcad1e57b550a8f57940eb1f126f37124,-15.919603750166983,-48.09983350042218,-15.91963954518102,-48.09980514375115,2025-07,2025,KiSZqGFH7b57miKD6_YhGQ,309.00669070832964,© Google,OK,3_2,168073.13746599108,8237493.002765503,bede70d40ae8993c7385a2a1fd12fcebeedebf22,cardinal,4,1,90_deg_east,cardinal,90,0,90,640,640,8,batch_0008,162,datasets/df_2024_proportional/batch_0008/images/bede70d40ae8993c7385a2a1fd12fcebeedebf22.jpg,https://raw.githubusercontent.com/GUIA-DD/dataset-streetview/refs/heads/main/datasets/df_2024_proportional/batch_0008/images/bede70d40ae8993c7385a2a1fd12fcebeedebf22.jpg,True,downloaded,
2a56cd257efe4d83da94b36b9083959504d362f3,b058a6bdcad1e57b550a8f57940eb1f126f37124,-15.919603750166983,-48.09983350042218,-15.91963954518102,-48.09980514375115,2025-07,2025,KiSZqGFH7b57miKD6_YhGQ,309.00669070832964,© Google,OK,3_2,168073.13746599108,8237493.002765503,ebc32368c6ee974778b7228b8f15b64cc69c0db4,cardinal,4,2,180_deg_south,cardinal,180,0,90,640,640,8,batch_0008,163,datasets/df_2024_proportional/batch_0008/images/ebc32368c6ee974778b7228b8f15b64cc69c0db4.jpg,https://raw.githubusercontent.com/GUIA-DD/dataset-streetview/refs/heads/main/datasets/df_2024_proportional/batch_0008/images/ebc32368c6ee974778b7228b8f15b64cc69c0db4.jpg,True,downloaded,
2a56cd257efe4d83da94b36b9083959504d362f3,b058a6bdcad1e57b550a8f57940eb1f126f37124,-15.919603750166983,-48.09983350042218,-15.91963954518102,-48.09980514375115,2025-07,2025,KiSZqGFH7b57miKD6_YhGQ,309.00669070832964,© Google,OK,3_2,168073.13746599108,8237493.002765503,d7ce3352d206245ac167c95996d1a9c7c61b45f4,cardinal,4,3,270_deg_west,cardinal,270,0,90,640,640,8,batch_0008,164,datasets/df_2024_proportional/batch_0008/images/d7ce3352d206245ac167c95996d1a9c7c61b45f4.jpg,https://raw.githubusercontent.com/GUIA-DD/dataset-streetview/refs/heads/main/datasets/df_2024_proportional/batch_0008/images/d7ce3352d206245ac167c95996d1a9c7c61b45f4.jpg,True,downloaded,
2ae41b0c475fc40da85db1c765c22a273526ffc4,c654911c3e087268e6b6a30ba634236190602a7f,-15.886576150093347,-48.11015734993243,-15.88657440241859,-48.11012960328851,2025-06,2025,Wp0tIrktdo80llViAxaZTw,243.29389887050283,© Google,OK,3_3,166912.28083251652,8241134.445980199,22f132b1c5d7bc554478c2cc6cf306c71a9d282c,cardinal,4,0,0_deg_north,cardinal,0,0,90,640,640,8,batch_0008,165,datasets/df_2024_proportional/batch_0008/images/22f132b1c5d7bc554478c2cc6cf306c71a9d282c.jpg,https://raw.githubusercontent.com/GUIA-DD/dataset-streetview/refs/heads/main/datasets/df_2024_proportional/batch_0008/images/22f132b1c5d7bc554478c2cc6cf306c71a9d282c.jpg,True,downloaded,
2ae41b0c475fc40da85db1c765c22a273526ffc4,c654911c3e087268e6b6a30ba634236190602a7f,-15.886576150093347,-48.11015734993243,-15.88657440241859,-48.11012960328851,2025-06,2025,Wp0tIrktdo80llViAxaZTw,243.29389887050283,© Google,OK,3_3,166912.28083251652,8241134.445980199,5312a19f66ab1e9a5551d762d5b9fd37c58c480e,cardinal,4,1,90_deg_east,cardinal,90,0,90,640,640,8,batch_0008,166,datasets/df_2024_proportional/batch_0008/images/5312a19f66ab1e9a5551d762d5b9fd37c58c480e.jpg,https://raw.githubusercontent.com/GUIA-DD/dataset-streetview/refs/heads/main/datasets/df_2024_proportional/batch_0008/images/5312a19f66ab1e9a5551d762d5b9fd37c58c480e.jpg,True,downloaded,
2ae41b0c475fc40da85db1c765c22a273526ffc4,c654911c3e087268e6b6a30ba634236190602a7f,-15.886576150093347,-48.11015734993243,-15.88657440241859,-48.11012960328851,2025-06,2025,Wp0tIrktdo80llViAxaZTw,243.29389887050283,© Google,OK,3_3,166912.28083251652,8241134.445980199,33eeeb2d83782e73094ae0c81e62d062d98d8723,cardinal,4,2,180_deg_south,cardinal,180,0,90,640,640,8,batch_0008,167,datasets/df_2024_proportional/batch_0008/images/33eeeb2d83782e73094ae0c81e62d062d98d8723.jpg,https://raw.githubusercontent.com/GUIA-DD/dataset-streetview/refs/heads/main/datasets/df_2024_proportional/batch_0008/images/33eeeb2d83782e73094ae0c81e62d062d98d8723.jpg,True,downloaded,
2ae41b0c475fc40da85db1c765c22a273526ffc4,c654911c3e087268e6b6a30ba634236190602a7f,-15.886576150093347,-48.11015734993243,-15.88657440241859,-48.11012960328851,2025-06,2025,Wp0tIrktdo80llViAxaZTw,243.29389887050283,© Google,OK,3_3,166912.28083251652,8241134.445980199,cbb46504ca1c100f1d9e50e46d46b7bab1715af5,cardinal,4,3,270_deg_west,cardinal,270,0,90,640,640,8,batch_0008,168,datasets/df_2024_proportional/batch_0008/images/cbb46504ca1c100f1d9e50e46d46b7bab1715af5.jpg,https://raw.githubusercontent.com/GUIA-DD/dataset-streetview/refs/heads/main/datasets/df_2024_proportional/batch_0008/images/cbb46504ca1c100f1d9e50e46d46b7bab1715af5.jpg,True,downloaded,
2c0a64bc5cd1afee09d805d68f42c85d15264ebf,ac277e624d3dc2b2bc1e962fb5a69d583b7d9232,-15.849534840935178,-47.87289446960656,-15.84954192711387,-47.87288589523148,2024-12,2024,aXJDLj2KtFY4GH20czVSfQ,347.7691763460974,© Google,OK,8_4,192285.0711006945,8245599.886967735,a9399b15b767a3d2e7b5e484b5adb95b8038c7f8,cardinal,4,0,0_deg_north,cardinal,0,0,90,640,640,8,batch_0008,169,datasets/df_2024_proportional/batch_0008/images/a9399b15b767a3d2e7b5e484b5adb95b8038c7f8.jpg,https://raw.githubusercontent.com/GUIA-DD/dataset-streetview/refs/heads/main/datasets/df_2024_proportional/batch_0008/images/a9399b15b767a3d2e7b5e484b5adb95b8038c7f8.jpg,True,downloaded,
2c0a64bc5cd1afee09d805d68f42c85d15264ebf,ac277e624d3dc2b2bc1e962fb5a69d583b7d9232,-15.849534840935178,-47.87289446960656,-15.84954192711387,-47.87288589523148,2024-12,2024,aXJDLj2KtFY4GH20czVSfQ,347.7691763460974,© Google,OK,8_4,192285.0711006945,8245599.886967735,7c2e3a3a539aae68ecc20da068d8838d6a643a25,cardinal,4,1,90_deg_east,cardinal,90,0,90,640,640,8,batch_0008,170,datasets/df_2024_proportional/batch_0008/images/7c2e3a3a539aae68ecc20da068d8838d6a643a25.jpg,https://raw.githubusercontent.com/GUIA-DD/dataset-streetview/refs/heads/main/datasets/df_2024_proportional/batch_0008/images/7c2e3a3a539aae68ecc20da068d8838d6a643a25.jpg,True,downloaded,
2c0a64bc5cd1afee09d805d68f42c85d15264ebf,ac277e624d3dc2b2bc1e962fb5a69d583b7d9232,-15.849534840935178,-47.87289446960656,-15.84954192711387,-47.87288589523148,2024-12,2024,aXJDLj2KtFY4GH20czVSfQ,347.7691763460974,© Google,OK,8_4,192285.0711006945,8245599.886967735,60342603ec665f1f61fb39793810aba906e27c12,cardinal,4,2,180_deg_south,cardinal,180,0,90,640,640,8,batch_0008,171,datasets/df_2024_proportional/batch_0008/images/60342603ec665f1f61fb39793810aba906e27c12.jpg,https://raw.githubusercontent.com/GUIA-DD/dataset-streetview/refs/heads/main/datasets/df_2024_proportional/batch_0008/images/60342603ec665f1f61fb39793810aba906e27c12.jpg,True,downloaded,
2c0a64bc5cd1afee09d805d68f42c85d15264ebf,ac277e624d3dc2b2bc1e962fb5a69d583b7d9232,-15.849534840935178,-47.87289446960656,-15.84954192711387,-47.87288589523148,2024-12,2024,aXJDLj2KtFY4GH20czVSfQ,347.7691763460974,© Google,OK,8_4,192285.0711006945,8245599.886967735,0eb941a18c4a3ff7ec7d292ee923f8b14617a823,cardinal,4,3,270_deg_west,cardinal,270,0,90,640,640,8,batch_0008,172,datasets/df_2024_proportional/batch_0008/images/0eb941a18c4a3ff7ec7d292ee923f8b14617a823.jpg,https://raw.githubusercontent.com/GUIA-DD/dataset-streetview/refs/heads/main/datasets/df_2024_proportional/batch_0008/images/0eb941a18c4a3ff7ec7d292ee923f8b14617a823.jpg,True,downloaded,
2dc01e1746292368def0a429c0ab7ea63e9cd794,71cc58f12e77ff12f0bf5f2a74ddb96793ecbbca,-16.01998638685119,-48.06056459354905,-16.02002641131712,-48.06054480925822,2025-05,2025,wrDQiCLH79C1mCUm4iYAQw,227.97211318937516,© Google,OK,4_0,172444.99966211183,8226437.835439107,66cf1cedd015727674d0a394f9889536793995f9,cardinal,4,0,0_deg_north,cardinal,0,0,90,640,640,8,batch_0008,173,datasets/df_2024_proportional/batch_0008/images/66cf1cedd015727674d0a394f9889536793995f9.jpg,https://raw.githubusercontent.com/GUIA-DD/dataset-streetview/refs/heads/main/datasets/df_2024_proportional/batch_0008/images/66cf1cedd015727674d0a394f9889536793995f9.jpg,True,downloaded,
2dc01e1746292368def0a429c0ab7ea63e9cd794,71cc58f12e77ff12f0bf5f2a74ddb96793ecbbca,-16.01998638685119,-48.06056459354905,-16.02002641131712,-48.06054480925822,2025-05,2025,wrDQiCLH79C1mCUm4iYAQw,227.97211318937516,© Google,OK,4_0,172444.99966211183,8226437.835439107,1b69b9424791ef168b1aec6441b4659eb59eec3a,cardinal,4,1,90_deg_east,cardinal,90,0,90,640,640,8,batch_0008,174,datasets/df_2024_proportional/batch_0008/images/1b69b9424791ef168b1aec6441b4659eb59eec3a.jpg,https://raw.githubusercontent.com/GUIA-DD/dataset-streetview/refs/heads/main/datasets/df_2024_proportional/batch_0008/images/1b69b9424791ef168b1aec6441b4659eb59eec3a.jpg,True,downloaded,
2dc01e1746292368def0a429c0ab7ea63e9cd794,71cc58f12e77ff12f0bf5f2a74ddb96793ecbbca,-16.01998638685119,-48.06056459354905,-16.02002641131712,-48.06054480925822,2025-05,2025,wrDQiCLH79C1mCUm4iYAQw,227.97211318937516,© Google,OK,4_0,172444.99966211183,8226437.835439107,3964d6992b96caf40a108a9d50441ca99834ff7a,cardinal,4,2,180_deg_south,cardinal,180,0,90,640,640,8,batch_0008,175,datasets/df_2024_proportional/batch_0008/images/3964d6992b96caf40a108a9d50441ca99834ff7a.jpg,https://raw.githubusercontent.com/GUIA-DD/dataset-streetview/refs/heads/main/datasets/df_2024_proportional/batch_0008/images/3964d6992b96caf40a108a9d50441ca99834ff7a.jpg,True,downloaded,
2dc01e1746292368def0a429c0ab7ea63e9cd794,71cc58f12e77ff12f0bf5f2a74ddb96793ecbbca,-16.01998638685119,-48.06056459354905,-16.02002641131712,-48.06054480925822,2025-05,2025,wrDQiCLH79C1mCUm4iYAQw,227.97211318937516,© Google,OK,4_0,172444.99966211183,8226437.835439107,c231f9e031daa295c0311a90102add53d791b56b,cardinal,4,3,270_deg_west,cardinal,270,0,90,640,640,8,batch_0008,176,datasets/df_2024_proportional/batch_0008/images/c231f9e031daa295c0311a90102add53d791b56b.jpg,https://raw.githubusercontent.com/GUIA-DD/dataset-streetview/refs/heads/main/datasets/df_2024_proportional/batch_0008/images/c231f9e031daa295c0311a90102add53d791b56b.jpg,True,downloaded,
2eb0e13ba4abd6a7e88cfaa87517a6305408da02,2ce471e81aabe1a6a678525bbf4b0b2ef0fbacf7,-15.927387000472946,-48.10109504915147,-15.9273575329793,-48.10107633768339,2025-07,2025,p9sEnHKGr3W4NTUzJJp93g,218.18123523839841,© Google,OK,3_2,167950.7522414769,8236628.98101279,1c792597fb9021e0be74ea3615d1a28029910683,cardinal,4,0,0_deg_north,cardinal,0,0,90,640,640,8,batch_0008,177,datasets/df_2024_proportional/batch_0008/images/1c792597fb9021e0be74ea3615d1a28029910683.jpg,https://raw.githubusercontent.com/GUIA-DD/dataset-streetview/refs/heads/main/datasets/df_2024_proportional/batch_0008/images/1c792597fb9021e0be74ea3615d1a28029910683.jpg,True,downloaded,
2eb0e13ba4abd6a7e88cfaa87517a6305408da02,2ce471e81aabe1a6a678525bbf4b0b2ef0fbacf7,-15.927387000472946,-48.10109504915147,-15.9273575329793,-48.10107633768339,2025-07,2025,p9sEnHKGr3W4NTUzJJp93g,218.18123523839841,© Google,OK,3_2,167950.7522414769,8236628.98101279,52257a0258fa57762f4ddb21218f071616e9f05c,cardinal,4,1,90_deg_east,cardinal,90,0,90,640,640,8,batch_0008,178,datasets/df_2024_proportional/batch_0008/images/52257a0258fa57762f4ddb21218f071616e9f05c.jpg,https://raw.githubusercontent.com/GUIA-DD/dataset-streetview/refs/heads/main/datasets/df_2024_proportional/batch_0008/images/52257a0258fa57762f4ddb21218f071616e9f05c.jpg,True,downloaded,
2eb0e13ba4abd6a7e88cfaa87517a6305408da02,2ce471e81aabe1a6a678525bbf4b0b2ef0fbacf7,-15.927387000472946,-48.10109504915147,-15.9273575329793,-48.10107633768339,2025-07,2025,p9sEnHKGr3W4NTUzJJp93g,218.18123523839841,© Google,OK,3_2,167950.7522414769,8236628.98101279,286ca590fc3ab70bf1b48aba793146b772def6af,cardinal,4,2,180_deg_south,cardinal,180,0,90,640,640,8,batch_0008,179,datasets/df_2024_proportional/batch_0008/images/286ca590fc3ab70bf1b48aba793146b772def6af.jpg,https://raw.githubusercontent.com/GUIA-DD/dataset-streetview/refs/heads/main/datasets/df_2024_proportional/batch_0008/images/286ca590fc3ab70bf1b48aba793146b772def6af.jpg,True,downloaded,
2eb0e13ba4abd6a7e88cfaa87517a6305408da02,2ce471e81aabe1a6a678525bbf4b0b2ef0fbacf7,-15.927387000472946,-48.10109504915147,-15.9273575329793,-48.10107633768339,2025-07,2025,p9sEnHKGr3W4NTUzJJp93g,218.18123523839841,© Google,OK,3_2,167950.7522414769,8236628.98101279,0499620407ae25721e7a2e3cefd7ca3d6e8c59af,cardinal,4,3,270_deg_west,cardinal,270,0,90,640,640,8,batch_0008,180,datasets/df_2024_proportional/batch_0008/images/0499620407ae25721e7a2e3cefd7ca3d6e8c59af.jpg,https://raw.githubusercontent.com/GUIA-DD/dataset-streetview/refs/heads/main/datasets/df_2024_proportional/batch_0008/images/0499620407ae25721e7a2e3cefd7ca3d6e8c59af.jpg,True,downloaded,
2ef7ed2566a3a351e6abbd29c31b5fd47c6362f0,5f5f1059a0608b234965e6111e68826a37c45905,-15.602796550761896,-47.69366029946194,-15.60280935175779,-47.69365422329417,2024-07,2024,kv0RCQbkXRvAz8k17vOrOg,64.6250334110792,© Google,OK,12_10,211146.9577567808,8273173.00184757,548b30981474800ca607e9b7075f10a8905a500c,cardinal,4,0,0_deg_north,cardinal,0,0,90,640,640,8,batch_0008,181,datasets/df_2024_proportional/batch_0008/images/548b30981474800ca607e9b7075f10a8905a500c.jpg,https://raw.githubusercontent.com/GUIA-DD/dataset-streetview/refs/heads/main/datasets/df_2024_proportional/batch_0008/images/548b30981474800ca607e9b7075f10a8905a500c.jpg,True,downloaded,
2ef7ed2566a3a351e6abbd29c31b5fd47c6362f0,5f5f1059a0608b234965e6111e68826a37c45905,-15.602796550761896,-47.69366029946194,-15.60280935175779,-47.69365422329417,2024-07,2024,kv0RCQbkXRvAz8k17vOrOg,64.6250334110792,© Google,OK,12_10,211146.9577567808,8273173.00184757,971ad0cc7339530f590ae2e030825380ac7d9889,cardinal,4,1,90_deg_east,cardinal,90,0,90,640,640,8,batch_0008,182,datasets/df_2024_proportional/batch_0008/images/971ad0cc7339530f590ae2e030825380ac7d9889.jpg,https://raw.githubusercontent.com/GUIA-DD/dataset-streetview/refs/heads/main/datasets/df_2024_proportional/batch_0008/images/971ad0cc7339530f590ae2e030825380ac7d9889.jpg,True,downloaded,
2ef7ed2566a3a351e6abbd29c31b5fd47c6362f0,5f5f1059a0608b234965e6111e68826a37c45905,-15.602796550761896,-47.69366029946194,-15.60280935175779,-47.69365422329417,2024-07,2024,kv0RCQbkXRvAz8k17vOrOg,64.6250334110792,© Google,OK,12_10,211146.9577567808,8273173.00184757,98bf06f11596bca036b70a15b22db58a06cca52e,cardinal,4,2,180_deg_south,cardinal,180,0,90,640,640,8,batch_0008,183,datasets/df_2024_proportional/batch_0008/images/98bf06f11596bca036b70a15b22db58a06cca52e.jpg,https://raw.githubusercontent.com/GUIA-DD/dataset-streetview/refs/heads/main/datasets/df_2024_proportional/batch_0008/images/98bf06f11596bca036b70a15b22db58a06cca52e.jpg,True,downloaded,
2ef7ed2566a3a351e6abbd29c31b5fd47c6362f0,5f5f1059a0608b234965e6111e68826a37c45905,-15.602796550761896,-47.69366029946194,-15.60280935175779,-47.69365422329417,2024-07,2024,kv0RCQbkXRvAz8k17vOrOg,64.6250334110792,© Google,OK,12_10,211146.9577567808,8273173.00184757,90d70bc281eff24f8d68e20502a9cabdc7987897,cardinal,4,3,270_deg_west,cardinal,270,0,90,640,640,8,batch_0008,184,datasets/df_2024_proportional/batch_0008/images/90d70bc281eff24f8d68e20502a9cabdc7987897.jpg,https://raw.githubusercontent.com/GUIA-DD/dataset-streetview/refs/heads/main/datasets/df_2024_proportional/batch_0008/images/90d70bc281eff24f8d68e20502a9cabdc7987897.jpg,True,downloaded,
2f95380a4a4cc893170e045936c78551bf81eb91,739a3ee4c39f60710f3312dad44913063a3a9ea6,-15.841996924378263,-47.97263692490085,-15.84199438551365,-47.97265649165459,2024-06,2024,IDv-MWFl4F8bKwzMpmUkwA,261.9113020356144,© Google,OK,6_4,181581.77015544553,8246285.5547798425,17d71eae388c288c70866fd7c59ca7d9d14a8efa,cardinal,4,0,0_deg_north,cardinal,0,0,90,640,640,8,batch_0008,185,datasets/df_2024_proportional/batch_0008/images/17d71eae388c288c70866fd7c59ca7d9d14a8efa.jpg,https://raw.githubusercontent.com/GUIA-DD/dataset-streetview/refs/heads/main/datasets/df_2024_proportional/batch_0008/images/17d71eae388c288c70866fd7c59ca7d9d14a8efa.jpg,True,downloaded,
2f95380a4a4cc893170e045936c78551bf81eb91,739a3ee4c39f60710f3312dad44913063a3a9ea6,-15.841996924378263,-47.97263692490085,-15.84199438551365,-47.97265649165459,2024-06,2024,IDv-MWFl4F8bKwzMpmUkwA,261.9113020356144,© Google,OK,6_4,181581.77015544553,8246285.5547798425,35a93be5c0e33c66297e57e76ec05062084e4b80,cardinal,4,1,90_deg_east,cardinal,90,0,90,640,640,8,batch_0008,186,datasets/df_2024_proportional/batch_0008/images/35a93be5c0e33c66297e57e76ec05062084e4b80.jpg,https://raw.githubusercontent.com/GUIA-DD/dataset-streetview/refs/heads/main/datasets/df_2024_proportional/batch_0008/images/35a93be5c0e33c66297e57e76ec05062084e4b80.jpg,True,downloaded,
2f95380a4a4cc893170e045936c78551bf81eb91,739a3ee4c39f60710f3312dad44913063a3a9ea6,-15.841996924378263,-47.97263692490085,-15.84199438551365,-47.97265649165459,2024-06,2024,IDv-MWFl4F8bKwzMpmUkwA,261.9113020356144,© Google,OK,6_4,181581.77015544553,8246285.5547798425,2f61bc5b0d5f812d895d0f89e54075030242706b,cardinal,4,2,180_deg_south,cardinal,180,0,90,640,640,8,batch_0008,187,datasets/df_2024_proportional/batch_0008/images/2f61bc5b0d5f812d895d0f89e54075030242706b.jpg,https://raw.githubusercontent.com/GUIA-DD/dataset-streetview/refs/heads/main/datasets/df_2024_proportional/batch_0008/images/2f61bc5b0d5f812d895d0f89e54075030242706b.jpg,True,downloaded,
2f95380a4a4cc893170e045936c78551bf81eb91,739a3ee4c39f60710f3312dad44913063a3a9ea6,-15.841996924378263,-47.97263692490085,-15.84199438551365,-47.97265649165459,2024-06,2024,IDv-MWFl4F8bKwzMpmUkwA,261.9113020356144,© Google,OK,6_4,181581.77015544553,8246285.5547798425,f16f4ceaa4bf0eb9a590b7dd1e6c4ac49ba406df,cardinal,4,3,270_deg_west,cardinal,270,0,90,640,640,8,batch_0008,188,datasets/df_2024_proportional/batch_0008/images/f16f4ceaa4bf0eb9a590b7dd1e6c4ac49ba406df.jpg,https://raw.githubusercontent.com/GUIA-DD/dataset-streetview/refs/heads/main/datasets/df_2024_proportional/batch_0008/images/f16f4ceaa4bf0eb9a590b7dd1e6c4ac49ba406df.jpg,True,downloaded,
31f9f0caf4b076505db1411ac7197600a6ba48c4,9882031ae087da9bfb351a883f69c7f778c384ad,-15.620114200000417,-47.650483299997255,-15.62012924959706,-47.6504857443858,2024-08,2024,C8VC2HfxYJNva9wQPK6Yrg,184.19008865732658,© Google,OK,13_9,215803.77150886494,8271313.879486685,efe899126d253120e9b1c712d5794ef5f42c7c05,cardinal,4,0,0_deg_north,cardinal,0,0,90,640,640,8,batch_0008,189,datasets/df_2024_proportional/batch_0008/images/efe899126d253120e9b1c712d5794ef5f42c7c05.jpg,https://raw.githubusercontent.com/GUIA-DD/dataset-streetview/refs/heads/main/datasets/df_2024_proportional/batch_0008/images/efe899126d253120e9b1c712d5794ef5f42c7c05.jpg,True,downloaded,
31f9f0caf4b076505db1411ac7197600a6ba48c4,9882031ae087da9bfb351a883f69c7f778c384ad,-15.620114200000417,-47.650483299997255,-15.62012924959706,-47.6504857443858,2024-08,2024,C8VC2HfxYJNva9wQPK6Yrg,184.19008865732658,© Google,OK,13_9,215803.77150886494,8271313.879486685,5536a7e54d63edeb450e433049af64c9dad75b1d,cardinal,4,1,90_deg_east,cardinal,90,0,90,640,640,8,batch_0008,190,datasets/df_2024_proportional/batch_0008/images/5536a7e54d63edeb450e433049af64c9dad75b1d.jpg,https://raw.githubusercontent.com/GUIA-DD/dataset-streetview/refs/heads/main/datasets/df_2024_proportional/batch_0008/images/5536a7e54d63edeb450e433049af64c9dad75b1d.jpg,True,downloaded,
31f9f0caf4b076505db1411ac7197600a6ba48c4,9882031ae087da9bfb351a883f69c7f778c384ad,-15.620114200000417,-47.650483299997255,-15.62012924959706,-47.6504857443858,2024-08,2024,C8VC2HfxYJNva9wQPK6Yrg,184.19008865732658,© Google,OK,13_9,215803.77150886494,8271313.879486685,f2a3dc5dd0e3d76cf8e9c4532d9dcbcb94adda8e,cardinal,4,2,180_deg_south,cardinal,180,0,90,640,640,8,batch_0008,191,datasets/df_2024_proportional/batch_0008/images/f2a3dc5dd0e3d76cf8e9c4532d9dcbcb94adda8e.jpg,https://raw.githubusercontent.com/GUIA-DD/dataset-streetview/refs/heads/main/datasets/df_2024_proportional/batch_0008/images/f2a3dc5dd0e3d76cf8e9c4532d9dcbcb94adda8e.jpg,True,downloaded,
31f9f0caf4b076505db1411ac7197600a6ba48c4,9882031ae087da9bfb351a883f69c7f778c384ad,-15.620114200000417,-47.650483299997255,-15.62012924959706,-47.6504857443858,2024-08,2024,C8VC2HfxYJNva9wQPK6Yrg,184.19008865732658,© Google,OK,13_9,215803.77150886494,8271313.879486685,103bea03c076c14bb861f50c7f84f06b4dae5d5c,cardinal,4,3,270_deg_west,cardinal,270,0,90,640,640,8,batch_0008,192,datasets/df_2024_proportional/batch_0008/images/103bea03c076c14bb861f50c7f84f06b4dae5d5c.jpg,https://raw.githubusercontent.com/GUIA-DD/dataset-streetview/refs/heads/main/datasets/df_2024_proportional/batch_0008/images/103bea03c076c14bb861f50c7f84f06b4dae5d5c.jpg,True,downloaded,
32b107f9f9c7fdd0c64dedd8f9c4706740a759df,3683a9b585e564a1706c5dca8d1a380a45ad5279,-15.888447050012157,-47.79958784998265,-15.88841237011708,-47.79963774737163,2025-01,2025,Jdp1UPR8nBO6MU9AQDEd2g,46.51120511179646,© Google,OK,10_3,200199.96122403623,8241397.599967123,d6697de9957fb625d059e980fd5a2a2c3ee52f3d,cardinal,4,0,0_deg_north,cardinal,0,0,90,640,640,8,batch_0008,193,datasets/df_2024_proportional/batch_0008/images/d6697de9957fb625d059e980fd5a2a2c3ee52f3d.jpg,https://raw.githubusercontent.com/GUIA-DD/dataset-streetview/refs/heads/main/datasets/df_2024_proportional/batch_0008/images/d6697de9957fb625d059e980fd5a2a2c3ee52f3d.jpg,True,downloaded,
32b107f9f9c7fdd0c64dedd8f9c4706740a759df,3683a9b585e564a1706c5dca8d1a380a45ad5279,-15.888447050012157,-47.79958784998265,-15.88841237011708,-47.79963774737163,2025-01,2025,Jdp1UPR8nBO6MU9AQDEd2g,46.51120511179646,© Google,OK,10_3,200199.96122403623,8241397.599967123,fb5f5273989fea6be196aa67c8acf7d1268ea837,cardinal,4,1,90_deg_east,cardinal,90,0,90,640,640,8,batch_0008,194,datasets/df_2024_proportional/batch_0008/images/fb5f5273989fea6be196aa67c8acf7d1268ea837.jpg,https://raw.githubusercontent.com/GUIA-DD/dataset-streetview/refs/heads/main/datasets/df_2024_proportional/batch_0008/images/fb5f5273989fea6be196aa67c8acf7d1268ea837.jpg,True,downloaded,
32b107f9f9c7fdd0c64dedd8f9c4706740a759df,3683a9b585e564a1706c5dca8d1a380a45ad5279,-15.888447050012157,-47.79958784998265,-15.88841237011708,-47.79963774737163,2025-01,2025,Jdp1UPR8nBO6MU9AQDEd2g,46.51120511179646,© Google,OK,10_3,200199.96122403623,8241397.599967123,25f468252b58fd4c3fe90cb49d97e2738395138f,cardinal,4,2,180_deg_south,cardinal,180,0,90,640,640,8,batch_0008,195,datasets/df_2024_proportional/batch_0008/images/25f468252b58fd4c3fe90cb49d97e2738395138f.jpg,https://raw.githubusercontent.com/GUIA-DD/dataset-streetview/refs/heads/main/datasets/df_2024_proportional/batch_0008/images/25f468252b58fd4c3fe90cb49d97e2738395138f.jpg,True,downloaded,
32b107f9f9c7fdd0c64dedd8f9c4706740a759df,3683a9b585e564a1706c5dca8d1a380a45ad5279,-15.888447050012157,-47.79958784998265,-15.88841237011708,-47.79963774737163,2025-01,2025,Jdp1UPR8nBO6MU9AQDEd2g,46.51120511179646,© Google,OK,10_3,200199.96122403623,8241397.599967123,98f0d694ce33c7a6d972dcdf60a54a70b504dcc8,cardinal,4,3,270_deg_west,cardinal,270,0,90,640,640,8,batch_0008,196,datasets/df_2024_proportional/batch_0008/images/98f0d694ce33c7a6d972dcdf60a54a70b504dcc8.jpg,https://raw.githubusercontent.com/GUIA-DD/dataset-streetview/refs/heads/main/datasets/df_2024_proportional/batch_0008/images/98f0d694ce33c7a6d972dcdf60a54a70b504dcc8.jpg,True,downloaded,
3409998fbeb2d266f8b6ff041bc6b2af22e864c2,9c3d1268c128cc31be7d0a0144a0a7057d08ae6e,-15.903153849999974,-48.05726785001178,-15.90313849583963,-48.0572776650756,2025-07,2025,F6s4JC_AW8XylImKKIrAFQ,162.1303566266982,© Google,OK,4_3,172608.073837739,8239382.095656787,36dc6993d1d484cfa08108851166bd8223aa85c7,cardinal,4,0,0_deg_north,cardinal,0,0,90,640,640,8,batch_0008,197,datasets/df_2024_proportional/batch_0008/images/36dc6993d1d484cfa08108851166bd8223aa85c7.jpg,https://raw.githubusercontent.com/GUIA-DD/dataset-streetview/refs/heads/main/datasets/df_2024_proportional/batch_0008/images/36dc6993d1d484cfa08108851166bd8223aa85c7.jpg,True,downloaded,
3409998fbeb2d266f8b6ff041bc6b2af22e864c2,9c3d1268c128cc31be7d0a0144a0a7057d08ae6e,-15.903153849999974,-48.05726785001178,-15.90313849583963,-48.0572776650756,2025-07,2025,F6s4JC_AW8XylImKKIrAFQ,162.1303566266982,© Google,OK,4_3,172608.073837739,8239382.095656787,88d4d123de9ab04a42a6fd9d63cefbf423926b40,cardinal,4,1,90_deg_east,cardinal,90,0,90,640,640,8,batch_0008,198,datasets/df_2024_proportional/batch_0008/images/88d4d123de9ab04a42a6fd9d63cefbf423926b40.jpg,https://raw.githubusercontent.com/GUIA-DD/dataset-streetview/refs/heads/main/datasets/df_2024_proportional/batch_0008/images/88d4d123de9ab04a42a6fd9d63cefbf423926b40.jpg,True,downloaded,
3409998fbeb2d266f8b6ff041bc6b2af22e864c2,9c3d1268c128cc31be7d0a0144a0a7057d08ae6e,-15.903153849999974,-48.05726785001178,-15.90313849583963,-48.0572776650756,2025-07,2025,F6s4JC_AW8XylImKKIrAFQ,162.1303566266982,© Google,OK,4_3,172608.073837739,8239382.095656787,014addc47a71f31c70d2048be6501415673c6df3,cardinal,4,2,180_deg_south,cardinal,180,0,90,640,640,8,batch_0008,199,datasets/df_2024_proportional/batch_0008/images/014addc47a71f31c70d2048be6501415673c6df3.jpg,https://raw.githubusercontent.com/GUIA-DD/dataset-streetview/refs/heads/main/datasets/df_2024_proportional/batch_0008/images/014addc47a71f31c70d2048be6501415673c6df3.jpg,True,downloaded,
3409998fbeb2d266f8b6ff041bc6b2af22e864c2,9c3d1268c128cc31be7d0a0144a0a7057d08ae6e,-15.903153849999974,-48.05726785001178,-15.90313849583963,-48.0572776650756,2025-07,2025,F6s4JC_AW8XylImKKIrAFQ,162.1303566266982,© Google,OK,4_3,172608.073837739,8239382.095656787,2399db54ef47785bde37d3c0d68e2354949bd768,cardinal,4,3,270_deg_west,cardinal,270,0,90,640,640,8,batch_0008,200,datasets/df_2024_proportional/batch_0008/images/2399db54ef47785bde37d3c0d68e2354949bd768.jpg,https://raw.githubusercontent.com/GUIA-DD/dataset-streetview/refs/heads/main/datasets/df_2024_proportional/batch_0008/images/2399db54ef47785bde37d3c0d68e2354949bd768.jpg,True,downloaded,
3505c4ca9b08c34f9aaf63c0a8a653a32cda4aff,2b229324a63fd5ef4d2839a960185c37464f5301,-15.800802502321995,-47.93927220778218,-15.8008154140089,-47.93927952587988,2024-05,2024,ceJ_xzE4uP89hvE9UCMiJA,10.879461990742087,© Google,OK,7_5,185094.52232739088,8250897.737198477,aa224250c916af790e0471032f73f09dc66a8754,cardinal,4,0,0_deg_north,cardinal,0,0,90,640,640,8,batch_0008,201,datasets/df_2024_proportional/batch_0008/images/aa224250c916af790e0471032f73f09dc66a8754.jpg,https://raw.githubusercontent.com/GUIA-DD/dataset-streetview/refs/heads/main/datasets/df_2024_proportional/batch_0008/images/aa224250c916af790e0471032f73f09dc66a8754.jpg,True,downloaded,
3505c4ca9b08c34f9aaf63c0a8a653a32cda4aff,2b229324a63fd5ef4d2839a960185c37464f5301,-15.800802502321995,-47.93927220778218,-15.8008154140089,-47.93927952587988,2024-05,2024,ceJ_xzE4uP89hvE9UCMiJA,10.879461990742087,© Google,OK,7_5,185094.52232739088,8250897.737198477,787e60ccea85563a27aa5567906b3321b192f75e,cardinal,4,1,90_deg_east,cardinal,90,0,90,640,640,8,batch_0008,202,datasets/df_2024_proportional/batch_0008/images/787e60ccea85563a27aa5567906b3321b192f75e.jpg,https://raw.githubusercontent.com/GUIA-DD/dataset-streetview/refs/heads/main/datasets/df_2024_proportional/batch_0008/images/787e60ccea85563a27aa5567906b3321b192f75e.jpg,True,downloaded,
3505c4ca9b08c34f9aaf63c0a8a653a32cda4aff,2b229324a63fd5ef4d2839a960185c37464f5301,-15.800802502321995,-47.93927220778218,-15.8008154140089,-47.93927952587988,2024-05,2024,ceJ_xzE4uP89hvE9UCMiJA,10.879461990742087,© Google,OK,7_5,185094.52232739088,8250897.737198477,44544ee57761af9ccd7e7ccd7e3a5a53d1d58cfc,cardinal,4,2,180_deg_south,cardinal,180,0,90,640,640,8,batch_0008,203,datasets/df_2024_proportional/batch_0008/images/44544ee57761af9ccd7e7ccd7e3a5a53d1d58cfc.jpg,https://raw.githubusercontent.com/GUIA-DD/dataset-streetview/refs/heads/main/datasets/df_2024_proportional/batch_0008/images/44544ee57761af9ccd7e7ccd7e3a5a53d1d58cfc.jpg,True,downloaded,
3505c4ca9b08c34f9aaf63c0a8a653a32cda4aff,2b229324a63fd5ef4d2839a960185c37464f5301,-15.800802502321995,-47.93927220778218,-15.8008154140089,-47.93927952587988,2024-05,2024,ceJ_xzE4uP89hvE9UCMiJA,10.879461990742087,© Google,OK,7_5,185094.52232739088,8250897.737198477,3c66df12c22e07a623961418ef09f4e264976981,cardinal,4,3,270_deg_west,cardinal,270,0,90,640,640,8,batch_0008,204,datasets/df_2024_proportional/batch_0008/images/3c66df12c22e07a623961418ef09f4e264976981.jpg,https://raw.githubusercontent.com/GUIA-DD/dataset-streetview/refs/heads/main/datasets/df_2024_proportional/batch_0008/images/3c66df12c22e07a623961418ef09f4e264976981.jpg,True,downloaded,
370f2cbb4b985b6515ff2681233b8ccdd0581fe4,370595ce908b13c44215c4e334c0d565a6ff2202,-15.74972889823088,-47.885378632012106,-15.74972194202239,-47.88540139447795,2024-06,2024,iCylEIwnEN5iQy9jXIJxZg,163.15513531629435,© Google,OK,8_6,190795.26168192137,8256633.292489239,6d3f9e3c611d1012ce87813eaeeff06962a8eec7,cardinal,4,0,0_deg_north,cardinal,0,0,90,640,640,8,batch_0008,205,datasets/df_2024_proportional/batch_0008/images/6d3f9e3c611d1012ce87813eaeeff06962a8eec7.jpg,https://raw.githubusercontent.com/GUIA-DD/dataset-streetview/refs/heads/main/datasets/df_2024_proportional/batch_0008/images/6d3f9e3c611d1012ce87813eaeeff06962a8eec7.jpg,True,downloaded,
370f2cbb4b985b6515ff2681233b8ccdd0581fe4,370595ce908b13c44215c4e334c0d565a6ff2202,-15.74972889823088,-47.885378632012106,-15.74972194202239,-47.88540139447795,2024-06,2024,iCylEIwnEN5iQy9jXIJxZg,163.15513531629435,© Google,OK,8_6,190795.26168192137,8256633.292489239,a01b530a5848adaa68d9f76995252811b0d095f2,cardinal,4,1,90_deg_east,cardinal,90,0,90,640,640,8,batch_0008,206,datasets/df_2024_proportional/batch_0008/images/a01b530a5848adaa68d9f76995252811b0d095f2.jpg,https://raw.githubusercontent.com/GUIA-DD/dataset-streetview/refs/heads/main/datasets/df_2024_proportional/batch_0008/images/a01b530a5848adaa68d9f76995252811b0d095f2.jpg,True,downloaded,
370f2cbb4b985b6515ff2681233b8ccdd0581fe4,370595ce908b13c44215c4e334c0d565a6ff2202,-15.74972889823088,-47.885378632012106,-15.74972194202239,-47.88540139447795,2024-06,2024,iCylEIwnEN5iQy9jXIJxZg,163.15513531629435,© Google,OK,8_6,190795.26168192137,8256633.292489239,9be19cd01613d5e101a3ee56f8f4981c05376a99,cardinal,4,2,180_deg_south,cardinal,180,0,90,640,640,8,batch_0008,207,datasets/df_2024_proportional/batch_0008/images/9be19cd01613d5e101a3ee56f8f4981c05376a99.jpg,https://raw.githubusercontent.com/GUIA-DD/dataset-streetview/refs/heads/main/datasets/df_2024_proportional/batch_0008/images/9be19cd01613d5e101a3ee56f8f4981c05376a99.jpg,True,downloaded,
370f2cbb4b985b6515ff2681233b8ccdd0581fe4,370595ce908b13c44215c4e334c0d565a6ff2202,-15.74972889823088,-47.885378632012106,-15.74972194202239,-47.88540139447795,2024-06,2024,iCylEIwnEN5iQy9jXIJxZg,163.15513531629435,© Google,OK,8_6,190795.26168192137,8256633.292489239,e04822a18e9ee8141951647e70cb6ea5e2367915,cardinal,4,3,270_deg_west,cardinal,270,0,90,640,640,8,batch_0008,208,datasets/df_2024_proportional/batch_0008/images/e04822a18e9ee8141951647e70cb6ea5e2367915.jpg,https://raw.githubusercontent.com/GUIA-DD/dataset-streetview/refs/heads/main/datasets/df_2024_proportional/batch_0008/images/e04822a18e9ee8141951647e70cb6ea5e2367915.jpg,True,downloaded,
37db0dd7aff75a241f532f74cd164269eae92a59,45b8728d472ad4f310a034f11a0df2cc0834ecc4,-15.870359867139069,-48.07061125074985,-15.87035719965736,-48.07062279759789,2025-06,2025,7iEhbXTcgyki5iHqyj4NaQ,357.6072286233424,© Google,OK,4_4,171124.67515518758,8242993.032499158,9d000c68a966b5d1bfcb10b98770977e6233218a,cardinal,4,0,0_deg_north,cardinal,0,0,90,640,640,8,batch_0008,209,datasets/df_2024_proportional/batch_0008/images/9d000c68a966b5d1bfcb10b98770977e6233218a.jpg,https://raw.githubusercontent.com/GUIA-DD/dataset-streetview/refs/heads/main/datasets/df_2024_proportional/batch_0008/images/9d000c68a966b5d1bfcb10b98770977e6233218a.jpg,True,downloaded,
37db0dd7aff75a241f532f74cd164269eae92a59,45b8728d472ad4f310a034f11a0df2cc0834ecc4,-15.870359867139069,-48.07061125074985,-15.87035719965736,-48.07062279759789,2025-06,2025,7iEhbXTcgyki5iHqyj4NaQ,357.6072286233424,© Google,OK,4_4,171124.67515518758,8242993.032499158,4d1695557b60416108f39894184d2fe17edb6f6f,cardinal,4,1,90_deg_east,cardinal,90,0,90,640,640,8,batch_0008,210,datasets/df_2024_proportional/batch_0008/images/4d1695557b60416108f39894184d2fe17edb6f6f.jpg,https://raw.githubusercontent.com/GUIA-DD/dataset-streetview/refs/heads/main/datasets/df_2024_proportional/batch_0008/images/4d1695557b60416108f39894184d2fe17edb6f6f.jpg,True,downloaded,
37db0dd7aff75a241f532f74cd164269eae92a59,45b8728d472ad4f310a034f11a0df2cc0834ecc4,-15.870359867139069,-48.07061125074985,-15.87035719965736,-48.07062279759789,2025-06,2025,7iEhbXTcgyki5iHqyj4NaQ,357.6072286233424,© Google,OK,4_4,171124.67515518758,8242993.032499158,0aa753d65173eb3b342c1c5384a983dd8c1d5e28,cardinal,4,2,180_deg_south,cardinal,180,0,90,640,640,8,batch_0008,211,datasets/df_2024_proportional/batch_0008/images/0aa753d65173eb3b342c1c5384a983dd8c1d5e28.jpg,https://raw.githubusercontent.com/GUIA-DD/dataset-streetview/refs/heads/main/datasets/df_2024_proportional/batch_0008/images/0aa753d65173eb3b342c1c5384a983dd8c1d5e28.jpg,True,downloaded,
37db0dd7aff75a241f532f74cd164269eae92a59,45b8728d472ad4f310a034f11a0df2cc0834ecc4,-15.870359867139069,-48.07061125074985,-15.87035719965736,-48.07062279759789,2025-06,2025,7iEhbXTcgyki5iHqyj4NaQ,357.6072286233424,© Google,OK,4_4,171124.67515518758,8242993.032499158,9d947caa16cb96c1e5e484fff715b6d30916913d,cardinal,4,3,270_deg_west,cardinal,270,0,90,640,640,8,batch_0008,212,datasets/df_2024_proportional/batch_0008/images/9d947caa16cb96c1e5e484fff715b6d30916913d.jpg,https://raw.githubusercontent.com/GUIA-DD/dataset-streetview/refs/heads/main/datasets/df_2024_proportional/batch_0008/images/9d947caa16cb96c1e5e484fff715b6d30916913d.jpg,True,downloaded,
38b299194e4fb4fd93e2c7b190c201c526a072a4,f4ca943992a84ccb90c266523315138e7afb3027,-15.794523615997399,-47.85038881255701,-15.79451752289131,-47.85034588887974,2024-05,2024,TMQJX-tpWR8f_9vGT7KkfQ,99.6457618195201,© Google,OK,9_5,194614.66392642734,8251724.213433592,073175a5d1301c00eaaa28e4e921df3f77c34e54,cardinal,4,0,0_deg_north,cardinal,0,0,90,640,640,8,batch_0008,213,datasets/df_2024_proportional/batch_0008/images/073175a5d1301c00eaaa28e4e921df3f77c34e54.jpg,https://raw.githubusercontent.com/GUIA-DD/dataset-streetview/refs/heads/main/datasets/df_2024_proportional/batch_0008/images/073175a5d1301c00eaaa28e4e921df3f77c34e54.jpg,True,downloaded,
38b299194e4fb4fd93e2c7b190c201c526a072a4,f4ca943992a84ccb90c266523315138e7afb3027,-15.794523615997399,-47.85038881255701,-15.79451752289131,-47.85034588887974,2024-05,2024,TMQJX-tpWR8f_9vGT7KkfQ,99.6457618195201,© Google,OK,9_5,194614.66392642734,8251724.213433592,cb61e8b0d665d2541b62d0e2843e5a1387dbd769,cardinal,4,1,90_deg_east,cardinal,90,0,90,640,640,8,batch_0008,214,datasets/df_2024_proportional/batch_0008/images/cb61e8b0d665d2541b62d0e2843e5a1387dbd769.jpg,https://raw.githubusercontent.com/GUIA-DD/dataset-streetview/refs/heads/main/datasets/df_2024_proportional/batch_0008/images/cb61e8b0d665d2541b62d0e2843e5a1387dbd769.jpg,True,downloaded,
38b299194e4fb4fd93e2c7b190c201c526a072a4,f4ca943992a84ccb90c266523315138e7afb3027,-15.794523615997399,-47.85038881255701,-15.79451752289131,-47.85034588887974,2024-05,2024,TMQJX-tpWR8f_9vGT7KkfQ,99.6457618195201,© Google,OK,9_5,194614.66392642734,8251724.213433592,e4ec4f0a84fb002e2163ff577a6f5da5bd05dc5c,cardinal,4,2,180_deg_south,cardinal,180,0,90,640,640,8,batch_0008,215,datasets/df_2024_proportional/batch_0008/images/e4ec4f0a84fb002e2163ff577a6f5da5bd05dc5c.jpg,https://raw.githubusercontent.com/GUIA-DD/dataset-streetview/refs/heads/main/datasets/df_2024_proportional/batch_0008/images/e4ec4f0a84fb002e2163ff577a6f5da5bd05dc5c.jpg,True,downloaded,
38b299194e4fb4fd93e2c7b190c201c526a072a4,f4ca943992a84ccb90c266523315138e7afb3027,-15.794523615997399,-47.85038881255701,-15.79451752289131,-47.85034588887974,2024-05,2024,TMQJX-tpWR8f_9vGT7KkfQ,99.6457618195201,© Google,OK,9_5,194614.66392642734,8251724.213433592,47b935a834838d45c19d905eb207b0702b1b10ae,cardinal,4,3,270_deg_west,cardinal,270,0,90,640,640,8,batch_0008,216,datasets/df_2024_proportional/batch_0008/images/47b935a834838d45c19d905eb207b0702b1b10ae.jpg,https://raw.githubusercontent.com/GUIA-DD/dataset-streetview/refs/heads/main/datasets/df_2024_proportional/batch_0008/images/47b935a834838d45c19d905eb207b0702b1b10ae.jpg,True,downloaded,
391d725b60c526213ecdd7c717ef39f2e910c40f,ba2bc8c19c2fa4be90da993612678f47b36a567b,-16.026109487973862,-48.052201636365595,-16.02613364969511,-48.05218153371248,2025-05,2025,DUX8hz1EtcFPfCg1mPih4Q,120.32974651036015,© Google,OK,4_0,173350.7446917928,8225772.909575117,bcee8e1bdd61a30cca17ef71c5737b9119c86ff6,cardinal,4,0,0_deg_north,cardinal,0,0,90,640,640,8,batch_0008,217,datasets/df_2024_proportional/batch_0008/images/bcee8e1bdd61a30cca17ef71c5737b9119c86ff6.jpg,https://raw.githubusercontent.com/GUIA-DD/dataset-streetview/refs/heads/main/datasets/df_2024_proportional/batch_0008/images/bcee8e1bdd61a30cca17ef71c5737b9119c86ff6.jpg,True,downloaded,
391d725b60c526213ecdd7c717ef39f2e910c40f,ba2bc8c19c2fa4be90da993612678f47b36a567b,-16.026109487973862,-48.052201636365595,-16.02613364969511,-48.05218153371248,2025-05,2025,DUX8hz1EtcFPfCg1mPih4Q,120.32974651036015,© Google,OK,4_0,173350.7446917928,8225772.909575117,646af50c0c9ec173051618c489a0c2a86e2185e5,cardinal,4,1,90_deg_east,cardinal,90,0,90,640,640,8,batch_0008,218,datasets/df_2024_proportional/batch_0008/images/646af50c0c9ec173051618c489a0c2a86e2185e5.jpg,https://raw.githubusercontent.com/GUIA-DD/dataset-streetview/refs/heads/main/datasets/df_2024_proportional/batch_0008/images/646af50c0c9ec173051618c489a0c2a86e2185e5.jpg,True,downloaded,
391d725b60c526213ecdd7c717ef39f2e910c40f,ba2bc8c19c2fa4be90da993612678f47b36a567b,-16.026109487973862,-48.052201636365595,-16.02613364969511,-48.05218153371248,2025-05,2025,DUX8hz1EtcFPfCg1mPih4Q,120.32974651036015,© Google,OK,4_0,173350.7446917928,8225772.909575117,231b59c3d5e0ab4640d35340ea73803704294066,cardinal,4,2,180_deg_south,cardinal,180,0,90,640,640,8,batch_0008,219,datasets/df_2024_proportional/batch_0008/images/231b59c3d5e0ab4640d35340ea73803704294066.jpg,https://raw.githubusercontent.com/GUIA-DD/dataset-streetview/refs/heads/main/datasets/df_2024_proportional/batch_0008/images/231b59c3d5e0ab4640d35340ea73803704294066.jpg,True,downloaded,
391d725b60c526213ecdd7c717ef39f2e910c40f,ba2bc8c19c2fa4be90da993612678f47b36a567b,-16.026109487973862,-48.052201636365595,-16.02613364969511,-48.05218153371248,2025-05,2025,DUX8hz1EtcFPfCg1mPih4Q,120.32974651036015,© Google,OK,4_0,173350.7446917928,8225772.909575117,ad103ff3e690863f35c6757eb75c48a9a346d70c,cardinal,4,3,270_deg_west,cardinal,270,0,90,640,640,8,batch_0008,220,datasets/df_2024_proportional/batch_0008/images/ad103ff3e690863f35c6757eb75c48a9a346d70c.jpg,https://raw.githubusercontent.com/GUIA-DD/dataset-streetview/refs/heads/main/datasets/df_2024_proportional/batch_0008/images/ad103ff3e690863f35c6757eb75c48a9a346d70c.jpg,True,downloaded,
39b897e368df51ce396ef76d19a06b44ef66ce97,b7070e422e8d902295a17bfd1f8a2bc4a7497710,-15.883737750009411,-48.104571600097714,-15.88369781315024,-48.10458933567017,2025-06,2025,SxFqtj1aqShp4ED2CmaW8g,332.16743883407935,© Google,OK,3_3,167506.33140271212,8241457.7026881315,4ebbca80af7ec6cbcb9614ee406dd4dcc811a871,cardinal,4,0,0_deg_north,cardinal,0,0,90,640,640,8,batch_0008,221,datasets/df_2024_proportional/batch_0008/images/4ebbca80af7ec6cbcb9614ee406dd4dcc811a871.jpg,https://raw.githubusercontent.com/GUIA-DD/dataset-streetview/refs/heads/main/datasets/df_2024_proportional/batch_0008/images/4ebbca80af7ec6cbcb9614ee406dd4dcc811a871.jpg,True,downloaded,
39b897e368df51ce396ef76d19a06b44ef66ce97,b7070e422e8d902295a17bfd1f8a2bc4a7497710,-15.883737750009411,-48.104571600097714,-15.88369781315024,-48.10458933567017,2025-06,2025,SxFqtj1aqShp4ED2CmaW8g,332.16743883407935,© Google,OK,3_3,167506.33140271212,8241457.7026881315,f28520e90aea379f79849c7b03158392d4c37329,cardinal,4,1,90_deg_east,cardinal,90,0,90,640,640,8,batch_0008,222,datasets/df_2024_proportional/batch_0008/images/f28520e90aea379f79849c7b03158392d4c37329.jpg,https://raw.githubusercontent.com/GUIA-DD/dataset-streetview/refs/heads/main/datasets/df_2024_proportional/batch_0008/images/f28520e90aea379f79849c7b03158392d4c37329.jpg,True,downloaded,
39b897e368df51ce396ef76d19a06b44ef66ce97,b7070e422e8d902295a17bfd1f8a2bc4a7497710,-15.883737750009411,-48.104571600097714,-15.88369781315024,-48.10458933567017,2025-06,2025,SxFqtj1aqShp4ED2CmaW8g,332.16743883407935,© Google,OK,3_3,167506.33140271212,8241457.7026881315,d7bab9fa0ed724729aeb6956a190ebabd8badfb9,cardinal,4,2,180_deg_south,cardinal,180,0,90,640,640,8,batch_0008,223,datasets/df_2024_proportional/batch_0008/images/d7bab9fa0ed724729aeb6956a190ebabd8badfb9.jpg,https://raw.githubusercontent.com/GUIA-DD/dataset-streetview/refs/heads/main/datasets/df_2024_proportional/batch_0008/images/d7bab9fa0ed724729aeb6956a190ebabd8badfb9.jpg,True,downloaded,
39b897e368df51ce396ef76d19a06b44ef66ce97,b7070e422e8d902295a17bfd1f8a2bc4a7497710,-15.883737750009411,-48.104571600097714,-15.88369781315024,-48.10458933567017,2025-06,2025,SxFqtj1aqShp4ED2CmaW8g,332.16743883407935,© Google,OK,3_3,167506.33140271212,8241457.7026881315,f592a4bbcfc5e745c9abdabb25dda382202dd959,cardinal,4,3,270_deg_west,cardinal,270,0,90,640,640,8,batch_0008,224,datasets/df_2024_proportional/batch_0008/images/f592a4bbcfc5e745c9abdabb25dda382202dd959.jpg,https://raw.githubusercontent.com/GUIA-DD/dataset-streetview/refs/heads/main/datasets/df_2024_proportional/batch_0008/images/f592a4bbcfc5e745c9abdabb25dda382202dd959.jpg,True,downloaded,
3a1ddde61ec07d20b405f34da0967830f3c1ff6f,06dc7ba7757d101ee24ec6950a903174e9a79947,-16.012611901463806,-48.05596060042231,-16.01263171378945,-48.05593493406176,2025-05,2025,1pJ_KOarxzGqK75fR1uzNA,271.88366135434205,© Google,OK,4_0,172926.1079135936,8227261.8234982155,9d3b8c150b7a8fcd84b3c729bbe27b9ca4ed9b1d,cardinal,4,0,0_deg_north,cardinal,0,0,90,640,640,8,batch_0008,225,datasets/df_2024_proportional/batch_0008/images/9d3b8c150b7a8fcd84b3c729bbe27b9ca4ed9b1d.jpg,https://raw.githubusercontent.com/GUIA-DD/dataset-streetview/refs/heads/main/datasets/df_2024_proportional/batch_0008/images/9d3b8c150b7a8fcd84b3c729bbe27b9ca4ed9b1d.jpg,True,downloaded,
3a1ddde61ec07d20b405f34da0967830f3c1ff6f,06dc7ba7757d101ee24ec6950a903174e9a79947,-16.012611901463806,-48.05596060042231,-16.01263171378945,-48.05593493406176,2025-05,2025,1pJ_KOarxzGqK75fR1uzNA,271.88366135434205,© Google,OK,4_0,172926.1079135936,8227261.8234982155,d0f05fb733340af77c7b31e26d3fdd45ede03774,cardinal,4,1,90_deg_east,cardinal,90,0,90,640,640,8,batch_0008,226,datasets/df_2024_proportional/batch_0008/images/d0f05fb733340af77c7b31e26d3fdd45ede03774.jpg,https://raw.githubusercontent.com/GUIA-DD/dataset-streetview/refs/heads/main/datasets/df_2024_proportional/batch_0008/images/d0f05fb733340af77c7b31e26d3fdd45ede03774.jpg,True,downloaded,
3a1ddde61ec07d20b405f34da0967830f3c1ff6f,06dc7ba7757d101ee24ec6950a903174e9a79947,-16.012611901463806,-48.05596060042231,-16.01263171378945,-48.05593493406176,2025-05,2025,1pJ_KOarxzGqK75fR1uzNA,271.88366135434205,© Google,OK,4_0,172926.1079135936,8227261.8234982155,785084ca91afb224a2d240590607750d61084614,cardinal,4,2,180_deg_south,cardinal,180,0,90,640,640,8,batch_0008,227,datasets/df_2024_proportional/batch_0008/images/785084ca91afb224a2d240590607750d61084614.jpg,https://raw.githubusercontent.com/GUIA-DD/dataset-streetview/refs/heads/main/datasets/df_2024_proportional/batch_0008/images/785084ca91afb224a2d240590607750d61084614.jpg,True,downloaded,
3a1ddde61ec07d20b405f34da0967830f3c1ff6f,06dc7ba7757d101ee24ec6950a903174e9a79947,-16.012611901463806,-48.05596060042231,-16.01263171378945,-48.05593493406176,2025-05,2025,1pJ_KOarxzGqK75fR1uzNA,271.88366135434205,© Google,OK,4_0,172926.1079135936,8227261.8234982155,953a362175b14038efebf237689a9f16cff2eba9,cardinal,4,3,270_deg_west,cardinal,270,0,90,640,640,8,batch_0008,228,datasets/df_2024_proportional/batch_0008/images/953a362175b14038efebf237689a9f16cff2eba9.jpg,https://raw.githubusercontent.com/GUIA-DD/dataset-streetview/refs/heads/main/datasets/df_2024_proportional/batch_0008/images/953a362175b14038efebf237689a9f16cff2eba9.jpg,True,downloaded,
3a644e0af740f934ee22285644aa163e50d052eb,92a38fd3093f37361a152fe5f7a8ce0347bca54d,-15.797823749999054,-48.13783845010711,-15.79782420482192,-48.13785613596605,2026-02,2026,BLzfyntmWhRpTcja9AX-bQ,161.9390893654978,© Google,OK,2_5,163798.0891957691,8250919.894006849,7d9b5d92896c263289977124c081a1a13c6e5a1b,cardinal,4,0,0_deg_north,cardinal,0,0,90,640,640,8,batch_0008,229,datasets/df_2024_proportional/batch_0008/images/7d9b5d92896c263289977124c081a1a13c6e5a1b.jpg,https://raw.githubusercontent.com/GUIA-DD/dataset-streetview/refs/heads/main/datasets/df_2024_proportional/batch_0008/images/7d9b5d92896c263289977124c081a1a13c6e5a1b.jpg,True,downloaded,
3a644e0af740f934ee22285644aa163e50d052eb,92a38fd3093f37361a152fe5f7a8ce0347bca54d,-15.797823749999054,-48.13783845010711,-15.79782420482192,-48.13785613596605,2026-02,2026,BLzfyntmWhRpTcja9AX-bQ,161.9390893654978,© Google,OK,2_5,163798.0891957691,8250919.894006849,25915f47a6a31d7af0e2e52c671a890713bbd39c,cardinal,4,1,90_deg_east,cardinal,90,0,90,640,640,8,batch_0008,230,datasets/df_2024_proportional/batch_0008/images/25915f47a6a31d7af0e2e52c671a890713bbd39c.jpg,https://raw.githubusercontent.com/GUIA-DD/dataset-streetview/refs/heads/main/datasets/df_2024_proportional/batch_0008/images/25915f47a6a31d7af0e2e52c671a890713bbd39c.jpg,True,downloaded,
3a644e0af740f934ee22285644aa163e50d052eb,92a38fd3093f37361a152fe5f7a8ce0347bca54d,-15.797823749999054,-48.13783845010711,-15.79782420482192,-48.13785613596605,2026-02,2026,BLzfyntmWhRpTcja9AX-bQ,161.9390893654978,© Google,OK,2_5,163798.0891957691,8250919.894006849,435afec6dc502ede0e81ac49af68faa0c7a800b5,cardinal,4,2,180_deg_south,cardinal,180,0,90,640,640,8,batch_0008,231,datasets/df_2024_proportional/batch_0008/images/435afec6dc502ede0e81ac49af68faa0c7a800b5.jpg,https://raw.githubusercontent.com/GUIA-DD/dataset-streetview/refs/heads/main/datasets/df_2024_proportional/batch_0008/images/435afec6dc502ede0e81ac49af68faa0c7a800b5.jpg,True,downloaded,
3a644e0af740f934ee22285644aa163e50d052eb,92a38fd3093f37361a152fe5f7a8ce0347bca54d,-15.797823749999054,-48.13783845010711,-15.79782420482192,-48.13785613596605,2026-02,2026,BLzfyntmWhRpTcja9AX-bQ,161.9390893654978,© Google,OK,2_5,163798.0891957691,8250919.894006849,5383bd785133ef6507cb9feed34c4b793a09b7de,cardinal,4,3,270_deg_west,cardinal,270,0,90,640,640,8,batch_0008,232,datasets/df_2024_proportional/batch_0008/images/5383bd785133ef6507cb9feed34c4b793a09b7de.jpg,https://raw.githubusercontent.com/GUIA-DD/dataset-streetview/refs/heads/main/datasets/df_2024_proportional/batch_0008/images/5383bd785133ef6507cb9feed34c4b793a09b7de.jpg,True,downloaded,
3a9587210aa6ecbe03180bad1e8b77044ce1c0e6,f0de2573e919a91061403e047ed79399c3700b7e,-15.866938800100138,-48.08296524987955,-15.86692944884761,-48.08294150144646,2025-02,2025,C3LVx4Il4RQa_lcVkJrDwQ,50.829300681126874,© Google,OK,4_4,169794.83830372,8243352.451086691,a13bfb8da5b3631c13693aa042014644f1a9933b,cardinal,4,0,0_deg_north,cardinal,0,0,90,640,640,8,batch_0008,233,datasets/df_2024_proportional/batch_0008/images/a13bfb8da5b3631c13693aa042014644f1a9933b.jpg,https://raw.githubusercontent.com/GUIA-DD/dataset-streetview/refs/heads/main/datasets/df_2024_proportional/batch_0008/images/a13bfb8da5b3631c13693aa042014644f1a9933b.jpg,True,downloaded,
3a9587210aa6ecbe03180bad1e8b77044ce1c0e6,f0de2573e919a91061403e047ed79399c3700b7e,-15.866938800100138,-48.08296524987955,-15.86692944884761,-48.08294150144646,2025-02,2025,C3LVx4Il4RQa_lcVkJrDwQ,50.829300681126874,© Google,OK,4_4,169794.83830372,8243352.451086691,ec07746238e41dab76c33584dd92881428e0c1a1,cardinal,4,1,90_deg_east,cardinal,90,0,90,640,640,8,batch_0008,234,datasets/df_2024_proportional/batch_0008/images/ec07746238e41dab76c33584dd92881428e0c1a1.jpg,https://raw.githubusercontent.com/GUIA-DD/dataset-streetview/refs/heads/main/datasets/df_2024_proportional/batch_0008/images/ec07746238e41dab76c33584dd92881428e0c1a1.jpg,True,downloaded,
3a9587210aa6ecbe03180bad1e8b77044ce1c0e6,f0de2573e919a91061403e047ed79399c3700b7e,-15.866938800100138,-48.08296524987955,-15.86692944884761,-48.08294150144646,2025-02,2025,C3LVx4Il4RQa_lcVkJrDwQ,50.829300681126874,© Google,OK,4_4,169794.83830372,8243352.451086691,2bb4fc226b03cdd9b165ab213460aabb7dd484af,cardinal,4,2,180_deg_south,cardinal,180,0,90,640,640,8,batch_0008,235,datasets/df_2024_proportional/batch_0008/images/2bb4fc226b03cdd9b165ab213460aabb7dd484af.jpg,https://raw.githubusercontent.com/GUIA-DD/dataset-streetview/refs/heads/main/datasets/df_2024_proportional/batch_0008/images/2bb4fc226b03cdd9b165ab213460aabb7dd484af.jpg,True,downloaded,
3a9587210aa6ecbe03180bad1e8b77044ce1c0e6,f0de2573e919a91061403e047ed79399c3700b7e,-15.866938800100138,-48.08296524987955,-15.86692944884761,-48.08294150144646,2025-02,2025,C3LVx4Il4RQa_lcVkJrDwQ,50.829300681126874,© Google,OK,4_4,169794.83830372,8243352.451086691,43c08677811d6b04c4173b586bbb2ca173250b42,cardinal,4,3,270_deg_west,cardinal,270,0,90,640,640,8,batch_0008,236,datasets/df_2024_proportional/batch_0008/images/43c08677811d6b04c4173b586bbb2ca173250b42.jpg,https://raw.githubusercontent.com/GUIA-DD/dataset-streetview/refs/heads/main/datasets/df_2024_proportional/batch_0008/images/43c08677811d6b04c4173b586bbb2ca173250b42.jpg,True,downloaded,
3acad56f84f2da055238df1a2cd4d97e7191c4c8,7dd5079970471293d98561a4855310ecb0e696ec,-15.801127280881124,-47.785376263681506,-15.80115728682544,-47.7853602676496,2025-07,2025,gxzcHnwSzr2eDtGbdgFnmA,202.13018714667535,© Google,OK,10_5,201594.43513527446,8251086.408032269,72ea1ca7d3e13fa22ec0c01a83c1bcf3498e313e,cardinal,4,0,0_deg_north,cardinal,0,0,90,640,640,8,batch_0008,237,datasets/df_2024_proportional/batch_0008/images/72ea1ca7d3e13fa22ec0c01a83c1bcf3498e313e.jpg,https://raw.githubusercontent.com/GUIA-DD/dataset-streetview/refs/heads/main/datasets/df_2024_proportional/batch_0008/images/72ea1ca7d3e13fa22ec0c01a83c1bcf3498e313e.jpg,True,downloaded,
3acad56f84f2da055238df1a2cd4d97e7191c4c8,7dd5079970471293d98561a4855310ecb0e696ec,-15.801127280881124,-47.785376263681506,-15.80115728682544,-47.7853602676496,2025-07,2025,gxzcHnwSzr2eDtGbdgFnmA,202.13018714667535,© Google,OK,10_5,201594.43513527446,8251086.408032269,f1f1fd2ffefbded304c12aab821e72955bad9b02,cardinal,4,1,90_deg_east,cardinal,90,0,90,640,640,8,batch_0008,238,datasets/df_2024_proportional/batch_0008/images/f1f1fd2ffefbded304c12aab821e72955bad9b02.jpg,https://raw.githubusercontent.com/GUIA-DD/dataset-streetview/refs/heads/main/datasets/df_2024_proportional/batch_0008/images/f1f1fd2ffefbded304c12aab821e72955bad9b02.jpg,True,downloaded,
3acad56f84f2da055238df1a2cd4d97e7191c4c8,7dd5079970471293d98561a4855310ecb0e696ec,-15.801127280881124,-47.785376263681506,-15.80115728682544,-47.7853602676496,2025-07,2025,gxzcHnwSzr2eDtGbdgFnmA,202.13018714667535,© Google,OK,10_5,201594.43513527446,8251086.408032269,4152463225929e4837a4205c8240c16c5796fd26,cardinal,4,2,180_deg_south,cardinal,180,0,90,640,640,8,batch_0008,239,datasets/df_2024_proportional/batch_0008/images/4152463225929e4837a4205c8240c16c5796fd26.jpg,https://raw.githubusercontent.com/GUIA-DD/dataset-streetview/refs/heads/main/datasets/df_2024_proportional/batch_0008/images/4152463225929e4837a4205c8240c16c5796fd26.jpg,True,downloaded,
3acad56f84f2da055238df1a2cd4d97e7191c4c8,7dd5079970471293d98561a4855310ecb0e696ec,-15.801127280881124,-47.785376263681506,-15.80115728682544,-47.7853602676496,2025-07,2025,gxzcHnwSzr2eDtGbdgFnmA,202.13018714667535,© Google,OK,10_5,201594.43513527446,8251086.408032269,b34fb601a9dc550ead8d03534cc0f986cab94dd8,cardinal,4,3,270_deg_west,cardinal,270,0,90,640,640,8,batch_0008,240,datasets/df_2024_proportional/batch_0008/images/b34fb601a9dc550ead8d03534cc0f986cab94dd8.jpg,https://raw.githubusercontent.com/GUIA-DD/dataset-streetview/refs/heads/main/datasets/df_2024_proportional/batch_0008/images/b34fb601a9dc550ead8d03534cc0f986cab94dd8.jpg,True,downloaded,
3bc1d59d24b298f624cd26cb064fb0d40472c15a,1acb85f27a727d88f9c0c3a5bdc39d5c3a98131f,-15.771609450042234,-48.001926450119,-15.77163291160537,-48.00189157317999,2024-09,2024,L93VLtaKCJeIT_ZWVrZ2QA,131.7713109112838,© Google,OK,5_6,178330.581895627,8254035.725303983,84dd302455c33c30a0ad91b45bf72aa8bc2b626b,cardinal,4,0,0_deg_north,cardinal,0,0,90,640,640,8,batch_0008,241,datasets/df_2024_proportional/batch_0008/images/84dd302455c33c30a0ad91b45bf72aa8bc2b626b.jpg,https://raw.githubusercontent.com/GUIA-DD/dataset-streetview/refs/heads/main/datasets/df_2024_proportional/batch_0008/images/84dd302455c33c30a0ad91b45bf72aa8bc2b626b.jpg,True,downloaded,
3bc1d59d24b298f624cd26cb064fb0d40472c15a,1acb85f27a727d88f9c0c3a5bdc39d5c3a98131f,-15.771609450042234,-48.001926450119,-15.77163291160537,-48.00189157317999,2024-09,2024,L93VLtaKCJeIT_ZWVrZ2QA,131.7713109112838,© Google,OK,5_6,178330.581895627,8254035.725303983,1839124ee43b99cd0d46b9b0bfc7f72939b7553f,cardinal,4,1,90_deg_east,cardinal,90,0,90,640,640,8,batch_0008,242,datasets/df_2024_proportional/batch_0008/images/1839124ee43b99cd0d46b9b0bfc7f72939b7553f.jpg,https://raw.githubusercontent.com/GUIA-DD/dataset-streetview/refs/heads/main/datasets/df_2024_proportional/batch_0008/images/1839124ee43b99cd0d46b9b0bfc7f72939b7553f.jpg,True,downloaded,
3bc1d59d24b298f624cd26cb064fb0d40472c15a,1acb85f27a727d88f9c0c3a5bdc39d5c3a98131f,-15.771609450042234,-48.001926450119,-15.77163291160537,-48.00189157317999,2024-09,2024,L93VLtaKCJeIT_ZWVrZ2QA,131.7713109112838,© Google,OK,5_6,178330.581895627,8254035.725303983,b85d5ec666f425e9fffef5d39c6255f07bf2021b,cardinal,4,2,180_deg_south,cardinal,180,0,90,640,640,8,batch_0008,243,datasets/df_2024_proportional/batch_0008/images/b85d5ec666f425e9fffef5d39c6255f07bf2021b.jpg,https://raw.githubusercontent.com/GUIA-DD/dataset-streetview/refs/heads/main/datasets/df_2024_proportional/batch_0008/images/b85d5ec666f425e9fffef5d39c6255f07bf2021b.jpg,True,downloaded,
3bc1d59d24b298f624cd26cb064fb0d40472c15a,1acb85f27a727d88f9c0c3a5bdc39d5c3a98131f,-15.771609450042234,-48.001926450119,-15.77163291160537,-48.00189157317999,2024-09,2024,L93VLtaKCJeIT_ZWVrZ2QA,131.7713109112838,© Google,OK,5_6,178330.581895627,8254035.725303983,26c81474752c1762bcdbbfe537041b340940f5b0,cardinal,4,3,270_deg_west,cardinal,270,0,90,640,640,8,batch_0008,244,datasets/df_2024_proportional/batch_0008/images/26c81474752c1762bcdbbfe537041b340940f5b0.jpg,https://raw.githubusercontent.com/GUIA-DD/dataset-streetview/refs/heads/main/datasets/df_2024_proportional/batch_0008/images/26c81474752c1762bcdbbfe537041b340940f5b0.jpg,True,downloaded,
3dc7b15febe0678d8a721d3cc92a29d181c833e0,3352401274c816c105dc176a23064335633c5502,-16.000756100003276,-48.06213879997259,-16.00073245241716,-48.06217137954653,2024-11,2024,H-cI9Va0Pdbm1j4hlYEKZQ,181.48817303550058,© Google,OK,4_1,172244.96016385578,8228565.091288244,672539542e882c4a8a43e1904439fef568a9a3c5,cardinal,4,0,0_deg_north,cardinal,0,0,90,640,640,8,batch_0008,245,datasets/df_2024_proportional/batch_0008/images/672539542e882c4a8a43e1904439fef568a9a3c5.jpg,https://raw.githubusercontent.com/GUIA-DD/dataset-streetview/refs/heads/main/datasets/df_2024_proportional/batch_0008/images/672539542e882c4a8a43e1904439fef568a9a3c5.jpg,True,downloaded,
3dc7b15febe0678d8a721d3cc92a29d181c833e0,3352401274c816c105dc176a23064335633c5502,-16.000756100003276,-48.06213879997259,-16.00073245241716,-48.06217137954653,2024-11,2024,H-cI9Va0Pdbm1j4hlYEKZQ,181.48817303550058,© Google,OK,4_1,172244.96016385578,8228565.091288244,eaad42d6d1ffa3fa5fb015c74d59bac9a0662906,cardinal,4,1,90_deg_east,cardinal,90,0,90,640,640,8,batch_0008,246,datasets/df_2024_proportional/batch_0008/images/eaad42d6d1ffa3fa5fb015c74d59bac9a0662906.jpg,https://raw.githubusercontent.com/GUIA-DD/dataset-streetview/refs/heads/main/datasets/df_2024_proportional/batch_0008/images/eaad42d6d1ffa3fa5fb015c74d59bac9a0662906.jpg,True,downloaded,
3dc7b15febe0678d8a721d3cc92a29d181c833e0,3352401274c816c105dc176a23064335633c5502,-16.000756100003276,-48.06213879997259,-16.00073245241716,-48.06217137954653,2024-11,2024,H-cI9Va0Pdbm1j4hlYEKZQ,181.48817303550058,© Google,OK,4_1,172244.96016385578,8228565.091288244,570000cf7d1646cb08f9f38e3643e6b6aadbc521,cardinal,4,2,180_deg_south,cardinal,180,0,90,640,640,8,batch_0008,247,datasets/df_2024_proportional/batch_0008/images/570000cf7d1646cb08f9f38e3643e6b6aadbc521.jpg,https://raw.githubusercontent.com/GUIA-DD/dataset-streetview/refs/heads/main/datasets/df_2024_proportional/batch_0008/images/570000cf7d1646cb08f9f38e3643e6b6aadbc521.jpg,True,downloaded,
3dc7b15febe0678d8a721d3cc92a29d181c833e0,3352401274c816c105dc176a23064335633c5502,-16.000756100003276,-48.06213879997259,-16.00073245241716,-48.06217137954653,2024-11,2024,H-cI9Va0Pdbm1j4hlYEKZQ,181.48817303550058,© Google,OK,4_1,172244.96016385578,8228565.091288244,e3b4e772daf9f9fd5a46d531fad3643788a26669,cardinal,4,3,270_deg_west,cardinal,270,0,90,640,640,8,batch_0008,248,datasets/df_2024_proportional/batch_0008/images/e3b4e772daf9f9fd5a46d531fad3643788a26669.jpg,https://raw.githubusercontent.com/GUIA-DD/dataset-streetview/refs/heads/main/datasets/df_2024_proportional/batch_0008/images/e3b4e772daf9f9fd5a46d531fad3643788a26669.jpg,True,downloaded,
425527de6cdc8b8f5876cfa79d324bdea761aa69,d35ee8f13ea7eea1b8b6ea98594afe8b0bab7d30,-15.904122949998511,-47.75369610002188,-15.90407949506741,-47.75370891343319,2025-01,2025,BcJHR81B7-E-Me0o5Sai2Q,170.69375057220822,© Google,OK,11_3,205140.51363233765,8239727.216486526,097fe0cbb14f1d9272cbad6e2db3fc2326a02f9c,cardinal,4,0,0_deg_north,cardinal,0,0,90,640,640,8,batch_0008,249,datasets/df_2024_proportional/batch_0008/images/097fe0cbb14f1d9272cbad6e2db3fc2326a02f9c.jpg,https://raw.githubusercontent.com/GUIA-DD/dataset-streetview/refs/heads/main/datasets/df_2024_proportional/batch_0008/images/097fe0cbb14f1d9272cbad6e2db3fc2326a02f9c.jpg,True,downloaded,
425527de6cdc8b8f5876cfa79d324bdea761aa69,d35ee8f13ea7eea1b8b6ea98594afe8b0bab7d30,-15.904122949998511,-47.75369610002188,-15.90407949506741,-47.75370891343319,2025-01,2025,BcJHR81B7-E-Me0o5Sai2Q,170.69375057220822,© Google,OK,11_3,205140.51363233765,8239727.216486526,da94e3356a85217e85eb8ea408c6044a863f1f4d,cardinal,4,1,90_deg_east,cardinal,90,0,90,640,640,8,batch_0008,250,datasets/df_2024_proportional/batch_0008/images/da94e3356a85217e85eb8ea408c6044a863f1f4d.jpg,https://raw.githubusercontent.com/GUIA-DD/dataset-streetview/refs/heads/main/datasets/df_2024_proportional/batch_0008/images/da94e3356a85217e85eb8ea408c6044a863f1f4d.jpg,True,downloaded,
425527de6cdc8b8f5876cfa79d324bdea761aa69,d35ee8f13ea7eea1b8b6ea98594afe8b0bab7d30,-15.904122949998511,-47.75369610002188,-15.90407949506741,-47.75370891343319,2025-01,2025,BcJHR81B7-E-Me0o5Sai2Q,170.69375057220822,© Google,OK,11_3,205140.51363233765,8239727.216486526,ad23adf4674cdab93bfaccfbfcff6196a699afc6,cardinal,4,2,180_deg_south,cardinal,180,0,90,640,640,8,batch_0008,251,datasets/df_2024_proportional/batch_0008/images/ad23adf4674cdab93bfaccfbfcff6196a699afc6.jpg,https://raw.githubusercontent.com/GUIA-DD/dataset-streetview/refs/heads/main/datasets/df_2024_proportional/batch_0008/images/ad23adf4674cdab93bfaccfbfcff6196a699afc6.jpg,True,downloaded,
425527de6cdc8b8f5876cfa79d324bdea761aa69,d35ee8f13ea7eea1b8b6ea98594afe8b0bab7d30,-15.904122949998511,-47.75369610002188,-15.90407949506741,-47.75370891343319,2025-01,2025,BcJHR81B7-E-Me0o5Sai2Q,170.69375057220822,© Google,OK,11_3,205140.51363233765,8239727.216486526,0a0c401b0e248faaf679b5574f8f5aba7fb61d5b,cardinal,4,3,270_deg_west,cardinal,270,0,90,640,640,8,batch_0008,252,datasets/df_2024_proportional/batch_0008/images/0a0c401b0e248faaf679b5574f8f5aba7fb61d5b.jpg,https://raw.githubusercontent.com/GUIA-DD/dataset-streetview/refs/heads/main/datasets/df_2024_proportional/batch_0008/images/0a0c401b0e248faaf679b5574f8f5aba7fb61d5b.jpg,True,downloaded,
43e47f6d5f24e8c0b9acbbc595d22ff4b5db1ece,ded49cde343fd55462d7ff1fd3a3364995d125a0,-15.830642033280553,-48.1388634455837,-15.83059842552715,-48.13884834014421,2026-02,2026,BwVjkedvko2oZ_m30e_dDA,204.5822451818296,© Google,OK,2_4,163742.4934487695,8247283.466075307,6fc3b2cfffe87325b71e605aa22eebb4e85749bb,cardinal,4,0,0_deg_north,cardinal,0,0,90,640,640,8,batch_0008,253,datasets/df_2024_proportional/batch_0008/images/6fc3b2cfffe87325b71e605aa22eebb4e85749bb.jpg,https://raw.githubusercontent.com/GUIA-DD/dataset-streetview/refs/heads/main/datasets/df_2024_proportional/batch_0008/images/6fc3b2cfffe87325b71e605aa22eebb4e85749bb.jpg,True,downloaded,
43e47f6d5f24e8c0b9acbbc595d22ff4b5db1ece,ded49cde343fd55462d7ff1fd3a3364995d125a0,-15.830642033280553,-48.1388634455837,-15.83059842552715,-48.13884834014421,2026-02,2026,BwVjkedvko2oZ_m30e_dDA,204.5822451818296,© Google,OK,2_4,163742.4934487695,8247283.466075307,77255060987eff8828700fde58c9034ec24b68c5,cardinal,4,1,90_deg_east,cardinal,90,0,90,640,640,8,batch_0008,254,datasets/df_2024_proportional/batch_0008/images/77255060987eff8828700fde58c9034ec24b68c5.jpg,https://raw.githubusercontent.com/GUIA-DD/dataset-streetview/refs/heads/main/datasets/df_2024_proportional/batch_0008/images/77255060987eff8828700fde58c9034ec24b68c5.jpg,True,downloaded,
43e47f6d5f24e8c0b9acbbc595d22ff4b5db1ece,ded49cde343fd55462d7ff1fd3a3364995d125a0,-15.830642033280553,-48.1388634455837,-15.83059842552715,-48.13884834014421,2026-02,2026,BwVjkedvko2oZ_m30e_dDA,204.5822451818296,© Google,OK,2_4,163742.4934487695,8247283.466075307,1684cee8fce8d5a7d9e2f9b3824674c62f663ef8,cardinal,4,2,180_deg_south,cardinal,180,0,90,640,640,8,batch_0008,255,datasets/df_2024_proportional/batch_0008/images/1684cee8fce8d5a7d9e2f9b3824674c62f663ef8.jpg,https://raw.githubusercontent.com/GUIA-DD/dataset-streetview/refs/heads/main/datasets/df_2024_proportional/batch_0008/images/1684cee8fce8d5a7d9e2f9b3824674c62f663ef8.jpg,True,downloaded,
43e47f6d5f24e8c0b9acbbc595d22ff4b5db1ece,ded49cde343fd55462d7ff1fd3a3364995d125a0,-15.830642033280553,-48.1388634455837,-15.83059842552715,-48.13884834014421,2026-02,2026,BwVjkedvko2oZ_m30e_dDA,204.5822451818296,© Google,OK,2_4,163742.4934487695,8247283.466075307,7469f12b980ea0227d435242e857b888ffc17d08,cardinal,4,3,270_deg_west,cardinal,270,0,90,640,640,8,batch_0008,256,datasets/df_2024_proportional/batch_0008/images/7469f12b980ea0227d435242e857b888ffc17d08.jpg,https://raw.githubusercontent.com/GUIA-DD/dataset-streetview/refs/heads/main/datasets/df_2024_proportional/batch_0008/images/7469f12b980ea0227d435242e857b888ffc17d08.jpg,True,downloaded,
441ac830584adfd65bf73b2c54810d6b72983f24,91993bf084f0445e1bb751550b5bc194ac14e1a5,-15.87964475000601,-48.10329305006717,-15.879657088671,-48.1032940501162,2025-06,2025,FJI0h-m_TOfnjsUk6Adgkg,152.82417702369244,© Google,OK,3_3,167636.6508613276,8241913.045460567,3444736355c518cbf57626911b04c10a8ef1fa43,cardinal,4,0,0_deg_north,cardinal,0,0,90,640,640,8,batch_0008,257,datasets/df_2024_proportional/batch_0008/images/3444736355c518cbf57626911b04c10a8ef1fa43.jpg,https://raw.githubusercontent.com/GUIA-DD/dataset-streetview/refs/heads/main/datasets/df_2024_proportional/batch_0008/images/3444736355c518cbf57626911b04c10a8ef1fa43.jpg,True,downloaded,
441ac830584adfd65bf73b2c54810d6b72983f24,91993bf084f0445e1bb751550b5bc194ac14e1a5,-15.87964475000601,-48.10329305006717,-15.879657088671,-48.1032940501162,2025-06,2025,FJI0h-m_TOfnjsUk6Adgkg,152.82417702369244,© Google,OK,3_3,167636.6508613276,8241913.045460567,4a267413ef4e6d2c5ccc026b7b9e3bd6f8f65e88,cardinal,4,1,90_deg_east,cardinal,90,0,90,640,640,8,batch_0008,258,datasets/df_2024_proportional/batch_0008/images/4a267413ef4e6d2c5ccc026b7b9e3bd6f8f65e88.jpg,https://raw.githubusercontent.com/GUIA-DD/dataset-streetview/refs/heads/main/datasets/df_2024_proportional/batch_0008/images/4a267413ef4e6d2c5ccc026b7b9e3bd6f8f65e88.jpg,True,downloaded,
441ac830584adfd65bf73b2c54810d6b72983f24,91993bf084f0445e1bb751550b5bc194ac14e1a5,-15.87964475000601,-48.10329305006717,-15.879657088671,-48.1032940501162,2025-06,2025,FJI0h-m_TOfnjsUk6Adgkg,152.82417702369244,© Google,OK,3_3,167636.6508613276,8241913.045460567,0407495bf1ee34827246adaede8b05abad4e8e45,cardinal,4,2,180_deg_south,cardinal,180,0,90,640,640,8,batch_0008,259,datasets/df_2024_proportional/batch_0008/images/0407495bf1ee34827246adaede8b05abad4e8e45.jpg,https://raw.githubusercontent.com/GUIA-DD/dataset-streetview/refs/heads/main/datasets/df_2024_proportional/batch_0008/images/0407495bf1ee34827246adaede8b05abad4e8e45.jpg,True,downloaded,
441ac830584adfd65bf73b2c54810d6b72983f24,91993bf084f0445e1bb751550b5bc194ac14e1a5,-15.87964475000601,-48.10329305006717,-15.879657088671,-48.1032940501162,2025-06,2025,FJI0h-m_TOfnjsUk6Adgkg,152.82417702369244,© Google,OK,3_3,167636.6508613276,8241913.045460567,5b3ce4468fae95447bed4ad016dcb34fcd232551,cardinal,4,3,270_deg_west,cardinal,270,0,90,640,640,8,batch_0008,260,datasets/df_2024_proportional/batch_0008/images/5b3ce4468fae95447bed4ad016dcb34fcd232551.jpg,https://raw.githubusercontent.com/GUIA-DD/dataset-streetview/refs/heads/main/datasets/df_2024_proportional/batch_0008/images/5b3ce4468fae95447bed4ad016dcb34fcd232551.jpg,True,downloaded,
459757683c49a13a760609b69a77147d45c92d99,0f4bb03429543ded1ef32579bcd377620d3115fe,-15.954294279235059,-48.031381067636296,-15.95431264446197,-48.0313710765444,2025-05,2025,3-UM3tPJQAS6-RMvS9DZ4A,222.08801151393874,© Google,OK,5_2,175464.7349522707,8233758.918908609,c6f2a85fd3631a97dd7f16f95aeb832ebe30b96b,cardinal,4,0,0_deg_north,cardinal,0,0,90,640,640,8,batch_0008,261,datasets/df_2024_proportional/batch_0008/images/c6f2a85fd3631a97dd7f16f95aeb832ebe30b96b.jpg,https://raw.githubusercontent.com/GUIA-DD/dataset-streetview/refs/heads/main/datasets/df_2024_proportional/batch_0008/images/c6f2a85fd3631a97dd7f16f95aeb832ebe30b96b.jpg,True,downloaded,
459757683c49a13a760609b69a77147d45c92d99,0f4bb03429543ded1ef32579bcd377620d3115fe,-15.954294279235059,-48.031381067636296,-15.95431264446197,-48.0313710765444,2025-05,2025,3-UM3tPJQAS6-RMvS9DZ4A,222.08801151393874,© Google,OK,5_2,175464.7349522707,8233758.918908609,1680eddf09e6712fff45d52438fab4b88f56023b,cardinal,4,1,90_deg_east,cardinal,90,0,90,640,640,8,batch_0008,262,datasets/df_2024_proportional/batch_0008/images/1680eddf09e6712fff45d52438fab4b88f56023b.jpg,https://raw.githubusercontent.com/GUIA-DD/dataset-streetview/refs/heads/main/datasets/df_2024_proportional/batch_0008/images/1680eddf09e6712fff45d52438fab4b88f56023b.jpg,True,downloaded,
459757683c49a13a760609b69a77147d45c92d99,0f4bb03429543ded1ef32579bcd377620d3115fe,-15.954294279235059,-48.031381067636296,-15.95431264446197,-48.0313710765444,2025-05,2025,3-UM3tPJQAS6-RMvS9DZ4A,222.08801151393874,© Google,OK,5_2,175464.7349522707,8233758.918908609,c527cbc48dbc155b0ae74bd8a9a8cb9206b1aea9,cardinal,4,2,180_deg_south,cardinal,180,0,90,640,640,8,batch_0008,263,datasets/df_2024_proportional/batch_0008/images/c527cbc48dbc155b0ae74bd8a9a8cb9206b1aea9.jpg,https://raw.githubusercontent.com/GUIA-DD/dataset-streetview/refs/heads/main/datasets/df_2024_proportional/batch_0008/images/c527cbc48dbc155b0ae74bd8a9a8cb9206b1aea9.jpg,True,downloaded,
459757683c49a13a760609b69a77147d45c92d99,0f4bb03429543ded1ef32579bcd377620d3115fe,-15.954294279235059,-48.031381067636296,-15.95431264446197,-48.0313710765444,2025-05,2025,3-UM3tPJQAS6-RMvS9DZ4A,222.08801151393874,© Google,OK,5_2,175464.7349522707,8233758.918908609,35be3a8c48742f2deba7615de635abd06c04608e,cardinal,4,3,270_deg_west,cardinal,270,0,90,640,640,8,batch_0008,264,datasets/df_2024_proportional/batch_0008/images/35be3a8c48742f2deba7615de635abd06c04608e.jpg,https://raw.githubusercontent.com/GUIA-DD/dataset-streetview/refs/heads/main/datasets/df_2024_proportional/batch_0008/images/35be3a8c48742f2deba7615de635abd06c04608e.jpg,True,downloaded,
47fbf0ee0c47c5c7a8d860448f375a6f392a3784,3c4a7b7e68baf97db2553381d234136c07c23c03,-15.886876250012117,-48.14656710007386,-15.88686995428475,-48.1465706021352,2024-06,2024,6ZV14kOtoqPDozFh-pA8IA,325.6768817326788,© Google,OK,2_3,163010.07734921566,8241042.819480447,69b3ff4aeda929a778a66a5869354f6c574d7095,cardinal,4,0,0_deg_north,cardinal,0,0,90,640,640,8,batch_0008,265,datasets/df_2024_proportional/batch_0008/images/69b3ff4aeda929a778a66a5869354f6c574d7095.jpg,https://raw.githubusercontent.com/GUIA-DD/dataset-streetview/refs/heads/main/datasets/df_2024_proportional/batch_0008/images/69b3ff4aeda929a778a66a5869354f6c574d7095.jpg,True,downloaded,
47fbf0ee0c47c5c7a8d860448f375a6f392a3784,3c4a7b7e68baf97db2553381d234136c07c23c03,-15.886876250012117,-48.14656710007386,-15.88686995428475,-48.1465706021352,2024-06,2024,6ZV14kOtoqPDozFh-pA8IA,325.6768817326788,© Google,OK,2_3,163010.07734921566,8241042.819480447,fe17332c53b70dc98a629d2f21819b4e8adce909,cardinal,4,1,90_deg_east,cardinal,90,0,90,640,640,8,batch_0008,266,datasets/df_2024_proportional/batch_0008/images/fe17332c53b70dc98a629d2f21819b4e8adce909.jpg,https://raw.githubusercontent.com/GUIA-DD/dataset-streetview/refs/heads/main/datasets/df_2024_proportional/batch_0008/images/fe17332c53b70dc98a629d2f21819b4e8adce909.jpg,True,downloaded,
47fbf0ee0c47c5c7a8d860448f375a6f392a3784,3c4a7b7e68baf97db2553381d234136c07c23c03,-15.886876250012117,-48.14656710007386,-15.88686995428475,-48.1465706021352,2024-06,2024,6ZV14kOtoqPDozFh-pA8IA,325.6768817326788,© Google,OK,2_3,163010.07734921566,8241042.819480447,c3edf59f0544e17aac6486b8760d9d50c8743f52,cardinal,4,2,180_deg_south,cardinal,180,0,90,640,640,8,batch_0008,267,datasets/df_2024_proportional/batch_0008/images/c3edf59f0544e17aac6486b8760d9d50c8743f52.jpg,https://raw.githubusercontent.com/GUIA-DD/dataset-streetview/refs/heads/main/datasets/df_2024_proportional/batch_0008/images/c3edf59f0544e17aac6486b8760d9d50c8743f52.jpg,True,downloaded,
47fbf0ee0c47c5c7a8d860448f375a6f392a3784,3c4a7b7e68baf97db2553381d234136c07c23c03,-15.886876250012117,-48.14656710007386,-15.88686995428475,-48.1465706021352,2024-06,2024,6ZV14kOtoqPDozFh-pA8IA,325.6768817326788,© Google,OK,2_3,163010.07734921566,8241042.819480447,790661e78d69b1150c8b1a372e66b4abcc94e9d4,cardinal,4,3,270_deg_west,cardinal,270,0,90,640,640,8,batch_0008,268,datasets/df_2024_proportional/batch_0008/images/790661e78d69b1150c8b1a372e66b4abcc94e9d4.jpg,https://raw.githubusercontent.com/GUIA-DD/dataset-streetview/refs/heads/main/datasets/df_2024_proportional/batch_0008/images/790661e78d69b1150c8b1a372e66b4abcc94e9d4.jpg,True,downloaded,
49388f0cc7294d48eee1d563d97b5cb38da2f3ae,4b485f94553e91fe953c443a262b60e17412e785,-15.61050000016745,-47.691878999848264,-15.61050643002478,-47.69188455574364,2024-07,2024,gqhcKVf-Nv49I0JgIEkPbg,59.23283781330091,© Google,OK,12_9,211348.88383739328,8272322.527691906,7937a5e02303ac8f97405306c4db393c7c3c6a6d,cardinal,4,0,0_deg_north,cardinal,0,0,90,640,640,8,batch_0008,269,datasets/df_2024_proportional/batch_0008/images/7937a5e02303ac8f97405306c4db393c7c3c6a6d.jpg,https://raw.githubusercontent.com/GUIA-DD/dataset-streetview/refs/heads/main/datasets/df_2024_proportional/batch_0008/images/7937a5e02303ac8f97405306c4db393c7c3c6a6d.jpg,True,downloaded,
49388f0cc7294d48eee1d563d97b5cb38da2f3ae,4b485f94553e91fe953c443a262b60e17412e785,-15.61050000016745,-47.691878999848264,-15.61050643002478,-47.69188455574364,2024-07,2024,gqhcKVf-Nv49I0JgIEkPbg,59.23283781330091,© Google,OK,12_9,211348.88383739328,8272322.527691906,8f7a478bfed7511c0a20e154cf0a4d637c05ccbb,cardinal,4,1,90_deg_east,cardinal,90,0,90,640,640,8,batch_0008,270,datasets/df_2024_proportional/batch_0008/images/8f7a478bfed7511c0a20e154cf0a4d637c05ccbb.jpg,https://raw.githubusercontent.com/GUIA-DD/dataset-streetview/refs/heads/main/datasets/df_2024_proportional/batch_0008/images/8f7a478bfed7511c0a20e154cf0a4d637c05ccbb.jpg,True,downloaded,
49388f0cc7294d48eee1d563d97b5cb38da2f3ae,4b485f94553e91fe953c443a262b60e17412e785,-15.61050000016745,-47.691878999848264,-15.61050643002478,-47.69188455574364,2024-07,2024,gqhcKVf-Nv49I0JgIEkPbg,59.23283781330091,© Google,OK,12_9,211348.88383739328,8272322.527691906,99583ad54491ade0a9b01441e08c6c48163ebb5e,cardinal,4,2,180_deg_south,cardinal,180,0,90,640,640,8,batch_0008,271,datasets/df_2024_proportional/batch_0008/images/99583ad54491ade0a9b01441e08c6c48163ebb5e.jpg,https://raw.githubusercontent.com/GUIA-DD/dataset-streetview/refs/heads/main/datasets/df_2024_proportional/batch_0008/images/99583ad54491ade0a9b01441e08c6c48163ebb5e.jpg,True,downloaded,
49388f0cc7294d48eee1d563d97b5cb38da2f3ae,4b485f94553e91fe953c443a262b60e17412e785,-15.61050000016745,-47.691878999848264,-15.61050643002478,-47.69188455574364,2024-07,2024,gqhcKVf-Nv49I0JgIEkPbg,59.23283781330091,© Google,OK,12_9,211348.88383739328,8272322.527691906,b416dd699355438ed4ddca6613e66cb73a5fb65c,cardinal,4,3,270_deg_west,cardinal,270,0,90,640,640,8,batch_0008,272,datasets/df_2024_proportional/batch_0008/images/b416dd699355438ed4ddca6613e66cb73a5fb65c.jpg,https://raw.githubusercontent.com/GUIA-DD/dataset-streetview/refs/heads/main/datasets/df_2024_proportional/batch_0008/images/b416dd699355438ed4ddca6613e66cb73a5fb65c.jpg,True,downloaded,
4a301ee89201f864bd3ddb8009b3063e017ce5d6,faf232c73d1a95315468c6f3a2a292e21a325447,-15.817172150081765,-48.11129249993276,-15.81708301008953,-48.11135733290197,2024-07,2024,Jx5MFhLFmjPUkaPPRMtM4Q,240.54321022701382,© Google,OK,3_5,166676.47891569458,8248819.317869736,5846fa1f8257a762abfd44e083dcb5b0187f65c7,cardinal,4,0,0_deg_north,cardinal,0,0,90,640,640,8,batch_0008,273,datasets/df_2024_proportional/batch_0008/images/5846fa1f8257a762abfd44e083dcb5b0187f65c7.jpg,https://raw.githubusercontent.com/GUIA-DD/dataset-streetview/refs/heads/main/datasets/df_2024_proportional/batch_0008/images/5846fa1f8257a762abfd44e083dcb5b0187f65c7.jpg,True,downloaded,
4a301ee89201f864bd3ddb8009b3063e017ce5d6,faf232c73d1a95315468c6f3a2a292e21a325447,-15.817172150081765,-48.11129249993276,-15.81708301008953,-48.11135733290197,2024-07,2024,Jx5MFhLFmjPUkaPPRMtM4Q,240.54321022701382,© Google,OK,3_5,166676.47891569458,8248819.317869736,6d177b891d9ea21dce340743edc4eee8911b0643,cardinal,4,1,90_deg_east,cardinal,90,0,90,640,640,8,batch_0008,274,datasets/df_2024_proportional/batch_0008/images/6d177b891d9ea21dce340743edc4eee8911b0643.jpg,https://raw.githubusercontent.com/GUIA-DD/dataset-streetview/refs/heads/main/datasets/df_2024_proportional/batch_0008/images/6d177b891d9ea21dce340743edc4eee8911b0643.jpg,True,downloaded,
4a301ee89201f864bd3ddb8009b3063e017ce5d6,faf232c73d1a95315468c6f3a2a292e21a325447,-15.817172150081765,-48.11129249993276,-15.81708301008953,-48.11135733290197,2024-07,2024,Jx5MFhLFmjPUkaPPRMtM4Q,240.54321022701382,© Google,OK,3_5,166676.47891569458,8248819.317869736,ff3cb658c442ec566bbb49cc80ef5822c7b4b83d,cardinal,4,2,180_deg_south,cardinal,180,0,90,640,640,8,batch_0008,275,datasets/df_2024_proportional/batch_0008/images/ff3cb658c442ec566bbb49cc80ef5822c7b4b83d.jpg,https://raw.githubusercontent.com/GUIA-DD/dataset-streetview/refs/heads/main/datasets/df_2024_proportional/batch_0008/images/ff3cb658c442ec566bbb49cc80ef5822c7b4b83d.jpg,True,downloaded,
4a301ee89201f864bd3ddb8009b3063e017ce5d6,faf232c73d1a95315468c6f3a2a292e21a325447,-15.817172150081765,-48.11129249993276,-15.81708301008953,-48.11135733290197,2024-07,2024,Jx5MFhLFmjPUkaPPRMtM4Q,240.54321022701382,© Google,OK,3_5,166676.47891569458,8248819.317869736,1b6aff5e4f7b49119ecbdc755f67a4c891bc9a67,cardinal,4,3,270_deg_west,cardinal,270,0,90,640,640,8,batch_0008,276,datasets/df_2024_proportional/batch_0008/images/1b6aff5e4f7b49119ecbdc755f67a4c891bc9a67.jpg,https://raw.githubusercontent.com/GUIA-DD/dataset-streetview/refs/heads/main/datasets/df_2024_proportional/batch_0008/images/1b6aff5e4f7b49119ecbdc755f67a4c891bc9a67.jpg,True,downloaded,
4a7cb3bac0c246b081f375a8c096bfdaafdc687c,ff69d0a38b2cc5e38b11c4d1d0af482552ce2da6,-15.969502400084453,-48.029676200474704,-15.96948840045455,-48.0297083755931,2025-05,2025,yx_72d6Zi-Pq6CkYsh4cIg,325.1697289418249,© Google,OK,5_1,175671.91540603753,8232077.334219746,bfa46dd2891629189b82d1e439a951fff518b2bf,cardinal,4,0,0_deg_north,cardinal,0,0,90,640,640,8,batch_0008,277,datasets/df_2024_proportional/batch_0008/images/bfa46dd2891629189b82d1e439a951fff518b2bf.jpg,https://raw.githubusercontent.com/GUIA-DD/dataset-streetview/refs/heads/main/datasets/df_2024_proportional/batch_0008/images/bfa46dd2891629189b82d1e439a951fff518b2bf.jpg,True,downloaded,
4a7cb3bac0c246b081f375a8c096bfdaafdc687c,ff69d0a38b2cc5e38b11c4d1d0af482552ce2da6,-15.969502400084453,-48.029676200474704,-15.96948840045455,-48.0297083755931,2025-05,2025,yx_72d6Zi-Pq6CkYsh4cIg,325.1697289418249,© Google,OK,5_1,175671.91540603753,8232077.334219746,6b535763d697a02591677f6419917e33fe85fb4e,cardinal,4,1,90_deg_east,cardinal,90,0,90,640,640,8,batch_0008,278,datasets/df_2024_proportional/batch_0008/images/6b535763d697a02591677f6419917e33fe85fb4e.jpg,https://raw.githubusercontent.com/GUIA-DD/dataset-streetview/refs/heads/main/datasets/df_2024_proportional/batch_0008/images/6b535763d697a02591677f6419917e33fe85fb4e.jpg,True,downloaded,
4a7cb3bac0c246b081f375a8c096bfdaafdc687c,ff69d0a38b2cc5e38b11c4d1d0af482552ce2da6,-15.969502400084453,-48.029676200474704,-15.96948840045455,-48.0297083755931,2025-05,2025,yx_72d6Zi-Pq6CkYsh4cIg,325.1697289418249,© Google,OK,5_1,175671.91540603753,8232077.334219746,e74ab9a5c2731b4094de7c9a1dbb65ad02ab784b,cardinal,4,2,180_deg_south,cardinal,180,0,90,640,640,8,batch_0008,279,datasets/df_2024_proportional/batch_0008/images/e74ab9a5c2731b4094de7c9a1dbb65ad02ab784b.jpg,https://raw.githubusercontent.com/GUIA-DD/dataset-streetview/refs/heads/main/datasets/df_2024_proportional/batch_0008/images/e74ab9a5c2731b4094de7c9a1dbb65ad02ab784b.jpg,True,downloaded,
4a7cb3bac0c246b081f375a8c096bfdaafdc687c,ff69d0a38b2cc5e38b11c4d1d0af482552ce2da6,-15.969502400084453,-48.029676200474704,-15.96948840045455,-48.0297083755931,2025-05,2025,yx_72d6Zi-Pq6CkYsh4cIg,325.1697289418249,© Google,OK,5_1,175671.91540603753,8232077.334219746,e84c6030d5c2ab94476babde658d8d2d355f1017,cardinal,4,3,270_deg_west,cardinal,270,0,90,640,640,8,batch_0008,280,datasets/df_2024_proportional/batch_0008/images/e84c6030d5c2ab94476babde658d8d2d355f1017.jpg,https://raw.githubusercontent.com/GUIA-DD/dataset-streetview/refs/heads/main/datasets/df_2024_proportional/batch_0008/images/e84c6030d5c2ab94476babde658d8d2d355f1017.jpg,True,downloaded,
4c59a2df00cb6f38cf09dd00afeb64131e9cd06d,37f7e485d44a12fd226b8d8e4638d850dba41149,-15.9059466962754,-47.76175143690962,-15.90594561774182,-47.76174405869658,2025-01,2025,SM1A6oz67vw49hIg4OyyWg,32.413925944050376,© Google,OK,11_3,204280.0650587165,8239513.892046296,97a995a7866391d2383691b0a2a92db4a28adbbe,cardinal,4,0,0_deg_north,cardinal,0,0,90,640,640,8,batch_0008,281,datasets/df_2024_proportional/batch_0008/images/97a995a7866391d2383691b0a2a92db4a28adbbe.jpg,https://raw.githubusercontent.com/GUIA-DD/dataset-streetview/refs/heads/main/datasets/df_2024_proportional/batch_0008/images/97a995a7866391d2383691b0a2a92db4a28adbbe.jpg,True,downloaded,
4c59a2df00cb6f38cf09dd00afeb64131e9cd06d,37f7e485d44a12fd226b8d8e4638d850dba41149,-15.9059466962754,-47.76175143690962,-15.90594561774182,-47.76174405869658,2025-01,2025,SM1A6oz67vw49hIg4OyyWg,32.413925944050376,© Google,OK,11_3,204280.0650587165,8239513.892046296,b19b0c766f03155c6291feef8cccdcd728101c67,cardinal,4,1,90_deg_east,cardinal,90,0,90,640,640,8,batch_0008,282,datasets/df_2024_proportional/batch_0008/images/b19b0c766f03155c6291feef8cccdcd728101c67.jpg,https://raw.githubusercontent.com/GUIA-DD/dataset-streetview/refs/heads/main/datasets/df_2024_proportional/batch_0008/images/b19b0c766f03155c6291feef8cccdcd728101c67.jpg,True,downloaded,
4c59a2df00cb6f38cf09dd00afeb64131e9cd06d,37f7e485d44a12fd226b8d8e4638d850dba41149,-15.9059466962754,-47.76175143690962,-15.90594561774182,-47.76174405869658,2025-01,2025,SM1A6oz67vw49hIg4OyyWg,32.413925944050376,© Google,OK,11_3,204280.0650587165,8239513.892046296,8adca785d1f79af46300b403aa87e4d566af7330,cardinal,4,2,180_deg_south,cardinal,180,0,90,640,640,8,batch_0008,283,datasets/df_2024_proportional/batch_0008/images/8adca785d1f79af46300b403aa87e4d566af7330.jpg,https://raw.githubusercontent.com/GUIA-DD/dataset-streetview/refs/heads/main/datasets/df_2024_proportional/batch_0008/images/8adca785d1f79af46300b403aa87e4d566af7330.jpg,True,downloaded,
4c59a2df00cb6f38cf09dd00afeb64131e9cd06d,37f7e485d44a12fd226b8d8e4638d850dba41149,-15.9059466962754,-47.76175143690962,-15.90594561774182,-47.76174405869658,2025-01,2025,SM1A6oz67vw49hIg4OyyWg,32.413925944050376,© Google,OK,11_3,204280.0650587165,8239513.892046296,d27ba99f48baf9b144bdc0d451aaac5e6460aada,cardinal,4,3,270_deg_west,cardinal,270,0,90,640,640,8,batch_0008,284,datasets/df_2024_proportional/batch_0008/images/d27ba99f48baf9b144bdc0d451aaac5e6460aada.jpg,https://raw.githubusercontent.com/GUIA-DD/dataset-streetview/refs/heads/main/datasets/df_2024_proportional/batch_0008/images/d27ba99f48baf9b144bdc0d451aaac5e6460aada.jpg,True,downloaded,
4d1d51107ff25f4561775ae2d2e535829ae3caba,33cd41dab873be8b9cbbc4cfa34a65ccf6cff97c,-15.616037499985769,-47.68122625361934,-15.61602860102529,-47.68122346260964,2024-07,2024,JaQZCBpb-tfYbdo538seGw,179.535163123248,© Google,OK,12_9,212499.6286312128,8271723.877357672,b60705a35e9c97374f2ad5de1cfe928a6f1044a1,cardinal,4,0,0_deg_north,cardinal,0,0,90,640,640,8,batch_0008,285,datasets/df_2024_proportional/batch_0008/images/b60705a35e9c97374f2ad5de1cfe928a6f1044a1.jpg,https://raw.githubusercontent.com/GUIA-DD/dataset-streetview/refs/heads/main/datasets/df_2024_proportional/batch_0008/images/b60705a35e9c97374f2ad5de1cfe928a6f1044a1.jpg,True,downloaded,
4d1d51107ff25f4561775ae2d2e535829ae3caba,33cd41dab873be8b9cbbc4cfa34a65ccf6cff97c,-15.616037499985769,-47.68122625361934,-15.61602860102529,-47.68122346260964,2024-07,2024,JaQZCBpb-tfYbdo538seGw,179.535163123248,© Google,OK,12_9,212499.6286312128,8271723.877357672,73e9b40dcdf275804d90cf9d4d87f43f9b0163ef,cardinal,4,1,90_deg_east,cardinal,90,0,90,640,640,8,batch_0008,286,datasets/df_2024_proportional/batch_0008/images/73e9b40dcdf275804d90cf9d4d87f43f9b0163ef.jpg,https://raw.githubusercontent.com/GUIA-DD/dataset-streetview/refs/heads/main/datasets/df_2024_proportional/batch_0008/images/73e9b40dcdf275804d90cf9d4d87f43f9b0163ef.jpg,True,downloaded,
4d1d51107ff25f4561775ae2d2e535829ae3caba,33cd41dab873be8b9cbbc4cfa34a65ccf6cff97c,-15.616037499985769,-47.68122625361934,-15.61602860102529,-47.68122346260964,2024-07,2024,JaQZCBpb-tfYbdo538seGw,179.535163123248,© Google,OK,12_9,212499.6286312128,8271723.877357672,6bb3de01a35838baf1491d274ee286b7222c4f53,cardinal,4,2,180_deg_south,cardinal,180,0,90,640,640,8,batch_0008,287,datasets/df_2024_proportional/batch_0008/images/6bb3de01a35838baf1491d274ee286b7222c4f53.jpg,https://raw.githubusercontent.com/GUIA-DD/dataset-streetview/refs/heads/main/datasets/df_2024_proportional/batch_0008/images/6bb3de01a35838baf1491d274ee286b7222c4f53.jpg,True,downloaded,
4d1d51107ff25f4561775ae2d2e535829ae3caba,33cd41dab873be8b9cbbc4cfa34a65ccf6cff97c,-15.616037499985769,-47.68122625361934,-15.61602860102529,-47.68122346260964,2024-07,2024,JaQZCBpb-tfYbdo538seGw,179.535163123248,© Google,OK,12_9,212499.6286312128,8271723.877357672,1e2b964e69eba2c0e2918a930dcd4f97ebd2efd8,cardinal,4,3,270_deg_west,cardinal,270,0,90,640,640,8,batch_0008,288,datasets/df_2024_proportional/batch_0008/images/1e2b964e69eba2c0e2918a930dcd4f97ebd2efd8.jpg,https://raw.githubusercontent.com/GUIA-DD/dataset-streetview/refs/heads/main/datasets/df_2024_proportional/batch_0008/images/1e2b964e69eba2c0e2918a930dcd4f97ebd2efd8.jpg,True,downloaded,
4f6e3567d824ac8233cc67269cfe7269c0717d55,a72b6bf7f4977aa74103fb80922558e0b660d950,-15.801028050280113,-48.1195411526773,-15.80103630996209,-48.11952864163764,2026-01,2026,mS0jyzlyQK9gho4D_qrH6Q,151.18819824425603,© Google,OK,3_5,165765.47604198797,8250594.206509147,e737fcd285832149d665b2cee7a7da0505c0945b,cardinal,4,0,0_deg_north,cardinal,0,0,90,640,640,8,batch_0008,289,datasets/df_2024_proportional/batch_0008/images/e737fcd285832149d665b2cee7a7da0505c0945b.jpg,https://raw.githubusercontent.com/GUIA-DD/dataset-streetview/refs/heads/main/datasets/df_2024_proportional/batch_0008/images/e737fcd285832149d665b2cee7a7da0505c0945b.jpg,True,downloaded,
4f6e3567d824ac8233cc67269cfe7269c0717d55,a72b6bf7f4977aa74103fb80922558e0b660d950,-15.801028050280113,-48.1195411526773,-15.80103630996209,-48.11952864163764,2026-01,2026,mS0jyzlyQK9gho4D_qrH6Q,151.18819824425603,© Google,OK,3_5,165765.47604198797,8250594.206509147,e45bdebe12e2bf9b4db5591f738ee29e34d46634,cardinal,4,1,90_deg_east,cardinal,90,0,90,640,640,8,batch_0008,290,datasets/df_2024_proportional/batch_0008/images/e45bdebe12e2bf9b4db5591f738ee29e34d46634.jpg,https://raw.githubusercontent.com/GUIA-DD/dataset-streetview/refs/heads/main/datasets/df_2024_proportional/batch_0008/images/e45bdebe12e2bf9b4db5591f738ee29e34d46634.jpg,True,downloaded,
4f6e3567d824ac8233cc67269cfe7269c0717d55,a72b6bf7f4977aa74103fb80922558e0b660d950,-15.801028050280113,-48.1195411526773,-15.80103630996209,-48.11952864163764,2026-01,2026,mS0jyzlyQK9gho4D_qrH6Q,151.18819824425603,© Google,OK,3_5,165765.47604198797,8250594.206509147,c4e31093f65117bdd2e6103a6df1dcba544132db,cardinal,4,2,180_deg_south,cardinal,180,0,90,640,640,8,batch_0008,291,datasets/df_2024_proportional/batch_0008/images/c4e31093f65117bdd2e6103a6df1dcba544132db.jpg,https://raw.githubusercontent.com/GUIA-DD/dataset-streetview/refs/heads/main/datasets/df_2024_proportional/batch_0008/images/c4e31093f65117bdd2e6103a6df1dcba544132db.jpg,True,downloaded,
4f6e3567d824ac8233cc67269cfe7269c0717d55,a72b6bf7f4977aa74103fb80922558e0b660d950,-15.801028050280113,-48.1195411526773,-15.80103630996209,-48.11952864163764,2026-01,2026,mS0jyzlyQK9gho4D_qrH6Q,151.18819824425603,© Google,OK,3_5,165765.47604198797,8250594.206509147,b802cfbd54f2af31ad746a742b311bfa7990a1ca,cardinal,4,3,270_deg_west,cardinal,270,0,90,640,640,8,batch_0008,292,datasets/df_2024_proportional/batch_0008/images/b802cfbd54f2af31ad746a742b311bfa7990a1ca.jpg,https://raw.githubusercontent.com/GUIA-DD/dataset-streetview/refs/heads/main/datasets/df_2024_proportional/batch_0008/images/b802cfbd54f2af31ad746a742b311bfa7990a1ca.jpg,True,downloaded,
4ff228219a67f498633329dde49a018427e32cae,5ec10b4b1f608a25bc482e239edc54d1e90e9be1,-15.802676733341386,-48.15157895561464,-15.80264117065549,-48.15158756276631,2026-01,2026,f21KgQuIwI-mkZ0gjzUuow,71.04677951292587,© Google,OK,2_5,162332.657669595,8250360.357208149,fe0e1dc80c4a2e5ab6f88ad25847bc186d8ddaa0,cardinal,4,0,0_deg_north,cardinal,0,0,90,640,640,8,batch_0008,293,datasets/df_2024_proportional/batch_0008/images/fe0e1dc80c4a2e5ab6f88ad25847bc186d8ddaa0.jpg,https://raw.githubusercontent.com/GUIA-DD/dataset-streetview/refs/heads/main/datasets/df_2024_proportional/batch_0008/images/fe0e1dc80c4a2e5ab6f88ad25847bc186d8ddaa0.jpg,True,downloaded,
4ff228219a67f498633329dde49a018427e32cae,5ec10b4b1f608a25bc482e239edc54d1e90e9be1,-15.802676733341386,-48.15157895561464,-15.80264117065549,-48.15158756276631,2026-01,2026,f21KgQuIwI-mkZ0gjzUuow,71.04677951292587,© Google,OK,2_5,162332.657669595,8250360.357208149,3fd006ad6e0902794ee703b08f823ec97ebe8261,cardinal,4,1,90_deg_east,cardinal,90,0,90,640,640,8,batch_0008,294,datasets/df_2024_proportional/batch_0008/images/3fd006ad6e0902794ee703b08f823ec97ebe8261.jpg,https://raw.githubusercontent.com/GUIA-DD/dataset-streetview/refs/heads/main/datasets/df_2024_proportional/batch_0008/images/3fd006ad6e0902794ee703b08f823ec97ebe8261.jpg,True,downloaded,
4ff228219a67f498633329dde49a018427e32cae,5ec10b4b1f608a25bc482e239edc54d1e90e9be1,-15.802676733341386,-48.15157895561464,-15.80264117065549,-48.15158756276631,2026-01,2026,f21KgQuIwI-mkZ0gjzUuow,71.04677951292587,© Google,OK,2_5,162332.657669595,8250360.357208149,e7bee8189257fa7d640d73603636cedeae1e882e,cardinal,4,2,180_deg_south,cardinal,180,0,90,640,640,8,batch_0008,295,datasets/df_2024_proportional/batch_0008/images/e7bee8189257fa7d640d73603636cedeae1e882e.jpg,https://raw.githubusercontent.com/GUIA-DD/dataset-streetview/refs/heads/main/datasets/df_2024_proportional/batch_0008/images/e7bee8189257fa7d640d73603636cedeae1e882e.jpg,True,downloaded,
4ff228219a67f498633329dde49a018427e32cae,5ec10b4b1f608a25bc482e239edc54d1e90e9be1,-15.802676733341386,-48.15157895561464,-15.80264117065549,-48.15158756276631,2026-01,2026,f21KgQuIwI-mkZ0gjzUuow,71.04677951292587,© Google,OK,2_5,162332.657669595,8250360.357208149,0cc268dbfe60afff044540c588cb5ceb5b0f8710,cardinal,4,3,270_deg_west,cardinal,270,0,90,640,640,8,batch_0008,296,datasets/df_2024_proportional/batch_0008/images/0cc268dbfe60afff044540c588cb5ceb5b0f8710.jpg,https://raw.githubusercontent.com/GUIA-DD/dataset-streetview/refs/heads/main/datasets/df_2024_proportional/batch_0008/images/0cc268dbfe60afff044540c588cb5ceb5b0f8710.jpg,True,downloaded,
52444527c4f677f81730253c027c17c2bc1b3bf4,ea54a6cd3a1fd34ca4b5171560a908d495d1bad8,-15.892224750022082,-48.14087139998615,-15.89223818170889,-48.14084712749139,2025-05,2025,OUXDHfKQPVe5lAciLiq3iQ,245.93269930471615,© Google,OK,2_3,163629.49692136797,8240459.621928309,99ccc369bccb1b23de69c18224419a59155d1801,cardinal,4,0,0_deg_north,cardinal,0,0,90,640,640,8,batch_0008,297,datasets/df_2024_proportional/batch_0008/images/99ccc369bccb1b23de69c18224419a59155d1801.jpg,https://raw.githubusercontent.com/GUIA-DD/dataset-streetview/refs/heads/main/datasets/df_2024_proportional/batch_0008/images/99ccc369bccb1b23de69c18224419a59155d1801.jpg,True,downloaded,
52444527c4f677f81730253c027c17c2bc1b3bf4,ea54a6cd3a1fd34ca4b5171560a908d495d1bad8,-15.892224750022082,-48.14087139998615,-15.89223818170889,-48.14084712749139,2025-05,2025,OUXDHfKQPVe5lAciLiq3iQ,245.93269930471615,© Google,OK,2_3,163629.49692136797,8240459.621928309,459768ed42daab0799e60e0797fc2d03b40d7637,cardinal,4,1,90_deg_east,cardinal,90,0,90,640,640,8,batch_0008,298,datasets/df_2024_proportional/batch_0008/images/459768ed42daab0799e60e0797fc2d03b40d7637.jpg,https://raw.githubusercontent.com/GUIA-DD/dataset-streetview/refs/heads/main/datasets/df_2024_proportional/batch_0008/images/459768ed42daab0799e60e0797fc2d03b40d7637.jpg,True,downloaded,
52444527c4f677f81730253c027c17c2bc1b3bf4,ea54a6cd3a1fd34ca4b5171560a908d495d1bad8,-15.892224750022082,-48.14087139998615,-15.89223818170889,-48.14084712749139,2025-05,2025,OUXDHfKQPVe5lAciLiq3iQ,245.93269930471615,© Google,OK,2_3,163629.49692136797,8240459.621928309,34d5d337284ebaded6ca5ba82d4aad2df537da91,cardinal,4,2,180_deg_south,cardinal,180,0,90,640,640,8,batch_0008,299,datasets/df_2024_proportional/batch_0008/images/34d5d337284ebaded6ca5ba82d4aad2df537da91.jpg,https://raw.githubusercontent.com/GUIA-DD/dataset-streetview/refs/heads/main/datasets/df_2024_proportional/batch_0008/images/34d5d337284ebaded6ca5ba82d4aad2df537da91.jpg,True,downloaded,
52444527c4f677f81730253c027c17c2bc1b3bf4,ea54a6cd3a1fd34ca4b5171560a908d495d1bad8,-15.892224750022082,-48.14087139998615,-15.89223818170889,-48.14084712749139,2025-05,2025,OUXDHfKQPVe5lAciLiq3iQ,245.93269930471615,© Google,OK,2_3,163629.49692136797,8240459.621928309,8b369601a86a9755cd552b6d283c2a62dac30a8d,cardinal,4,3,270_deg_west,cardinal,270,0,90,640,640,8,batch_0008,300,datasets/df_2024_proportional/batch_0008/images/8b369601a86a9755cd552b6d283c2a62dac30a8d.jpg,https://raw.githubusercontent.com/GUIA-DD/dataset-streetview/refs/heads/main/datasets/df_2024_proportional/batch_0008/images/8b369601a86a9755cd552b6d283c2a62dac30a8d.jpg,True,downloaded,
52578edf679937da92f251e59a0d3ca9c544267d,13c9f7201eaa177303aeaa39d06052ca2898388f,-15.771191959243266,-47.888995631582944,-15.77118883726225,-47.88901059469545,2024-06,2024,S8OUaH7nhrtpraf4Tcdnvg,166.94585506035037,© Google,OK,8_6,190439.95040206818,8254251.318645038,bb3ab48b2e69b7c9367db58d321cf11ca6eed10a,cardinal,4,0,0_deg_north,cardinal,0,0,90,640,640,8,batch_0008,301,datasets/df_2024_proportional/batch_0008/images/bb3ab48b2e69b7c9367db58d321cf11ca6eed10a.jpg,https://raw.githubusercontent.com/GUIA-DD/dataset-streetview/refs/heads/main/datasets/df_2024_proportional/batch_0008/images/bb3ab48b2e69b7c9367db58d321cf11ca6eed10a.jpg,True,downloaded,
52578edf679937da92f251e59a0d3ca9c544267d,13c9f7201eaa177303aeaa39d06052ca2898388f,-15.771191959243266,-47.888995631582944,-15.77118883726225,-47.88901059469545,2024-06,2024,S8OUaH7nhrtpraf4Tcdnvg,166.94585506035037,© Google,OK,8_6,190439.95040206818,8254251.318645038,dd680883dd28408b35e87f4c31a81830cbd41d3c,cardinal,4,1,90_deg_east,cardinal,90,0,90,640,640,8,batch_0008,302,datasets/df_2024_proportional/batch_0008/images/dd680883dd28408b35e87f4c31a81830cbd41d3c.jpg,https://raw.githubusercontent.com/GUIA-DD/dataset-streetview/refs/heads/main/datasets/df_2024_proportional/batch_0008/images/dd680883dd28408b35e87f4c31a81830cbd41d3c.jpg,True,downloaded,
52578edf679937da92f251e59a0d3ca9c544267d,13c9f7201eaa177303aeaa39d06052ca2898388f,-15.771191959243266,-47.888995631582944,-15.77118883726225,-47.88901059469545,2024-06,2024,S8OUaH7nhrtpraf4Tcdnvg,166.94585506035037,© Google,OK,8_6,190439.95040206818,8254251.318645038,554752d48889e430b08ba822f5ba994f927d8809,cardinal,4,2,180_deg_south,cardinal,180,0,90,640,640,8,batch_0008,303,datasets/df_2024_proportional/batch_0008/images/554752d48889e430b08ba822f5ba994f927d8809.jpg,https://raw.githubusercontent.com/GUIA-DD/dataset-streetview/refs/heads/main/datasets/df_2024_proportional/batch_0008/images/554752d48889e430b08ba822f5ba994f927d8809.jpg,True,downloaded,
52578edf679937da92f251e59a0d3ca9c544267d,13c9f7201eaa177303aeaa39d06052ca2898388f,-15.771191959243266,-47.888995631582944,-15.77118883726225,-47.88901059469545,2024-06,2024,S8OUaH7nhrtpraf4Tcdnvg,166.94585506035037,© Google,OK,8_6,190439.95040206818,8254251.318645038,a066fa8377fed818b60c3622b4208b505aac7876,cardinal,4,3,270_deg_west,cardinal,270,0,90,640,640,8,batch_0008,304,datasets/df_2024_proportional/batch_0008/images/a066fa8377fed818b60c3622b4208b505aac7876.jpg,https://raw.githubusercontent.com/GUIA-DD/dataset-streetview/refs/heads/main/datasets/df_2024_proportional/batch_0008/images/a066fa8377fed818b60c3622b4208b505aac7876.jpg,True,downloaded,
53cb196b43f058cb60d5a0477905c43555935ac6,dedcf799ca9a212d2b04f9581b29aab69237ed45,-15.907641650081707,-47.77522304984219,-15.90764146059838,-47.7752552758941,2025-01,2025,MP93eeWlm_C2yJqdyKC2qA,36.74143822176384,© Google,OK,10_3,202839.0958632016,8239307.089094342,9a2745608ab2f41adce67556d8e995a43d8fd3b6,cardinal,4,0,0_deg_north,cardinal,0,0,90,640,640,8,batch_0008,305,datasets/df_2024_proportional/batch_0008/images/9a2745608ab2f41adce67556d8e995a43d8fd3b6.jpg,https://raw.githubusercontent.com/GUIA-DD/dataset-streetview/refs/heads/main/datasets/df_2024_proportional/batch_0008/images/9a2745608ab2f41adce67556d8e995a43d8fd3b6.jpg,True,downloaded,
53cb196b43f058cb60d5a0477905c43555935ac6,dedcf799ca9a212d2b04f9581b29aab69237ed45,-15.907641650081707,-47.77522304984219,-15.90764146059838,-47.7752552758941,2025-01,2025,MP93eeWlm_C2yJqdyKC2qA,36.74143822176384,© Google,OK,10_3,202839.0958632016,8239307.089094342,1d151160bcb99fc2be47b8e8994c5909cba88314,cardinal,4,1,90_deg_east,cardinal,90,0,90,640,640,8,batch_0008,306,datasets/df_2024_proportional/batch_0008/images/1d151160bcb99fc2be47b8e8994c5909cba88314.jpg,https://raw.githubusercontent.com/GUIA-DD/dataset-streetview/refs/heads/main/datasets/df_2024_proportional/batch_0008/images/1d151160bcb99fc2be47b8e8994c5909cba88314.jpg,True,downloaded,
53cb196b43f058cb60d5a0477905c43555935ac6,dedcf799ca9a212d2b04f9581b29aab69237ed45,-15.907641650081707,-47.77522304984219,-15.90764146059838,-47.7752552758941,2025-01,2025,MP93eeWlm_C2yJqdyKC2qA,36.74143822176384,© Google,OK,10_3,202839.0958632016,8239307.089094342,057af6c20a84f4f8c49731fd3c49131a5f53109b,cardinal,4,2,180_deg_south,cardinal,180,0,90,640,640,8,batch_0008,307,datasets/df_2024_proportional/batch_0008/images/057af6c20a84f4f8c49731fd3c49131a5f53109b.jpg,https://raw.githubusercontent.com/GUIA-DD/dataset-streetview/refs/heads/main/datasets/df_2024_proportional/batch_0008/images/057af6c20a84f4f8c49731fd3c49131a5f53109b.jpg,True,downloaded,
53cb196b43f058cb60d5a0477905c43555935ac6,dedcf799ca9a212d2b04f9581b29aab69237ed45,-15.907641650081707,-47.77522304984219,-15.90764146059838,-47.7752552758941,2025-01,2025,MP93eeWlm_C2yJqdyKC2qA,36.74143822176384,© Google,OK,10_3,202839.0958632016,8239307.089094342,732a80020c5647c16766142044b074089e27c89e,cardinal,4,3,270_deg_west,cardinal,270,0,90,640,640,8,batch_0008,308,datasets/df_2024_proportional/batch_0008/images/732a80020c5647c16766142044b074089e27c89e.jpg,https://raw.githubusercontent.com/GUIA-DD/dataset-streetview/refs/heads/main/datasets/df_2024_proportional/batch_0008/images/732a80020c5647c16766142044b074089e27c89e.jpg,True,downloaded,
54219aed22eb1fa22bd75d6eebdf6b419cbc055d,3ac918d4855285617c4ce53eb6278e28f12db6c8,-15.867003450022995,-47.940439450003,-15.8669525044411,-47.94043827228256,2024-12,2024,Gt90jByBJRC96CR-msQvQg,87.85366941516368,© Google,OK,7_4,185072.1180008125,8243565.050263272,3cd5cf525e9768f5c404554c4dd3788b860a1bc2,cardinal,4,0,0_deg_north,cardinal,0,0,90,640,640,8,batch_0008,309,datasets/df_2024_proportional/batch_0008/images/3cd5cf525e9768f5c404554c4dd3788b860a1bc2.jpg,https://raw.githubusercontent.com/GUIA-DD/dataset-streetview/refs/heads/main/datasets/df_2024_proportional/batch_0008/images/3cd5cf525e9768f5c404554c4dd3788b860a1bc2.jpg,True,downloaded,
54219aed22eb1fa22bd75d6eebdf6b419cbc055d,3ac918d4855285617c4ce53eb6278e28f12db6c8,-15.867003450022995,-47.940439450003,-15.8669525044411,-47.94043827228256,2024-12,2024,Gt90jByBJRC96CR-msQvQg,87.85366941516368,© Google,OK,7_4,185072.1180008125,8243565.050263272,e8223ae5e8a1963127517a2660871090f10cf3f4,cardinal,4,1,90_deg_east,cardinal,90,0,90,640,640,8,batch_0008,310,datasets/df_2024_proportional/batch_0008/images/e8223ae5e8a1963127517a2660871090f10cf3f4.jpg,https://raw.githubusercontent.com/GUIA-DD/dataset-streetview/refs/heads/main/datasets/df_2024_proportional/batch_0008/images/e8223ae5e8a1963127517a2660871090f10cf3f4.jpg,True,downloaded,
54219aed22eb1fa22bd75d6eebdf6b419cbc055d,3ac918d4855285617c4ce53eb6278e28f12db6c8,-15.867003450022995,-47.940439450003,-15.8669525044411,-47.94043827228256,2024-12,2024,Gt90jByBJRC96CR-msQvQg,87.85366941516368,© Google,OK,7_4,185072.1180008125,8243565.050263272,1b053ce6b564623ee10350d5e9c7ed22c5d7f86b,cardinal,4,2,180_deg_south,cardinal,180,0,90,640,640,8,batch_0008,311,datasets/df_2024_proportional/batch_0008/images/1b053ce6b564623ee10350d5e9c7ed22c5d7f86b.jpg,https://raw.githubusercontent.com/GUIA-DD/dataset-streetview/refs/heads/main/datasets/df_2024_proportional/batch_0008/images/1b053ce6b564623ee10350d5e9c7ed22c5d7f86b.jpg,True,downloaded,
54219aed22eb1fa22bd75d6eebdf6b419cbc055d,3ac918d4855285617c4ce53eb6278e28f12db6c8,-15.867003450022995,-47.940439450003,-15.8669525044411,-47.94043827228256,2024-12,2024,Gt90jByBJRC96CR-msQvQg,87.85366941516368,© Google,OK,7_4,185072.1180008125,8243565.050263272,fa9d05d78a5661241bad5998fa0102869a4fb050,cardinal,4,3,270_deg_west,cardinal,270,0,90,640,640,8,batch_0008,312,datasets/df_2024_proportional/batch_0008/images/fa9d05d78a5661241bad5998fa0102869a4fb050.jpg,https://raw.githubusercontent.com/GUIA-DD/dataset-streetview/refs/heads/main/datasets/df_2024_proportional/batch_0008/images/fa9d05d78a5661241bad5998fa0102869a4fb050.jpg,True,downloaded,
549964a74e46d37f39bc660283fadab487c7a9b4,c9542abf99f36fbc65b6a178d98bddf68e28ed0f,-15.907955100426872,-47.76218519977389,-15.90793907114443,-47.7622179474961,2025-01,2025,QY3cgDO9DfGBOQzuQu8GQw,249.5423588282882,© Google,OK,11_3,204236.52884421693,8239290.89997777,c4ca69139e51718a19d08059ab17272aafbaa566,cardinal,4,0,0_deg_north,cardinal,0,0,90,640,640,8,batch_0008,313,datasets/df_2024_proportional/batch_0008/images/c4ca69139e51718a19d08059ab17272aafbaa566.jpg,https://raw.githubusercontent.com/GUIA-DD/dataset-streetview/refs/heads/main/datasets/df_2024_proportional/batch_0008/images/c4ca69139e51718a19d08059ab17272aafbaa566.jpg,True,downloaded,
549964a74e46d37f39bc660283fadab487c7a9b4,c9542abf99f36fbc65b6a178d98bddf68e28ed0f,-15.907955100426872,-47.76218519977389,-15.90793907114443,-47.7622179474961,2025-01,2025,QY3cgDO9DfGBOQzuQu8GQw,249.5423588282882,© Google,OK,11_3,204236.52884421693,8239290.89997777,0f73a1e0c1427786f66f18b577ace6bcc8c3bd21,cardinal,4,1,90_deg_east,cardinal,90,0,90,640,640,8,batch_0008,314,datasets/df_2024_proportional/batch_0008/images/0f73a1e0c1427786f66f18b577ace6bcc8c3bd21.jpg,https://raw.githubusercontent.com/GUIA-DD/dataset-streetview/refs/heads/main/datasets/df_2024_proportional/batch_0008/images/0f73a1e0c1427786f66f18b577ace6bcc8c3bd21.jpg,True,downloaded,
549964a74e46d37f39bc660283fadab487c7a9b4,c9542abf99f36fbc65b6a178d98bddf68e28ed0f,-15.907955100426872,-47.76218519977389,-15.90793907114443,-47.7622179474961,2025-01,2025,QY3cgDO9DfGBOQzuQu8GQw,249.5423588282882,© Google,OK,11_3,204236.52884421693,8239290.89997777,a7139dea68bc286c7efadf63e731b7e103db0ef4,cardinal,4,2,180_deg_south,cardinal,180,0,90,640,640,8,batch_0008,315,datasets/df_2024_proportional/batch_0008/images/a7139dea68bc286c7efadf63e731b7e103db0ef4.jpg,https://raw.githubusercontent.com/GUIA-DD/dataset-streetview/refs/heads/main/datasets/df_2024_proportional/batch_0008/images/a7139dea68bc286c7efadf63e731b7e103db0ef4.jpg,True,downloaded,
549964a74e46d37f39bc660283fadab487c7a9b4,c9542abf99f36fbc65b6a178d98bddf68e28ed0f,-15.907955100426872,-47.76218519977389,-15.90793907114443,-47.7622179474961,2025-01,2025,QY3cgDO9DfGBOQzuQu8GQw,249.5423588282882,© Google,OK,11_3,204236.52884421693,8239290.89997777,7b024fd2dc111673319fe1d172f10a40746498e5,cardinal,4,3,270_deg_west,cardinal,270,0,90,640,640,8,batch_0008,316,datasets/df_2024_proportional/batch_0008/images/7b024fd2dc111673319fe1d172f10a40746498e5.jpg,https://raw.githubusercontent.com/GUIA-DD/dataset-streetview/refs/heads/main/datasets/df_2024_proportional/batch_0008/images/7b024fd2dc111673319fe1d172f10a40746498e5.jpg,True,downloaded,
54a3810ce772591fe09ce30818b876fb3f6e0309,66088c5769019fda13ac315dc462fc9496ebd4d7,-15.745269350105945,-47.74878545375552,-15.74529601668515,-47.74877137154263,2024-06,2024,9i4x5zYXBlVYC0ONGT1n5g,341.3590570529808,© Google,OK,11_6,205436.39560827747,8257322.702920992,536a4ffa3547878bddc8e159ad1c01cef9dd20c3,cardinal,4,0,0_deg_north,cardinal,0,0,90,640,640,8,batch_0008,317,datasets/df_2024_proportional/batch_0008/images/536a4ffa3547878bddc8e159ad1c01cef9dd20c3.jpg,https://raw.githubusercontent.com/GUIA-DD/dataset-streetview/refs/heads/main/datasets/df_2024_proportional/batch_0008/images/536a4ffa3547878bddc8e159ad1c01cef9dd20c3.jpg,True,downloaded,
54a3810ce772591fe09ce30818b876fb3f6e0309,66088c5769019fda13ac315dc462fc9496ebd4d7,-15.745269350105945,-47.74878545375552,-15.74529601668515,-47.74877137154263,2024-06,2024,9i4x5zYXBlVYC0ONGT1n5g,341.3590570529808,© Google,OK,11_6,205436.39560827747,8257322.702920992,b47e6aca9f88c8183090278dd3f19bc9e86f414d,cardinal,4,1,90_deg_east,cardinal,90,0,90,640,640,8,batch_0008,318,datasets/df_2024_proportional/batch_0008/images/b47e6aca9f88c8183090278dd3f19bc9e86f414d.jpg,https://raw.githubusercontent.com/GUIA-DD/dataset-streetview/refs/heads/main/datasets/df_2024_proportional/batch_0008/images/b47e6aca9f88c8183090278dd3f19bc9e86f414d.jpg,True,downloaded,
54a3810ce772591fe09ce30818b876fb3f6e0309,66088c5769019fda13ac315dc462fc9496ebd4d7,-15.745269350105945,-47.74878545375552,-15.74529601668515,-47.74877137154263,2024-06,2024,9i4x5zYXBlVYC0ONGT1n5g,341.3590570529808,© Google,OK,11_6,205436.39560827747,8257322.702920992,f8fa1ddf396a9864aa75ae891014c59b33df0fe7,cardinal,4,2,180_deg_south,cardinal,180,0,90,640,640,8,batch_0008,319,datasets/df_2024_proportional/batch_0008/images/f8fa1ddf396a9864aa75ae891014c59b33df0fe7.jpg,https://raw.githubusercontent.com/GUIA-DD/dataset-streetview/refs/heads/main/datasets/df_2024_proportional/batch_0008/images/f8fa1ddf396a9864aa75ae891014c59b33df0fe7.jpg,True,downloaded,
54a3810ce772591fe09ce30818b876fb3f6e0309,66088c5769019fda13ac315dc462fc9496ebd4d7,-15.745269350105945,-47.74878545375552,-15.74529601668515,-47.74877137154263,2024-06,2024,9i4x5zYXBlVYC0ONGT1n5g,341.3590570529808,© Google,OK,11_6,205436.39560827747,8257322.702920992,59897b9aa3ff0678a462cf443ceac234b2eeaa94,cardinal,4,3,270_deg_west,cardinal,270,0,90,640,640,8,batch_0008,320,datasets/df_2024_proportional/batch_0008/images/59897b9aa3ff0678a462cf443ceac234b2eeaa94.jpg,https://raw.githubusercontent.com/GUIA-DD/dataset-streetview/refs/heads/main/datasets/df_2024_proportional/batch_0008/images/59897b9aa3ff0678a462cf443ceac234b2eeaa94.jpg,True,downloaded,
56d40eb5248d7decc8a46b8189083c590df48b50,2a0b77824d842557d8531271337f8f2172353b3a,-15.63010150006866,-47.65472099982895,-15.63011670932782,-47.65476167777786,2024-08,2024,EhUiWVe6AjimzpyWf4KBeg,28.516324002503296,© Google,OK,13_9,215362.91630114414,8270202.4849764295,e3eb5d11480bfd7ab64d197b16f174931c6644c8,cardinal,4,0,0_deg_north,cardinal,0,0,90,640,640,8,batch_0008,321,datasets/df_2024_proportional/batch_0008/images/e3eb5d11480bfd7ab64d197b16f174931c6644c8.jpg,https://raw.githubusercontent.com/GUIA-DD/dataset-streetview/refs/heads/main/datasets/df_2024_proportional/batch_0008/images/e3eb5d11480bfd7ab64d197b16f174931c6644c8.jpg,True,downloaded,
56d40eb5248d7decc8a46b8189083c590df48b50,2a0b77824d842557d8531271337f8f2172353b3a,-15.63010150006866,-47.65472099982895,-15.63011670932782,-47.65476167777786,2024-08,2024,EhUiWVe6AjimzpyWf4KBeg,28.516324002503296,© Google,OK,13_9,215362.91630114414,8270202.4849764295,294f4fdb0d2e55f8713de39323e349433e6d3e18,cardinal,4,1,90_deg_east,cardinal,90,0,90,640,640,8,batch_0008,322,datasets/df_2024_proportional/batch_0008/images/294f4fdb0d2e55f8713de39323e349433e6d3e18.jpg,https://raw.githubusercontent.com/GUIA-DD/dataset-streetview/refs/heads/main/datasets/df_2024_proportional/batch_0008/images/294f4fdb0d2e55f8713de39323e349433e6d3e18.jpg,True,downloaded,
56d40eb5248d7decc8a46b8189083c590df48b50,2a0b77824d842557d8531271337f8f2172353b3a,-15.63010150006866,-47.65472099982895,-15.63011670932782,-47.65476167777786,2024-08,2024,EhUiWVe6AjimzpyWf4KBeg,28.516324002503296,© Google,OK,13_9,215362.91630114414,8270202.4849764295,242f275548490a08062887485cecb58319476373,cardinal,4,2,180_deg_south,cardinal,180,0,90,640,640,8,batch_0008,323,datasets/df_2024_proportional/batch_0008/images/242f275548490a08062887485cecb58319476373.jpg,https://raw.githubusercontent.com/GUIA-DD/dataset-streetview/refs/heads/main/datasets/df_2024_proportional/batch_0008/images/242f275548490a08062887485cecb58319476373.jpg,True,downloaded,
56d40eb5248d7decc8a46b8189083c590df48b50,2a0b77824d842557d8531271337f8f2172353b3a,-15.63010150006866,-47.65472099982895,-15.63011670932782,-47.65476167777786,2024-08,2024,EhUiWVe6AjimzpyWf4KBeg,28.516324002503296,© Google,OK,13_9,215362.91630114414,8270202.4849764295,ce9c1fabd79312e83c4110eec296b71122a1f30f,cardinal,4,3,270_deg_west,cardinal,270,0,90,640,640,8,batch_0008,324,datasets/df_2024_proportional/batch_0008/images/ce9c1fabd79312e83c4110eec296b71122a1f30f.jpg,https://raw.githubusercontent.com/GUIA-DD/dataset-streetview/refs/heads/main/datasets/df_2024_proportional/batch_0008/images/ce9c1fabd79312e83c4110eec296b71122a1f30f.jpg,True,downloaded,
57a91088e6a4526c9a8fbae3a9a40a59ccaeacb9,f10a5ddb9e9b5db533ed5dfcc0fd15a022102e63,-15.832968976982782,-48.049852840028095,-15.83293234985663,-48.04987346199604,2025-07,2025,j-WphGSCCWFtXpkl9ldmKg,161.72341334098843,© Google,OK,4_4,173289.5273291047,8247166.502040281,6c0a35e35024f73c8adf96f1132e1d64c2d7eb5c,cardinal,4,0,0_deg_north,cardinal,0,0,90,640,640,8,batch_0008,325,datasets/df_2024_proportional/batch_0008/images/6c0a35e35024f73c8adf96f1132e1d64c2d7eb5c.jpg,https://raw.githubusercontent.com/GUIA-DD/dataset-streetview/refs/heads/main/datasets/df_2024_proportional/batch_0008/images/6c0a35e35024f73c8adf96f1132e1d64c2d7eb5c.jpg,True,downloaded,
57a91088e6a4526c9a8fbae3a9a40a59ccaeacb9,f10a5ddb9e9b5db533ed5dfcc0fd15a022102e63,-15.832968976982782,-48.049852840028095,-15.83293234985663,-48.04987346199604,2025-07,2025,j-WphGSCCWFtXpkl9ldmKg,161.72341334098843,© Google,OK,4_4,173289.5273291047,8247166.502040281,2a1f9d75ed07126f7b6c5ab03ef057c828b7721e,cardinal,4,1,90_deg_east,cardinal,90,0,90,640,640,8,batch_0008,326,datasets/df_2024_proportional/batch_0008/images/2a1f9d75ed07126f7b6c5ab03ef057c828b7721e.jpg,https://raw.githubusercontent.com/GUIA-DD/dataset-streetview/refs/heads/main/datasets/df_2024_proportional/batch_0008/images/2a1f9d75ed07126f7b6c5ab03ef057c828b7721e.jpg,True,downloaded,
57a91088e6a4526c9a8fbae3a9a40a59ccaeacb9,f10a5ddb9e9b5db533ed5dfcc0fd15a022102e63,-15.832968976982782,-48.049852840028095,-15.83293234985663,-48.04987346199604,2025-07,2025,j-WphGSCCWFtXpkl9ldmKg,161.72341334098843,© Google,OK,4_4,173289.5273291047,8247166.502040281,7f2856c46103301a18a13c2da7d30ab16bcde124,cardinal,4,2,180_deg_south,cardinal,180,0,90,640,640,8,batch_0008,327,datasets/df_2024_proportional/batch_0008/images/7f2856c46103301a18a13c2da7d30ab16bcde124.jpg,https://raw.githubusercontent.com/GUIA-DD/dataset-streetview/refs/heads/main/datasets/df_2024_proportional/batch_0008/images/7f2856c46103301a18a13c2da7d30ab16bcde124.jpg,True,downloaded,
57a91088e6a4526c9a8fbae3a9a40a59ccaeacb9,f10a5ddb9e9b5db533ed5dfcc0fd15a022102e63,-15.832968976982782,-48.049852840028095,-15.83293234985663,-48.04987346199604,2025-07,2025,j-WphGSCCWFtXpkl9ldmKg,161.72341334098843,© Google,OK,4_4,173289.5273291047,8247166.502040281,9acc40b44e2f74058fd709e6727654df8d02211b,cardinal,4,3,270_deg_west,cardinal,270,0,90,640,640,8,batch_0008,328,datasets/df_2024_proportional/batch_0008/images/9acc40b44e2f74058fd709e6727654df8d02211b.jpg,https://raw.githubusercontent.com/GUIA-DD/dataset-streetview/refs/heads/main/datasets/df_2024_proportional/batch_0008/images/9acc40b44e2f74058fd709e6727654df8d02211b.jpg,True,downloaded,
5834fca1bfd2288c843e6a5f5c1542d8e32adb5d,6f0babb3417fca07edb51f9bc65f303fad61f921,-15.804345649997536,-48.14045645017654,-15.80437030472334,-48.14043270633329,2026-01,2026,vYav982WIV06uqUcAB8dGA,162.39598537270774,© Google,OK,2_5,163528.1359681438,8250193.369184383,dcceb3d717ab62c1fe3d3b8758b960bcffc16b3b,cardinal,4,0,0_deg_north,cardinal,0,0,90,640,640,8,batch_0008,329,datasets/df_2024_proportional/batch_0008/images/dcceb3d717ab62c1fe3d3b8758b960bcffc16b3b.jpg,https://raw.githubusercontent.com/GUIA-DD/dataset-streetview/refs/heads/main/datasets/df_2024_proportional/batch_0008/images/dcceb3d717ab62c1fe3d3b8758b960bcffc16b3b.jpg,True,downloaded,
5834fca1bfd2288c843e6a5f5c1542d8e32adb5d,6f0babb3417fca07edb51f9bc65f303fad61f921,-15.804345649997536,-48.14045645017654,-15.80437030472334,-48.14043270633329,2026-01,2026,vYav982WIV06uqUcAB8dGA,162.39598537270774,© Google,OK,2_5,163528.1359681438,8250193.369184383,29c8a7d0012a53eff82352270bf228be724f66f5,cardinal,4,1,90_deg_east,cardinal,90,0,90,640,640,8,batch_0008,330,datasets/df_2024_proportional/batch_0008/images/29c8a7d0012a53eff82352270bf228be724f66f5.jpg,https://raw.githubusercontent.com/GUIA-DD/dataset-streetview/refs/heads/main/datasets/df_2024_proportional/batch_0008/images/29c8a7d0012a53eff82352270bf228be724f66f5.jpg,True,downloaded,
5834fca1bfd2288c843e6a5f5c1542d8e32adb5d,6f0babb3417fca07edb51f9bc65f303fad61f921,-15.804345649997536,-48.14045645017654,-15.80437030472334,-48.14043270633329,2026-01,2026,vYav982WIV06uqUcAB8dGA,162.39598537270774,© Google,OK,2_5,163528.1359681438,8250193.369184383,3f0450e85a3deefb6b09389295db88100fdc7f0a,cardinal,4,2,180_deg_south,cardinal,180,0,90,640,640,8,batch_0008,331,datasets/df_2024_proportional/batch_0008/images/3f0450e85a3deefb6b09389295db88100fdc7f0a.jpg,https://raw.githubusercontent.com/GUIA-DD/dataset-streetview/refs/heads/main/datasets/df_2024_proportional/batch_0008/images/3f0450e85a3deefb6b09389295db88100fdc7f0a.jpg,True,downloaded,
5834fca1bfd2288c843e6a5f5c1542d8e32adb5d,6f0babb3417fca07edb51f9bc65f303fad61f921,-15.804345649997536,-48.14045645017654,-15.80437030472334,-48.14043270633329,2026-01,2026,vYav982WIV06uqUcAB8dGA,162.39598537270774,© Google,OK,2_5,163528.1359681438,8250193.369184383,143a2b9515876efb9fee3d371b42ab1cdc6ec8e2,cardinal,4,3,270_deg_west,cardinal,270,0,90,640,640,8,batch_0008,332,datasets/df_2024_proportional/batch_0008/images/143a2b9515876efb9fee3d371b42ab1cdc6ec8e2.jpg,https://raw.githubusercontent.com/GUIA-DD/dataset-streetview/refs/heads/main/datasets/df_2024_proportional/batch_0008/images/143a2b9515876efb9fee3d371b42ab1cdc6ec8e2.jpg,True,downloaded,
59191758d2d2b8dba9e8b7248fe4d0044b144e04,a81fa221e6f73d9d8938c4847e6eb43362d82bee,-15.63742299070045,-47.83625418388557,-15.63742254507201,-47.83623392058507,2024-08,2024,v03nYhRBdJTnjyI_MAu4Dg,169.00295023022022,© Google,OK,9_9,195896.6441925268,8269140.143902713,947211fa4c522214f4b9bacdb05d4b997af1b5a2,cardinal,4,0,0_deg_north,cardinal,0,0,90,640,640,8,batch_0008,333,datasets/df_2024_proportional/batch_0008/images/947211fa4c522214f4b9bacdb05d4b997af1b5a2.jpg,https://raw.githubusercontent.com/GUIA-DD/dataset-streetview/refs/heads/main/datasets/df_2024_proportional/batch_0008/images/947211fa4c522214f4b9bacdb05d4b997af1b5a2.jpg,True,downloaded,
59191758d2d2b8dba9e8b7248fe4d0044b144e04,a81fa221e6f73d9d8938c4847e6eb43362d82bee,-15.63742299070045,-47.83625418388557,-15.63742254507201,-47.83623392058507,2024-08,2024,v03nYhRBdJTnjyI_MAu4Dg,169.00295023022022,© Google,OK,9_9,195896.6441925268,8269140.143902713,8c9d2b1113566a8901e953e2294ff8dda24b93d9,cardinal,4,1,90_deg_east,cardinal,90,0,90,640,640,8,batch_0008,334,datasets/df_2024_proportional/batch_0008/images/8c9d2b1113566a8901e953e2294ff8dda24b93d9.jpg,https://raw.githubusercontent.com/GUIA-DD/dataset-streetview/refs/heads/main/datasets/df_2024_proportional/batch_0008/images/8c9d2b1113566a8901e953e2294ff8dda24b93d9.jpg,True,downloaded,
59191758d2d2b8dba9e8b7248fe4d0044b144e04,a81fa221e6f73d9d8938c4847e6eb43362d82bee,-15.63742299070045,-47.83625418388557,-15.63742254507201,-47.83623392058507,2024-08,2024,v03nYhRBdJTnjyI_MAu4Dg,169.00295023022022,© Google,OK,9_9,195896.6441925268,8269140.143902713,52d5170fe6e205ef9dbaf00bd61055df25f425fc,cardinal,4,2,180_deg_south,cardinal,180,0,90,640,640,8,batch_0008,335,datasets/df_2024_proportional/batch_0008/images/52d5170fe6e205ef9dbaf00bd61055df25f425fc.jpg,https://raw.githubusercontent.com/GUIA-DD/dataset-streetview/refs/heads/main/datasets/df_2024_proportional/batch_0008/images/52d5170fe6e205ef9dbaf00bd61055df25f425fc.jpg,True,downloaded,
59191758d2d2b8dba9e8b7248fe4d0044b144e04,a81fa221e6f73d9d8938c4847e6eb43362d82bee,-15.63742299070045,-47.83625418388557,-15.63742254507201,-47.83623392058507,2024-08,2024,v03nYhRBdJTnjyI_MAu4Dg,169.00295023022022,© Google,OK,9_9,195896.6441925268,8269140.143902713,a760eebc5c3ee711840e5be84bf416fa7ec992d5,cardinal,4,3,270_deg_west,cardinal,270,0,90,640,640,8,batch_0008,336,datasets/df_2024_proportional/batch_0008/images/a760eebc5c3ee711840e5be84bf416fa7ec992d5.jpg,https://raw.githubusercontent.com/GUIA-DD/dataset-streetview/refs/heads/main/datasets/df_2024_proportional/batch_0008/images/a760eebc5c3ee711840e5be84bf416fa7ec992d5.jpg,True,downloaded,
592d4e097b3b4458dd6ab97627b4fe8dff635b06,9cc14c74cff399b1e367abc6f2fc682f62fb24b0,-16.035812600149576,-48.02322804976862,-16.03583880481315,-48.02327044185964,2025-02,2025,rHLwS2e3SdveBVOhFPLk0g,43.371897360341904,© Google,OK,5_0,176469.66487599615,8224743.791986363,a632e843d145e220203bbd7b5cdc7f78922bfd95,cardinal,4,0,0_deg_north,cardinal,0,0,90,640,640,8,batch_0008,337,datasets/df_2024_proportional/batch_0008/images/a632e843d145e220203bbd7b5cdc7f78922bfd95.jpg,https://raw.githubusercontent.com/GUIA-DD/dataset-streetview/refs/heads/main/datasets/df_2024_proportional/batch_0008/images/a632e843d145e220203bbd7b5cdc7f78922bfd95.jpg,True,downloaded,
592d4e097b3b4458dd6ab97627b4fe8dff635b06,9cc14c74cff399b1e367abc6f2fc682f62fb24b0,-16.035812600149576,-48.02322804976862,-16.03583880481315,-48.02327044185964,2025-02,2025,rHLwS2e3SdveBVOhFPLk0g,43.371897360341904,© Google,OK,5_0,176469.66487599615,8224743.791986363,1c770c6fcae4cd962f2f2f833dec574bca9fbeea,cardinal,4,1,90_deg_east,cardinal,90,0,90,640,640,8,batch_0008,338,datasets/df_2024_proportional/batch_0008/images/1c770c6fcae4cd962f2f2f833dec574bca9fbeea.jpg,https://raw.githubusercontent.com/GUIA-DD/dataset-streetview/refs/heads/main/datasets/df_2024_proportional/batch_0008/images/1c770c6fcae4cd962f2f2f833dec574bca9fbeea.jpg,True,downloaded,
592d4e097b3b4458dd6ab97627b4fe8dff635b06,9cc14c74cff399b1e367abc6f2fc682f62fb24b0,-16.035812600149576,-48.02322804976862,-16.03583880481315,-48.02327044185964,2025-02,2025,rHLwS2e3SdveBVOhFPLk0g,43.371897360341904,© Google,OK,5_0,176469.66487599615,8224743.791986363,2d6347f65a2140ad59ac96044a849230d70eb253,cardinal,4,2,180_deg_south,cardinal,180,0,90,640,640,8,batch_0008,339,datasets/df_2024_proportional/batch_0008/images/2d6347f65a2140ad59ac96044a849230d70eb253.jpg,https://raw.githubusercontent.com/GUIA-DD/dataset-streetview/refs/heads/main/datasets/df_2024_proportional/batch_0008/images/2d6347f65a2140ad59ac96044a849230d70eb253.jpg,True,downloaded,
592d4e097b3b4458dd6ab97627b4fe8dff635b06,9cc14c74cff399b1e367abc6f2fc682f62fb24b0,-16.035812600149576,-48.02322804976862,-16.03583880481315,-48.02327044185964,2025-02,2025,rHLwS2e3SdveBVOhFPLk0g,43.371897360341904,© Google,OK,5_0,176469.66487599615,8224743.791986363,4c5c5919886dcc1885e74f4ebb5e13acf4d11cf0,cardinal,4,3,270_deg_west,cardinal,270,0,90,640,640,8,batch_0008,340,datasets/df_2024_proportional/batch_0008/images/4c5c5919886dcc1885e74f4ebb5e13acf4d11cf0.jpg,https://raw.githubusercontent.com/GUIA-DD/dataset-streetview/refs/heads/main/datasets/df_2024_proportional/batch_0008/images/4c5c5919886dcc1885e74f4ebb5e13acf4d11cf0.jpg,True,downloaded,
5cc63a91667fa785e19b6d0f6dadb6993ae61b08,e806d18135a7487f7f155e64b3abcb0dfd1ba90b,-15.77168836344894,-47.8793298126566,-15.7716617580684,-47.87933458678121,2024-06,2024,OjZY3iDOl1kSaur5y4OAYg,228.07286292906736,© Google,OK,8_6,191477.15806233915,8254210.543509268,64f71aa56a5a4fb1a2600297df4168bd6879e63a,cardinal,4,0,0_deg_north,cardinal,0,0,90,640,640,8,batch_0008,341,datasets/df_2024_proportional/batch_0008/images/64f71aa56a5a4fb1a2600297df4168bd6879e63a.jpg,https://raw.githubusercontent.com/GUIA-DD/dataset-streetview/refs/heads/main/datasets/df_2024_proportional/batch_0008/images/64f71aa56a5a4fb1a2600297df4168bd6879e63a.jpg,True,downloaded,
5cc63a91667fa785e19b6d0f6dadb6993ae61b08,e806d18135a7487f7f155e64b3abcb0dfd1ba90b,-15.77168836344894,-47.8793298126566,-15.7716617580684,-47.87933458678121,2024-06,2024,OjZY3iDOl1kSaur5y4OAYg,228.07286292906736,© Google,OK,8_6,191477.15806233915,8254210.543509268,3473e4deed4f7783a07e67718c9fcce88a3d757e,cardinal,4,1,90_deg_east,cardinal,90,0,90,640,640,8,batch_0008,342,datasets/df_2024_proportional/batch_0008/images/3473e4deed4f7783a07e67718c9fcce88a3d757e.jpg,https://raw.githubusercontent.com/GUIA-DD/dataset-streetview/refs/heads/main/datasets/df_2024_proportional/batch_0008/images/3473e4deed4f7783a07e67718c9fcce88a3d757e.jpg,True,downloaded,
5cc63a91667fa785e19b6d0f6dadb6993ae61b08,e806d18135a7487f7f155e64b3abcb0dfd1ba90b,-15.77168836344894,-47.8793298126566,-15.7716617580684,-47.87933458678121,2024-06,2024,OjZY3iDOl1kSaur5y4OAYg,228.07286292906736,© Google,OK,8_6,191477.15806233915,8254210.543509268,198cb0b1ba01294ccefe24d2f2a2e57765a15466,cardinal,4,2,180_deg_south,cardinal,180,0,90,640,640,8,batch_0008,343,datasets/df_2024_proportional/batch_0008/images/198cb0b1ba01294ccefe24d2f2a2e57765a15466.jpg,https://raw.githubusercontent.com/GUIA-DD/dataset-streetview/refs/heads/main/datasets/df_2024_proportional/batch_0008/images/198cb0b1ba01294ccefe24d2f2a2e57765a15466.jpg,True,downloaded,
5cc63a91667fa785e19b6d0f6dadb6993ae61b08,e806d18135a7487f7f155e64b3abcb0dfd1ba90b,-15.77168836344894,-47.8793298126566,-15.7716617580684,-47.87933458678121,2024-06,2024,OjZY3iDOl1kSaur5y4OAYg,228.07286292906736,© Google,OK,8_6,191477.15806233915,8254210.543509268,dce0e71c60605dd0a86b4c0a41a795beab51e9b4,cardinal,4,3,270_deg_west,cardinal,270,0,90,640,640,8,batch_0008,344,datasets/df_2024_proportional/batch_0008/images/dce0e71c60605dd0a86b4c0a41a795beab51e9b4.jpg,https://raw.githubusercontent.com/GUIA-DD/dataset-streetview/refs/heads/main/datasets/df_2024_proportional/batch_0008/images/dce0e71c60605dd0a86b4c0a41a795beab51e9b4.jpg,True,downloaded,
5d6580eb9af25265ae377ac57b9892782a4d0831,52b35c745e6da1e18ae52ea50e4acd6d50553fae,-15.824592150102951,-48.04049959989189,-15.82460077637705,-48.04053443899362,2024-09,2024,naMODmjlzb2eCLewRQ8COw,54.71360033780804,© Google,OK,5_5,174278.84445269714,8248108.758883787,55c1a36318cb40b27f3656b56cdc9d312d12289a,cardinal,4,0,0_deg_north,cardinal,0,0,90,640,640,8,batch_0008,345,datasets/df_2024_proportional/batch_0008/images/55c1a36318cb40b27f3656b56cdc9d312d12289a.jpg,https://raw.githubusercontent.com/GUIA-DD/dataset-streetview/refs/heads/main/datasets/df_2024_proportional/batch_0008/images/55c1a36318cb40b27f3656b56cdc9d312d12289a.jpg,True,downloaded,
5d6580eb9af25265ae377ac57b9892782a4d0831,52b35c745e6da1e18ae52ea50e4acd6d50553fae,-15.824592150102951,-48.04049959989189,-15.82460077637705,-48.04053443899362,2024-09,2024,naMODmjlzb2eCLewRQ8COw,54.71360033780804,© Google,OK,5_5,174278.84445269714,8248108.758883787,96f7ea2e1fc422935c55f10d60a087de64257234,cardinal,4,1,90_deg_east,cardinal,90,0,90,640,640,8,batch_0008,346,datasets/df_2024_proportional/batch_0008/images/96f7ea2e1fc422935c55f10d60a087de64257234.jpg,https://raw.githubusercontent.com/GUIA-DD/dataset-streetview/refs/heads/main/datasets/df_2024_proportional/batch_0008/images/96f7ea2e1fc422935c55f10d60a087de64257234.jpg,True,downloaded,
5d6580eb9af25265ae377ac57b9892782a4d0831,52b35c745e6da1e18ae52ea50e4acd6d50553fae,-15.824592150102951,-48.04049959989189,-15.82460077637705,-48.04053443899362,2024-09,2024,naMODmjlzb2eCLewRQ8COw,54.71360033780804,© Google,OK,5_5,174278.84445269714,8248108.758883787,4199b232df12dcac6f71cec2c48fb71be6f63026,cardinal,4,2,180_deg_south,cardinal,180,0,90,640,640,8,batch_0008,347,datasets/df_2024_proportional/batch_0008/images/4199b232df12dcac6f71cec2c48fb71be6f63026.jpg,https://raw.githubusercontent.com/GUIA-DD/dataset-streetview/refs/heads/main/datasets/df_2024_proportional/batch_0008/images/4199b232df12dcac6f71cec2c48fb71be6f63026.jpg,True,downloaded,
5d6580eb9af25265ae377ac57b9892782a4d0831,52b35c745e6da1e18ae52ea50e4acd6d50553fae,-15.824592150102951,-48.04049959989189,-15.82460077637705,-48.04053443899362,2024-09,2024,naMODmjlzb2eCLewRQ8COw,54.71360033780804,© Google,OK,5_5,174278.84445269714,8248108.758883787,c405b9cc7dc91c295ad79d185cb365832d2b5e7f,cardinal,4,3,270_deg_west,cardinal,270,0,90,640,640,8,batch_0008,348,datasets/df_2024_proportional/batch_0008/images/c405b9cc7dc91c295ad79d185cb365832d2b5e7f.jpg,https://raw.githubusercontent.com/GUIA-DD/dataset-streetview/refs/heads/main/datasets/df_2024_proportional/batch_0008/images/c405b9cc7dc91c295ad79d185cb365832d2b5e7f.jpg,True,downloaded,
5e01051671d280184403a3b37070f27267f73e72,171bcb855e680744edd9ada9390595ad0fb5f811,-16.04098150001896,-48.05897284995972,-16.0410257961205,-48.05897822321693,2025-05,2025,uNqI_943xHkRM_e1n5A5RA,212.76250701380442,© Google,OK,4_0,172649.80761244093,8224115.155138942,c73219254d3dd763707683ef3988dbc73a91b632,cardinal,4,0,0_deg_north,cardinal,0,0,90,640,640,8,batch_0008,349,datasets/df_2024_proportional/batch_0008/images/c73219254d3dd763707683ef3988dbc73a91b632.jpg,https://raw.githubusercontent.com/GUIA-DD/dataset-streetview/refs/heads/main/datasets/df_2024_proportional/batch_0008/images/c73219254d3dd763707683ef3988dbc73a91b632.jpg,True,downloaded,
5e01051671d280184403a3b37070f27267f73e72,171bcb855e680744edd9ada9390595ad0fb5f811,-16.04098150001896,-48.05897284995972,-16.0410257961205,-48.05897822321693,2025-05,2025,uNqI_943xHkRM_e1n5A5RA,212.76250701380442,© Google,OK,4_0,172649.80761244093,8224115.155138942,667a6474716c52068b01825dcaf1c70d3796b430,cardinal,4,1,90_deg_east,cardinal,90,0,90,640,640,8,batch_0008,350,datasets/df_2024_proportional/batch_0008/images/667a6474716c52068b01825dcaf1c70d3796b430.jpg,https://raw.githubusercontent.com/GUIA-DD/dataset-streetview/refs/heads/main/datasets/df_2024_proportional/batch_0008/images/667a6474716c52068b01825dcaf1c70d3796b430.jpg,True,downloaded,
5e01051671d280184403a3b37070f27267f73e72,171bcb855e680744edd9ada9390595ad0fb5f811,-16.04098150001896,-48.05897284995972,-16.0410257961205,-48.05897822321693,2025-05,2025,uNqI_943xHkRM_e1n5A5RA,212.76250701380442,© Google,OK,4_0,172649.80761244093,8224115.155138942,c2881b3dba5e9abcf40531af2d65e0b272832ec9,cardinal,4,2,180_deg_south,cardinal,180,0,90,640,640,8,batch_0008,351,datasets/df_2024_proportional/batch_0008/images/c2881b3dba5e9abcf40531af2d65e0b272832ec9.jpg,https://raw.githubusercontent.com/GUIA-DD/dataset-streetview/refs/heads/main/datasets/df_2024_proportional/batch_0008/images/c2881b3dba5e9abcf40531af2d65e0b272832ec9.jpg,True,downloaded,
5e01051671d280184403a3b37070f27267f73e72,171bcb855e680744edd9ada9390595ad0fb5f811,-16.04098150001896,-48.05897284995972,-16.0410257961205,-48.05897822321693,2025-05,2025,uNqI_943xHkRM_e1n5A5RA,212.76250701380442,© Google,OK,4_0,172649.80761244093,8224115.155138942,befd04a3dcf3b15bfd680501b44fbd3a6de65ed6,cardinal,4,3,270_deg_west,cardinal,270,0,90,640,640,8,batch_0008,352,datasets/df_2024_proportional/batch_0008/images/befd04a3dcf3b15bfd680501b44fbd3a6de65ed6.jpg,https://raw.githubusercontent.com/GUIA-DD/dataset-streetview/refs/heads/main/datasets/df_2024_proportional/batch_0008/images/befd04a3dcf3b15bfd680501b44fbd3a6de65ed6.jpg,True,downloaded,
5f10cf1f4a032106ea8dd50c873e396e3714410c,c5c69141d22a499e5591285a77171801d76642b9,-15.838845698311967,-48.00520504067784,-15.83879238763953,-48.00527442525711,2024-10,2024,Biyha6lPF73JnLZG6LVprA,1.656651054755602,© Google,OK,5_4,178085.4616377579,8246584.767220766,fc0c64bee3546786599ad2113a4fa348d66f15d7,cardinal,4,0,0_deg_north,cardinal,0,0,90,640,640,8,batch_0008,353,datasets/df_2024_proportional/batch_0008/images/fc0c64bee3546786599ad2113a4fa348d66f15d7.jpg,https://raw.githubusercontent.com/GUIA-DD/dataset-streetview/refs/heads/main/datasets/df_2024_proportional/batch_0008/images/fc0c64bee3546786599ad2113a4fa348d66f15d7.jpg,True,downloaded,
5f10cf1f4a032106ea8dd50c873e396e3714410c,c5c69141d22a499e5591285a77171801d76642b9,-15.838845698311967,-48.00520504067784,-15.83879238763953,-48.00527442525711,2024-10,2024,Biyha6lPF73JnLZG6LVprA,1.656651054755602,© Google,OK,5_4,178085.4616377579,8246584.767220766,00e19365c148cbbd92fc0cc38132d557285c5f32,cardinal,4,1,90_deg_east,cardinal,90,0,90,640,640,8,batch_0008,354,datasets/df_2024_proportional/batch_0008/images/00e19365c148cbbd92fc0cc38132d557285c5f32.jpg,https://raw.githubusercontent.com/GUIA-DD/dataset-streetview/refs/heads/main/datasets/df_2024_proportional/batch_0008/images/00e19365c148cbbd92fc0cc38132d557285c5f32.jpg,True,downloaded,
5f10cf1f4a032106ea8dd50c873e396e3714410c,c5c69141d22a499e5591285a77171801d76642b9,-15.838845698311967,-48.00520504067784,-15.83879238763953,-48.00527442525711,2024-10,2024,Biyha6lPF73JnLZG6LVprA,1.656651054755602,© Google,OK,5_4,178085.4616377579,8246584.767220766,edccad0a93ac74265b961122488776451417cbbb,cardinal,4,2,180_deg_south,cardinal,180,0,90,640,640,8,batch_0008,355,datasets/df_2024_proportional/batch_0008/images/edccad0a93ac74265b961122488776451417cbbb.jpg,https://raw.githubusercontent.com/GUIA-DD/dataset-streetview/refs/heads/main/datasets/df_2024_proportional/batch_0008/images/edccad0a93ac74265b961122488776451417cbbb.jpg,True,downloaded,
5f10cf1f4a032106ea8dd50c873e396e3714410c,c5c69141d22a499e5591285a77171801d76642b9,-15.838845698311967,-48.00520504067784,-15.83879238763953,-48.00527442525711,2024-10,2024,Biyha6lPF73JnLZG6LVprA,1.656651054755602,© Google,OK,5_4,178085.4616377579,8246584.767220766,42e89b61b6cfd5e001483809296cb3c538da638e,cardinal,4,3,270_deg_west,cardinal,270,0,90,640,640,8,batch_0008,356,datasets/df_2024_proportional/batch_0008/images/42e89b61b6cfd5e001483809296cb3c538da638e.jpg,https://raw.githubusercontent.com/GUIA-DD/dataset-streetview/refs/heads/main/datasets/df_2024_proportional/batch_0008/images/42e89b61b6cfd5e001483809296cb3c538da638e.jpg,True,downloaded,
62dc8d833b9d244a08ac6f9b48a99141d5ca33d1,7c9fe117783bfd6cfd09e2a3a9b5c2ccb8410c1d,-15.891398986460377,-48.02685350249726,-15.89140694647773,-48.02690059026006,2025-06,2025,QYOCi5BpalAG3NqD3kNevA,78.48295371247276,© Google,OK,5_3,175848.7895260609,8240731.361569275,6f99f1bb046f8aa8d75998004a2df7eaac861249,cardinal,4,0,0_deg_north,cardinal,0,0,90,640,640,8,batch_0008,357,datasets/df_2024_proportional/batch_0008/images/6f99f1bb046f8aa8d75998004a2df7eaac861249.jpg,https://raw.githubusercontent.com/GUIA-DD/dataset-streetview/refs/heads/main/datasets/df_2024_proportional/batch_0008/images/6f99f1bb046f8aa8d75998004a2df7eaac861249.jpg,True,downloaded,
62dc8d833b9d244a08ac6f9b48a99141d5ca33d1,7c9fe117783bfd6cfd09e2a3a9b5c2ccb8410c1d,-15.891398986460377,-48.02685350249726,-15.89140694647773,-48.02690059026006,2025-06,2025,QYOCi5BpalAG3NqD3kNevA,78.48295371247276,© Google,OK,5_3,175848.7895260609,8240731.361569275,cc4917339ec50eb7bf7718b2db04a3a6090c117c,cardinal,4,1,90_deg_east,cardinal,90,0,90,640,640,8,batch_0008,358,datasets/df_2024_proportional/batch_0008/images/cc4917339ec50eb7bf7718b2db04a3a6090c117c.jpg,https://raw.githubusercontent.com/GUIA-DD/dataset-streetview/refs/heads/main/datasets/df_2024_proportional/batch_0008/images/cc4917339ec50eb7bf7718b2db04a3a6090c117c.jpg,True,downloaded,
62dc8d833b9d244a08ac6f9b48a99141d5ca33d1,7c9fe117783bfd6cfd09e2a3a9b5c2ccb8410c1d,-15.891398986460377,-48.02685350249726,-15.89140694647773,-48.02690059026006,2025-06,2025,QYOCi5BpalAG3NqD3kNevA,78.48295371247276,© Google,OK,5_3,175848.7895260609,8240731.361569275,cb695c7407ac347f0c37d231d92b17d36bd3aef7,cardinal,4,2,180_deg_south,cardinal,180,0,90,640,640,8,batch_0008,359,datasets/df_2024_proportional/batch_0008/images/cb695c7407ac347f0c37d231d92b17d36bd3aef7.jpg,https://raw.githubusercontent.com/GUIA-DD/dataset-streetview/refs/heads/main/datasets/df_2024_proportional/batch_0008/images/cb695c7407ac347f0c37d231d92b17d36bd3aef7.jpg,True,downloaded,
62dc8d833b9d244a08ac6f9b48a99141d5ca33d1,7c9fe117783bfd6cfd09e2a3a9b5c2ccb8410c1d,-15.891398986460377,-48.02685350249726,-15.89140694647773,-48.02690059026006,2025-06,2025,QYOCi5BpalAG3NqD3kNevA,78.48295371247276,© Google,OK,5_3,175848.7895260609,8240731.361569275,7488336cb187b718611e1e7e54344bd1e8f95281,cardinal,4,3,270_deg_west,cardinal,270,0,90,640,640,8,batch_0008,360,datasets/df_2024_proportional/batch_0008/images/7488336cb187b718611e1e7e54344bd1e8f95281.jpg,https://raw.githubusercontent.com/GUIA-DD/dataset-streetview/refs/heads/main/datasets/df_2024_proportional/batch_0008/images/7488336cb187b718611e1e7e54344bd1e8f95281.jpg,True,downloaded,
636690dcd0a951ef90da157151bc20abc82d46a3,9109d79620824d719f3b31608bf27076d39a60b8,-15.79365547144682,-47.88274914710583,-15.79362773173388,-47.88271166336515,2025-12,2025,2gsMwJVj5tNaXh0Uw1X5qw,196.90307714066716,© Google,OK,8_5,191143.82425369028,8251773.057583132,2457727c87ac326f1e79abd5527f2b91ff2cac22,cardinal,4,0,0_deg_north,cardinal,0,0,90,640,640,8,batch_0008,361,datasets/df_2024_proportional/batch_0008/images/2457727c87ac326f1e79abd5527f2b91ff2cac22.jpg,https://raw.githubusercontent.com/GUIA-DD/dataset-streetview/refs/heads/main/datasets/df_2024_proportional/batch_0008/images/2457727c87ac326f1e79abd5527f2b91ff2cac22.jpg,True,downloaded,
636690dcd0a951ef90da157151bc20abc82d46a3,9109d79620824d719f3b31608bf27076d39a60b8,-15.79365547144682,-47.88274914710583,-15.79362773173388,-47.88271166336515,2025-12,2025,2gsMwJVj5tNaXh0Uw1X5qw,196.90307714066716,© Google,OK,8_5,191143.82425369028,8251773.057583132,5cee1190f994c5de195e5a8c5fdeec7245109d80,cardinal,4,1,90_deg_east,cardinal,90,0,90,640,640,8,batch_0008,362,datasets/df_2024_proportional/batch_0008/images/5cee1190f994c5de195e5a8c5fdeec7245109d80.jpg,https://raw.githubusercontent.com/GUIA-DD/dataset-streetview/refs/heads/main/datasets/df_2024_proportional/batch_0008/images/5cee1190f994c5de195e5a8c5fdeec7245109d80.jpg,True,downloaded,
636690dcd0a951ef90da157151bc20abc82d46a3,9109d79620824d719f3b31608bf27076d39a60b8,-15.79365547144682,-47.88274914710583,-15.79362773173388,-47.88271166336515,2025-12,2025,2gsMwJVj5tNaXh0Uw1X5qw,196.90307714066716,© Google,OK,8_5,191143.82425369028,8251773.057583132,4a70a040e7d1db5d9f6adb33736f7d8251c4edb4,cardinal,4,2,180_deg_south,cardinal,180,0,90,640,640,8,batch_0008,363,datasets/df_2024_proportional/batch_0008/images/4a70a040e7d1db5d9f6adb33736f7d8251c4edb4.jpg,https://raw.githubusercontent.com/GUIA-DD/dataset-streetview/refs/heads/main/datasets/df_2024_proportional/batch_0008/images/4a70a040e7d1db5d9f6adb33736f7d8251c4edb4.jpg,True,downloaded,
636690dcd0a951ef90da157151bc20abc82d46a3,9109d79620824d719f3b31608bf27076d39a60b8,-15.79365547144682,-47.88274914710583,-15.79362773173388,-47.88271166336515,2025-12,2025,2gsMwJVj5tNaXh0Uw1X5qw,196.90307714066716,© Google,OK,8_5,191143.82425369028,8251773.057583132,b430d6bb45ef4b81603e7e557ec5eb926b727ea1,cardinal,4,3,270_deg_west,cardinal,270,0,90,640,640,8,batch_0008,364,datasets/df_2024_proportional/batch_0008/images/b430d6bb45ef4b81603e7e557ec5eb926b727ea1.jpg,https://raw.githubusercontent.com/GUIA-DD/dataset-streetview/refs/heads/main/datasets/df_2024_proportional/batch_0008/images/b430d6bb45ef4b81603e7e557ec5eb926b727ea1.jpg,True,downloaded,
64cbe1b49a213be374781193a8d21212958fd6c2,4b603289178517a2f0389cf3043dd280c94b4c5e,-15.875234957853161,-48.10160039879376,-15.87524474066273,-48.10162458480301,2025-03,2025,RWcI_nAQeft2Y3mJp6JPWQ,217.56889003699604,© Google,OK,3_3,167810.84570495324,8242404.12970615,595cff1ff31fb4a6a00614e9f40eedb7c95d8c1f,cardinal,4,0,0_deg_north,cardinal,0,0,90,640,640,8,batch_0008,365,datasets/df_2024_proportional/batch_0008/images/595cff1ff31fb4a6a00614e9f40eedb7c95d8c1f.jpg,https://raw.githubusercontent.com/GUIA-DD/dataset-streetview/refs/heads/main/datasets/df_2024_proportional/batch_0008/images/595cff1ff31fb4a6a00614e9f40eedb7c95d8c1f.jpg,True,downloaded,
64cbe1b49a213be374781193a8d21212958fd6c2,4b603289178517a2f0389cf3043dd280c94b4c5e,-15.875234957853161,-48.10160039879376,-15.87524474066273,-48.10162458480301,2025-03,2025,RWcI_nAQeft2Y3mJp6JPWQ,217.56889003699604,© Google,OK,3_3,167810.84570495324,8242404.12970615,9a12314b9248eb69a60b0d448dc3c59ebc4e3896,cardinal,4,1,90_deg_east,cardinal,90,0,90,640,640,8,batch_0008,366,datasets/df_2024_proportional/batch_0008/images/9a12314b9248eb69a60b0d448dc3c59ebc4e3896.jpg,https://raw.githubusercontent.com/GUIA-DD/dataset-streetview/refs/heads/main/datasets/df_2024_proportional/batch_0008/images/9a12314b9248eb69a60b0d448dc3c59ebc4e3896.jpg,True,downloaded,
64cbe1b49a213be374781193a8d21212958fd6c2,4b603289178517a2f0389cf3043dd280c94b4c5e,-15.875234957853161,-48.10160039879376,-15.87524474066273,-48.10162458480301,2025-03,2025,RWcI_nAQeft2Y3mJp6JPWQ,217.56889003699604,© Google,OK,3_3,167810.84570495324,8242404.12970615,33402e83297ed5d95cf7cd7d22de1bc3e5b15a20,cardinal,4,2,180_deg_south,cardinal,180,0,90,640,640,8,batch_0008,367,datasets/df_2024_proportional/batch_0008/images/33402e83297ed5d95cf7cd7d22de1bc3e5b15a20.jpg,https://raw.githubusercontent.com/GUIA-DD/dataset-streetview/refs/heads/main/datasets/df_2024_proportional/batch_0008/images/33402e83297ed5d95cf7cd7d22de1bc3e5b15a20.jpg,True,downloaded,
64cbe1b49a213be374781193a8d21212958fd6c2,4b603289178517a2f0389cf3043dd280c94b4c5e,-15.875234957853161,-48.10160039879376,-15.87524474066273,-48.10162458480301,2025-03,2025,RWcI_nAQeft2Y3mJp6JPWQ,217.56889003699604,© Google,OK,3_3,167810.84570495324,8242404.12970615,31a42d11f9939a1acd10f195143ac02282261906,cardinal,4,3,270_deg_west,cardinal,270,0,90,640,640,8,batch_0008,368,datasets/df_2024_proportional/batch_0008/images/31a42d11f9939a1acd10f195143ac02282261906.jpg,https://raw.githubusercontent.com/GUIA-DD/dataset-streetview/refs/heads/main/datasets/df_2024_proportional/batch_0008/images/31a42d11f9939a1acd10f195143ac02282261906.jpg,True,downloaded,
65f99ad39a63e699e1fb0f691883f03e7a7942b2,1512a4d42a5acfdbe3d1b6d8ace7dd70a8d244c7,-15.636188740126919,-47.67709723128625,-15.63634276532984,-47.67711721749367,2024-07,2024,FVffMriNOSrs2DArDxiqtA,310.1714664692069,© Google,OK,12_9,212970.7494901406,8269498.421247384,8e80119e6eaecb31868e844efe2118527d1a65d5,cardinal,4,0,0_deg_north,cardinal,0,0,90,640,640,8,batch_0008,369,datasets/df_2024_proportional/batch_0008/images/8e80119e6eaecb31868e844efe2118527d1a65d5.jpg,https://raw.githubusercontent.com/GUIA-DD/dataset-streetview/refs/heads/main/datasets/df_2024_proportional/batch_0008/images/8e80119e6eaecb31868e844efe2118527d1a65d5.jpg,True,downloaded,
65f99ad39a63e699e1fb0f691883f03e7a7942b2,1512a4d42a5acfdbe3d1b6d8ace7dd70a8d244c7,-15.636188740126919,-47.67709723128625,-15.63634276532984,-47.67711721749367,2024-07,2024,FVffMriNOSrs2DArDxiqtA,310.1714664692069,© Google,OK,12_9,212970.7494901406,8269498.421247384,369e691012c17afc79ac434984d215ab2b25b7a6,cardinal,4,1,90_deg_east,cardinal,90,0,90,640,640,8,batch_0008,370,datasets/df_2024_proportional/batch_0008/images/369e691012c17afc79ac434984d215ab2b25b7a6.jpg,https://raw.githubusercontent.com/GUIA-DD/dataset-streetview/refs/heads/main/datasets/df_2024_proportional/batch_0008/images/369e691012c17afc79ac434984d215ab2b25b7a6.jpg,True,downloaded,
65f99ad39a63e699e1fb0f691883f03e7a7942b2,1512a4d42a5acfdbe3d1b6d8ace7dd70a8d244c7,-15.636188740126919,-47.67709723128625,-15.63634276532984,-47.67711721749367,2024-07,2024,FVffMriNOSrs2DArDxiqtA,310.1714664692069,© Google,OK,12_9,212970.7494901406,8269498.421247384,8b14fcf5a2a41bc92e273df5db92336c5e1402cc,cardinal,4,2,180_deg_south,cardinal,180,0,90,640,640,8,batch_0008,371,datasets/df_2024_proportional/batch_0008/images/8b14fcf5a2a41bc92e273df5db92336c5e1402cc.jpg,https://raw.githubusercontent.com/GUIA-DD/dataset-streetview/refs/heads/main/datasets/df_2024_proportional/batch_0008/images/8b14fcf5a2a41bc92e273df5db92336c5e1402cc.jpg,True,downloaded,
65f99ad39a63e699e1fb0f691883f03e7a7942b2,1512a4d42a5acfdbe3d1b6d8ace7dd70a8d244c7,-15.636188740126919,-47.67709723128625,-15.63634276532984,-47.67711721749367,2024-07,2024,FVffMriNOSrs2DArDxiqtA,310.1714664692069,© Google,OK,12_9,212970.7494901406,8269498.421247384,2aa82dd5aaca145485d035cb8fac2aefa20b6e46,cardinal,4,3,270_deg_west,cardinal,270,0,90,640,640,8,batch_0008,372,datasets/df_2024_proportional/batch_0008/images/2aa82dd5aaca145485d035cb8fac2aefa20b6e46.jpg,https://raw.githubusercontent.com/GUIA-DD/dataset-streetview/refs/heads/main/datasets/df_2024_proportional/batch_0008/images/2aa82dd5aaca145485d035cb8fac2aefa20b6e46.jpg,True,downloaded,
66cfa4c72b2cd06a54e4207c41f00aea71411207,43c6b99a64ca94f8403c351baa6308d5a5435235,-15.81798324999988,-48.1008891000083,-15.81802080442519,-48.10089692220117,2024-07,2024,elvYDhQPvyPD7gT-GKncSA,162.73511574148463,© Google,OK,3_5,167793.29256227755,8248745.986587691,bf4627d5df79ab85eb8c7798ef3da5366b737da7,cardinal,4,0,0_deg_north,cardinal,0,0,90,640,640,8,batch_0008,373,datasets/df_2024_proportional/batch_0008/images/bf4627d5df79ab85eb8c7798ef3da5366b737da7.jpg,https://raw.githubusercontent.com/GUIA-DD/dataset-streetview/refs/heads/main/datasets/df_2024_proportional/batch_0008/images/bf4627d5df79ab85eb8c7798ef3da5366b737da7.jpg,True,downloaded,
66cfa4c72b2cd06a54e4207c41f00aea71411207,43c6b99a64ca94f8403c351baa6308d5a5435235,-15.81798324999988,-48.1008891000083,-15.81802080442519,-48.10089692220117,2024-07,2024,elvYDhQPvyPD7gT-GKncSA,162.73511574148463,© Google,OK,3_5,167793.29256227755,8248745.986587691,2ef99819a2c1e644aa5da071b76fb6157ed6325c,cardinal,4,1,90_deg_east,cardinal,90,0,90,640,640,8,batch_0008,374,datasets/df_2024_proportional/batch_0008/images/2ef99819a2c1e644aa5da071b76fb6157ed6325c.jpg,https://raw.githubusercontent.com/GUIA-DD/dataset-streetview/refs/heads/main/datasets/df_2024_proportional/batch_0008/images/2ef99819a2c1e644aa5da071b76fb6157ed6325c.jpg,True,downloaded,
66cfa4c72b2cd06a54e4207c41f00aea71411207,43c6b99a64ca94f8403c351baa6308d5a5435235,-15.81798324999988,-48.1008891000083,-15.81802080442519,-48.10089692220117,2024-07,2024,elvYDhQPvyPD7gT-GKncSA,162.73511574148463,© Google,OK,3_5,167793.29256227755,8248745.986587691,10bf83259f3e4b308e4d2eb75b3c087558952b17,cardinal,4,2,180_deg_south,cardinal,180,0,90,640,640,8,batch_0008,375,datasets/df_2024_proportional/batch_0008/images/10bf83259f3e4b308e4d2eb75b3c087558952b17.jpg,https://raw.githubusercontent.com/GUIA-DD/dataset-streetview/refs/heads/main/datasets/df_2024_proportional/batch_0008/images/10bf83259f3e4b308e4d2eb75b3c087558952b17.jpg,True,downloaded,
66cfa4c72b2cd06a54e4207c41f00aea71411207,43c6b99a64ca94f8403c351baa6308d5a5435235,-15.81798324999988,-48.1008891000083,-15.81802080442519,-48.10089692220117,2024-07,2024,elvYDhQPvyPD7gT-GKncSA,162.73511574148463,© Google,OK,3_5,167793.29256227755,8248745.986587691,05166f476c6e184d0c8246542321646cae2239a1,cardinal,4,3,270_deg_west,cardinal,270,0,90,640,640,8,batch_0008,376,datasets/df_2024_proportional/batch_0008/images/05166f476c6e184d0c8246542321646cae2239a1.jpg,https://raw.githubusercontent.com/GUIA-DD/dataset-streetview/refs/heads/main/datasets/df_2024_proportional/batch_0008/images/05166f476c6e184d0c8246542321646cae2239a1.jpg,True,downloaded,
681d67a86ab50d9fff57560607de5da212e4e653,1d4899b9b69cb19e2e44afa3eee52be30c54d46d,-15.785383660054027,-47.87860381771481,-15.78537411230438,-47.87858360963907,2024-05,2024,LjPFGSTFv_Xoiv2xpYtVaQ,91.48232115343042,© Google,OK,8_6,191575.74089167823,8252695.099778496,118c50f58b0011a205665efcd72a9e97a295b289,cardinal,4,0,0_deg_north,cardinal,0,0,90,640,640,8,batch_0008,377,datasets/df_2024_proportional/batch_0008/images/118c50f58b0011a205665efcd72a9e97a295b289.jpg,https://raw.githubusercontent.com/GUIA-DD/dataset-streetview/refs/heads/main/datasets/df_2024_proportional/batch_0008/images/118c50f58b0011a205665efcd72a9e97a295b289.jpg,True,downloaded,
681d67a86ab50d9fff57560607de5da212e4e653,1d4899b9b69cb19e2e44afa3eee52be30c54d46d,-15.785383660054027,-47.87860381771481,-15.78537411230438,-47.87858360963907,2024-05,2024,LjPFGSTFv_Xoiv2xpYtVaQ,91.48232115343042,© Google,OK,8_6,191575.74089167823,8252695.099778496,03959a8b7e25488e110c07d676f09721443107d7,cardinal,4,1,90_deg_east,cardinal,90,0,90,640,640,8,batch_0008,378,datasets/df_2024_proportional/batch_0008/images/03959a8b7e25488e110c07d676f09721443107d7.jpg,https://raw.githubusercontent.com/GUIA-DD/dataset-streetview/refs/heads/main/datasets/df_2024_proportional/batch_0008/images/03959a8b7e25488e110c07d676f09721443107d7.jpg,True,downloaded,
681d67a86ab50d9fff57560607de5da212e4e653,1d4899b9b69cb19e2e44afa3eee52be30c54d46d,-15.785383660054027,-47.87860381771481,-15.78537411230438,-47.87858360963907,2024-05,2024,LjPFGSTFv_Xoiv2xpYtVaQ,91.48232115343042,© Google,OK,8_6,191575.74089167823,8252695.099778496,e38261293a9877e6f93f1d5c5351d96e1f3115fd,cardinal,4,2,180_deg_south,cardinal,180,0,90,640,640,8,batch_0008,379,datasets/df_2024_proportional/batch_0008/images/e38261293a9877e6f93f1d5c5351d96e1f3115fd.jpg,https://raw.githubusercontent.com/GUIA-DD/dataset-streetview/refs/heads/main/datasets/df_2024_proportional/batch_0008/images/e38261293a9877e6f93f1d5c5351d96e1f3115fd.jpg,True,downloaded,
681d67a86ab50d9fff57560607de5da212e4e653,1d4899b9b69cb19e2e44afa3eee52be30c54d46d,-15.785383660054027,-47.87860381771481,-15.78537411230438,-47.87858360963907,2024-05,2024,LjPFGSTFv_Xoiv2xpYtVaQ,91.48232115343042,© Google,OK,8_6,191575.74089167823,8252695.099778496,e77f25ff2bea83225e7fbb48fbbc0535d33c4797,cardinal,4,3,270_deg_west,cardinal,270,0,90,640,640,8,batch_0008,380,datasets/df_2024_proportional/batch_0008/images/e77f25ff2bea83225e7fbb48fbbc0535d33c4797.jpg,https://raw.githubusercontent.com/GUIA-DD/dataset-streetview/refs/heads/main/datasets/df_2024_proportional/batch_0008/images/e77f25ff2bea83225e7fbb48fbbc0535d33c4797.jpg,True,downloaded,
6823ac225f10a25ef7964591df326b4901897d07,c15091ed04b4ff7a3cdb31de95350fa02802feec,-15.96517108590732,-48.01974433117659,-15.96518047446246,-48.01970980689077,2025-05,2025,X_6D5VyZ9EeKJQRcKFpEeg,326.3169772075319,© Google,OK,5_2,176729.00800333163,8232572.476759344,65f4383153bf08acb9f6eb0019a82743c73c5368,cardinal,4,0,0_deg_north,cardinal,0,0,90,640,640,8,batch_0008,381,datasets/df_2024_proportional/batch_0008/images/65f4383153bf08acb9f6eb0019a82743c73c5368.jpg,https://raw.githubusercontent.com/GUIA-DD/dataset-streetview/refs/heads/main/datasets/df_2024_proportional/batch_0008/images/65f4383153bf08acb9f6eb0019a82743c73c5368.jpg,True,downloaded,
6823ac225f10a25ef7964591df326b4901897d07,c15091ed04b4ff7a3cdb31de95350fa02802feec,-15.96517108590732,-48.01974433117659,-15.96518047446246,-48.01970980689077,2025-05,2025,X_6D5VyZ9EeKJQRcKFpEeg,326.3169772075319,© Google,OK,5_2,176729.00800333163,8232572.476759344,c3ca168872407225e64331872d8c7ee9617f8265,cardinal,4,1,90_deg_east,cardinal,90,0,90,640,640,8,batch_0008,382,datasets/df_2024_proportional/batch_0008/images/c3ca168872407225e64331872d8c7ee9617f8265.jpg,https://raw.githubusercontent.com/GUIA-DD/dataset-streetview/refs/heads/main/datasets/df_2024_proportional/batch_0008/images/c3ca168872407225e64331872d8c7ee9617f8265.jpg,True,downloaded,
6823ac225f10a25ef7964591df326b4901897d07,c15091ed04b4ff7a3cdb31de95350fa02802feec,-15.96517108590732,-48.01974433117659,-15.96518047446246,-48.01970980689077,2025-05,2025,X_6D5VyZ9EeKJQRcKFpEeg,326.3169772075319,© Google,OK,5_2,176729.00800333163,8232572.476759344,5ba2be06bed588ad33d51bbe23c898f02d65d76a,cardinal,4,2,180_deg_south,cardinal,180,0,90,640,640,8,batch_0008,383,datasets/df_2024_proportional/batch_0008/images/5ba2be06bed588ad33d51bbe23c898f02d65d76a.jpg,https://raw.githubusercontent.com/GUIA-DD/dataset-streetview/refs/heads/main/datasets/df_2024_proportional/batch_0008/images/5ba2be06bed588ad33d51bbe23c898f02d65d76a.jpg,True,downloaded,
6823ac225f10a25ef7964591df326b4901897d07,c15091ed04b4ff7a3cdb31de95350fa02802feec,-15.96517108590732,-48.01974433117659,-15.96518047446246,-48.01970980689077,2025-05,2025,X_6D5VyZ9EeKJQRcKFpEeg,326.3169772075319,© Google,OK,5_2,176729.00800333163,8232572.476759344,13897b2ad9f30ffb1e8e959bfbf95668d909a3e9,cardinal,4,3,270_deg_west,cardinal,270,0,90,640,640,8,batch_0008,384,datasets/df_2024_proportional/batch_0008/images/13897b2ad9f30ffb1e8e959bfbf95668d909a3e9.jpg,https://raw.githubusercontent.com/GUIA-DD/dataset-streetview/refs/heads/main/datasets/df_2024_proportional/batch_0008/images/13897b2ad9f30ffb1e8e959bfbf95668d909a3e9.jpg,True,downloaded,
6a2b4290d048558586fdcd596339ad34c07b3741,6f1d650d0377a13aaf74e1e95e6ca08648dc7491,-15.897481160246635,-48.12901780830932,-15.8975297952868,-48.12905616012746,2025-02,2025,7rfAAvMq1fZwLjg3LTEYoQ,321.1312274866605,© Google,OK,3_3,164908.75204631683,8239896.505446503,de9d10aea0c159041a0c61feb30ee93cb2e4c91c,cardinal,4,0,0_deg_north,cardinal,0,0,90,640,640,8,batch_0008,385,datasets/df_2024_proportional/batch_0008/images/de9d10aea0c159041a0c61feb30ee93cb2e4c91c.jpg,https://raw.githubusercontent.com/GUIA-DD/dataset-streetview/refs/heads/main/datasets/df_2024_proportional/batch_0008/images/de9d10aea0c159041a0c61feb30ee93cb2e4c91c.jpg,True,downloaded,
6a2b4290d048558586fdcd596339ad34c07b3741,6f1d650d0377a13aaf74e1e95e6ca08648dc7491,-15.897481160246635,-48.12901780830932,-15.8975297952868,-48.12905616012746,2025-02,2025,7rfAAvMq1fZwLjg3LTEYoQ,321.1312274866605,© Google,OK,3_3,164908.75204631683,8239896.505446503,591c1db525fb9cb5b3aaa6d84b5270c6efd135f6,cardinal,4,1,90_deg_east,cardinal,90,0,90,640,640,8,batch_0008,386,datasets/df_2024_proportional/batch_0008/images/591c1db525fb9cb5b3aaa6d84b5270c6efd135f6.jpg,https://raw.githubusercontent.com/GUIA-DD/dataset-streetview/refs/heads/main/datasets/df_2024_proportional/batch_0008/images/591c1db525fb9cb5b3aaa6d84b5270c6efd135f6.jpg,True,downloaded,
6a2b4290d048558586fdcd596339ad34c07b3741,6f1d650d0377a13aaf74e1e95e6ca08648dc7491,-15.897481160246635,-48.12901780830932,-15.8975297952868,-48.12905616012746,2025-02,2025,7rfAAvMq1fZwLjg3LTEYoQ,321.1312274866605,© Google,OK,3_3,164908.75204631683,8239896.505446503,9c34e7519cc50afe0e32ec7429882a34f2cadf4c,cardinal,4,2,180_deg_south,cardinal,180,0,90,640,640,8,batch_0008,387,datasets/df_2024_proportional/batch_0008/images/9c34e7519cc50afe0e32ec7429882a34f2cadf4c.jpg,https://raw.githubusercontent.com/GUIA-DD/dataset-streetview/refs/heads/main/datasets/df_2024_proportional/batch_0008/images/9c34e7519cc50afe0e32ec7429882a34f2cadf4c.jpg,True,downloaded,
6a2b4290d048558586fdcd596339ad34c07b3741,6f1d650d0377a13aaf74e1e95e6ca08648dc7491,-15.897481160246635,-48.12901780830932,-15.8975297952868,-48.12905616012746,2025-02,2025,7rfAAvMq1fZwLjg3LTEYoQ,321.1312274866605,© Google,OK,3_3,164908.75204631683,8239896.505446503,19c01dc6cc3fad20fe18488e2b38f70bfba1312e,cardinal,4,3,270_deg_west,cardinal,270,0,90,640,640,8,batch_0008,388,datasets/df_2024_proportional/batch_0008/images/19c01dc6cc3fad20fe18488e2b38f70bfba1312e.jpg,https://raw.githubusercontent.com/GUIA-DD/dataset-streetview/refs/heads/main/datasets/df_2024_proportional/batch_0008/images/19c01dc6cc3fad20fe18488e2b38f70bfba1312e.jpg,True,downloaded,
6ac1375e9ef5cc5b28e54944f3d05effab03a4a4,47ae3c8c377b8e31be4b81587bdaf307338b886d,-15.92737790062227,-47.964099099098384,-15.92736747304526,-47.96412943330922,2024-12,2024,Aj6Gqmx5uCuRZwl5ZVzfGg,225.55694014349677,© Google,OK,6_2,182631.01305179484,8236843.417788434,6b2329ba42ec3ddddc315a90d8d6d6609621b823,cardinal,4,0,0_deg_north,cardinal,0,0,90,640,640,8,batch_0008,389,datasets/df_2024_proportional/batch_0008/images/6b2329ba42ec3ddddc315a90d8d6d6609621b823.jpg,https://raw.githubusercontent.com/GUIA-DD/dataset-streetview/refs/heads/main/datasets/df_2024_proportional/batch_0008/images/6b2329ba42ec3ddddc315a90d8d6d6609621b823.jpg,True,downloaded,
6ac1375e9ef5cc5b28e54944f3d05effab03a4a4,47ae3c8c377b8e31be4b81587bdaf307338b886d,-15.92737790062227,-47.964099099098384,-15.92736747304526,-47.96412943330922,2024-12,2024,Aj6Gqmx5uCuRZwl5ZVzfGg,225.55694014349677,© Google,OK,6_2,182631.01305179484,8236843.417788434,2c5ce19565b93ea0612368ebff9131d0b9133326,cardinal,4,1,90_deg_east,cardinal,90,0,90,640,640,8,batch_0008,390,datasets/df_2024_proportional/batch_0008/images/2c5ce19565b93ea0612368ebff9131d0b9133326.jpg,https://raw.githubusercontent.com/GUIA-DD/dataset-streetview/refs/heads/main/datasets/df_2024_proportional/batch_0008/images/2c5ce19565b93ea0612368ebff9131d0b9133326.jpg,True,downloaded,
6ac1375e9ef5cc5b28e54944f3d05effab03a4a4,47ae3c8c377b8e31be4b81587bdaf307338b886d,-15.92737790062227,-47.964099099098384,-15.92736747304526,-47.96412943330922,2024-12,2024,Aj6Gqmx5uCuRZwl5ZVzfGg,225.55694014349677,© Google,OK,6_2,182631.01305179484,8236843.417788434,4ebfbead7708bd9d4ed0f3c3d06db2a14b15cabe,cardinal,4,2,180_deg_south,cardinal,180,0,90,640,640,8,batch_0008,391,datasets/df_2024_proportional/batch_0008/images/4ebfbead7708bd9d4ed0f3c3d06db2a14b15cabe.jpg,https://raw.githubusercontent.com/GUIA-DD/dataset-streetview/refs/heads/main/datasets/df_2024_proportional/batch_0008/images/4ebfbead7708bd9d4ed0f3c3d06db2a14b15cabe.jpg,True,downloaded,
6ac1375e9ef5cc5b28e54944f3d05effab03a4a4,47ae3c8c377b8e31be4b81587bdaf307338b886d,-15.92737790062227,-47.964099099098384,-15.92736747304526,-47.96412943330922,2024-12,2024,Aj6Gqmx5uCuRZwl5ZVzfGg,225.55694014349677,© Google,OK,6_2,182631.01305179484,8236843.417788434,a47ea76466d766fc285e5f57c305b002ff057d23,cardinal,4,3,270_deg_west,cardinal,270,0,90,640,640,8,batch_0008,392,datasets/df_2024_proportional/batch_0008/images/a47ea76466d766fc285e5f57c305b002ff057d23.jpg,https://raw.githubusercontent.com/GUIA-DD/dataset-streetview/refs/heads/main/datasets/df_2024_proportional/batch_0008/images/a47ea76466d766fc285e5f57c305b002ff057d23.jpg,True,downloaded,
6d1109e287ed41079ed6a6c34fb3109eb98b1d06,5d9b3b807b924909e33e411bc3e3596ff253e836,-15.836646400015464,-47.87116719989413,-15.836639494173,-47.87117290643518,2024-12,2024,a27pCuoaNW_DDmJEaBG02A,183.7196868454272,© Google,OK,8_4,192450.670200613,8247029.585161278,804b19e744b31a56c1bdc6fd15f11fa316f15977,cardinal,4,0,0_deg_north,cardinal,0,0,90,640,640,8,batch_0008,393,datasets/df_2024_proportional/batch_0008/images/804b19e744b31a56c1bdc6fd15f11fa316f15977.jpg,https://raw.githubusercontent.com/GUIA-DD/dataset-streetview/refs/heads/main/datasets/df_2024_proportional/batch_0008/images/804b19e744b31a56c1bdc6fd15f11fa316f15977.jpg,True,downloaded,
6d1109e287ed41079ed6a6c34fb3109eb98b1d06,5d9b3b807b924909e33e411bc3e3596ff253e836,-15.836646400015464,-47.87116719989413,-15.836639494173,-47.87117290643518,2024-12,2024,a27pCuoaNW_DDmJEaBG02A,183.7196868454272,© Google,OK,8_4,192450.670200613,8247029.585161278,c9e90fb730c1108950c958c255e18d727a88cd85,cardinal,4,1,90_deg_east,cardinal,90,0,90,640,640,8,batch_0008,394,datasets/df_2024_proportional/batch_0008/images/c9e90fb730c1108950c958c255e18d727a88cd85.jpg,https://raw.githubusercontent.com/GUIA-DD/dataset-streetview/refs/heads/main/datasets/df_2024_proportional/batch_0008/images/c9e90fb730c1108950c958c255e18d727a88cd85.jpg,True,downloaded,
6d1109e287ed41079ed6a6c34fb3109eb98b1d06,5d9b3b807b924909e33e411bc3e3596ff253e836,-15.836646400015464,-47.87116719989413,-15.836639494173,-47.87117290643518,2024-12,2024,a27pCuoaNW_DDmJEaBG02A,183.7196868454272,© Google,OK,8_4,192450.670200613,8247029.585161278,fba115564c9a67cf2a5e7c5d5d3f47b37ea579f4,cardinal,4,2,180_deg_south,cardinal,180,0,90,640,640,8,batch_0008,395,datasets/df_2024_proportional/batch_0008/images/fba115564c9a67cf2a5e7c5d5d3f47b37ea579f4.jpg,https://raw.githubusercontent.com/GUIA-DD/dataset-streetview/refs/heads/main/datasets/df_2024_proportional/batch_0008/images/fba115564c9a67cf2a5e7c5d5d3f47b37ea579f4.jpg,True,downloaded,
6d1109e287ed41079ed6a6c34fb3109eb98b1d06,5d9b3b807b924909e33e411bc3e3596ff253e836,-15.836646400015464,-47.87116719989413,-15.836639494173,-47.87117290643518,2024-12,2024,a27pCuoaNW_DDmJEaBG02A,183.7196868454272,© Google,OK,8_4,192450.670200613,8247029.585161278,b8b8f2632bafaa7172e2e913f28dea9506ca9e3b,cardinal,4,3,270_deg_west,cardinal,270,0,90,640,640,8,batch_0008,396,datasets/df_2024_proportional/batch_0008/images/b8b8f2632bafaa7172e2e913f28dea9506ca9e3b.jpg,https://raw.githubusercontent.com/GUIA-DD/dataset-streetview/refs/heads/main/datasets/df_2024_proportional/batch_0008/images/b8b8f2632bafaa7172e2e913f28dea9506ca9e3b.jpg,True,downloaded,
6d5ca5b14162cac363f53ffacdaf6e60e3355bea,11c988c17f438c1547e43f5022da2387761b83f2,-15.742069690904042,-47.76898967566839,-15.74209798577794,-47.7689646810175,2024-07,2024,-m8JW1Up8BO1NgBVwteXdg,338.5354587023428,© Google,OK,10_7,203265.19171052024,8257648.646570965,5d9f4a7ae4294275964bea10b131d955e593c641,cardinal,4,0,0_deg_north,cardinal,0,0,90,640,640,8,batch_0008,397,datasets/df_2024_proportional/batch_0008/images/5d9f4a7ae4294275964bea10b131d955e593c641.jpg,https://raw.githubusercontent.com/GUIA-DD/dataset-streetview/refs/heads/main/datasets/df_2024_proportional/batch_0008/images/5d9f4a7ae4294275964bea10b131d955e593c641.jpg,True,downloaded,
6d5ca5b14162cac363f53ffacdaf6e60e3355bea,11c988c17f438c1547e43f5022da2387761b83f2,-15.742069690904042,-47.76898967566839,-15.74209798577794,-47.7689646810175,2024-07,2024,-m8JW1Up8BO1NgBVwteXdg,338.5354587023428,© Google,OK,10_7,203265.19171052024,8257648.646570965,7996c5b48f7f1e3f51110e171eb0e4371735823b,cardinal,4,1,90_deg_east,cardinal,90,0,90,640,640,8,batch_0008,398,datasets/df_2024_proportional/batch_0008/images/7996c5b48f7f1e3f51110e171eb0e4371735823b.jpg,https://raw.githubusercontent.com/GUIA-DD/dataset-streetview/refs/heads/main/datasets/df_2024_proportional/batch_0008/images/7996c5b48f7f1e3f51110e171eb0e4371735823b.jpg,True,downloaded,
6d5ca5b14162cac363f53ffacdaf6e60e3355bea,11c988c17f438c1547e43f5022da2387761b83f2,-15.742069690904042,-47.76898967566839,-15.74209798577794,-47.7689646810175,2024-07,2024,-m8JW1Up8BO1NgBVwteXdg,338.5354587023428,© Google,OK,10_7,203265.19171052024,8257648.646570965,02d0c9b5b2fd4b8a4336eceae8957d8143fe6b20,cardinal,4,2,180_deg_south,cardinal,180,0,90,640,640,8,batch_0008,399,datasets/df_2024_proportional/batch_0008/images/02d0c9b5b2fd4b8a4336eceae8957d8143fe6b20.jpg,https://raw.githubusercontent.com/GUIA-DD/dataset-streetview/refs/heads/main/datasets/df_2024_proportional/batch_0008/images/02d0c9b5b2fd4b8a4336eceae8957d8143fe6b20.jpg,True,downloaded,
6d5ca5b14162cac363f53ffacdaf6e60e3355bea,11c988c17f438c1547e43f5022da2387761b83f2,-15.742069690904042,-47.76898967566839,-15.74209798577794,-47.7689646810175,2024-07,2024,-m8JW1Up8BO1NgBVwteXdg,338.5354587023428,© Google,OK,10_7,203265.19171052024,8257648.646570965,aab4f0ae24cf8fd643030d9139c4042c8d5f2b7f,cardinal,4,3,270_deg_west,cardinal,270,0,90,640,640,8,batch_0008,400,datasets/df_2024_proportional/batch_0008/images/aab4f0ae24cf8fd643030d9139c4042c8d5f2b7f.jpg,https://raw.githubusercontent.com/GUIA-DD/dataset-streetview/refs/heads/main/datasets/df_2024_proportional/batch_0008/images/aab4f0ae24cf8fd643030d9139c4042c8d5f2b7f.jpg,True,downloaded,
6d7451d40c86003355ed8be345caff4a673d1e5f,9cbb1242465b81b368335c4a8c536aa8249bba96,-15.956095600002637,-48.06497585000333,-15.9561067896636,-48.06491637082118,2025-07,2025,ex4S7_fKg1cyhQa-ZpIQoQ,293.0396494217358,© Google,OK,4_2,171868.14481680625,8233506.736229542,805ba24582a027d77337fc60523c2bcc5659d63f,cardinal,4,0,0_deg_north,cardinal,0,0,90,640,640,8,batch_0008,401,datasets/df_2024_proportional/batch_0008/images/805ba24582a027d77337fc60523c2bcc5659d63f.jpg,https://raw.githubusercontent.com/GUIA-DD/dataset-streetview/refs/heads/main/datasets/df_2024_proportional/batch_0008/images/805ba24582a027d77337fc60523c2bcc5659d63f.jpg,True,downloaded,
6d7451d40c86003355ed8be345caff4a673d1e5f,9cbb1242465b81b368335c4a8c536aa8249bba96,-15.956095600002637,-48.06497585000333,-15.9561067896636,-48.06491637082118,2025-07,2025,ex4S7_fKg1cyhQa-ZpIQoQ,293.0396494217358,© Google,OK,4_2,171868.14481680625,8233506.736229542,84412c1a0c961e83958acc4ecb2c6dd479fbb653,cardinal,4,1,90_deg_east,cardinal,90,0,90,640,640,8,batch_0008,402,datasets/df_2024_proportional/batch_0008/images/84412c1a0c961e83958acc4ecb2c6dd479fbb653.jpg,https://raw.githubusercontent.com/GUIA-DD/dataset-streetview/refs/heads/main/datasets/df_2024_proportional/batch_0008/images/84412c1a0c961e83958acc4ecb2c6dd479fbb653.jpg,True,downloaded,
6d7451d40c86003355ed8be345caff4a673d1e5f,9cbb1242465b81b368335c4a8c536aa8249bba96,-15.956095600002637,-48.06497585000333,-15.9561067896636,-48.06491637082118,2025-07,2025,ex4S7_fKg1cyhQa-ZpIQoQ,293.0396494217358,© Google,OK,4_2,171868.14481680625,8233506.736229542,2299e69b12f390d8023aaa11137f772840785534,cardinal,4,2,180_deg_south,cardinal,180,0,90,640,640,8,batch_0008,403,datasets/df_2024_proportional/batch_0008/images/2299e69b12f390d8023aaa11137f772840785534.jpg,https://raw.githubusercontent.com/GUIA-DD/dataset-streetview/refs/heads/main/datasets/df_2024_proportional/batch_0008/images/2299e69b12f390d8023aaa11137f772840785534.jpg,True,downloaded,
6d7451d40c86003355ed8be345caff4a673d1e5f,9cbb1242465b81b368335c4a8c536aa8249bba96,-15.956095600002637,-48.06497585000333,-15.9561067896636,-48.06491637082118,2025-07,2025,ex4S7_fKg1cyhQa-ZpIQoQ,293.0396494217358,© Google,OK,4_2,171868.14481680625,8233506.736229542,96f1b10bb9fa2751ba996257c48022f2ccd1b43f,cardinal,4,3,270_deg_west,cardinal,270,0,90,640,640,8,batch_0008,404,datasets/df_2024_proportional/batch_0008/images/96f1b10bb9fa2751ba996257c48022f2ccd1b43f.jpg,https://raw.githubusercontent.com/GUIA-DD/dataset-streetview/refs/heads/main/datasets/df_2024_proportional/batch_0008/images/96f1b10bb9fa2751ba996257c48022f2ccd1b43f.jpg,True,downloaded,
6ded3cb33eb7f3a18c71fe6fce728a56e358ed55,12f46b42c7632008ee314a2f8ac5e3e8c3e184a7,-15.869426900000747,-48.07933899999685,-15.86942909378915,-48.07934360913246,2025-06,2025,xUkM3bEjcvOav_WGCdzLww,12.669324962239564,© Google,OK,4_4,170187.60661513265,8243082.614822764,ac4a180bbda182acfa5ca226ffd5971a0134435d,cardinal,4,0,0_deg_north,cardinal,0,0,90,640,640,8,batch_0008,405,datasets/df_2024_proportional/batch_0008/images/ac4a180bbda182acfa5ca226ffd5971a0134435d.jpg,https://raw.githubusercontent.com/GUIA-DD/dataset-streetview/refs/heads/main/datasets/df_2024_proportional/batch_0008/images/ac4a180bbda182acfa5ca226ffd5971a0134435d.jpg,True,downloaded,
6ded3cb33eb7f3a18c71fe6fce728a56e358ed55,12f46b42c7632008ee314a2f8ac5e3e8c3e184a7,-15.869426900000747,-48.07933899999685,-15.86942909378915,-48.07934360913246,2025-06,2025,xUkM3bEjcvOav_WGCdzLww,12.669324962239564,© Google,OK,4_4,170187.60661513265,8243082.614822764,d6bd8c956ab016de5b3de46a5780a2adea09b521,cardinal,4,1,90_deg_east,cardinal,90,0,90,640,640,8,batch_0008,406,datasets/df_2024_proportional/batch_0008/images/d6bd8c956ab016de5b3de46a5780a2adea09b521.jpg,https://raw.githubusercontent.com/GUIA-DD/dataset-streetview/refs/heads/main/datasets/df_2024_proportional/batch_0008/images/d6bd8c956ab016de5b3de46a5780a2adea09b521.jpg,True,downloaded,
6ded3cb33eb7f3a18c71fe6fce728a56e358ed55,12f46b42c7632008ee314a2f8ac5e3e8c3e184a7,-15.869426900000747,-48.07933899999685,-15.86942909378915,-48.07934360913246,2025-06,2025,xUkM3bEjcvOav_WGCdzLww,12.669324962239564,© Google,OK,4_4,170187.60661513265,8243082.614822764,6faaab23ec0bd9351462c00791e1961ecda7e21f,cardinal,4,2,180_deg_south,cardinal,180,0,90,640,640,8,batch_0008,407,datasets/df_2024_proportional/batch_0008/images/6faaab23ec0bd9351462c00791e1961ecda7e21f.jpg,https://raw.githubusercontent.com/GUIA-DD/dataset-streetview/refs/heads/main/datasets/df_2024_proportional/batch_0008/images/6faaab23ec0bd9351462c00791e1961ecda7e21f.jpg,True,downloaded,
6ded3cb33eb7f3a18c71fe6fce728a56e358ed55,12f46b42c7632008ee314a2f8ac5e3e8c3e184a7,-15.869426900000747,-48.07933899999685,-15.86942909378915,-48.07934360913246,2025-06,2025,xUkM3bEjcvOav_WGCdzLww,12.669324962239564,© Google,OK,4_4,170187.60661513265,8243082.614822764,d56389f0cc4f18c320e1fe6e08c01b1b04baea6f,cardinal,4,3,270_deg_west,cardinal,270,0,90,640,640,8,batch_0008,408,datasets/df_2024_proportional/batch_0008/images/d56389f0cc4f18c320e1fe6e08c01b1b04baea6f.jpg,https://raw.githubusercontent.com/GUIA-DD/dataset-streetview/refs/heads/main/datasets/df_2024_proportional/batch_0008/images/d56389f0cc4f18c320e1fe6e08c01b1b04baea6f.jpg,True,downloaded,
6ecf5279190ef2ab3467947c06d597148e80a554,6e93c277308c8dc6e119befd0aac7a859e75734f,-16.013027450211002,-47.997794049908414,-16.01268101683203,-47.99807814452434,2025-01,2025,h8UnGyyxLuARM4l7A1WImQ,71.80603502329666,© Google,OK,6_0,179157.1314862211,8227306.683930555,e556c5bbe5b80c555372124dbf16ce9848bd3561,cardinal,4,0,0_deg_north,cardinal,0,0,90,640,640,8,batch_0008,409,datasets/df_2024_proportional/batch_0008/images/e556c5bbe5b80c555372124dbf16ce9848bd3561.jpg,https://raw.githubusercontent.com/GUIA-DD/dataset-streetview/refs/heads/main/datasets/df_2024_proportional/batch_0008/images/e556c5bbe5b80c555372124dbf16ce9848bd3561.jpg,True,downloaded,
6ecf5279190ef2ab3467947c06d597148e80a554,6e93c277308c8dc6e119befd0aac7a859e75734f,-16.013027450211002,-47.997794049908414,-16.01268101683203,-47.99807814452434,2025-01,2025,h8UnGyyxLuARM4l7A1WImQ,71.80603502329666,© Google,OK,6_0,179157.1314862211,8227306.683930555,8163a83f78b1aef75dd61608e655a25849184ef2,cardinal,4,1,90_deg_east,cardinal,90,0,90,640,640,8,batch_0008,410,datasets/df_2024_proportional/batch_0008/images/8163a83f78b1aef75dd61608e655a25849184ef2.jpg,https://raw.githubusercontent.com/GUIA-DD/dataset-streetview/refs/heads/main/datasets/df_2024_proportional/batch_0008/images/8163a83f78b1aef75dd61608e655a25849184ef2.jpg,True,downloaded,
6ecf5279190ef2ab3467947c06d597148e80a554,6e93c277308c8dc6e119befd0aac7a859e75734f,-16.013027450211002,-47.997794049908414,-16.01268101683203,-47.99807814452434,2025-01,2025,h8UnGyyxLuARM4l7A1WImQ,71.80603502329666,© Google,OK,6_0,179157.1314862211,8227306.683930555,c3efc3986c170a9eb5be5736b4656747a4c646ef,cardinal,4,2,180_deg_south,cardinal,180,0,90,640,640,8,batch_0008,411,datasets/df_2024_proportional/batch_0008/images/c3efc3986c170a9eb5be5736b4656747a4c646ef.jpg,https://raw.githubusercontent.com/GUIA-DD/dataset-streetview/refs/heads/main/datasets/df_2024_proportional/batch_0008/images/c3efc3986c170a9eb5be5736b4656747a4c646ef.jpg,True,downloaded,
6ecf5279190ef2ab3467947c06d597148e80a554,6e93c277308c8dc6e119befd0aac7a859e75734f,-16.013027450211002,-47.997794049908414,-16.01268101683203,-47.99807814452434,2025-01,2025,h8UnGyyxLuARM4l7A1WImQ,71.80603502329666,© Google,OK,6_0,179157.1314862211,8227306.683930555,7e654c262e23760a9b4a1cfb2728241d60c1cc9f,cardinal,4,3,270_deg_west,cardinal,270,0,90,640,640,8,batch_0008,412,datasets/df_2024_proportional/batch_0008/images/7e654c262e23760a9b4a1cfb2728241d60c1cc9f.jpg,https://raw.githubusercontent.com/GUIA-DD/dataset-streetview/refs/heads/main/datasets/df_2024_proportional/batch_0008/images/7e654c262e23760a9b4a1cfb2728241d60c1cc9f.jpg,True,downloaded,
6ee316607f5e2c3ec8979d64e9c36f8b7beaf452,3d11d45cd331f6d73baa7f42cee8d4c61bad15c8,-15.835209650037886,-47.870367449744876,-15.83521105975131,-47.87037845727592,2024-12,2024,rEYs90HeK6iRSaYZh0F-ig,3.947924859418854,© Google,OK,8_4,192534.22128667866,8247189.852208005,418883ebf354049d47f1ae827a910f9fd46808a7,cardinal,4,0,0_deg_north,cardinal,0,0,90,640,640,8,batch_0008,413,datasets/df_2024_proportional/batch_0008/images/418883ebf354049d47f1ae827a910f9fd46808a7.jpg,https://raw.githubusercontent.com/GUIA-DD/dataset-streetview/refs/heads/main/datasets/df_2024_proportional/batch_0008/images/418883ebf354049d47f1ae827a910f9fd46808a7.jpg,True,downloaded,
6ee316607f5e2c3ec8979d64e9c36f8b7beaf452,3d11d45cd331f6d73baa7f42cee8d4c61bad15c8,-15.835209650037886,-47.870367449744876,-15.83521105975131,-47.87037845727592,2024-12,2024,rEYs90HeK6iRSaYZh0F-ig,3.947924859418854,© Google,OK,8_4,192534.22128667866,8247189.852208005,107cfce7186d992917638230309036407398c232,cardinal,4,1,90_deg_east,cardinal,90,0,90,640,640,8,batch_0008,414,datasets/df_2024_proportional/batch_0008/images/107cfce7186d992917638230309036407398c232.jpg,https://raw.githubusercontent.com/GUIA-DD/dataset-streetview/refs/heads/main/datasets/df_2024_proportional/batch_0008/images/107cfce7186d992917638230309036407398c232.jpg,True,downloaded,
6ee316607f5e2c3ec8979d64e9c36f8b7beaf452,3d11d45cd331f6d73baa7f42cee8d4c61bad15c8,-15.835209650037886,-47.870367449744876,-15.83521105975131,-47.87037845727592,2024-12,2024,rEYs90HeK6iRSaYZh0F-ig,3.947924859418854,© Google,OK,8_4,192534.22128667866,8247189.852208005,ad0f01cc770cfdd26ec08bb437a776cf8cb06de6,cardinal,4,2,180_deg_south,cardinal,180,0,90,640,640,8,batch_0008,415,datasets/df_2024_proportional/batch_0008/images/ad0f01cc770cfdd26ec08bb437a776cf8cb06de6.jpg,https://raw.githubusercontent.com/GUIA-DD/dataset-streetview/refs/heads/main/datasets/df_2024_proportional/batch_0008/images/ad0f01cc770cfdd26ec08bb437a776cf8cb06de6.jpg,True,downloaded,
6ee316607f5e2c3ec8979d64e9c36f8b7beaf452,3d11d45cd331f6d73baa7f42cee8d4c61bad15c8,-15.835209650037886,-47.870367449744876,-15.83521105975131,-47.87037845727592,2024-12,2024,rEYs90HeK6iRSaYZh0F-ig,3.947924859418854,© Google,OK,8_4,192534.22128667866,8247189.852208005,a6ca6416c81540664e8174fbabc69f47235deca8,cardinal,4,3,270_deg_west,cardinal,270,0,90,640,640,8,batch_0008,416,datasets/df_2024_proportional/batch_0008/images/a6ca6416c81540664e8174fbabc69f47235deca8.jpg,https://raw.githubusercontent.com/GUIA-DD/dataset-streetview/refs/heads/main/datasets/df_2024_proportional/batch_0008/images/a6ca6416c81540664e8174fbabc69f47235deca8.jpg,True,downloaded,
6f001af9a920adf3a981dd1a87ba04aede77a156,bfa20b8e4f99426dceed4efa912e0881c3f1efe2,-15.900887899999827,-48.03758500003769,-15.90086208414854,-48.03758969928803,2025-06,2025,hjaSWU3avJzsShSqd6VHGA,342.5066722190836,© Google,OK,5_3,174713.88754032576,8239663.814728502,f2109fe6fd0b20e308d2c0f67e38e95d4529e392,cardinal,4,0,0_deg_north,cardinal,0,0,90,640,640,8,batch_0008,417,datasets/df_2024_proportional/batch_0008/images/f2109fe6fd0b20e308d2c0f67e38e95d4529e392.jpg,https://raw.githubusercontent.com/GUIA-DD/dataset-streetview/refs/heads/main/datasets/df_2024_proportional/batch_0008/images/f2109fe6fd0b20e308d2c0f67e38e95d4529e392.jpg,True,downloaded,
6f001af9a920adf3a981dd1a87ba04aede77a156,bfa20b8e4f99426dceed4efa912e0881c3f1efe2,-15.900887899999827,-48.03758500003769,-15.90086208414854,-48.03758969928803,2025-06,2025,hjaSWU3avJzsShSqd6VHGA,342.5066722190836,© Google,OK,5_3,174713.88754032576,8239663.814728502,fbae7e458d23b72ec86f65b0fd5bfc1056b72858,cardinal,4,1,90_deg_east,cardinal,90,0,90,640,640,8,batch_0008,418,datasets/df_2024_proportional/batch_0008/images/fbae7e458d23b72ec86f65b0fd5bfc1056b72858.jpg,https://raw.githubusercontent.com/GUIA-DD/dataset-streetview/refs/heads/main/datasets/df_2024_proportional/batch_0008/images/fbae7e458d23b72ec86f65b0fd5bfc1056b72858.jpg,True,downloaded,
6f001af9a920adf3a981dd1a87ba04aede77a156,bfa20b8e4f99426dceed4efa912e0881c3f1efe2,-15.900887899999827,-48.03758500003769,-15.90086208414854,-48.03758969928803,2025-06,2025,hjaSWU3avJzsShSqd6VHGA,342.5066722190836,© Google,OK,5_3,174713.88754032576,8239663.814728502,8d0ab7febd83dcb35c10be85f1c4d71eeb2e920a,cardinal,4,2,180_deg_south,cardinal,180,0,90,640,640,8,batch_0008,419,datasets/df_2024_proportional/batch_0008/images/8d0ab7febd83dcb35c10be85f1c4d71eeb2e920a.jpg,https://raw.githubusercontent.com/GUIA-DD/dataset-streetview/refs/heads/main/datasets/df_2024_proportional/batch_0008/images/8d0ab7febd83dcb35c10be85f1c4d71eeb2e920a.jpg,True,downloaded,
6f001af9a920adf3a981dd1a87ba04aede77a156,bfa20b8e4f99426dceed4efa912e0881c3f1efe2,-15.900887899999827,-48.03758500003769,-15.90086208414854,-48.03758969928803,2025-06,2025,hjaSWU3avJzsShSqd6VHGA,342.5066722190836,© Google,OK,5_3,174713.88754032576,8239663.814728502,db95dd07578af9d9269f39ec6145c481b16e7e77,cardinal,4,3,270_deg_west,cardinal,270,0,90,640,640,8,batch_0008,420,datasets/df_2024_proportional/batch_0008/images/db95dd07578af9d9269f39ec6145c481b16e7e77.jpg,https://raw.githubusercontent.com/GUIA-DD/dataset-streetview/refs/heads/main/datasets/df_2024_proportional/batch_0008/images/db95dd07578af9d9269f39ec6145c481b16e7e77.jpg,True,downloaded,
6fd5404e205452e6f8b26a75a2e26689295f840d,9412cd7c9e874e6b5b99fdeb7eb93261f5b01672,-15.865774600007693,-48.087087250093454,-15.86578507583623,-48.0870903832615,2025-06,2025,9aSJhqjob4JDlfVbPUr_sQ,333.6173567631685,© Google,OK,4_4,169351.07893571255,8243474.875954002,55d08bdc2fd594591a15879299eabe0d759e392e,cardinal,4,0,0_deg_north,cardinal,0,0,90,640,640,8,batch_0008,421,datasets/df_2024_proportional/batch_0008/images/55d08bdc2fd594591a15879299eabe0d759e392e.jpg,https://raw.githubusercontent.com/GUIA-DD/dataset-streetview/refs/heads/main/datasets/df_2024_proportional/batch_0008/images/55d08bdc2fd594591a15879299eabe0d759e392e.jpg,True,downloaded,
6fd5404e205452e6f8b26a75a2e26689295f840d,9412cd7c9e874e6b5b99fdeb7eb93261f5b01672,-15.865774600007693,-48.087087250093454,-15.86578507583623,-48.0870903832615,2025-06,2025,9aSJhqjob4JDlfVbPUr_sQ,333.6173567631685,© Google,OK,4_4,169351.07893571255,8243474.875954002,1c8fe08fb70972d417ca6d22743899a514c4eca4,cardinal,4,1,90_deg_east,cardinal,90,0,90,640,640,8,batch_0008,422,datasets/df_2024_proportional/batch_0008/images/1c8fe08fb70972d417ca6d22743899a514c4eca4.jpg,https://raw.githubusercontent.com/GUIA-DD/dataset-streetview/refs/heads/main/datasets/df_2024_proportional/batch_0008/images/1c8fe08fb70972d417ca6d22743899a514c4eca4.jpg,True,downloaded,
6fd5404e205452e6f8b26a75a2e26689295f840d,9412cd7c9e874e6b5b99fdeb7eb93261f5b01672,-15.865774600007693,-48.087087250093454,-15.86578507583623,-48.0870903832615,2025-06,2025,9aSJhqjob4JDlfVbPUr_sQ,333.6173567631685,© Google,OK,4_4,169351.07893571255,8243474.875954002,d6f586f81924313426ba03ed353ca31ed55e3e48,cardinal,4,2,180_deg_south,cardinal,180,0,90,640,640,8,batch_0008,423,datasets/df_2024_proportional/batch_0008/images/d6f586f81924313426ba03ed353ca31ed55e3e48.jpg,https://raw.githubusercontent.com/GUIA-DD/dataset-streetview/refs/heads/main/datasets/df_2024_proportional/batch_0008/images/d6f586f81924313426ba03ed353ca31ed55e3e48.jpg,True,downloaded,
6fd5404e205452e6f8b26a75a2e26689295f840d,9412cd7c9e874e6b5b99fdeb7eb93261f5b01672,-15.865774600007693,-48.087087250093454,-15.86578507583623,-48.0870903832615,2025-06,2025,9aSJhqjob4JDlfVbPUr_sQ,333.6173567631685,© Google,OK,4_4,169351.07893571255,8243474.875954002,fcddd138dcef1b21510dd38981e8e8dda7ebbb94,cardinal,4,3,270_deg_west,cardinal,270,0,90,640,640,8,batch_0008,424,datasets/df_2024_proportional/batch_0008/images/fcddd138dcef1b21510dd38981e8e8dda7ebbb94.jpg,https://raw.githubusercontent.com/GUIA-DD/dataset-streetview/refs/heads/main/datasets/df_2024_proportional/batch_0008/images/fcddd138dcef1b21510dd38981e8e8dda7ebbb94.jpg,True,downloaded,
7134bb3344f47806d00a0f78b1e4c2a7abc132f6,ad34c771862791e294c24a18eef2001730c5572d,-16.035285849285202,-48.03007260001688,-16.03529351501547,-48.03005334607708,2025-02,2025,s9FtiYi-Uryzv8Y1Z5XHsQ,89.23547045028893,© Google,OK,5_0,175735.76099582878,8224791.420974956,fb32dcd8997ad860584413e5acf2a7ae74fb24e7,cardinal,4,0,0_deg_north,cardinal,0,0,90,640,640,8,batch_0008,425,datasets/df_2024_proportional/batch_0008/images/fb32dcd8997ad860584413e5acf2a7ae74fb24e7.jpg,https://raw.githubusercontent.com/GUIA-DD/dataset-streetview/refs/heads/main/datasets/df_2024_proportional/batch_0008/images/fb32dcd8997ad860584413e5acf2a7ae74fb24e7.jpg,True,downloaded,
7134bb3344f47806d00a0f78b1e4c2a7abc132f6,ad34c771862791e294c24a18eef2001730c5572d,-16.035285849285202,-48.03007260001688,-16.03529351501547,-48.03005334607708,2025-02,2025,s9FtiYi-Uryzv8Y1Z5XHsQ,89.23547045028893,© Google,OK,5_0,175735.76099582878,8224791.420974956,d6557606e787558dffec9f8ffe1802deb61faf04,cardinal,4,1,90_deg_east,cardinal,90,0,90,640,640,8,batch_0008,426,datasets/df_2024_proportional/batch_0008/images/d6557606e787558dffec9f8ffe1802deb61faf04.jpg,https://raw.githubusercontent.com/GUIA-DD/dataset-streetview/refs/heads/main/datasets/df_2024_proportional/batch_0008/images/d6557606e787558dffec9f8ffe1802deb61faf04.jpg,True,downloaded,
7134bb3344f47806d00a0f78b1e4c2a7abc132f6,ad34c771862791e294c24a18eef2001730c5572d,-16.035285849285202,-48.03007260001688,-16.03529351501547,-48.03005334607708,2025-02,2025,s9FtiYi-Uryzv8Y1Z5XHsQ,89.23547045028893,© Google,OK,5_0,175735.76099582878,8224791.420974956,5e18b13779ce0482d4c0c810cc34482bfcb224b1,cardinal,4,2,180_deg_south,cardinal,180,0,90,640,640,8,batch_0008,427,datasets/df_2024_proportional/batch_0008/images/5e18b13779ce0482d4c0c810cc34482bfcb224b1.jpg,https://raw.githubusercontent.com/GUIA-DD/dataset-streetview/refs/heads/main/datasets/df_2024_proportional/batch_0008/images/5e18b13779ce0482d4c0c810cc34482bfcb224b1.jpg,True,downloaded,
7134bb3344f47806d00a0f78b1e4c2a7abc132f6,ad34c771862791e294c24a18eef2001730c5572d,-16.035285849285202,-48.03007260001688,-16.03529351501547,-48.03005334607708,2025-02,2025,s9FtiYi-Uryzv8Y1Z5XHsQ,89.23547045028893,© Google,OK,5_0,175735.76099582878,8224791.420974956,b97ec2a0287f4397a01bef07e17cc0f03629d93d,cardinal,4,3,270_deg_west,cardinal,270,0,90,640,640,8,batch_0008,428,datasets/df_2024_proportional/batch_0008/images/b97ec2a0287f4397a01bef07e17cc0f03629d93d.jpg,https://raw.githubusercontent.com/GUIA-DD/dataset-streetview/refs/heads/main/datasets/df_2024_proportional/batch_0008/images/b97ec2a0287f4397a01bef07e17cc0f03629d93d.jpg,True,downloaded,
727c88e9c9d6564452364480a2e72e7afda7114b,b081c7885a9909a79166fbea3cabde875504566e,-15.772827349619188,-47.88650316829483,-15.77281341636931,-47.8864934976516,2024-06,2024,XzHHSJ1femkc39FPVQ_dzQ,90.9096275761961,© Google,OK,8_6,190709.69741096857,8254073.891922255,6c01a731ead072f767c71070954d7908589179e1,cardinal,4,0,0_deg_north,cardinal,0,0,90,640,640,8,batch_0008,429,datasets/df_2024_proportional/batch_0008/images/6c01a731ead072f767c71070954d7908589179e1.jpg,https://raw.githubusercontent.com/GUIA-DD/dataset-streetview/refs/heads/main/datasets/df_2024_proportional/batch_0008/images/6c01a731ead072f767c71070954d7908589179e1.jpg,True,downloaded,
727c88e9c9d6564452364480a2e72e7afda7114b,b081c7885a9909a79166fbea3cabde875504566e,-15.772827349619188,-47.88650316829483,-15.77281341636931,-47.8864934976516,2024-06,2024,XzHHSJ1femkc39FPVQ_dzQ,90.9096275761961,© Google,OK,8_6,190709.69741096857,8254073.891922255,48f894763f8b40b39a7106e2e3f11ad3aa8cd8bc,cardinal,4,1,90_deg_east,cardinal,90,0,90,640,640,8,batch_0008,430,datasets/df_2024_proportional/batch_0008/images/48f894763f8b40b39a7106e2e3f11ad3aa8cd8bc.jpg,https://raw.githubusercontent.com/GUIA-DD/dataset-streetview/refs/heads/main/datasets/df_2024_proportional/batch_0008/images/48f894763f8b40b39a7106e2e3f11ad3aa8cd8bc.jpg,True,downloaded,
727c88e9c9d6564452364480a2e72e7afda7114b,b081c7885a9909a79166fbea3cabde875504566e,-15.772827349619188,-47.88650316829483,-15.77281341636931,-47.8864934976516,2024-06,2024,XzHHSJ1femkc39FPVQ_dzQ,90.9096275761961,© Google,OK,8_6,190709.69741096857,8254073.891922255,594949c9c35d1786abb1b602d907fe06ae073695,cardinal,4,2,180_deg_south,cardinal,180,0,90,640,640,8,batch_0008,431,datasets/df_2024_proportional/batch_0008/images/594949c9c35d1786abb1b602d907fe06ae073695.jpg,https://raw.githubusercontent.com/GUIA-DD/dataset-streetview/refs/heads/main/datasets/df_2024_proportional/batch_0008/images/594949c9c35d1786abb1b602d907fe06ae073695.jpg,True,downloaded,
727c88e9c9d6564452364480a2e72e7afda7114b,b081c7885a9909a79166fbea3cabde875504566e,-15.772827349619188,-47.88650316829483,-15.77281341636931,-47.8864934976516,2024-06,2024,XzHHSJ1femkc39FPVQ_dzQ,90.9096275761961,© Google,OK,8_6,190709.69741096857,8254073.891922255,908583f42af5a1d2478eff5b2c0d7d783c310f79,cardinal,4,3,270_deg_west,cardinal,270,0,90,640,640,8,batch_0008,432,datasets/df_2024_proportional/batch_0008/images/908583f42af5a1d2478eff5b2c0d7d783c310f79.jpg,https://raw.githubusercontent.com/GUIA-DD/dataset-streetview/refs/heads/main/datasets/df_2024_proportional/batch_0008/images/908583f42af5a1d2478eff5b2c0d7d783c310f79.jpg,True,downloaded,
732edd9c16dce9ecda26ce4082bb72b623783917,cbdccccf74a2d6a177c583c0d3e20bfd38539b5a,-15.82150925000046,-48.09140090011111,-15.82154978700569,-48.09139700833366,2024-07,2024,0xAGnOZJPvJOAUSr36P7JA,341.1287454802736,© Google,OK,3_5,168816.38621499884,8248370.479705243,ff0f80416e198125693eace495b7f8720b927267,cardinal,4,0,0_deg_north,cardinal,0,0,90,640,640,8,batch_0008,433,datasets/df_2024_proportional/batch_0008/images/ff0f80416e198125693eace495b7f8720b927267.jpg,https://raw.githubusercontent.com/GUIA-DD/dataset-streetview/refs/heads/main/datasets/df_2024_proportional/batch_0008/images/ff0f80416e198125693eace495b7f8720b927267.jpg,True,downloaded,
732edd9c16dce9ecda26ce4082bb72b623783917,cbdccccf74a2d6a177c583c0d3e20bfd38539b5a,-15.82150925000046,-48.09140090011111,-15.82154978700569,-48.09139700833366,2024-07,2024,0xAGnOZJPvJOAUSr36P7JA,341.1287454802736,© Google,OK,3_5,168816.38621499884,8248370.479705243,ddc3514ef9dc6c2424b1be6b2102dfd229521fd4,cardinal,4,1,90_deg_east,cardinal,90,0,90,640,640,8,batch_0008,434,datasets/df_2024_proportional/batch_0008/images/ddc3514ef9dc6c2424b1be6b2102dfd229521fd4.jpg,https://raw.githubusercontent.com/GUIA-DD/dataset-streetview/refs/heads/main/datasets/df_2024_proportional/batch_0008/images/ddc3514ef9dc6c2424b1be6b2102dfd229521fd4.jpg,True,downloaded,
732edd9c16dce9ecda26ce4082bb72b623783917,cbdccccf74a2d6a177c583c0d3e20bfd38539b5a,-15.82150925000046,-48.09140090011111,-15.82154978700569,-48.09139700833366,2024-07,2024,0xAGnOZJPvJOAUSr36P7JA,341.1287454802736,© Google,OK,3_5,168816.38621499884,8248370.479705243,8aa6709a13ff160964f72b4121c64fd33984f3ea,cardinal,4,2,180_deg_south,cardinal,180,0,90,640,640,8,batch_0008,435,datasets/df_2024_proportional/batch_0008/images/8aa6709a13ff160964f72b4121c64fd33984f3ea.jpg,https://raw.githubusercontent.com/GUIA-DD/dataset-streetview/refs/heads/main/datasets/df_2024_proportional/batch_0008/images/8aa6709a13ff160964f72b4121c64fd33984f3ea.jpg,True,downloaded,
732edd9c16dce9ecda26ce4082bb72b623783917,cbdccccf74a2d6a177c583c0d3e20bfd38539b5a,-15.82150925000046,-48.09140090011111,-15.82154978700569,-48.09139700833366,2024-07,2024,0xAGnOZJPvJOAUSr36P7JA,341.1287454802736,© Google,OK,3_5,168816.38621499884,8248370.479705243,cb38f640d92d49cf8076fb17559e934749f07960,cardinal,4,3,270_deg_west,cardinal,270,0,90,640,640,8,batch_0008,436,datasets/df_2024_proportional/batch_0008/images/cb38f640d92d49cf8076fb17559e934749f07960.jpg,https://raw.githubusercontent.com/GUIA-DD/dataset-streetview/refs/heads/main/datasets/df_2024_proportional/batch_0008/images/cb38f640d92d49cf8076fb17559e934749f07960.jpg,True,downloaded,
742946170210ef55ad28b7ee4fb6866551e133df,afbf73f4d12baf9b00516f883d3b3775efb958a8,-15.93262710002392,-47.75405150011325,-15.93252381957106,-47.75386181054561,2025-01,2025,-5ef4qnMH7v4feQos8Gzyw,323.69443205168284,© Google,OK,11_2,205144.073069814,8236570.650671859,89827f3e0706748b637ffb23d0d0e153c4031113,cardinal,4,0,0_deg_north,cardinal,0,0,90,640,640,8,batch_0008,437,datasets/df_2024_proportional/batch_0008/images/89827f3e0706748b637ffb23d0d0e153c4031113.jpg,https://raw.githubusercontent.com/GUIA-DD/dataset-streetview/refs/heads/main/datasets/df_2024_proportional/batch_0008/images/89827f3e0706748b637ffb23d0d0e153c4031113.jpg,True,downloaded,
742946170210ef55ad28b7ee4fb6866551e133df,afbf73f4d12baf9b00516f883d3b3775efb958a8,-15.93262710002392,-47.75405150011325,-15.93252381957106,-47.75386181054561,2025-01,2025,-5ef4qnMH7v4feQos8Gzyw,323.69443205168284,© Google,OK,11_2,205144.073069814,8236570.650671859,aba6a158644fb77660b3931dfca29fc9c04c2fd2,cardinal,4,1,90_deg_east,cardinal,90,0,90,640,640,8,batch_0008,438,datasets/df_2024_proportional/batch_0008/images/aba6a158644fb77660b3931dfca29fc9c04c2fd2.jpg,https://raw.githubusercontent.com/GUIA-DD/dataset-streetview/refs/heads/main/datasets/df_2024_proportional/batch_0008/images/aba6a158644fb77660b3931dfca29fc9c04c2fd2.jpg,True,downloaded,
742946170210ef55ad28b7ee4fb6866551e133df,afbf73f4d12baf9b00516f883d3b3775efb958a8,-15.93262710002392,-47.75405150011325,-15.93252381957106,-47.75386181054561,2025-01,2025,-5ef4qnMH7v4feQos8Gzyw,323.69443205168284,© Google,OK,11_2,205144.073069814,8236570.650671859,9064b176f3c3d6b1a1f14f959a82f03832584807,cardinal,4,2,180_deg_south,cardinal,180,0,90,640,640,8,batch_0008,439,datasets/df_2024_proportional/batch_0008/images/9064b176f3c3d6b1a1f14f959a82f03832584807.jpg,https://raw.githubusercontent.com/GUIA-DD/dataset-streetview/refs/heads/main/datasets/df_2024_proportional/batch_0008/images/9064b176f3c3d6b1a1f14f959a82f03832584807.jpg,True,downloaded,
742946170210ef55ad28b7ee4fb6866551e133df,afbf73f4d12baf9b00516f883d3b3775efb958a8,-15.93262710002392,-47.75405150011325,-15.93252381957106,-47.75386181054561,2025-01,2025,-5ef4qnMH7v4feQos8Gzyw,323.69443205168284,© Google,OK,11_2,205144.073069814,8236570.650671859,b28c8e00e534156263f83361c5af1ae6a89cc97c,cardinal,4,3,270_deg_west,cardinal,270,0,90,640,640,8,batch_0008,440,datasets/df_2024_proportional/batch_0008/images/b28c8e00e534156263f83361c5af1ae6a89cc97c.jpg,https://raw.githubusercontent.com/GUIA-DD/dataset-streetview/refs/heads/main/datasets/df_2024_proportional/batch_0008/images/b28c8e00e534156263f83361c5af1ae6a89cc97c.jpg,True,downloaded,
7492cb58ea6f9be1648388a3e164df4a52c2686f,a4d30a8c8d5716bf7b236df23b4e3c3756c2acfa,-15.853405899999961,-48.114044950001016,-15.85343618085691,-48.11402869562339,2026-01,2026,dIJfx2HZs6Lq5tvsEUJ62w,344.9801599241921,© Google,OK,3_4,166440.92576875704,8244801.952215968,c3ecf14aa422f00942c031b806f9fb3ba07b5d81,cardinal,4,0,0_deg_north,cardinal,0,0,90,640,640,8,batch_0008,441,datasets/df_2024_proportional/batch_0008/images/c3ecf14aa422f00942c031b806f9fb3ba07b5d81.jpg,https://raw.githubusercontent.com/GUIA-DD/dataset-streetview/refs/heads/main/datasets/df_2024_proportional/batch_0008/images/c3ecf14aa422f00942c031b806f9fb3ba07b5d81.jpg,True,downloaded,
7492cb58ea6f9be1648388a3e164df4a52c2686f,a4d30a8c8d5716bf7b236df23b4e3c3756c2acfa,-15.853405899999961,-48.114044950001016,-15.85343618085691,-48.11402869562339,2026-01,2026,dIJfx2HZs6Lq5tvsEUJ62w,344.9801599241921,© Google,OK,3_4,166440.92576875704,8244801.952215968,936439fb50325db7235231c1810ff50f251ccfca,cardinal,4,1,90_deg_east,cardinal,90,0,90,640,640,8,batch_0008,442,datasets/df_2024_proportional/batch_0008/images/936439fb50325db7235231c1810ff50f251ccfca.jpg,https://raw.githubusercontent.com/GUIA-DD/dataset-streetview/refs/heads/main/datasets/df_2024_proportional/batch_0008/images/936439fb50325db7235231c1810ff50f251ccfca.jpg,True,downloaded,
7492cb58ea6f9be1648388a3e164df4a52c2686f,a4d30a8c8d5716bf7b236df23b4e3c3756c2acfa,-15.853405899999961,-48.114044950001016,-15.85343618085691,-48.11402869562339,2026-01,2026,dIJfx2HZs6Lq5tvsEUJ62w,344.9801599241921,© Google,OK,3_4,166440.92576875704,8244801.952215968,b22a60bccd31be89ed49e2e21bce361f5aaedb0f,cardinal,4,2,180_deg_south,cardinal,180,0,90,640,640,8,batch_0008,443,datasets/df_2024_proportional/batch_0008/images/b22a60bccd31be89ed49e2e21bce361f5aaedb0f.jpg,https://raw.githubusercontent.com/GUIA-DD/dataset-streetview/refs/heads/main/datasets/df_2024_proportional/batch_0008/images/b22a60bccd31be89ed49e2e21bce361f5aaedb0f.jpg,True,downloaded,
7492cb58ea6f9be1648388a3e164df4a52c2686f,a4d30a8c8d5716bf7b236df23b4e3c3756c2acfa,-15.853405899999961,-48.114044950001016,-15.85343618085691,-48.11402869562339,2026-01,2026,dIJfx2HZs6Lq5tvsEUJ62w,344.9801599241921,© Google,OK,3_4,166440.92576875704,8244801.952215968,a93b52a7b8f107f9ab58d419eb1b47bcaa9695c0,cardinal,4,3,270_deg_west,cardinal,270,0,90,640,640,8,batch_0008,444,datasets/df_2024_proportional/batch_0008/images/a93b52a7b8f107f9ab58d419eb1b47bcaa9695c0.jpg,https://raw.githubusercontent.com/GUIA-DD/dataset-streetview/refs/heads/main/datasets/df_2024_proportional/batch_0008/images/a93b52a7b8f107f9ab58d419eb1b47bcaa9695c0.jpg,True,downloaded,
749521823a67138cd9e4cbb0ffcf7d3eb5298c3c,a748817220283f1532d758ff1d125960af1ad323,-15.677320008762354,-47.650761494340465,-15.6773161911094,-47.65078433349335,2024-08,2024,xMNwFEnmUPg4cwNE6u9dMg,246.43129034630698,© Google,OK,13_8,215853.01814833836,8264980.094867177,90de90dba495e337d913a9cdbd579e460b586c28,cardinal,4,0,0_deg_north,cardinal,0,0,90,640,640,8,batch_0008,445,datasets/df_2024_proportional/batch_0008/images/90de90dba495e337d913a9cdbd579e460b586c28.jpg,https://raw.githubusercontent.com/GUIA-DD/dataset-streetview/refs/heads/main/datasets/df_2024_proportional/batch_0008/images/90de90dba495e337d913a9cdbd579e460b586c28.jpg,True,downloaded,
749521823a67138cd9e4cbb0ffcf7d3eb5298c3c,a748817220283f1532d758ff1d125960af1ad323,-15.677320008762354,-47.650761494340465,-15.6773161911094,-47.65078433349335,2024-08,2024,xMNwFEnmUPg4cwNE6u9dMg,246.43129034630698,© Google,OK,13_8,215853.01814833836,8264980.094867177,63b4d221edb6de8beeabdbbf011f7e7880a90e4c,cardinal,4,1,90_deg_east,cardinal,90,0,90,640,640,8,batch_0008,446,datasets/df_2024_proportional/batch_0008/images/63b4d221edb6de8beeabdbbf011f7e7880a90e4c.jpg,https://raw.githubusercontent.com/GUIA-DD/dataset-streetview/refs/heads/main/datasets/df_2024_proportional/batch_0008/images/63b4d221edb6de8beeabdbbf011f7e7880a90e4c.jpg,True,downloaded,
749521823a67138cd9e4cbb0ffcf7d3eb5298c3c,a748817220283f1532d758ff1d125960af1ad323,-15.677320008762354,-47.650761494340465,-15.6773161911094,-47.65078433349335,2024-08,2024,xMNwFEnmUPg4cwNE6u9dMg,246.43129034630698,© Google,OK,13_8,215853.01814833836,8264980.094867177,3421d39c1a0882a7093e8597892a5b347d1d9824,cardinal,4,2,180_deg_south,cardinal,180,0,90,640,640,8,batch_0008,447,datasets/df_2024_proportional/batch_0008/images/3421d39c1a0882a7093e8597892a5b347d1d9824.jpg,https://raw.githubusercontent.com/GUIA-DD/dataset-streetview/refs/heads/main/datasets/df_2024_proportional/batch_0008/images/3421d39c1a0882a7093e8597892a5b347d1d9824.jpg,True,downloaded,
749521823a67138cd9e4cbb0ffcf7d3eb5298c3c,a748817220283f1532d758ff1d125960af1ad323,-15.677320008762354,-47.650761494340465,-15.6773161911094,-47.65078433349335,2024-08,2024,xMNwFEnmUPg4cwNE6u9dMg,246.43129034630698,© Google,OK,13_8,215853.01814833836,8264980.094867177,a437085c90d4370178f0abfd3d9dd2a2fd509551,cardinal,4,3,270_deg_west,cardinal,270,0,90,640,640,8,batch_0008,448,datasets/df_2024_proportional/batch_0008/images/a437085c90d4370178f0abfd3d9dd2a2fd509551.jpg,https://raw.githubusercontent.com/GUIA-DD/dataset-streetview/refs/heads/main/datasets/df_2024_proportional/batch_0008/images/a437085c90d4370178f0abfd3d9dd2a2fd509551.jpg,True,downloaded,
74a1ac0ed55460159b836834903c2b08552124a1,a935568263732412aaf7431b025ec70df0306be8,-15.874165727366506,-48.081003248173886,-15.874147669255,-48.08100996276131,2025-06,2025,X2HjBBiLAR0aWe7ZvNV83g,342.1159073567945,© Google,OK,4_4,170016.93610707944,8242555.163915903,abe520d659172ec70221b510dea1b3851f244aef,cardinal,4,0,0_deg_north,cardinal,0,0,90,640,640,8,batch_0008,449,datasets/df_2024_proportional/batch_0008/images/abe520d659172ec70221b510dea1b3851f244aef.jpg,https://raw.githubusercontent.com/GUIA-DD/dataset-streetview/refs/heads/main/datasets/df_2024_proportional/batch_0008/images/abe520d659172ec70221b510dea1b3851f244aef.jpg,True,downloaded,
74a1ac0ed55460159b836834903c2b08552124a1,a935568263732412aaf7431b025ec70df0306be8,-15.874165727366506,-48.081003248173886,-15.874147669255,-48.08100996276131,2025-06,2025,X2HjBBiLAR0aWe7ZvNV83g,342.1159073567945,© Google,OK,4_4,170016.93610707944,8242555.163915903,9d82dba67f82858c962294840a9ec4c187948395,cardinal,4,1,90_deg_east,cardinal,90,0,90,640,640,8,batch_0008,450,datasets/df_2024_proportional/batch_0008/images/9d82dba67f82858c962294840a9ec4c187948395.jpg,https://raw.githubusercontent.com/GUIA-DD/dataset-streetview/refs/heads/main/datasets/df_2024_proportional/batch_0008/images/9d82dba67f82858c962294840a9ec4c187948395.jpg,True,downloaded,
74a1ac0ed55460159b836834903c2b08552124a1,a935568263732412aaf7431b025ec70df0306be8,-15.874165727366506,-48.081003248173886,-15.874147669255,-48.08100996276131,2025-06,2025,X2HjBBiLAR0aWe7ZvNV83g,342.1159073567945,© Google,OK,4_4,170016.93610707944,8242555.163915903,ce3ab9cf14a0d601f0137451799dc60dc5fa5260,cardinal,4,2,180_deg_south,cardinal,180,0,90,640,640,8,batch_0008,451,datasets/df_2024_proportional/batch_0008/images/ce3ab9cf14a0d601f0137451799dc60dc5fa5260.jpg,https://raw.githubusercontent.com/GUIA-DD/dataset-streetview/refs/heads/main/datasets/df_2024_proportional/batch_0008/images/ce3ab9cf14a0d601f0137451799dc60dc5fa5260.jpg,True,downloaded,
74a1ac0ed55460159b836834903c2b08552124a1,a935568263732412aaf7431b025ec70df0306be8,-15.874165727366506,-48.081003248173886,-15.874147669255,-48.08100996276131,2025-06,2025,X2HjBBiLAR0aWe7ZvNV83g,342.1159073567945,© Google,OK,4_4,170016.93610707944,8242555.163915903,870764bbda9d4d06589be0fb51306ab56ad33a5c,cardinal,4,3,270_deg_west,cardinal,270,0,90,640,640,8,batch_0008,452,datasets/df_2024_proportional/batch_0008/images/870764bbda9d4d06589be0fb51306ab56ad33a5c.jpg,https://raw.githubusercontent.com/GUIA-DD/dataset-streetview/refs/heads/main/datasets/df_2024_proportional/batch_0008/images/870764bbda9d4d06589be0fb51306ab56ad33a5c.jpg,True,downloaded,
7506250895aee89349715ae23828ace57241477c,7a910c5873ab7381072388097dc895874f2f320f,-15.814434745047558,-48.03110567984435,-15.81443789650847,-48.03107125258644,2024-10,2024,Vc3A6OPNnm5zZjuqhTWx4g,89.46353106808341,© Google,OK,5_5,175269.75989501717,8249248.210230866,bc915d543d5831ea08f84febba1d7457d96af912,cardinal,4,0,0_deg_north,cardinal,0,0,90,640,640,8,batch_0008,453,datasets/df_2024_proportional/batch_0008/images/bc915d543d5831ea08f84febba1d7457d96af912.jpg,https://raw.githubusercontent.com/GUIA-DD/dataset-streetview/refs/heads/main/datasets/df_2024_proportional/batch_0008/images/bc915d543d5831ea08f84febba1d7457d96af912.jpg,True,downloaded,
7506250895aee89349715ae23828ace57241477c,7a910c5873ab7381072388097dc895874f2f320f,-15.814434745047558,-48.03110567984435,-15.81443789650847,-48.03107125258644,2024-10,2024,Vc3A6OPNnm5zZjuqhTWx4g,89.46353106808341,© Google,OK,5_5,175269.75989501717,8249248.210230866,ba7bf5a5036606ef0084cc5fa90366138ab505fd,cardinal,4,1,90_deg_east,cardinal,90,0,90,640,640,8,batch_0008,454,datasets/df_2024_proportional/batch_0008/images/ba7bf5a5036606ef0084cc5fa90366138ab505fd.jpg,https://raw.githubusercontent.com/GUIA-DD/dataset-streetview/refs/heads/main/datasets/df_2024_proportional/batch_0008/images/ba7bf5a5036606ef0084cc5fa90366138ab505fd.jpg,True,downloaded,
7506250895aee89349715ae23828ace57241477c,7a910c5873ab7381072388097dc895874f2f320f,-15.814434745047558,-48.03110567984435,-15.81443789650847,-48.03107125258644,2024-10,2024,Vc3A6OPNnm5zZjuqhTWx4g,89.46353106808341,© Google,OK,5_5,175269.75989501717,8249248.210230866,d30abc3e7e28c3f9f59e1e4e55667856771e67a3,cardinal,4,2,180_deg_south,cardinal,180,0,90,640,640,8,batch_0008,455,datasets/df_2024_proportional/batch_0008/images/d30abc3e7e28c3f9f59e1e4e55667856771e67a3.jpg,https://raw.githubusercontent.com/GUIA-DD/dataset-streetview/refs/heads/main/datasets/df_2024_proportional/batch_0008/images/d30abc3e7e28c3f9f59e1e4e55667856771e67a3.jpg,True,downloaded,
7506250895aee89349715ae23828ace57241477c,7a910c5873ab7381072388097dc895874f2f320f,-15.814434745047558,-48.03110567984435,-15.81443789650847,-48.03107125258644,2024-10,2024,Vc3A6OPNnm5zZjuqhTWx4g,89.46353106808341,© Google,OK,5_5,175269.75989501717,8249248.210230866,a38be53f18b2a466c4e6329094c3d017d611781d,cardinal,4,3,270_deg_west,cardinal,270,0,90,640,640,8,batch_0008,456,datasets/df_2024_proportional/batch_0008/images/a38be53f18b2a466c4e6329094c3d017d611781d.jpg,https://raw.githubusercontent.com/GUIA-DD/dataset-streetview/refs/heads/main/datasets/df_2024_proportional/batch_0008/images/a38be53f18b2a466c4e6329094c3d017d611781d.jpg,True,downloaded,
75b67a20d8d2ecf711592f677bd091adc2fe89ec,095cd5eb22f962a6c633e253947c6dad36b0c5eb,-15.84366210000012,-48.129515650004535,-15.8436798913402,-48.12948496710443,2024-07,2024,bT6-QE_C5G-LVXxS_cuHoA,338.89626150147217,© Google,OK,3_4,164766.2682169553,8245856.409493402,2b004d7edd15ef51ccf85a4620e61e093f1914db,cardinal,4,0,0_deg_north,cardinal,0,0,90,640,640,8,batch_0008,457,datasets/df_2024_proportional/batch_0008/images/2b004d7edd15ef51ccf85a4620e61e093f1914db.jpg,https://raw.githubusercontent.com/GUIA-DD/dataset-streetview/refs/heads/main/datasets/df_2024_proportional/batch_0008/images/2b004d7edd15ef51ccf85a4620e61e093f1914db.jpg,True,downloaded,
75b67a20d8d2ecf711592f677bd091adc2fe89ec,095cd5eb22f962a6c633e253947c6dad36b0c5eb,-15.84366210000012,-48.129515650004535,-15.8436798913402,-48.12948496710443,2024-07,2024,bT6-QE_C5G-LVXxS_cuHoA,338.89626150147217,© Google,OK,3_4,164766.2682169553,8245856.409493402,bb22d7ed59d0a8494483acf844a06c596435aea8,cardinal,4,1,90_deg_east,cardinal,90,0,90,640,640,8,batch_0008,458,datasets/df_2024_proportional/batch_0008/images/bb22d7ed59d0a8494483acf844a06c596435aea8.jpg,https://raw.githubusercontent.com/GUIA-DD/dataset-streetview/refs/heads/main/datasets/df_2024_proportional/batch_0008/images/bb22d7ed59d0a8494483acf844a06c596435aea8.jpg,True,downloaded,
75b67a20d8d2ecf711592f677bd091adc2fe89ec,095cd5eb22f962a6c633e253947c6dad36b0c5eb,-15.84366210000012,-48.129515650004535,-15.8436798913402,-48.12948496710443,2024-07,2024,bT6-QE_C5G-LVXxS_cuHoA,338.89626150147217,© Google,OK,3_4,164766.2682169553,8245856.409493402,53bcc39cb3f72c3c5656bbb1f1df68c5eaf8bba0,cardinal,4,2,180_deg_south,cardinal,180,0,90,640,640,8,batch_0008,459,datasets/df_2024_proportional/batch_0008/images/53bcc39cb3f72c3c5656bbb1f1df68c5eaf8bba0.jpg,https://raw.githubusercontent.com/GUIA-DD/dataset-streetview/refs/heads/main/datasets/df_2024_proportional/batch_0008/images/53bcc39cb3f72c3c5656bbb1f1df68c5eaf8bba0.jpg,True,downloaded,
75b67a20d8d2ecf711592f677bd091adc2fe89ec,095cd5eb22f962a6c633e253947c6dad36b0c5eb,-15.84366210000012,-48.129515650004535,-15.8436798913402,-48.12948496710443,2024-07,2024,bT6-QE_C5G-LVXxS_cuHoA,338.89626150147217,© Google,OK,3_4,164766.2682169553,8245856.409493402,0c61d90071edf7278f6b56b6f34d753863bca49b,cardinal,4,3,270_deg_west,cardinal,270,0,90,640,640,8,batch_0008,460,datasets/df_2024_proportional/batch_0008/images/0c61d90071edf7278f6b56b6f34d753863bca49b.jpg,https://raw.githubusercontent.com/GUIA-DD/dataset-streetview/refs/heads/main/datasets/df_2024_proportional/batch_0008/images/0c61d90071edf7278f6b56b6f34d753863bca49b.jpg,True,downloaded,
76830ae2193ae5a3cac9fea59aa2da3a41255f6f,7b1bf48cab79b60b0da54b510a0f4c0c722fd862,-15.821409620823019,-47.761313992465816,-15.82144085205599,-47.76135822287481,2024-12,2024,94u_EKbnAQgzU5cZm95v8g,285.8391983851035,© Google,OK,11_5,204203.5295070555,8248874.719492877,dfc20483e4c7fd99d9e99335c84bc46a1c3f52ae,cardinal,4,0,0_deg_north,cardinal,0,0,90,640,640,8,batch_0008,461,datasets/df_2024_proportional/batch_0008/images/dfc20483e4c7fd99d9e99335c84bc46a1c3f52ae.jpg,https://raw.githubusercontent.com/GUIA-DD/dataset-streetview/refs/heads/main/datasets/df_2024_proportional/batch_0008/images/dfc20483e4c7fd99d9e99335c84bc46a1c3f52ae.jpg,True,downloaded,
76830ae2193ae5a3cac9fea59aa2da3a41255f6f,7b1bf48cab79b60b0da54b510a0f4c0c722fd862,-15.821409620823019,-47.761313992465816,-15.82144085205599,-47.76135822287481,2024-12,2024,94u_EKbnAQgzU5cZm95v8g,285.8391983851035,© Google,OK,11_5,204203.5295070555,8248874.719492877,86260949c2a424836da8dcb37c1e074e46c38445,cardinal,4,1,90_deg_east,cardinal,90,0,90,640,640,8,batch_0008,462,datasets/df_2024_proportional/batch_0008/images/86260949c2a424836da8dcb37c1e074e46c38445.jpg,https://raw.githubusercontent.com/GUIA-DD/dataset-streetview/refs/heads/main/datasets/df_2024_proportional/batch_0008/images/86260949c2a424836da8dcb37c1e074e46c38445.jpg,True,downloaded,
76830ae2193ae5a3cac9fea59aa2da3a41255f6f,7b1bf48cab79b60b0da54b510a0f4c0c722fd862,-15.821409620823019,-47.761313992465816,-15.82144085205599,-47.76135822287481,2024-12,2024,94u_EKbnAQgzU5cZm95v8g,285.8391983851035,© Google,OK,11_5,204203.5295070555,8248874.719492877,5895dcc4fc35edcc1690fc27a6982c6cafc26835,cardinal,4,2,180_deg_south,cardinal,180,0,90,640,640,8,batch_0008,463,datasets/df_2024_proportional/batch_0008/images/5895dcc4fc35edcc1690fc27a6982c6cafc26835.jpg,https://raw.githubusercontent.com/GUIA-DD/dataset-streetview/refs/heads/main/datasets/df_2024_proportional/batch_0008/images/5895dcc4fc35edcc1690fc27a6982c6cafc26835.jpg,True,downloaded,
76830ae2193ae5a3cac9fea59aa2da3a41255f6f,7b1bf48cab79b60b0da54b510a0f4c0c722fd862,-15.821409620823019,-47.761313992465816,-15.82144085205599,-47.76135822287481,2024-12,2024,94u_EKbnAQgzU5cZm95v8g,285.8391983851035,© Google,OK,11_5,204203.5295070555,8248874.719492877,a3ef9c6933e11c350db014d384542aeca6e8df4b,cardinal,4,3,270_deg_west,cardinal,270,0,90,640,640,8,batch_0008,464,datasets/df_2024_proportional/batch_0008/images/a3ef9c6933e11c350db014d384542aeca6e8df4b.jpg,https://raw.githubusercontent.com/GUIA-DD/dataset-streetview/refs/heads/main/datasets/df_2024_proportional/batch_0008/images/a3ef9c6933e11c350db014d384542aeca6e8df4b.jpg,True,downloaded,
76b743b58c1243e8beb4cfc7e13d1552636c8eac,c90e93ec69aeae7ee4d3b92d45b1e5ffef9ac33b,-15.999053650131037,-48.057106000242854,-15.99905913098474,-48.05709763850007,2025-05,2025,b_lc3t8XEMNtk51UR7uUKg,121.87975199468126,© Google,OK,4_1,172781.3057430053,8228761.57932949,a9b1e21d098be72c161ac2f32913ddcd4f578d3d,cardinal,4,0,0_deg_north,cardinal,0,0,90,640,640,8,batch_0008,465,datasets/df_2024_proportional/batch_0008/images/a9b1e21d098be72c161ac2f32913ddcd4f578d3d.jpg,https://raw.githubusercontent.com/GUIA-DD/dataset-streetview/refs/heads/main/datasets/df_2024_proportional/batch_0008/images/a9b1e21d098be72c161ac2f32913ddcd4f578d3d.jpg,True,downloaded,
76b743b58c1243e8beb4cfc7e13d1552636c8eac,c90e93ec69aeae7ee4d3b92d45b1e5ffef9ac33b,-15.999053650131037,-48.057106000242854,-15.99905913098474,-48.05709763850007,2025-05,2025,b_lc3t8XEMNtk51UR7uUKg,121.87975199468126,© Google,OK,4_1,172781.3057430053,8228761.57932949,1ffb54017774a0e7fefb7a8eb373a8419964d35c,cardinal,4,1,90_deg_east,cardinal,90,0,90,640,640,8,batch_0008,466,datasets/df_2024_proportional/batch_0008/images/1ffb54017774a0e7fefb7a8eb373a8419964d35c.jpg,https://raw.githubusercontent.com/GUIA-DD/dataset-streetview/refs/heads/main/datasets/df_2024_proportional/batch_0008/images/1ffb54017774a0e7fefb7a8eb373a8419964d35c.jpg,True,downloaded,
76b743b58c1243e8beb4cfc7e13d1552636c8eac,c90e93ec69aeae7ee4d3b92d45b1e5ffef9ac33b,-15.999053650131037,-48.057106000242854,-15.99905913098474,-48.05709763850007,2025-05,2025,b_lc3t8XEMNtk51UR7uUKg,121.87975199468126,© Google,OK,4_1,172781.3057430053,8228761.57932949,511e3a4909346192dd4c93ceadd34961a4d961b8,cardinal,4,2,180_deg_south,cardinal,180,0,90,640,640,8,batch_0008,467,datasets/df_2024_proportional/batch_0008/images/511e3a4909346192dd4c93ceadd34961a4d961b8.jpg,https://raw.githubusercontent.com/GUIA-DD/dataset-streetview/refs/heads/main/datasets/df_2024_proportional/batch_0008/images/511e3a4909346192dd4c93ceadd34961a4d961b8.jpg,True,downloaded,
76b743b58c1243e8beb4cfc7e13d1552636c8eac,c90e93ec69aeae7ee4d3b92d45b1e5ffef9ac33b,-15.999053650131037,-48.057106000242854,-15.99905913098474,-48.05709763850007,2025-05,2025,b_lc3t8XEMNtk51UR7uUKg,121.87975199468126,© Google,OK,4_1,172781.3057430053,8228761.57932949,ae2112cfc3e8194b85c12332471a4ca95faf461d,cardinal,4,3,270_deg_west,cardinal,270,0,90,640,640,8,batch_0008,468,datasets/df_2024_proportional/batch_0008/images/ae2112cfc3e8194b85c12332471a4ca95faf461d.jpg,https://raw.githubusercontent.com/GUIA-DD/dataset-streetview/refs/heads/main/datasets/df_2024_proportional/batch_0008/images/ae2112cfc3e8194b85c12332471a4ca95faf461d.jpg,True,downloaded,
77b689a5cc55acd532467b6902b55f578837c87b,6136a7dcb3e3649d5315dc672df03962cc7c4006,-15.814047387675142,-47.97634587098796,-15.81410288368282,-47.97632530654872,2024-06,2024,jRr7_xiv_lj1ZE6bSi1uGQ,338.23298059639353,© Google,OK,6_5,181140.28085835904,8249375.065353336,f70de16d4a7b55ca8b9be4e11ebd6cdb1caac63a,cardinal,4,0,0_deg_north,cardinal,0,0,90,640,640,8,batch_0008,469,datasets/df_2024_proportional/batch_0008/images/f70de16d4a7b55ca8b9be4e11ebd6cdb1caac63a.jpg,https://raw.githubusercontent.com/GUIA-DD/dataset-streetview/refs/heads/main/datasets/df_2024_proportional/batch_0008/images/f70de16d4a7b55ca8b9be4e11ebd6cdb1caac63a.jpg,True,downloaded,
77b689a5cc55acd532467b6902b55f578837c87b,6136a7dcb3e3649d5315dc672df03962cc7c4006,-15.814047387675142,-47.97634587098796,-15.81410288368282,-47.97632530654872,2024-06,2024,jRr7_xiv_lj1ZE6bSi1uGQ,338.23298059639353,© Google,OK,6_5,181140.28085835904,8249375.065353336,93a3d6f9a1d00f88bd17d0b2d41eb453da17d9cf,cardinal,4,1,90_deg_east,cardinal,90,0,90,640,640,8,batch_0008,470,datasets/df_2024_proportional/batch_0008/images/93a3d6f9a1d00f88bd17d0b2d41eb453da17d9cf.jpg,https://raw.githubusercontent.com/GUIA-DD/dataset-streetview/refs/heads/main/datasets/df_2024_proportional/batch_0008/images/93a3d6f9a1d00f88bd17d0b2d41eb453da17d9cf.jpg,True,downloaded,
77b689a5cc55acd532467b6902b55f578837c87b,6136a7dcb3e3649d5315dc672df03962cc7c4006,-15.814047387675142,-47.97634587098796,-15.81410288368282,-47.97632530654872,2024-06,2024,jRr7_xiv_lj1ZE6bSi1uGQ,338.23298059639353,© Google,OK,6_5,181140.28085835904,8249375.065353336,3a75339152eb46e5994308168cbb5aa765625663,cardinal,4,2,180_deg_south,cardinal,180,0,90,640,640,8,batch_0008,471,datasets/df_2024_proportional/batch_0008/images/3a75339152eb46e5994308168cbb5aa765625663.jpg,https://raw.githubusercontent.com/GUIA-DD/dataset-streetview/refs/heads/main/datasets/df_2024_proportional/batch_0008/images/3a75339152eb46e5994308168cbb5aa765625663.jpg,True,downloaded,
77b689a5cc55acd532467b6902b55f578837c87b,6136a7dcb3e3649d5315dc672df03962cc7c4006,-15.814047387675142,-47.97634587098796,-15.81410288368282,-47.97632530654872,2024-06,2024,jRr7_xiv_lj1ZE6bSi1uGQ,338.23298059639353,© Google,OK,6_5,181140.28085835904,8249375.065353336,3c0b05e8a4171de45d8e4266ab97bfa69db243ca,cardinal,4,3,270_deg_west,cardinal,270,0,90,640,640,8,batch_0008,472,datasets/df_2024_proportional/batch_0008/images/3c0b05e8a4171de45d8e4266ab97bfa69db243ca.jpg,https://raw.githubusercontent.com/GUIA-DD/dataset-streetview/refs/heads/main/datasets/df_2024_proportional/batch_0008/images/3c0b05e8a4171de45d8e4266ab97bfa69db243ca.jpg,True,downloaded,
7adda938a68814e26e2ceacbf6558c763d48f1f5,3869d74a795600cd47e10afb146253e4c9347cd9,-15.810505000082228,-48.12952974995489,-15.81050674310791,-48.12953005303288,2026-01,2026,J5cYpIItdteGKuewXgp8vA,248.15817742624574,© Google,OK,3_5,164709.9952320348,8249528.674699524,7dc4d434ac4425492c71d602cc093b4100b38748,cardinal,4,0,0_deg_north,cardinal,0,0,90,640,640,8,batch_0008,473,datasets/df_2024_proportional/batch_0008/images/7dc4d434ac4425492c71d602cc093b4100b38748.jpg,https://raw.githubusercontent.com/GUIA-DD/dataset-streetview/refs/heads/main/datasets/df_2024_proportional/batch_0008/images/7dc4d434ac4425492c71d602cc093b4100b38748.jpg,True,downloaded,
7adda938a68814e26e2ceacbf6558c763d48f1f5,3869d74a795600cd47e10afb146253e4c9347cd9,-15.810505000082228,-48.12952974995489,-15.81050674310791,-48.12953005303288,2026-01,2026,J5cYpIItdteGKuewXgp8vA,248.15817742624574,© Google,OK,3_5,164709.9952320348,8249528.674699524,6a53ac462bccb7f66b32d99e23d0bb04de132472,cardinal,4,1,90_deg_east,cardinal,90,0,90,640,640,8,batch_0008,474,datasets/df_2024_proportional/batch_0008/images/6a53ac462bccb7f66b32d99e23d0bb04de132472.jpg,https://raw.githubusercontent.com/GUIA-DD/dataset-streetview/refs/heads/main/datasets/df_2024_proportional/batch_0008/images/6a53ac462bccb7f66b32d99e23d0bb04de132472.jpg,True,downloaded,
7adda938a68814e26e2ceacbf6558c763d48f1f5,3869d74a795600cd47e10afb146253e4c9347cd9,-15.810505000082228,-48.12952974995489,-15.81050674310791,-48.12953005303288,2026-01,2026,J5cYpIItdteGKuewXgp8vA,248.15817742624574,© Google,OK,3_5,164709.9952320348,8249528.674699524,50530dc3573aec830045d0e740f6b5c97c985440,cardinal,4,2,180_deg_south,cardinal,180,0,90,640,640,8,batch_0008,475,datasets/df_2024_proportional/batch_0008/images/50530dc3573aec830045d0e740f6b5c97c985440.jpg,https://raw.githubusercontent.com/GUIA-DD/dataset-streetview/refs/heads/main/datasets/df_2024_proportional/batch_0008/images/50530dc3573aec830045d0e740f6b5c97c985440.jpg,True,downloaded,
7adda938a68814e26e2ceacbf6558c763d48f1f5,3869d74a795600cd47e10afb146253e4c9347cd9,-15.810505000082228,-48.12952974995489,-15.81050674310791,-48.12953005303288,2026-01,2026,J5cYpIItdteGKuewXgp8vA,248.15817742624574,© Google,OK,3_5,164709.9952320348,8249528.674699524,b188a25104ad0f493756c2ef487cfdc57b1602af,cardinal,4,3,270_deg_west,cardinal,270,0,90,640,640,8,batch_0008,476,datasets/df_2024_proportional/batch_0008/images/b188a25104ad0f493756c2ef487cfdc57b1602af.jpg,https://raw.githubusercontent.com/GUIA-DD/dataset-streetview/refs/heads/main/datasets/df_2024_proportional/batch_0008/images/b188a25104ad0f493756c2ef487cfdc57b1602af.jpg,True,downloaded,
7d1ce35619b24d417a651284a0d3711fb987070b,51656cf7a630e14dc24acb28cc99b24b756f0390,-15.643447050077896,-47.64139370000698,-15.64343724759848,-47.6414034665768,2024-08,2024,NF7ivDz2jgLbAhLFRX9ZLA,267.2430577010745,© Google,OK,13_9,216811.1054259153,8268742.790446368,83448e1a515e6fd26511462bff74d54e9d19b7fd,cardinal,4,0,0_deg_north,cardinal,0,0,90,640,640,8,batch_0008,477,datasets/df_2024_proportional/batch_0008/images/83448e1a515e6fd26511462bff74d54e9d19b7fd.jpg,https://raw.githubusercontent.com/GUIA-DD/dataset-streetview/refs/heads/main/datasets/df_2024_proportional/batch_0008/images/83448e1a515e6fd26511462bff74d54e9d19b7fd.jpg,True,downloaded,
7d1ce35619b24d417a651284a0d3711fb987070b,51656cf7a630e14dc24acb28cc99b24b756f0390,-15.643447050077896,-47.64139370000698,-15.64343724759848,-47.6414034665768,2024-08,2024,NF7ivDz2jgLbAhLFRX9ZLA,267.2430577010745,© Google,OK,13_9,216811.1054259153,8268742.790446368,d4da37acf9c2bb7247b34aec4a952657a7f06d00,cardinal,4,1,90_deg_east,cardinal,90,0,90,640,640,8,batch_0008,478,datasets/df_2024_proportional/batch_0008/images/d4da37acf9c2bb7247b34aec4a952657a7f06d00.jpg,https://raw.githubusercontent.com/GUIA-DD/dataset-streetview/refs/heads/main/datasets/df_2024_proportional/batch_0008/images/d4da37acf9c2bb7247b34aec4a952657a7f06d00.jpg,True,downloaded,
7d1ce35619b24d417a651284a0d3711fb987070b,51656cf7a630e14dc24acb28cc99b24b756f0390,-15.643447050077896,-47.64139370000698,-15.64343724759848,-47.6414034665768,2024-08,2024,NF7ivDz2jgLbAhLFRX9ZLA,267.2430577010745,© Google,OK,13_9,216811.1054259153,8268742.790446368,c5058acdbc283168f2e4dbb3f0f97d40093b1fdb,cardinal,4,2,180_deg_south,cardinal,180,0,90,640,640,8,batch_0008,479,datasets/df_2024_proportional/batch_0008/images/c5058acdbc283168f2e4dbb3f0f97d40093b1fdb.jpg,https://raw.githubusercontent.com/GUIA-DD/dataset-streetview/refs/heads/main/datasets/df_2024_proportional/batch_0008/images/c5058acdbc283168f2e4dbb3f0f97d40093b1fdb.jpg,True,downloaded,
7d1ce35619b24d417a651284a0d3711fb987070b,51656cf7a630e14dc24acb28cc99b24b756f0390,-15.643447050077896,-47.64139370000698,-15.64343724759848,-47.6414034665768,2024-08,2024,NF7ivDz2jgLbAhLFRX9ZLA,267.2430577010745,© Google,OK,13_9,216811.1054259153,8268742.790446368,8e3095fb3088338c0a8df2530b06910ba8d66140,cardinal,4,3,270_deg_west,cardinal,270,0,90,640,640,8,batch_0008,480,datasets/df_2024_proportional/batch_0008/images/8e3095fb3088338c0a8df2530b06910ba8d66140.jpg,https://raw.githubusercontent.com/GUIA-DD/dataset-streetview/refs/heads/main/datasets/df_2024_proportional/batch_0008/images/8e3095fb3088338c0a8df2530b06910ba8d66140.jpg,True,downloaded,
7d6995e9a63aa6f6a12b41d7a0e5240517ab7ab5,cd8227671c2685f153799f68f0d4433a4fc82b2e,-15.6194015170219,-47.62942499770453,-15.61938775970228,-47.6294850444316,2024-09,2024,ysOA__dRxnCICGJSGsdziw,265.51655532266614,© Google,OK,13_9,218062.12828148753,8271420.831406447,6492b6af6563fc2a6a0a486d92e7f791b207c40c,cardinal,4,0,0_deg_north,cardinal,0,0,90,640,640,8,batch_0008,481,datasets/df_2024_proportional/batch_0008/images/6492b6af6563fc2a6a0a486d92e7f791b207c40c.jpg,https://raw.githubusercontent.com/GUIA-DD/dataset-streetview/refs/heads/main/datasets/df_2024_proportional/batch_0008/images/6492b6af6563fc2a6a0a486d92e7f791b207c40c.jpg,True,downloaded,
7d6995e9a63aa6f6a12b41d7a0e5240517ab7ab5,cd8227671c2685f153799f68f0d4433a4fc82b2e,-15.6194015170219,-47.62942499770453,-15.61938775970228,-47.6294850444316,2024-09,2024,ysOA__dRxnCICGJSGsdziw,265.51655532266614,© Google,OK,13_9,218062.12828148753,8271420.831406447,6c21e25bfe56fa89d7d58dc04d7a6877c9ee9550,cardinal,4,1,90_deg_east,cardinal,90,0,90,640,640,8,batch_0008,482,datasets/df_2024_proportional/batch_0008/images/6c21e25bfe56fa89d7d58dc04d7a6877c9ee9550.jpg,https://raw.githubusercontent.com/GUIA-DD/dataset-streetview/refs/heads/main/datasets/df_2024_proportional/batch_0008/images/6c21e25bfe56fa89d7d58dc04d7a6877c9ee9550.jpg,True,downloaded,
7d6995e9a63aa6f6a12b41d7a0e5240517ab7ab5,cd8227671c2685f153799f68f0d4433a4fc82b2e,-15.6194015170219,-47.62942499770453,-15.61938775970228,-47.6294850444316,2024-09,2024,ysOA__dRxnCICGJSGsdziw,265.51655532266614,© Google,OK,13_9,218062.12828148753,8271420.831406447,b6e6745ef425d12b6d6bc73235ad16924ae7dda2,cardinal,4,2,180_deg_south,cardinal,180,0,90,640,640,8,batch_0008,483,datasets/df_2024_proportional/batch_0008/images/b6e6745ef425d12b6d6bc73235ad16924ae7dda2.jpg,https://raw.githubusercontent.com/GUIA-DD/dataset-streetview/refs/heads/main/datasets/df_2024_proportional/batch_0008/images/b6e6745ef425d12b6d6bc73235ad16924ae7dda2.jpg,True,downloaded,
7d6995e9a63aa6f6a12b41d7a0e5240517ab7ab5,cd8227671c2685f153799f68f0d4433a4fc82b2e,-15.6194015170219,-47.62942499770453,-15.61938775970228,-47.6294850444316,2024-09,2024,ysOA__dRxnCICGJSGsdziw,265.51655532266614,© Google,OK,13_9,218062.12828148753,8271420.831406447,9b894829f31c2e24514867f794fb579514a57155,cardinal,4,3,270_deg_west,cardinal,270,0,90,640,640,8,batch_0008,484,datasets/df_2024_proportional/batch_0008/images/9b894829f31c2e24514867f794fb579514a57155.jpg,https://raw.githubusercontent.com/GUIA-DD/dataset-streetview/refs/heads/main/datasets/df_2024_proportional/batch_0008/images/9b894829f31c2e24514867f794fb579514a57155.jpg,True,downloaded,
7e99d278c048d2465e696c4bf6af30fca00d5179,b62018bace231a23a1286b355f11860cda396f97,-16.020589300014123,-48.021260900073635,-16.02061558167593,-48.02125021916733,2025-01,2025,LUFtHBXCdcrV5mn11jBWFQ,324.0574240513143,© Google,OK,5_0,176655.77630466712,8226432.785012756,2fa6778df60b58d880cd1a9eb5686c2ede1263de,cardinal,4,0,0_deg_north,cardinal,0,0,90,640,640,8,batch_0008,485,datasets/df_2024_proportional/batch_0008/images/2fa6778df60b58d880cd1a9eb5686c2ede1263de.jpg,https://raw.githubusercontent.com/GUIA-DD/dataset-streetview/refs/heads/main/datasets/df_2024_proportional/batch_0008/images/2fa6778df60b58d880cd1a9eb5686c2ede1263de.jpg,True,downloaded,
7e99d278c048d2465e696c4bf6af30fca00d5179,b62018bace231a23a1286b355f11860cda396f97,-16.020589300014123,-48.021260900073635,-16.02061558167593,-48.02125021916733,2025-01,2025,LUFtHBXCdcrV5mn11jBWFQ,324.0574240513143,© Google,OK,5_0,176655.77630466712,8226432.785012756,481172abc22e46db73b5857ceca90f0f50049f7e,cardinal,4,1,90_deg_east,cardinal,90,0,90,640,640,8,batch_0008,486,datasets/df_2024_proportional/batch_0008/images/481172abc22e46db73b5857ceca90f0f50049f7e.jpg,https://raw.githubusercontent.com/GUIA-DD/dataset-streetview/refs/heads/main/datasets/df_2024_proportional/batch_0008/images/481172abc22e46db73b5857ceca90f0f50049f7e.jpg,True,downloaded,
7e99d278c048d2465e696c4bf6af30fca00d5179,b62018bace231a23a1286b355f11860cda396f97,-16.020589300014123,-48.021260900073635,-16.02061558167593,-48.02125021916733,2025-01,2025,LUFtHBXCdcrV5mn11jBWFQ,324.0574240513143,© Google,OK,5_0,176655.77630466712,8226432.785012756,708486f5eedb3bfe0453c44a2ab77049dd5ad2e0,cardinal,4,2,180_deg_south,cardinal,180,0,90,640,640,8,batch_0008,487,datasets/df_2024_proportional/batch_0008/images/708486f5eedb3bfe0453c44a2ab77049dd5ad2e0.jpg,https://raw.githubusercontent.com/GUIA-DD/dataset-streetview/refs/heads/main/datasets/df_2024_proportional/batch_0008/images/708486f5eedb3bfe0453c44a2ab77049dd5ad2e0.jpg,True,downloaded,
7e99d278c048d2465e696c4bf6af30fca00d5179,b62018bace231a23a1286b355f11860cda396f97,-16.020589300014123,-48.021260900073635,-16.02061558167593,-48.02125021916733,2025-01,2025,LUFtHBXCdcrV5mn11jBWFQ,324.0574240513143,© Google,OK,5_0,176655.77630466712,8226432.785012756,d6410593649d17262e9b513688b1874f6d3efb7c,cardinal,4,3,270_deg_west,cardinal,270,0,90,640,640,8,batch_0008,488,datasets/df_2024_proportional/batch_0008/images/d6410593649d17262e9b513688b1874f6d3efb7c.jpg,https://raw.githubusercontent.com/GUIA-DD/dataset-streetview/refs/heads/main/datasets/df_2024_proportional/batch_0008/images/d6410593649d17262e9b513688b1874f6d3efb7c.jpg,True,downloaded,
7f1db3843d94032ece5b3323bd5f3baa07c82ee9,3c2519f2cf8d3256033f74c416c6b1f8159528ec,-15.800421103993443,-48.012208031005294,-15.80039450087575,-48.01192962236558,2024-05,2024,lEiovXnQS42MvteVJ4KqAg,88.83114725531594,© Google,OK,5_5,177273.67300589365,8250829.279623703,1bd4d007ccdf9a5d6a58e51bdafcf9dcfb343a08,cardinal,4,0,0_deg_north,cardinal,0,0,90,640,640,8,batch_0008,489,datasets/df_2024_proportional/batch_0008/images/1bd4d007ccdf9a5d6a58e51bdafcf9dcfb343a08.jpg,https://raw.githubusercontent.com/GUIA-DD/dataset-streetview/refs/heads/main/datasets/df_2024_proportional/batch_0008/images/1bd4d007ccdf9a5d6a58e51bdafcf9dcfb343a08.jpg,True,downloaded,
7f1db3843d94032ece5b3323bd5f3baa07c82ee9,3c2519f2cf8d3256033f74c416c6b1f8159528ec,-15.800421103993443,-48.012208031005294,-15.80039450087575,-48.01192962236558,2024-05,2024,lEiovXnQS42MvteVJ4KqAg,88.83114725531594,© Google,OK,5_5,177273.67300589365,8250829.279623703,401036032e277c7f50af1f22ceeb89ed96262ef3,cardinal,4,1,90_deg_east,cardinal,90,0,90,640,640,8,batch_0008,490,datasets/df_2024_proportional/batch_0008/images/401036032e277c7f50af1f22ceeb89ed96262ef3.jpg,https://raw.githubusercontent.com/GUIA-DD/dataset-streetview/refs/heads/main/datasets/df_2024_proportional/batch_0008/images/401036032e277c7f50af1f22ceeb89ed96262ef3.jpg,True,downloaded,
7f1db3843d94032ece5b3323bd5f3baa07c82ee9,3c2519f2cf8d3256033f74c416c6b1f8159528ec,-15.800421103993443,-48.012208031005294,-15.80039450087575,-48.01192962236558,2024-05,2024,lEiovXnQS42MvteVJ4KqAg,88.83114725531594,© Google,OK,5_5,177273.67300589365,8250829.279623703,2aa412825c479193cde2d6dfe2eb298ede7c650d,cardinal,4,2,180_deg_south,cardinal,180,0,90,640,640,8,batch_0008,491,datasets/df_2024_proportional/batch_0008/images/2aa412825c479193cde2d6dfe2eb298ede7c650d.jpg,https://raw.githubusercontent.com/GUIA-DD/dataset-streetview/refs/heads/main/datasets/df_2024_proportional/batch_0008/images/2aa412825c479193cde2d6dfe2eb298ede7c650d.jpg,True,downloaded,
7f1db3843d94032ece5b3323bd5f3baa07c82ee9,3c2519f2cf8d3256033f74c416c6b1f8159528ec,-15.800421103993443,-48.012208031005294,-15.80039450087575,-48.01192962236558,2024-05,2024,lEiovXnQS42MvteVJ4KqAg,88.83114725531594,© Google,OK,5_5,177273.67300589365,8250829.279623703,2746bcea07f985626e40b7fa3b61ad140eaaa6ab,cardinal,4,3,270_deg_west,cardinal,270,0,90,640,640,8,batch_0008,492,datasets/df_2024_proportional/batch_0008/images/2746bcea07f985626e40b7fa3b61ad140eaaa6ab.jpg,https://raw.githubusercontent.com/GUIA-DD/dataset-streetview/refs/heads/main/datasets/df_2024_proportional/batch_0008/images/2746bcea07f985626e40b7fa3b61ad140eaaa6ab.jpg,True,downloaded,
7f8d584707825341dcb73f61bf9d5f9169a10095,49facd3250b0954640afcd411acf73116f96c2ed,-15.877165049999677,-48.00791090000278,-15.87719574912867,-48.00790492368849,2024-06,2024,2KLYU1DIE8NycizIPdzqaA,350.6126310502998,© Google,OK,5_3,177856.31749612716,8242336.985018906,00477268b2a2b73d2681dd01095dc3142a0ec276,cardinal,4,0,0_deg_north,cardinal,0,0,90,640,640,8,batch_0008,493,datasets/df_2024_proportional/batch_0008/images/00477268b2a2b73d2681dd01095dc3142a0ec276.jpg,https://raw.githubusercontent.com/GUIA-DD/dataset-streetview/refs/heads/main/datasets/df_2024_proportional/batch_0008/images/00477268b2a2b73d2681dd01095dc3142a0ec276.jpg,True,downloaded,
7f8d584707825341dcb73f61bf9d5f9169a10095,49facd3250b0954640afcd411acf73116f96c2ed,-15.877165049999677,-48.00791090000278,-15.87719574912867,-48.00790492368849,2024-06,2024,2KLYU1DIE8NycizIPdzqaA,350.6126310502998,© Google,OK,5_3,177856.31749612716,8242336.985018906,80f55d028c88eda60543f438e4c5f3e4e7f3f6b4,cardinal,4,1,90_deg_east,cardinal,90,0,90,640,640,8,batch_0008,494,datasets/df_2024_proportional/batch_0008/images/80f55d028c88eda60543f438e4c5f3e4e7f3f6b4.jpg,https://raw.githubusercontent.com/GUIA-DD/dataset-streetview/refs/heads/main/datasets/df_2024_proportional/batch_0008/images/80f55d028c88eda60543f438e4c5f3e4e7f3f6b4.jpg,True,downloaded,
7f8d584707825341dcb73f61bf9d5f9169a10095,49facd3250b0954640afcd411acf73116f96c2ed,-15.877165049999677,-48.00791090000278,-15.87719574912867,-48.00790492368849,2024-06,2024,2KLYU1DIE8NycizIPdzqaA,350.6126310502998,© Google,OK,5_3,177856.31749612716,8242336.985018906,a07d650974b5efaefb573ef2f37642b57346ad01,cardinal,4,2,180_deg_south,cardinal,180,0,90,640,640,8,batch_0008,495,datasets/df_2024_proportional/batch_0008/images/a07d650974b5efaefb573ef2f37642b57346ad01.jpg,https://raw.githubusercontent.com/GUIA-DD/dataset-streetview/refs/heads/main/datasets/df_2024_proportional/batch_0008/images/a07d650974b5efaefb573ef2f37642b57346ad01.jpg,True,downloaded,
7f8d584707825341dcb73f61bf9d5f9169a10095,49facd3250b0954640afcd411acf73116f96c2ed,-15.877165049999677,-48.00791090000278,-15.87719574912867,-48.00790492368849,2024-06,2024,2KLYU1DIE8NycizIPdzqaA,350.6126310502998,© Google,OK,5_3,177856.31749612716,8242336.985018906,e87c515289bced97435f74290bb86ff72b11cbc3,cardinal,4,3,270_deg_west,cardinal,270,0,90,640,640,8,batch_0008,496,datasets/df_2024_proportional/batch_0008/images/e87c515289bced97435f74290bb86ff72b11cbc3.jpg,https://raw.githubusercontent.com/GUIA-DD/dataset-streetview/refs/heads/main/datasets/df_2024_proportional/batch_0008/images/e87c515289bced97435f74290bb86ff72b11cbc3.jpg,True,downloaded,
7feb1a069cf730e33a6a866e605ceef114415d25,d64a20da3098d4753ad87ed91e218d06ae6b4c1b,-15.784590351682734,-47.91514030167579,-15.78460711855876,-47.91510681983923,2025-01,2025,8w8TvKmB5JMfaGFkws6jHw,107.30123651325566,© Google,OK,7_6,187656.98902483526,8252729.018086251,38b32f3d31321341b62bccdb389247db110d8f78,cardinal,4,0,0_deg_north,cardinal,0,0,90,640,640,8,batch_0008,497,datasets/df_2024_proportional/batch_0008/images/38b32f3d31321341b62bccdb389247db110d8f78.jpg,https://raw.githubusercontent.com/GUIA-DD/dataset-streetview/refs/heads/main/datasets/df_2024_proportional/batch_0008/images/38b32f3d31321341b62bccdb389247db110d8f78.jpg,True,downloaded,
7feb1a069cf730e33a6a866e605ceef114415d25,d64a20da3098d4753ad87ed91e218d06ae6b4c1b,-15.784590351682734,-47.91514030167579,-15.78460711855876,-47.91510681983923,2025-01,2025,8w8TvKmB5JMfaGFkws6jHw,107.30123651325566,© Google,OK,7_6,187656.98902483526,8252729.018086251,bbc6417f3d97535772059e5e15972a12cdfb84d0,cardinal,4,1,90_deg_east,cardinal,90,0,90,640,640,8,batch_0008,498,datasets/df_2024_proportional/batch_0008/images/bbc6417f3d97535772059e5e15972a12cdfb84d0.jpg,https://raw.githubusercontent.com/GUIA-DD/dataset-streetview/refs/heads/main/datasets/df_2024_proportional/batch_0008/images/bbc6417f3d97535772059e5e15972a12cdfb84d0.jpg,True,downloaded,
7feb1a069cf730e33a6a866e605ceef114415d25,d64a20da3098d4753ad87ed91e218d06ae6b4c1b,-15.784590351682734,-47.91514030167579,-15.78460711855876,-47.91510681983923,2025-01,2025,8w8TvKmB5JMfaGFkws6jHw,107.30123651325566,© Google,OK,7_6,187656.98902483526,8252729.018086251,07092a0cc37bbdf8889e81a145963796000695ba,cardinal,4,2,180_deg_south,cardinal,180,0,90,640,640,8,batch_0008,499,datasets/df_2024_proportional/batch_0008/images/07092a0cc37bbdf8889e81a145963796000695ba.jpg,https://raw.githubusercontent.com/GUIA-DD/dataset-streetview/refs/heads/main/datasets/df_2024_proportional/batch_0008/images/07092a0cc37bbdf8889e81a145963796000695ba.jpg,True,downloaded,
7feb1a069cf730e33a6a866e605ceef114415d25,d64a20da3098d4753ad87ed91e218d06ae6b4c1b,-15.784590351682734,-47.91514030167579,-15.78460711855876,-47.91510681983923,2025-01,2025,8w8TvKmB5JMfaGFkws6jHw,107.30123651325566,© Google,OK,7_6,187656.98902483526,8252729.018086251,58bcdcbffd9713cc9d9b0c6d47d0a54b1e85d88b,cardinal,4,3,270_deg_west,cardinal,270,0,90,640,640,8,batch_0008,500,datasets/df_2024_proportional/batch_0008/images/58bcdcbffd9713cc9d9b0c6d47d0a54b1e85d88b.jpg,https://raw.githubusercontent.com/GUIA-DD/dataset-streetview/refs/heads/main/datasets/df_2024_proportional/batch_0008/images/58bcdcbffd9713cc9d9b0c6d47d0a54b1e85d88b.jpg,True,downloaded,
80c523c0f40e673846f0eb6baab95090af49ff90,ecc93deb7d3ddcdacf84da2ccf5b6b290c35ce1d,-15.857333800055189,-48.0378779505285,-15.85735045992159,-48.03786512589066,2025-07,2025,CcvHGQh-Rjz4Sm-VJb-GBg,151.7827589799888,© Google,OK,5_4,174612.45048325168,8244486.81786283,15845446649ade6e6ba12c9b3307124352ce4405,cardinal,4,0,0_deg_north,cardinal,0,0,90,640,640,8,batch_0008,501,datasets/df_2024_proportional/batch_0008/images/15845446649ade6e6ba12c9b3307124352ce4405.jpg,https://raw.githubusercontent.com/GUIA-DD/dataset-streetview/refs/heads/main/datasets/df_2024_proportional/batch_0008/images/15845446649ade6e6ba12c9b3307124352ce4405.jpg,True,downloaded,
80c523c0f40e673846f0eb6baab95090af49ff90,ecc93deb7d3ddcdacf84da2ccf5b6b290c35ce1d,-15.857333800055189,-48.0378779505285,-15.85735045992159,-48.03786512589066,2025-07,2025,CcvHGQh-Rjz4Sm-VJb-GBg,151.7827589799888,© Google,OK,5_4,174612.45048325168,8244486.81786283,e2fceba5597206ffcef67f65b60b51f12f9c7375,cardinal,4,1,90_deg_east,cardinal,90,0,90,640,640,8,batch_0008,502,datasets/df_2024_proportional/batch_0008/images/e2fceba5597206ffcef67f65b60b51f12f9c7375.jpg,https://raw.githubusercontent.com/GUIA-DD/dataset-streetview/refs/heads/main/datasets/df_2024_proportional/batch_0008/images/e2fceba5597206ffcef67f65b60b51f12f9c7375.jpg,True,downloaded,
80c523c0f40e673846f0eb6baab95090af49ff90,ecc93deb7d3ddcdacf84da2ccf5b6b290c35ce1d,-15.857333800055189,-48.0378779505285,-15.85735045992159,-48.03786512589066,2025-07,2025,CcvHGQh-Rjz4Sm-VJb-GBg,151.7827589799888,© Google,OK,5_4,174612.45048325168,8244486.81786283,baa90e6aa0457a9e6ddc260bb4903ecbd5db1638,cardinal,4,2,180_deg_south,cardinal,180,0,90,640,640,8,batch_0008,503,datasets/df_2024_proportional/batch_0008/images/baa90e6aa0457a9e6ddc260bb4903ecbd5db1638.jpg,https://raw.githubusercontent.com/GUIA-DD/dataset-streetview/refs/heads/main/datasets/df_2024_proportional/batch_0008/images/baa90e6aa0457a9e6ddc260bb4903ecbd5db1638.jpg,True,downloaded,
80c523c0f40e673846f0eb6baab95090af49ff90,ecc93deb7d3ddcdacf84da2ccf5b6b290c35ce1d,-15.857333800055189,-48.0378779505285,-15.85735045992159,-48.03786512589066,2025-07,2025,CcvHGQh-Rjz4Sm-VJb-GBg,151.7827589799888,© Google,OK,5_4,174612.45048325168,8244486.81786283,b187cb02776ef26b5e716b209543568490d5928f,cardinal,4,3,270_deg_west,cardinal,270,0,90,640,640,8,batch_0008,504,datasets/df_2024_proportional/batch_0008/images/b187cb02776ef26b5e716b209543568490d5928f.jpg,https://raw.githubusercontent.com/GUIA-DD/dataset-streetview/refs/heads/main/datasets/df_2024_proportional/batch_0008/images/b187cb02776ef26b5e716b209543568490d5928f.jpg,True,downloaded,
80f17ea22c15c01b928da903024f0d41f13eacc6,a61c57c06acfbb9f1dbc998f3eaa666936a90990,-16.003250249993975,-47.99305490008388,-16.00323782455839,-47.99305874367468,2025-02,2025,HJS3fe3BpENSIdB_2eoWxw,168.7195314115887,© Google,OK,6_1,179649.12684322242,8228396.772230445,03aced8055406e24bfac8d674451a0136a7ed75c,cardinal,4,0,0_deg_north,cardinal,0,0,90,640,640,8,batch_0008,505,datasets/df_2024_proportional/batch_0008/images/03aced8055406e24bfac8d674451a0136a7ed75c.jpg,https://raw.githubusercontent.com/GUIA-DD/dataset-streetview/refs/heads/main/datasets/df_2024_proportional/batch_0008/images/03aced8055406e24bfac8d674451a0136a7ed75c.jpg,True,downloaded,
80f17ea22c15c01b928da903024f0d41f13eacc6,a61c57c06acfbb9f1dbc998f3eaa666936a90990,-16.003250249993975,-47.99305490008388,-16.00323782455839,-47.99305874367468,2025-02,2025,HJS3fe3BpENSIdB_2eoWxw,168.7195314115887,© Google,OK,6_1,179649.12684322242,8228396.772230445,a3a54d5c928b4f694fb1dd4912eec13df31b0798,cardinal,4,1,90_deg_east,cardinal,90,0,90,640,640,8,batch_0008,506,datasets/df_2024_proportional/batch_0008/images/a3a54d5c928b4f694fb1dd4912eec13df31b0798.jpg,https://raw.githubusercontent.com/GUIA-DD/dataset-streetview/refs/heads/main/datasets/df_2024_proportional/batch_0008/images/a3a54d5c928b4f694fb1dd4912eec13df31b0798.jpg,True,downloaded,
80f17ea22c15c01b928da903024f0d41f13eacc6,a61c57c06acfbb9f1dbc998f3eaa666936a90990,-16.003250249993975,-47.99305490008388,-16.00323782455839,-47.99305874367468,2025-02,2025,HJS3fe3BpENSIdB_2eoWxw,168.7195314115887,© Google,OK,6_1,179649.12684322242,8228396.772230445,589261bd20a48b2238397eeb08cd44ce6d22f45c,cardinal,4,2,180_deg_south,cardinal,180,0,90,640,640,8,batch_0008,507,datasets/df_2024_proportional/batch_0008/images/589261bd20a48b2238397eeb08cd44ce6d22f45c.jpg,https://raw.githubusercontent.com/GUIA-DD/dataset-streetview/refs/heads/main/datasets/df_2024_proportional/batch_0008/images/589261bd20a48b2238397eeb08cd44ce6d22f45c.jpg,True,downloaded,
80f17ea22c15c01b928da903024f0d41f13eacc6,a61c57c06acfbb9f1dbc998f3eaa666936a90990,-16.003250249993975,-47.99305490008388,-16.00323782455839,-47.99305874367468,2025-02,2025,HJS3fe3BpENSIdB_2eoWxw,168.7195314115887,© Google,OK,6_1,179649.12684322242,8228396.772230445,32ecf9394cbb3a4a52274fe8874f5900a93a7476,cardinal,4,3,270_deg_west,cardinal,270,0,90,640,640,8,batch_0008,508,datasets/df_2024_proportional/batch_0008/images/32ecf9394cbb3a4a52274fe8874f5900a93a7476.jpg,https://raw.githubusercontent.com/GUIA-DD/dataset-streetview/refs/heads/main/datasets/df_2024_proportional/batch_0008/images/32ecf9394cbb3a4a52274fe8874f5900a93a7476.jpg,True,downloaded,
82923e931e88bd8c4b97f86ef3e2bd9369937e81,cfa74d0b5ef8b4c1dd364d19e7fbe8715b13387b,-15.80547609999965,-48.140596550044904,-15.80544409028629,-48.14060065717366,2026-01,2026,4jyYnIrq4V_WBdZonf8r1A,161.84085348022157,© Google,OK,2_5,163514.98371111407,8250067.941650011,61d32f5f6907efa147c7ba6c53a496a4b8c71ee4,cardinal,4,0,0_deg_north,cardinal,0,0,90,640,640,8,batch_0008,509,datasets/df_2024_proportional/batch_0008/images/61d32f5f6907efa147c7ba6c53a496a4b8c71ee4.jpg,https://raw.githubusercontent.com/GUIA-DD/dataset-streetview/refs/heads/main/datasets/df_2024_proportional/batch_0008/images/61d32f5f6907efa147c7ba6c53a496a4b8c71ee4.jpg,True,downloaded,
82923e931e88bd8c4b97f86ef3e2bd9369937e81,cfa74d0b5ef8b4c1dd364d19e7fbe8715b13387b,-15.80547609999965,-48.140596550044904,-15.80544409028629,-48.14060065717366,2026-01,2026,4jyYnIrq4V_WBdZonf8r1A,161.84085348022157,© Google,OK,2_5,163514.98371111407,8250067.941650011,472382404d3f8bb5f814e79aa2d08875cc82c415,cardinal,4,1,90_deg_east,cardinal,90,0,90,640,640,8,batch_0008,510,datasets/df_2024_proportional/batch_0008/images/472382404d3f8bb5f814e79aa2d08875cc82c415.jpg,https://raw.githubusercontent.com/GUIA-DD/dataset-streetview/refs/heads/main/datasets/df_2024_proportional/batch_0008/images/472382404d3f8bb5f814e79aa2d08875cc82c415.jpg,True,downloaded,
82923e931e88bd8c4b97f86ef3e2bd9369937e81,cfa74d0b5ef8b4c1dd364d19e7fbe8715b13387b,-15.80547609999965,-48.140596550044904,-15.80544409028629,-48.14060065717366,2026-01,2026,4jyYnIrq4V_WBdZonf8r1A,161.84085348022157,© Google,OK,2_5,163514.98371111407,8250067.941650011,0f1c6b685dcf2a86e091fabf6dd4a93ff69f73b3,cardinal,4,2,180_deg_south,cardinal,180,0,90,640,640,8,batch_0008,511,datasets/df_2024_proportional/batch_0008/images/0f1c6b685dcf2a86e091fabf6dd4a93ff69f73b3.jpg,https://raw.githubusercontent.com/GUIA-DD/dataset-streetview/refs/heads/main/datasets/df_2024_proportional/batch_0008/images/0f1c6b685dcf2a86e091fabf6dd4a93ff69f73b3.jpg,True,downloaded,
82923e931e88bd8c4b97f86ef3e2bd9369937e81,cfa74d0b5ef8b4c1dd364d19e7fbe8715b13387b,-15.80547609999965,-48.140596550044904,-15.80544409028629,-48.14060065717366,2026-01,2026,4jyYnIrq4V_WBdZonf8r1A,161.84085348022157,© Google,OK,2_5,163514.98371111407,8250067.941650011,5e103310d9e4614d41b0131bc7d9d0f80b782c95,cardinal,4,3,270_deg_west,cardinal,270,0,90,640,640,8,batch_0008,512,datasets/df_2024_proportional/batch_0008/images/5e103310d9e4614d41b0131bc7d9d0f80b782c95.jpg,https://raw.githubusercontent.com/GUIA-DD/dataset-streetview/refs/heads/main/datasets/df_2024_proportional/batch_0008/images/5e103310d9e4614d41b0131bc7d9d0f80b782c95.jpg,True,downloaded,
8419508aa44c7509a4ea698f8ea462301b7ca527,6ac0bbe360db5690fcba621909255dda558f2e56,-15.886404347159147,-48.055525245350715,-15.8864198173442,-48.05552093712809,2025-06,2025,qTrXo7ihiN5shjKf2s9_Pw,333.3033115148645,© Google,OK,4_3,172767.7160513731,8241239.803189393,327d85cce2b26a24f21ff410f832c28f5f738d1d,cardinal,4,0,0_deg_north,cardinal,0,0,90,640,640,8,batch_0008,513,datasets/df_2024_proportional/batch_0008/images/327d85cce2b26a24f21ff410f832c28f5f738d1d.jpg,https://raw.githubusercontent.com/GUIA-DD/dataset-streetview/refs/heads/main/datasets/df_2024_proportional/batch_0008/images/327d85cce2b26a24f21ff410f832c28f5f738d1d.jpg,True,downloaded,
8419508aa44c7509a4ea698f8ea462301b7ca527,6ac0bbe360db5690fcba621909255dda558f2e56,-15.886404347159147,-48.055525245350715,-15.8864198173442,-48.05552093712809,2025-06,2025,qTrXo7ihiN5shjKf2s9_Pw,333.3033115148645,© Google,OK,4_3,172767.7160513731,8241239.803189393,836ffe0881fef2a6efde73987b8a0e2660e3b35c,cardinal,4,1,90_deg_east,cardinal,90,0,90,640,640,8,batch_0008,514,datasets/df_2024_proportional/batch_0008/images/836ffe0881fef2a6efde73987b8a0e2660e3b35c.jpg,https://raw.githubusercontent.com/GUIA-DD/dataset-streetview/refs/heads/main/datasets/df_2024_proportional/batch_0008/images/836ffe0881fef2a6efde73987b8a0e2660e3b35c.jpg,True,downloaded,
8419508aa44c7509a4ea698f8ea462301b7ca527,6ac0bbe360db5690fcba621909255dda558f2e56,-15.886404347159147,-48.055525245350715,-15.8864198173442,-48.05552093712809,2025-06,2025,qTrXo7ihiN5shjKf2s9_Pw,333.3033115148645,© Google,OK,4_3,172767.7160513731,8241239.803189393,784b161b1e2d2494c10b487cbfd0feb42c507270,cardinal,4,2,180_deg_south,cardinal,180,0,90,640,640,8,batch_0008,515,datasets/df_2024_proportional/batch_0008/images/784b161b1e2d2494c10b487cbfd0feb42c507270.jpg,https://raw.githubusercontent.com/GUIA-DD/dataset-streetview/refs/heads/main/datasets/df_2024_proportional/batch_0008/images/784b161b1e2d2494c10b487cbfd0feb42c507270.jpg,True,downloaded,
8419508aa44c7509a4ea698f8ea462301b7ca527,6ac0bbe360db5690fcba621909255dda558f2e56,-15.886404347159147,-48.055525245350715,-15.8864198173442,-48.05552093712809,2025-06,2025,qTrXo7ihiN5shjKf2s9_Pw,333.3033115148645,© Google,OK,4_3,172767.7160513731,8241239.803189393,4036033a55233769102a4c3b64ee5c50959d1749,cardinal,4,3,270_deg_west,cardinal,270,0,90,640,640,8,batch_0008,516,datasets/df_2024_proportional/batch_0008/images/4036033a55233769102a4c3b64ee5c50959d1749.jpg,https://raw.githubusercontent.com/GUIA-DD/dataset-streetview/refs/heads/main/datasets/df_2024_proportional/batch_0008/images/4036033a55233769102a4c3b64ee5c50959d1749.jpg,True,downloaded,
843a215f5505eb3f3cdd811daccb057a79861194,7cd23e922779ddd0f353eb8b2fd15ab2f5bdba7f,-15.770475375889335,-47.785875456212565,-15.77051004489177,-47.7859718474824,2024-06,2024,h0fPRPD2tIHs1BRVhFezcw,0.48861026288998954,© Google,OK,10_6,201495.9902812874,8254479.614980099,7636cc0b142271b0d8ce82689a7906a1d39ce947,cardinal,4,0,0_deg_north,cardinal,0,0,90,640,640,8,batch_0008,517,datasets/df_2024_proportional/batch_0008/images/7636cc0b142271b0d8ce82689a7906a1d39ce947.jpg,https://raw.githubusercontent.com/GUIA-DD/dataset-streetview/refs/heads/main/datasets/df_2024_proportional/batch_0008/images/7636cc0b142271b0d8ce82689a7906a1d39ce947.jpg,True,downloaded,
843a215f5505eb3f3cdd811daccb057a79861194,7cd23e922779ddd0f353eb8b2fd15ab2f5bdba7f,-15.770475375889335,-47.785875456212565,-15.77051004489177,-47.7859718474824,2024-06,2024,h0fPRPD2tIHs1BRVhFezcw,0.48861026288998954,© Google,OK,10_6,201495.9902812874,8254479.614980099,5b4dc36f01a4a72b4b286467e276f9477a79a3ed,cardinal,4,1,90_deg_east,cardinal,90,0,90,640,640,8,batch_0008,518,datasets/df_2024_proportional/batch_0008/images/5b4dc36f01a4a72b4b286467e276f9477a79a3ed.jpg,https://raw.githubusercontent.com/GUIA-DD/dataset-streetview/refs/heads/main/datasets/df_2024_proportional/batch_0008/images/5b4dc36f01a4a72b4b286467e276f9477a79a3ed.jpg,True,downloaded,
843a215f5505eb3f3cdd811daccb057a79861194,7cd23e922779ddd0f353eb8b2fd15ab2f5bdba7f,-15.770475375889335,-47.785875456212565,-15.77051004489177,-47.7859718474824,2024-06,2024,h0fPRPD2tIHs1BRVhFezcw,0.48861026288998954,© Google,OK,10_6,201495.9902812874,8254479.614980099,dea915f0dfdd457c329e808d138b0722d2ce5a10,cardinal,4,2,180_deg_south,cardinal,180,0,90,640,640,8,batch_0008,519,datasets/df_2024_proportional/batch_0008/images/dea915f0dfdd457c329e808d138b0722d2ce5a10.jpg,https://raw.githubusercontent.com/GUIA-DD/dataset-streetview/refs/heads/main/datasets/df_2024_proportional/batch_0008/images/dea915f0dfdd457c329e808d138b0722d2ce5a10.jpg,True,downloaded,
843a215f5505eb3f3cdd811daccb057a79861194,7cd23e922779ddd0f353eb8b2fd15ab2f5bdba7f,-15.770475375889335,-47.785875456212565,-15.77051004489177,-47.7859718474824,2024-06,2024,h0fPRPD2tIHs1BRVhFezcw,0.48861026288998954,© Google,OK,10_6,201495.9902812874,8254479.614980099,4adb14ee681b072f83047dda349aca1a08b0d5fa,cardinal,4,3,270_deg_west,cardinal,270,0,90,640,640,8,batch_0008,520,datasets/df_2024_proportional/batch_0008/images/4adb14ee681b072f83047dda349aca1a08b0d5fa.jpg,https://raw.githubusercontent.com/GUIA-DD/dataset-streetview/refs/heads/main/datasets/df_2024_proportional/batch_0008/images/4adb14ee681b072f83047dda349aca1a08b0d5fa.jpg,True,downloaded,
847cf4013b4a6ee606a5bd51b622cdecb926f4af,3d8e2cc948ac5221aba9b088a49112c6c55be9d3,-15.834291519983307,-48.0808369340262,-15.83429101031357,-48.0807947291466,2025-06,2025,NooJuIyccc_zrUzL3DNZVA,263.36029207258946,© Google,OK,4_4,169969.82916878263,8246971.495385873,47be133e39454b4fbb0d0ef532bcec7f29860ec0,cardinal,4,0,0_deg_north,cardinal,0,0,90,640,640,8,batch_0008,521,datasets/df_2024_proportional/batch_0008/images/47be133e39454b4fbb0d0ef532bcec7f29860ec0.jpg,https://raw.githubusercontent.com/GUIA-DD/dataset-streetview/refs/heads/main/datasets/df_2024_proportional/batch_0008/images/47be133e39454b4fbb0d0ef532bcec7f29860ec0.jpg,True,downloaded,
847cf4013b4a6ee606a5bd51b622cdecb926f4af,3d8e2cc948ac5221aba9b088a49112c6c55be9d3,-15.834291519983307,-48.0808369340262,-15.83429101031357,-48.0807947291466,2025-06,2025,NooJuIyccc_zrUzL3DNZVA,263.36029207258946,© Google,OK,4_4,169969.82916878263,8246971.495385873,7195a7cd57f1a9d13b64f669558dc2509510e723,cardinal,4,1,90_deg_east,cardinal,90,0,90,640,640,8,batch_0008,522,datasets/df_2024_proportional/batch_0008/images/7195a7cd57f1a9d13b64f669558dc2509510e723.jpg,https://raw.githubusercontent.com/GUIA-DD/dataset-streetview/refs/heads/main/datasets/df_2024_proportional/batch_0008/images/7195a7cd57f1a9d13b64f669558dc2509510e723.jpg,True,downloaded,
847cf4013b4a6ee606a5bd51b622cdecb926f4af,3d8e2cc948ac5221aba9b088a49112c6c55be9d3,-15.834291519983307,-48.0808369340262,-15.83429101031357,-48.0807947291466,2025-06,2025,NooJuIyccc_zrUzL3DNZVA,263.36029207258946,© Google,OK,4_4,169969.82916878263,8246971.495385873,fb0400d3914bec04aaac52b09293707b99ed1027,cardinal,4,2,180_deg_south,cardinal,180,0,90,640,640,8,batch_0008,523,datasets/df_2024_proportional/batch_0008/images/fb0400d3914bec04aaac52b09293707b99ed1027.jpg,https://raw.githubusercontent.com/GUIA-DD/dataset-streetview/refs/heads/main/datasets/df_2024_proportional/batch_0008/images/fb0400d3914bec04aaac52b09293707b99ed1027.jpg,True,downloaded,
847cf4013b4a6ee606a5bd51b622cdecb926f4af,3d8e2cc948ac5221aba9b088a49112c6c55be9d3,-15.834291519983307,-48.0808369340262,-15.83429101031357,-48.0807947291466,2025-06,2025,NooJuIyccc_zrUzL3DNZVA,263.36029207258946,© Google,OK,4_4,169969.82916878263,8246971.495385873,4a8b1db66ba80d6bd8879afce875db608883c442,cardinal,4,3,270_deg_west,cardinal,270,0,90,640,640,8,batch_0008,524,datasets/df_2024_proportional/batch_0008/images/4a8b1db66ba80d6bd8879afce875db608883c442.jpg,https://raw.githubusercontent.com/GUIA-DD/dataset-streetview/refs/heads/main/datasets/df_2024_proportional/batch_0008/images/4a8b1db66ba80d6bd8879afce875db608883c442.jpg,True,downloaded,
85b80a5c293933bd805710d97be4bd4b6d79fcfc,fc9e1606f4ab6bffcb0080e34c301690bbad1e90,-16.029592750283197,-47.98994884986707,-16.02960166954205,-47.98995516774278,2025-02,2025,SfPKbKsfgU4gsRAAKS7aEg,250.81803220385095,© Google,OK,6_0,180023.8721941252,8225484.311675634,33b251482b6ddaeb25330bf9cd22199bbef5ace0,cardinal,4,0,0_deg_north,cardinal,0,0,90,640,640,8,batch_0008,525,datasets/df_2024_proportional/batch_0008/images/33b251482b6ddaeb25330bf9cd22199bbef5ace0.jpg,https://raw.githubusercontent.com/GUIA-DD/dataset-streetview/refs/heads/main/datasets/df_2024_proportional/batch_0008/images/33b251482b6ddaeb25330bf9cd22199bbef5ace0.jpg,True,downloaded,
85b80a5c293933bd805710d97be4bd4b6d79fcfc,fc9e1606f4ab6bffcb0080e34c301690bbad1e90,-16.029592750283197,-47.98994884986707,-16.02960166954205,-47.98995516774278,2025-02,2025,SfPKbKsfgU4gsRAAKS7aEg,250.81803220385095,© Google,OK,6_0,180023.8721941252,8225484.311675634,f117727402a114a339e72359ffe0304e4029ff65,cardinal,4,1,90_deg_east,cardinal,90,0,90,640,640,8,batch_0008,526,datasets/df_2024_proportional/batch_0008/images/f117727402a114a339e72359ffe0304e4029ff65.jpg,https://raw.githubusercontent.com/GUIA-DD/dataset-streetview/refs/heads/main/datasets/df_2024_proportional/batch_0008/images/f117727402a114a339e72359ffe0304e4029ff65.jpg,True,downloaded,
85b80a5c293933bd805710d97be4bd4b6d79fcfc,fc9e1606f4ab6bffcb0080e34c301690bbad1e90,-16.029592750283197,-47.98994884986707,-16.02960166954205,-47.98995516774278,2025-02,2025,SfPKbKsfgU4gsRAAKS7aEg,250.81803220385095,© Google,OK,6_0,180023.8721941252,8225484.311675634,cba694aeb33bed5bfc506d12da6a44fd3f58b47a,cardinal,4,2,180_deg_south,cardinal,180,0,90,640,640,8,batch_0008,527,datasets/df_2024_proportional/batch_0008/images/cba694aeb33bed5bfc506d12da6a44fd3f58b47a.jpg,https://raw.githubusercontent.com/GUIA-DD/dataset-streetview/refs/heads/main/datasets/df_2024_proportional/batch_0008/images/cba694aeb33bed5bfc506d12da6a44fd3f58b47a.jpg,True,downloaded,
85b80a5c293933bd805710d97be4bd4b6d79fcfc,fc9e1606f4ab6bffcb0080e34c301690bbad1e90,-16.029592750283197,-47.98994884986707,-16.02960166954205,-47.98995516774278,2025-02,2025,SfPKbKsfgU4gsRAAKS7aEg,250.81803220385095,© Google,OK,6_0,180023.8721941252,8225484.311675634,a2e07b1af059ae887e1c79283ec1b9402324ed43,cardinal,4,3,270_deg_west,cardinal,270,0,90,640,640,8,batch_0008,528,datasets/df_2024_proportional/batch_0008/images/a2e07b1af059ae887e1c79283ec1b9402324ed43.jpg,https://raw.githubusercontent.com/GUIA-DD/dataset-streetview/refs/heads/main/datasets/df_2024_proportional/batch_0008/images/a2e07b1af059ae887e1c79283ec1b9402324ed43.jpg,True,downloaded,
8691b567c246c23bf91eb39e448cc36dd2d2f563,42f019bd03b02892092cab78d1e4d84d5eff8bac,-15.665404211932486,-47.841580210520824,-15.6654317214839,-47.84155735145028,2024-09,2024,G7zsB3L81S4vINDCZmtlJA,334.75849566307795,© Google,OK,9_8,195366.67422705796,8266034.201072689,c3589cf12fded3305db315830d0649f99319b957,cardinal,4,0,0_deg_north,cardinal,0,0,90,640,640,8,batch_0008,529,datasets/df_2024_proportional/batch_0008/images/c3589cf12fded3305db315830d0649f99319b957.jpg,https://raw.githubusercontent.com/GUIA-DD/dataset-streetview/refs/heads/main/datasets/df_2024_proportional/batch_0008/images/c3589cf12fded3305db315830d0649f99319b957.jpg,True,downloaded,
8691b567c246c23bf91eb39e448cc36dd2d2f563,42f019bd03b02892092cab78d1e4d84d5eff8bac,-15.665404211932486,-47.841580210520824,-15.6654317214839,-47.84155735145028,2024-09,2024,G7zsB3L81S4vINDCZmtlJA,334.75849566307795,© Google,OK,9_8,195366.67422705796,8266034.201072689,7e737ad0072dba5042faea0bc20d5ae4505fb2c3,cardinal,4,1,90_deg_east,cardinal,90,0,90,640,640,8,batch_0008,530,datasets/df_2024_proportional/batch_0008/images/7e737ad0072dba5042faea0bc20d5ae4505fb2c3.jpg,https://raw.githubusercontent.com/GUIA-DD/dataset-streetview/refs/heads/main/datasets/df_2024_proportional/batch_0008/images/7e737ad0072dba5042faea0bc20d5ae4505fb2c3.jpg,True,downloaded,
8691b567c246c23bf91eb39e448cc36dd2d2f563,42f019bd03b02892092cab78d1e4d84d5eff8bac,-15.665404211932486,-47.841580210520824,-15.6654317214839,-47.84155735145028,2024-09,2024,G7zsB3L81S4vINDCZmtlJA,334.75849566307795,© Google,OK,9_8,195366.67422705796,8266034.201072689,102f0dbda436ed2e040a7d14363af16df19852f7,cardinal,4,2,180_deg_south,cardinal,180,0,90,640,640,8,batch_0008,531,datasets/df_2024_proportional/batch_0008/images/102f0dbda436ed2e040a7d14363af16df19852f7.jpg,https://raw.githubusercontent.com/GUIA-DD/dataset-streetview/refs/heads/main/datasets/df_2024_proportional/batch_0008/images/102f0dbda436ed2e040a7d14363af16df19852f7.jpg,True,downloaded,
8691b567c246c23bf91eb39e448cc36dd2d2f563,42f019bd03b02892092cab78d1e4d84d5eff8bac,-15.665404211932486,-47.841580210520824,-15.6654317214839,-47.84155735145028,2024-09,2024,G7zsB3L81S4vINDCZmtlJA,334.75849566307795,© Google,OK,9_8,195366.67422705796,8266034.201072689,38e40b6576eac64fbb86d249cbcfee59b19a8088,cardinal,4,3,270_deg_west,cardinal,270,0,90,640,640,8,batch_0008,532,datasets/df_2024_proportional/batch_0008/images/38e40b6576eac64fbb86d249cbcfee59b19a8088.jpg,https://raw.githubusercontent.com/GUIA-DD/dataset-streetview/refs/heads/main/datasets/df_2024_proportional/batch_0008/images/38e40b6576eac64fbb86d249cbcfee59b19a8088.jpg,True,downloaded,
879fe0ee00d7e680618f8e04d22e7eb74019253a,ed594e1a8161575eac0e376e15ecf9782b267e48,-15.636605550074279,-47.65992434959539,-15.63656724575579,-47.65993590399705,2025-07,2025,pWa1LXjItgQfnaMo0BFv8g,187.63971958695205,© Google,OK,13_9,214813.68769655604,8269475.419149327,ed11afe2bee55ac317b8159efb09c29f6c4f0ac9,cardinal,4,0,0_deg_north,cardinal,0,0,90,640,640,8,batch_0008,533,datasets/df_2024_proportional/batch_0008/images/ed11afe2bee55ac317b8159efb09c29f6c4f0ac9.jpg,https://raw.githubusercontent.com/GUIA-DD/dataset-streetview/refs/heads/main/datasets/df_2024_proportional/batch_0008/images/ed11afe2bee55ac317b8159efb09c29f6c4f0ac9.jpg,True,downloaded,
879fe0ee00d7e680618f8e04d22e7eb74019253a,ed594e1a8161575eac0e376e15ecf9782b267e48,-15.636605550074279,-47.65992434959539,-15.63656724575579,-47.65993590399705,2025-07,2025,pWa1LXjItgQfnaMo0BFv8g,187.63971958695205,© Google,OK,13_9,214813.68769655604,8269475.419149327,5092adf4b2289568f5813edbc132033b33f71ed3,cardinal,4,1,90_deg_east,cardinal,90,0,90,640,640,8,batch_0008,534,datasets/df_2024_proportional/batch_0008/images/5092adf4b2289568f5813edbc132033b33f71ed3.jpg,https://raw.githubusercontent.com/GUIA-DD/dataset-streetview/refs/heads/main/datasets/df_2024_proportional/batch_0008/images/5092adf4b2289568f5813edbc132033b33f71ed3.jpg,True,downloaded,
879fe0ee00d7e680618f8e04d22e7eb74019253a,ed594e1a8161575eac0e376e15ecf9782b267e48,-15.636605550074279,-47.65992434959539,-15.63656724575579,-47.65993590399705,2025-07,2025,pWa1LXjItgQfnaMo0BFv8g,187.63971958695205,© Google,OK,13_9,214813.68769655604,8269475.419149327,9b8826ff60f743302a9e62ce56bac88f8732847b,cardinal,4,2,180_deg_south,cardinal,180,0,90,640,640,8,batch_0008,535,datasets/df_2024_proportional/batch_0008/images/9b8826ff60f743302a9e62ce56bac88f8732847b.jpg,https://raw.githubusercontent.com/GUIA-DD/dataset-streetview/refs/heads/main/datasets/df_2024_proportional/batch_0008/images/9b8826ff60f743302a9e62ce56bac88f8732847b.jpg,True,downloaded,
879fe0ee00d7e680618f8e04d22e7eb74019253a,ed594e1a8161575eac0e376e15ecf9782b267e48,-15.636605550074279,-47.65992434959539,-15.63656724575579,-47.65993590399705,2025-07,2025,pWa1LXjItgQfnaMo0BFv8g,187.63971958695205,© Google,OK,13_9,214813.68769655604,8269475.419149327,7fcfde0969c3a9da280746df1762d6d9f2b7e631,cardinal,4,3,270_deg_west,cardinal,270,0,90,640,640,8,batch_0008,536,datasets/df_2024_proportional/batch_0008/images/7fcfde0969c3a9da280746df1762d6d9f2b7e631.jpg,https://raw.githubusercontent.com/GUIA-DD/dataset-streetview/refs/heads/main/datasets/df_2024_proportional/batch_0008/images/7fcfde0969c3a9da280746df1762d6d9f2b7e631.jpg,True,downloaded,
88309558fe80d1255e7edca2fc6d8eb6a344e337,4b012db57e28a2d7f695e181dc0174b94d6bc268,-15.630456450010124,-47.837480699903786,-15.63050053338266,-47.83750038687295,2024-08,2024,mfL-DYufOmyfS0t7rqsw0g,0.1277706237774202,© Google,OK,9_9,195754.7409579626,8269909.773825104,fb3d163b54b660de48b6bdf91a4467b22d3f2079,cardinal,4,0,0_deg_north,cardinal,0,0,90,640,640,8,batch_0008,537,datasets/df_2024_proportional/batch_0008/images/fb3d163b54b660de48b6bdf91a4467b22d3f2079.jpg,https://raw.githubusercontent.com/GUIA-DD/dataset-streetview/refs/heads/main/datasets/df_2024_proportional/batch_0008/images/fb3d163b54b660de48b6bdf91a4467b22d3f2079.jpg,True,downloaded,
88309558fe80d1255e7edca2fc6d8eb6a344e337,4b012db57e28a2d7f695e181dc0174b94d6bc268,-15.630456450010124,-47.837480699903786,-15.63050053338266,-47.83750038687295,2024-08,2024,mfL-DYufOmyfS0t7rqsw0g,0.1277706237774202,© Google,OK,9_9,195754.7409579626,8269909.773825104,502539a10ad0f3ba0a8228860fa10dd3e86e80cc,cardinal,4,1,90_deg_east,cardinal,90,0,90,640,640,8,batch_0008,538,datasets/df_2024_proportional/batch_0008/images/502539a10ad0f3ba0a8228860fa10dd3e86e80cc.jpg,https://raw.githubusercontent.com/GUIA-DD/dataset-streetview/refs/heads/main/datasets/df_2024_proportional/batch_0008/images/502539a10ad0f3ba0a8228860fa10dd3e86e80cc.jpg,True,downloaded,
88309558fe80d1255e7edca2fc6d8eb6a344e337,4b012db57e28a2d7f695e181dc0174b94d6bc268,-15.630456450010124,-47.837480699903786,-15.63050053338266,-47.83750038687295,2024-08,2024,mfL-DYufOmyfS0t7rqsw0g,0.1277706237774202,© Google,OK,9_9,195754.7409579626,8269909.773825104,87e808fc47e5dc661251a7f03157386553a7e488,cardinal,4,2,180_deg_south,cardinal,180,0,90,640,640,8,batch_0008,539,datasets/df_2024_proportional/batch_0008/images/87e808fc47e5dc661251a7f03157386553a7e488.jpg,https://raw.githubusercontent.com/GUIA-DD/dataset-streetview/refs/heads/main/datasets/df_2024_proportional/batch_0008/images/87e808fc47e5dc661251a7f03157386553a7e488.jpg,True,downloaded,
88309558fe80d1255e7edca2fc6d8eb6a344e337,4b012db57e28a2d7f695e181dc0174b94d6bc268,-15.630456450010124,-47.837480699903786,-15.63050053338266,-47.83750038687295,2024-08,2024,mfL-DYufOmyfS0t7rqsw0g,0.1277706237774202,© Google,OK,9_9,195754.7409579626,8269909.773825104,4bcc26fea2144425adda56e3e1f663fee6f085fd,cardinal,4,3,270_deg_west,cardinal,270,0,90,640,640,8,batch_0008,540,datasets/df_2024_proportional/batch_0008/images/4bcc26fea2144425adda56e3e1f663fee6f085fd.jpg,https://raw.githubusercontent.com/GUIA-DD/dataset-streetview/refs/heads/main/datasets/df_2024_proportional/batch_0008/images/4bcc26fea2144425adda56e3e1f663fee6f085fd.jpg,True,downloaded,
88d804220aebb4ba530cc7c5e45ebb5ec68d4845,b8ecd6620f87c9a5f618b13de3b16ce413b5113f,-16.010559100861443,-48.0469630823146,-16.01051507080946,-48.04700061688889,2025-05,2025,hW0XLHcyqjdxQ-BrCySHAA,182.03628284854895,© Google,OK,4_0,173886.53433945877,8227503.339875506,f7d41a71525bca59180e12ff553658e6310564e3,cardinal,4,0,0_deg_north,cardinal,0,0,90,640,640,8,batch_0008,541,datasets/df_2024_proportional/batch_0008/images/f7d41a71525bca59180e12ff553658e6310564e3.jpg,https://raw.githubusercontent.com/GUIA-DD/dataset-streetview/refs/heads/main/datasets/df_2024_proportional/batch_0008/images/f7d41a71525bca59180e12ff553658e6310564e3.jpg,True,downloaded,
88d804220aebb4ba530cc7c5e45ebb5ec68d4845,b8ecd6620f87c9a5f618b13de3b16ce413b5113f,-16.010559100861443,-48.0469630823146,-16.01051507080946,-48.04700061688889,2025-05,2025,hW0XLHcyqjdxQ-BrCySHAA,182.03628284854895,© Google,OK,4_0,173886.53433945877,8227503.339875506,1ea3502d2b0cf710b800d437a28a7136193920eb,cardinal,4,1,90_deg_east,cardinal,90,0,90,640,640,8,batch_0008,542,datasets/df_2024_proportional/batch_0008/images/1ea3502d2b0cf710b800d437a28a7136193920eb.jpg,https://raw.githubusercontent.com/GUIA-DD/dataset-streetview/refs/heads/main/datasets/df_2024_proportional/batch_0008/images/1ea3502d2b0cf710b800d437a28a7136193920eb.jpg,True,downloaded,
88d804220aebb4ba530cc7c5e45ebb5ec68d4845,b8ecd6620f87c9a5f618b13de3b16ce413b5113f,-16.010559100861443,-48.0469630823146,-16.01051507080946,-48.04700061688889,2025-05,2025,hW0XLHcyqjdxQ-BrCySHAA,182.03628284854895,© Google,OK,4_0,173886.53433945877,8227503.339875506,808cb3905451359f56adcd2edc21b9983031106e,cardinal,4,2,180_deg_south,cardinal,180,0,90,640,640,8,batch_0008,543,datasets/df_2024_proportional/batch_0008/images/808cb3905451359f56adcd2edc21b9983031106e.jpg,https://raw.githubusercontent.com/GUIA-DD/dataset-streetview/refs/heads/main/datasets/df_2024_proportional/batch_0008/images/808cb3905451359f56adcd2edc21b9983031106e.jpg,True,downloaded,
88d804220aebb4ba530cc7c5e45ebb5ec68d4845,b8ecd6620f87c9a5f618b13de3b16ce413b5113f,-16.010559100861443,-48.0469630823146,-16.01051507080946,-48.04700061688889,2025-05,2025,hW0XLHcyqjdxQ-BrCySHAA,182.03628284854895,© Google,OK,4_0,173886.53433945877,8227503.339875506,34bcd9dee266868ea58a66c544d0fc0503b01457,cardinal,4,3,270_deg_west,cardinal,270,0,90,640,640,8,batch_0008,544,datasets/df_2024_proportional/batch_0008/images/34bcd9dee266868ea58a66c544d0fc0503b01457.jpg,https://raw.githubusercontent.com/GUIA-DD/dataset-streetview/refs/heads/main/datasets/df_2024_proportional/batch_0008/images/34bcd9dee266868ea58a66c544d0fc0503b01457.jpg,True,downloaded,
89ffc03975d3a3c4449fd356c685f2f311584da9,658292aa21790136104f00c91e5bb8e40fbc54d1,-15.669059251558014,-47.747272803670725,-15.66906870438313,-47.74725641051191,2025-07,2025,If4rusabbXJxN8Gvb8lMCA,308.5362015367594,© Google,OK,11_8,205488.98215844206,8265762.856284492,cdcc069fc565081ab9a6dffb613dda35c1a0eadd,cardinal,4,0,0_deg_north,cardinal,0,0,90,640,640,8,batch_0008,545,datasets/df_2024_proportional/batch_0008/images/cdcc069fc565081ab9a6dffb613dda35c1a0eadd.jpg,https://raw.githubusercontent.com/GUIA-DD/dataset-streetview/refs/heads/main/datasets/df_2024_proportional/batch_0008/images/cdcc069fc565081ab9a6dffb613dda35c1a0eadd.jpg,True,downloaded,
89ffc03975d3a3c4449fd356c685f2f311584da9,658292aa21790136104f00c91e5bb8e40fbc54d1,-15.669059251558014,-47.747272803670725,-15.66906870438313,-47.74725641051191,2025-07,2025,If4rusabbXJxN8Gvb8lMCA,308.5362015367594,© Google,OK,11_8,205488.98215844206,8265762.856284492,6ed8fb4a5093fd112fd0c205fad1f260d240a18d,cardinal,4,1,90_deg_east,cardinal,90,0,90,640,640,8,batch_0008,546,datasets/df_2024_proportional/batch_0008/images/6ed8fb4a5093fd112fd0c205fad1f260d240a18d.jpg,https://raw.githubusercontent.com/GUIA-DD/dataset-streetview/refs/heads/main/datasets/df_2024_proportional/batch_0008/images/6ed8fb4a5093fd112fd0c205fad1f260d240a18d.jpg,True,downloaded,
89ffc03975d3a3c4449fd356c685f2f311584da9,658292aa21790136104f00c91e5bb8e40fbc54d1,-15.669059251558014,-47.747272803670725,-15.66906870438313,-47.74725641051191,2025-07,2025,If4rusabbXJxN8Gvb8lMCA,308.5362015367594,© Google,OK,11_8,205488.98215844206,8265762.856284492,5f1e46c20be799be3aca0a478d8ee6a87c32a10f,cardinal,4,2,180_deg_south,cardinal,180,0,90,640,640,8,batch_0008,547,datasets/df_2024_proportional/batch_0008/images/5f1e46c20be799be3aca0a478d8ee6a87c32a10f.jpg,https://raw.githubusercontent.com/GUIA-DD/dataset-streetview/refs/heads/main/datasets/df_2024_proportional/batch_0008/images/5f1e46c20be799be3aca0a478d8ee6a87c32a10f.jpg,True,downloaded,
89ffc03975d3a3c4449fd356c685f2f311584da9,658292aa21790136104f00c91e5bb8e40fbc54d1,-15.669059251558014,-47.747272803670725,-15.66906870438313,-47.74725641051191,2025-07,2025,If4rusabbXJxN8Gvb8lMCA,308.5362015367594,© Google,OK,11_8,205488.98215844206,8265762.856284492,b4f452d20da7f4da7c3b117e78af18601817ba19,cardinal,4,3,270_deg_west,cardinal,270,0,90,640,640,8,batch_0008,548,datasets/df_2024_proportional/batch_0008/images/b4f452d20da7f4da7c3b117e78af18601817ba19.jpg,https://raw.githubusercontent.com/GUIA-DD/dataset-streetview/refs/heads/main/datasets/df_2024_proportional/batch_0008/images/b4f452d20da7f4da7c3b117e78af18601817ba19.jpg,True,downloaded,
8a74c1f9b8ccccc8ba4f7b6d3ac499fb9246a286,d0d33abc714e3d1381a1e7accc192881eaf7458c,-16.015270650146082,-48.01175929966342,-16.01527956659292,-48.01175209135387,2025-01,2025,lPGTEed_dOcduC-4UnOYXA,210.19395385299794,© Google,OK,5_0,177664.9150459018,8227036.600558372,4ae55ac88bdd1bfcb838264869bf7a4e03a4fd36,cardinal,4,0,0_deg_north,cardinal,0,0,90,640,640,8,batch_0008,549,datasets/df_2024_proportional/batch_0008/images/4ae55ac88bdd1bfcb838264869bf7a4e03a4fd36.jpg,https://raw.githubusercontent.com/GUIA-DD/dataset-streetview/refs/heads/main/datasets/df_2024_proportional/batch_0008/images/4ae55ac88bdd1bfcb838264869bf7a4e03a4fd36.jpg,True,downloaded,
8a74c1f9b8ccccc8ba4f7b6d3ac499fb9246a286,d0d33abc714e3d1381a1e7accc192881eaf7458c,-16.015270650146082,-48.01175929966342,-16.01527956659292,-48.01175209135387,2025-01,2025,lPGTEed_dOcduC-4UnOYXA,210.19395385299794,© Google,OK,5_0,177664.9150459018,8227036.600558372,56d1b4cf62c6b163bcb66dd23b729690826bc1d5,cardinal,4,1,90_deg_east,cardinal,90,0,90,640,640,8,batch_0008,550,datasets/df_2024_proportional/batch_0008/images/56d1b4cf62c6b163bcb66dd23b729690826bc1d5.jpg,https://raw.githubusercontent.com/GUIA-DD/dataset-streetview/refs/heads/main/datasets/df_2024_proportional/batch_0008/images/56d1b4cf62c6b163bcb66dd23b729690826bc1d5.jpg,True,downloaded,
8a74c1f9b8ccccc8ba4f7b6d3ac499fb9246a286,d0d33abc714e3d1381a1e7accc192881eaf7458c,-16.015270650146082,-48.01175929966342,-16.01527956659292,-48.01175209135387,2025-01,2025,lPGTEed_dOcduC-4UnOYXA,210.19395385299794,© Google,OK,5_0,177664.9150459018,8227036.600558372,64b1734325864a903aba211b72f5421b121f7dec,cardinal,4,2,180_deg_south,cardinal,180,0,90,640,640,8,batch_0008,551,datasets/df_2024_proportional/batch_0008/images/64b1734325864a903aba211b72f5421b121f7dec.jpg,https://raw.githubusercontent.com/GUIA-DD/dataset-streetview/refs/heads/main/datasets/df_2024_proportional/batch_0008/images/64b1734325864a903aba211b72f5421b121f7dec.jpg,True,downloaded,
8a74c1f9b8ccccc8ba4f7b6d3ac499fb9246a286,d0d33abc714e3d1381a1e7accc192881eaf7458c,-16.015270650146082,-48.01175929966342,-16.01527956659292,-48.01175209135387,2025-01,2025,lPGTEed_dOcduC-4UnOYXA,210.19395385299794,© Google,OK,5_0,177664.9150459018,8227036.600558372,7513234ef9417d8c3ae99a96206ff23de9fd82b5,cardinal,4,3,270_deg_west,cardinal,270,0,90,640,640,8,batch_0008,552,datasets/df_2024_proportional/batch_0008/images/7513234ef9417d8c3ae99a96206ff23de9fd82b5.jpg,https://raw.githubusercontent.com/GUIA-DD/dataset-streetview/refs/heads/main/datasets/df_2024_proportional/batch_0008/images/7513234ef9417d8c3ae99a96206ff23de9fd82b5.jpg,True,downloaded,
8beac2bbc5d6f190055050fa3e359b0d1c3312c2,4bf9adf537da4a85cde45419cfa25b63f91521e4,-15.64172855070481,-47.626914650029065,-15.64171781060118,-47.62687710696753,2024-08,2024,JrAG2fJgnVdjBdcgbe030w,85.93758789477526,© Google,OK,13_9,218362.01734769085,8268952.316782538,85131cfe3add7849cdaa3db2e1c0b890306bb4ae,cardinal,4,0,0_deg_north,cardinal,0,0,90,640,640,8,batch_0008,553,datasets/df_2024_proportional/batch_0008/images/85131cfe3add7849cdaa3db2e1c0b890306bb4ae.jpg,https://raw.githubusercontent.com/GUIA-DD/dataset-streetview/refs/heads/main/datasets/df_2024_proportional/batch_0008/images/85131cfe3add7849cdaa3db2e1c0b890306bb4ae.jpg,True,downloaded,
8beac2bbc5d6f190055050fa3e359b0d1c3312c2,4bf9adf537da4a85cde45419cfa25b63f91521e4,-15.64172855070481,-47.626914650029065,-15.64171781060118,-47.62687710696753,2024-08,2024,JrAG2fJgnVdjBdcgbe030w,85.93758789477526,© Google,OK,13_9,218362.01734769085,8268952.316782538,d129625390d2da24086b9669978ed9fb8cd1df13,cardinal,4,1,90_deg_east,cardinal,90,0,90,640,640,8,batch_0008,554,datasets/df_2024_proportional/batch_0008/images/d129625390d2da24086b9669978ed9fb8cd1df13.jpg,https://raw.githubusercontent.com/GUIA-DD/dataset-streetview/refs/heads/main/datasets/df_2024_proportional/batch_0008/images/d129625390d2da24086b9669978ed9fb8cd1df13.jpg,True,downloaded,
8beac2bbc5d6f190055050fa3e359b0d1c3312c2,4bf9adf537da4a85cde45419cfa25b63f91521e4,-15.64172855070481,-47.626914650029065,-15.64171781060118,-47.62687710696753,2024-08,2024,JrAG2fJgnVdjBdcgbe030w,85.93758789477526,© Google,OK,13_9,218362.01734769085,8268952.316782538,8c4564fff3f7a91f211de61c300082d99a3ff69d,cardinal,4,2,180_deg_south,cardinal,180,0,90,640,640,8,batch_0008,555,datasets/df_2024_proportional/batch_0008/images/8c4564fff3f7a91f211de61c300082d99a3ff69d.jpg,https://raw.githubusercontent.com/GUIA-DD/dataset-streetview/refs/heads/main/datasets/df_2024_proportional/batch_0008/images/8c4564fff3f7a91f211de61c300082d99a3ff69d.jpg,True,downloaded,
8beac2bbc5d6f190055050fa3e359b0d1c3312c2,4bf9adf537da4a85cde45419cfa25b63f91521e4,-15.64172855070481,-47.626914650029065,-15.64171781060118,-47.62687710696753,2024-08,2024,JrAG2fJgnVdjBdcgbe030w,85.93758789477526,© Google,OK,13_9,218362.01734769085,8268952.316782538,e1f46c0f1f62e774950470b6c471bf64a9493361,cardinal,4,3,270_deg_west,cardinal,270,0,90,640,640,8,batch_0008,556,datasets/df_2024_proportional/batch_0008/images/e1f46c0f1f62e774950470b6c471bf64a9493361.jpg,https://raw.githubusercontent.com/GUIA-DD/dataset-streetview/refs/heads/main/datasets/df_2024_proportional/batch_0008/images/e1f46c0f1f62e774950470b6c471bf64a9493361.jpg,True,downloaded,
8d6c7592d3c254717a1b4ff22f43241a30a96e5d,0f9551ab63b2054b2d47cf7be1fc4fa61e279430,-15.636198150001801,-47.64580169997833,-15.63615501021192,-47.64580436484091,2024-08,2024,GQBx1cOAZJ6pmQ1IZnS-eQ,357.92640681029025,© Google,OK,13_9,216328.2282244999,8269539.445268378,2300995e631d264076d6d4a2c47ca06bda963b7d,cardinal,4,0,0_deg_north,cardinal,0,0,90,640,640,8,batch_0008,557,datasets/df_2024_proportional/batch_0008/images/2300995e631d264076d6d4a2c47ca06bda963b7d.jpg,https://raw.githubusercontent.com/GUIA-DD/dataset-streetview/refs/heads/main/datasets/df_2024_proportional/batch_0008/images/2300995e631d264076d6d4a2c47ca06bda963b7d.jpg,True,downloaded,
8d6c7592d3c254717a1b4ff22f43241a30a96e5d,0f9551ab63b2054b2d47cf7be1fc4fa61e279430,-15.636198150001801,-47.64580169997833,-15.63615501021192,-47.64580436484091,2024-08,2024,GQBx1cOAZJ6pmQ1IZnS-eQ,357.92640681029025,© Google,OK,13_9,216328.2282244999,8269539.445268378,e0f77ee80e7d059dde22179721f018185dac20a2,cardinal,4,1,90_deg_east,cardinal,90,0,90,640,640,8,batch_0008,558,datasets/df_2024_proportional/batch_0008/images/e0f77ee80e7d059dde22179721f018185dac20a2.jpg,https://raw.githubusercontent.com/GUIA-DD/dataset-streetview/refs/heads/main/datasets/df_2024_proportional/batch_0008/images/e0f77ee80e7d059dde22179721f018185dac20a2.jpg,True,downloaded,
8d6c7592d3c254717a1b4ff22f43241a30a96e5d,0f9551ab63b2054b2d47cf7be1fc4fa61e279430,-15.636198150001801,-47.64580169997833,-15.63615501021192,-47.64580436484091,2024-08,2024,GQBx1cOAZJ6pmQ1IZnS-eQ,357.92640681029025,© Google,OK,13_9,216328.2282244999,8269539.445268378,1689f455f4fb83de62f1311a9b8f4f70f1826419,cardinal,4,2,180_deg_south,cardinal,180,0,90,640,640,8,batch_0008,559,datasets/df_2024_proportional/batch_0008/images/1689f455f4fb83de62f1311a9b8f4f70f1826419.jpg,https://raw.githubusercontent.com/GUIA-DD/dataset-streetview/refs/heads/main/datasets/df_2024_proportional/batch_0008/images/1689f455f4fb83de62f1311a9b8f4f70f1826419.jpg,True,downloaded,
8d6c7592d3c254717a1b4ff22f43241a30a96e5d,0f9551ab63b2054b2d47cf7be1fc4fa61e279430,-15.636198150001801,-47.64580169997833,-15.63615501021192,-47.64580436484091,2024-08,2024,GQBx1cOAZJ6pmQ1IZnS-eQ,357.92640681029025,© Google,OK,13_9,216328.2282244999,8269539.445268378,1b54cd30541ecb07a48ee0aa893ed6eaeebb876c,cardinal,4,3,270_deg_west,cardinal,270,0,90,640,640,8,batch_0008,560,datasets/df_2024_proportional/batch_0008/images/1b54cd30541ecb07a48ee0aa893ed6eaeebb876c.jpg,https://raw.githubusercontent.com/GUIA-DD/dataset-streetview/refs/heads/main/datasets/df_2024_proportional/batch_0008/images/1b54cd30541ecb07a48ee0aa893ed6eaeebb876c.jpg,True,downloaded,
8d998b242c8c1969fed1beb6a276a5723f9b4a26,fd0517b087c77cf449e545cff0ec9449625c3bff,-15.900520150190049,-47.76409704972415,-15.90047870746043,-47.76406695957328,2024-07,2024,RvoPa1hTvYmsPC59plVfUQ,226.0772282154472,© Google,OK,11_3,204020.7883225295,8240111.414890807,1f0dc8b3199249b0655fd94b6c23ed9ff6ea909d,cardinal,4,0,0_deg_north,cardinal,0,0,90,640,640,8,batch_0008,561,datasets/df_2024_proportional/batch_0008/images/1f0dc8b3199249b0655fd94b6c23ed9ff6ea909d.jpg,https://raw.githubusercontent.com/GUIA-DD/dataset-streetview/refs/heads/main/datasets/df_2024_proportional/batch_0008/images/1f0dc8b3199249b0655fd94b6c23ed9ff6ea909d.jpg,True,downloaded,
8d998b242c8c1969fed1beb6a276a5723f9b4a26,fd0517b087c77cf449e545cff0ec9449625c3bff,-15.900520150190049,-47.76409704972415,-15.90047870746043,-47.76406695957328,2024-07,2024,RvoPa1hTvYmsPC59plVfUQ,226.0772282154472,© Google,OK,11_3,204020.7883225295,8240111.414890807,f327c0db6212a6321951c0ed27db1b2e9012d7e0,cardinal,4,1,90_deg_east,cardinal,90,0,90,640,640,8,batch_0008,562,datasets/df_2024_proportional/batch_0008/images/f327c0db6212a6321951c0ed27db1b2e9012d7e0.jpg,https://raw.githubusercontent.com/GUIA-DD/dataset-streetview/refs/heads/main/datasets/df_2024_proportional/batch_0008/images/f327c0db6212a6321951c0ed27db1b2e9012d7e0.jpg,True,downloaded,
8d998b242c8c1969fed1beb6a276a5723f9b4a26,fd0517b087c77cf449e545cff0ec9449625c3bff,-15.900520150190049,-47.76409704972415,-15.90047870746043,-47.76406695957328,2024-07,2024,RvoPa1hTvYmsPC59plVfUQ,226.0772282154472,© Google,OK,11_3,204020.7883225295,8240111.414890807,0dca33cf5ed7cfcea5835629f4a5a7a9b79c311e,cardinal,4,2,180_deg_south,cardinal,180,0,90,640,640,8,batch_0008,563,datasets/df_2024_proportional/batch_0008/images/0dca33cf5ed7cfcea5835629f4a5a7a9b79c311e.jpg,https://raw.githubusercontent.com/GUIA-DD/dataset-streetview/refs/heads/main/datasets/df_2024_proportional/batch_0008/images/0dca33cf5ed7cfcea5835629f4a5a7a9b79c311e.jpg,True,downloaded,
8d998b242c8c1969fed1beb6a276a5723f9b4a26,fd0517b087c77cf449e545cff0ec9449625c3bff,-15.900520150190049,-47.76409704972415,-15.90047870746043,-47.76406695957328,2024-07,2024,RvoPa1hTvYmsPC59plVfUQ,226.0772282154472,© Google,OK,11_3,204020.7883225295,8240111.414890807,aaaaa6092ae197d6a3c767347b86fe4a50b144c2,cardinal,4,3,270_deg_west,cardinal,270,0,90,640,640,8,batch_0008,564,datasets/df_2024_proportional/batch_0008/images/aaaaa6092ae197d6a3c767347b86fe4a50b144c2.jpg,https://raw.githubusercontent.com/GUIA-DD/dataset-streetview/refs/heads/main/datasets/df_2024_proportional/batch_0008/images/aaaaa6092ae197d6a3c767347b86fe4a50b144c2.jpg,True,downloaded,
8e439df2a72beb407554b440583dc6e924392bac,73468ec96da120a801ef1a457b394fff18b284e2,-15.878813649992964,-48.00567540002066,-15.87883270549611,-48.00567215948271,2024-06,2024,-_uJ7QBSinbxEeto0Hekng,173.3409603804763,© Google,OK,5_3,178098.54784555032,8242157.8563824855,b91ac818db59af2d4a8624599ddc03a6320fd172,cardinal,4,0,0_deg_north,cardinal,0,0,90,640,640,8,batch_0008,565,datasets/df_2024_proportional/batch_0008/images/b91ac818db59af2d4a8624599ddc03a6320fd172.jpg,https://raw.githubusercontent.com/GUIA-DD/dataset-streetview/refs/heads/main/datasets/df_2024_proportional/batch_0008/images/b91ac818db59af2d4a8624599ddc03a6320fd172.jpg,True,downloaded,
8e439df2a72beb407554b440583dc6e924392bac,73468ec96da120a801ef1a457b394fff18b284e2,-15.878813649992964,-48.00567540002066,-15.87883270549611,-48.00567215948271,2024-06,2024,-_uJ7QBSinbxEeto0Hekng,173.3409603804763,© Google,OK,5_3,178098.54784555032,8242157.8563824855,ca1f041e659dfe54bc8fc75ff9fb084160bd76e3,cardinal,4,1,90_deg_east,cardinal,90,0,90,640,640,8,batch_0008,566,datasets/df_2024_proportional/batch_0008/images/ca1f041e659dfe54bc8fc75ff9fb084160bd76e3.jpg,https://raw.githubusercontent.com/GUIA-DD/dataset-streetview/refs/heads/main/datasets/df_2024_proportional/batch_0008/images/ca1f041e659dfe54bc8fc75ff9fb084160bd76e3.jpg,True,downloaded,
8e439df2a72beb407554b440583dc6e924392bac,73468ec96da120a801ef1a457b394fff18b284e2,-15.878813649992964,-48.00567540002066,-15.87883270549611,-48.00567215948271,2024-06,2024,-_uJ7QBSinbxEeto0Hekng,173.3409603804763,© Google,OK,5_3,178098.54784555032,8242157.8563824855,adc4524f6aeb9674ca4ac22173c87b44d2185f77,cardinal,4,2,180_deg_south,cardinal,180,0,90,640,640,8,batch_0008,567,datasets/df_2024_proportional/batch_0008/images/adc4524f6aeb9674ca4ac22173c87b44d2185f77.jpg,https://raw.githubusercontent.com/GUIA-DD/dataset-streetview/refs/heads/main/datasets/df_2024_proportional/batch_0008/images/adc4524f6aeb9674ca4ac22173c87b44d2185f77.jpg,True,downloaded,
8e439df2a72beb407554b440583dc6e924392bac,73468ec96da120a801ef1a457b394fff18b284e2,-15.878813649992964,-48.00567540002066,-15.87883270549611,-48.00567215948271,2024-06,2024,-_uJ7QBSinbxEeto0Hekng,173.3409603804763,© Google,OK,5_3,178098.54784555032,8242157.8563824855,00e2013e9e3fb80c260846ce251fa9a613e61fae,cardinal,4,3,270_deg_west,cardinal,270,0,90,640,640,8,batch_0008,568,datasets/df_2024_proportional/batch_0008/images/00e2013e9e3fb80c260846ce251fa9a613e61fae.jpg,https://raw.githubusercontent.com/GUIA-DD/dataset-streetview/refs/heads/main/datasets/df_2024_proportional/batch_0008/images/00e2013e9e3fb80c260846ce251fa9a613e61fae.jpg,True,downloaded,
912283b0ca172f2fb67a8b87806de6b36f47f65d,5874febaacef6efa9f16f20de5edd0446cd952a7,-15.883864100004091,-47.81546049998365,-15.88386787074735,-47.81546900279118,2025-01,2025,BYwkMDXOmHEEWk_PxhmCmQ,194.36317706034163,© Google,OK,9_3,198492.2039935113,8241882.223312143,458f3e1c867a37ac547780d8e594c11675334bbe,cardinal,4,0,0_deg_north,cardinal,0,0,90,640,640,8,batch_0008,569,datasets/df_2024_proportional/batch_0008/images/458f3e1c867a37ac547780d8e594c11675334bbe.jpg,https://raw.githubusercontent.com/GUIA-DD/dataset-streetview/refs/heads/main/datasets/df_2024_proportional/batch_0008/images/458f3e1c867a37ac547780d8e594c11675334bbe.jpg,True,downloaded,
912283b0ca172f2fb67a8b87806de6b36f47f65d,5874febaacef6efa9f16f20de5edd0446cd952a7,-15.883864100004091,-47.81546049998365,-15.88386787074735,-47.81546900279118,2025-01,2025,BYwkMDXOmHEEWk_PxhmCmQ,194.36317706034163,© Google,OK,9_3,198492.2039935113,8241882.223312143,a02829e280d5a71fb6fef9741cd0500dbe188727,cardinal,4,1,90_deg_east,cardinal,90,0,90,640,640,8,batch_0008,570,datasets/df_2024_proportional/batch_0008/images/a02829e280d5a71fb6fef9741cd0500dbe188727.jpg,https://raw.githubusercontent.com/GUIA-DD/dataset-streetview/refs/heads/main/datasets/df_2024_proportional/batch_0008/images/a02829e280d5a71fb6fef9741cd0500dbe188727.jpg,True,downloaded,
912283b0ca172f2fb67a8b87806de6b36f47f65d,5874febaacef6efa9f16f20de5edd0446cd952a7,-15.883864100004091,-47.81546049998365,-15.88386787074735,-47.81546900279118,2025-01,2025,BYwkMDXOmHEEWk_PxhmCmQ,194.36317706034163,© Google,OK,9_3,198492.2039935113,8241882.223312143,8de659b0f15376f709700eceba1ce26ef57570c8,cardinal,4,2,180_deg_south,cardinal,180,0,90,640,640,8,batch_0008,571,datasets/df_2024_proportional/batch_0008/images/8de659b0f15376f709700eceba1ce26ef57570c8.jpg,https://raw.githubusercontent.com/GUIA-DD/dataset-streetview/refs/heads/main/datasets/df_2024_proportional/batch_0008/images/8de659b0f15376f709700eceba1ce26ef57570c8.jpg,True,downloaded,
912283b0ca172f2fb67a8b87806de6b36f47f65d,5874febaacef6efa9f16f20de5edd0446cd952a7,-15.883864100004091,-47.81546049998365,-15.88386787074735,-47.81546900279118,2025-01,2025,BYwkMDXOmHEEWk_PxhmCmQ,194.36317706034163,© Google,OK,9_3,198492.2039935113,8241882.223312143,d260927baa07fc97791f640f2da0bbf8b20fa2a0,cardinal,4,3,270_deg_west,cardinal,270,0,90,640,640,8,batch_0008,572,datasets/df_2024_proportional/batch_0008/images/d260927baa07fc97791f640f2da0bbf8b20fa2a0.jpg,https://raw.githubusercontent.com/GUIA-DD/dataset-streetview/refs/heads/main/datasets/df_2024_proportional/batch_0008/images/d260927baa07fc97791f640f2da0bbf8b20fa2a0.jpg,True,downloaded,
93a426048296a833a78d1cb5bbaaab9e5625492f,f93897182193589e468031dceea822b7d700a91b,-15.662713250043941,-48.194343100017456,-15.6627345361802,-48.19437191422121,2024-08,2024,QfGsASmR_F2fulL-a2V77w,274.3023544604762,© Google,OK,1_8,157512.1672827759,8265793.405126691,7fac60ad3ab6af3455c8d4d7cb1d620a2df70ba1,cardinal,4,0,0_deg_north,cardinal,0,0,90,640,640,8,batch_0008,573,datasets/df_2024_proportional/batch_0008/images/7fac60ad3ab6af3455c8d4d7cb1d620a2df70ba1.jpg,https://raw.githubusercontent.com/GUIA-DD/dataset-streetview/refs/heads/main/datasets/df_2024_proportional/batch_0008/images/7fac60ad3ab6af3455c8d4d7cb1d620a2df70ba1.jpg,True,downloaded,
93a426048296a833a78d1cb5bbaaab9e5625492f,f93897182193589e468031dceea822b7d700a91b,-15.662713250043941,-48.194343100017456,-15.6627345361802,-48.19437191422121,2024-08,2024,QfGsASmR_F2fulL-a2V77w,274.3023544604762,© Google,OK,1_8,157512.1672827759,8265793.405126691,50fd29c006f1f07654f3ccf2ef73cd7625c81630,cardinal,4,1,90_deg_east,cardinal,90,0,90,640,640,8,batch_0008,574,datasets/df_2024_proportional/batch_0008/images/50fd29c006f1f07654f3ccf2ef73cd7625c81630.jpg,https://raw.githubusercontent.com/GUIA-DD/dataset-streetview/refs/heads/main/datasets/df_2024_proportional/batch_0008/images/50fd29c006f1f07654f3ccf2ef73cd7625c81630.jpg,True,downloaded,
93a426048296a833a78d1cb5bbaaab9e5625492f,f93897182193589e468031dceea822b7d700a91b,-15.662713250043941,-48.194343100017456,-15.6627345361802,-48.19437191422121,2024-08,2024,QfGsASmR_F2fulL-a2V77w,274.3023544604762,© Google,OK,1_8,157512.1672827759,8265793.405126691,2a67a6acb042eaa4e76d0eabf66acb3ff691b92c,cardinal,4,2,180_deg_south,cardinal,180,0,90,640,640,8,batch_0008,575,datasets/df_2024_proportional/batch_0008/images/2a67a6acb042eaa4e76d0eabf66acb3ff691b92c.jpg,https://raw.githubusercontent.com/GUIA-DD/dataset-streetview/refs/heads/main/datasets/df_2024_proportional/batch_0008/images/2a67a6acb042eaa4e76d0eabf66acb3ff691b92c.jpg,True,downloaded,
93a426048296a833a78d1cb5bbaaab9e5625492f,f93897182193589e468031dceea822b7d700a91b,-15.662713250043941,-48.194343100017456,-15.6627345361802,-48.19437191422121,2024-08,2024,QfGsASmR_F2fulL-a2V77w,274.3023544604762,© Google,OK,1_8,157512.1672827759,8265793.405126691,9b5db920bda116f3748dc994148b0adfaff770c4,cardinal,4,3,270_deg_west,cardinal,270,0,90,640,640,8,batch_0008,576,datasets/df_2024_proportional/batch_0008/images/9b5db920bda116f3748dc994148b0adfaff770c4.jpg,https://raw.githubusercontent.com/GUIA-DD/dataset-streetview/refs/heads/main/datasets/df_2024_proportional/batch_0008/images/9b5db920bda116f3748dc994148b0adfaff770c4.jpg,True,downloaded,
93a6c511174af96a96fc981209a73dff90a11c9c,5d650f6cf6b131faa6e1e77db4e313c064d1a516,-15.954302345866468,-48.00829375021121,-15.95429820800838,-48.00832089807356,2025-05,2025,Bvy5cntoGTY_zXtOgJ4wLw,176.3407511508989,© Google,OK,5_2,177938.39237300388,8233793.895930495,76a2a4cbe1d8c91b1e8df2d4b6a648c45ad77bb9,cardinal,4,0,0_deg_north,cardinal,0,0,90,640,640,8,batch_0008,577,datasets/df_2024_proportional/batch_0008/images/76a2a4cbe1d8c91b1e8df2d4b6a648c45ad77bb9.jpg,https://raw.githubusercontent.com/GUIA-DD/dataset-streetview/refs/heads/main/datasets/df_2024_proportional/batch_0008/images/76a2a4cbe1d8c91b1e8df2d4b6a648c45ad77bb9.jpg,True,downloaded,
93a6c511174af96a96fc981209a73dff90a11c9c,5d650f6cf6b131faa6e1e77db4e313c064d1a516,-15.954302345866468,-48.00829375021121,-15.95429820800838,-48.00832089807356,2025-05,2025,Bvy5cntoGTY_zXtOgJ4wLw,176.3407511508989,© Google,OK,5_2,177938.39237300388,8233793.895930495,eaf88046e6b9d6031a15956717c717ee79554cd1,cardinal,4,1,90_deg_east,cardinal,90,0,90,640,640,8,batch_0008,578,datasets/df_2024_proportional/batch_0008/images/eaf88046e6b9d6031a15956717c717ee79554cd1.jpg,https://raw.githubusercontent.com/GUIA-DD/dataset-streetview/refs/heads/main/datasets/df_2024_proportional/batch_0008/images/eaf88046e6b9d6031a15956717c717ee79554cd1.jpg,True,downloaded,
93a6c511174af96a96fc981209a73dff90a11c9c,5d650f6cf6b131faa6e1e77db4e313c064d1a516,-15.954302345866468,-48.00829375021121,-15.95429820800838,-48.00832089807356,2025-05,2025,Bvy5cntoGTY_zXtOgJ4wLw,176.3407511508989,© Google,OK,5_2,177938.39237300388,8233793.895930495,586b143cb2c552bbeee3449ffd98c300f335916a,cardinal,4,2,180_deg_south,cardinal,180,0,90,640,640,8,batch_0008,579,datasets/df_2024_proportional/batch_0008/images/586b143cb2c552bbeee3449ffd98c300f335916a.jpg,https://raw.githubusercontent.com/GUIA-DD/dataset-streetview/refs/heads/main/datasets/df_2024_proportional/batch_0008/images/586b143cb2c552bbeee3449ffd98c300f335916a.jpg,True,downloaded,
93a6c511174af96a96fc981209a73dff90a11c9c,5d650f6cf6b131faa6e1e77db4e313c064d1a516,-15.954302345866468,-48.00829375021121,-15.95429820800838,-48.00832089807356,2025-05,2025,Bvy5cntoGTY_zXtOgJ4wLw,176.3407511508989,© Google,OK,5_2,177938.39237300388,8233793.895930495,98efa8edb9f3cf30acda65a48f4ada7828b7ccc6,cardinal,4,3,270_deg_west,cardinal,270,0,90,640,640,8,batch_0008,580,datasets/df_2024_proportional/batch_0008/images/98efa8edb9f3cf30acda65a48f4ada7828b7ccc6.jpg,https://raw.githubusercontent.com/GUIA-DD/dataset-streetview/refs/heads/main/datasets/df_2024_proportional/batch_0008/images/98efa8edb9f3cf30acda65a48f4ada7828b7ccc6.jpg,True,downloaded,
943af4cc2b7613fc9a9f03ff476baa792f7fa4f9,39e82afa7a9cc4770ed6d9223d5b799c34171c08,-15.842118000002323,-48.01392255001054,-15.84207319928159,-48.01398200812698,2024-10,2024,CqTKbs2RIk24BrVjOvkNgA,321.57228584311736,© Google,OK,5_4,177156.12170803314,8246208.968897971,d37d790f4d36195f09d7a2835d4998b1e5852e5b,cardinal,4,0,0_deg_north,cardinal,0,0,90,640,640,8,batch_0008,581,datasets/df_2024_proportional/batch_0008/images/d37d790f4d36195f09d7a2835d4998b1e5852e5b.jpg,https://raw.githubusercontent.com/GUIA-DD/dataset-streetview/refs/heads/main/datasets/df_2024_proportional/batch_0008/images/d37d790f4d36195f09d7a2835d4998b1e5852e5b.jpg,True,downloaded,
943af4cc2b7613fc9a9f03ff476baa792f7fa4f9,39e82afa7a9cc4770ed6d9223d5b799c34171c08,-15.842118000002323,-48.01392255001054,-15.84207319928159,-48.01398200812698,2024-10,2024,CqTKbs2RIk24BrVjOvkNgA,321.57228584311736,© Google,OK,5_4,177156.12170803314,8246208.968897971,522593b297dbabd4b2abe9662695fec620852807,cardinal,4,1,90_deg_east,cardinal,90,0,90,640,640,8,batch_0008,582,datasets/df_2024_proportional/batch_0008/images/522593b297dbabd4b2abe9662695fec620852807.jpg,https://raw.githubusercontent.com/GUIA-DD/dataset-streetview/refs/heads/main/datasets/df_2024_proportional/batch_0008/images/522593b297dbabd4b2abe9662695fec620852807.jpg,True,downloaded,
943af4cc2b7613fc9a9f03ff476baa792f7fa4f9,39e82afa7a9cc4770ed6d9223d5b799c34171c08,-15.842118000002323,-48.01392255001054,-15.84207319928159,-48.01398200812698,2024-10,2024,CqTKbs2RIk24BrVjOvkNgA,321.57228584311736,© Google,OK,5_4,177156.12170803314,8246208.968897971,d2db190a6f77e4ba99f62cd75d23ff2efab7147a,cardinal,4,2,180_deg_south,cardinal,180,0,90,640,640,8,batch_0008,583,datasets/df_2024_proportional/batch_0008/images/d2db190a6f77e4ba99f62cd75d23ff2efab7147a.jpg,https://raw.githubusercontent.com/GUIA-DD/dataset-streetview/refs/heads/main/datasets/df_2024_proportional/batch_0008/images/d2db190a6f77e4ba99f62cd75d23ff2efab7147a.jpg,True,downloaded,
943af4cc2b7613fc9a9f03ff476baa792f7fa4f9,39e82afa7a9cc4770ed6d9223d5b799c34171c08,-15.842118000002323,-48.01392255001054,-15.84207319928159,-48.01398200812698,2024-10,2024,CqTKbs2RIk24BrVjOvkNgA,321.57228584311736,© Google,OK,5_4,177156.12170803314,8246208.968897971,d3c442b8d8a09cd0cf3f92f11320bf2846ae61bc,cardinal,4,3,270_deg_west,cardinal,270,0,90,640,640,8,batch_0008,584,datasets/df_2024_proportional/batch_0008/images/d3c442b8d8a09cd0cf3f92f11320bf2846ae61bc.jpg,https://raw.githubusercontent.com/GUIA-DD/dataset-streetview/refs/heads/main/datasets/df_2024_proportional/batch_0008/images/d3c442b8d8a09cd0cf3f92f11320bf2846ae61bc.jpg,True,downloaded,
94af382f9909db12f93043ea17f8d86cf8b9fa66,31167cc8cbba40885c5b1db1d969310b66f7823e,-15.85425759059616,-48.16517569765233,-15.85426382022231,-48.16519159886766,2025-05,2025,nXhAVXbWpaPfyQN3Nlf9bw,142.39617309716414,© Google,OK,2_4,160960.77463546832,8244625.482756791,48263894e924eefe42419d68c342e7f843214883,cardinal,4,0,0_deg_north,cardinal,0,0,90,640,640,8,batch_0008,585,datasets/df_2024_proportional/batch_0008/images/48263894e924eefe42419d68c342e7f843214883.jpg,https://raw.githubusercontent.com/GUIA-DD/dataset-streetview/refs/heads/main/datasets/df_2024_proportional/batch_0008/images/48263894e924eefe42419d68c342e7f843214883.jpg,True,downloaded,
94af382f9909db12f93043ea17f8d86cf8b9fa66,31167cc8cbba40885c5b1db1d969310b66f7823e,-15.85425759059616,-48.16517569765233,-15.85426382022231,-48.16519159886766,2025-05,2025,nXhAVXbWpaPfyQN3Nlf9bw,142.39617309716414,© Google,OK,2_4,160960.77463546832,8244625.482756791,ae497ef5ded346c30a1d15281ebb94329a7ca640,cardinal,4,1,90_deg_east,cardinal,90,0,90,640,640,8,batch_0008,586,datasets/df_2024_proportional/batch_0008/images/ae497ef5ded346c30a1d15281ebb94329a7ca640.jpg,https://raw.githubusercontent.com/GUIA-DD/dataset-streetview/refs/heads/main/datasets/df_2024_proportional/batch_0008/images/ae497ef5ded346c30a1d15281ebb94329a7ca640.jpg,True,downloaded,
94af382f9909db12f93043ea17f8d86cf8b9fa66,31167cc8cbba40885c5b1db1d969310b66f7823e,-15.85425759059616,-48.16517569765233,-15.85426382022231,-48.16519159886766,2025-05,2025,nXhAVXbWpaPfyQN3Nlf9bw,142.39617309716414,© Google,OK,2_4,160960.77463546832,8244625.482756791,f751b4cf621ae38fab0384547712bb80698da542,cardinal,4,2,180_deg_south,cardinal,180,0,90,640,640,8,batch_0008,587,datasets/df_2024_proportional/batch_0008/images/f751b4cf621ae38fab0384547712bb80698da542.jpg,https://raw.githubusercontent.com/GUIA-DD/dataset-streetview/refs/heads/main/datasets/df_2024_proportional/batch_0008/images/f751b4cf621ae38fab0384547712bb80698da542.jpg,True,downloaded,
94af382f9909db12f93043ea17f8d86cf8b9fa66,31167cc8cbba40885c5b1db1d969310b66f7823e,-15.85425759059616,-48.16517569765233,-15.85426382022231,-48.16519159886766,2025-05,2025,nXhAVXbWpaPfyQN3Nlf9bw,142.39617309716414,© Google,OK,2_4,160960.77463546832,8244625.482756791,f3b399c126381439dc1fa9d268014472e1da2195,cardinal,4,3,270_deg_west,cardinal,270,0,90,640,640,8,batch_0008,588,datasets/df_2024_proportional/batch_0008/images/f3b399c126381439dc1fa9d268014472e1da2195.jpg,https://raw.githubusercontent.com/GUIA-DD/dataset-streetview/refs/heads/main/datasets/df_2024_proportional/batch_0008/images/f3b399c126381439dc1fa9d268014472e1da2195.jpg,True,downloaded,
960efcacc22e1110eca9f88bac220c81290c0f02,44f7574695713cfcad8a4f9519d19d78c6c20d47,-15.886889800085209,-48.10266589994555,-15.88689757692359,-48.10268890747249,2025-06,2025,6sghecSbx0G-5va4f5Jc6Q,245.6835901485229,© Google,OK,3_3,167715.778626553,8241111.637557473,cf3b91c14210b4a5bc689c41c5c3f2b72eb6b199,cardinal,4,0,0_deg_north,cardinal,0,0,90,640,640,8,batch_0008,589,datasets/df_2024_proportional/batch_0008/images/cf3b91c14210b4a5bc689c41c5c3f2b72eb6b199.jpg,https://raw.githubusercontent.com/GUIA-DD/dataset-streetview/refs/heads/main/datasets/df_2024_proportional/batch_0008/images/cf3b91c14210b4a5bc689c41c5c3f2b72eb6b199.jpg,True,downloaded,
960efcacc22e1110eca9f88bac220c81290c0f02,44f7574695713cfcad8a4f9519d19d78c6c20d47,-15.886889800085209,-48.10266589994555,-15.88689757692359,-48.10268890747249,2025-06,2025,6sghecSbx0G-5va4f5Jc6Q,245.6835901485229,© Google,OK,3_3,167715.778626553,8241111.637557473,653da4dba4b31e0a0057deead643d794fa115cd0,cardinal,4,1,90_deg_east,cardinal,90,0,90,640,640,8,batch_0008,590,datasets/df_2024_proportional/batch_0008/images/653da4dba4b31e0a0057deead643d794fa115cd0.jpg,https://raw.githubusercontent.com/GUIA-DD/dataset-streetview/refs/heads/main/datasets/df_2024_proportional/batch_0008/images/653da4dba4b31e0a0057deead643d794fa115cd0.jpg,True,downloaded,
960efcacc22e1110eca9f88bac220c81290c0f02,44f7574695713cfcad8a4f9519d19d78c6c20d47,-15.886889800085209,-48.10266589994555,-15.88689757692359,-48.10268890747249,2025-06,2025,6sghecSbx0G-5va4f5Jc6Q,245.6835901485229,© Google,OK,3_3,167715.778626553,8241111.637557473,9a6d73190f9939940032f799b4debedabb78c8d6,cardinal,4,2,180_deg_south,cardinal,180,0,90,640,640,8,batch_0008,591,datasets/df_2024_proportional/batch_0008/images/9a6d73190f9939940032f799b4debedabb78c8d6.jpg,https://raw.githubusercontent.com/GUIA-DD/dataset-streetview/refs/heads/main/datasets/df_2024_proportional/batch_0008/images/9a6d73190f9939940032f799b4debedabb78c8d6.jpg,True,downloaded,
960efcacc22e1110eca9f88bac220c81290c0f02,44f7574695713cfcad8a4f9519d19d78c6c20d47,-15.886889800085209,-48.10266589994555,-15.88689757692359,-48.10268890747249,2025-06,2025,6sghecSbx0G-5va4f5Jc6Q,245.6835901485229,© Google,OK,3_3,167715.778626553,8241111.637557473,72cddd9d90d9851bf9c0fb31be96d4c2ded49331,cardinal,4,3,270_deg_west,cardinal,270,0,90,640,640,8,batch_0008,592,datasets/df_2024_proportional/batch_0008/images/72cddd9d90d9851bf9c0fb31be96d4c2ded49331.jpg,https://raw.githubusercontent.com/GUIA-DD/dataset-streetview/refs/heads/main/datasets/df_2024_proportional/batch_0008/images/72cddd9d90d9851bf9c0fb31be96d4c2ded49331.jpg,True,downloaded,
9748f03f3438fd2a4089c6f5548f81b0980eaecb,9141fed163139f4c9970e2e7aed0717d6264252d,-15.854833051858302,-48.119774597969794,-15.85482993778379,-48.11975486352127,2026-01,2026,90ZezaJEo5jQ_pGAoUx_hQ,233.44566360384715,© Google,OK,3_4,165829.03214050786,8244634.752696341,5d8acbbd401de234799a8383295966a1c5f7f689,cardinal,4,0,0_deg_north,cardinal,0,0,90,640,640,8,batch_0008,593,datasets/df_2024_proportional/batch_0008/images/5d8acbbd401de234799a8383295966a1c5f7f689.jpg,https://raw.githubusercontent.com/GUIA-DD/dataset-streetview/refs/heads/main/datasets/df_2024_proportional/batch_0008/images/5d8acbbd401de234799a8383295966a1c5f7f689.jpg,True,downloaded,
9748f03f3438fd2a4089c6f5548f81b0980eaecb,9141fed163139f4c9970e2e7aed0717d6264252d,-15.854833051858302,-48.119774597969794,-15.85482993778379,-48.11975486352127,2026-01,2026,90ZezaJEo5jQ_pGAoUx_hQ,233.44566360384715,© Google,OK,3_4,165829.03214050786,8244634.752696341,eaa8b2f4de2de53d6d7eb11f95990060daf94666,cardinal,4,1,90_deg_east,cardinal,90,0,90,640,640,8,batch_0008,594,datasets/df_2024_proportional/batch_0008/images/eaa8b2f4de2de53d6d7eb11f95990060daf94666.jpg,https://raw.githubusercontent.com/GUIA-DD/dataset-streetview/refs/heads/main/datasets/df_2024_proportional/batch_0008/images/eaa8b2f4de2de53d6d7eb11f95990060daf94666.jpg,True,downloaded,
9748f03f3438fd2a4089c6f5548f81b0980eaecb,9141fed163139f4c9970e2e7aed0717d6264252d,-15.854833051858302,-48.119774597969794,-15.85482993778379,-48.11975486352127,2026-01,2026,90ZezaJEo5jQ_pGAoUx_hQ,233.44566360384715,© Google,OK,3_4,165829.03214050786,8244634.752696341,952136997b19a9c6c4dc38e473ec7e8b2873b8e4,cardinal,4,2,180_deg_south,cardinal,180,0,90,640,640,8,batch_0008,595,datasets/df_2024_proportional/batch_0008/images/952136997b19a9c6c4dc38e473ec7e8b2873b8e4.jpg,https://raw.githubusercontent.com/GUIA-DD/dataset-streetview/refs/heads/main/datasets/df_2024_proportional/batch_0008/images/952136997b19a9c6c4dc38e473ec7e8b2873b8e4.jpg,True,downloaded,
9748f03f3438fd2a4089c6f5548f81b0980eaecb,9141fed163139f4c9970e2e7aed0717d6264252d,-15.854833051858302,-48.119774597969794,-15.85482993778379,-48.11975486352127,2026-01,2026,90ZezaJEo5jQ_pGAoUx_hQ,233.44566360384715,© Google,OK,3_4,165829.03214050786,8244634.752696341,486612bf4d57f6e7e9565e03ac135c22c50709da,cardinal,4,3,270_deg_west,cardinal,270,0,90,640,640,8,batch_0008,596,datasets/df_2024_proportional/batch_0008/images/486612bf4d57f6e7e9565e03ac135c22c50709da.jpg,https://raw.githubusercontent.com/GUIA-DD/dataset-streetview/refs/heads/main/datasets/df_2024_proportional/batch_0008/images/486612bf4d57f6e7e9565e03ac135c22c50709da.jpg,True,downloaded,
979fad0d975100bb7d5a654b45e78e5982b5e99f,146ed71be5bb97fcff45eef10b0e9ebb53523aa8,-15.805892400515587,-48.144295849787284,-15.80589312205899,-48.14428782480627,2026-01,2026,xgtiUgOQMn965imYNU9cRw,72.03256443944554,© Google,OK,2_5,163118.9876963815,8250015.902169526,94f9e9398d601f1728ee660dc5a5805dbfe1904f,cardinal,4,0,0_deg_north,cardinal,0,0,90,640,640,8,batch_0008,597,datasets/df_2024_proportional/batch_0008/images/94f9e9398d601f1728ee660dc5a5805dbfe1904f.jpg,https://raw.githubusercontent.com/GUIA-DD/dataset-streetview/refs/heads/main/datasets/df_2024_proportional/batch_0008/images/94f9e9398d601f1728ee660dc5a5805dbfe1904f.jpg,True,downloaded,
979fad0d975100bb7d5a654b45e78e5982b5e99f,146ed71be5bb97fcff45eef10b0e9ebb53523aa8,-15.805892400515587,-48.144295849787284,-15.80589312205899,-48.14428782480627,2026-01,2026,xgtiUgOQMn965imYNU9cRw,72.03256443944554,© Google,OK,2_5,163118.9876963815,8250015.902169526,eac93a2428a6864bec2f4185e54263cff3b7e7f2,cardinal,4,1,90_deg_east,cardinal,90,0,90,640,640,8,batch_0008,598,datasets/df_2024_proportional/batch_0008/images/eac93a2428a6864bec2f4185e54263cff3b7e7f2.jpg,https://raw.githubusercontent.com/GUIA-DD/dataset-streetview/refs/heads/main/datasets/df_2024_proportional/batch_0008/images/eac93a2428a6864bec2f4185e54263cff3b7e7f2.jpg,True,downloaded,
979fad0d975100bb7d5a654b45e78e5982b5e99f,146ed71be5bb97fcff45eef10b0e9ebb53523aa8,-15.805892400515587,-48.144295849787284,-15.80589312205899,-48.14428782480627,2026-01,2026,xgtiUgOQMn965imYNU9cRw,72.03256443944554,© Google,OK,2_5,163118.9876963815,8250015.902169526,71fdaa43b6ecbd36e177b1a8bdef69363a16eb49,cardinal,4,2,180_deg_south,cardinal,180,0,90,640,640,8,batch_0008,599,datasets/df_2024_proportional/batch_0008/images/71fdaa43b6ecbd36e177b1a8bdef69363a16eb49.jpg,https://raw.githubusercontent.com/GUIA-DD/dataset-streetview/refs/heads/main/datasets/df_2024_proportional/batch_0008/images/71fdaa43b6ecbd36e177b1a8bdef69363a16eb49.jpg,True,downloaded,
979fad0d975100bb7d5a654b45e78e5982b5e99f,146ed71be5bb97fcff45eef10b0e9ebb53523aa8,-15.805892400515587,-48.144295849787284,-15.80589312205899,-48.14428782480627,2026-01,2026,xgtiUgOQMn965imYNU9cRw,72.03256443944554,© Google,OK,2_5,163118.9876963815,8250015.902169526,4e740ba9ae5f20b085705fbd1b808682f20d943a,cardinal,4,3,270_deg_west,cardinal,270,0,90,640,640,8,batch_0008,600,datasets/df_2024_proportional/batch_0008/images/4e740ba9ae5f20b085705fbd1b808682f20d943a.jpg,https://raw.githubusercontent.com/GUIA-DD/dataset-streetview/refs/heads/main/datasets/df_2024_proportional/batch_0008/images/4e740ba9ae5f20b085705fbd1b808682f20d943a.jpg,True,downloaded,
9826eb2b12127964fbc12831d9fb0084419b77a8,0aa9243fb9d5ddf28221f115fd530d0dd07d346a,-15.76144499759999,-47.778092670660634,-15.76141527585769,-47.77811460328712,2024-06,2024,ewGUPk62hrWg5YkV1jSvAA,338.07454313473596,© Google,OK,10_6,202317.28727332503,8255490.512773132,3cf620e5336411828a9a18293da348ae9f0e3c1b,cardinal,4,0,0_deg_north,cardinal,0,0,90,640,640,8,batch_0008,601,datasets/df_2024_proportional/batch_0008/images/3cf620e5336411828a9a18293da348ae9f0e3c1b.jpg,https://raw.githubusercontent.com/GUIA-DD/dataset-streetview/refs/heads/main/datasets/df_2024_proportional/batch_0008/images/3cf620e5336411828a9a18293da348ae9f0e3c1b.jpg,True,downloaded,
9826eb2b12127964fbc12831d9fb0084419b77a8,0aa9243fb9d5ddf28221f115fd530d0dd07d346a,-15.76144499759999,-47.778092670660634,-15.76141527585769,-47.77811460328712,2024-06,2024,ewGUPk62hrWg5YkV1jSvAA,338.07454313473596,© Google,OK,10_6,202317.28727332503,8255490.512773132,bf162948b45a37e39252961daaf1648339bd77e8,cardinal,4,1,90_deg_east,cardinal,90,0,90,640,640,8,batch_0008,602,datasets/df_2024_proportional/batch_0008/images/bf162948b45a37e39252961daaf1648339bd77e8.jpg,https://raw.githubusercontent.com/GUIA-DD/dataset-streetview/refs/heads/main/datasets/df_2024_proportional/batch_0008/images/bf162948b45a37e39252961daaf1648339bd77e8.jpg,True,downloaded,
9826eb2b12127964fbc12831d9fb0084419b77a8,0aa9243fb9d5ddf28221f115fd530d0dd07d346a,-15.76144499759999,-47.778092670660634,-15.76141527585769,-47.77811460328712,2024-06,2024,ewGUPk62hrWg5YkV1jSvAA,338.07454313473596,© Google,OK,10_6,202317.28727332503,8255490.512773132,7cc28e743379a3551349ce9613dc19de284940ce,cardinal,4,2,180_deg_south,cardinal,180,0,90,640,640,8,batch_0008,603,datasets/df_2024_proportional/batch_0008/images/7cc28e743379a3551349ce9613dc19de284940ce.jpg,https://raw.githubusercontent.com/GUIA-DD/dataset-streetview/refs/heads/main/datasets/df_2024_proportional/batch_0008/images/7cc28e743379a3551349ce9613dc19de284940ce.jpg,True,downloaded,
9826eb2b12127964fbc12831d9fb0084419b77a8,0aa9243fb9d5ddf28221f115fd530d0dd07d346a,-15.76144499759999,-47.778092670660634,-15.76141527585769,-47.77811460328712,2024-06,2024,ewGUPk62hrWg5YkV1jSvAA,338.07454313473596,© Google,OK,10_6,202317.28727332503,8255490.512773132,148ab7010fb9c0139a5c7d8884c088914ca59c81,cardinal,4,3,270_deg_west,cardinal,270,0,90,640,640,8,batch_0008,604,datasets/df_2024_proportional/batch_0008/images/148ab7010fb9c0139a5c7d8884c088914ca59c81.jpg,https://raw.githubusercontent.com/GUIA-DD/dataset-streetview/refs/heads/main/datasets/df_2024_proportional/batch_0008/images/148ab7010fb9c0139a5c7d8884c088914ca59c81.jpg,True,downloaded,
990992cd91dcc4f38e1af9d5a9ac4e998096685b,c83f65d5de52e74a5c406280224dd9a91ae42e68,-15.90314684849531,-47.77583833833355,-15.90310787260836,-47.77580644321885,2025-01,2025,CKzrRSFAiH0usVEpl1ngbw,202.67051353446257,© Google,OK,10_3,202766.5558230495,8239803.898152906,c3c466f000563eebd340e0a1e6b2388c2f4041db,cardinal,4,0,0_deg_north,cardinal,0,0,90,640,640,8,batch_0008,605,datasets/df_2024_proportional/batch_0008/images/c3c466f000563eebd340e0a1e6b2388c2f4041db.jpg,https://raw.githubusercontent.com/GUIA-DD/dataset-streetview/refs/heads/main/datasets/df_2024_proportional/batch_0008/images/c3c466f000563eebd340e0a1e6b2388c2f4041db.jpg,True,downloaded,
990992cd91dcc4f38e1af9d5a9ac4e998096685b,c83f65d5de52e74a5c406280224dd9a91ae42e68,-15.90314684849531,-47.77583833833355,-15.90310787260836,-47.77580644321885,2025-01,2025,CKzrRSFAiH0usVEpl1ngbw,202.67051353446257,© Google,OK,10_3,202766.5558230495,8239803.898152906,0c98c5b4326d49dae03797d63ad53998a51def4a,cardinal,4,1,90_deg_east,cardinal,90,0,90,640,640,8,batch_0008,606,datasets/df_2024_proportional/batch_0008/images/0c98c5b4326d49dae03797d63ad53998a51def4a.jpg,https://raw.githubusercontent.com/GUIA-DD/dataset-streetview/refs/heads/main/datasets/df_2024_proportional/batch_0008/images/0c98c5b4326d49dae03797d63ad53998a51def4a.jpg,True,downloaded,
990992cd91dcc4f38e1af9d5a9ac4e998096685b,c83f65d5de52e74a5c406280224dd9a91ae42e68,-15.90314684849531,-47.77583833833355,-15.90310787260836,-47.77580644321885,2025-01,2025,CKzrRSFAiH0usVEpl1ngbw,202.67051353446257,© Google,OK,10_3,202766.5558230495,8239803.898152906,178ac211c6b084466ba00a9ecbe028be7d14c23d,cardinal,4,2,180_deg_south,cardinal,180,0,90,640,640,8,batch_0008,607,datasets/df_2024_proportional/batch_0008/images/178ac211c6b084466ba00a9ecbe028be7d14c23d.jpg,https://raw.githubusercontent.com/GUIA-DD/dataset-streetview/refs/heads/main/datasets/df_2024_proportional/batch_0008/images/178ac211c6b084466ba00a9ecbe028be7d14c23d.jpg,True,downloaded,
990992cd91dcc4f38e1af9d5a9ac4e998096685b,c83f65d5de52e74a5c406280224dd9a91ae42e68,-15.90314684849531,-47.77583833833355,-15.90310787260836,-47.77580644321885,2025-01,2025,CKzrRSFAiH0usVEpl1ngbw,202.67051353446257,© Google,OK,10_3,202766.5558230495,8239803.898152906,6011b5c1d9eb228e5f0a107464aae8121fe4dc08,cardinal,4,3,270_deg_west,cardinal,270,0,90,640,640,8,batch_0008,608,datasets/df_2024_proportional/batch_0008/images/6011b5c1d9eb228e5f0a107464aae8121fe4dc08.jpg,https://raw.githubusercontent.com/GUIA-DD/dataset-streetview/refs/heads/main/datasets/df_2024_proportional/batch_0008/images/6011b5c1d9eb228e5f0a107464aae8121fe4dc08.jpg,True,downloaded,
996aa5490df8dbde462aa8bb19b69c8ccb378256,c84ccfa7f99bcfc7b904d3f4fd5cac175ec9a347,-15.844129010439485,-47.9850964358739,-15.84411848871739,-47.98505199993221,2024-06,2024,4R2R1esz6RxDaLM3hMDBgw,51.77682629855687,© Google,OK,6_4,180249.4803145151,8246030.470271927,f336c15ef7cf62a465efc65ac1b256ac7c0f5a19,cardinal,4,0,0_deg_north,cardinal,0,0,90,640,640,8,batch_0008,609,datasets/df_2024_proportional/batch_0008/images/f336c15ef7cf62a465efc65ac1b256ac7c0f5a19.jpg,https://raw.githubusercontent.com/GUIA-DD/dataset-streetview/refs/heads/main/datasets/df_2024_proportional/batch_0008/images/f336c15ef7cf62a465efc65ac1b256ac7c0f5a19.jpg,True,downloaded,
996aa5490df8dbde462aa8bb19b69c8ccb378256,c84ccfa7f99bcfc7b904d3f4fd5cac175ec9a347,-15.844129010439485,-47.9850964358739,-15.84411848871739,-47.98505199993221,2024-06,2024,4R2R1esz6RxDaLM3hMDBgw,51.77682629855687,© Google,OK,6_4,180249.4803145151,8246030.470271927,eb044ff092fc694805cc20ec53012a9a2fa39cb8,cardinal,4,1,90_deg_east,cardinal,90,0,90,640,640,8,batch_0008,610,datasets/df_2024_proportional/batch_0008/images/eb044ff092fc694805cc20ec53012a9a2fa39cb8.jpg,https://raw.githubusercontent.com/GUIA-DD/dataset-streetview/refs/heads/main/datasets/df_2024_proportional/batch_0008/images/eb044ff092fc694805cc20ec53012a9a2fa39cb8.jpg,True,downloaded,
996aa5490df8dbde462aa8bb19b69c8ccb378256,c84ccfa7f99bcfc7b904d3f4fd5cac175ec9a347,-15.844129010439485,-47.9850964358739,-15.84411848871739,-47.98505199993221,2024-06,2024,4R2R1esz6RxDaLM3hMDBgw,51.77682629855687,© Google,OK,6_4,180249.4803145151,8246030.470271927,507dbe9b4bc932cc2fc148f5f956e104c65dd2c1,cardinal,4,2,180_deg_south,cardinal,180,0,90,640,640,8,batch_0008,611,datasets/df_2024_proportional/batch_0008/images/507dbe9b4bc932cc2fc148f5f956e104c65dd2c1.jpg,https://raw.githubusercontent.com/GUIA-DD/dataset-streetview/refs/heads/main/datasets/df_2024_proportional/batch_0008/images/507dbe9b4bc932cc2fc148f5f956e104c65dd2c1.jpg,True,downloaded,
996aa5490df8dbde462aa8bb19b69c8ccb378256,c84ccfa7f99bcfc7b904d3f4fd5cac175ec9a347,-15.844129010439485,-47.9850964358739,-15.84411848871739,-47.98505199993221,2024-06,2024,4R2R1esz6RxDaLM3hMDBgw,51.77682629855687,© Google,OK,6_4,180249.4803145151,8246030.470271927,164cd687cd2e1a22b2ca8cfd336318ff72e5b0ea,cardinal,4,3,270_deg_west,cardinal,270,0,90,640,640,8,batch_0008,612,datasets/df_2024_proportional/batch_0008/images/164cd687cd2e1a22b2ca8cfd336318ff72e5b0ea.jpg,https://raw.githubusercontent.com/GUIA-DD/dataset-streetview/refs/heads/main/datasets/df_2024_proportional/batch_0008/images/164cd687cd2e1a22b2ca8cfd336318ff72e5b0ea.jpg,True,downloaded,
99ff96ff37e9cca5285c74a09dc229d4c83a61ab,79f758a66a179aa6d211bf476c376c14a6935e5e,-15.895439450085528,-48.12633184993423,-15.89545100819112,-48.12635435276846,2025-06,2025,hmRM5urBmmzCAOuU7BopkQ,242.01257058836273,© Google,OK,3_3,165193.25696071304,8240126.942865796,f9394fb76a63f8badd4935c329a9b4363a591e22,cardinal,4,0,0_deg_north,cardinal,0,0,90,640,640,8,batch_0008,613,datasets/df_2024_proportional/batch_0008/images/f9394fb76a63f8badd4935c329a9b4363a591e22.jpg,https://raw.githubusercontent.com/GUIA-DD/dataset-streetview/refs/heads/main/datasets/df_2024_proportional/batch_0008/images/f9394fb76a63f8badd4935c329a9b4363a591e22.jpg,True,downloaded,
99ff96ff37e9cca5285c74a09dc229d4c83a61ab,79f758a66a179aa6d211bf476c376c14a6935e5e,-15.895439450085528,-48.12633184993423,-15.89545100819112,-48.12635435276846,2025-06,2025,hmRM5urBmmzCAOuU7BopkQ,242.01257058836273,© Google,OK,3_3,165193.25696071304,8240126.942865796,c945fbedbe995ff815016d7b21ab1818cfab5778,cardinal,4,1,90_deg_east,cardinal,90,0,90,640,640,8,batch_0008,614,datasets/df_2024_proportional/batch_0008/images/c945fbedbe995ff815016d7b21ab1818cfab5778.jpg,https://raw.githubusercontent.com/GUIA-DD/dataset-streetview/refs/heads/main/datasets/df_2024_proportional/batch_0008/images/c945fbedbe995ff815016d7b21ab1818cfab5778.jpg,True,downloaded,
99ff96ff37e9cca5285c74a09dc229d4c83a61ab,79f758a66a179aa6d211bf476c376c14a6935e5e,-15.895439450085528,-48.12633184993423,-15.89545100819112,-48.12635435276846,2025-06,2025,hmRM5urBmmzCAOuU7BopkQ,242.01257058836273,© Google,OK,3_3,165193.25696071304,8240126.942865796,f97310d0c5bc76b19b7eda715258300ca7c92df0,cardinal,4,2,180_deg_south,cardinal,180,0,90,640,640,8,batch_0008,615,datasets/df_2024_proportional/batch_0008/images/f97310d0c5bc76b19b7eda715258300ca7c92df0.jpg,https://raw.githubusercontent.com/GUIA-DD/dataset-streetview/refs/heads/main/datasets/df_2024_proportional/batch_0008/images/f97310d0c5bc76b19b7eda715258300ca7c92df0.jpg,True,downloaded,
99ff96ff37e9cca5285c74a09dc229d4c83a61ab,79f758a66a179aa6d211bf476c376c14a6935e5e,-15.895439450085528,-48.12633184993423,-15.89545100819112,-48.12635435276846,2025-06,2025,hmRM5urBmmzCAOuU7BopkQ,242.01257058836273,© Google,OK,3_3,165193.25696071304,8240126.942865796,cb4ef6bda54fa2be4c4ccf3552c5d31b92d944a9,cardinal,4,3,270_deg_west,cardinal,270,0,90,640,640,8,batch_0008,616,datasets/df_2024_proportional/batch_0008/images/cb4ef6bda54fa2be4c4ccf3552c5d31b92d944a9.jpg,https://raw.githubusercontent.com/GUIA-DD/dataset-streetview/refs/heads/main/datasets/df_2024_proportional/batch_0008/images/cb4ef6bda54fa2be4c4ccf3552c5d31b92d944a9.jpg,True,downloaded,
9a47bbf2f9584647b28525f43f6541fbe6dac7fa,88704270e0a2d5d76d151a445a2a71953ac19551,-16.002122600793076,-47.9913765498203,-16.00215147524254,-47.99135550728229,2025-02,2025,DLXHhb9IfVdkfgztqd7-OA,77.76962457852358,© Google,OK,6_1,179827.10341839245,8228524.242546375,30daf5b23544a6154ddbbc4c6849acab7cf5d026,cardinal,4,0,0_deg_north,cardinal,0,0,90,640,640,8,batch_0008,617,datasets/df_2024_proportional/batch_0008/images/30daf5b23544a6154ddbbc4c6849acab7cf5d026.jpg,https://raw.githubusercontent.com/GUIA-DD/dataset-streetview/refs/heads/main/datasets/df_2024_proportional/batch_0008/images/30daf5b23544a6154ddbbc4c6849acab7cf5d026.jpg,True,downloaded,
9a47bbf2f9584647b28525f43f6541fbe6dac7fa,88704270e0a2d5d76d151a445a2a71953ac19551,-16.002122600793076,-47.9913765498203,-16.00215147524254,-47.99135550728229,2025-02,2025,DLXHhb9IfVdkfgztqd7-OA,77.76962457852358,© Google,OK,6_1,179827.10341839245,8228524.242546375,01953a062c593c2b7b59a68a52bfc3a838fe461d,cardinal,4,1,90_deg_east,cardinal,90,0,90,640,640,8,batch_0008,618,datasets/df_2024_proportional/batch_0008/images/01953a062c593c2b7b59a68a52bfc3a838fe461d.jpg,https://raw.githubusercontent.com/GUIA-DD/dataset-streetview/refs/heads/main/datasets/df_2024_proportional/batch_0008/images/01953a062c593c2b7b59a68a52bfc3a838fe461d.jpg,True,downloaded,
9a47bbf2f9584647b28525f43f6541fbe6dac7fa,88704270e0a2d5d76d151a445a2a71953ac19551,-16.002122600793076,-47.9913765498203,-16.00215147524254,-47.99135550728229,2025-02,2025,DLXHhb9IfVdkfgztqd7-OA,77.76962457852358,© Google,OK,6_1,179827.10341839245,8228524.242546375,f70d0a575a3eea3149eb0a3aa8dc1a28afc900b0,cardinal,4,2,180_deg_south,cardinal,180,0,90,640,640,8,batch_0008,619,datasets/df_2024_proportional/batch_0008/images/f70d0a575a3eea3149eb0a3aa8dc1a28afc900b0.jpg,https://raw.githubusercontent.com/GUIA-DD/dataset-streetview/refs/heads/main/datasets/df_2024_proportional/batch_0008/images/f70d0a575a3eea3149eb0a3aa8dc1a28afc900b0.jpg,True,downloaded,
9a47bbf2f9584647b28525f43f6541fbe6dac7fa,88704270e0a2d5d76d151a445a2a71953ac19551,-16.002122600793076,-47.9913765498203,-16.00215147524254,-47.99135550728229,2025-02,2025,DLXHhb9IfVdkfgztqd7-OA,77.76962457852358,© Google,OK,6_1,179827.10341839245,8228524.242546375,f4449d49f40ea14204ced35d54997ab0dac84d76,cardinal,4,3,270_deg_west,cardinal,270,0,90,640,640,8,batch_0008,620,datasets/df_2024_proportional/batch_0008/images/f4449d49f40ea14204ced35d54997ab0dac84d76.jpg,https://raw.githubusercontent.com/GUIA-DD/dataset-streetview/refs/heads/main/datasets/df_2024_proportional/batch_0008/images/f4449d49f40ea14204ced35d54997ab0dac84d76.jpg,True,downloaded,
9aaa3f80757074cfb818a97258ebeb92ffaefbd4,2aa64442e3332b02454927cbb19469041dcc15bc,-15.808745045290166,-48.04009378150798,-15.80875170119873,-48.04005088756107,2024-09,2024,CRus8kTwSGPeO9pxpz_pJg,269.3044925037501,© Google,OK,5_5,174296.94869958435,8249864.39465599,34c7ee4ba0d69b19f4586d4031dabd878e259867,cardinal,4,0,0_deg_north,cardinal,0,0,90,640,640,8,batch_0008,621,datasets/df_2024_proportional/batch_0008/images/34c7ee4ba0d69b19f4586d4031dabd878e259867.jpg,https://raw.githubusercontent.com/GUIA-DD/dataset-streetview/refs/heads/main/datasets/df_2024_proportional/batch_0008/images/34c7ee4ba0d69b19f4586d4031dabd878e259867.jpg,True,downloaded,
9aaa3f80757074cfb818a97258ebeb92ffaefbd4,2aa64442e3332b02454927cbb19469041dcc15bc,-15.808745045290166,-48.04009378150798,-15.80875170119873,-48.04005088756107,2024-09,2024,CRus8kTwSGPeO9pxpz_pJg,269.3044925037501,© Google,OK,5_5,174296.94869958435,8249864.39465599,6b2a0ccd9fe0008524bdce6e087ef776a7b6183c,cardinal,4,1,90_deg_east,cardinal,90,0,90,640,640,8,batch_0008,622,datasets/df_2024_proportional/batch_0008/images/6b2a0ccd9fe0008524bdce6e087ef776a7b6183c.jpg,https://raw.githubusercontent.com/GUIA-DD/dataset-streetview/refs/heads/main/datasets/df_2024_proportional/batch_0008/images/6b2a0ccd9fe0008524bdce6e087ef776a7b6183c.jpg,True,downloaded,
9aaa3f80757074cfb818a97258ebeb92ffaefbd4,2aa64442e3332b02454927cbb19469041dcc15bc,-15.808745045290166,-48.04009378150798,-15.80875170119873,-48.04005088756107,2024-09,2024,CRus8kTwSGPeO9pxpz_pJg,269.3044925037501,© Google,OK,5_5,174296.94869958435,8249864.39465599,3039fb50420c99814eccd56bf67f7d93a7156092,cardinal,4,2,180_deg_south,cardinal,180,0,90,640,640,8,batch_0008,623,datasets/df_2024_proportional/batch_0008/images/3039fb50420c99814eccd56bf67f7d93a7156092.jpg,https://raw.githubusercontent.com/GUIA-DD/dataset-streetview/refs/heads/main/datasets/df_2024_proportional/batch_0008/images/3039fb50420c99814eccd56bf67f7d93a7156092.jpg,True,downloaded,
9aaa3f80757074cfb818a97258ebeb92ffaefbd4,2aa64442e3332b02454927cbb19469041dcc15bc,-15.808745045290166,-48.04009378150798,-15.80875170119873,-48.04005088756107,2024-09,2024,CRus8kTwSGPeO9pxpz_pJg,269.3044925037501,© Google,OK,5_5,174296.94869958435,8249864.39465599,323150196c6496b41134380461265b81f7674684,cardinal,4,3,270_deg_west,cardinal,270,0,90,640,640,8,batch_0008,624,datasets/df_2024_proportional/batch_0008/images/323150196c6496b41134380461265b81f7674684.jpg,https://raw.githubusercontent.com/GUIA-DD/dataset-streetview/refs/heads/main/datasets/df_2024_proportional/batch_0008/images/323150196c6496b41134380461265b81f7674684.jpg,True,downloaded,
9b5451291198a0c84a8addc6faff08ecba9c62a4,d9be4b681351482811ac3e618e74472378835c68,-15.784568556065345,-47.983299683094096,-15.78457911406824,-47.98333458389585,2024-06,2024,zotOs5FVSmF-ZvvVEjCtBQ,226.00956974088677,© Google,OK,6_6,180348.41100118204,8252629.006010738,3cd75fed4b27f85158ba6a1426cb27a421e01b1d,cardinal,4,0,0_deg_north,cardinal,0,0,90,640,640,8,batch_0008,625,datasets/df_2024_proportional/batch_0008/images/3cd75fed4b27f85158ba6a1426cb27a421e01b1d.jpg,https://raw.githubusercontent.com/GUIA-DD/dataset-streetview/refs/heads/main/datasets/df_2024_proportional/batch_0008/images/3cd75fed4b27f85158ba6a1426cb27a421e01b1d.jpg,True,downloaded,
9b5451291198a0c84a8addc6faff08ecba9c62a4,d9be4b681351482811ac3e618e74472378835c68,-15.784568556065345,-47.983299683094096,-15.78457911406824,-47.98333458389585,2024-06,2024,zotOs5FVSmF-ZvvVEjCtBQ,226.00956974088677,© Google,OK,6_6,180348.41100118204,8252629.006010738,2a1ba2f28997cc9a547636c9dd8f157411758a1d,cardinal,4,1,90_deg_east,cardinal,90,0,90,640,640,8,batch_0008,626,datasets/df_2024_proportional/batch_0008/images/2a1ba2f28997cc9a547636c9dd8f157411758a1d.jpg,https://raw.githubusercontent.com/GUIA-DD/dataset-streetview/refs/heads/main/datasets/df_2024_proportional/batch_0008/images/2a1ba2f28997cc9a547636c9dd8f157411758a1d.jpg,True,downloaded,
9b5451291198a0c84a8addc6faff08ecba9c62a4,d9be4b681351482811ac3e618e74472378835c68,-15.784568556065345,-47.983299683094096,-15.78457911406824,-47.98333458389585,2024-06,2024,zotOs5FVSmF-ZvvVEjCtBQ,226.00956974088677,© Google,OK,6_6,180348.41100118204,8252629.006010738,eab2da729bbcea79e1276e29ea70ce1258ab8c73,cardinal,4,2,180_deg_south,cardinal,180,0,90,640,640,8,batch_0008,627,datasets/df_2024_proportional/batch_0008/images/eab2da729bbcea79e1276e29ea70ce1258ab8c73.jpg,https://raw.githubusercontent.com/GUIA-DD/dataset-streetview/refs/heads/main/datasets/df_2024_proportional/batch_0008/images/eab2da729bbcea79e1276e29ea70ce1258ab8c73.jpg,True,downloaded,
9b5451291198a0c84a8addc6faff08ecba9c62a4,d9be4b681351482811ac3e618e74472378835c68,-15.784568556065345,-47.983299683094096,-15.78457911406824,-47.98333458389585,2024-06,2024,zotOs5FVSmF-ZvvVEjCtBQ,226.00956974088677,© Google,OK,6_6,180348.41100118204,8252629.006010738,968a9345510834ca414cf210d639fce11f6e7a60,cardinal,4,3,270_deg_west,cardinal,270,0,90,640,640,8,batch_0008,628,datasets/df_2024_proportional/batch_0008/images/968a9345510834ca414cf210d639fce11f6e7a60.jpg,https://raw.githubusercontent.com/GUIA-DD/dataset-streetview/refs/heads/main/datasets/df_2024_proportional/batch_0008/images/968a9345510834ca414cf210d639fce11f6e7a60.jpg,True,downloaded,
9b61c5dec8339f6ae77459b6d88b3964df348edb,591ffc56624a3537b55c93c98e623faf9251977a,-15.797647300016585,-47.94215615001515,-15.79764464239151,-47.94211467070735,2024-06,2024,MTo3QdRA73z1vwSllW2HNg,106.68058881358715,© Google,OK,7_5,184780.42252830544,8251242.81126296,fc79673d2fc20d869eca0d43a5e229670d63165b,cardinal,4,0,0_deg_north,cardinal,0,0,90,640,640,8,batch_0008,629,datasets/df_2024_proportional/batch_0008/images/fc79673d2fc20d869eca0d43a5e229670d63165b.jpg,https://raw.githubusercontent.com/GUIA-DD/dataset-streetview/refs/heads/main/datasets/df_2024_proportional/batch_0008/images/fc79673d2fc20d869eca0d43a5e229670d63165b.jpg,True,downloaded,
9b61c5dec8339f6ae77459b6d88b3964df348edb,591ffc56624a3537b55c93c98e623faf9251977a,-15.797647300016585,-47.94215615001515,-15.79764464239151,-47.94211467070735,2024-06,2024,MTo3QdRA73z1vwSllW2HNg,106.68058881358715,© Google,OK,7_5,184780.42252830544,8251242.81126296,32a71d4c5a821ba4bc0fe9073c25da661308b6a8,cardinal,4,1,90_deg_east,cardinal,90,0,90,640,640,8,batch_0008,630,datasets/df_2024_proportional/batch_0008/images/32a71d4c5a821ba4bc0fe9073c25da661308b6a8.jpg,https://raw.githubusercontent.com/GUIA-DD/dataset-streetview/refs/heads/main/datasets/df_2024_proportional/batch_0008/images/32a71d4c5a821ba4bc0fe9073c25da661308b6a8.jpg,True,downloaded,
9b61c5dec8339f6ae77459b6d88b3964df348edb,591ffc56624a3537b55c93c98e623faf9251977a,-15.797647300016585,-47.94215615001515,-15.79764464239151,-47.94211467070735,2024-06,2024,MTo3QdRA73z1vwSllW2HNg,106.68058881358715,© Google,OK,7_5,184780.42252830544,8251242.81126296,c3d7b1fcd0bc37ecadeaea4471da719d7ee3e8a7,cardinal,4,2,180_deg_south,cardinal,180,0,90,640,640,8,batch_0008,631,datasets/df_2024_proportional/batch_0008/images/c3d7b1fcd0bc37ecadeaea4471da719d7ee3e8a7.jpg,https://raw.githubusercontent.com/GUIA-DD/dataset-streetview/refs/heads/main/datasets/df_2024_proportional/batch_0008/images/c3d7b1fcd0bc37ecadeaea4471da719d7ee3e8a7.jpg,True,downloaded,
9b61c5dec8339f6ae77459b6d88b3964df348edb,591ffc56624a3537b55c93c98e623faf9251977a,-15.797647300016585,-47.94215615001515,-15.79764464239151,-47.94211467070735,2024-06,2024,MTo3QdRA73z1vwSllW2HNg,106.68058881358715,© Google,OK,7_5,184780.42252830544,8251242.81126296,ebb91cb19d1dde165f43f2b59e38d20ee2558ded,cardinal,4,3,270_deg_west,cardinal,270,0,90,640,640,8,batch_0008,632,datasets/df_2024_proportional/batch_0008/images/ebb91cb19d1dde165f43f2b59e38d20ee2558ded.jpg,https://raw.githubusercontent.com/GUIA-DD/dataset-streetview/refs/heads/main/datasets/df_2024_proportional/batch_0008/images/ebb91cb19d1dde165f43f2b59e38d20ee2558ded.jpg,True,downloaded,
9b92121d4493ba6c640bb495b5324f9109ce943e,7a27657bf5865c13181779a24e970158e24dbe05,-15.734038728448665,-47.84324911828222,-15.73404527647891,-47.84322288409551,2024-05,2024,cbepEs9xcCCW7wT2BaqblQ,318.88203136245744,© Google,OK,9_7,195289.76746136355,8258432.004399391,e0d9a5f082021ea541ee38376ff64ab4ad8397c6,cardinal,4,0,0_deg_north,cardinal,0,0,90,640,640,8,batch_0008,633,datasets/df_2024_proportional/batch_0008/images/e0d9a5f082021ea541ee38376ff64ab4ad8397c6.jpg,https://raw.githubusercontent.com/GUIA-DD/dataset-streetview/refs/heads/main/datasets/df_2024_proportional/batch_0008/images/e0d9a5f082021ea541ee38376ff64ab4ad8397c6.jpg,True,downloaded,
9b92121d4493ba6c640bb495b5324f9109ce943e,7a27657bf5865c13181779a24e970158e24dbe05,-15.734038728448665,-47.84324911828222,-15.73404527647891,-47.84322288409551,2024-05,2024,cbepEs9xcCCW7wT2BaqblQ,318.88203136245744,© Google,OK,9_7,195289.76746136355,8258432.004399391,92760b4badb4d2340bbe11cd1d78c3b74be4289b,cardinal,4,1,90_deg_east,cardinal,90,0,90,640,640,8,batch_0008,634,datasets/df_2024_proportional/batch_0008/images/92760b4badb4d2340bbe11cd1d78c3b74be4289b.jpg,https://raw.githubusercontent.com/GUIA-DD/dataset-streetview/refs/heads/main/datasets/df_2024_proportional/batch_0008/images/92760b4badb4d2340bbe11cd1d78c3b74be4289b.jpg,True,downloaded,
9b92121d4493ba6c640bb495b5324f9109ce943e,7a27657bf5865c13181779a24e970158e24dbe05,-15.734038728448665,-47.84324911828222,-15.73404527647891,-47.84322288409551,2024-05,2024,cbepEs9xcCCW7wT2BaqblQ,318.88203136245744,© Google,OK,9_7,195289.76746136355,8258432.004399391,e19ebaf2641776dad9b7d27388e8a39d3a93bfe8,cardinal,4,2,180_deg_south,cardinal,180,0,90,640,640,8,batch_0008,635,datasets/df_2024_proportional/batch_0008/images/e19ebaf2641776dad9b7d27388e8a39d3a93bfe8.jpg,https://raw.githubusercontent.com/GUIA-DD/dataset-streetview/refs/heads/main/datasets/df_2024_proportional/batch_0008/images/e19ebaf2641776dad9b7d27388e8a39d3a93bfe8.jpg,True,downloaded,
9b92121d4493ba6c640bb495b5324f9109ce943e,7a27657bf5865c13181779a24e970158e24dbe05,-15.734038728448665,-47.84324911828222,-15.73404527647891,-47.84322288409551,2024-05,2024,cbepEs9xcCCW7wT2BaqblQ,318.88203136245744,© Google,OK,9_7,195289.76746136355,8258432.004399391,05954553398fbf1801f4622aa8996fae3f395264,cardinal,4,3,270_deg_west,cardinal,270,0,90,640,640,8,batch_0008,636,datasets/df_2024_proportional/batch_0008/images/05954553398fbf1801f4622aa8996fae3f395264.jpg,https://raw.githubusercontent.com/GUIA-DD/dataset-streetview/refs/heads/main/datasets/df_2024_proportional/batch_0008/images/05954553398fbf1801f4622aa8996fae3f395264.jpg,True,downloaded,
9c4d390c39699b0e72346437050467ed5f8f1e85,01c4645d02534fd26b8051ced969cefaf757afb9,-15.894139700023478,-48.10405449998181,-15.89413001245571,-48.10404378505604,2025-06,2025,PkKGQkAiIHp_CwPnN-SgoQ,61.90196307083098,© Google,OK,3_3,167578.86227378307,8240306.485103069,b14972b94306ae582ba2d02a555472f1d2a395f5,cardinal,4,0,0_deg_north,cardinal,0,0,90,640,640,8,batch_0008,637,datasets/df_2024_proportional/batch_0008/images/b14972b94306ae582ba2d02a555472f1d2a395f5.jpg,https://raw.githubusercontent.com/GUIA-DD/dataset-streetview/refs/heads/main/datasets/df_2024_proportional/batch_0008/images/b14972b94306ae582ba2d02a555472f1d2a395f5.jpg,True,downloaded,
9c4d390c39699b0e72346437050467ed5f8f1e85,01c4645d02534fd26b8051ced969cefaf757afb9,-15.894139700023478,-48.10405449998181,-15.89413001245571,-48.10404378505604,2025-06,2025,PkKGQkAiIHp_CwPnN-SgoQ,61.90196307083098,© Google,OK,3_3,167578.86227378307,8240306.485103069,403a29cc3df1f26c1c545351bd308c36b8bc3355,cardinal,4,1,90_deg_east,cardinal,90,0,90,640,640,8,batch_0008,638,datasets/df_2024_proportional/batch_0008/images/403a29cc3df1f26c1c545351bd308c36b8bc3355.jpg,https://raw.githubusercontent.com/GUIA-DD/dataset-streetview/refs/heads/main/datasets/df_2024_proportional/batch_0008/images/403a29cc3df1f26c1c545351bd308c36b8bc3355.jpg,True,downloaded,
9c4d390c39699b0e72346437050467ed5f8f1e85,01c4645d02534fd26b8051ced969cefaf757afb9,-15.894139700023478,-48.10405449998181,-15.89413001245571,-48.10404378505604,2025-06,2025,PkKGQkAiIHp_CwPnN-SgoQ,61.90196307083098,© Google,OK,3_3,167578.86227378307,8240306.485103069,7e9c1d45b124924b1ee41f2000a7ba4bd096de9b,cardinal,4,2,180_deg_south,cardinal,180,0,90,640,640,8,batch_0008,639,datasets/df_2024_proportional/batch_0008/images/7e9c1d45b124924b1ee41f2000a7ba4bd096de9b.jpg,https://raw.githubusercontent.com/GUIA-DD/dataset-streetview/refs/heads/main/datasets/df_2024_proportional/batch_0008/images/7e9c1d45b124924b1ee41f2000a7ba4bd096de9b.jpg,True,downloaded,
9c4d390c39699b0e72346437050467ed5f8f1e85,01c4645d02534fd26b8051ced969cefaf757afb9,-15.894139700023478,-48.10405449998181,-15.89413001245571,-48.10404378505604,2025-06,2025,PkKGQkAiIHp_CwPnN-SgoQ,61.90196307083098,© Google,OK,3_3,167578.86227378307,8240306.485103069,c5f67f8cfc2d7cedc1e412a10a825e034cb38f93,cardinal,4,3,270_deg_west,cardinal,270,0,90,640,640,8,batch_0008,640,datasets/df_2024_proportional/batch_0008/images/c5f67f8cfc2d7cedc1e412a10a825e034cb38f93.jpg,https://raw.githubusercontent.com/GUIA-DD/dataset-streetview/refs/heads/main/datasets/df_2024_proportional/batch_0008/images/c5f67f8cfc2d7cedc1e412a10a825e034cb38f93.jpg,True,downloaded,
9e4c421d7f4a7ad78ce9b1e7df67ba37ca39654e,52a753f4aecb17fd118828dedd51815186ede332,-15.869111100032155,-48.09048864998024,-15.86912667432369,-48.09051721042842,2025-06,2025,iogpEI9hw_YYWTN85hMKRw,246.38711743701217,© Google,OK,4_4,168991.91728513574,8243099.976304449,7e7fd9aa32c153c99759c1c097dfe41b4443b8a6,cardinal,4,0,0_deg_north,cardinal,0,0,90,640,640,8,batch_0008,641,datasets/df_2024_proportional/batch_0008/images/7e7fd9aa32c153c99759c1c097dfe41b4443b8a6.jpg,https://raw.githubusercontent.com/GUIA-DD/dataset-streetview/refs/heads/main/datasets/df_2024_proportional/batch_0008/images/7e7fd9aa32c153c99759c1c097dfe41b4443b8a6.jpg,True,downloaded,
9e4c421d7f4a7ad78ce9b1e7df67ba37ca39654e,52a753f4aecb17fd118828dedd51815186ede332,-15.869111100032155,-48.09048864998024,-15.86912667432369,-48.09051721042842,2025-06,2025,iogpEI9hw_YYWTN85hMKRw,246.38711743701217,© Google,OK,4_4,168991.91728513574,8243099.976304449,84bd8408c1ece4bb10a7270b28b45d34a59c860a,cardinal,4,1,90_deg_east,cardinal,90,0,90,640,640,8,batch_0008,642,datasets/df_2024_proportional/batch_0008/images/84bd8408c1ece4bb10a7270b28b45d34a59c860a.jpg,https://raw.githubusercontent.com/GUIA-DD/dataset-streetview/refs/heads/main/datasets/df_2024_proportional/batch_0008/images/84bd8408c1ece4bb10a7270b28b45d34a59c860a.jpg,True,downloaded,
9e4c421d7f4a7ad78ce9b1e7df67ba37ca39654e,52a753f4aecb17fd118828dedd51815186ede332,-15.869111100032155,-48.09048864998024,-15.86912667432369,-48.09051721042842,2025-06,2025,iogpEI9hw_YYWTN85hMKRw,246.38711743701217,© Google,OK,4_4,168991.91728513574,8243099.976304449,55c84a3facca64e911ba4fc9b0d671d95430a576,cardinal,4,2,180_deg_south,cardinal,180,0,90,640,640,8,batch_0008,643,datasets/df_2024_proportional/batch_0008/images/55c84a3facca64e911ba4fc9b0d671d95430a576.jpg,https://raw.githubusercontent.com/GUIA-DD/dataset-streetview/refs/heads/main/datasets/df_2024_proportional/batch_0008/images/55c84a3facca64e911ba4fc9b0d671d95430a576.jpg,True,downloaded,
9e4c421d7f4a7ad78ce9b1e7df67ba37ca39654e,52a753f4aecb17fd118828dedd51815186ede332,-15.869111100032155,-48.09048864998024,-15.86912667432369,-48.09051721042842,2025-06,2025,iogpEI9hw_YYWTN85hMKRw,246.38711743701217,© Google,OK,4_4,168991.91728513574,8243099.976304449,3ed0550a753a3b655090346fc2f3a64497fdf749,cardinal,4,3,270_deg_west,cardinal,270,0,90,640,640,8,batch_0008,644,datasets/df_2024_proportional/batch_0008/images/3ed0550a753a3b655090346fc2f3a64497fdf749.jpg,https://raw.githubusercontent.com/GUIA-DD/dataset-streetview/refs/heads/main/datasets/df_2024_proportional/batch_0008/images/3ed0550a753a3b655090346fc2f3a64497fdf749.jpg,True,downloaded,
9e5a0ac29562bab5725dda905a8c2089e2d4fb08,048ad2758ebfb8bdee58675a963cc0cc87b56ac2,-15.815221100000002,-48.01407765000005,-15.8152288845574,-48.01407682625117,2024-10,2024,3AHbjG_xxepmWsRHNXirVA,336.04933581281136,© Google,OK,5_5,177096.71420735685,8249187.398686658,55442fce212875eecd295e33b6894458f42babc3,cardinal,4,0,0_deg_north,cardinal,0,0,90,640,640,8,batch_0008,645,datasets/df_2024_proportional/batch_0008/images/55442fce212875eecd295e33b6894458f42babc3.jpg,https://raw.githubusercontent.com/GUIA-DD/dataset-streetview/refs/heads/main/datasets/df_2024_proportional/batch_0008/images/55442fce212875eecd295e33b6894458f42babc3.jpg,True,downloaded,
9e5a0ac29562bab5725dda905a8c2089e2d4fb08,048ad2758ebfb8bdee58675a963cc0cc87b56ac2,-15.815221100000002,-48.01407765000005,-15.8152288845574,-48.01407682625117,2024-10,2024,3AHbjG_xxepmWsRHNXirVA,336.04933581281136,© Google,OK,5_5,177096.71420735685,8249187.398686658,41415870fc397363bbd67a50b33147edfce2a38c,cardinal,4,1,90_deg_east,cardinal,90,0,90,640,640,8,batch_0008,646,datasets/df_2024_proportional/batch_0008/images/41415870fc397363bbd67a50b33147edfce2a38c.jpg,https://raw.githubusercontent.com/GUIA-DD/dataset-streetview/refs/heads/main/datasets/df_2024_proportional/batch_0008/images/41415870fc397363bbd67a50b33147edfce2a38c.jpg,True,downloaded,
9e5a0ac29562bab5725dda905a8c2089e2d4fb08,048ad2758ebfb8bdee58675a963cc0cc87b56ac2,-15.815221100000002,-48.01407765000005,-15.8152288845574,-48.01407682625117,2024-10,2024,3AHbjG_xxepmWsRHNXirVA,336.04933581281136,© Google,OK,5_5,177096.71420735685,8249187.398686658,d8c7a063e32f11bd158483e9526589cb52465093,cardinal,4,2,180_deg_south,cardinal,180,0,90,640,640,8,batch_0008,647,datasets/df_2024_proportional/batch_0008/images/d8c7a063e32f11bd158483e9526589cb52465093.jpg,https://raw.githubusercontent.com/GUIA-DD/dataset-streetview/refs/heads/main/datasets/df_2024_proportional/batch_0008/images/d8c7a063e32f11bd158483e9526589cb52465093.jpg,True,downloaded,
9e5a0ac29562bab5725dda905a8c2089e2d4fb08,048ad2758ebfb8bdee58675a963cc0cc87b56ac2,-15.815221100000002,-48.01407765000005,-15.8152288845574,-48.01407682625117,2024-10,2024,3AHbjG_xxepmWsRHNXirVA,336.04933581281136,© Google,OK,5_5,177096.71420735685,8249187.398686658,31347b76e60eb5d1c2fb00bd0030c8ffc38842ad,cardinal,4,3,270_deg_west,cardinal,270,0,90,640,640,8,batch_0008,648,datasets/df_2024_proportional/batch_0008/images/31347b76e60eb5d1c2fb00bd0030c8ffc38842ad.jpg,https://raw.githubusercontent.com/GUIA-DD/dataset-streetview/refs/heads/main/datasets/df_2024_proportional/batch_0008/images/31347b76e60eb5d1c2fb00bd0030c8ffc38842ad.jpg,True,downloaded,
9f0d0e380ee925da6b6450f6a74d78d3b2ed1f5d,914bed7332484927c3666ffe2f3542994554e6bf,-16.02766525003798,-48.03023105009709,-16.02766170633963,-48.03025030018046,2024-08,2024,wy6a0gOm90OV_Pdnx4KquQ,129.58415569832482,© Google,OK,5_0,175706.45261852577,8225635.130200097,0577d402ab5199c42789e5aaff6d4b2c27070900,cardinal,4,0,0_deg_north,cardinal,0,0,90,640,640,8,batch_0008,649,datasets/df_2024_proportional/batch_0008/images/0577d402ab5199c42789e5aaff6d4b2c27070900.jpg,https://raw.githubusercontent.com/GUIA-DD/dataset-streetview/refs/heads/main/datasets/df_2024_proportional/batch_0008/images/0577d402ab5199c42789e5aaff6d4b2c27070900.jpg,True,downloaded,
9f0d0e380ee925da6b6450f6a74d78d3b2ed1f5d,914bed7332484927c3666ffe2f3542994554e6bf,-16.02766525003798,-48.03023105009709,-16.02766170633963,-48.03025030018046,2024-08,2024,wy6a0gOm90OV_Pdnx4KquQ,129.58415569832482,© Google,OK,5_0,175706.45261852577,8225635.130200097,1289179e29f84e63941e0b6275e59fe1fcc507a1,cardinal,4,1,90_deg_east,cardinal,90,0,90,640,640,8,batch_0008,650,datasets/df_2024_proportional/batch_0008/images/1289179e29f84e63941e0b6275e59fe1fcc507a1.jpg,https://raw.githubusercontent.com/GUIA-DD/dataset-streetview/refs/heads/main/datasets/df_2024_proportional/batch_0008/images/1289179e29f84e63941e0b6275e59fe1fcc507a1.jpg,True,downloaded,
9f0d0e380ee925da6b6450f6a74d78d3b2ed1f5d,914bed7332484927c3666ffe2f3542994554e6bf,-16.02766525003798,-48.03023105009709,-16.02766170633963,-48.03025030018046,2024-08,2024,wy6a0gOm90OV_Pdnx4KquQ,129.58415569832482,© Google,OK,5_0,175706.45261852577,8225635.130200097,509ac033392f67a018122baa8eb4a51e3903a2a2,cardinal,4,2,180_deg_south,cardinal,180,0,90,640,640,8,batch_0008,651,datasets/df_2024_proportional/batch_0008/images/509ac033392f67a018122baa8eb4a51e3903a2a2.jpg,https://raw.githubusercontent.com/GUIA-DD/dataset-streetview/refs/heads/main/datasets/df_2024_proportional/batch_0008/images/509ac033392f67a018122baa8eb4a51e3903a2a2.jpg,True,downloaded,
9f0d0e380ee925da6b6450f6a74d78d3b2ed1f5d,914bed7332484927c3666ffe2f3542994554e6bf,-16.02766525003798,-48.03023105009709,-16.02766170633963,-48.03025030018046,2024-08,2024,wy6a0gOm90OV_Pdnx4KquQ,129.58415569832482,© Google,OK,5_0,175706.45261852577,8225635.130200097,ceeec7ed1eacb17b30563b5f0b236ceceef3d0a6,cardinal,4,3,270_deg_west,cardinal,270,0,90,640,640,8,batch_0008,652,datasets/df_2024_proportional/batch_0008/images/ceeec7ed1eacb17b30563b5f0b236ceceef3d0a6.jpg,https://raw.githubusercontent.com/GUIA-DD/dataset-streetview/refs/heads/main/datasets/df_2024_proportional/batch_0008/images/ceeec7ed1eacb17b30563b5f0b236ceceef3d0a6.jpg,True,downloaded,
9f7272526be495e3d0b65f8460336b33ec59858c,6c593d20fc4c06b5c9316c7cf6bc7b12fe05b4be,-15.947499100573209,-48.03306139926987,-15.94748517736293,-48.03307089214479,2025-05,2025,1LlGqU5iGNgy_2Y0OxrB_Q,229.33239536639695,© Google,OK,5_2,175273.73918859923,8234508.8397264555,5c4a2364f72a91626ba99258b18a796efde09166,cardinal,4,0,0_deg_north,cardinal,0,0,90,640,640,8,batch_0008,653,datasets/df_2024_proportional/batch_0008/images/5c4a2364f72a91626ba99258b18a796efde09166.jpg,https://raw.githubusercontent.com/GUIA-DD/dataset-streetview/refs/heads/main/datasets/df_2024_proportional/batch_0008/images/5c4a2364f72a91626ba99258b18a796efde09166.jpg,True,downloaded,
9f7272526be495e3d0b65f8460336b33ec59858c,6c593d20fc4c06b5c9316c7cf6bc7b12fe05b4be,-15.947499100573209,-48.03306139926987,-15.94748517736293,-48.03307089214479,2025-05,2025,1LlGqU5iGNgy_2Y0OxrB_Q,229.33239536639695,© Google,OK,5_2,175273.73918859923,8234508.8397264555,4ca0563551168a4a919cc142a498139f7d1b4668,cardinal,4,1,90_deg_east,cardinal,90,0,90,640,640,8,batch_0008,654,datasets/df_2024_proportional/batch_0008/images/4ca0563551168a4a919cc142a498139f7d1b4668.jpg,https://raw.githubusercontent.com/GUIA-DD/dataset-streetview/refs/heads/main/datasets/df_2024_proportional/batch_0008/images/4ca0563551168a4a919cc142a498139f7d1b4668.jpg,True,downloaded,
9f7272526be495e3d0b65f8460336b33ec59858c,6c593d20fc4c06b5c9316c7cf6bc7b12fe05b4be,-15.947499100573209,-48.03306139926987,-15.94748517736293,-48.03307089214479,2025-05,2025,1LlGqU5iGNgy_2Y0OxrB_Q,229.33239536639695,© Google,OK,5_2,175273.73918859923,8234508.8397264555,26c656c5e50412554b025e57f682b3c0e3c17ea8,cardinal,4,2,180_deg_south,cardinal,180,0,90,640,640,8,batch_0008,655,datasets/df_2024_proportional/batch_0008/images/26c656c5e50412554b025e57f682b3c0e3c17ea8.jpg,https://raw.githubusercontent.com/GUIA-DD/dataset-streetview/refs/heads/main/datasets/df_2024_proportional/batch_0008/images/26c656c5e50412554b025e57f682b3c0e3c17ea8.jpg,True,downloaded,
9f7272526be495e3d0b65f8460336b33ec59858c,6c593d20fc4c06b5c9316c7cf6bc7b12fe05b4be,-15.947499100573209,-48.03306139926987,-15.94748517736293,-48.03307089214479,2025-05,2025,1LlGqU5iGNgy_2Y0OxrB_Q,229.33239536639695,© Google,OK,5_2,175273.73918859923,8234508.8397264555,c370c4a5c925532c8d773145aa6144c98b9dbeef,cardinal,4,3,270_deg_west,cardinal,270,0,90,640,640,8,batch_0008,656,datasets/df_2024_proportional/batch_0008/images/c370c4a5c925532c8d773145aa6144c98b9dbeef.jpg,https://raw.githubusercontent.com/GUIA-DD/dataset-streetview/refs/heads/main/datasets/df_2024_proportional/batch_0008/images/c370c4a5c925532c8d773145aa6144c98b9dbeef.jpg,True,downloaded,
9fdd8b65889e8a8c205a785d882ce73bbeb843f9,98a44f68bd072b3e5ea16c3fc6c5967ac6003a95,-15.742186453574949,-48.17183919616838,-15.74217603941775,-48.1717891223497,2026-02,2026,37CmPLZMlNQgOeOo89eUcA,53.759637210996644,© Google,OK,2_6,160059.11294319792,8257027.436267308,4405d1b7cf5120e979886b5e4dc5e6d5b59dde38,cardinal,4,0,0_deg_north,cardinal,0,0,90,640,640,8,batch_0008,657,datasets/df_2024_proportional/batch_0008/images/4405d1b7cf5120e979886b5e4dc5e6d5b59dde38.jpg,https://raw.githubusercontent.com/GUIA-DD/dataset-streetview/refs/heads/main/datasets/df_2024_proportional/batch_0008/images/4405d1b7cf5120e979886b5e4dc5e6d5b59dde38.jpg,True,downloaded,
9fdd8b65889e8a8c205a785d882ce73bbeb843f9,98a44f68bd072b3e5ea16c3fc6c5967ac6003a95,-15.742186453574949,-48.17183919616838,-15.74217603941775,-48.1717891223497,2026-02,2026,37CmPLZMlNQgOeOo89eUcA,53.759637210996644,© Google,OK,2_6,160059.11294319792,8257027.436267308,d4cac8845227ffe858ae57429697c85b2dd51726,cardinal,4,1,90_deg_east,cardinal,90,0,90,640,640,8,batch_0008,658,datasets/df_2024_proportional/batch_0008/images/d4cac8845227ffe858ae57429697c85b2dd51726.jpg,https://raw.githubusercontent.com/GUIA-DD/dataset-streetview/refs/heads/main/datasets/df_2024_proportional/batch_0008/images/d4cac8845227ffe858ae57429697c85b2dd51726.jpg,True,downloaded,
9fdd8b65889e8a8c205a785d882ce73bbeb843f9,98a44f68bd072b3e5ea16c3fc6c5967ac6003a95,-15.742186453574949,-48.17183919616838,-15.74217603941775,-48.1717891223497,2026-02,2026,37CmPLZMlNQgOeOo89eUcA,53.759637210996644,© Google,OK,2_6,160059.11294319792,8257027.436267308,2a505bfcc59a91c36847a2292958ee45508ee894,cardinal,4,2,180_deg_south,cardinal,180,0,90,640,640,8,batch_0008,659,datasets/df_2024_proportional/batch_0008/images/2a505bfcc59a91c36847a2292958ee45508ee894.jpg,https://raw.githubusercontent.com/GUIA-DD/dataset-streetview/refs/heads/main/datasets/df_2024_proportional/batch_0008/images/2a505bfcc59a91c36847a2292958ee45508ee894.jpg,True,downloaded,
9fdd8b65889e8a8c205a785d882ce73bbeb843f9,98a44f68bd072b3e5ea16c3fc6c5967ac6003a95,-15.742186453574949,-48.17183919616838,-15.74217603941775,-48.1717891223497,2026-02,2026,37CmPLZMlNQgOeOo89eUcA,53.759637210996644,© Google,OK,2_6,160059.11294319792,8257027.436267308,918e1ec30e434f42b063a4e95bf4245491f329ee,cardinal,4,3,270_deg_west,cardinal,270,0,90,640,640,8,batch_0008,660,datasets/df_2024_proportional/batch_0008/images/918e1ec30e434f42b063a4e95bf4245491f329ee.jpg,https://raw.githubusercontent.com/GUIA-DD/dataset-streetview/refs/heads/main/datasets/df_2024_proportional/batch_0008/images/918e1ec30e434f42b063a4e95bf4245491f329ee.jpg,True,downloaded,
a0c97d9656913b2deb03160d5e4286c41da5e0a0,2c187ce9dacbe823255e68d4899936e4042734e0,-15.817624193198936,-48.15332642299152,-15.81757368022158,-48.15333384852278,2026-01,2026,j40GmNJgIZGVdwKWvzpIuA,196.13650030602403,© Google,OK,2_5,162170.11730587273,8248702.022212384,636146241bef57b1debbdbd98c3907072b810778,cardinal,4,0,0_deg_north,cardinal,0,0,90,640,640,8,batch_0008,661,datasets/df_2024_proportional/batch_0008/images/636146241bef57b1debbdbd98c3907072b810778.jpg,https://raw.githubusercontent.com/GUIA-DD/dataset-streetview/refs/heads/main/datasets/df_2024_proportional/batch_0008/images/636146241bef57b1debbdbd98c3907072b810778.jpg,True,downloaded,
a0c97d9656913b2deb03160d5e4286c41da5e0a0,2c187ce9dacbe823255e68d4899936e4042734e0,-15.817624193198936,-48.15332642299152,-15.81757368022158,-48.15333384852278,2026-01,2026,j40GmNJgIZGVdwKWvzpIuA,196.13650030602403,© Google,OK,2_5,162170.11730587273,8248702.022212384,7af4034bece274d825841c58718e0db498b28bde,cardinal,4,1,90_deg_east,cardinal,90,0,90,640,640,8,batch_0008,662,datasets/df_2024_proportional/batch_0008/images/7af4034bece274d825841c58718e0db498b28bde.jpg,https://raw.githubusercontent.com/GUIA-DD/dataset-streetview/refs/heads/main/datasets/df_2024_proportional/batch_0008/images/7af4034bece274d825841c58718e0db498b28bde.jpg,True,downloaded,
a0c97d9656913b2deb03160d5e4286c41da5e0a0,2c187ce9dacbe823255e68d4899936e4042734e0,-15.817624193198936,-48.15332642299152,-15.81757368022158,-48.15333384852278,2026-01,2026,j40GmNJgIZGVdwKWvzpIuA,196.13650030602403,© Google,OK,2_5,162170.11730587273,8248702.022212384,d76b3265dc1839a7304281f6fb05e956077b5885,cardinal,4,2,180_deg_south,cardinal,180,0,90,640,640,8,batch_0008,663,datasets/df_2024_proportional/batch_0008/images/d76b3265dc1839a7304281f6fb05e956077b5885.jpg,https://raw.githubusercontent.com/GUIA-DD/dataset-streetview/refs/heads/main/datasets/df_2024_proportional/batch_0008/images/d76b3265dc1839a7304281f6fb05e956077b5885.jpg,True,downloaded,
a0c97d9656913b2deb03160d5e4286c41da5e0a0,2c187ce9dacbe823255e68d4899936e4042734e0,-15.817624193198936,-48.15332642299152,-15.81757368022158,-48.15333384852278,2026-01,2026,j40GmNJgIZGVdwKWvzpIuA,196.13650030602403,© Google,OK,2_5,162170.11730587273,8248702.022212384,cf2852559752e50307bece387176e393e152341d,cardinal,4,3,270_deg_west,cardinal,270,0,90,640,640,8,batch_0008,664,datasets/df_2024_proportional/batch_0008/images/cf2852559752e50307bece387176e393e152341d.jpg,https://raw.githubusercontent.com/GUIA-DD/dataset-streetview/refs/heads/main/datasets/df_2024_proportional/batch_0008/images/cf2852559752e50307bece387176e393e152341d.jpg,True,downloaded,
a3ce19528275dca17b013ebb632505c93d49cf63,92f5c60a98424c0cbd5c333411ec74730671da59,-15.853494477700801,-47.96709205244626,-15.85349581848702,-47.96710210395153,2024-06,2024,csVPyB-SPhe-MlG_3xM22w,236.7219197295056,© Google,OK,6_4,182194.19476715263,8245020.7338833725,7e037fafdc57e36b7a6ce810275e9be109cd30f4,cardinal,4,0,0_deg_north,cardinal,0,0,90,640,640,8,batch_0008,665,datasets/df_2024_proportional/batch_0008/images/7e037fafdc57e36b7a6ce810275e9be109cd30f4.jpg,https://raw.githubusercontent.com/GUIA-DD/dataset-streetview/refs/heads/main/datasets/df_2024_proportional/batch_0008/images/7e037fafdc57e36b7a6ce810275e9be109cd30f4.jpg,True,downloaded,
a3ce19528275dca17b013ebb632505c93d49cf63,92f5c60a98424c0cbd5c333411ec74730671da59,-15.853494477700801,-47.96709205244626,-15.85349581848702,-47.96710210395153,2024-06,2024,csVPyB-SPhe-MlG_3xM22w,236.7219197295056,© Google,OK,6_4,182194.19476715263,8245020.7338833725,8b27924f9ddfbdc6e6e0d50099e732c1c37496a3,cardinal,4,1,90_deg_east,cardinal,90,0,90,640,640,8,batch_0008,666,datasets/df_2024_proportional/batch_0008/images/8b27924f9ddfbdc6e6e0d50099e732c1c37496a3.jpg,https://raw.githubusercontent.com/GUIA-DD/dataset-streetview/refs/heads/main/datasets/df_2024_proportional/batch_0008/images/8b27924f9ddfbdc6e6e0d50099e732c1c37496a3.jpg,True,downloaded,
a3ce19528275dca17b013ebb632505c93d49cf63,92f5c60a98424c0cbd5c333411ec74730671da59,-15.853494477700801,-47.96709205244626,-15.85349581848702,-47.96710210395153,2024-06,2024,csVPyB-SPhe-MlG_3xM22w,236.7219197295056,© Google,OK,6_4,182194.19476715263,8245020.7338833725,e2b1bc69cb1802264363fd2163e13487bdd2ac0c,cardinal,4,2,180_deg_south,cardinal,180,0,90,640,640,8,batch_0008,667,datasets/df_2024_proportional/batch_0008/images/e2b1bc69cb1802264363fd2163e13487bdd2ac0c.jpg,https://raw.githubusercontent.com/GUIA-DD/dataset-streetview/refs/heads/main/datasets/df_2024_proportional/batch_0008/images/e2b1bc69cb1802264363fd2163e13487bdd2ac0c.jpg,True,downloaded,
a3ce19528275dca17b013ebb632505c93d49cf63,92f5c60a98424c0cbd5c333411ec74730671da59,-15.853494477700801,-47.96709205244626,-15.85349581848702,-47.96710210395153,2024-06,2024,csVPyB-SPhe-MlG_3xM22w,236.7219197295056,© Google,OK,6_4,182194.19476715263,8245020.7338833725,a8c804f02a28e4310f87cbcc1f567e6286690720,cardinal,4,3,270_deg_west,cardinal,270,0,90,640,640,8,batch_0008,668,datasets/df_2024_proportional/batch_0008/images/a8c804f02a28e4310f87cbcc1f567e6286690720.jpg,https://raw.githubusercontent.com/GUIA-DD/dataset-streetview/refs/heads/main/datasets/df_2024_proportional/batch_0008/images/a8c804f02a28e4310f87cbcc1f567e6286690720.jpg,True,downloaded,
a53e313e38a72fbaceeeb40a621eadf7bc82fbd8,60c8d5320b285a6f5910d02fa80baff9602fb98f,-15.796682378841899,-48.13575731969506,-15.79672579204653,-48.135744162783,2026-02,2026,vo5nUzKP65hl4nSB0W6Z8w,157.02454991566984,© Google,OK,3_5,164019.37648090292,8251049.63574241,c00d65d8f4a717c10ce7b0b74d11500f1ffb63cd,cardinal,4,0,0_deg_north,cardinal,0,0,90,640,640,8,batch_0008,669,datasets/df_2024_proportional/batch_0008/images/c00d65d8f4a717c10ce7b0b74d11500f1ffb63cd.jpg,https://raw.githubusercontent.com/GUIA-DD/dataset-streetview/refs/heads/main/datasets/df_2024_proportional/batch_0008/images/c00d65d8f4a717c10ce7b0b74d11500f1ffb63cd.jpg,True,downloaded,
a53e313e38a72fbaceeeb40a621eadf7bc82fbd8,60c8d5320b285a6f5910d02fa80baff9602fb98f,-15.796682378841899,-48.13575731969506,-15.79672579204653,-48.135744162783,2026-02,2026,vo5nUzKP65hl4nSB0W6Z8w,157.02454991566984,© Google,OK,3_5,164019.37648090292,8251049.63574241,10ac6e749425834d781bb20275fbca74aa18707d,cardinal,4,1,90_deg_east,cardinal,90,0,90,640,640,8,batch_0008,670,datasets/df_2024_proportional/batch_0008/images/10ac6e749425834d781bb20275fbca74aa18707d.jpg,https://raw.githubusercontent.com/GUIA-DD/dataset-streetview/refs/heads/main/datasets/df_2024_proportional/batch_0008/images/10ac6e749425834d781bb20275fbca74aa18707d.jpg,True,downloaded,
a53e313e38a72fbaceeeb40a621eadf7bc82fbd8,60c8d5320b285a6f5910d02fa80baff9602fb98f,-15.796682378841899,-48.13575731969506,-15.79672579204653,-48.135744162783,2026-02,2026,vo5nUzKP65hl4nSB0W6Z8w,157.02454991566984,© Google,OK,3_5,164019.37648090292,8251049.63574241,04a32029ed210a4491df2f29908784d4b092a94e,cardinal,4,2,180_deg_south,cardinal,180,0,90,640,640,8,batch_0008,671,datasets/df_2024_proportional/batch_0008/images/04a32029ed210a4491df2f29908784d4b092a94e.jpg,https://raw.githubusercontent.com/GUIA-DD/dataset-streetview/refs/heads/main/datasets/df_2024_proportional/batch_0008/images/04a32029ed210a4491df2f29908784d4b092a94e.jpg,True,downloaded,
a53e313e38a72fbaceeeb40a621eadf7bc82fbd8,60c8d5320b285a6f5910d02fa80baff9602fb98f,-15.796682378841899,-48.13575731969506,-15.79672579204653,-48.135744162783,2026-02,2026,vo5nUzKP65hl4nSB0W6Z8w,157.02454991566984,© Google,OK,3_5,164019.37648090292,8251049.63574241,ff0c680f2ca9c8ae6949147b53424873f109ce42,cardinal,4,3,270_deg_west,cardinal,270,0,90,640,640,8,batch_0008,672,datasets/df_2024_proportional/batch_0008/images/ff0c680f2ca9c8ae6949147b53424873f109ce42.jpg,https://raw.githubusercontent.com/GUIA-DD/dataset-streetview/refs/heads/main/datasets/df_2024_proportional/batch_0008/images/ff0c680f2ca9c8ae6949147b53424873f109ce42.jpg,True,downloaded,
a554eda9aebb268243765778b48b657fac64ff1f,818c4d09e5386828c4fab550963f86f701e36f4c,-15.825055550004539,-48.065256250232274,-15.82507970439162,-48.06525793410746,2024-08,2024,5PgDAE01r9mNq7CTHmdRdg,159.85520249100625,© Google,OK,4_5,171625.31442697934,8248018.83461863,f4f70a6d780f27755cfabe693b2b269e1886c58d,cardinal,4,0,0_deg_north,cardinal,0,0,90,640,640,8,batch_0008,673,datasets/df_2024_proportional/batch_0008/images/f4f70a6d780f27755cfabe693b2b269e1886c58d.jpg,https://raw.githubusercontent.com/GUIA-DD/dataset-streetview/refs/heads/main/datasets/df_2024_proportional/batch_0008/images/f4f70a6d780f27755cfabe693b2b269e1886c58d.jpg,True,downloaded,
a554eda9aebb268243765778b48b657fac64ff1f,818c4d09e5386828c4fab550963f86f701e36f4c,-15.825055550004539,-48.065256250232274,-15.82507970439162,-48.06525793410746,2024-08,2024,5PgDAE01r9mNq7CTHmdRdg,159.85520249100625,© Google,OK,4_5,171625.31442697934,8248018.83461863,3c8c5a3a25e06e6d33e9c05d16dbbd2eb2581219,cardinal,4,1,90_deg_east,cardinal,90,0,90,640,640,8,batch_0008,674,datasets/df_2024_proportional/batch_0008/images/3c8c5a3a25e06e6d33e9c05d16dbbd2eb2581219.jpg,https://raw.githubusercontent.com/GUIA-DD/dataset-streetview/refs/heads/main/datasets/df_2024_proportional/batch_0008/images/3c8c5a3a25e06e6d33e9c05d16dbbd2eb2581219.jpg,True,downloaded,
a554eda9aebb268243765778b48b657fac64ff1f,818c4d09e5386828c4fab550963f86f701e36f4c,-15.825055550004539,-48.065256250232274,-15.82507970439162,-48.06525793410746,2024-08,2024,5PgDAE01r9mNq7CTHmdRdg,159.85520249100625,© Google,OK,4_5,171625.31442697934,8248018.83461863,2737a03077b78bb07906cd0595447cd967f107a7,cardinal,4,2,180_deg_south,cardinal,180,0,90,640,640,8,batch_0008,675,datasets/df_2024_proportional/batch_0008/images/2737a03077b78bb07906cd0595447cd967f107a7.jpg,https://raw.githubusercontent.com/GUIA-DD/dataset-streetview/refs/heads/main/datasets/df_2024_proportional/batch_0008/images/2737a03077b78bb07906cd0595447cd967f107a7.jpg,True,downloaded,
a554eda9aebb268243765778b48b657fac64ff1f,818c4d09e5386828c4fab550963f86f701e36f4c,-15.825055550004539,-48.065256250232274,-15.82507970439162,-48.06525793410746,2024-08,2024,5PgDAE01r9mNq7CTHmdRdg,159.85520249100625,© Google,OK,4_5,171625.31442697934,8248018.83461863,658f13eb2ba1acc26a53e8f0fa1725586f90cf5a,cardinal,4,3,270_deg_west,cardinal,270,0,90,640,640,8,batch_0008,676,datasets/df_2024_proportional/batch_0008/images/658f13eb2ba1acc26a53e8f0fa1725586f90cf5a.jpg,https://raw.githubusercontent.com/GUIA-DD/dataset-streetview/refs/heads/main/datasets/df_2024_proportional/batch_0008/images/658f13eb2ba1acc26a53e8f0fa1725586f90cf5a.jpg,True,downloaded,
a5ac34611bd0109e259d4369a7d326fdb9036c77,de6129b9047444b313bd351e097cee0769683504,-15.790122749825388,-48.11850577438533,-15.79012696026886,-48.11854103434881,2024-07,2024,srcaOt8lx_GeaqeoiSu_5A,250.00956814215436,© Google,OK,3_5,165858.59047378963,8251803.648331818,38213f92e3c3157e86326aa9b400a4d84d95f07d,cardinal,4,0,0_deg_north,cardinal,0,0,90,640,640,8,batch_0008,677,datasets/df_2024_proportional/batch_0008/images/38213f92e3c3157e86326aa9b400a4d84d95f07d.jpg,https://raw.githubusercontent.com/GUIA-DD/dataset-streetview/refs/heads/main/datasets/df_2024_proportional/batch_0008/images/38213f92e3c3157e86326aa9b400a4d84d95f07d.jpg,True,downloaded,
a5ac34611bd0109e259d4369a7d326fdb9036c77,de6129b9047444b313bd351e097cee0769683504,-15.790122749825388,-48.11850577438533,-15.79012696026886,-48.11854103434881,2024-07,2024,srcaOt8lx_GeaqeoiSu_5A,250.00956814215436,© Google,OK,3_5,165858.59047378963,8251803.648331818,860b4118424241561bc6c03192a4ba2040b6fc4f,cardinal,4,1,90_deg_east,cardinal,90,0,90,640,640,8,batch_0008,678,datasets/df_2024_proportional/batch_0008/images/860b4118424241561bc6c03192a4ba2040b6fc4f.jpg,https://raw.githubusercontent.com/GUIA-DD/dataset-streetview/refs/heads/main/datasets/df_2024_proportional/batch_0008/images/860b4118424241561bc6c03192a4ba2040b6fc4f.jpg,True,downloaded,
a5ac34611bd0109e259d4369a7d326fdb9036c77,de6129b9047444b313bd351e097cee0769683504,-15.790122749825388,-48.11850577438533,-15.79012696026886,-48.11854103434881,2024-07,2024,srcaOt8lx_GeaqeoiSu_5A,250.00956814215436,© Google,OK,3_5,165858.59047378963,8251803.648331818,8df2d990ef50b0e08d9ed8e564b2b13eb3f42f10,cardinal,4,2,180_deg_south,cardinal,180,0,90,640,640,8,batch_0008,679,datasets/df_2024_proportional/batch_0008/images/8df2d990ef50b0e08d9ed8e564b2b13eb3f42f10.jpg,https://raw.githubusercontent.com/GUIA-DD/dataset-streetview/refs/heads/main/datasets/df_2024_proportional/batch_0008/images/8df2d990ef50b0e08d9ed8e564b2b13eb3f42f10.jpg,True,downloaded,
a5ac34611bd0109e259d4369a7d326fdb9036c77,de6129b9047444b313bd351e097cee0769683504,-15.790122749825388,-48.11850577438533,-15.79012696026886,-48.11854103434881,2024-07,2024,srcaOt8lx_GeaqeoiSu_5A,250.00956814215436,© Google,OK,3_5,165858.59047378963,8251803.648331818,3055157f63ffaa22eadef6775019335721e9c9ad,cardinal,4,3,270_deg_west,cardinal,270,0,90,640,640,8,batch_0008,680,datasets/df_2024_proportional/batch_0008/images/3055157f63ffaa22eadef6775019335721e9c9ad.jpg,https://raw.githubusercontent.com/GUIA-DD/dataset-streetview/refs/heads/main/datasets/df_2024_proportional/batch_0008/images/3055157f63ffaa22eadef6775019335721e9c9ad.jpg,True,downloaded,
a61124d1f4df65a417a10635e7c4e030dc3fff4b,5de4c801c32af4dbd12596c4089435831f9d359c,-15.797820907221032,-48.055988828797226,-15.79780065251141,-48.05598813112016,2024-09,2024,9EW_toZIFKWvurPp-YcC4A,198.6182379841993,© Google,OK,4_5,172575.0471442731,8251049.491200359,43df4f84ed87d18fd41795b57552d3c9263763d1,cardinal,4,0,0_deg_north,cardinal,0,0,90,640,640,8,batch_0008,681,datasets/df_2024_proportional/batch_0008/images/43df4f84ed87d18fd41795b57552d3c9263763d1.jpg,https://raw.githubusercontent.com/GUIA-DD/dataset-streetview/refs/heads/main/datasets/df_2024_proportional/batch_0008/images/43df4f84ed87d18fd41795b57552d3c9263763d1.jpg,True,downloaded,
a61124d1f4df65a417a10635e7c4e030dc3fff4b,5de4c801c32af4dbd12596c4089435831f9d359c,-15.797820907221032,-48.055988828797226,-15.79780065251141,-48.05598813112016,2024-09,2024,9EW_toZIFKWvurPp-YcC4A,198.6182379841993,© Google,OK,4_5,172575.0471442731,8251049.491200359,293cfddd4b4c52c7b4750bf7ea18fb494e12137d,cardinal,4,1,90_deg_east,cardinal,90,0,90,640,640,8,batch_0008,682,datasets/df_2024_proportional/batch_0008/images/293cfddd4b4c52c7b4750bf7ea18fb494e12137d.jpg,https://raw.githubusercontent.com/GUIA-DD/dataset-streetview/refs/heads/main/datasets/df_2024_proportional/batch_0008/images/293cfddd4b4c52c7b4750bf7ea18fb494e12137d.jpg,True,downloaded,
a61124d1f4df65a417a10635e7c4e030dc3fff4b,5de4c801c32af4dbd12596c4089435831f9d359c,-15.797820907221032,-48.055988828797226,-15.79780065251141,-48.05598813112016,2024-09,2024,9EW_toZIFKWvurPp-YcC4A,198.6182379841993,© Google,OK,4_5,172575.0471442731,8251049.491200359,09a5a494e32a8a0106aac0865e92148b30ab3aa8,cardinal,4,2,180_deg_south,cardinal,180,0,90,640,640,8,batch_0008,683,datasets/df_2024_proportional/batch_0008/images/09a5a494e32a8a0106aac0865e92148b30ab3aa8.jpg,https://raw.githubusercontent.com/GUIA-DD/dataset-streetview/refs/heads/main/datasets/df_2024_proportional/batch_0008/images/09a5a494e32a8a0106aac0865e92148b30ab3aa8.jpg,True,downloaded,
a61124d1f4df65a417a10635e7c4e030dc3fff4b,5de4c801c32af4dbd12596c4089435831f9d359c,-15.797820907221032,-48.055988828797226,-15.79780065251141,-48.05598813112016,2024-09,2024,9EW_toZIFKWvurPp-YcC4A,198.6182379841993,© Google,OK,4_5,172575.0471442731,8251049.491200359,7f09547d26ff28d73ba3ec9a53775ea40a92216f,cardinal,4,3,270_deg_west,cardinal,270,0,90,640,640,8,batch_0008,684,datasets/df_2024_proportional/batch_0008/images/7f09547d26ff28d73ba3ec9a53775ea40a92216f.jpg,https://raw.githubusercontent.com/GUIA-DD/dataset-streetview/refs/heads/main/datasets/df_2024_proportional/batch_0008/images/7f09547d26ff28d73ba3ec9a53775ea40a92216f.jpg,True,downloaded,
a65797534a7c996eca8c00ad34304c4d55e6e5b3,63c6669fa1da4e060234616b18230fecb7adc11a,-15.75115724999999,-47.910368299999924,-15.75116751660327,-47.91032656712626,2024-05,2024,3xx05szKJL-aAWbAH6A5mA,174.88371168581057,© Google,OK,7_6,188117.51636413604,8256438.301285733,74cdddfa60b2a85a07079cd33e2f96b709208ab7,cardinal,4,0,0_deg_north,cardinal,0,0,90,640,640,8,batch_0008,685,datasets/df_2024_proportional/batch_0008/images/74cdddfa60b2a85a07079cd33e2f96b709208ab7.jpg,https://raw.githubusercontent.com/GUIA-DD/dataset-streetview/refs/heads/main/datasets/df_2024_proportional/batch_0008/images/74cdddfa60b2a85a07079cd33e2f96b709208ab7.jpg,True,downloaded,
a65797534a7c996eca8c00ad34304c4d55e6e5b3,63c6669fa1da4e060234616b18230fecb7adc11a,-15.75115724999999,-47.910368299999924,-15.75116751660327,-47.91032656712626,2024-05,2024,3xx05szKJL-aAWbAH6A5mA,174.88371168581057,© Google,OK,7_6,188117.51636413604,8256438.301285733,539f39f68e2b095acdc34ab3f9dfbc1497de57e4,cardinal,4,1,90_deg_east,cardinal,90,0,90,640,640,8,batch_0008,686,datasets/df_2024_proportional/batch_0008/images/539f39f68e2b095acdc34ab3f9dfbc1497de57e4.jpg,https://raw.githubusercontent.com/GUIA-DD/dataset-streetview/refs/heads/main/datasets/df_2024_proportional/batch_0008/images/539f39f68e2b095acdc34ab3f9dfbc1497de57e4.jpg,True,downloaded,
a65797534a7c996eca8c00ad34304c4d55e6e5b3,63c6669fa1da4e060234616b18230fecb7adc11a,-15.75115724999999,-47.910368299999924,-15.75116751660327,-47.91032656712626,2024-05,2024,3xx05szKJL-aAWbAH6A5mA,174.88371168581057,© Google,OK,7_6,188117.51636413604,8256438.301285733,d1f79de7082843fbf3b523b33065ff4f04a23cff,cardinal,4,2,180_deg_south,cardinal,180,0,90,640,640,8,batch_0008,687,datasets/df_2024_proportional/batch_0008/images/d1f79de7082843fbf3b523b33065ff4f04a23cff.jpg,https://raw.githubusercontent.com/GUIA-DD/dataset-streetview/refs/heads/main/datasets/df_2024_proportional/batch_0008/images/d1f79de7082843fbf3b523b33065ff4f04a23cff.jpg,True,downloaded,
a65797534a7c996eca8c00ad34304c4d55e6e5b3,63c6669fa1da4e060234616b18230fecb7adc11a,-15.75115724999999,-47.910368299999924,-15.75116751660327,-47.91032656712626,2024-05,2024,3xx05szKJL-aAWbAH6A5mA,174.88371168581057,© Google,OK,7_6,188117.51636413604,8256438.301285733,1297ee2354f95ff923d7b98d3b8c4c98bed28bf3,cardinal,4,3,270_deg_west,cardinal,270,0,90,640,640,8,batch_0008,688,datasets/df_2024_proportional/batch_0008/images/1297ee2354f95ff923d7b98d3b8c4c98bed28bf3.jpg,https://raw.githubusercontent.com/GUIA-DD/dataset-streetview/refs/heads/main/datasets/df_2024_proportional/batch_0008/images/1297ee2354f95ff923d7b98d3b8c4c98bed28bf3.jpg,True,downloaded,
a7613483503dc51ad56861d772e2d2404874150d,8368a45fbc063b3aa064907c5308615d9eb20dac,-15.877083850008214,-48.11394240011308,-15.87709163069633,-48.11393165614628,2025-03,2025,8csmXa4Kt-Z7f30kOsBNpw,334.39233078201994,© Google,OK,3_3,166490.9212734979,8242179.710255482,001ea63ae2ab7f0e63bc2f5b4ca82b19701db3cd,cardinal,4,0,0_deg_north,cardinal,0,0,90,640,640,8,batch_0008,689,datasets/df_2024_proportional/batch_0008/images/001ea63ae2ab7f0e63bc2f5b4ca82b19701db3cd.jpg,https://raw.githubusercontent.com/GUIA-DD/dataset-streetview/refs/heads/main/datasets/df_2024_proportional/batch_0008/images/001ea63ae2ab7f0e63bc2f5b4ca82b19701db3cd.jpg,True,downloaded,
a7613483503dc51ad56861d772e2d2404874150d,8368a45fbc063b3aa064907c5308615d9eb20dac,-15.877083850008214,-48.11394240011308,-15.87709163069633,-48.11393165614628,2025-03,2025,8csmXa4Kt-Z7f30kOsBNpw,334.39233078201994,© Google,OK,3_3,166490.9212734979,8242179.710255482,ba6b46bada6aa3d7fea3e44e7d35b45315aeb6f2,cardinal,4,1,90_deg_east,cardinal,90,0,90,640,640,8,batch_0008,690,datasets/df_2024_proportional/batch_0008/images/ba6b46bada6aa3d7fea3e44e7d35b45315aeb6f2.jpg,https://raw.githubusercontent.com/GUIA-DD/dataset-streetview/refs/heads/main/datasets/df_2024_proportional/batch_0008/images/ba6b46bada6aa3d7fea3e44e7d35b45315aeb6f2.jpg,True,downloaded,
a7613483503dc51ad56861d772e2d2404874150d,8368a45fbc063b3aa064907c5308615d9eb20dac,-15.877083850008214,-48.11394240011308,-15.87709163069633,-48.11393165614628,2025-03,2025,8csmXa4Kt-Z7f30kOsBNpw,334.39233078201994,© Google,OK,3_3,166490.9212734979,8242179.710255482,eb561abcf22872b1506399058d0c23bca9cb48f4,cardinal,4,2,180_deg_south,cardinal,180,0,90,640,640,8,batch_0008,691,datasets/df_2024_proportional/batch_0008/images/eb561abcf22872b1506399058d0c23bca9cb48f4.jpg,https://raw.githubusercontent.com/GUIA-DD/dataset-streetview/refs/heads/main/datasets/df_2024_proportional/batch_0008/images/eb561abcf22872b1506399058d0c23bca9cb48f4.jpg,True,downloaded,
a7613483503dc51ad56861d772e2d2404874150d,8368a45fbc063b3aa064907c5308615d9eb20dac,-15.877083850008214,-48.11394240011308,-15.87709163069633,-48.11393165614628,2025-03,2025,8csmXa4Kt-Z7f30kOsBNpw,334.39233078201994,© Google,OK,3_3,166490.9212734979,8242179.710255482,620f5f9114709032065bb43f9790ad1eed351c7d,cardinal,4,3,270_deg_west,cardinal,270,0,90,640,640,8,batch_0008,692,datasets/df_2024_proportional/batch_0008/images/620f5f9114709032065bb43f9790ad1eed351c7d.jpg,https://raw.githubusercontent.com/GUIA-DD/dataset-streetview/refs/heads/main/datasets/df_2024_proportional/batch_0008/images/620f5f9114709032065bb43f9790ad1eed351c7d.jpg,True,downloaded,
a7e5e1f708362e437b20f39ec4b00133bce7cbfd,6f218bb522d724c3f43cea81b13a5d97a8d24823,-15.826059550026091,-48.141975700043936,-15.82605350959711,-48.14197179519564,2026-02,2026,sW_4utxAiKErNUSuOZrlZQ,299.2704684286426,© Google,OK,2_5,163401.2009181347,8247786.006020391,f74911b0727978fb41d22faf85b86a3fa55c2789,cardinal,4,0,0_deg_north,cardinal,0,0,90,640,640,8,batch_0008,693,datasets/df_2024_proportional/batch_0008/images/f74911b0727978fb41d22faf85b86a3fa55c2789.jpg,https://raw.githubusercontent.com/GUIA-DD/dataset-streetview/refs/heads/main/datasets/df_2024_proportional/batch_0008/images/f74911b0727978fb41d22faf85b86a3fa55c2789.jpg,True,downloaded,
a7e5e1f708362e437b20f39ec4b00133bce7cbfd,6f218bb522d724c3f43cea81b13a5d97a8d24823,-15.826059550026091,-48.141975700043936,-15.82605350959711,-48.14197179519564,2026-02,2026,sW_4utxAiKErNUSuOZrlZQ,299.2704684286426,© Google,OK,2_5,163401.2009181347,8247786.006020391,eab172bcfed0cd9e158a83cdf42bbf4e73cae0f5,cardinal,4,1,90_deg_east,cardinal,90,0,90,640,640,8,batch_0008,694,datasets/df_2024_proportional/batch_0008/images/eab172bcfed0cd9e158a83cdf42bbf4e73cae0f5.jpg,https://raw.githubusercontent.com/GUIA-DD/dataset-streetview/refs/heads/main/datasets/df_2024_proportional/batch_0008/images/eab172bcfed0cd9e158a83cdf42bbf4e73cae0f5.jpg,True,downloaded,
a7e5e1f708362e437b20f39ec4b00133bce7cbfd,6f218bb522d724c3f43cea81b13a5d97a8d24823,-15.826059550026091,-48.141975700043936,-15.82605350959711,-48.14197179519564,2026-02,2026,sW_4utxAiKErNUSuOZrlZQ,299.2704684286426,© Google,OK,2_5,163401.2009181347,8247786.006020391,a196e2e65ba985fe660e03d1db3fa459db0977c9,cardinal,4,2,180_deg_south,cardinal,180,0,90,640,640,8,batch_0008,695,datasets/df_2024_proportional/batch_0008/images/a196e2e65ba985fe660e03d1db3fa459db0977c9.jpg,https://raw.githubusercontent.com/GUIA-DD/dataset-streetview/refs/heads/main/datasets/df_2024_proportional/batch_0008/images/a196e2e65ba985fe660e03d1db3fa459db0977c9.jpg,True,downloaded,
a7e5e1f708362e437b20f39ec4b00133bce7cbfd,6f218bb522d724c3f43cea81b13a5d97a8d24823,-15.826059550026091,-48.141975700043936,-15.82605350959711,-48.14197179519564,2026-02,2026,sW_4utxAiKErNUSuOZrlZQ,299.2704684286426,© Google,OK,2_5,163401.2009181347,8247786.006020391,cdda9432c86b9da6285f4e47e76ed156122638d5,cardinal,4,3,270_deg_west,cardinal,270,0,90,640,640,8,batch_0008,696,datasets/df_2024_proportional/batch_0008/images/cdda9432c86b9da6285f4e47e76ed156122638d5.jpg,https://raw.githubusercontent.com/GUIA-DD/dataset-streetview/refs/heads/main/datasets/df_2024_proportional/batch_0008/images/cdda9432c86b9da6285f4e47e76ed156122638d5.jpg,True,downloaded,
a804466e179db0e39e5c62656cf0d9208c38d5fd,66a1ae4b140ace868313aa901aaecdfdfc168eab,-15.871007439234747,-47.96782442274003,-15.87101236344627,-47.96786920816349,2024-06,2024,zSF8qAzOxFNx5kHm72zDTA,239.285750636368,© Google,OK,6_4,182143.17281208522,8243080.23341751,a7e303cf0638d9b7c06825e3ec5a5758d5156d3d,cardinal,4,0,0_deg_north,cardinal,0,0,90,640,640,8,batch_0008,697,datasets/df_2024_proportional/batch_0008/images/a7e303cf0638d9b7c06825e3ec5a5758d5156d3d.jpg,https://raw.githubusercontent.com/GUIA-DD/dataset-streetview/refs/heads/main/datasets/df_2024_proportional/batch_0008/images/a7e303cf0638d9b7c06825e3ec5a5758d5156d3d.jpg,True,downloaded,
a804466e179db0e39e5c62656cf0d9208c38d5fd,66a1ae4b140ace868313aa901aaecdfdfc168eab,-15.871007439234747,-47.96782442274003,-15.87101236344627,-47.96786920816349,2024-06,2024,zSF8qAzOxFNx5kHm72zDTA,239.285750636368,© Google,OK,6_4,182143.17281208522,8243080.23341751,8b4e4c3e370e0fbb328c4214eafde24cfae5c381,cardinal,4,1,90_deg_east,cardinal,90,0,90,640,640,8,batch_0008,698,datasets/df_2024_proportional/batch_0008/images/8b4e4c3e370e0fbb328c4214eafde24cfae5c381.jpg,https://raw.githubusercontent.com/GUIA-DD/dataset-streetview/refs/heads/main/datasets/df_2024_proportional/batch_0008/images/8b4e4c3e370e0fbb328c4214eafde24cfae5c381.jpg,True,downloaded,
a804466e179db0e39e5c62656cf0d9208c38d5fd,66a1ae4b140ace868313aa901aaecdfdfc168eab,-15.871007439234747,-47.96782442274003,-15.87101236344627,-47.96786920816349,2024-06,2024,zSF8qAzOxFNx5kHm72zDTA,239.285750636368,© Google,OK,6_4,182143.17281208522,8243080.23341751,e8a2a7a6dea2bdb32b9055cb6c44970da5efabe7,cardinal,4,2,180_deg_south,cardinal,180,0,90,640,640,8,batch_0008,699,datasets/df_2024_proportional/batch_0008/images/e8a2a7a6dea2bdb32b9055cb6c44970da5efabe7.jpg,https://raw.githubusercontent.com/GUIA-DD/dataset-streetview/refs/heads/main/datasets/df_2024_proportional/batch_0008/images/e8a2a7a6dea2bdb32b9055cb6c44970da5efabe7.jpg,True,downloaded,
a804466e179db0e39e5c62656cf0d9208c38d5fd,66a1ae4b140ace868313aa901aaecdfdfc168eab,-15.871007439234747,-47.96782442274003,-15.87101236344627,-47.96786920816349,2024-06,2024,zSF8qAzOxFNx5kHm72zDTA,239.285750636368,© Google,OK,6_4,182143.17281208522,8243080.23341751,2fc1d54ac198a11b5e9b17de6af439b61f479ca3,cardinal,4,3,270_deg_west,cardinal,270,0,90,640,640,8,batch_0008,700,datasets/df_2024_proportional/batch_0008/images/2fc1d54ac198a11b5e9b17de6af439b61f479ca3.jpg,https://raw.githubusercontent.com/GUIA-DD/dataset-streetview/refs/heads/main/datasets/df_2024_proportional/batch_0008/images/2fc1d54ac198a11b5e9b17de6af439b61f479ca3.jpg,True,downloaded,
af4e86fe92b602d9a1292822ff637cd5102cc568,84b06bd9cb4a9711f7a0a59cc1b0f02099d680b0,-15.90688969999955,-48.06323725004136,-15.90686615009872,-48.06325876383254,2025-07,2025,AMFjsJTleiNE4mBZrDBbWg,162.924365831966,© Google,OK,4_3,171974.3788649121,8238958.982425472,46d76546fcdcdd9a0afa60888516a461d6197087,cardinal,4,0,0_deg_north,cardinal,0,0,90,640,640,8,batch_0008,701,datasets/df_2024_proportional/batch_0008/images/46d76546fcdcdd9a0afa60888516a461d6197087.jpg,https://raw.githubusercontent.com/GUIA-DD/dataset-streetview/refs/heads/main/datasets/df_2024_proportional/batch_0008/images/46d76546fcdcdd9a0afa60888516a461d6197087.jpg,True,downloaded,
af4e86fe92b602d9a1292822ff637cd5102cc568,84b06bd9cb4a9711f7a0a59cc1b0f02099d680b0,-15.90688969999955,-48.06323725004136,-15.90686615009872,-48.06325876383254,2025-07,2025,AMFjsJTleiNE4mBZrDBbWg,162.924365831966,© Google,OK,4_3,171974.3788649121,8238958.982425472,0eafbb5b12e743bc776e02f72fe975732e0b6cc4,cardinal,4,1,90_deg_east,cardinal,90,0,90,640,640,8,batch_0008,702,datasets/df_2024_proportional/batch_0008/images/0eafbb5b12e743bc776e02f72fe975732e0b6cc4.jpg,https://raw.githubusercontent.com/GUIA-DD/dataset-streetview/refs/heads/main/datasets/df_2024_proportional/batch_0008/images/0eafbb5b12e743bc776e02f72fe975732e0b6cc4.jpg,True,downloaded,
af4e86fe92b602d9a1292822ff637cd5102cc568,84b06bd9cb4a9711f7a0a59cc1b0f02099d680b0,-15.90688969999955,-48.06323725004136,-15.90686615009872,-48.06325876383254,2025-07,2025,AMFjsJTleiNE4mBZrDBbWg,162.924365831966,© Google,OK,4_3,171974.3788649121,8238958.982425472,4a19bf19c4a7641a2971ba08bced909db001a54f,cardinal,4,2,180_deg_south,cardinal,180,0,90,640,640,8,batch_0008,703,datasets/df_2024_proportional/batch_0008/images/4a19bf19c4a7641a2971ba08bced909db001a54f.jpg,https://raw.githubusercontent.com/GUIA-DD/dataset-streetview/refs/heads/main/datasets/df_2024_proportional/batch_0008/images/4a19bf19c4a7641a2971ba08bced909db001a54f.jpg,True,downloaded,
af4e86fe92b602d9a1292822ff637cd5102cc568,84b06bd9cb4a9711f7a0a59cc1b0f02099d680b0,-15.90688969999955,-48.06323725004136,-15.90686615009872,-48.06325876383254,2025-07,2025,AMFjsJTleiNE4mBZrDBbWg,162.924365831966,© Google,OK,4_3,171974.3788649121,8238958.982425472,cf189506e498c3063f0af1a560f89c667174c232,cardinal,4,3,270_deg_west,cardinal,270,0,90,640,640,8,batch_0008,704,datasets/df_2024_proportional/batch_0008/images/cf189506e498c3063f0af1a560f89c667174c232.jpg,https://raw.githubusercontent.com/GUIA-DD/dataset-streetview/refs/heads/main/datasets/df_2024_proportional/batch_0008/images/cf189506e498c3063f0af1a560f89c667174c232.jpg,True,downloaded,
af8ead08137d65568e00a644f39a441a16cb0d47,9edd7efc0eccfb0bd7a282e3b297ccb6d60a60cc,-15.702405900310616,-47.87570869964749,-15.7024083136255,-47.87566570711599,2024-05,2024,ZHCEP94NQi3bjBPvAk4xKg,232.95773267854696,© Google,OK,8_7,191760.919992546,8261887.59689112,17ccd92439e39bc7b8f19a46e2b193ef4f10dc1a,cardinal,4,0,0_deg_north,cardinal,0,0,90,640,640,8,batch_0008,705,datasets/df_2024_proportional/batch_0008/images/17ccd92439e39bc7b8f19a46e2b193ef4f10dc1a.jpg,https://raw.githubusercontent.com/GUIA-DD/dataset-streetview/refs/heads/main/datasets/df_2024_proportional/batch_0008/images/17ccd92439e39bc7b8f19a46e2b193ef4f10dc1a.jpg,True,downloaded,
af8ead08137d65568e00a644f39a441a16cb0d47,9edd7efc0eccfb0bd7a282e3b297ccb6d60a60cc,-15.702405900310616,-47.87570869964749,-15.7024083136255,-47.87566570711599,2024-05,2024,ZHCEP94NQi3bjBPvAk4xKg,232.95773267854696,© Google,OK,8_7,191760.919992546,8261887.59689112,bfb992ab8d232c9ca4bbe487db731d5161bd51b1,cardinal,4,1,90_deg_east,cardinal,90,0,90,640,640,8,batch_0008,706,datasets/df_2024_proportional/batch_0008/images/bfb992ab8d232c9ca4bbe487db731d5161bd51b1.jpg,https://raw.githubusercontent.com/GUIA-DD/dataset-streetview/refs/heads/main/datasets/df_2024_proportional/batch_0008/images/bfb992ab8d232c9ca4bbe487db731d5161bd51b1.jpg,True,downloaded,
af8ead08137d65568e00a644f39a441a16cb0d47,9edd7efc0eccfb0bd7a282e3b297ccb6d60a60cc,-15.702405900310616,-47.87570869964749,-15.7024083136255,-47.87566570711599,2024-05,2024,ZHCEP94NQi3bjBPvAk4xKg,232.95773267854696,© Google,OK,8_7,191760.919992546,8261887.59689112,7b7c34fde30d812e46099caec0c3fe8e567737b4,cardinal,4,2,180_deg_south,cardinal,180,0,90,640,640,8,batch_0008,707,datasets/df_2024_proportional/batch_0008/images/7b7c34fde30d812e46099caec0c3fe8e567737b4.jpg,https://raw.githubusercontent.com/GUIA-DD/dataset-streetview/refs/heads/main/datasets/df_2024_proportional/batch_0008/images/7b7c34fde30d812e46099caec0c3fe8e567737b4.jpg,True,downloaded,
af8ead08137d65568e00a644f39a441a16cb0d47,9edd7efc0eccfb0bd7a282e3b297ccb6d60a60cc,-15.702405900310616,-47.87570869964749,-15.7024083136255,-47.87566570711599,2024-05,2024,ZHCEP94NQi3bjBPvAk4xKg,232.95773267854696,© Google,OK,8_7,191760.919992546,8261887.59689112,9e082fc17bba162795b97a290f6a9459338d193b,cardinal,4,3,270_deg_west,cardinal,270,0,90,640,640,8,batch_0008,708,datasets/df_2024_proportional/batch_0008/images/9e082fc17bba162795b97a290f6a9459338d193b.jpg,https://raw.githubusercontent.com/GUIA-DD/dataset-streetview/refs/heads/main/datasets/df_2024_proportional/batch_0008/images/9e082fc17bba162795b97a290f6a9459338d193b.jpg,True,downloaded,
b13f2c27acbbb762c93cff474539ab8d442dbc47,a3c975edd508bbf99e21d1834ed9ab1136608868,-15.736157584254071,-47.898348703251756,-15.73615672305309,-47.89830763821801,2024-06,2024,XKh_Kr65LoxPdOcRsKjVvQ,104.07996486169773,© Google,OK,8_7,189383.69499941636,8258117.018039441,42715f5eb73462e6d155cdb3f3a0a758df98d88d,cardinal,4,0,0_deg_north,cardinal,0,0,90,640,640,8,batch_0008,709,datasets/df_2024_proportional/batch_0008/images/42715f5eb73462e6d155cdb3f3a0a758df98d88d.jpg,https://raw.githubusercontent.com/GUIA-DD/dataset-streetview/refs/heads/main/datasets/df_2024_proportional/batch_0008/images/42715f5eb73462e6d155cdb3f3a0a758df98d88d.jpg,True,downloaded,
b13f2c27acbbb762c93cff474539ab8d442dbc47,a3c975edd508bbf99e21d1834ed9ab1136608868,-15.736157584254071,-47.898348703251756,-15.73615672305309,-47.89830763821801,2024-06,2024,XKh_Kr65LoxPdOcRsKjVvQ,104.07996486169773,© Google,OK,8_7,189383.69499941636,8258117.018039441,8635ba5e320be16f60733aba8e971175e303ebc9,cardinal,4,1,90_deg_east,cardinal,90,0,90,640,640,8,batch_0008,710,datasets/df_2024_proportional/batch_0008/images/8635ba5e320be16f60733aba8e971175e303ebc9.jpg,https://raw.githubusercontent.com/GUIA-DD/dataset-streetview/refs/heads/main/datasets/df_2024_proportional/batch_0008/images/8635ba5e320be16f60733aba8e971175e303ebc9.jpg,True,downloaded,
b13f2c27acbbb762c93cff474539ab8d442dbc47,a3c975edd508bbf99e21d1834ed9ab1136608868,-15.736157584254071,-47.898348703251756,-15.73615672305309,-47.89830763821801,2024-06,2024,XKh_Kr65LoxPdOcRsKjVvQ,104.07996486169773,© Google,OK,8_7,189383.69499941636,8258117.018039441,a14635b7ec69db1013d286db7cd7afb3abe58107,cardinal,4,2,180_deg_south,cardinal,180,0,90,640,640,8,batch_0008,711,datasets/df_2024_proportional/batch_0008/images/a14635b7ec69db1013d286db7cd7afb3abe58107.jpg,https://raw.githubusercontent.com/GUIA-DD/dataset-streetview/refs/heads/main/datasets/df_2024_proportional/batch_0008/images/a14635b7ec69db1013d286db7cd7afb3abe58107.jpg,True,downloaded,
b13f2c27acbbb762c93cff474539ab8d442dbc47,a3c975edd508bbf99e21d1834ed9ab1136608868,-15.736157584254071,-47.898348703251756,-15.73615672305309,-47.89830763821801,2024-06,2024,XKh_Kr65LoxPdOcRsKjVvQ,104.07996486169773,© Google,OK,8_7,189383.69499941636,8258117.018039441,92244a31d9ec4982d2b213255e35516bed2d9461,cardinal,4,3,270_deg_west,cardinal,270,0,90,640,640,8,batch_0008,712,datasets/df_2024_proportional/batch_0008/images/92244a31d9ec4982d2b213255e35516bed2d9461.jpg,https://raw.githubusercontent.com/GUIA-DD/dataset-streetview/refs/heads/main/datasets/df_2024_proportional/batch_0008/images/92244a31d9ec4982d2b213255e35516bed2d9461.jpg,True,downloaded,
b170a3993480206285af1dea3f464a952bd51d74,0c6f72f17e8bdccca23aee11a294f6f5311d8f54,-16.012428650418826,-47.990657199904796,-16.01244936704363,-47.99061361300139,2025-01,2025,Tsdeqb0uYJ1Lz5aqDKq42A,77.75372101024352,© Google,OK,6_0,179920.59975157166,8227384.027121799,390f5ea497f5c88be0d71baa7cd6050752d0b896,cardinal,4,0,0_deg_north,cardinal,0,0,90,640,640,8,batch_0008,713,datasets/df_2024_proportional/batch_0008/images/390f5ea497f5c88be0d71baa7cd6050752d0b896.jpg,https://raw.githubusercontent.com/GUIA-DD/dataset-streetview/refs/heads/main/datasets/df_2024_proportional/batch_0008/images/390f5ea497f5c88be0d71baa7cd6050752d0b896.jpg,True,downloaded,
b170a3993480206285af1dea3f464a952bd51d74,0c6f72f17e8bdccca23aee11a294f6f5311d8f54,-16.012428650418826,-47.990657199904796,-16.01244936704363,-47.99061361300139,2025-01,2025,Tsdeqb0uYJ1Lz5aqDKq42A,77.75372101024352,© Google,OK,6_0,179920.59975157166,8227384.027121799,f8a693f84b502d4890c4382d2b4720283e02b898,cardinal,4,1,90_deg_east,cardinal,90,0,90,640,640,8,batch_0008,714,datasets/df_2024_proportional/batch_0008/images/f8a693f84b502d4890c4382d2b4720283e02b898.jpg,https://raw.githubusercontent.com/GUIA-DD/dataset-streetview/refs/heads/main/datasets/df_2024_proportional/batch_0008/images/f8a693f84b502d4890c4382d2b4720283e02b898.jpg,True,downloaded,
b170a3993480206285af1dea3f464a952bd51d74,0c6f72f17e8bdccca23aee11a294f6f5311d8f54,-16.012428650418826,-47.990657199904796,-16.01244936704363,-47.99061361300139,2025-01,2025,Tsdeqb0uYJ1Lz5aqDKq42A,77.75372101024352,© Google,OK,6_0,179920.59975157166,8227384.027121799,ec9331771361a15e69d40716d7d95ccc1f3b4a56,cardinal,4,2,180_deg_south,cardinal,180,0,90,640,640,8,batch_0008,715,datasets/df_2024_proportional/batch_0008/images/ec9331771361a15e69d40716d7d95ccc1f3b4a56.jpg,https://raw.githubusercontent.com/GUIA-DD/dataset-streetview/refs/heads/main/datasets/df_2024_proportional/batch_0008/images/ec9331771361a15e69d40716d7d95ccc1f3b4a56.jpg,True,downloaded,
b170a3993480206285af1dea3f464a952bd51d74,0c6f72f17e8bdccca23aee11a294f6f5311d8f54,-16.012428650418826,-47.990657199904796,-16.01244936704363,-47.99061361300139,2025-01,2025,Tsdeqb0uYJ1Lz5aqDKq42A,77.75372101024352,© Google,OK,6_0,179920.59975157166,8227384.027121799,83136f13af3341b7c29b5d808088d59efd024056,cardinal,4,3,270_deg_west,cardinal,270,0,90,640,640,8,batch_0008,716,datasets/df_2024_proportional/batch_0008/images/83136f13af3341b7c29b5d808088d59efd024056.jpg,https://raw.githubusercontent.com/GUIA-DD/dataset-streetview/refs/heads/main/datasets/df_2024_proportional/batch_0008/images/83136f13af3341b7c29b5d808088d59efd024056.jpg,True,downloaded,
b21966b9aeae80970572418ccfdb77865147456d,e692915821029302693133e1d38b73a9ab2d7b4d,-15.802998050060344,-47.81151159976008,-15.80298342102096,-47.81150306342425,2024-12,2024,frzKe4a6QsmEey5WFwUjHQ,194.46412003353169,© Google,OK,9_5,198795.33072650162,8250841.969844425,881c4164b3c2320ff73f05986a574c28d19099ff,cardinal,4,0,0_deg_north,cardinal,0,0,90,640,640,8,batch_0008,717,datasets/df_2024_proportional/batch_0008/images/881c4164b3c2320ff73f05986a574c28d19099ff.jpg,https://raw.githubusercontent.com/GUIA-DD/dataset-streetview/refs/heads/main/datasets/df_2024_proportional/batch_0008/images/881c4164b3c2320ff73f05986a574c28d19099ff.jpg,True,downloaded,
b21966b9aeae80970572418ccfdb77865147456d,e692915821029302693133e1d38b73a9ab2d7b4d,-15.802998050060344,-47.81151159976008,-15.80298342102096,-47.81150306342425,2024-12,2024,frzKe4a6QsmEey5WFwUjHQ,194.46412003353169,© Google,OK,9_5,198795.33072650162,8250841.969844425,b8f9d155b2b88de5fd4a12f1af925df99116b0b7,cardinal,4,1,90_deg_east,cardinal,90,0,90,640,640,8,batch_0008,718,datasets/df_2024_proportional/batch_0008/images/b8f9d155b2b88de5fd4a12f1af925df99116b0b7.jpg,https://raw.githubusercontent.com/GUIA-DD/dataset-streetview/refs/heads/main/datasets/df_2024_proportional/batch_0008/images/b8f9d155b2b88de5fd4a12f1af925df99116b0b7.jpg,True,downloaded,
b21966b9aeae80970572418ccfdb77865147456d,e692915821029302693133e1d38b73a9ab2d7b4d,-15.802998050060344,-47.81151159976008,-15.80298342102096,-47.81150306342425,2024-12,2024,frzKe4a6QsmEey5WFwUjHQ,194.46412003353169,© Google,OK,9_5,198795.33072650162,8250841.969844425,040407700ede0dd57e45350c94bad95e036dd2bd,cardinal,4,2,180_deg_south,cardinal,180,0,90,640,640,8,batch_0008,719,datasets/df_2024_proportional/batch_0008/images/040407700ede0dd57e45350c94bad95e036dd2bd.jpg,https://raw.githubusercontent.com/GUIA-DD/dataset-streetview/refs/heads/main/datasets/df_2024_proportional/batch_0008/images/040407700ede0dd57e45350c94bad95e036dd2bd.jpg,True,downloaded,
b21966b9aeae80970572418ccfdb77865147456d,e692915821029302693133e1d38b73a9ab2d7b4d,-15.802998050060344,-47.81151159976008,-15.80298342102096,-47.81150306342425,2024-12,2024,frzKe4a6QsmEey5WFwUjHQ,194.46412003353169,© Google,OK,9_5,198795.33072650162,8250841.969844425,3e97614d47d61edd77acea7f884fca6534a49c86,cardinal,4,3,270_deg_west,cardinal,270,0,90,640,640,8,batch_0008,720,datasets/df_2024_proportional/batch_0008/images/3e97614d47d61edd77acea7f884fca6534a49c86.jpg,https://raw.githubusercontent.com/GUIA-DD/dataset-streetview/refs/heads/main/datasets/df_2024_proportional/batch_0008/images/3e97614d47d61edd77acea7f884fca6534a49c86.jpg,True,downloaded,
b221dda0a2369cbf9da1b19cf6c8806dd906f4dd,390efea5c3a6c630f24e029774b1307bb67c047b,-15.746039352408893,-47.66444040738863,-15.74604622084911,-47.6644150455566,2025-07,2025,1GDZlTYmRz7EXqLYvxtciA,186.4514012736338,© Google,OK,13_6,214481.6874437135,8257353.477239426,b94553fe5fc7bddbc91b1f96df4ee218b7a2c541,cardinal,4,0,0_deg_north,cardinal,0,0,90,640,640,8,batch_0008,721,datasets/df_2024_proportional/batch_0008/images/b94553fe5fc7bddbc91b1f96df4ee218b7a2c541.jpg,https://raw.githubusercontent.com/GUIA-DD/dataset-streetview/refs/heads/main/datasets/df_2024_proportional/batch_0008/images/b94553fe5fc7bddbc91b1f96df4ee218b7a2c541.jpg,True,downloaded,
b221dda0a2369cbf9da1b19cf6c8806dd906f4dd,390efea5c3a6c630f24e029774b1307bb67c047b,-15.746039352408893,-47.66444040738863,-15.74604622084911,-47.6644150455566,2025-07,2025,1GDZlTYmRz7EXqLYvxtciA,186.4514012736338,© Google,OK,13_6,214481.6874437135,8257353.477239426,6fa5960c228c0c643227d1bc3ff35aa72cd1feae,cardinal,4,1,90_deg_east,cardinal,90,0,90,640,640,8,batch_0008,722,datasets/df_2024_proportional/batch_0008/images/6fa5960c228c0c643227d1bc3ff35aa72cd1feae.jpg,https://raw.githubusercontent.com/GUIA-DD/dataset-streetview/refs/heads/main/datasets/df_2024_proportional/batch_0008/images/6fa5960c228c0c643227d1bc3ff35aa72cd1feae.jpg,True,downloaded,
b221dda0a2369cbf9da1b19cf6c8806dd906f4dd,390efea5c3a6c630f24e029774b1307bb67c047b,-15.746039352408893,-47.66444040738863,-15.74604622084911,-47.6644150455566,2025-07,2025,1GDZlTYmRz7EXqLYvxtciA,186.4514012736338,© Google,OK,13_6,214481.6874437135,8257353.477239426,d2a78077a9b7638996ce9c0dd65dc197965784a8,cardinal,4,2,180_deg_south,cardinal,180,0,90,640,640,8,batch_0008,723,datasets/df_2024_proportional/batch_0008/images/d2a78077a9b7638996ce9c0dd65dc197965784a8.jpg,https://raw.githubusercontent.com/GUIA-DD/dataset-streetview/refs/heads/main/datasets/df_2024_proportional/batch_0008/images/d2a78077a9b7638996ce9c0dd65dc197965784a8.jpg,True,downloaded,
b221dda0a2369cbf9da1b19cf6c8806dd906f4dd,390efea5c3a6c630f24e029774b1307bb67c047b,-15.746039352408893,-47.66444040738863,-15.74604622084911,-47.6644150455566,2025-07,2025,1GDZlTYmRz7EXqLYvxtciA,186.4514012736338,© Google,OK,13_6,214481.6874437135,8257353.477239426,0ee9f818964677f054d53b38cfa2ac6e6b7ba5b2,cardinal,4,3,270_deg_west,cardinal,270,0,90,640,640,8,batch_0008,724,datasets/df_2024_proportional/batch_0008/images/0ee9f818964677f054d53b38cfa2ac6e6b7ba5b2.jpg,https://raw.githubusercontent.com/GUIA-DD/dataset-streetview/refs/heads/main/datasets/df_2024_proportional/batch_0008/images/0ee9f818964677f054d53b38cfa2ac6e6b7ba5b2.jpg,True,downloaded,
b2ca314b7a975bff17eb88d7d7abbeaec5baecca,251c1d1760737a1bebe4a9b869d699663bff9cc6,-15.911625095991214,-48.07197514607088,-15.91164098295317,-48.07197596193128,2025-07,2025,Ztpgg0yuToM4utVPnjQxNg,76.39690385193022,© Google,OK,4_3,171045.6332962164,8238420.78416622,e25658cda90f9f4f92ad034be9c4a91341c31385,cardinal,4,0,0_deg_north,cardinal,0,0,90,640,640,8,batch_0008,725,datasets/df_2024_proportional/batch_0008/images/e25658cda90f9f4f92ad034be9c4a91341c31385.jpg,https://raw.githubusercontent.com/GUIA-DD/dataset-streetview/refs/heads/main/datasets/df_2024_proportional/batch_0008/images/e25658cda90f9f4f92ad034be9c4a91341c31385.jpg,True,downloaded,
b2ca314b7a975bff17eb88d7d7abbeaec5baecca,251c1d1760737a1bebe4a9b869d699663bff9cc6,-15.911625095991214,-48.07197514607088,-15.91164098295317,-48.07197596193128,2025-07,2025,Ztpgg0yuToM4utVPnjQxNg,76.39690385193022,© Google,OK,4_3,171045.6332962164,8238420.78416622,a97c8577ac695fcd7b3bc908e7e3bd0f5f8f6a45,cardinal,4,1,90_deg_east,cardinal,90,0,90,640,640,8,batch_0008,726,datasets/df_2024_proportional/batch_0008/images/a97c8577ac695fcd7b3bc908e7e3bd0f5f8f6a45.jpg,https://raw.githubusercontent.com/GUIA-DD/dataset-streetview/refs/heads/main/datasets/df_2024_proportional/batch_0008/images/a97c8577ac695fcd7b3bc908e7e3bd0f5f8f6a45.jpg,True,downloaded,
b2ca314b7a975bff17eb88d7d7abbeaec5baecca,251c1d1760737a1bebe4a9b869d699663bff9cc6,-15.911625095991214,-48.07197514607088,-15.91164098295317,-48.07197596193128,2025-07,2025,Ztpgg0yuToM4utVPnjQxNg,76.39690385193022,© Google,OK,4_3,171045.6332962164,8238420.78416622,89d1c960624221ab8d9988f7b50c21f9882818e4,cardinal,4,2,180_deg_south,cardinal,180,0,90,640,640,8,batch_0008,727,datasets/df_2024_proportional/batch_0008/images/89d1c960624221ab8d9988f7b50c21f9882818e4.jpg,https://raw.githubusercontent.com/GUIA-DD/dataset-streetview/refs/heads/main/datasets/df_2024_proportional/batch_0008/images/89d1c960624221ab8d9988f7b50c21f9882818e4.jpg,True,downloaded,
b2ca314b7a975bff17eb88d7d7abbeaec5baecca,251c1d1760737a1bebe4a9b869d699663bff9cc6,-15.911625095991214,-48.07197514607088,-15.91164098295317,-48.07197596193128,2025-07,2025,Ztpgg0yuToM4utVPnjQxNg,76.39690385193022,© Google,OK,4_3,171045.6332962164,8238420.78416622,62ea7952b4958d55e3650274fb45aa32314f4534,cardinal,4,3,270_deg_west,cardinal,270,0,90,640,640,8,batch_0008,728,datasets/df_2024_proportional/batch_0008/images/62ea7952b4958d55e3650274fb45aa32314f4534.jpg,https://raw.githubusercontent.com/GUIA-DD/dataset-streetview/refs/heads/main/datasets/df_2024_proportional/batch_0008/images/62ea7952b4958d55e3650274fb45aa32314f4534.jpg,True,downloaded,
b4e7484357739beb4f7163e118db02f86e3b77cc,d769d4d45e944f70a78728abebfdefe55130d45e,-15.636873100367383,-47.67324520078092,-15.63687756725102,-47.67324644860809,2024-07,2024,TgfT_nqp33VLuTwbh93Log,306.3054912639814,© Google,OK,12_9,213384.96281628025,8269427.857199353,bee1d9eee47315ff92e464669d64f8a61e7144b4,cardinal,4,0,0_deg_north,cardinal,0,0,90,640,640,8,batch_0008,729,datasets/df_2024_proportional/batch_0008/images/bee1d9eee47315ff92e464669d64f8a61e7144b4.jpg,https://raw.githubusercontent.com/GUIA-DD/dataset-streetview/refs/heads/main/datasets/df_2024_proportional/batch_0008/images/bee1d9eee47315ff92e464669d64f8a61e7144b4.jpg,True,downloaded,
b4e7484357739beb4f7163e118db02f86e3b77cc,d769d4d45e944f70a78728abebfdefe55130d45e,-15.636873100367383,-47.67324520078092,-15.63687756725102,-47.67324644860809,2024-07,2024,TgfT_nqp33VLuTwbh93Log,306.3054912639814,© Google,OK,12_9,213384.96281628025,8269427.857199353,c903f6dbb90fa7cbccf095b6959d1c8852f86b1c,cardinal,4,1,90_deg_east,cardinal,90,0,90,640,640,8,batch_0008,730,datasets/df_2024_proportional/batch_0008/images/c903f6dbb90fa7cbccf095b6959d1c8852f86b1c.jpg,https://raw.githubusercontent.com/GUIA-DD/dataset-streetview/refs/heads/main/datasets/df_2024_proportional/batch_0008/images/c903f6dbb90fa7cbccf095b6959d1c8852f86b1c.jpg,True,downloaded,
b4e7484357739beb4f7163e118db02f86e3b77cc,d769d4d45e944f70a78728abebfdefe55130d45e,-15.636873100367383,-47.67324520078092,-15.63687756725102,-47.67324644860809,2024-07,2024,TgfT_nqp33VLuTwbh93Log,306.3054912639814,© Google,OK,12_9,213384.96281628025,8269427.857199353,10bc8a352eb4bdb83fc4c3cdeceb879940c4cc98,cardinal,4,2,180_deg_south,cardinal,180,0,90,640,640,8,batch_0008,731,datasets/df_2024_proportional/batch_0008/images/10bc8a352eb4bdb83fc4c3cdeceb879940c4cc98.jpg,https://raw.githubusercontent.com/GUIA-DD/dataset-streetview/refs/heads/main/datasets/df_2024_proportional/batch_0008/images/10bc8a352eb4bdb83fc4c3cdeceb879940c4cc98.jpg,True,downloaded,
b4e7484357739beb4f7163e118db02f86e3b77cc,d769d4d45e944f70a78728abebfdefe55130d45e,-15.636873100367383,-47.67324520078092,-15.63687756725102,-47.67324644860809,2024-07,2024,TgfT_nqp33VLuTwbh93Log,306.3054912639814,© Google,OK,12_9,213384.96281628025,8269427.857199353,eecd5f9cd63930022352c4c697e2d0d2b1c5ba7c,cardinal,4,3,270_deg_west,cardinal,270,0,90,640,640,8,batch_0008,732,datasets/df_2024_proportional/batch_0008/images/eecd5f9cd63930022352c4c697e2d0d2b1c5ba7c.jpg,https://raw.githubusercontent.com/GUIA-DD/dataset-streetview/refs/heads/main/datasets/df_2024_proportional/batch_0008/images/eecd5f9cd63930022352c4c697e2d0d2b1c5ba7c.jpg,True,downloaded,
b532e610cf4fc7cc84996d0571e84e2ec8b64a87,6aadfb7e05abcf72b488fa13abcbc470bdb67e8d,-15.87049244999907,-48.06830290002605,-15.87047984363785,-48.06832831665282,2025-06,2025,EwAtHj3GihbJ5rrmZniJ6A,165.04666394927236,© Google,OK,4_4,171372.32698478483,8242981.977537172,a58953487c1116f62f04550ecb640513bbaab5f6,cardinal,4,0,0_deg_north,cardinal,0,0,90,640,640,8,batch_0008,733,datasets/df_2024_proportional/batch_0008/images/a58953487c1116f62f04550ecb640513bbaab5f6.jpg,https://raw.githubusercontent.com/GUIA-DD/dataset-streetview/refs/heads/main/datasets/df_2024_proportional/batch_0008/images/a58953487c1116f62f04550ecb640513bbaab5f6.jpg,True,downloaded,
b532e610cf4fc7cc84996d0571e84e2ec8b64a87,6aadfb7e05abcf72b488fa13abcbc470bdb67e8d,-15.87049244999907,-48.06830290002605,-15.87047984363785,-48.06832831665282,2025-06,2025,EwAtHj3GihbJ5rrmZniJ6A,165.04666394927236,© Google,OK,4_4,171372.32698478483,8242981.977537172,d55088f65ea2edf4ba6e5fc9fbe5f388c5c052df,cardinal,4,1,90_deg_east,cardinal,90,0,90,640,640,8,batch_0008,734,datasets/df_2024_proportional/batch_0008/images/d55088f65ea2edf4ba6e5fc9fbe5f388c5c052df.jpg,https://raw.githubusercontent.com/GUIA-DD/dataset-streetview/refs/heads/main/datasets/df_2024_proportional/batch_0008/images/d55088f65ea2edf4ba6e5fc9fbe5f388c5c052df.jpg,True,downloaded,
b532e610cf4fc7cc84996d0571e84e2ec8b64a87,6aadfb7e05abcf72b488fa13abcbc470bdb67e8d,-15.87049244999907,-48.06830290002605,-15.87047984363785,-48.06832831665282,2025-06,2025,EwAtHj3GihbJ5rrmZniJ6A,165.04666394927236,© Google,OK,4_4,171372.32698478483,8242981.977537172,2857c3d19787aa9921ec480ec1dd3f93d46528cf,cardinal,4,2,180_deg_south,cardinal,180,0,90,640,640,8,batch_0008,735,datasets/df_2024_proportional/batch_0008/images/2857c3d19787aa9921ec480ec1dd3f93d46528cf.jpg,https://raw.githubusercontent.com/GUIA-DD/dataset-streetview/refs/heads/main/datasets/df_2024_proportional/batch_0008/images/2857c3d19787aa9921ec480ec1dd3f93d46528cf.jpg,True,downloaded,
b532e610cf4fc7cc84996d0571e84e2ec8b64a87,6aadfb7e05abcf72b488fa13abcbc470bdb67e8d,-15.87049244999907,-48.06830290002605,-15.87047984363785,-48.06832831665282,2025-06,2025,EwAtHj3GihbJ5rrmZniJ6A,165.04666394927236,© Google,OK,4_4,171372.32698478483,8242981.977537172,3192ac59fc28364552f8101f89dc528ba040a4ac,cardinal,4,3,270_deg_west,cardinal,270,0,90,640,640,8,batch_0008,736,datasets/df_2024_proportional/batch_0008/images/3192ac59fc28364552f8101f89dc528ba040a4ac.jpg,https://raw.githubusercontent.com/GUIA-DD/dataset-streetview/refs/heads/main/datasets/df_2024_proportional/batch_0008/images/3192ac59fc28364552f8101f89dc528ba040a4ac.jpg,True,downloaded,
b5e3cee2646d43caf9cd2541424139b7b40e84d9,342754d4874361da8eadf46947ad455e7fad5cdd,-15.910798900107773,-48.06968554995498,-15.91078996475975,-48.06964690841675,2025-07,2025,5tp-D89lfOnmnTGKc9vBLg,72.0855007330436,© Google,OK,4_3,171289.66428876022,8238515.8938727155,fb222406b4d5a4e0dc46e0569ccf1fd5f99a6daa,cardinal,4,0,0_deg_north,cardinal,0,0,90,640,640,8,batch_0008,737,datasets/df_2024_proportional/batch_0008/images/fb222406b4d5a4e0dc46e0569ccf1fd5f99a6daa.jpg,https://raw.githubusercontent.com/GUIA-DD/dataset-streetview/refs/heads/main/datasets/df_2024_proportional/batch_0008/images/fb222406b4d5a4e0dc46e0569ccf1fd5f99a6daa.jpg,True,downloaded,
b5e3cee2646d43caf9cd2541424139b7b40e84d9,342754d4874361da8eadf46947ad455e7fad5cdd,-15.910798900107773,-48.06968554995498,-15.91078996475975,-48.06964690841675,2025-07,2025,5tp-D89lfOnmnTGKc9vBLg,72.0855007330436,© Google,OK,4_3,171289.66428876022,8238515.8938727155,ee237c7cac29a299757b90b61725cff778cdfc3c,cardinal,4,1,90_deg_east,cardinal,90,0,90,640,640,8,batch_0008,738,datasets/df_2024_proportional/batch_0008/images/ee237c7cac29a299757b90b61725cff778cdfc3c.jpg,https://raw.githubusercontent.com/GUIA-DD/dataset-streetview/refs/heads/main/datasets/df_2024_proportional/batch_0008/images/ee237c7cac29a299757b90b61725cff778cdfc3c.jpg,True,downloaded,
b5e3cee2646d43caf9cd2541424139b7b40e84d9,342754d4874361da8eadf46947ad455e7fad5cdd,-15.910798900107773,-48.06968554995498,-15.91078996475975,-48.06964690841675,2025-07,2025,5tp-D89lfOnmnTGKc9vBLg,72.0855007330436,© Google,OK,4_3,171289.66428876022,8238515.8938727155,577cbebed2155975af4bb4156cbe49c98eef05e3,cardinal,4,2,180_deg_south,cardinal,180,0,90,640,640,8,batch_0008,739,datasets/df_2024_proportional/batch_0008/images/577cbebed2155975af4bb4156cbe49c98eef05e3.jpg,https://raw.githubusercontent.com/GUIA-DD/dataset-streetview/refs/heads/main/datasets/df_2024_proportional/batch_0008/images/577cbebed2155975af4bb4156cbe49c98eef05e3.jpg,True,downloaded,
b5e3cee2646d43caf9cd2541424139b7b40e84d9,342754d4874361da8eadf46947ad455e7fad5cdd,-15.910798900107773,-48.06968554995498,-15.91078996475975,-48.06964690841675,2025-07,2025,5tp-D89lfOnmnTGKc9vBLg,72.0855007330436,© Google,OK,4_3,171289.66428876022,8238515.8938727155,0be40af8e3d0babadb670c7f5d558e0031b1ffa7,cardinal,4,3,270_deg_west,cardinal,270,0,90,640,640,8,batch_0008,740,datasets/df_2024_proportional/batch_0008/images/0be40af8e3d0babadb670c7f5d558e0031b1ffa7.jpg,https://raw.githubusercontent.com/GUIA-DD/dataset-streetview/refs/heads/main/datasets/df_2024_proportional/batch_0008/images/0be40af8e3d0babadb670c7f5d558e0031b1ffa7.jpg,True,downloaded,
b66933dcb71aa669275be75cb47ef05bf4333de9,f84b83d145485d8cd9c224ed1540ec89dd55ff3f,-15.723435707275131,-47.889647720184584,-15.72342438273353,-47.8896759464652,2024-05,2024,HQnjNQ-P5MAG_3NzjyxetA,79.03582480499092,© Google,OK,8_7,190297.5827785861,8259538.538389661,e5bcef9aedca9fcc40afdac4c07a73f604bdcb60,cardinal,4,0,0_deg_north,cardinal,0,0,90,640,640,8,batch_0008,741,datasets/df_2024_proportional/batch_0008/images/e5bcef9aedca9fcc40afdac4c07a73f604bdcb60.jpg,https://raw.githubusercontent.com/GUIA-DD/dataset-streetview/refs/heads/main/datasets/df_2024_proportional/batch_0008/images/e5bcef9aedca9fcc40afdac4c07a73f604bdcb60.jpg,True,downloaded,
b66933dcb71aa669275be75cb47ef05bf4333de9,f84b83d145485d8cd9c224ed1540ec89dd55ff3f,-15.723435707275131,-47.889647720184584,-15.72342438273353,-47.8896759464652,2024-05,2024,HQnjNQ-P5MAG_3NzjyxetA,79.03582480499092,© Google,OK,8_7,190297.5827785861,8259538.538389661,d97d917286eb5e3223d856f35eb209e16583789b,cardinal,4,1,90_deg_east,cardinal,90,0,90,640,640,8,batch_0008,742,datasets/df_2024_proportional/batch_0008/images/d97d917286eb5e3223d856f35eb209e16583789b.jpg,https://raw.githubusercontent.com/GUIA-DD/dataset-streetview/refs/heads/main/datasets/df_2024_proportional/batch_0008/images/d97d917286eb5e3223d856f35eb209e16583789b.jpg,True,downloaded,
b66933dcb71aa669275be75cb47ef05bf4333de9,f84b83d145485d8cd9c224ed1540ec89dd55ff3f,-15.723435707275131,-47.889647720184584,-15.72342438273353,-47.8896759464652,2024-05,2024,HQnjNQ-P5MAG_3NzjyxetA,79.03582480499092,© Google,OK,8_7,190297.5827785861,8259538.538389661,6796ca212af0c48a4b4f485ef64738e482007d57,cardinal,4,2,180_deg_south,cardinal,180,0,90,640,640,8,batch_0008,743,datasets/df_2024_proportional/batch_0008/images/6796ca212af0c48a4b4f485ef64738e482007d57.jpg,https://raw.githubusercontent.com/GUIA-DD/dataset-streetview/refs/heads/main/datasets/df_2024_proportional/batch_0008/images/6796ca212af0c48a4b4f485ef64738e482007d57.jpg,True,downloaded,
b66933dcb71aa669275be75cb47ef05bf4333de9,f84b83d145485d8cd9c224ed1540ec89dd55ff3f,-15.723435707275131,-47.889647720184584,-15.72342438273353,-47.8896759464652,2024-05,2024,HQnjNQ-P5MAG_3NzjyxetA,79.03582480499092,© Google,OK,8_7,190297.5827785861,8259538.538389661,52c47928bb20347ff114301046bc6c6537c183c6,cardinal,4,3,270_deg_west,cardinal,270,0,90,640,640,8,batch_0008,744,datasets/df_2024_proportional/batch_0008/images/52c47928bb20347ff114301046bc6c6537c183c6.jpg,https://raw.githubusercontent.com/GUIA-DD/dataset-streetview/refs/heads/main/datasets/df_2024_proportional/batch_0008/images/52c47928bb20347ff114301046bc6c6537c183c6.jpg,True,downloaded,
b6b34d18b545d1abb1d5cc9ca0cb46429841e0c4,8ad1a2fe64aff21fc5b94367ceb5950d8b48c756,-16.008320250086307,-47.986933299984244,-16.00831272670454,-47.98696528396333,2025-01,2025,cke33c3Leaca8uoDp2aHNg,79.0390325372351,© Google,OK,6_1,180312.9161348902,8227844.748146266,f281b8b5490ef22ddf4d9d06e80c00a8a8ba22ad,cardinal,4,0,0_deg_north,cardinal,0,0,90,640,640,8,batch_0008,745,datasets/df_2024_proportional/batch_0008/images/f281b8b5490ef22ddf4d9d06e80c00a8a8ba22ad.jpg,https://raw.githubusercontent.com/GUIA-DD/dataset-streetview/refs/heads/main/datasets/df_2024_proportional/batch_0008/images/f281b8b5490ef22ddf4d9d06e80c00a8a8ba22ad.jpg,True,downloaded,
b6b34d18b545d1abb1d5cc9ca0cb46429841e0c4,8ad1a2fe64aff21fc5b94367ceb5950d8b48c756,-16.008320250086307,-47.986933299984244,-16.00831272670454,-47.98696528396333,2025-01,2025,cke33c3Leaca8uoDp2aHNg,79.0390325372351,© Google,OK,6_1,180312.9161348902,8227844.748146266,53785e64ac4ba457799887976a9c346c5bd06545,cardinal,4,1,90_deg_east,cardinal,90,0,90,640,640,8,batch_0008,746,datasets/df_2024_proportional/batch_0008/images/53785e64ac4ba457799887976a9c346c5bd06545.jpg,https://raw.githubusercontent.com/GUIA-DD/dataset-streetview/refs/heads/main/datasets/df_2024_proportional/batch_0008/images/53785e64ac4ba457799887976a9c346c5bd06545.jpg,True,downloaded,
b6b34d18b545d1abb1d5cc9ca0cb46429841e0c4,8ad1a2fe64aff21fc5b94367ceb5950d8b48c756,-16.008320250086307,-47.986933299984244,-16.00831272670454,-47.98696528396333,2025-01,2025,cke33c3Leaca8uoDp2aHNg,79.0390325372351,© Google,OK,6_1,180312.9161348902,8227844.748146266,1b3fb5477e2f976e390843350b3a1bd76aeefee6,cardinal,4,2,180_deg_south,cardinal,180,0,90,640,640,8,batch_0008,747,datasets/df_2024_proportional/batch_0008/images/1b3fb5477e2f976e390843350b3a1bd76aeefee6.jpg,https://raw.githubusercontent.com/GUIA-DD/dataset-streetview/refs/heads/main/datasets/df_2024_proportional/batch_0008/images/1b3fb5477e2f976e390843350b3a1bd76aeefee6.jpg,True,downloaded,
b6b34d18b545d1abb1d5cc9ca0cb46429841e0c4,8ad1a2fe64aff21fc5b94367ceb5950d8b48c756,-16.008320250086307,-47.986933299984244,-16.00831272670454,-47.98696528396333,2025-01,2025,cke33c3Leaca8uoDp2aHNg,79.0390325372351,© Google,OK,6_1,180312.9161348902,8227844.748146266,43e0875fa7613196fc8c26f0aa87f4ae26d91149,cardinal,4,3,270_deg_west,cardinal,270,0,90,640,640,8,batch_0008,748,datasets/df_2024_proportional/batch_0008/images/43e0875fa7613196fc8c26f0aa87f4ae26d91149.jpg,https://raw.githubusercontent.com/GUIA-DD/dataset-streetview/refs/heads/main/datasets/df_2024_proportional/batch_0008/images/43e0875fa7613196fc8c26f0aa87f4ae26d91149.jpg,True,downloaded,
b8e7a68fda10992fe4a6b0d1f24a950b7940a031,9dcf9fdb04e4d65e03b0d1f522dca67ed01becb8,-15.845818605391727,-48.02358689051705,-15.84568991794837,-48.02369273652728,2024-10,2024,-Av8U_6cKEN3j1Abbb-m7Q,340.992986161639,© Google,OK,5_4,176125.98929759988,8245784.230382083,bf5d8a2cd069102158808802ae39c8ad2cb5d0bf,cardinal,4,0,0_deg_north,cardinal,0,0,90,640,640,8,batch_0008,749,datasets/df_2024_proportional/batch_0008/images/bf5d8a2cd069102158808802ae39c8ad2cb5d0bf.jpg,https://raw.githubusercontent.com/GUIA-DD/dataset-streetview/refs/heads/main/datasets/df_2024_proportional/batch_0008/images/bf5d8a2cd069102158808802ae39c8ad2cb5d0bf.jpg,True,downloaded,
b8e7a68fda10992fe4a6b0d1f24a950b7940a031,9dcf9fdb04e4d65e03b0d1f522dca67ed01becb8,-15.845818605391727,-48.02358689051705,-15.84568991794837,-48.02369273652728,2024-10,2024,-Av8U_6cKEN3j1Abbb-m7Q,340.992986161639,© Google,OK,5_4,176125.98929759988,8245784.230382083,ca2cb7bd39d02a813c341c7dbbb6e8c83f782bca,cardinal,4,1,90_deg_east,cardinal,90,0,90,640,640,8,batch_0008,750,datasets/df_2024_proportional/batch_0008/images/ca2cb7bd39d02a813c341c7dbbb6e8c83f782bca.jpg,https://raw.githubusercontent.com/GUIA-DD/dataset-streetview/refs/heads/main/datasets/df_2024_proportional/batch_0008/images/ca2cb7bd39d02a813c341c7dbbb6e8c83f782bca.jpg,True,downloaded,
b8e7a68fda10992fe4a6b0d1f24a950b7940a031,9dcf9fdb04e4d65e03b0d1f522dca67ed01becb8,-15.845818605391727,-48.02358689051705,-15.84568991794837,-48.02369273652728,2024-10,2024,-Av8U_6cKEN3j1Abbb-m7Q,340.992986161639,© Google,OK,5_4,176125.98929759988,8245784.230382083,0953507bba55fb68eb0655922ec4027485382722,cardinal,4,2,180_deg_south,cardinal,180,0,90,640,640,8,batch_0008,751,datasets/df_2024_proportional/batch_0008/images/0953507bba55fb68eb0655922ec4027485382722.jpg,https://raw.githubusercontent.com/GUIA-DD/dataset-streetview/refs/heads/main/datasets/df_2024_proportional/batch_0008/images/0953507bba55fb68eb0655922ec4027485382722.jpg,True,downloaded,
b8e7a68fda10992fe4a6b0d1f24a950b7940a031,9dcf9fdb04e4d65e03b0d1f522dca67ed01becb8,-15.845818605391727,-48.02358689051705,-15.84568991794837,-48.02369273652728,2024-10,2024,-Av8U_6cKEN3j1Abbb-m7Q,340.992986161639,© Google,OK,5_4,176125.98929759988,8245784.230382083,586b94277fe351d15418420ef21938b1a126cd41,cardinal,4,3,270_deg_west,cardinal,270,0,90,640,640,8,batch_0008,752,datasets/df_2024_proportional/batch_0008/images/586b94277fe351d15418420ef21938b1a126cd41.jpg,https://raw.githubusercontent.com/GUIA-DD/dataset-streetview/refs/heads/main/datasets/df_2024_proportional/batch_0008/images/586b94277fe351d15418420ef21938b1a126cd41.jpg,True,downloaded,
b97fd3701b3d65748a85142a706a1778dd5dd571,1d602c5b72a2a2f5bd1de1bb3b315beff61a67f0,-15.896755900005111,-48.114241050060166,-15.89679913109625,-48.11424163766281,2025-06,2025,WJgVo-mG89vtdodoYRNJDg,333.23155346521446,© Google,OK,3_3,166491.35787950008,8240000.490502721,883c503c168941ac25e43515ec9bc04416b7b373,cardinal,4,0,0_deg_north,cardinal,0,0,90,640,640,8,batch_0008,753,datasets/df_2024_proportional/batch_0008/images/883c503c168941ac25e43515ec9bc04416b7b373.jpg,https://raw.githubusercontent.com/GUIA-DD/dataset-streetview/refs/heads/main/datasets/df_2024_proportional/batch_0008/images/883c503c168941ac25e43515ec9bc04416b7b373.jpg,True,downloaded,
b97fd3701b3d65748a85142a706a1778dd5dd571,1d602c5b72a2a2f5bd1de1bb3b315beff61a67f0,-15.896755900005111,-48.114241050060166,-15.89679913109625,-48.11424163766281,2025-06,2025,WJgVo-mG89vtdodoYRNJDg,333.23155346521446,© Google,OK,3_3,166491.35787950008,8240000.490502721,2764941c2f9f85a0ec4b03e24870698cf5cc50c8,cardinal,4,1,90_deg_east,cardinal,90,0,90,640,640,8,batch_0008,754,datasets/df_2024_proportional/batch_0008/images/2764941c2f9f85a0ec4b03e24870698cf5cc50c8.jpg,https://raw.githubusercontent.com/GUIA-DD/dataset-streetview/refs/heads/main/datasets/df_2024_proportional/batch_0008/images/2764941c2f9f85a0ec4b03e24870698cf5cc50c8.jpg,True,downloaded,
b97fd3701b3d65748a85142a706a1778dd5dd571,1d602c5b72a2a2f5bd1de1bb3b315beff61a67f0,-15.896755900005111,-48.114241050060166,-15.89679913109625,-48.11424163766281,2025-06,2025,WJgVo-mG89vtdodoYRNJDg,333.23155346521446,© Google,OK,3_3,166491.35787950008,8240000.490502721,699a9a897a5b962203f7568332087f3f3ddf0e87,cardinal,4,2,180_deg_south,cardinal,180,0,90,640,640,8,batch_0008,755,datasets/df_2024_proportional/batch_0008/images/699a9a897a5b962203f7568332087f3f3ddf0e87.jpg,https://raw.githubusercontent.com/GUIA-DD/dataset-streetview/refs/heads/main/datasets/df_2024_proportional/batch_0008/images/699a9a897a5b962203f7568332087f3f3ddf0e87.jpg,True,downloaded,
b97fd3701b3d65748a85142a706a1778dd5dd571,1d602c5b72a2a2f5bd1de1bb3b315beff61a67f0,-15.896755900005111,-48.114241050060166,-15.89679913109625,-48.11424163766281,2025-06,2025,WJgVo-mG89vtdodoYRNJDg,333.23155346521446,© Google,OK,3_3,166491.35787950008,8240000.490502721,e15beaf719177b940f1b9d93f44a64c05d0b5673,cardinal,4,3,270_deg_west,cardinal,270,0,90,640,640,8,batch_0008,756,datasets/df_2024_proportional/batch_0008/images/e15beaf719177b940f1b9d93f44a64c05d0b5673.jpg,https://raw.githubusercontent.com/GUIA-DD/dataset-streetview/refs/heads/main/datasets/df_2024_proportional/batch_0008/images/e15beaf719177b940f1b9d93f44a64c05d0b5673.jpg,True,downloaded,
ba5e9bf0e2dc1e506e2845b9449b78617d5cfc34,062649d26bcec3acda3c821747c5986712b7caba,-16.027154350007578,-48.060354699941435,-16.02719101891859,-48.06036129059191,2025-05,2025,ianP-m8c2LOIX4PUmVCwPw,2.29493146633684,© Google,OK,4_0,172479.19731759137,8225644.319300499,6f6cf73a748ef76f207ecab78985fcf8c1e4cc00,cardinal,4,0,0_deg_north,cardinal,0,0,90,640,640,8,batch_0008,757,datasets/df_2024_proportional/batch_0008/images/6f6cf73a748ef76f207ecab78985fcf8c1e4cc00.jpg,https://raw.githubusercontent.com/GUIA-DD/dataset-streetview/refs/heads/main/datasets/df_2024_proportional/batch_0008/images/6f6cf73a748ef76f207ecab78985fcf8c1e4cc00.jpg,True,downloaded,
ba5e9bf0e2dc1e506e2845b9449b78617d5cfc34,062649d26bcec3acda3c821747c5986712b7caba,-16.027154350007578,-48.060354699941435,-16.02719101891859,-48.06036129059191,2025-05,2025,ianP-m8c2LOIX4PUmVCwPw,2.29493146633684,© Google,OK,4_0,172479.19731759137,8225644.319300499,038a0131b0728e95ea81b05163cd220c56f45ce6,cardinal,4,1,90_deg_east,cardinal,90,0,90,640,640,8,batch_0008,758,datasets/df_2024_proportional/batch_0008/images/038a0131b0728e95ea81b05163cd220c56f45ce6.jpg,https://raw.githubusercontent.com/GUIA-DD/dataset-streetview/refs/heads/main/datasets/df_2024_proportional/batch_0008/images/038a0131b0728e95ea81b05163cd220c56f45ce6.jpg,True,downloaded,
ba5e9bf0e2dc1e506e2845b9449b78617d5cfc34,062649d26bcec3acda3c821747c5986712b7caba,-16.027154350007578,-48.060354699941435,-16.02719101891859,-48.06036129059191,2025-05,2025,ianP-m8c2LOIX4PUmVCwPw,2.29493146633684,© Google,OK,4_0,172479.19731759137,8225644.319300499,d11d7f226bce36bd8e4ce2d0bf51129f40767af8,cardinal,4,2,180_deg_south,cardinal,180,0,90,640,640,8,batch_0008,759,datasets/df_2024_proportional/batch_0008/images/d11d7f226bce36bd8e4ce2d0bf51129f40767af8.jpg,https://raw.githubusercontent.com/GUIA-DD/dataset-streetview/refs/heads/main/datasets/df_2024_proportional/batch_0008/images/d11d7f226bce36bd8e4ce2d0bf51129f40767af8.jpg,True,downloaded,
ba5e9bf0e2dc1e506e2845b9449b78617d5cfc34,062649d26bcec3acda3c821747c5986712b7caba,-16.027154350007578,-48.060354699941435,-16.02719101891859,-48.06036129059191,2025-05,2025,ianP-m8c2LOIX4PUmVCwPw,2.29493146633684,© Google,OK,4_0,172479.19731759137,8225644.319300499,12050254e152c71691cff22a36107b62215841bc,cardinal,4,3,270_deg_west,cardinal,270,0,90,640,640,8,batch_0008,760,datasets/df_2024_proportional/batch_0008/images/12050254e152c71691cff22a36107b62215841bc.jpg,https://raw.githubusercontent.com/GUIA-DD/dataset-streetview/refs/heads/main/datasets/df_2024_proportional/batch_0008/images/12050254e152c71691cff22a36107b62215841bc.jpg,True,downloaded,
be8b21448f14dd21b6bfd24bd9350e2552f7240b,af31e25da89f87793bd6002bdf48b358f59df987,-15.884507750005932,-48.11282335006964,-15.88448571172403,-48.112835069139,2025-06,2025,y0nXRx_MrEpPl-iKuxP-5w,333.19432822945953,© Google,OK,3_3,166623.11038179407,8241359.2755320575,3142c4425d38da669c96c8fb379937f99ccec2af,cardinal,4,0,0_deg_north,cardinal,0,0,90,640,640,8,batch_0008,761,datasets/df_2024_proportional/batch_0008/images/3142c4425d38da669c96c8fb379937f99ccec2af.jpg,https://raw.githubusercontent.com/GUIA-DD/dataset-streetview/refs/heads/main/datasets/df_2024_proportional/batch_0008/images/3142c4425d38da669c96c8fb379937f99ccec2af.jpg,True,downloaded,
be8b21448f14dd21b6bfd24bd9350e2552f7240b,af31e25da89f87793bd6002bdf48b358f59df987,-15.884507750005932,-48.11282335006964,-15.88448571172403,-48.112835069139,2025-06,2025,y0nXRx_MrEpPl-iKuxP-5w,333.19432822945953,© Google,OK,3_3,166623.11038179407,8241359.2755320575,80738a60b9b3176f9d23baeea68db78809ab5818,cardinal,4,1,90_deg_east,cardinal,90,0,90,640,640,8,batch_0008,762,datasets/df_2024_proportional/batch_0008/images/80738a60b9b3176f9d23baeea68db78809ab5818.jpg,https://raw.githubusercontent.com/GUIA-DD/dataset-streetview/refs/heads/main/datasets/df_2024_proportional/batch_0008/images/80738a60b9b3176f9d23baeea68db78809ab5818.jpg,True,downloaded,
be8b21448f14dd21b6bfd24bd9350e2552f7240b,af31e25da89f87793bd6002bdf48b358f59df987,-15.884507750005932,-48.11282335006964,-15.88448571172403,-48.112835069139,2025-06,2025,y0nXRx_MrEpPl-iKuxP-5w,333.19432822945953,© Google,OK,3_3,166623.11038179407,8241359.2755320575,f8147a9d1780c203629ab62eadd934ae76c81e8a,cardinal,4,2,180_deg_south,cardinal,180,0,90,640,640,8,batch_0008,763,datasets/df_2024_proportional/batch_0008/images/f8147a9d1780c203629ab62eadd934ae76c81e8a.jpg,https://raw.githubusercontent.com/GUIA-DD/dataset-streetview/refs/heads/main/datasets/df_2024_proportional/batch_0008/images/f8147a9d1780c203629ab62eadd934ae76c81e8a.jpg,True,downloaded,
be8b21448f14dd21b6bfd24bd9350e2552f7240b,af31e25da89f87793bd6002bdf48b358f59df987,-15.884507750005932,-48.11282335006964,-15.88448571172403,-48.112835069139,2025-06,2025,y0nXRx_MrEpPl-iKuxP-5w,333.19432822945953,© Google,OK,3_3,166623.11038179407,8241359.2755320575,a93a3bd28920200cbfae3ee64b5101957c2a6605,cardinal,4,3,270_deg_west,cardinal,270,0,90,640,640,8,batch_0008,764,datasets/df_2024_proportional/batch_0008/images/a93a3bd28920200cbfae3ee64b5101957c2a6605.jpg,https://raw.githubusercontent.com/GUIA-DD/dataset-streetview/refs/heads/main/datasets/df_2024_proportional/batch_0008/images/a93a3bd28920200cbfae3ee64b5101957c2a6605.jpg,True,downloaded,
c0276f572c60cd8501d42aa3642f453ec8968f03,097db3239e82fd0ce34e0deb0918b8574e46e83c,-15.617595500000405,-47.64382839999693,-15.61762514203932,-47.6438524861569,2025-07,2025,1OQmF6KinPCjLTRX665MXA,182.2033638032608,© Google,OK,13_9,216514.30842937905,8271601.6185036395,aa3f2eafcd73949256c7aea33332e2a88be0b9d7,cardinal,4,0,0_deg_north,cardinal,0,0,90,640,640,8,batch_0008,765,datasets/df_2024_proportional/batch_0008/images/aa3f2eafcd73949256c7aea33332e2a88be0b9d7.jpg,https://raw.githubusercontent.com/GUIA-DD/dataset-streetview/refs/heads/main/datasets/df_2024_proportional/batch_0008/images/aa3f2eafcd73949256c7aea33332e2a88be0b9d7.jpg,True,downloaded,
c0276f572c60cd8501d42aa3642f453ec8968f03,097db3239e82fd0ce34e0deb0918b8574e46e83c,-15.617595500000405,-47.64382839999693,-15.61762514203932,-47.6438524861569,2025-07,2025,1OQmF6KinPCjLTRX665MXA,182.2033638032608,© Google,OK,13_9,216514.30842937905,8271601.6185036395,5a80c799f9a64b0d83de39262d30e4bf8a18da2f,cardinal,4,1,90_deg_east,cardinal,90,0,90,640,640,8,batch_0008,766,datasets/df_2024_proportional/batch_0008/images/5a80c799f9a64b0d83de39262d30e4bf8a18da2f.jpg,https://raw.githubusercontent.com/GUIA-DD/dataset-streetview/refs/heads/main/datasets/df_2024_proportional/batch_0008/images/5a80c799f9a64b0d83de39262d30e4bf8a18da2f.jpg,True,downloaded,
c0276f572c60cd8501d42aa3642f453ec8968f03,097db3239e82fd0ce34e0deb0918b8574e46e83c,-15.617595500000405,-47.64382839999693,-15.61762514203932,-47.6438524861569,2025-07,2025,1OQmF6KinPCjLTRX665MXA,182.2033638032608,© Google,OK,13_9,216514.30842937905,8271601.6185036395,063463cb2d31d75613f9d23b04aeff3f24bd714a,cardinal,4,2,180_deg_south,cardinal,180,0,90,640,640,8,batch_0008,767,datasets/df_2024_proportional/batch_0008/images/063463cb2d31d75613f9d23b04aeff3f24bd714a.jpg,https://raw.githubusercontent.com/GUIA-DD/dataset-streetview/refs/heads/main/datasets/df_2024_proportional/batch_0008/images/063463cb2d31d75613f9d23b04aeff3f24bd714a.jpg,True,downloaded,
c0276f572c60cd8501d42aa3642f453ec8968f03,097db3239e82fd0ce34e0deb0918b8574e46e83c,-15.617595500000405,-47.64382839999693,-15.61762514203932,-47.6438524861569,2025-07,2025,1OQmF6KinPCjLTRX665MXA,182.2033638032608,© Google,OK,13_9,216514.30842937905,8271601.6185036395,4822c51eada761b2c19e43271dad2d08ecd1b974,cardinal,4,3,270_deg_west,cardinal,270,0,90,640,640,8,batch_0008,768,datasets/df_2024_proportional/batch_0008/images/4822c51eada761b2c19e43271dad2d08ecd1b974.jpg,https://raw.githubusercontent.com/GUIA-DD/dataset-streetview/refs/heads/main/datasets/df_2024_proportional/batch_0008/images/4822c51eada761b2c19e43271dad2d08ecd1b974.jpg,True,downloaded,
c039dab04de4637f023e83e9853391aea8b7cb16,172db8cd958360d164556a6ad212728cd9765c92,-15.80406435000859,-47.79512714998788,-15.80405752595792,-47.79509751882776,2025-07,2025,xaA9Pbea8Rto5yx2vA6Lsg,46.80140850510239,© Google,OK,10_5,200553.40813067314,8250747.326761752,b21f9838609dafc2332e287e992a957b751f7ca4,cardinal,4,0,0_deg_north,cardinal,0,0,90,640,640,8,batch_0008,769,datasets/df_2024_proportional/batch_0008/images/b21f9838609dafc2332e287e992a957b751f7ca4.jpg,https://raw.githubusercontent.com/GUIA-DD/dataset-streetview/refs/heads/main/datasets/df_2024_proportional/batch_0008/images/b21f9838609dafc2332e287e992a957b751f7ca4.jpg,True,downloaded,
c039dab04de4637f023e83e9853391aea8b7cb16,172db8cd958360d164556a6ad212728cd9765c92,-15.80406435000859,-47.79512714998788,-15.80405752595792,-47.79509751882776,2025-07,2025,xaA9Pbea8Rto5yx2vA6Lsg,46.80140850510239,© Google,OK,10_5,200553.40813067314,8250747.326761752,cf986015fb1bd71704491640ead5f605d74919a9,cardinal,4,1,90_deg_east,cardinal,90,0,90,640,640,8,batch_0008,770,datasets/df_2024_proportional/batch_0008/images/cf986015fb1bd71704491640ead5f605d74919a9.jpg,https://raw.githubusercontent.com/GUIA-DD/dataset-streetview/refs/heads/main/datasets/df_2024_proportional/batch_0008/images/cf986015fb1bd71704491640ead5f605d74919a9.jpg,True,downloaded,
c039dab04de4637f023e83e9853391aea8b7cb16,172db8cd958360d164556a6ad212728cd9765c92,-15.80406435000859,-47.79512714998788,-15.80405752595792,-47.79509751882776,2025-07,2025,xaA9Pbea8Rto5yx2vA6Lsg,46.80140850510239,© Google,OK,10_5,200553.40813067314,8250747.326761752,2915c6685ae0b4ca9464a3e1b7d0f105e3b584c4,cardinal,4,2,180_deg_south,cardinal,180,0,90,640,640,8,batch_0008,771,datasets/df_2024_proportional/batch_0008/images/2915c6685ae0b4ca9464a3e1b7d0f105e3b584c4.jpg,https://raw.githubusercontent.com/GUIA-DD/dataset-streetview/refs/heads/main/datasets/df_2024_proportional/batch_0008/images/2915c6685ae0b4ca9464a3e1b7d0f105e3b584c4.jpg,True,downloaded,
c039dab04de4637f023e83e9853391aea8b7cb16,172db8cd958360d164556a6ad212728cd9765c92,-15.80406435000859,-47.79512714998788,-15.80405752595792,-47.79509751882776,2025-07,2025,xaA9Pbea8Rto5yx2vA6Lsg,46.80140850510239,© Google,OK,10_5,200553.40813067314,8250747.326761752,6a2dbaca168e24b690b54b725b1143fd0dd1f7e4,cardinal,4,3,270_deg_west,cardinal,270,0,90,640,640,8,batch_0008,772,datasets/df_2024_proportional/batch_0008/images/6a2dbaca168e24b690b54b725b1143fd0dd1f7e4.jpg,https://raw.githubusercontent.com/GUIA-DD/dataset-streetview/refs/heads/main/datasets/df_2024_proportional/batch_0008/images/6a2dbaca168e24b690b54b725b1143fd0dd1f7e4.jpg,True,downloaded,
c39b6af8211e481f36ae550acd74e577a5797b6e,3c341cc852a1fa2263f6effccd24560e7420a5d0,-15.798357000003469,-48.066910850179674,-15.79836909085251,-48.0669666155662,2024-08,2024,3LBloYpUL7gHMftAfSC6qQ,339.8319049289356,© Google,OK,4_5,171404.74795956517,8250973.066781886,0d49452fc2287d03eb748d9fc48e1ca9e45bb37f,cardinal,4,0,0_deg_north,cardinal,0,0,90,640,640,8,batch_0008,773,datasets/df_2024_proportional/batch_0008/images/0d49452fc2287d03eb748d9fc48e1ca9e45bb37f.jpg,https://raw.githubusercontent.com/GUIA-DD/dataset-streetview/refs/heads/main/datasets/df_2024_proportional/batch_0008/images/0d49452fc2287d03eb748d9fc48e1ca9e45bb37f.jpg,True,downloaded,
c39b6af8211e481f36ae550acd74e577a5797b6e,3c341cc852a1fa2263f6effccd24560e7420a5d0,-15.798357000003469,-48.066910850179674,-15.79836909085251,-48.0669666155662,2024-08,2024,3LBloYpUL7gHMftAfSC6qQ,339.8319049289356,© Google,OK,4_5,171404.74795956517,8250973.066781886,523616cae0cc394a70a3ef3d254971bfc0305c10,cardinal,4,1,90_deg_east,cardinal,90,0,90,640,640,8,batch_0008,774,datasets/df_2024_proportional/batch_0008/images/523616cae0cc394a70a3ef3d254971bfc0305c10.jpg,https://raw.githubusercontent.com/GUIA-DD/dataset-streetview/refs/heads/main/datasets/df_2024_proportional/batch_0008/images/523616cae0cc394a70a3ef3d254971bfc0305c10.jpg,True,downloaded,
c39b6af8211e481f36ae550acd74e577a5797b6e,3c341cc852a1fa2263f6effccd24560e7420a5d0,-15.798357000003469,-48.066910850179674,-15.79836909085251,-48.0669666155662,2024-08,2024,3LBloYpUL7gHMftAfSC6qQ,339.8319049289356,© Google,OK,4_5,171404.74795956517,8250973.066781886,22d7b319e795d8cbf9b4d7a1bcbb9fb78036d3d9,cardinal,4,2,180_deg_south,cardinal,180,0,90,640,640,8,batch_0008,775,datasets/df_2024_proportional/batch_0008/images/22d7b319e795d8cbf9b4d7a1bcbb9fb78036d3d9.jpg,https://raw.githubusercontent.com/GUIA-DD/dataset-streetview/refs/heads/main/datasets/df_2024_proportional/batch_0008/images/22d7b319e795d8cbf9b4d7a1bcbb9fb78036d3d9.jpg,True,downloaded,
c39b6af8211e481f36ae550acd74e577a5797b6e,3c341cc852a1fa2263f6effccd24560e7420a5d0,-15.798357000003469,-48.066910850179674,-15.79836909085251,-48.0669666155662,2024-08,2024,3LBloYpUL7gHMftAfSC6qQ,339.8319049289356,© Google,OK,4_5,171404.74795956517,8250973.066781886,81ca01d3415a4edf0bfad755be6102b0da29561b,cardinal,4,3,270_deg_west,cardinal,270,0,90,640,640,8,batch_0008,776,datasets/df_2024_proportional/batch_0008/images/81ca01d3415a4edf0bfad755be6102b0da29561b.jpg,https://raw.githubusercontent.com/GUIA-DD/dataset-streetview/refs/heads/main/datasets/df_2024_proportional/batch_0008/images/81ca01d3415a4edf0bfad755be6102b0da29561b.jpg,True,downloaded,
c40f7f71e5d4f743dc2b00c7c001c23c53371237,fac22e5e488519c19faae20810a4fc1cb4dc3ccc,-15.996289449271254,-47.570156403385795,-15.99629762252274,-47.57012538524069,2025-05,2025,GAeLvSqua2opYyl66GwIJQ,129.5797605739463,© Google,OK,15_1,224931.07750080118,8229774.085709553,44a28d09a36771205df20c04e47f4183b5d9fd79,cardinal,4,0,0_deg_north,cardinal,0,0,90,640,640,8,batch_0008,777,datasets/df_2024_proportional/batch_0008/images/44a28d09a36771205df20c04e47f4183b5d9fd79.jpg,https://raw.githubusercontent.com/GUIA-DD/dataset-streetview/refs/heads/main/datasets/df_2024_proportional/batch_0008/images/44a28d09a36771205df20c04e47f4183b5d9fd79.jpg,True,downloaded,
c40f7f71e5d4f743dc2b00c7c001c23c53371237,fac22e5e488519c19faae20810a4fc1cb4dc3ccc,-15.996289449271254,-47.570156403385795,-15.99629762252274,-47.57012538524069,2025-05,2025,GAeLvSqua2opYyl66GwIJQ,129.5797605739463,© Google,OK,15_1,224931.07750080118,8229774.085709553,1062cd7e30f112d41365ae2fa78ab854520de1b5,cardinal,4,1,90_deg_east,cardinal,90,0,90,640,640,8,batch_0008,778,datasets/df_2024_proportional/batch_0008/images/1062cd7e30f112d41365ae2fa78ab854520de1b5.jpg,https://raw.githubusercontent.com/GUIA-DD/dataset-streetview/refs/heads/main/datasets/df_2024_proportional/batch_0008/images/1062cd7e30f112d41365ae2fa78ab854520de1b5.jpg,True,downloaded,
c40f7f71e5d4f743dc2b00c7c001c23c53371237,fac22e5e488519c19faae20810a4fc1cb4dc3ccc,-15.996289449271254,-47.570156403385795,-15.99629762252274,-47.57012538524069,2025-05,2025,GAeLvSqua2opYyl66GwIJQ,129.5797605739463,© Google,OK,15_1,224931.07750080118,8229774.085709553,87ee82f16ef1b6b6c21f7aceb689bfb68d2642bf,cardinal,4,2,180_deg_south,cardinal,180,0,90,640,640,8,batch_0008,779,datasets/df_2024_proportional/batch_0008/images/87ee82f16ef1b6b6c21f7aceb689bfb68d2642bf.jpg,https://raw.githubusercontent.com/GUIA-DD/dataset-streetview/refs/heads/main/datasets/df_2024_proportional/batch_0008/images/87ee82f16ef1b6b6c21f7aceb689bfb68d2642bf.jpg,True,downloaded,
c40f7f71e5d4f743dc2b00c7c001c23c53371237,fac22e5e488519c19faae20810a4fc1cb4dc3ccc,-15.996289449271254,-47.570156403385795,-15.99629762252274,-47.57012538524069,2025-05,2025,GAeLvSqua2opYyl66GwIJQ,129.5797605739463,© Google,OK,15_1,224931.07750080118,8229774.085709553,a556b891a87209a734f5e3f54e69eb68a1e0c25a,cardinal,4,3,270_deg_west,cardinal,270,0,90,640,640,8,batch_0008,780,datasets/df_2024_proportional/batch_0008/images/a556b891a87209a734f5e3f54e69eb68a1e0c25a.jpg,https://raw.githubusercontent.com/GUIA-DD/dataset-streetview/refs/heads/main/datasets/df_2024_proportional/batch_0008/images/a556b891a87209a734f5e3f54e69eb68a1e0c25a.jpg,True,downloaded,
c5bffbf7b12f876be3d93c83f74afe84c91e6a26,74691b4f3dbfeee4071d08df5f4af378beee47b0,-15.699924026242854,-47.883607985581236,-15.69988667032702,-47.88357108933523,2024-11,2024,5_lEh9OOkwPmorre4zxfTg,57.03478236465688,© Google,OK,8_7,190909.8578108987,8262150.88408825,f3980893ffd300e679dbbb490bc84518c039b36d,cardinal,4,0,0_deg_north,cardinal,0,0,90,640,640,8,batch_0008,781,datasets/df_2024_proportional/batch_0008/images/f3980893ffd300e679dbbb490bc84518c039b36d.jpg,https://raw.githubusercontent.com/GUIA-DD/dataset-streetview/refs/heads/main/datasets/df_2024_proportional/batch_0008/images/f3980893ffd300e679dbbb490bc84518c039b36d.jpg,True,downloaded,
c5bffbf7b12f876be3d93c83f74afe84c91e6a26,74691b4f3dbfeee4071d08df5f4af378beee47b0,-15.699924026242854,-47.883607985581236,-15.69988667032702,-47.88357108933523,2024-11,2024,5_lEh9OOkwPmorre4zxfTg,57.03478236465688,© Google,OK,8_7,190909.8578108987,8262150.88408825,75d42666f0d12a997b8a73ef6d130fd4f97e7f1b,cardinal,4,1,90_deg_east,cardinal,90,0,90,640,640,8,batch_0008,782,datasets/df_2024_proportional/batch_0008/images/75d42666f0d12a997b8a73ef6d130fd4f97e7f1b.jpg,https://raw.githubusercontent.com/GUIA-DD/dataset-streetview/refs/heads/main/datasets/df_2024_proportional/batch_0008/images/75d42666f0d12a997b8a73ef6d130fd4f97e7f1b.jpg,True,downloaded,
c5bffbf7b12f876be3d93c83f74afe84c91e6a26,74691b4f3dbfeee4071d08df5f4af378beee47b0,-15.699924026242854,-47.883607985581236,-15.69988667032702,-47.88357108933523,2024-11,2024,5_lEh9OOkwPmorre4zxfTg,57.03478236465688,© Google,OK,8_7,190909.8578108987,8262150.88408825,fa4495bfc4ffcfaccd85822329947d2d0a546187,cardinal,4,2,180_deg_south,cardinal,180,0,90,640,640,8,batch_0008,783,datasets/df_2024_proportional/batch_0008/images/fa4495bfc4ffcfaccd85822329947d2d0a546187.jpg,https://raw.githubusercontent.com/GUIA-DD/dataset-streetview/refs/heads/main/datasets/df_2024_proportional/batch_0008/images/fa4495bfc4ffcfaccd85822329947d2d0a546187.jpg,True,downloaded,
c5bffbf7b12f876be3d93c83f74afe84c91e6a26,74691b4f3dbfeee4071d08df5f4af378beee47b0,-15.699924026242854,-47.883607985581236,-15.69988667032702,-47.88357108933523,2024-11,2024,5_lEh9OOkwPmorre4zxfTg,57.03478236465688,© Google,OK,8_7,190909.8578108987,8262150.88408825,c9bb82a65c618d5b143588c836ee3c888b4c5ba3,cardinal,4,3,270_deg_west,cardinal,270,0,90,640,640,8,batch_0008,784,datasets/df_2024_proportional/batch_0008/images/c9bb82a65c618d5b143588c836ee3c888b4c5ba3.jpg,https://raw.githubusercontent.com/GUIA-DD/dataset-streetview/refs/heads/main/datasets/df_2024_proportional/batch_0008/images/c9bb82a65c618d5b143588c836ee3c888b4c5ba3.jpg,True,downloaded,
c5dbbaed3cabf15a29cfd3f2126b576c0ea25d3d,c43216aa1e08705424734f7f3412c384753d320b,-15.77924885218845,-47.88358640897943,-15.77929123370628,-47.88359726304828,2024-06,2024,O_lNrrHxKOYtq0Vf4tcynw,354.43161521809316,© Google,OK,8_6,191032.1942984598,8253367.107939678,4b1d128f7fc30b383798c4db23d2f788a0d8f14e,cardinal,4,0,0_deg_north,cardinal,0,0,90,640,640,8,batch_0008,785,datasets/df_2024_proportional/batch_0008/images/4b1d128f7fc30b383798c4db23d2f788a0d8f14e.jpg,https://raw.githubusercontent.com/GUIA-DD/dataset-streetview/refs/heads/main/datasets/df_2024_proportional/batch_0008/images/4b1d128f7fc30b383798c4db23d2f788a0d8f14e.jpg,True,downloaded,
c5dbbaed3cabf15a29cfd3f2126b576c0ea25d3d,c43216aa1e08705424734f7f3412c384753d320b,-15.77924885218845,-47.88358640897943,-15.77929123370628,-47.88359726304828,2024-06,2024,O_lNrrHxKOYtq0Vf4tcynw,354.43161521809316,© Google,OK,8_6,191032.1942984598,8253367.107939678,45eed2dbc9c2382720d6514424914b6b2be1d90b,cardinal,4,1,90_deg_east,cardinal,90,0,90,640,640,8,batch_0008,786,datasets/df_2024_proportional/batch_0008/images/45eed2dbc9c2382720d6514424914b6b2be1d90b.jpg,https://raw.githubusercontent.com/GUIA-DD/dataset-streetview/refs/heads/main/datasets/df_2024_proportional/batch_0008/images/45eed2dbc9c2382720d6514424914b6b2be1d90b.jpg,True,downloaded,
c5dbbaed3cabf15a29cfd3f2126b576c0ea25d3d,c43216aa1e08705424734f7f3412c384753d320b,-15.77924885218845,-47.88358640897943,-15.77929123370628,-47.88359726304828,2024-06,2024,O_lNrrHxKOYtq0Vf4tcynw,354.43161521809316,© Google,OK,8_6,191032.1942984598,8253367.107939678,613f1bbc22ad7c54449eeb63b5bf759abd10d773,cardinal,4,2,180_deg_south,cardinal,180,0,90,640,640,8,batch_0008,787,datasets/df_2024_proportional/batch_0008/images/613f1bbc22ad7c54449eeb63b5bf759abd10d773.jpg,https://raw.githubusercontent.com/GUIA-DD/dataset-streetview/refs/heads/main/datasets/df_2024_proportional/batch_0008/images/613f1bbc22ad7c54449eeb63b5bf759abd10d773.jpg,True,downloaded,
c5dbbaed3cabf15a29cfd3f2126b576c0ea25d3d,c43216aa1e08705424734f7f3412c384753d320b,-15.77924885218845,-47.88358640897943,-15.77929123370628,-47.88359726304828,2024-06,2024,O_lNrrHxKOYtq0Vf4tcynw,354.43161521809316,© Google,OK,8_6,191032.1942984598,8253367.107939678,f7cc044603d18ea04ce9eeca7cb8a38fb9fa47f8,cardinal,4,3,270_deg_west,cardinal,270,0,90,640,640,8,batch_0008,788,datasets/df_2024_proportional/batch_0008/images/f7cc044603d18ea04ce9eeca7cb8a38fb9fa47f8.jpg,https://raw.githubusercontent.com/GUIA-DD/dataset-streetview/refs/heads/main/datasets/df_2024_proportional/batch_0008/images/f7cc044603d18ea04ce9eeca7cb8a38fb9fa47f8.jpg,True,downloaded,
c7451fcc13c118ebe21128b5ba7b8b2e1d7b1d20,84dd6c3dfd63000d78d7a67b783852120dbf46e9,-16.000826000004203,-48.06064069996932,-16.00086250429289,-48.0606640021289,2025-05,2025,Q3o5yhMRy196OQbhyl2uOA,182.91458751691053,© Google,OK,4_1,172405.55324652253,8228559.7157939095,b7dd1c5b9fb36874a53fd549ae1dddd68cfbf3fe,cardinal,4,0,0_deg_north,cardinal,0,0,90,640,640,8,batch_0008,789,datasets/df_2024_proportional/batch_0008/images/b7dd1c5b9fb36874a53fd549ae1dddd68cfbf3fe.jpg,https://raw.githubusercontent.com/GUIA-DD/dataset-streetview/refs/heads/main/datasets/df_2024_proportional/batch_0008/images/b7dd1c5b9fb36874a53fd549ae1dddd68cfbf3fe.jpg,True,downloaded,
c7451fcc13c118ebe21128b5ba7b8b2e1d7b1d20,84dd6c3dfd63000d78d7a67b783852120dbf46e9,-16.000826000004203,-48.06064069996932,-16.00086250429289,-48.0606640021289,2025-05,2025,Q3o5yhMRy196OQbhyl2uOA,182.91458751691053,© Google,OK,4_1,172405.55324652253,8228559.7157939095,5d4acd0fcf2611580ae753cb4dbfd3ff7a03f22c,cardinal,4,1,90_deg_east,cardinal,90,0,90,640,640,8,batch_0008,790,datasets/df_2024_proportional/batch_0008/images/5d4acd0fcf2611580ae753cb4dbfd3ff7a03f22c.jpg,https://raw.githubusercontent.com/GUIA-DD/dataset-streetview/refs/heads/main/datasets/df_2024_proportional/batch_0008/images/5d4acd0fcf2611580ae753cb4dbfd3ff7a03f22c.jpg,True,downloaded,
c7451fcc13c118ebe21128b5ba7b8b2e1d7b1d20,84dd6c3dfd63000d78d7a67b783852120dbf46e9,-16.000826000004203,-48.06064069996932,-16.00086250429289,-48.0606640021289,2025-05,2025,Q3o5yhMRy196OQbhyl2uOA,182.91458751691053,© Google,OK,4_1,172405.55324652253,8228559.7157939095,a6800060fe3a44cac053de223a31d108ad7823db,cardinal,4,2,180_deg_south,cardinal,180,0,90,640,640,8,batch_0008,791,datasets/df_2024_proportional/batch_0008/images/a6800060fe3a44cac053de223a31d108ad7823db.jpg,https://raw.githubusercontent.com/GUIA-DD/dataset-streetview/refs/heads/main/datasets/df_2024_proportional/batch_0008/images/a6800060fe3a44cac053de223a31d108ad7823db.jpg,True,downloaded,
c7451fcc13c118ebe21128b5ba7b8b2e1d7b1d20,84dd6c3dfd63000d78d7a67b783852120dbf46e9,-16.000826000004203,-48.06064069996932,-16.00086250429289,-48.0606640021289,2025-05,2025,Q3o5yhMRy196OQbhyl2uOA,182.91458751691053,© Google,OK,4_1,172405.55324652253,8228559.7157939095,39eddcd470731a3f12bc9eec1ae16b8d10416a97,cardinal,4,3,270_deg_west,cardinal,270,0,90,640,640,8,batch_0008,792,datasets/df_2024_proportional/batch_0008/images/39eddcd470731a3f12bc9eec1ae16b8d10416a97.jpg,https://raw.githubusercontent.com/GUIA-DD/dataset-streetview/refs/heads/main/datasets/df_2024_proportional/batch_0008/images/39eddcd470731a3f12bc9eec1ae16b8d10416a97.jpg,True,downloaded,
c9cd48521a200139bdb3822c78e1303e1b366ea0,bcc855c06b565f2286ffb85a6e6d660b59cd2441,-15.806811400063765,-47.89549064989043,-15.80669997039372,-47.89552619394198,2024-05,2024,w4aK7qNOhZfPhanMCflGOQ,220.16090462075505,© Google,OK,8_5,189797.77471389898,8250297.489245091,9561084c6b48f327bbcd4675344b2208ae293853,cardinal,4,0,0_deg_north,cardinal,0,0,90,640,640,8,batch_0008,793,datasets/df_2024_proportional/batch_0008/images/9561084c6b48f327bbcd4675344b2208ae293853.jpg,https://raw.githubusercontent.com/GUIA-DD/dataset-streetview/refs/heads/main/datasets/df_2024_proportional/batch_0008/images/9561084c6b48f327bbcd4675344b2208ae293853.jpg,True,downloaded,
c9cd48521a200139bdb3822c78e1303e1b366ea0,bcc855c06b565f2286ffb85a6e6d660b59cd2441,-15.806811400063765,-47.89549064989043,-15.80669997039372,-47.89552619394198,2024-05,2024,w4aK7qNOhZfPhanMCflGOQ,220.16090462075505,© Google,OK,8_5,189797.77471389898,8250297.489245091,6cdb19bf160c6d971d128b8b8c8b380aa05f298f,cardinal,4,1,90_deg_east,cardinal,90,0,90,640,640,8,batch_0008,794,datasets/df_2024_proportional/batch_0008/images/6cdb19bf160c6d971d128b8b8c8b380aa05f298f.jpg,https://raw.githubusercontent.com/GUIA-DD/dataset-streetview/refs/heads/main/datasets/df_2024_proportional/batch_0008/images/6cdb19bf160c6d971d128b8b8c8b380aa05f298f.jpg,True,downloaded,
c9cd48521a200139bdb3822c78e1303e1b366ea0,bcc855c06b565f2286ffb85a6e6d660b59cd2441,-15.806811400063765,-47.89549064989043,-15.80669997039372,-47.89552619394198,2024-05,2024,w4aK7qNOhZfPhanMCflGOQ,220.16090462075505,© Google,OK,8_5,189797.77471389898,8250297.489245091,c8d6d5849f85763d862ad7078440510eaf82e549,cardinal,4,2,180_deg_south,cardinal,180,0,90,640,640,8,batch_0008,795,datasets/df_2024_proportional/batch_0008/images/c8d6d5849f85763d862ad7078440510eaf82e549.jpg,https://raw.githubusercontent.com/GUIA-DD/dataset-streetview/refs/heads/main/datasets/df_2024_proportional/batch_0008/images/c8d6d5849f85763d862ad7078440510eaf82e549.jpg,True,downloaded,
c9cd48521a200139bdb3822c78e1303e1b366ea0,bcc855c06b565f2286ffb85a6e6d660b59cd2441,-15.806811400063765,-47.89549064989043,-15.80669997039372,-47.89552619394198,2024-05,2024,w4aK7qNOhZfPhanMCflGOQ,220.16090462075505,© Google,OK,8_5,189797.77471389898,8250297.489245091,cd04919cfe0e944498f927660c86a25e424606c2,cardinal,4,3,270_deg_west,cardinal,270,0,90,640,640,8,batch_0008,796,datasets/df_2024_proportional/batch_0008/images/cd04919cfe0e944498f927660c86a25e424606c2.jpg,https://raw.githubusercontent.com/GUIA-DD/dataset-streetview/refs/heads/main/datasets/df_2024_proportional/batch_0008/images/cd04919cfe0e944498f927660c86a25e424606c2.jpg,True,downloaded,
c9f6e9a38afc05abf07ab4537880530a5a598184,9d5a0cc3e19f2ab45b25c3263018422ee252c8fc,-15.791826868216278,-48.10786253833338,-15.79183500398956,-48.10785078747001,2024-07,2024,azptSx2zi6yZc5__k86GPg,123.509335808051,© Google,OK,3_5,167002.7413030997,8251631.806286189,75bacbc8e883e8a1d54e2e4a0a650e5b5fd52d77,cardinal,4,0,0_deg_north,cardinal,0,0,90,640,640,8,batch_0008,797,datasets/df_2024_proportional/batch_0008/images/75bacbc8e883e8a1d54e2e4a0a650e5b5fd52d77.jpg,https://raw.githubusercontent.com/GUIA-DD/dataset-streetview/refs/heads/main/datasets/df_2024_proportional/batch_0008/images/75bacbc8e883e8a1d54e2e4a0a650e5b5fd52d77.jpg,True,downloaded,
c9f6e9a38afc05abf07ab4537880530a5a598184,9d5a0cc3e19f2ab45b25c3263018422ee252c8fc,-15.791826868216278,-48.10786253833338,-15.79183500398956,-48.10785078747001,2024-07,2024,azptSx2zi6yZc5__k86GPg,123.509335808051,© Google,OK,3_5,167002.7413030997,8251631.806286189,dbdd354a562847f2bd6b4a72d064995684b95118,cardinal,4,1,90_deg_east,cardinal,90,0,90,640,640,8,batch_0008,798,datasets/df_2024_proportional/batch_0008/images/dbdd354a562847f2bd6b4a72d064995684b95118.jpg,https://raw.githubusercontent.com/GUIA-DD/dataset-streetview/refs/heads/main/datasets/df_2024_proportional/batch_0008/images/dbdd354a562847f2bd6b4a72d064995684b95118.jpg,True,downloaded,
c9f6e9a38afc05abf07ab4537880530a5a598184,9d5a0cc3e19f2ab45b25c3263018422ee252c8fc,-15.791826868216278,-48.10786253833338,-15.79183500398956,-48.10785078747001,2024-07,2024,azptSx2zi6yZc5__k86GPg,123.509335808051,© Google,OK,3_5,167002.7413030997,8251631.806286189,33288ebf81a494c3f2ec0a544f2044d6a7d6ad3f,cardinal,4,2,180_deg_south,cardinal,180,0,90,640,640,8,batch_0008,799,datasets/df_2024_proportional/batch_0008/images/33288ebf81a494c3f2ec0a544f2044d6a7d6ad3f.jpg,https://raw.githubusercontent.com/GUIA-DD/dataset-streetview/refs/heads/main/datasets/df_2024_proportional/batch_0008/images/33288ebf81a494c3f2ec0a544f2044d6a7d6ad3f.jpg,True,downloaded,
c9f6e9a38afc05abf07ab4537880530a5a598184,9d5a0cc3e19f2ab45b25c3263018422ee252c8fc,-15.791826868216278,-48.10786253833338,-15.79183500398956,-48.10785078747001,2024-07,2024,azptSx2zi6yZc5__k86GPg,123.509335808051,© Google,OK,3_5,167002.7413030997,8251631.806286189,ba7288e341f523f985f7ced2b8812299b7c6674a,cardinal,4,3,270_deg_west,cardinal,270,0,90,640,640,8,batch_0008,800,datasets/df_2024_proportional/batch_0008/images/ba7288e341f523f985f7ced2b8812299b7c6674a.jpg,https://raw.githubusercontent.com/GUIA-DD/dataset-streetview/refs/heads/main/datasets/df_2024_proportional/batch_0008/images/ba7288e341f523f985f7ced2b8812299b7c6674a.jpg,True,downloaded,
ca77140cc12dbd2c410d4bb488e29ebf26c1f072,2b31b05ee88e49d6080a51afafdcd2bc5de883ab,-15.833152856029832,-47.932074382159165,-15.8331315866937,-47.93207601751843,2024-06,2024,s572eBUEzPWYsG_GyVM0qQ,187.5329494215086,© Google,OK,7_4,185916.26835431758,8247326.13887813,51027098dceb260dc5702787345100d982a778b3,cardinal,4,0,0_deg_north,cardinal,0,0,90,640,640,8,batch_0008,801,datasets/df_2024_proportional/batch_0008/images/51027098dceb260dc5702787345100d982a778b3.jpg,https://raw.githubusercontent.com/GUIA-DD/dataset-streetview/refs/heads/main/datasets/df_2024_proportional/batch_0008/images/51027098dceb260dc5702787345100d982a778b3.jpg,True,downloaded,
ca77140cc12dbd2c410d4bb488e29ebf26c1f072,2b31b05ee88e49d6080a51afafdcd2bc5de883ab,-15.833152856029832,-47.932074382159165,-15.8331315866937,-47.93207601751843,2024-06,2024,s572eBUEzPWYsG_GyVM0qQ,187.5329494215086,© Google,OK,7_4,185916.26835431758,8247326.13887813,8e532ac900943fde3920c7e139788eb5823ae3be,cardinal,4,1,90_deg_east,cardinal,90,0,90,640,640,8,batch_0008,802,datasets/df_2024_proportional/batch_0008/images/8e532ac900943fde3920c7e139788eb5823ae3be.jpg,https://raw.githubusercontent.com/GUIA-DD/dataset-streetview/refs/heads/main/datasets/df_2024_proportional/batch_0008/images/8e532ac900943fde3920c7e139788eb5823ae3be.jpg,True,downloaded,
ca77140cc12dbd2c410d4bb488e29ebf26c1f072,2b31b05ee88e49d6080a51afafdcd2bc5de883ab,-15.833152856029832,-47.932074382159165,-15.8331315866937,-47.93207601751843,2024-06,2024,s572eBUEzPWYsG_GyVM0qQ,187.5329494215086,© Google,OK,7_4,185916.26835431758,8247326.13887813,af4116bdfc727c480bcd46cd6f9438d47f2737ce,cardinal,4,2,180_deg_south,cardinal,180,0,90,640,640,8,batch_0008,803,datasets/df_2024_proportional/batch_0008/images/af4116bdfc727c480bcd46cd6f9438d47f2737ce.jpg,https://raw.githubusercontent.com/GUIA-DD/dataset-streetview/refs/heads/main/datasets/df_2024_proportional/batch_0008/images/af4116bdfc727c480bcd46cd6f9438d47f2737ce.jpg,True,downloaded,
ca77140cc12dbd2c410d4bb488e29ebf26c1f072,2b31b05ee88e49d6080a51afafdcd2bc5de883ab,-15.833152856029832,-47.932074382159165,-15.8331315866937,-47.93207601751843,2024-06,2024,s572eBUEzPWYsG_GyVM0qQ,187.5329494215086,© Google,OK,7_4,185916.26835431758,8247326.13887813,08cc7a2611f91d498294bcf53eadf6e07c4b61b3,cardinal,4,3,270_deg_west,cardinal,270,0,90,640,640,8,batch_0008,804,datasets/df_2024_proportional/batch_0008/images/08cc7a2611f91d498294bcf53eadf6e07c4b61b3.jpg,https://raw.githubusercontent.com/GUIA-DD/dataset-streetview/refs/heads/main/datasets/df_2024_proportional/batch_0008/images/08cc7a2611f91d498294bcf53eadf6e07c4b61b3.jpg,True,downloaded,
cad5c601b3a7d7507a80e0921dd98a03e9739169,c6547b18691996245f8d04873fde5fe6bcd9c3a0,-15.80582180001337,-47.88458534998084,-15.80580035725333,-47.88461865131257,2024-05,2024,RbOv7M_pjQXu67Y8wCbldQ,226.04734455691965,© Google,OK,8_5,190965.4351619773,8250423.148285277,a6e82e4b8fcc592119eabb3a03be82726e54312f,cardinal,4,0,0_deg_north,cardinal,0,0,90,640,640,8,batch_0008,805,datasets/df_2024_proportional/batch_0008/images/a6e82e4b8fcc592119eabb3a03be82726e54312f.jpg,https://raw.githubusercontent.com/GUIA-DD/dataset-streetview/refs/heads/main/datasets/df_2024_proportional/batch_0008/images/a6e82e4b8fcc592119eabb3a03be82726e54312f.jpg,True,downloaded,
cad5c601b3a7d7507a80e0921dd98a03e9739169,c6547b18691996245f8d04873fde5fe6bcd9c3a0,-15.80582180001337,-47.88458534998084,-15.80580035725333,-47.88461865131257,2024-05,2024,RbOv7M_pjQXu67Y8wCbldQ,226.04734455691965,© Google,OK,8_5,190965.4351619773,8250423.148285277,21f4de555893bf97da0fe2318af1b3e9931c6dae,cardinal,4,1,90_deg_east,cardinal,90,0,90,640,640,8,batch_0008,806,datasets/df_2024_proportional/batch_0008/images/21f4de555893bf97da0fe2318af1b3e9931c6dae.jpg,https://raw.githubusercontent.com/GUIA-DD/dataset-streetview/refs/heads/main/datasets/df_2024_proportional/batch_0008/images/21f4de555893bf97da0fe2318af1b3e9931c6dae.jpg,True,downloaded,
cad5c601b3a7d7507a80e0921dd98a03e9739169,c6547b18691996245f8d04873fde5fe6bcd9c3a0,-15.80582180001337,-47.88458534998084,-15.80580035725333,-47.88461865131257,2024-05,2024,RbOv7M_pjQXu67Y8wCbldQ,226.04734455691965,© Google,OK,8_5,190965.4351619773,8250423.148285277,97fd1c5c9464fd46f3279fdc5799cb462f18a98a,cardinal,4,2,180_deg_south,cardinal,180,0,90,640,640,8,batch_0008,807,datasets/df_2024_proportional/batch_0008/images/97fd1c5c9464fd46f3279fdc5799cb462f18a98a.jpg,https://raw.githubusercontent.com/GUIA-DD/dataset-streetview/refs/heads/main/datasets/df_2024_proportional/batch_0008/images/97fd1c5c9464fd46f3279fdc5799cb462f18a98a.jpg,True,downloaded,
cad5c601b3a7d7507a80e0921dd98a03e9739169,c6547b18691996245f8d04873fde5fe6bcd9c3a0,-15.80582180001337,-47.88458534998084,-15.80580035725333,-47.88461865131257,2024-05,2024,RbOv7M_pjQXu67Y8wCbldQ,226.04734455691965,© Google,OK,8_5,190965.4351619773,8250423.148285277,190ebbaea697a2c1ba9ea120614c6ab8922b96ce,cardinal,4,3,270_deg_west,cardinal,270,0,90,640,640,8,batch_0008,808,datasets/df_2024_proportional/batch_0008/images/190ebbaea697a2c1ba9ea120614c6ab8922b96ce.jpg,https://raw.githubusercontent.com/GUIA-DD/dataset-streetview/refs/heads/main/datasets/df_2024_proportional/batch_0008/images/190ebbaea697a2c1ba9ea120614c6ab8922b96ce.jpg,True,downloaded,
cc0228f7dd6e1e6cb75368ba65304364b25a4e70,1816e2cdeb67731259f1c66e9a81d50d4eb8d1cd,-15.829199350015942,-48.123265900088676,-15.82922749316915,-48.12323217814058,2024-07,2024,Zy-RGYSw1QbTkbZw9XZ5oA,324.3812052956928,© Google,OK,3_4,165412.45851548482,8247468.204283003,6bd8639da3b44ee54390b3797ae5e464bd0ba1d0,cardinal,4,0,0_deg_north,cardinal,0,0,90,640,640,8,batch_0008,809,datasets/df_2024_proportional/batch_0008/images/6bd8639da3b44ee54390b3797ae5e464bd0ba1d0.jpg,https://raw.githubusercontent.com/GUIA-DD/dataset-streetview/refs/heads/main/datasets/df_2024_proportional/batch_0008/images/6bd8639da3b44ee54390b3797ae5e464bd0ba1d0.jpg,True,downloaded,
cc0228f7dd6e1e6cb75368ba65304364b25a4e70,1816e2cdeb67731259f1c66e9a81d50d4eb8d1cd,-15.829199350015942,-48.123265900088676,-15.82922749316915,-48.12323217814058,2024-07,2024,Zy-RGYSw1QbTkbZw9XZ5oA,324.3812052956928,© Google,OK,3_4,165412.45851548482,8247468.204283003,afad152246a323e5f8e09ef4578cb598990e4dd6,cardinal,4,1,90_deg_east,cardinal,90,0,90,640,640,8,batch_0008,810,datasets/df_2024_proportional/batch_0008/images/afad152246a323e5f8e09ef4578cb598990e4dd6.jpg,https://raw.githubusercontent.com/GUIA-DD/dataset-streetview/refs/heads/main/datasets/df_2024_proportional/batch_0008/images/afad152246a323e5f8e09ef4578cb598990e4dd6.jpg,True,downloaded,
cc0228f7dd6e1e6cb75368ba65304364b25a4e70,1816e2cdeb67731259f1c66e9a81d50d4eb8d1cd,-15.829199350015942,-48.123265900088676,-15.82922749316915,-48.12323217814058,2024-07,2024,Zy-RGYSw1QbTkbZw9XZ5oA,324.3812052956928,© Google,OK,3_4,165412.45851548482,8247468.204283003,523bc6faf89af78330db5a2a195fed6d8a3b2211,cardinal,4,2,180_deg_south,cardinal,180,0,90,640,640,8,batch_0008,811,datasets/df_2024_proportional/batch_0008/images/523bc6faf89af78330db5a2a195fed6d8a3b2211.jpg,https://raw.githubusercontent.com/GUIA-DD/dataset-streetview/refs/heads/main/datasets/df_2024_proportional/batch_0008/images/523bc6faf89af78330db5a2a195fed6d8a3b2211.jpg,True,downloaded,
cc0228f7dd6e1e6cb75368ba65304364b25a4e70,1816e2cdeb67731259f1c66e9a81d50d4eb8d1cd,-15.829199350015942,-48.123265900088676,-15.82922749316915,-48.12323217814058,2024-07,2024,Zy-RGYSw1QbTkbZw9XZ5oA,324.3812052956928,© Google,OK,3_4,165412.45851548482,8247468.204283003,7468b6a4fb856d76c69c66e35a091ab6bcca6ec2,cardinal,4,3,270_deg_west,cardinal,270,0,90,640,640,8,batch_0008,812,datasets/df_2024_proportional/batch_0008/images/7468b6a4fb856d76c69c66e35a091ab6bcca6ec2.jpg,https://raw.githubusercontent.com/GUIA-DD/dataset-streetview/refs/heads/main/datasets/df_2024_proportional/batch_0008/images/7468b6a4fb856d76c69c66e35a091ab6bcca6ec2.jpg,True,downloaded,
cc77dec7de90e5452e91d73958701212c1644bef,4c6295b94dd4e39b3ff6174bc559f5eaa35ccaba,-15.925385150015343,-48.09943004997198,-15.92540180510839,-48.09944261093619,2024-06,2024,DAoIOQaMdEeEicbHWnJ63A,217.58922318722094,© Google,OK,3_2,168125.88631227592,8236853.342418376,2692626ff9c035b6118c974f27546ace5991cae0,cardinal,4,0,0_deg_north,cardinal,0,0,90,640,640,8,batch_0008,813,datasets/df_2024_proportional/batch_0008/images/2692626ff9c035b6118c974f27546ace5991cae0.jpg,https://raw.githubusercontent.com/GUIA-DD/dataset-streetview/refs/heads/main/datasets/df_2024_proportional/batch_0008/images/2692626ff9c035b6118c974f27546ace5991cae0.jpg,True,downloaded,
cc77dec7de90e5452e91d73958701212c1644bef,4c6295b94dd4e39b3ff6174bc559f5eaa35ccaba,-15.925385150015343,-48.09943004997198,-15.92540180510839,-48.09944261093619,2024-06,2024,DAoIOQaMdEeEicbHWnJ63A,217.58922318722094,© Google,OK,3_2,168125.88631227592,8236853.342418376,af023bb7b34eb2a7cc8df468c982e10a1c60a12b,cardinal,4,1,90_deg_east,cardinal,90,0,90,640,640,8,batch_0008,814,datasets/df_2024_proportional/batch_0008/images/af023bb7b34eb2a7cc8df468c982e10a1c60a12b.jpg,https://raw.githubusercontent.com/GUIA-DD/dataset-streetview/refs/heads/main/datasets/df_2024_proportional/batch_0008/images/af023bb7b34eb2a7cc8df468c982e10a1c60a12b.jpg,True,downloaded,
cc77dec7de90e5452e91d73958701212c1644bef,4c6295b94dd4e39b3ff6174bc559f5eaa35ccaba,-15.925385150015343,-48.09943004997198,-15.92540180510839,-48.09944261093619,2024-06,2024,DAoIOQaMdEeEicbHWnJ63A,217.58922318722094,© Google,OK,3_2,168125.88631227592,8236853.342418376,68b8484069308c295ef1da4e315362b53c3823a7,cardinal,4,2,180_deg_south,cardinal,180,0,90,640,640,8,batch_0008,815,datasets/df_2024_proportional/batch_0008/images/68b8484069308c295ef1da4e315362b53c3823a7.jpg,https://raw.githubusercontent.com/GUIA-DD/dataset-streetview/refs/heads/main/datasets/df_2024_proportional/batch_0008/images/68b8484069308c295ef1da4e315362b53c3823a7.jpg,True,downloaded,
cc77dec7de90e5452e91d73958701212c1644bef,4c6295b94dd4e39b3ff6174bc559f5eaa35ccaba,-15.925385150015343,-48.09943004997198,-15.92540180510839,-48.09944261093619,2024-06,2024,DAoIOQaMdEeEicbHWnJ63A,217.58922318722094,© Google,OK,3_2,168125.88631227592,8236853.342418376,ee7427173081c209974997307825887bf60dc760,cardinal,4,3,270_deg_west,cardinal,270,0,90,640,640,8,batch_0008,816,datasets/df_2024_proportional/batch_0008/images/ee7427173081c209974997307825887bf60dc760.jpg,https://raw.githubusercontent.com/GUIA-DD/dataset-streetview/refs/heads/main/datasets/df_2024_proportional/batch_0008/images/ee7427173081c209974997307825887bf60dc760.jpg,True,downloaded,
ccd83fee98b1410aeeb7d1fb369f54b3abf49acc,0fd5b434d220b3c3604dd5b052bc834d414d81f7,-15.972018650230861,-48.03287998323575,-15.97204493176432,-48.03288610560151,2025-05,2025,MawS7cs51bTWKtaOnIfSDQ,325.6724256121127,© Google,OK,5_1,175332.7379507566,8231793.667128677,c67a71d9e32efa17c2c277d9fa119e21e981c5e1,cardinal,4,0,0_deg_north,cardinal,0,0,90,640,640,8,batch_0008,817,datasets/df_2024_proportional/batch_0008/images/c67a71d9e32efa17c2c277d9fa119e21e981c5e1.jpg,https://raw.githubusercontent.com/GUIA-DD/dataset-streetview/refs/heads/main/datasets/df_2024_proportional/batch_0008/images/c67a71d9e32efa17c2c277d9fa119e21e981c5e1.jpg,True,downloaded,
ccd83fee98b1410aeeb7d1fb369f54b3abf49acc,0fd5b434d220b3c3604dd5b052bc834d414d81f7,-15.972018650230861,-48.03287998323575,-15.97204493176432,-48.03288610560151,2025-05,2025,MawS7cs51bTWKtaOnIfSDQ,325.6724256121127,© Google,OK,5_1,175332.7379507566,8231793.667128677,90555c3807b40dbe7b567810b7615485d4a9553e,cardinal,4,1,90_deg_east,cardinal,90,0,90,640,640,8,batch_0008,818,datasets/df_2024_proportional/batch_0008/images/90555c3807b40dbe7b567810b7615485d4a9553e.jpg,https://raw.githubusercontent.com/GUIA-DD/dataset-streetview/refs/heads/main/datasets/df_2024_proportional/batch_0008/images/90555c3807b40dbe7b567810b7615485d4a9553e.jpg,True,downloaded,
ccd83fee98b1410aeeb7d1fb369f54b3abf49acc,0fd5b434d220b3c3604dd5b052bc834d414d81f7,-15.972018650230861,-48.03287998323575,-15.97204493176432,-48.03288610560151,2025-05,2025,MawS7cs51bTWKtaOnIfSDQ,325.6724256121127,© Google,OK,5_1,175332.7379507566,8231793.667128677,88f794cdfda188765855c0f3f9164d01c1978d87,cardinal,4,2,180_deg_south,cardinal,180,0,90,640,640,8,batch_0008,819,datasets/df_2024_proportional/batch_0008/images/88f794cdfda188765855c0f3f9164d01c1978d87.jpg,https://raw.githubusercontent.com/GUIA-DD/dataset-streetview/refs/heads/main/datasets/df_2024_proportional/batch_0008/images/88f794cdfda188765855c0f3f9164d01c1978d87.jpg,True,downloaded,
ccd83fee98b1410aeeb7d1fb369f54b3abf49acc,0fd5b434d220b3c3604dd5b052bc834d414d81f7,-15.972018650230861,-48.03287998323575,-15.97204493176432,-48.03288610560151,2025-05,2025,MawS7cs51bTWKtaOnIfSDQ,325.6724256121127,© Google,OK,5_1,175332.7379507566,8231793.667128677,bd4d108092d253183f64d406277a092dd6eae22f,cardinal,4,3,270_deg_west,cardinal,270,0,90,640,640,8,batch_0008,820,datasets/df_2024_proportional/batch_0008/images/bd4d108092d253183f64d406277a092dd6eae22f.jpg,https://raw.githubusercontent.com/GUIA-DD/dataset-streetview/refs/heads/main/datasets/df_2024_proportional/batch_0008/images/bd4d108092d253183f64d406277a092dd6eae22f.jpg,True,downloaded,
cd6b35fa14839b253aa5476d2d997dc9f0cd8103,20c3e777af7a965005c66ab640a04d071e8ecb8b,-15.822951850078177,-48.12595099996218,-15.82298066273274,-48.12598558021035,2026-01,2026,C2RulD2xcQjKu-VcDLptsg,250.0304456103437,© Google,OK,3_5,165114.26025458408,8248155.852155298,44c2af6a957d74665a1fcde5804d07aca9dd66c6,cardinal,4,0,0_deg_north,cardinal,0,0,90,640,640,8,batch_0008,821,datasets/df_2024_proportional/batch_0008/images/44c2af6a957d74665a1fcde5804d07aca9dd66c6.jpg,https://raw.githubusercontent.com/GUIA-DD/dataset-streetview/refs/heads/main/datasets/df_2024_proportional/batch_0008/images/44c2af6a957d74665a1fcde5804d07aca9dd66c6.jpg,True,downloaded,
cd6b35fa14839b253aa5476d2d997dc9f0cd8103,20c3e777af7a965005c66ab640a04d071e8ecb8b,-15.822951850078177,-48.12595099996218,-15.82298066273274,-48.12598558021035,2026-01,2026,C2RulD2xcQjKu-VcDLptsg,250.0304456103437,© Google,OK,3_5,165114.26025458408,8248155.852155298,860974136c24e024dd7681ef898af0567425c469,cardinal,4,1,90_deg_east,cardinal,90,0,90,640,640,8,batch_0008,822,datasets/df_2024_proportional/batch_0008/images/860974136c24e024dd7681ef898af0567425c469.jpg,https://raw.githubusercontent.com/GUIA-DD/dataset-streetview/refs/heads/main/datasets/df_2024_proportional/batch_0008/images/860974136c24e024dd7681ef898af0567425c469.jpg,True,downloaded,
cd6b35fa14839b253aa5476d2d997dc9f0cd8103,20c3e777af7a965005c66ab640a04d071e8ecb8b,-15.822951850078177,-48.12595099996218,-15.82298066273274,-48.12598558021035,2026-01,2026,C2RulD2xcQjKu-VcDLptsg,250.0304456103437,© Google,OK,3_5,165114.26025458408,8248155.852155298,19bb9273123bd1d29deb9a7b41954a07f0ff56eb,cardinal,4,2,180_deg_south,cardinal,180,0,90,640,640,8,batch_0008,823,datasets/df_2024_proportional/batch_0008/images/19bb9273123bd1d29deb9a7b41954a07f0ff56eb.jpg,https://raw.githubusercontent.com/GUIA-DD/dataset-streetview/refs/heads/main/datasets/df_2024_proportional/batch_0008/images/19bb9273123bd1d29deb9a7b41954a07f0ff56eb.jpg,True,downloaded,
cd6b35fa14839b253aa5476d2d997dc9f0cd8103,20c3e777af7a965005c66ab640a04d071e8ecb8b,-15.822951850078177,-48.12595099996218,-15.82298066273274,-48.12598558021035,2026-01,2026,C2RulD2xcQjKu-VcDLptsg,250.0304456103437,© Google,OK,3_5,165114.26025458408,8248155.852155298,91ebf5832b5bb7806caa3ff871afe7d97b53a17e,cardinal,4,3,270_deg_west,cardinal,270,0,90,640,640,8,batch_0008,824,datasets/df_2024_proportional/batch_0008/images/91ebf5832b5bb7806caa3ff871afe7d97b53a17e.jpg,https://raw.githubusercontent.com/GUIA-DD/dataset-streetview/refs/heads/main/datasets/df_2024_proportional/batch_0008/images/91ebf5832b5bb7806caa3ff871afe7d97b53a17e.jpg,True,downloaded,
cdc88f2ec6a7309c1e5c0343a2a18dd7b3d44b75,e89b5fb1d20d9484a77f7b6ef5961b566de4da48,-15.821028750073975,-48.03436989993046,-15.82100970116866,-48.03432909131902,2024-09,2024,l1bbG4s6UT7u8ja59aOoxw,57.58211115760097,© Google,OK,5_5,174930.32699914556,8248512.89961241,2888efab473f3c487724bd7e6b03aed2744b29cd,cardinal,4,0,0_deg_north,cardinal,0,0,90,640,640,8,batch_0008,825,datasets/df_2024_proportional/batch_0008/images/2888efab473f3c487724bd7e6b03aed2744b29cd.jpg,https://raw.githubusercontent.com/GUIA-DD/dataset-streetview/refs/heads/main/datasets/df_2024_proportional/batch_0008/images/2888efab473f3c487724bd7e6b03aed2744b29cd.jpg,True,downloaded,
cdc88f2ec6a7309c1e5c0343a2a18dd7b3d44b75,e89b5fb1d20d9484a77f7b6ef5961b566de4da48,-15.821028750073975,-48.03436989993046,-15.82100970116866,-48.03432909131902,2024-09,2024,l1bbG4s6UT7u8ja59aOoxw,57.58211115760097,© Google,OK,5_5,174930.32699914556,8248512.89961241,c5beac636cbe27e5ae94d37642a4b1d6a7baab49,cardinal,4,1,90_deg_east,cardinal,90,0,90,640,640,8,batch_0008,826,datasets/df_2024_proportional/batch_0008/images/c5beac636cbe27e5ae94d37642a4b1d6a7baab49.jpg,https://raw.githubusercontent.com/GUIA-DD/dataset-streetview/refs/heads/main/datasets/df_2024_proportional/batch_0008/images/c5beac636cbe27e5ae94d37642a4b1d6a7baab49.jpg,True,downloaded,
cdc88f2ec6a7309c1e5c0343a2a18dd7b3d44b75,e89b5fb1d20d9484a77f7b6ef5961b566de4da48,-15.821028750073975,-48.03436989993046,-15.82100970116866,-48.03432909131902,2024-09,2024,l1bbG4s6UT7u8ja59aOoxw,57.58211115760097,© Google,OK,5_5,174930.32699914556,8248512.89961241,539ed6535ed2f2fa85a1193abab0aa26edb35562,cardinal,4,2,180_deg_south,cardinal,180,0,90,640,640,8,batch_0008,827,datasets/df_2024_proportional/batch_0008/images/539ed6535ed2f2fa85a1193abab0aa26edb35562.jpg,https://raw.githubusercontent.com/GUIA-DD/dataset-streetview/refs/heads/main/datasets/df_2024_proportional/batch_0008/images/539ed6535ed2f2fa85a1193abab0aa26edb35562.jpg,True,downloaded,
cdc88f2ec6a7309c1e5c0343a2a18dd7b3d44b75,e89b5fb1d20d9484a77f7b6ef5961b566de4da48,-15.821028750073975,-48.03436989993046,-15.82100970116866,-48.03432909131902,2024-09,2024,l1bbG4s6UT7u8ja59aOoxw,57.58211115760097,© Google,OK,5_5,174930.32699914556,8248512.89961241,e1f7cd85207fae36cc9bba50baddd5eb4e35f8fe,cardinal,4,3,270_deg_west,cardinal,270,0,90,640,640,8,batch_0008,828,datasets/df_2024_proportional/batch_0008/images/e1f7cd85207fae36cc9bba50baddd5eb4e35f8fe.jpg,https://raw.githubusercontent.com/GUIA-DD/dataset-streetview/refs/heads/main/datasets/df_2024_proportional/batch_0008/images/e1f7cd85207fae36cc9bba50baddd5eb4e35f8fe.jpg,True,downloaded,
ceaab253c40c154d9be6ef3f9875f73844ed9589,0180351d1280228973907f106c4cc364327fb771,-15.528593234645253,-47.68788369902858,-15.52857106096515,-47.68787961110399,2025-07,2025,a8bJ8sxW-C3TVXZ1HcIBjw,293.69413912167124,© Google,OK,12_11,211663.30188124347,8281396.255712266,7fa3a85b0bc406aa4c5af340be726254c1d8fe27,cardinal,4,0,0_deg_north,cardinal,0,0,90,640,640,8,batch_0008,829,datasets/df_2024_proportional/batch_0008/images/7fa3a85b0bc406aa4c5af340be726254c1d8fe27.jpg,https://raw.githubusercontent.com/GUIA-DD/dataset-streetview/refs/heads/main/datasets/df_2024_proportional/batch_0008/images/7fa3a85b0bc406aa4c5af340be726254c1d8fe27.jpg,True,downloaded,
ceaab253c40c154d9be6ef3f9875f73844ed9589,0180351d1280228973907f106c4cc364327fb771,-15.528593234645253,-47.68788369902858,-15.52857106096515,-47.68787961110399,2025-07,2025,a8bJ8sxW-C3TVXZ1HcIBjw,293.69413912167124,© Google,OK,12_11,211663.30188124347,8281396.255712266,c2881caac081200b22c4c22ba6f997e4a284b22d,cardinal,4,1,90_deg_east,cardinal,90,0,90,640,640,8,batch_0008,830,datasets/df_2024_proportional/batch_0008/images/c2881caac081200b22c4c22ba6f997e4a284b22d.jpg,https://raw.githubusercontent.com/GUIA-DD/dataset-streetview/refs/heads/main/datasets/df_2024_proportional/batch_0008/images/c2881caac081200b22c4c22ba6f997e4a284b22d.jpg,True,downloaded,
ceaab253c40c154d9be6ef3f9875f73844ed9589,0180351d1280228973907f106c4cc364327fb771,-15.528593234645253,-47.68788369902858,-15.52857106096515,-47.68787961110399,2025-07,2025,a8bJ8sxW-C3TVXZ1HcIBjw,293.69413912167124,© Google,OK,12_11,211663.30188124347,8281396.255712266,540cbb225241370f83e941609ef9a0158335baff,cardinal,4,2,180_deg_south,cardinal,180,0,90,640,640,8,batch_0008,831,datasets/df_2024_proportional/batch_0008/images/540cbb225241370f83e941609ef9a0158335baff.jpg,https://raw.githubusercontent.com/GUIA-DD/dataset-streetview/refs/heads/main/datasets/df_2024_proportional/batch_0008/images/540cbb225241370f83e941609ef9a0158335baff.jpg,True,downloaded,
ceaab253c40c154d9be6ef3f9875f73844ed9589,0180351d1280228973907f106c4cc364327fb771,-15.528593234645253,-47.68788369902858,-15.52857106096515,-47.68787961110399,2025-07,2025,a8bJ8sxW-C3TVXZ1HcIBjw,293.69413912167124,© Google,OK,12_11,211663.30188124347,8281396.255712266,692951d09e62272da99684f32f3f73ba75ed658d,cardinal,4,3,270_deg_west,cardinal,270,0,90,640,640,8,batch_0008,832,datasets/df_2024_proportional/batch_0008/images/692951d09e62272da99684f32f3f73ba75ed658d.jpg,https://raw.githubusercontent.com/GUIA-DD/dataset-streetview/refs/heads/main/datasets/df_2024_proportional/batch_0008/images/692951d09e62272da99684f32f3f73ba75ed658d.jpg,True,downloaded,
cfe67d17be4fe29062430a7f4c807d9591a83628,03f153f449ae2cd61b5bc7fed1fccd384e6fcd37,-15.662091400046254,-48.20052860001885,-15.66209344311917,-48.20056880496689,2024-08,2024,_qiFUDyYjczPNC4PGZNvIw,94.55060063622894,© Google,OK,1_8,156847.34378621654,8265852.269737794,33d3b5b9247b678f7853b5407e405df112720add,cardinal,4,0,0_deg_north,cardinal,0,0,90,640,640,8,batch_0008,833,datasets/df_2024_proportional/batch_0008/images/33d3b5b9247b678f7853b5407e405df112720add.jpg,https://raw.githubusercontent.com/GUIA-DD/dataset-streetview/refs/heads/main/datasets/df_2024_proportional/batch_0008/images/33d3b5b9247b678f7853b5407e405df112720add.jpg,True,downloaded,
cfe67d17be4fe29062430a7f4c807d9591a83628,03f153f449ae2cd61b5bc7fed1fccd384e6fcd37,-15.662091400046254,-48.20052860001885,-15.66209344311917,-48.20056880496689,2024-08,2024,_qiFUDyYjczPNC4PGZNvIw,94.55060063622894,© Google,OK,1_8,156847.34378621654,8265852.269737794,c109a23a852a0054879ea705016fa74ab03df782,cardinal,4,1,90_deg_east,cardinal,90,0,90,640,640,8,batch_0008,834,datasets/df_2024_proportional/batch_0008/images/c109a23a852a0054879ea705016fa74ab03df782.jpg,https://raw.githubusercontent.com/GUIA-DD/dataset-streetview/refs/heads/main/datasets/df_2024_proportional/batch_0008/images/c109a23a852a0054879ea705016fa74ab03df782.jpg,True,downloaded,
cfe67d17be4fe29062430a7f4c807d9591a83628,03f153f449ae2cd61b5bc7fed1fccd384e6fcd37,-15.662091400046254,-48.20052860001885,-15.66209344311917,-48.20056880496689,2024-08,2024,_qiFUDyYjczPNC4PGZNvIw,94.55060063622894,© Google,OK,1_8,156847.34378621654,8265852.269737794,b803e11180f173f8f358dbd1ed06f6c439adba23,cardinal,4,2,180_deg_south,cardinal,180,0,90,640,640,8,batch_0008,835,datasets/df_2024_proportional/batch_0008/images/b803e11180f173f8f358dbd1ed06f6c439adba23.jpg,https://raw.githubusercontent.com/GUIA-DD/dataset-streetview/refs/heads/main/datasets/df_2024_proportional/batch_0008/images/b803e11180f173f8f358dbd1ed06f6c439adba23.jpg,True,downloaded,
cfe67d17be4fe29062430a7f4c807d9591a83628,03f153f449ae2cd61b5bc7fed1fccd384e6fcd37,-15.662091400046254,-48.20052860001885,-15.66209344311917,-48.20056880496689,2024-08,2024,_qiFUDyYjczPNC4PGZNvIw,94.55060063622894,© Google,OK,1_8,156847.34378621654,8265852.269737794,1e004c3abb10a5bfe03bb1a1dcaea72df61ef05c,cardinal,4,3,270_deg_west,cardinal,270,0,90,640,640,8,batch_0008,836,datasets/df_2024_proportional/batch_0008/images/1e004c3abb10a5bfe03bb1a1dcaea72df61ef05c.jpg,https://raw.githubusercontent.com/GUIA-DD/dataset-streetview/refs/heads/main/datasets/df_2024_proportional/batch_0008/images/1e004c3abb10a5bfe03bb1a1dcaea72df61ef05c.jpg,True,downloaded,
d02c525a5c42fd8f4d97f99d6dabd938906cfb95,870645be843c781c6c29ff35d44dd69e2c2a51e1,-15.841517093683915,-47.97174943010473,-15.84154080274499,-47.97173700389772,2024-06,2024,-TjmvKrkIjzCWBWhKU6dzA,173.57125669248353,© Google,OK,6_4,181676.15547826694,8246340.039896972,87465549b0d22eea95eac3d842a391544fabeee2,cardinal,4,0,0_deg_north,cardinal,0,0,90,640,640,8,batch_0008,837,datasets/df_2024_proportional/batch_0008/images/87465549b0d22eea95eac3d842a391544fabeee2.jpg,https://raw.githubusercontent.com/GUIA-DD/dataset-streetview/refs/heads/main/datasets/df_2024_proportional/batch_0008/images/87465549b0d22eea95eac3d842a391544fabeee2.jpg,True,downloaded,
d02c525a5c42fd8f4d97f99d6dabd938906cfb95,870645be843c781c6c29ff35d44dd69e2c2a51e1,-15.841517093683915,-47.97174943010473,-15.84154080274499,-47.97173700389772,2024-06,2024,-TjmvKrkIjzCWBWhKU6dzA,173.57125669248353,© Google,OK,6_4,181676.15547826694,8246340.039896972,77bed3ca1723c4542f1fa2f1277b2428dba0d4ce,cardinal,4,1,90_deg_east,cardinal,90,0,90,640,640,8,batch_0008,838,datasets/df_2024_proportional/batch_0008/images/77bed3ca1723c4542f1fa2f1277b2428dba0d4ce.jpg,https://raw.githubusercontent.com/GUIA-DD/dataset-streetview/refs/heads/main/datasets/df_2024_proportional/batch_0008/images/77bed3ca1723c4542f1fa2f1277b2428dba0d4ce.jpg,True,downloaded,
d02c525a5c42fd8f4d97f99d6dabd938906cfb95,870645be843c781c6c29ff35d44dd69e2c2a51e1,-15.841517093683915,-47.97174943010473,-15.84154080274499,-47.97173700389772,2024-06,2024,-TjmvKrkIjzCWBWhKU6dzA,173.57125669248353,© Google,OK,6_4,181676.15547826694,8246340.039896972,5cecf70a8f144a6f727446aed14220ffe2c86213,cardinal,4,2,180_deg_south,cardinal,180,0,90,640,640,8,batch_0008,839,datasets/df_2024_proportional/batch_0008/images/5cecf70a8f144a6f727446aed14220ffe2c86213.jpg,https://raw.githubusercontent.com/GUIA-DD/dataset-streetview/refs/heads/main/datasets/df_2024_proportional/batch_0008/images/5cecf70a8f144a6f727446aed14220ffe2c86213.jpg,True,downloaded,
d02c525a5c42fd8f4d97f99d6dabd938906cfb95,870645be843c781c6c29ff35d44dd69e2c2a51e1,-15.841517093683915,-47.97174943010473,-15.84154080274499,-47.97173700389772,2024-06,2024,-TjmvKrkIjzCWBWhKU6dzA,173.57125669248353,© Google,OK,6_4,181676.15547826694,8246340.039896972,1e30548c88b432ad221811c799f7f343e9b28d2f,cardinal,4,3,270_deg_west,cardinal,270,0,90,640,640,8,batch_0008,840,datasets/df_2024_proportional/batch_0008/images/1e30548c88b432ad221811c799f7f343e9b28d2f.jpg,https://raw.githubusercontent.com/GUIA-DD/dataset-streetview/refs/heads/main/datasets/df_2024_proportional/batch_0008/images/1e30548c88b432ad221811c799f7f343e9b28d2f.jpg,True,downloaded,
d18152738d22011a68d34677467e6c43141f02c0,5a3432aaed62ef1e41ed40340afefd649e5512c2,-15.806887900004302,-48.07714015056876,-15.80691650889535,-48.07716079480928,2024-08,2024,vRRNu8Itfjpv08Z_4OLTIw,340.8948242276062,© Google,OK,4_5,170321.68819006917,8250012.248140941,fed73b7d2d68f24b30982d6db0b9e50541a5e4c9,cardinal,4,0,0_deg_north,cardinal,0,0,90,640,640,8,batch_0008,841,datasets/df_2024_proportional/batch_0008/images/fed73b7d2d68f24b30982d6db0b9e50541a5e4c9.jpg,https://raw.githubusercontent.com/GUIA-DD/dataset-streetview/refs/heads/main/datasets/df_2024_proportional/batch_0008/images/fed73b7d2d68f24b30982d6db0b9e50541a5e4c9.jpg,True,downloaded,
d18152738d22011a68d34677467e6c43141f02c0,5a3432aaed62ef1e41ed40340afefd649e5512c2,-15.806887900004302,-48.07714015056876,-15.80691650889535,-48.07716079480928,2024-08,2024,vRRNu8Itfjpv08Z_4OLTIw,340.8948242276062,© Google,OK,4_5,170321.68819006917,8250012.248140941,aadbaccc6900896ca188036ac24115182d8566e5,cardinal,4,1,90_deg_east,cardinal,90,0,90,640,640,8,batch_0008,842,datasets/df_2024_proportional/batch_0008/images/aadbaccc6900896ca188036ac24115182d8566e5.jpg,https://raw.githubusercontent.com/GUIA-DD/dataset-streetview/refs/heads/main/datasets/df_2024_proportional/batch_0008/images/aadbaccc6900896ca188036ac24115182d8566e5.jpg,True,downloaded,
d18152738d22011a68d34677467e6c43141f02c0,5a3432aaed62ef1e41ed40340afefd649e5512c2,-15.806887900004302,-48.07714015056876,-15.80691650889535,-48.07716079480928,2024-08,2024,vRRNu8Itfjpv08Z_4OLTIw,340.8948242276062,© Google,OK,4_5,170321.68819006917,8250012.248140941,4403ea194494d94e4466a9d5642ed4931186b0b4,cardinal,4,2,180_deg_south,cardinal,180,0,90,640,640,8,batch_0008,843,datasets/df_2024_proportional/batch_0008/images/4403ea194494d94e4466a9d5642ed4931186b0b4.jpg,https://raw.githubusercontent.com/GUIA-DD/dataset-streetview/refs/heads/main/datasets/df_2024_proportional/batch_0008/images/4403ea194494d94e4466a9d5642ed4931186b0b4.jpg,True,downloaded,
d18152738d22011a68d34677467e6c43141f02c0,5a3432aaed62ef1e41ed40340afefd649e5512c2,-15.806887900004302,-48.07714015056876,-15.80691650889535,-48.07716079480928,2024-08,2024,vRRNu8Itfjpv08Z_4OLTIw,340.8948242276062,© Google,OK,4_5,170321.68819006917,8250012.248140941,c06c99904b7dcc5f085623f77ac5156a95a63bc5,cardinal,4,3,270_deg_west,cardinal,270,0,90,640,640,8,batch_0008,844,datasets/df_2024_proportional/batch_0008/images/c06c99904b7dcc5f085623f77ac5156a95a63bc5.jpg,https://raw.githubusercontent.com/GUIA-DD/dataset-streetview/refs/heads/main/datasets/df_2024_proportional/batch_0008/images/c06c99904b7dcc5f085623f77ac5156a95a63bc5.jpg,True,downloaded,
d272f5b1b2b68e1c596c7e52f5f43f28b53ad84f,aed4f369b90b81e613c4c26a4431284e2b35417e,-15.872405688322813,-47.99729315219439,-15.8723708936249,-47.99727991911156,2024-06,2024,FJiZlCYFWtZ-eW-_m_17qg,232.97017070574108,© Google,OK,6_4,178986.80680793442,8242880.3812497165,59c8a025fc14d3b18545344c05bce71f514d92ba,cardinal,4,0,0_deg_north,cardinal,0,0,90,640,640,8,batch_0008,845,datasets/df_2024_proportional/batch_0008/images/59c8a025fc14d3b18545344c05bce71f514d92ba.jpg,https://raw.githubusercontent.com/GUIA-DD/dataset-streetview/refs/heads/main/datasets/df_2024_proportional/batch_0008/images/59c8a025fc14d3b18545344c05bce71f514d92ba.jpg,True,downloaded,
d272f5b1b2b68e1c596c7e52f5f43f28b53ad84f,aed4f369b90b81e613c4c26a4431284e2b35417e,-15.872405688322813,-47.99729315219439,-15.8723708936249,-47.99727991911156,2024-06,2024,FJiZlCYFWtZ-eW-_m_17qg,232.97017070574108,© Google,OK,6_4,178986.80680793442,8242880.3812497165,34c270c919dcb59bcb6c93c2aa6aaf65b2d3d5d3,cardinal,4,1,90_deg_east,cardinal,90,0,90,640,640,8,batch_0008,846,datasets/df_2024_proportional/batch_0008/images/34c270c919dcb59bcb6c93c2aa6aaf65b2d3d5d3.jpg,https://raw.githubusercontent.com/GUIA-DD/dataset-streetview/refs/heads/main/datasets/df_2024_proportional/batch_0008/images/34c270c919dcb59bcb6c93c2aa6aaf65b2d3d5d3.jpg,True,downloaded,
d272f5b1b2b68e1c596c7e52f5f43f28b53ad84f,aed4f369b90b81e613c4c26a4431284e2b35417e,-15.872405688322813,-47.99729315219439,-15.8723708936249,-47.99727991911156,2024-06,2024,FJiZlCYFWtZ-eW-_m_17qg,232.97017070574108,© Google,OK,6_4,178986.80680793442,8242880.3812497165,61dba96f1420b5fb673648010c282a1045d32d19,cardinal,4,2,180_deg_south,cardinal,180,0,90,640,640,8,batch_0008,847,datasets/df_2024_proportional/batch_0008/images/61dba96f1420b5fb673648010c282a1045d32d19.jpg,https://raw.githubusercontent.com/GUIA-DD/dataset-streetview/refs/heads/main/datasets/df_2024_proportional/batch_0008/images/61dba96f1420b5fb673648010c282a1045d32d19.jpg,True,downloaded,
d272f5b1b2b68e1c596c7e52f5f43f28b53ad84f,aed4f369b90b81e613c4c26a4431284e2b35417e,-15.872405688322813,-47.99729315219439,-15.8723708936249,-47.99727991911156,2024-06,2024,FJiZlCYFWtZ-eW-_m_17qg,232.97017070574108,© Google,OK,6_4,178986.80680793442,8242880.3812497165,741a0a43813a53d10d3d93d96bd3980def4810f0,cardinal,4,3,270_deg_west,cardinal,270,0,90,640,640,8,batch_0008,848,datasets/df_2024_proportional/batch_0008/images/741a0a43813a53d10d3d93d96bd3980def4810f0.jpg,https://raw.githubusercontent.com/GUIA-DD/dataset-streetview/refs/heads/main/datasets/df_2024_proportional/batch_0008/images/741a0a43813a53d10d3d93d96bd3980def4810f0.jpg,True,downloaded,
d35592a80cdd6bc253f450f981a95243dfe0d52a,5674a973a13e48f2553c6a829bd998a4e13a9e71,-15.626899800230268,-47.839788800042804,-15.62688726449745,-47.83983248194684,2024-08,2024,JNUVBSDM1vpelk0XNoR-HQ,269.4763062563768,© Google,OK,9_9,195501.82054961537,8270300.284708425,c43cca3c2f712a80873424e3585a0ec15bc7c979,cardinal,4,0,0_deg_north,cardinal,0,0,90,640,640,8,batch_0008,849,datasets/df_2024_proportional/batch_0008/images/c43cca3c2f712a80873424e3585a0ec15bc7c979.jpg,https://raw.githubusercontent.com/GUIA-DD/dataset-streetview/refs/heads/main/datasets/df_2024_proportional/batch_0008/images/c43cca3c2f712a80873424e3585a0ec15bc7c979.jpg,True,downloaded,
d35592a80cdd6bc253f450f981a95243dfe0d52a,5674a973a13e48f2553c6a829bd998a4e13a9e71,-15.626899800230268,-47.839788800042804,-15.62688726449745,-47.83983248194684,2024-08,2024,JNUVBSDM1vpelk0XNoR-HQ,269.4763062563768,© Google,OK,9_9,195501.82054961537,8270300.284708425,4b2697b632a837533d895c6193769fa4586f35b0,cardinal,4,1,90_deg_east,cardinal,90,0,90,640,640,8,batch_0008,850,datasets/df_2024_proportional/batch_0008/images/4b2697b632a837533d895c6193769fa4586f35b0.jpg,https://raw.githubusercontent.com/GUIA-DD/dataset-streetview/refs/heads/main/datasets/df_2024_proportional/batch_0008/images/4b2697b632a837533d895c6193769fa4586f35b0.jpg,True,downloaded,
d35592a80cdd6bc253f450f981a95243dfe0d52a,5674a973a13e48f2553c6a829bd998a4e13a9e71,-15.626899800230268,-47.839788800042804,-15.62688726449745,-47.83983248194684,2024-08,2024,JNUVBSDM1vpelk0XNoR-HQ,269.4763062563768,© Google,OK,9_9,195501.82054961537,8270300.284708425,22822c436fb88b0315bb715dff73a182ee380fdc,cardinal,4,2,180_deg_south,cardinal,180,0,90,640,640,8,batch_0008,851,datasets/df_2024_proportional/batch_0008/images/22822c436fb88b0315bb715dff73a182ee380fdc.jpg,https://raw.githubusercontent.com/GUIA-DD/dataset-streetview/refs/heads/main/datasets/df_2024_proportional/batch_0008/images/22822c436fb88b0315bb715dff73a182ee380fdc.jpg,True,downloaded,
d35592a80cdd6bc253f450f981a95243dfe0d52a,5674a973a13e48f2553c6a829bd998a4e13a9e71,-15.626899800230268,-47.839788800042804,-15.62688726449745,-47.83983248194684,2024-08,2024,JNUVBSDM1vpelk0XNoR-HQ,269.4763062563768,© Google,OK,9_9,195501.82054961537,8270300.284708425,947f14ea38ad1ed1ebe317b83f0c3d7559dfaf96,cardinal,4,3,270_deg_west,cardinal,270,0,90,640,640,8,batch_0008,852,datasets/df_2024_proportional/batch_0008/images/947f14ea38ad1ed1ebe317b83f0c3d7559dfaf96.jpg,https://raw.githubusercontent.com/GUIA-DD/dataset-streetview/refs/heads/main/datasets/df_2024_proportional/batch_0008/images/947f14ea38ad1ed1ebe317b83f0c3d7559dfaf96.jpg,True,downloaded,
d457de403f5df66daf1ac89cc16d730ece1cdf90,40d619bf7941d626df4a9e659e7cef704d40824a,-15.791811363759033,-47.84347326898555,-15.79177003309723,-47.84350138239811,2026-01,2026,D2-VlBEvlRsi2XeNENK1yA,300.0780034766214,© Google,OK,9_5,195352.0450377909,8252034.575092593,d6c2f4c3e058d700243e1a470d4722cef1b220f2,cardinal,4,0,0_deg_north,cardinal,0,0,90,640,640,8,batch_0008,853,datasets/df_2024_proportional/batch_0008/images/d6c2f4c3e058d700243e1a470d4722cef1b220f2.jpg,https://raw.githubusercontent.com/GUIA-DD/dataset-streetview/refs/heads/main/datasets/df_2024_proportional/batch_0008/images/d6c2f4c3e058d700243e1a470d4722cef1b220f2.jpg,True,downloaded,
d457de403f5df66daf1ac89cc16d730ece1cdf90,40d619bf7941d626df4a9e659e7cef704d40824a,-15.791811363759033,-47.84347326898555,-15.79177003309723,-47.84350138239811,2026-01,2026,D2-VlBEvlRsi2XeNENK1yA,300.0780034766214,© Google,OK,9_5,195352.0450377909,8252034.575092593,105e5758696df23cafc503dd61e21108283ad80e,cardinal,4,1,90_deg_east,cardinal,90,0,90,640,640,8,batch_0008,854,datasets/df_2024_proportional/batch_0008/images/105e5758696df23cafc503dd61e21108283ad80e.jpg,https://raw.githubusercontent.com/GUIA-DD/dataset-streetview/refs/heads/main/datasets/df_2024_proportional/batch_0008/images/105e5758696df23cafc503dd61e21108283ad80e.jpg,True,downloaded,
d457de403f5df66daf1ac89cc16d730ece1cdf90,40d619bf7941d626df4a9e659e7cef704d40824a,-15.791811363759033,-47.84347326898555,-15.79177003309723,-47.84350138239811,2026-01,2026,D2-VlBEvlRsi2XeNENK1yA,300.0780034766214,© Google,OK,9_5,195352.0450377909,8252034.575092593,08dab6020dcca3d38a9f638b9da7dab658c0812f,cardinal,4,2,180_deg_south,cardinal,180,0,90,640,640,8,batch_0008,855,datasets/df_2024_proportional/batch_0008/images/08dab6020dcca3d38a9f638b9da7dab658c0812f.jpg,https://raw.githubusercontent.com/GUIA-DD/dataset-streetview/refs/heads/main/datasets/df_2024_proportional/batch_0008/images/08dab6020dcca3d38a9f638b9da7dab658c0812f.jpg,True,downloaded,
d457de403f5df66daf1ac89cc16d730ece1cdf90,40d619bf7941d626df4a9e659e7cef704d40824a,-15.791811363759033,-47.84347326898555,-15.79177003309723,-47.84350138239811,2026-01,2026,D2-VlBEvlRsi2XeNENK1yA,300.0780034766214,© Google,OK,9_5,195352.0450377909,8252034.575092593,83ef74832cc83fddbea88a5dfeda458b8cfd3c01,cardinal,4,3,270_deg_west,cardinal,270,0,90,640,640,8,batch_0008,856,datasets/df_2024_proportional/batch_0008/images/83ef74832cc83fddbea88a5dfeda458b8cfd3c01.jpg,https://raw.githubusercontent.com/GUIA-DD/dataset-streetview/refs/heads/main/datasets/df_2024_proportional/batch_0008/images/83ef74832cc83fddbea88a5dfeda458b8cfd3c01.jpg,True,downloaded,
d4da5621820ff821d98bd9ce5220f0fdda942768,2c0584d673fdc63f628d8f8e6e48e0d8df1a6fd2,-15.7795419000253,-47.989298299876644,-15.77952480362706,-47.98928244637403,2024-06,2024,4tehOT6S6EIJwnUygW_7Fg,9.401337631372336,© Google,OK,6_6,179697.27092868902,8253176.537034102,32e30d094c8602de3541c159a4fb2ac4c83c14d4,cardinal,4,0,0_deg_north,cardinal,0,0,90,640,640,8,batch_0008,857,datasets/df_2024_proportional/batch_0008/images/32e30d094c8602de3541c159a4fb2ac4c83c14d4.jpg,https://raw.githubusercontent.com/GUIA-DD/dataset-streetview/refs/heads/main/datasets/df_2024_proportional/batch_0008/images/32e30d094c8602de3541c159a4fb2ac4c83c14d4.jpg,True,downloaded,
d4da5621820ff821d98bd9ce5220f0fdda942768,2c0584d673fdc63f628d8f8e6e48e0d8df1a6fd2,-15.7795419000253,-47.989298299876644,-15.77952480362706,-47.98928244637403,2024-06,2024,4tehOT6S6EIJwnUygW_7Fg,9.401337631372336,© Google,OK,6_6,179697.27092868902,8253176.537034102,9bf3b4b063c61283c12bfe0bb3a64b9557bdc4f3,cardinal,4,1,90_deg_east,cardinal,90,0,90,640,640,8,batch_0008,858,datasets/df_2024_proportional/batch_0008/images/9bf3b4b063c61283c12bfe0bb3a64b9557bdc4f3.jpg,https://raw.githubusercontent.com/GUIA-DD/dataset-streetview/refs/heads/main/datasets/df_2024_proportional/batch_0008/images/9bf3b4b063c61283c12bfe0bb3a64b9557bdc4f3.jpg,True,downloaded,
d4da5621820ff821d98bd9ce5220f0fdda942768,2c0584d673fdc63f628d8f8e6e48e0d8df1a6fd2,-15.7795419000253,-47.989298299876644,-15.77952480362706,-47.98928244637403,2024-06,2024,4tehOT6S6EIJwnUygW_7Fg,9.401337631372336,© Google,OK,6_6,179697.27092868902,8253176.537034102,2ed3b21aaa9a524c40579941f640ca77512efa10,cardinal,4,2,180_deg_south,cardinal,180,0,90,640,640,8,batch_0008,859,datasets/df_2024_proportional/batch_0008/images/2ed3b21aaa9a524c40579941f640ca77512efa10.jpg,https://raw.githubusercontent.com/GUIA-DD/dataset-streetview/refs/heads/main/datasets/df_2024_proportional/batch_0008/images/2ed3b21aaa9a524c40579941f640ca77512efa10.jpg,True,downloaded,
d4da5621820ff821d98bd9ce5220f0fdda942768,2c0584d673fdc63f628d8f8e6e48e0d8df1a6fd2,-15.7795419000253,-47.989298299876644,-15.77952480362706,-47.98928244637403,2024-06,2024,4tehOT6S6EIJwnUygW_7Fg,9.401337631372336,© Google,OK,6_6,179697.27092868902,8253176.537034102,4784823e1c8a9118ff377e4e7ce52e4c9118e46a,cardinal,4,3,270_deg_west,cardinal,270,0,90,640,640,8,batch_0008,860,datasets/df_2024_proportional/batch_0008/images/4784823e1c8a9118ff377e4e7ce52e4c9118e46a.jpg,https://raw.githubusercontent.com/GUIA-DD/dataset-streetview/refs/heads/main/datasets/df_2024_proportional/batch_0008/images/4784823e1c8a9118ff377e4e7ce52e4c9118e46a.jpg,True,downloaded,
d7558c7d2852609ac69e2cbd2ff644f78708251e,b11ca3711585e1cb56ed0b3910f9edac05a2018d,-15.741914165670966,-47.76146248043278,-15.74194577841074,-47.76145191592615,2024-07,2024,hykYB4eQDtpj0DWGwzA0uw,161.88782373953867,© Google,OK,11_7,204072.14470287913,8257676.444140821,92b10fbdacb325339afe5610593c8f8d389e254c,cardinal,4,0,0_deg_north,cardinal,0,0,90,640,640,8,batch_0008,861,datasets/df_2024_proportional/batch_0008/images/92b10fbdacb325339afe5610593c8f8d389e254c.jpg,https://raw.githubusercontent.com/GUIA-DD/dataset-streetview/refs/heads/main/datasets/df_2024_proportional/batch_0008/images/92b10fbdacb325339afe5610593c8f8d389e254c.jpg,True,downloaded,
d7558c7d2852609ac69e2cbd2ff644f78708251e,b11ca3711585e1cb56ed0b3910f9edac05a2018d,-15.741914165670966,-47.76146248043278,-15.74194577841074,-47.76145191592615,2024-07,2024,hykYB4eQDtpj0DWGwzA0uw,161.88782373953867,© Google,OK,11_7,204072.14470287913,8257676.444140821,ff39379c22ffc5fec80e1bf500cda3f7c533ed64,cardinal,4,1,90_deg_east,cardinal,90,0,90,640,640,8,batch_0008,862,datasets/df_2024_proportional/batch_0008/images/ff39379c22ffc5fec80e1bf500cda3f7c533ed64.jpg,https://raw.githubusercontent.com/GUIA-DD/dataset-streetview/refs/heads/main/datasets/df_2024_proportional/batch_0008/images/ff39379c22ffc5fec80e1bf500cda3f7c533ed64.jpg,True,downloaded,
d7558c7d2852609ac69e2cbd2ff644f78708251e,b11ca3711585e1cb56ed0b3910f9edac05a2018d,-15.741914165670966,-47.76146248043278,-15.74194577841074,-47.76145191592615,2024-07,2024,hykYB4eQDtpj0DWGwzA0uw,161.88782373953867,© Google,OK,11_7,204072.14470287913,8257676.444140821,81c044012196339d9a98e6ffaa5cbaf440bf2bf2,cardinal,4,2,180_deg_south,cardinal,180,0,90,640,640,8,batch_0008,863,datasets/df_2024_proportional/batch_0008/images/81c044012196339d9a98e6ffaa5cbaf440bf2bf2.jpg,https://raw.githubusercontent.com/GUIA-DD/dataset-streetview/refs/heads/main/datasets/df_2024_proportional/batch_0008/images/81c044012196339d9a98e6ffaa5cbaf440bf2bf2.jpg,True,downloaded,
d7558c7d2852609ac69e2cbd2ff644f78708251e,b11ca3711585e1cb56ed0b3910f9edac05a2018d,-15.741914165670966,-47.76146248043278,-15.74194577841074,-47.76145191592615,2024-07,2024,hykYB4eQDtpj0DWGwzA0uw,161.88782373953867,© Google,OK,11_7,204072.14470287913,8257676.444140821,8e6ec48b3dd5c4e7a2604e217f1375f5d7372ff8,cardinal,4,3,270_deg_west,cardinal,270,0,90,640,640,8,batch_0008,864,datasets/df_2024_proportional/batch_0008/images/8e6ec48b3dd5c4e7a2604e217f1375f5d7372ff8.jpg,https://raw.githubusercontent.com/GUIA-DD/dataset-streetview/refs/heads/main/datasets/df_2024_proportional/batch_0008/images/8e6ec48b3dd5c4e7a2604e217f1375f5d7372ff8.jpg,True,downloaded,
da2b476cc87bb64f96877d51a6124a31857c38dd,72bb2b6e0e98a3bb09ea3a74ef94685ea428215b,-16.028582950096695,-48.06394735017363,-16.02855857635351,-48.06399159511528,2025-05,2025,P-Xm1Zow4Rgj4IltWlQ2xQ,301.12120065081456,© Google,OK,4_0,172096.73555617296,8225480.418657066,551bd0d92e562143fc3bdfdbc80df2789c292100,cardinal,4,0,0_deg_north,cardinal,0,0,90,640,640,8,batch_0008,865,datasets/df_2024_proportional/batch_0008/images/551bd0d92e562143fc3bdfdbc80df2789c292100.jpg,https://raw.githubusercontent.com/GUIA-DD/dataset-streetview/refs/heads/main/datasets/df_2024_proportional/batch_0008/images/551bd0d92e562143fc3bdfdbc80df2789c292100.jpg,True,downloaded,
da2b476cc87bb64f96877d51a6124a31857c38dd,72bb2b6e0e98a3bb09ea3a74ef94685ea428215b,-16.028582950096695,-48.06394735017363,-16.02855857635351,-48.06399159511528,2025-05,2025,P-Xm1Zow4Rgj4IltWlQ2xQ,301.12120065081456,© Google,OK,4_0,172096.73555617296,8225480.418657066,17be2f94225138a57a0f427d0581e95ff130c1c2,cardinal,4,1,90_deg_east,cardinal,90,0,90,640,640,8,batch_0008,866,datasets/df_2024_proportional/batch_0008/images/17be2f94225138a57a0f427d0581e95ff130c1c2.jpg,https://raw.githubusercontent.com/GUIA-DD/dataset-streetview/refs/heads/main/datasets/df_2024_proportional/batch_0008/images/17be2f94225138a57a0f427d0581e95ff130c1c2.jpg,True,downloaded,
da2b476cc87bb64f96877d51a6124a31857c38dd,72bb2b6e0e98a3bb09ea3a74ef94685ea428215b,-16.028582950096695,-48.06394735017363,-16.02855857635351,-48.06399159511528,2025-05,2025,P-Xm1Zow4Rgj4IltWlQ2xQ,301.12120065081456,© Google,OK,4_0,172096.73555617296,8225480.418657066,e44500d106872311d598e1eb42df8b27e78e1285,cardinal,4,2,180_deg_south,cardinal,180,0,90,640,640,8,batch_0008,867,datasets/df_2024_proportional/batch_0008/images/e44500d106872311d598e1eb42df8b27e78e1285.jpg,https://raw.githubusercontent.com/GUIA-DD/dataset-streetview/refs/heads/main/datasets/df_2024_proportional/batch_0008/images/e44500d106872311d598e1eb42df8b27e78e1285.jpg,True,downloaded,
da2b476cc87bb64f96877d51a6124a31857c38dd,72bb2b6e0e98a3bb09ea3a74ef94685ea428215b,-16.028582950096695,-48.06394735017363,-16.02855857635351,-48.06399159511528,2025-05,2025,P-Xm1Zow4Rgj4IltWlQ2xQ,301.12120065081456,© Google,OK,4_0,172096.73555617296,8225480.418657066,0b8f343356500ef77b6cca971d103091d49fe772,cardinal,4,3,270_deg_west,cardinal,270,0,90,640,640,8,batch_0008,868,datasets/df_2024_proportional/batch_0008/images/0b8f343356500ef77b6cca971d103091d49fe772.jpg,https://raw.githubusercontent.com/GUIA-DD/dataset-streetview/refs/heads/main/datasets/df_2024_proportional/batch_0008/images/0b8f343356500ef77b6cca971d103091d49fe772.jpg,True,downloaded,
db0e2ac76a94505a6b617345b30958a2ecdc5b7b,b8558c882285aa97973ba98d037f12d36c495f3b,-15.888485250005868,-48.05034929999785,-15.88849320833906,-48.05035082158634,2025-06,2025,1hbv9ioGOnjDbuXREB5uHQ,73.55635519898877,© Google,OK,4_3,173325.84607625852,8241017.447619919,6b19a91acd7e5ddb0c175a0ebac807283db5390f,cardinal,4,0,0_deg_north,cardinal,0,0,90,640,640,8,batch_0008,869,datasets/df_2024_proportional/batch_0008/images/6b19a91acd7e5ddb0c175a0ebac807283db5390f.jpg,https://raw.githubusercontent.com/GUIA-DD/dataset-streetview/refs/heads/main/datasets/df_2024_proportional/batch_0008/images/6b19a91acd7e5ddb0c175a0ebac807283db5390f.jpg,True,downloaded,
db0e2ac76a94505a6b617345b30958a2ecdc5b7b,b8558c882285aa97973ba98d037f12d36c495f3b,-15.888485250005868,-48.05034929999785,-15.88849320833906,-48.05035082158634,2025-06,2025,1hbv9ioGOnjDbuXREB5uHQ,73.55635519898877,© Google,OK,4_3,173325.84607625852,8241017.447619919,081910bdc619ad670d6c39faba9e38eb30e23a67,cardinal,4,1,90_deg_east,cardinal,90,0,90,640,640,8,batch_0008,870,datasets/df_2024_proportional/batch_0008/images/081910bdc619ad670d6c39faba9e38eb30e23a67.jpg,https://raw.githubusercontent.com/GUIA-DD/dataset-streetview/refs/heads/main/datasets/df_2024_proportional/batch_0008/images/081910bdc619ad670d6c39faba9e38eb30e23a67.jpg,True,downloaded,
db0e2ac76a94505a6b617345b30958a2ecdc5b7b,b8558c882285aa97973ba98d037f12d36c495f3b,-15.888485250005868,-48.05034929999785,-15.88849320833906,-48.05035082158634,2025-06,2025,1hbv9ioGOnjDbuXREB5uHQ,73.55635519898877,© Google,OK,4_3,173325.84607625852,8241017.447619919,59759259b6e03ec831d3ba0e9a2e894edb14fe32,cardinal,4,2,180_deg_south,cardinal,180,0,90,640,640,8,batch_0008,871,datasets/df_2024_proportional/batch_0008/images/59759259b6e03ec831d3ba0e9a2e894edb14fe32.jpg,https://raw.githubusercontent.com/GUIA-DD/dataset-streetview/refs/heads/main/datasets/df_2024_proportional/batch_0008/images/59759259b6e03ec831d3ba0e9a2e894edb14fe32.jpg,True,downloaded,
db0e2ac76a94505a6b617345b30958a2ecdc5b7b,b8558c882285aa97973ba98d037f12d36c495f3b,-15.888485250005868,-48.05034929999785,-15.88849320833906,-48.05035082158634,2025-06,2025,1hbv9ioGOnjDbuXREB5uHQ,73.55635519898877,© Google,OK,4_3,173325.84607625852,8241017.447619919,85975ffabc29cf5c30857118f0a958be0bca8555,cardinal,4,3,270_deg_west,cardinal,270,0,90,640,640,8,batch_0008,872,datasets/df_2024_proportional/batch_0008/images/85975ffabc29cf5c30857118f0a958be0bca8555.jpg,https://raw.githubusercontent.com/GUIA-DD/dataset-streetview/refs/heads/main/datasets/df_2024_proportional/batch_0008/images/85975ffabc29cf5c30857118f0a958be0bca8555.jpg,True,downloaded,
dbea8cb70e06282a909f9afc2beba4481f406255,80b2bc51f561132e94ca24fbf6fd9c3a89d1be7f,-15.922568495696503,-47.77018176102619,-15.92254743716436,-47.77019025464478,2024-07,2024,cG101IXbGDbq7BZ73-ThDg,358.268138956356,© Google,OK,10_3,203401.18877999674,8237661.496099089,435782161413cf92874f7c7591d574963cc4345a,cardinal,4,0,0_deg_north,cardinal,0,0,90,640,640,8,batch_0008,873,datasets/df_2024_proportional/batch_0008/images/435782161413cf92874f7c7591d574963cc4345a.jpg,https://raw.githubusercontent.com/GUIA-DD/dataset-streetview/refs/heads/main/datasets/df_2024_proportional/batch_0008/images/435782161413cf92874f7c7591d574963cc4345a.jpg,True,downloaded,
dbea8cb70e06282a909f9afc2beba4481f406255,80b2bc51f561132e94ca24fbf6fd9c3a89d1be7f,-15.922568495696503,-47.77018176102619,-15.92254743716436,-47.77019025464478,2024-07,2024,cG101IXbGDbq7BZ73-ThDg,358.268138956356,© Google,OK,10_3,203401.18877999674,8237661.496099089,dfec285b55739080a2bd5da895b8309f5447a38b,cardinal,4,1,90_deg_east,cardinal,90,0,90,640,640,8,batch_0008,874,datasets/df_2024_proportional/batch_0008/images/dfec285b55739080a2bd5da895b8309f5447a38b.jpg,https://raw.githubusercontent.com/GUIA-DD/dataset-streetview/refs/heads/main/datasets/df_2024_proportional/batch_0008/images/dfec285b55739080a2bd5da895b8309f5447a38b.jpg,True,downloaded,
dbea8cb70e06282a909f9afc2beba4481f406255,80b2bc51f561132e94ca24fbf6fd9c3a89d1be7f,-15.922568495696503,-47.77018176102619,-15.92254743716436,-47.77019025464478,2024-07,2024,cG101IXbGDbq7BZ73-ThDg,358.268138956356,© Google,OK,10_3,203401.18877999674,8237661.496099089,83c9fff6c568b80e4a9bafed18f4df686b78a76a,cardinal,4,2,180_deg_south,cardinal,180,0,90,640,640,8,batch_0008,875,datasets/df_2024_proportional/batch_0008/images/83c9fff6c568b80e4a9bafed18f4df686b78a76a.jpg,https://raw.githubusercontent.com/GUIA-DD/dataset-streetview/refs/heads/main/datasets/df_2024_proportional/batch_0008/images/83c9fff6c568b80e4a9bafed18f4df686b78a76a.jpg,True,downloaded,
dbea8cb70e06282a909f9afc2beba4481f406255,80b2bc51f561132e94ca24fbf6fd9c3a89d1be7f,-15.922568495696503,-47.77018176102619,-15.92254743716436,-47.77019025464478,2024-07,2024,cG101IXbGDbq7BZ73-ThDg,358.268138956356,© Google,OK,10_3,203401.18877999674,8237661.496099089,a34a34fa4603e259fc611be7efe2275d1974e42e,cardinal,4,3,270_deg_west,cardinal,270,0,90,640,640,8,batch_0008,876,datasets/df_2024_proportional/batch_0008/images/a34a34fa4603e259fc611be7efe2275d1974e42e.jpg,https://raw.githubusercontent.com/GUIA-DD/dataset-streetview/refs/heads/main/datasets/df_2024_proportional/batch_0008/images/a34a34fa4603e259fc611be7efe2275d1974e42e.jpg,True,downloaded,
dca8789d8c3df3a5ae5dd8d7f154776d92c41ea6,7e42b8dabb69d30f379ebaeb59893dc27f88d560,-15.803539299996652,-48.14070315017203,-15.80349978894042,-48.14071168994232,2026-01,2026,b9fw9OsGnVkJFG0_WCC98Q,162.88926166108166,© Google,OK,2_5,163500.3469387216,8250282.2811797485,ffede50bad3608453d1bd4f302faf6b17ddae059,cardinal,4,0,0_deg_north,cardinal,0,0,90,640,640,8,batch_0008,877,datasets/df_2024_proportional/batch_0008/images/ffede50bad3608453d1bd4f302faf6b17ddae059.jpg,https://raw.githubusercontent.com/GUIA-DD/dataset-streetview/refs/heads/main/datasets/df_2024_proportional/batch_0008/images/ffede50bad3608453d1bd4f302faf6b17ddae059.jpg,True,downloaded,
dca8789d8c3df3a5ae5dd8d7f154776d92c41ea6,7e42b8dabb69d30f379ebaeb59893dc27f88d560,-15.803539299996652,-48.14070315017203,-15.80349978894042,-48.14071168994232,2026-01,2026,b9fw9OsGnVkJFG0_WCC98Q,162.88926166108166,© Google,OK,2_5,163500.3469387216,8250282.2811797485,78795477190bf28375026e9c90fbe75a1c05b547,cardinal,4,1,90_deg_east,cardinal,90,0,90,640,640,8,batch_0008,878,datasets/df_2024_proportional/batch_0008/images/78795477190bf28375026e9c90fbe75a1c05b547.jpg,https://raw.githubusercontent.com/GUIA-DD/dataset-streetview/refs/heads/main/datasets/df_2024_proportional/batch_0008/images/78795477190bf28375026e9c90fbe75a1c05b547.jpg,True,downloaded,
dca8789d8c3df3a5ae5dd8d7f154776d92c41ea6,7e42b8dabb69d30f379ebaeb59893dc27f88d560,-15.803539299996652,-48.14070315017203,-15.80349978894042,-48.14071168994232,2026-01,2026,b9fw9OsGnVkJFG0_WCC98Q,162.88926166108166,© Google,OK,2_5,163500.3469387216,8250282.2811797485,c72b9f6907634f0dd446464f4907d93311daf3b6,cardinal,4,2,180_deg_south,cardinal,180,0,90,640,640,8,batch_0008,879,datasets/df_2024_proportional/batch_0008/images/c72b9f6907634f0dd446464f4907d93311daf3b6.jpg,https://raw.githubusercontent.com/GUIA-DD/dataset-streetview/refs/heads/main/datasets/df_2024_proportional/batch_0008/images/c72b9f6907634f0dd446464f4907d93311daf3b6.jpg,True,downloaded,
dca8789d8c3df3a5ae5dd8d7f154776d92c41ea6,7e42b8dabb69d30f379ebaeb59893dc27f88d560,-15.803539299996652,-48.14070315017203,-15.80349978894042,-48.14071168994232,2026-01,2026,b9fw9OsGnVkJFG0_WCC98Q,162.88926166108166,© Google,OK,2_5,163500.3469387216,8250282.2811797485,4a2d211fc4c2fece84f8e18692752fbbc9eb262b,cardinal,4,3,270_deg_west,cardinal,270,0,90,640,640,8,batch_0008,880,datasets/df_2024_proportional/batch_0008/images/4a2d211fc4c2fece84f8e18692752fbbc9eb262b.jpg,https://raw.githubusercontent.com/GUIA-DD/dataset-streetview/refs/heads/main/datasets/df_2024_proportional/batch_0008/images/4a2d211fc4c2fece84f8e18692752fbbc9eb262b.jpg,True,downloaded,
df25455a546ca5eea06a998ce0fedba53f95891e,9bbe612dedba72d4e799988c94ffffeb507bd46c,-15.832695500253346,-48.13625814956657,-15.83265940700645,-48.13625502113613,2024-07,2024,bX4L_DcU9yNKtKsw0RIH7w,219.58201747938534,© Google,OK,3_4,164025.2302552013,8247060.211795629,98cad0e690de273869b3fd80b2acdf4a9954941a,cardinal,4,0,0_deg_north,cardinal,0,0,90,640,640,8,batch_0008,881,datasets/df_2024_proportional/batch_0008/images/98cad0e690de273869b3fd80b2acdf4a9954941a.jpg,https://raw.githubusercontent.com/GUIA-DD/dataset-streetview/refs/heads/main/datasets/df_2024_proportional/batch_0008/images/98cad0e690de273869b3fd80b2acdf4a9954941a.jpg,True,downloaded,
df25455a546ca5eea06a998ce0fedba53f95891e,9bbe612dedba72d4e799988c94ffffeb507bd46c,-15.832695500253346,-48.13625814956657,-15.83265940700645,-48.13625502113613,2024-07,2024,bX4L_DcU9yNKtKsw0RIH7w,219.58201747938534,© Google,OK,3_4,164025.2302552013,8247060.211795629,fe931b7ae8716e52690e56bbe4d05305a4f738b7,cardinal,4,1,90_deg_east,cardinal,90,0,90,640,640,8,batch_0008,882,datasets/df_2024_proportional/batch_0008/images/fe931b7ae8716e52690e56bbe4d05305a4f738b7.jpg,https://raw.githubusercontent.com/GUIA-DD/dataset-streetview/refs/heads/main/datasets/df_2024_proportional/batch_0008/images/fe931b7ae8716e52690e56bbe4d05305a4f738b7.jpg,True,downloaded,
df25455a546ca5eea06a998ce0fedba53f95891e,9bbe612dedba72d4e799988c94ffffeb507bd46c,-15.832695500253346,-48.13625814956657,-15.83265940700645,-48.13625502113613,2024-07,2024,bX4L_DcU9yNKtKsw0RIH7w,219.58201747938534,© Google,OK,3_4,164025.2302552013,8247060.211795629,c18d9f0d8f1c22c04e844f9f1e0064cc558fe0e0,cardinal,4,2,180_deg_south,cardinal,180,0,90,640,640,8,batch_0008,883,datasets/df_2024_proportional/batch_0008/images/c18d9f0d8f1c22c04e844f9f1e0064cc558fe0e0.jpg,https://raw.githubusercontent.com/GUIA-DD/dataset-streetview/refs/heads/main/datasets/df_2024_proportional/batch_0008/images/c18d9f0d8f1c22c04e844f9f1e0064cc558fe0e0.jpg,True,downloaded,
df25455a546ca5eea06a998ce0fedba53f95891e,9bbe612dedba72d4e799988c94ffffeb507bd46c,-15.832695500253346,-48.13625814956657,-15.83265940700645,-48.13625502113613,2024-07,2024,bX4L_DcU9yNKtKsw0RIH7w,219.58201747938534,© Google,OK,3_4,164025.2302552013,8247060.211795629,4bbd0e0bb51392350b625ef0149e5725227bf409,cardinal,4,3,270_deg_west,cardinal,270,0,90,640,640,8,batch_0008,884,datasets/df_2024_proportional/batch_0008/images/4bbd0e0bb51392350b625ef0149e5725227bf409.jpg,https://raw.githubusercontent.com/GUIA-DD/dataset-streetview/refs/heads/main/datasets/df_2024_proportional/batch_0008/images/4bbd0e0bb51392350b625ef0149e5725227bf409.jpg,True,downloaded,
df747d10efd3122e0a57fea1379268915d7d0a65,c08c6aad003635935ad3440bc57f1a34397fc2e6,-15.786386200014132,-47.99246969999767,-15.78637751138106,-47.99245854224739,2024-05,2024,47WYNaMpeEsQMNSxFZGgaQ,79.46927126932661,© Google,OK,6_5,179367.96821248942,8252413.755414871,b7b4640c2d94d31211c01aa1598d16ecc486bb3d,cardinal,4,0,0_deg_north,cardinal,0,0,90,640,640,8,batch_0008,885,datasets/df_2024_proportional/batch_0008/images/b7b4640c2d94d31211c01aa1598d16ecc486bb3d.jpg,https://raw.githubusercontent.com/GUIA-DD/dataset-streetview/refs/heads/main/datasets/df_2024_proportional/batch_0008/images/b7b4640c2d94d31211c01aa1598d16ecc486bb3d.jpg,True,downloaded,
df747d10efd3122e0a57fea1379268915d7d0a65,c08c6aad003635935ad3440bc57f1a34397fc2e6,-15.786386200014132,-47.99246969999767,-15.78637751138106,-47.99245854224739,2024-05,2024,47WYNaMpeEsQMNSxFZGgaQ,79.46927126932661,© Google,OK,6_5,179367.96821248942,8252413.755414871,a214b459567ce5c61912e0718c99c481a206e6bf,cardinal,4,1,90_deg_east,cardinal,90,0,90,640,640,8,batch_0008,886,datasets/df_2024_proportional/batch_0008/images/a214b459567ce5c61912e0718c99c481a206e6bf.jpg,https://raw.githubusercontent.com/GUIA-DD/dataset-streetview/refs/heads/main/datasets/df_2024_proportional/batch_0008/images/a214b459567ce5c61912e0718c99c481a206e6bf.jpg,True,downloaded,
df747d10efd3122e0a57fea1379268915d7d0a65,c08c6aad003635935ad3440bc57f1a34397fc2e6,-15.786386200014132,-47.99246969999767,-15.78637751138106,-47.99245854224739,2024-05,2024,47WYNaMpeEsQMNSxFZGgaQ,79.46927126932661,© Google,OK,6_5,179367.96821248942,8252413.755414871,9466ea1a6018545306cb6b170806891827290af3,cardinal,4,2,180_deg_south,cardinal,180,0,90,640,640,8,batch_0008,887,datasets/df_2024_proportional/batch_0008/images/9466ea1a6018545306cb6b170806891827290af3.jpg,https://raw.githubusercontent.com/GUIA-DD/dataset-streetview/refs/heads/main/datasets/df_2024_proportional/batch_0008/images/9466ea1a6018545306cb6b170806891827290af3.jpg,True,downloaded,
df747d10efd3122e0a57fea1379268915d7d0a65,c08c6aad003635935ad3440bc57f1a34397fc2e6,-15.786386200014132,-47.99246969999767,-15.78637751138106,-47.99245854224739,2024-05,2024,47WYNaMpeEsQMNSxFZGgaQ,79.46927126932661,© Google,OK,6_5,179367.96821248942,8252413.755414871,33adbd1b54bde8bd668ba1639384fdee7920872c,cardinal,4,3,270_deg_west,cardinal,270,0,90,640,640,8,batch_0008,888,datasets/df_2024_proportional/batch_0008/images/33adbd1b54bde8bd668ba1639384fdee7920872c.jpg,https://raw.githubusercontent.com/GUIA-DD/dataset-streetview/refs/heads/main/datasets/df_2024_proportional/batch_0008/images/33adbd1b54bde8bd668ba1639384fdee7920872c.jpg,True,downloaded,
e0488488182b43467ac6c2f13859db20af83a593,b5f1ef385ff001309f77619b883d084856d479b3,-15.86859130611339,-47.94386676289733,-15.86857912527469,-47.94385236319057,2024-12,2024,bm6CICtiCj_S-ZpH1UhBYg,243.16624486307586,© Google,OK,7_4,184707.24067274266,8243384.051958037,8ac07dbc014554ad5a304fefd834813f6114c59e,cardinal,4,0,0_deg_north,cardinal,0,0,90,640,640,8,batch_0008,889,datasets/df_2024_proportional/batch_0008/images/8ac07dbc014554ad5a304fefd834813f6114c59e.jpg,https://raw.githubusercontent.com/GUIA-DD/dataset-streetview/refs/heads/main/datasets/df_2024_proportional/batch_0008/images/8ac07dbc014554ad5a304fefd834813f6114c59e.jpg,True,downloaded,
e0488488182b43467ac6c2f13859db20af83a593,b5f1ef385ff001309f77619b883d084856d479b3,-15.86859130611339,-47.94386676289733,-15.86857912527469,-47.94385236319057,2024-12,2024,bm6CICtiCj_S-ZpH1UhBYg,243.16624486307586,© Google,OK,7_4,184707.24067274266,8243384.051958037,bbaa071e1fcabb9ba54203faa063e3705fa24a0e,cardinal,4,1,90_deg_east,cardinal,90,0,90,640,640,8,batch_0008,890,datasets/df_2024_proportional/batch_0008/images/bbaa071e1fcabb9ba54203faa063e3705fa24a0e.jpg,https://raw.githubusercontent.com/GUIA-DD/dataset-streetview/refs/heads/main/datasets/df_2024_proportional/batch_0008/images/bbaa071e1fcabb9ba54203faa063e3705fa24a0e.jpg,True,downloaded,
e0488488182b43467ac6c2f13859db20af83a593,b5f1ef385ff001309f77619b883d084856d479b3,-15.86859130611339,-47.94386676289733,-15.86857912527469,-47.94385236319057,2024-12,2024,bm6CICtiCj_S-ZpH1UhBYg,243.16624486307586,© Google,OK,7_4,184707.24067274266,8243384.051958037,75ef84deefefd28b08a2530acd6f970133590c7a,cardinal,4,2,180_deg_south,cardinal,180,0,90,640,640,8,batch_0008,891,datasets/df_2024_proportional/batch_0008/images/75ef84deefefd28b08a2530acd6f970133590c7a.jpg,https://raw.githubusercontent.com/GUIA-DD/dataset-streetview/refs/heads/main/datasets/df_2024_proportional/batch_0008/images/75ef84deefefd28b08a2530acd6f970133590c7a.jpg,True,downloaded,
e0488488182b43467ac6c2f13859db20af83a593,b5f1ef385ff001309f77619b883d084856d479b3,-15.86859130611339,-47.94386676289733,-15.86857912527469,-47.94385236319057,2024-12,2024,bm6CICtiCj_S-ZpH1UhBYg,243.16624486307586,© Google,OK,7_4,184707.24067274266,8243384.051958037,fb8844acb3c76a4747cf61e3f38113ac7eb2170e,cardinal,4,3,270_deg_west,cardinal,270,0,90,640,640,8,batch_0008,892,datasets/df_2024_proportional/batch_0008/images/fb8844acb3c76a4747cf61e3f38113ac7eb2170e.jpg,https://raw.githubusercontent.com/GUIA-DD/dataset-streetview/refs/heads/main/datasets/df_2024_proportional/batch_0008/images/fb8844acb3c76a4747cf61e3f38113ac7eb2170e.jpg,True,downloaded,
e05346b901b4b4cfb61a78b60accce1eade988be,ab318aad88786c72da0e2c1bb3908fff121e2b87,-15.907396508126794,-47.76301619559642,-15.90742807838992,-47.76305518397425,2025-01,2025,z46Eu1DdbKqza23pQX0kaQ,46.834829302423536,© Google,OK,11_3,204146.67204533433,8239351.571677914,505de06f7b94b30afc02fe60485037101c97883f,cardinal,4,0,0_deg_north,cardinal,0,0,90,640,640,8,batch_0008,893,datasets/df_2024_proportional/batch_0008/images/505de06f7b94b30afc02fe60485037101c97883f.jpg,https://raw.githubusercontent.com/GUIA-DD/dataset-streetview/refs/heads/main/datasets/df_2024_proportional/batch_0008/images/505de06f7b94b30afc02fe60485037101c97883f.jpg,True,downloaded,
e05346b901b4b4cfb61a78b60accce1eade988be,ab318aad88786c72da0e2c1bb3908fff121e2b87,-15.907396508126794,-47.76301619559642,-15.90742807838992,-47.76305518397425,2025-01,2025,z46Eu1DdbKqza23pQX0kaQ,46.834829302423536,© Google,OK,11_3,204146.67204533433,8239351.571677914,912ce4647b127d373683d00d5faf4a2a68921606,cardinal,4,1,90_deg_east,cardinal,90,0,90,640,640,8,batch_0008,894,datasets/df_2024_proportional/batch_0008/images/912ce4647b127d373683d00d5faf4a2a68921606.jpg,https://raw.githubusercontent.com/GUIA-DD/dataset-streetview/refs/heads/main/datasets/df_2024_proportional/batch_0008/images/912ce4647b127d373683d00d5faf4a2a68921606.jpg,True,downloaded,
e05346b901b4b4cfb61a78b60accce1eade988be,ab318aad88786c72da0e2c1bb3908fff121e2b87,-15.907396508126794,-47.76301619559642,-15.90742807838992,-47.76305518397425,2025-01,2025,z46Eu1DdbKqza23pQX0kaQ,46.834829302423536,© Google,OK,11_3,204146.67204533433,8239351.571677914,3b0a064964a9ad228fe2e0f9aaae49238575f8ac,cardinal,4,2,180_deg_south,cardinal,180,0,90,640,640,8,batch_0008,895,datasets/df_2024_proportional/batch_0008/images/3b0a064964a9ad228fe2e0f9aaae49238575f8ac.jpg,https://raw.githubusercontent.com/GUIA-DD/dataset-streetview/refs/heads/main/datasets/df_2024_proportional/batch_0008/images/3b0a064964a9ad228fe2e0f9aaae49238575f8ac.jpg,True,downloaded,
e05346b901b4b4cfb61a78b60accce1eade988be,ab318aad88786c72da0e2c1bb3908fff121e2b87,-15.907396508126794,-47.76301619559642,-15.90742807838992,-47.76305518397425,2025-01,2025,z46Eu1DdbKqza23pQX0kaQ,46.834829302423536,© Google,OK,11_3,204146.67204533433,8239351.571677914,668b92188488f7075cf3dc9b9e4066a9308cae10,cardinal,4,3,270_deg_west,cardinal,270,0,90,640,640,8,batch_0008,896,datasets/df_2024_proportional/batch_0008/images/668b92188488f7075cf3dc9b9e4066a9308cae10.jpg,https://raw.githubusercontent.com/GUIA-DD/dataset-streetview/refs/heads/main/datasets/df_2024_proportional/batch_0008/images/668b92188488f7075cf3dc9b9e4066a9308cae10.jpg,True,downloaded,
e08f9a3125d8540ed8db8ccdfcbd5fe3b8035425,6bd00660e3dd2d8ec4680061584e5c076fe586dd,-15.649869549999721,-47.82627330004636,-15.64992324686947,-47.82627227942107,2024-07,2024,qiYQQ_coXRRMarKM8G41_Q,344.05919292046195,© Google,OK,9_9,196985.89048576306,8267776.253807755,53e2fbf185d6a1020f11478f1917abec7565024f,cardinal,4,0,0_deg_north,cardinal,0,0,90,640,640,8,batch_0008,897,datasets/df_2024_proportional/batch_0008/images/53e2fbf185d6a1020f11478f1917abec7565024f.jpg,https://raw.githubusercontent.com/GUIA-DD/dataset-streetview/refs/heads/main/datasets/df_2024_proportional/batch_0008/images/53e2fbf185d6a1020f11478f1917abec7565024f.jpg,True,downloaded,
e08f9a3125d8540ed8db8ccdfcbd5fe3b8035425,6bd00660e3dd2d8ec4680061584e5c076fe586dd,-15.649869549999721,-47.82627330004636,-15.64992324686947,-47.82627227942107,2024-07,2024,qiYQQ_coXRRMarKM8G41_Q,344.05919292046195,© Google,OK,9_9,196985.89048576306,8267776.253807755,3ca70949a089cf546d990c3fe86abaceaad30773,cardinal,4,1,90_deg_east,cardinal,90,0,90,640,640,8,batch_0008,898,datasets/df_2024_proportional/batch_0008/images/3ca70949a089cf546d990c3fe86abaceaad30773.jpg,https://raw.githubusercontent.com/GUIA-DD/dataset-streetview/refs/heads/main/datasets/df_2024_proportional/batch_0008/images/3ca70949a089cf546d990c3fe86abaceaad30773.jpg,True,downloaded,
e08f9a3125d8540ed8db8ccdfcbd5fe3b8035425,6bd00660e3dd2d8ec4680061584e5c076fe586dd,-15.649869549999721,-47.82627330004636,-15.64992324686947,-47.82627227942107,2024-07,2024,qiYQQ_coXRRMarKM8G41_Q,344.05919292046195,© Google,OK,9_9,196985.89048576306,8267776.253807755,0a8b961e351f0506190dc0c3c59cb3d6fdac98fe,cardinal,4,2,180_deg_south,cardinal,180,0,90,640,640,8,batch_0008,899,datasets/df_2024_proportional/batch_0008/images/0a8b961e351f0506190dc0c3c59cb3d6fdac98fe.jpg,https://raw.githubusercontent.com/GUIA-DD/dataset-streetview/refs/heads/main/datasets/df_2024_proportional/batch_0008/images/0a8b961e351f0506190dc0c3c59cb3d6fdac98fe.jpg,True,downloaded,
e08f9a3125d8540ed8db8ccdfcbd5fe3b8035425,6bd00660e3dd2d8ec4680061584e5c076fe586dd,-15.649869549999721,-47.82627330004636,-15.64992324686947,-47.82627227942107,2024-07,2024,qiYQQ_coXRRMarKM8G41_Q,344.05919292046195,© Google,OK,9_9,196985.89048576306,8267776.253807755,1905ebaf4090d50ed9a7c93841c975e6b9d101e2,cardinal,4,3,270_deg_west,cardinal,270,0,90,640,640,8,batch_0008,900,datasets/df_2024_proportional/batch_0008/images/1905ebaf4090d50ed9a7c93841c975e6b9d101e2.jpg,https://raw.githubusercontent.com/GUIA-DD/dataset-streetview/refs/heads/main/datasets/df_2024_proportional/batch_0008/images/1905ebaf4090d50ed9a7c93841c975e6b9d101e2.jpg,True,downloaded,
e0acda92a7084835704ac3b3cc088c76f10b8fe3,f21f62366797bbfe6bc8157f3d52805b38c0715d,-15.848657454960756,-48.11079085637558,-15.8486533501337,-48.1107781573735,2024-07,2024,mbkuP6sj2nbbnTtXGIMvtw,52.349624203702604,© Google,OK,3_4,166781.97304101172,8245333.037196917,e662541ee87c60c23ae666fbd5f26cb5e172c8d0,cardinal,4,0,0_deg_north,cardinal,0,0,90,640,640,8,batch_0008,901,datasets/df_2024_proportional/batch_0008/images/e662541ee87c60c23ae666fbd5f26cb5e172c8d0.jpg,https://raw.githubusercontent.com/GUIA-DD/dataset-streetview/refs/heads/main/datasets/df_2024_proportional/batch_0008/images/e662541ee87c60c23ae666fbd5f26cb5e172c8d0.jpg,True,downloaded,
e0acda92a7084835704ac3b3cc088c76f10b8fe3,f21f62366797bbfe6bc8157f3d52805b38c0715d,-15.848657454960756,-48.11079085637558,-15.8486533501337,-48.1107781573735,2024-07,2024,mbkuP6sj2nbbnTtXGIMvtw,52.349624203702604,© Google,OK,3_4,166781.97304101172,8245333.037196917,f46f256f4889d7dea142388d317ba992b8b56809,cardinal,4,1,90_deg_east,cardinal,90,0,90,640,640,8,batch_0008,902,datasets/df_2024_proportional/batch_0008/images/f46f256f4889d7dea142388d317ba992b8b56809.jpg,https://raw.githubusercontent.com/GUIA-DD/dataset-streetview/refs/heads/main/datasets/df_2024_proportional/batch_0008/images/f46f256f4889d7dea142388d317ba992b8b56809.jpg,True,downloaded,
e0acda92a7084835704ac3b3cc088c76f10b8fe3,f21f62366797bbfe6bc8157f3d52805b38c0715d,-15.848657454960756,-48.11079085637558,-15.8486533501337,-48.1107781573735,2024-07,2024,mbkuP6sj2nbbnTtXGIMvtw,52.349624203702604,© Google,OK,3_4,166781.97304101172,8245333.037196917,15a3ea1d889fd8b7908adb86a4e8425655e724e5,cardinal,4,2,180_deg_south,cardinal,180,0,90,640,640,8,batch_0008,903,datasets/df_2024_proportional/batch_0008/images/15a3ea1d889fd8b7908adb86a4e8425655e724e5.jpg,https://raw.githubusercontent.com/GUIA-DD/dataset-streetview/refs/heads/main/datasets/df_2024_proportional/batch_0008/images/15a3ea1d889fd8b7908adb86a4e8425655e724e5.jpg,True,downloaded,
e0acda92a7084835704ac3b3cc088c76f10b8fe3,f21f62366797bbfe6bc8157f3d52805b38c0715d,-15.848657454960756,-48.11079085637558,-15.8486533501337,-48.1107781573735,2024-07,2024,mbkuP6sj2nbbnTtXGIMvtw,52.349624203702604,© Google,OK,3_4,166781.97304101172,8245333.037196917,a9987f42dffc814fb1b80b8137e2ddbe7cf3b306,cardinal,4,3,270_deg_west,cardinal,270,0,90,640,640,8,batch_0008,904,datasets/df_2024_proportional/batch_0008/images/a9987f42dffc814fb1b80b8137e2ddbe7cf3b306.jpg,https://raw.githubusercontent.com/GUIA-DD/dataset-streetview/refs/heads/main/datasets/df_2024_proportional/batch_0008/images/a9987f42dffc814fb1b80b8137e2ddbe7cf3b306.jpg,True,downloaded,
e204764084388f4dbf569cdd160dab54f81df4cd,71fc8a3cf51b83e3be1bb60a7d3a897f85bab50c,-15.885843264193145,-47.81061746168757,-15.88580916665905,-47.81068359237054,2025-01,2025,-hej6MzH9yV65_EOImLGGg,134.10641770786546,© Google,OK,10_3,199014.14654986773,8241670.05551391,320116e1fdf3c077536171edbdd43dee604884fd,cardinal,4,0,0_deg_north,cardinal,0,0,90,640,640,8,batch_0008,905,datasets/df_2024_proportional/batch_0008/images/320116e1fdf3c077536171edbdd43dee604884fd.jpg,https://raw.githubusercontent.com/GUIA-DD/dataset-streetview/refs/heads/main/datasets/df_2024_proportional/batch_0008/images/320116e1fdf3c077536171edbdd43dee604884fd.jpg,True,downloaded,
e204764084388f4dbf569cdd160dab54f81df4cd,71fc8a3cf51b83e3be1bb60a7d3a897f85bab50c,-15.885843264193145,-47.81061746168757,-15.88580916665905,-47.81068359237054,2025-01,2025,-hej6MzH9yV65_EOImLGGg,134.10641770786546,© Google,OK,10_3,199014.14654986773,8241670.05551391,d587263b6a68b49f127ce0a1a8c241970fc2a491,cardinal,4,1,90_deg_east,cardinal,90,0,90,640,640,8,batch_0008,906,datasets/df_2024_proportional/batch_0008/images/d587263b6a68b49f127ce0a1a8c241970fc2a491.jpg,https://raw.githubusercontent.com/GUIA-DD/dataset-streetview/refs/heads/main/datasets/df_2024_proportional/batch_0008/images/d587263b6a68b49f127ce0a1a8c241970fc2a491.jpg,True,downloaded,
e204764084388f4dbf569cdd160dab54f81df4cd,71fc8a3cf51b83e3be1bb60a7d3a897f85bab50c,-15.885843264193145,-47.81061746168757,-15.88580916665905,-47.81068359237054,2025-01,2025,-hej6MzH9yV65_EOImLGGg,134.10641770786546,© Google,OK,10_3,199014.14654986773,8241670.05551391,6257685df709c02dd3ac8a8fbc1df3392fb79ea4,cardinal,4,2,180_deg_south,cardinal,180,0,90,640,640,8,batch_0008,907,datasets/df_2024_proportional/batch_0008/images/6257685df709c02dd3ac8a8fbc1df3392fb79ea4.jpg,https://raw.githubusercontent.com/GUIA-DD/dataset-streetview/refs/heads/main/datasets/df_2024_proportional/batch_0008/images/6257685df709c02dd3ac8a8fbc1df3392fb79ea4.jpg,True,downloaded,
e204764084388f4dbf569cdd160dab54f81df4cd,71fc8a3cf51b83e3be1bb60a7d3a897f85bab50c,-15.885843264193145,-47.81061746168757,-15.88580916665905,-47.81068359237054,2025-01,2025,-hej6MzH9yV65_EOImLGGg,134.10641770786546,© Google,OK,10_3,199014.14654986773,8241670.05551391,def20395f13119e1accb5f56a845b50a1267409e,cardinal,4,3,270_deg_west,cardinal,270,0,90,640,640,8,batch_0008,908,datasets/df_2024_proportional/batch_0008/images/def20395f13119e1accb5f56a845b50a1267409e.jpg,https://raw.githubusercontent.com/GUIA-DD/dataset-streetview/refs/heads/main/datasets/df_2024_proportional/batch_0008/images/def20395f13119e1accb5f56a845b50a1267409e.jpg,True,downloaded,
e3ad3e847ff7951f9a9017e57e7e7b024e0e3de3,6ba025a1db4b9ace884d103a2f64949eefb20733,-15.861162100055749,-48.12151660026991,-15.86115250148271,-48.12155929346084,2026-01,2026,rf-8mA3ebCswN1_N0Wi6lw,322.14795149881604,© Google,OK,3_4,165652.72729647948,8243931.005612175,ed77af7ece5ede093b744e1e2ec70181c8434608,cardinal,4,0,0_deg_north,cardinal,0,0,90,640,640,8,batch_0008,909,datasets/df_2024_proportional/batch_0008/images/ed77af7ece5ede093b744e1e2ec70181c8434608.jpg,https://raw.githubusercontent.com/GUIA-DD/dataset-streetview/refs/heads/main/datasets/df_2024_proportional/batch_0008/images/ed77af7ece5ede093b744e1e2ec70181c8434608.jpg,True,downloaded,
e3ad3e847ff7951f9a9017e57e7e7b024e0e3de3,6ba025a1db4b9ace884d103a2f64949eefb20733,-15.861162100055749,-48.12151660026991,-15.86115250148271,-48.12155929346084,2026-01,2026,rf-8mA3ebCswN1_N0Wi6lw,322.14795149881604,© Google,OK,3_4,165652.72729647948,8243931.005612175,82fabe9a5e8956e4af63557a9373a32178e090ab,cardinal,4,1,90_deg_east,cardinal,90,0,90,640,640,8,batch_0008,910,datasets/df_2024_proportional/batch_0008/images/82fabe9a5e8956e4af63557a9373a32178e090ab.jpg,https://raw.githubusercontent.com/GUIA-DD/dataset-streetview/refs/heads/main/datasets/df_2024_proportional/batch_0008/images/82fabe9a5e8956e4af63557a9373a32178e090ab.jpg,True,downloaded,
e3ad3e847ff7951f9a9017e57e7e7b024e0e3de3,6ba025a1db4b9ace884d103a2f64949eefb20733,-15.861162100055749,-48.12151660026991,-15.86115250148271,-48.12155929346084,2026-01,2026,rf-8mA3ebCswN1_N0Wi6lw,322.14795149881604,© Google,OK,3_4,165652.72729647948,8243931.005612175,2a62a7c60b5ef3bbbc42eb6241762c916a6276e9,cardinal,4,2,180_deg_south,cardinal,180,0,90,640,640,8,batch_0008,911,datasets/df_2024_proportional/batch_0008/images/2a62a7c60b5ef3bbbc42eb6241762c916a6276e9.jpg,https://raw.githubusercontent.com/GUIA-DD/dataset-streetview/refs/heads/main/datasets/df_2024_proportional/batch_0008/images/2a62a7c60b5ef3bbbc42eb6241762c916a6276e9.jpg,True,downloaded,
e3ad3e847ff7951f9a9017e57e7e7b024e0e3de3,6ba025a1db4b9ace884d103a2f64949eefb20733,-15.861162100055749,-48.12151660026991,-15.86115250148271,-48.12155929346084,2026-01,2026,rf-8mA3ebCswN1_N0Wi6lw,322.14795149881604,© Google,OK,3_4,165652.72729647948,8243931.005612175,b0a26ce59aef49bb63fbb13edc7eacafb16ada60,cardinal,4,3,270_deg_west,cardinal,270,0,90,640,640,8,batch_0008,912,datasets/df_2024_proportional/batch_0008/images/b0a26ce59aef49bb63fbb13edc7eacafb16ada60.jpg,https://raw.githubusercontent.com/GUIA-DD/dataset-streetview/refs/heads/main/datasets/df_2024_proportional/batch_0008/images/b0a26ce59aef49bb63fbb13edc7eacafb16ada60.jpg,True,downloaded,
e5e4375c9bd9ff5ab9dda71d4f70d4dd28c4ac96,37e3d901a45fb3580f5f3b97ef2e723ecdb2a456,-16.029337950345507,-48.0296028991188,-16.02930530573441,-48.02958410810069,2024-08,2024,wAyauIbf1InHnvnL3WmP5Q,206.842884567305,© Google,OK,5_0,175776.43763230657,8225450.867279856,6594973612240dc6e85a8179d2b9273afa858a5f,cardinal,4,0,0_deg_north,cardinal,0,0,90,640,640,8,batch_0008,913,datasets/df_2024_proportional/batch_0008/images/6594973612240dc6e85a8179d2b9273afa858a5f.jpg,https://raw.githubusercontent.com/GUIA-DD/dataset-streetview/refs/heads/main/datasets/df_2024_proportional/batch_0008/images/6594973612240dc6e85a8179d2b9273afa858a5f.jpg,True,downloaded,
e5e4375c9bd9ff5ab9dda71d4f70d4dd28c4ac96,37e3d901a45fb3580f5f3b97ef2e723ecdb2a456,-16.029337950345507,-48.0296028991188,-16.02930530573441,-48.02958410810069,2024-08,2024,wAyauIbf1InHnvnL3WmP5Q,206.842884567305,© Google,OK,5_0,175776.43763230657,8225450.867279856,8f443b95ec0c74fef5f32cc4716fd5aa7f128fc2,cardinal,4,1,90_deg_east,cardinal,90,0,90,640,640,8,batch_0008,914,datasets/df_2024_proportional/batch_0008/images/8f443b95ec0c74fef5f32cc4716fd5aa7f128fc2.jpg,https://raw.githubusercontent.com/GUIA-DD/dataset-streetview/refs/heads/main/datasets/df_2024_proportional/batch_0008/images/8f443b95ec0c74fef5f32cc4716fd5aa7f128fc2.jpg,True,downloaded,
e5e4375c9bd9ff5ab9dda71d4f70d4dd28c4ac96,37e3d901a45fb3580f5f3b97ef2e723ecdb2a456,-16.029337950345507,-48.0296028991188,-16.02930530573441,-48.02958410810069,2024-08,2024,wAyauIbf1InHnvnL3WmP5Q,206.842884567305,© Google,OK,5_0,175776.43763230657,8225450.867279856,222fb11a10f6959becc500842bfe422a830d9843,cardinal,4,2,180_deg_south,cardinal,180,0,90,640,640,8,batch_0008,915,datasets/df_2024_proportional/batch_0008/images/222fb11a10f6959becc500842bfe422a830d9843.jpg,https://raw.githubusercontent.com/GUIA-DD/dataset-streetview/refs/heads/main/datasets/df_2024_proportional/batch_0008/images/222fb11a10f6959becc500842bfe422a830d9843.jpg,True,downloaded,
e5e4375c9bd9ff5ab9dda71d4f70d4dd28c4ac96,37e3d901a45fb3580f5f3b97ef2e723ecdb2a456,-16.029337950345507,-48.0296028991188,-16.02930530573441,-48.02958410810069,2024-08,2024,wAyauIbf1InHnvnL3WmP5Q,206.842884567305,© Google,OK,5_0,175776.43763230657,8225450.867279856,cc455c94b7109fd5058c7757e67239e1533cb478,cardinal,4,3,270_deg_west,cardinal,270,0,90,640,640,8,batch_0008,916,datasets/df_2024_proportional/batch_0008/images/cc455c94b7109fd5058c7757e67239e1533cb478.jpg,https://raw.githubusercontent.com/GUIA-DD/dataset-streetview/refs/heads/main/datasets/df_2024_proportional/batch_0008/images/cc455c94b7109fd5058c7757e67239e1533cb478.jpg,True,downloaded,
e6bfe3c16c1eaca24bd9eef386e5d3ad499086c0,1734327151d5c02d5885853d1ea936b2eebf2642,-15.807999800006368,-48.10770590003322,-15.80802004905175,-48.10769452717144,2024-07,2024,cPn96tg-oDMta8fpQsQCeg,143.4270539631546,© Google,OK,3_5,167046.01792445523,8249840.869508556,a771f1847921ea29d4e446ca2ba569b21e2bb20a,cardinal,4,0,0_deg_north,cardinal,0,0,90,640,640,8,batch_0008,917,datasets/df_2024_proportional/batch_0008/images/a771f1847921ea29d4e446ca2ba569b21e2bb20a.jpg,https://raw.githubusercontent.com/GUIA-DD/dataset-streetview/refs/heads/main/datasets/df_2024_proportional/batch_0008/images/a771f1847921ea29d4e446ca2ba569b21e2bb20a.jpg,True,downloaded,
e6bfe3c16c1eaca24bd9eef386e5d3ad499086c0,1734327151d5c02d5885853d1ea936b2eebf2642,-15.807999800006368,-48.10770590003322,-15.80802004905175,-48.10769452717144,2024-07,2024,cPn96tg-oDMta8fpQsQCeg,143.4270539631546,© Google,OK,3_5,167046.01792445523,8249840.869508556,eb93786325f008d3418140660352a08754c400e9,cardinal,4,1,90_deg_east,cardinal,90,0,90,640,640,8,batch_0008,918,datasets/df_2024_proportional/batch_0008/images/eb93786325f008d3418140660352a08754c400e9.jpg,https://raw.githubusercontent.com/GUIA-DD/dataset-streetview/refs/heads/main/datasets/df_2024_proportional/batch_0008/images/eb93786325f008d3418140660352a08754c400e9.jpg,True,downloaded,
e6bfe3c16c1eaca24bd9eef386e5d3ad499086c0,1734327151d5c02d5885853d1ea936b2eebf2642,-15.807999800006368,-48.10770590003322,-15.80802004905175,-48.10769452717144,2024-07,2024,cPn96tg-oDMta8fpQsQCeg,143.4270539631546,© Google,OK,3_5,167046.01792445523,8249840.869508556,3f53d09fdb3f38f3b1b538951f46c97e354d7c91,cardinal,4,2,180_deg_south,cardinal,180,0,90,640,640,8,batch_0008,919,datasets/df_2024_proportional/batch_0008/images/3f53d09fdb3f38f3b1b538951f46c97e354d7c91.jpg,https://raw.githubusercontent.com/GUIA-DD/dataset-streetview/refs/heads/main/datasets/df_2024_proportional/batch_0008/images/3f53d09fdb3f38f3b1b538951f46c97e354d7c91.jpg,True,downloaded,
e6bfe3c16c1eaca24bd9eef386e5d3ad499086c0,1734327151d5c02d5885853d1ea936b2eebf2642,-15.807999800006368,-48.10770590003322,-15.80802004905175,-48.10769452717144,2024-07,2024,cPn96tg-oDMta8fpQsQCeg,143.4270539631546,© Google,OK,3_5,167046.01792445523,8249840.869508556,d9bef78847c319334163e628e3546863caaf30c8,cardinal,4,3,270_deg_west,cardinal,270,0,90,640,640,8,batch_0008,920,datasets/df_2024_proportional/batch_0008/images/d9bef78847c319334163e628e3546863caaf30c8.jpg,https://raw.githubusercontent.com/GUIA-DD/dataset-streetview/refs/heads/main/datasets/df_2024_proportional/batch_0008/images/d9bef78847c319334163e628e3546863caaf30c8.jpg,True,downloaded,
e7d65cca5dcc21e5ffc96b6c0ab336e0e5b4dc79,49c855c01e2b870f1a97bd2a1d0eb7a7038058db,-15.87577674999988,-48.06687835009017,-15.87580939806876,-48.06685649116898,2025-06,2025,9Ul8X9GCVunagTVX3FjfrA,341.9260088381048,© Google,OK,4_3,171533.6030984794,8242398.984944918,9cb4bcc30e5d668b8919af766a7d182e9aa6b52e,cardinal,4,0,0_deg_north,cardinal,0,0,90,640,640,8,batch_0008,921,datasets/df_2024_proportional/batch_0008/images/9cb4bcc30e5d668b8919af766a7d182e9aa6b52e.jpg,https://raw.githubusercontent.com/GUIA-DD/dataset-streetview/refs/heads/main/datasets/df_2024_proportional/batch_0008/images/9cb4bcc30e5d668b8919af766a7d182e9aa6b52e.jpg,True,downloaded,
e7d65cca5dcc21e5ffc96b6c0ab336e0e5b4dc79,49c855c01e2b870f1a97bd2a1d0eb7a7038058db,-15.87577674999988,-48.06687835009017,-15.87580939806876,-48.06685649116898,2025-06,2025,9Ul8X9GCVunagTVX3FjfrA,341.9260088381048,© Google,OK,4_3,171533.6030984794,8242398.984944918,199215f2ed1ecadc3905bae18a1c94e2ae00c56f,cardinal,4,1,90_deg_east,cardinal,90,0,90,640,640,8,batch_0008,922,datasets/df_2024_proportional/batch_0008/images/199215f2ed1ecadc3905bae18a1c94e2ae00c56f.jpg,https://raw.githubusercontent.com/GUIA-DD/dataset-streetview/refs/heads/main/datasets/df_2024_proportional/batch_0008/images/199215f2ed1ecadc3905bae18a1c94e2ae00c56f.jpg,True,downloaded,
e7d65cca5dcc21e5ffc96b6c0ab336e0e5b4dc79,49c855c01e2b870f1a97bd2a1d0eb7a7038058db,-15.87577674999988,-48.06687835009017,-15.87580939806876,-48.06685649116898,2025-06,2025,9Ul8X9GCVunagTVX3FjfrA,341.9260088381048,© Google,OK,4_3,171533.6030984794,8242398.984944918,32da18dd7daf63e2f8b2e039f508d734d6f36aab,cardinal,4,2,180_deg_south,cardinal,180,0,90,640,640,8,batch_0008,923,datasets/df_2024_proportional/batch_0008/images/32da18dd7daf63e2f8b2e039f508d734d6f36aab.jpg,https://raw.githubusercontent.com/GUIA-DD/dataset-streetview/refs/heads/main/datasets/df_2024_proportional/batch_0008/images/32da18dd7daf63e2f8b2e039f508d734d6f36aab.jpg,True,downloaded,
e7d65cca5dcc21e5ffc96b6c0ab336e0e5b4dc79,49c855c01e2b870f1a97bd2a1d0eb7a7038058db,-15.87577674999988,-48.06687835009017,-15.87580939806876,-48.06685649116898,2025-06,2025,9Ul8X9GCVunagTVX3FjfrA,341.9260088381048,© Google,OK,4_3,171533.6030984794,8242398.984944918,fb7045fac3c74d1a3d17ae93088dbeefd7427c13,cardinal,4,3,270_deg_west,cardinal,270,0,90,640,640,8,batch_0008,924,datasets/df_2024_proportional/batch_0008/images/fb7045fac3c74d1a3d17ae93088dbeefd7427c13.jpg,https://raw.githubusercontent.com/GUIA-DD/dataset-streetview/refs/heads/main/datasets/df_2024_proportional/batch_0008/images/fb7045fac3c74d1a3d17ae93088dbeefd7427c13.jpg,True,downloaded,
e93f7f1dad32a28a1dbd81e75007b6961b4278cd,40175966026a36f2e090f024f55941ef69333237,-15.79825005006551,-48.10847375023113,-15.79827289665455,-48.10845901775409,2026-01,2026,FjceQAvOPG8ESEbUcT0ggQ,136.1922270838199,© Google,OK,3_5,166947.71265097713,8250919.457047906,e9a7ee3b541e7fd24dc35eb6704e40dd7f627e6e,cardinal,4,0,0_deg_north,cardinal,0,0,90,640,640,8,batch_0008,925,datasets/df_2024_proportional/batch_0008/images/e9a7ee3b541e7fd24dc35eb6704e40dd7f627e6e.jpg,https://raw.githubusercontent.com/GUIA-DD/dataset-streetview/refs/heads/main/datasets/df_2024_proportional/batch_0008/images/e9a7ee3b541e7fd24dc35eb6704e40dd7f627e6e.jpg,True,downloaded,
e93f7f1dad32a28a1dbd81e75007b6961b4278cd,40175966026a36f2e090f024f55941ef69333237,-15.79825005006551,-48.10847375023113,-15.79827289665455,-48.10845901775409,2026-01,2026,FjceQAvOPG8ESEbUcT0ggQ,136.1922270838199,© Google,OK,3_5,166947.71265097713,8250919.457047906,3e2ce7ecc06a6a18db9c23a212c647e531156bb2,cardinal,4,1,90_deg_east,cardinal,90,0,90,640,640,8,batch_0008,926,datasets/df_2024_proportional/batch_0008/images/3e2ce7ecc06a6a18db9c23a212c647e531156bb2.jpg,https://raw.githubusercontent.com/GUIA-DD/dataset-streetview/refs/heads/main/datasets/df_2024_proportional/batch_0008/images/3e2ce7ecc06a6a18db9c23a212c647e531156bb2.jpg,True,downloaded,
e93f7f1dad32a28a1dbd81e75007b6961b4278cd,40175966026a36f2e090f024f55941ef69333237,-15.79825005006551,-48.10847375023113,-15.79827289665455,-48.10845901775409,2026-01,2026,FjceQAvOPG8ESEbUcT0ggQ,136.1922270838199,© Google,OK,3_5,166947.71265097713,8250919.457047906,9369a25f80908e28b1f828945be1370f2f30ad2d,cardinal,4,2,180_deg_south,cardinal,180,0,90,640,640,8,batch_0008,927,datasets/df_2024_proportional/batch_0008/images/9369a25f80908e28b1f828945be1370f2f30ad2d.jpg,https://raw.githubusercontent.com/GUIA-DD/dataset-streetview/refs/heads/main/datasets/df_2024_proportional/batch_0008/images/9369a25f80908e28b1f828945be1370f2f30ad2d.jpg,True,downloaded,
e93f7f1dad32a28a1dbd81e75007b6961b4278cd,40175966026a36f2e090f024f55941ef69333237,-15.79825005006551,-48.10847375023113,-15.79827289665455,-48.10845901775409,2026-01,2026,FjceQAvOPG8ESEbUcT0ggQ,136.1922270838199,© Google,OK,3_5,166947.71265097713,8250919.457047906,b186b6fabd3e9e3006c77c18777847ef4f0826ab,cardinal,4,3,270_deg_west,cardinal,270,0,90,640,640,8,batch_0008,928,datasets/df_2024_proportional/batch_0008/images/b186b6fabd3e9e3006c77c18777847ef4f0826ab.jpg,https://raw.githubusercontent.com/GUIA-DD/dataset-streetview/refs/heads/main/datasets/df_2024_proportional/batch_0008/images/b186b6fabd3e9e3006c77c18777847ef4f0826ab.jpg,True,downloaded,
ea327855ca759363dfae8a738bbe05a33c37006d,27e807f168e0a5f60c308b00102471f8d8e2f4dd,-15.894446245842985,-48.11016794125862,-15.8944665128519,-48.11016899200878,2025-06,2025,_rOe7eE_dMJbSlVf34kAzg,153.10697685414738,© Google,OK,3_3,166924.11331181636,8240262.793171068,1b57dd0e31396b50441f1dfdc73354c4a6d79cf5,cardinal,4,0,0_deg_north,cardinal,0,0,90,640,640,8,batch_0008,929,datasets/df_2024_proportional/batch_0008/images/1b57dd0e31396b50441f1dfdc73354c4a6d79cf5.jpg,https://raw.githubusercontent.com/GUIA-DD/dataset-streetview/refs/heads/main/datasets/df_2024_proportional/batch_0008/images/1b57dd0e31396b50441f1dfdc73354c4a6d79cf5.jpg,True,downloaded,
ea327855ca759363dfae8a738bbe05a33c37006d,27e807f168e0a5f60c308b00102471f8d8e2f4dd,-15.894446245842985,-48.11016794125862,-15.8944665128519,-48.11016899200878,2025-06,2025,_rOe7eE_dMJbSlVf34kAzg,153.10697685414738,© Google,OK,3_3,166924.11331181636,8240262.793171068,4c17593df23250b2e868be79119739627a7df74d,cardinal,4,1,90_deg_east,cardinal,90,0,90,640,640,8,batch_0008,930,datasets/df_2024_proportional/batch_0008/images/4c17593df23250b2e868be79119739627a7df74d.jpg,https://raw.githubusercontent.com/GUIA-DD/dataset-streetview/refs/heads/main/datasets/df_2024_proportional/batch_0008/images/4c17593df23250b2e868be79119739627a7df74d.jpg,True,downloaded,
ea327855ca759363dfae8a738bbe05a33c37006d,27e807f168e0a5f60c308b00102471f8d8e2f4dd,-15.894446245842985,-48.11016794125862,-15.8944665128519,-48.11016899200878,2025-06,2025,_rOe7eE_dMJbSlVf34kAzg,153.10697685414738,© Google,OK,3_3,166924.11331181636,8240262.793171068,1be44073aa389e14e598a5189d3622b2f89fe410,cardinal,4,2,180_deg_south,cardinal,180,0,90,640,640,8,batch_0008,931,datasets/df_2024_proportional/batch_0008/images/1be44073aa389e14e598a5189d3622b2f89fe410.jpg,https://raw.githubusercontent.com/GUIA-DD/dataset-streetview/refs/heads/main/datasets/df_2024_proportional/batch_0008/images/1be44073aa389e14e598a5189d3622b2f89fe410.jpg,True,downloaded,
ea327855ca759363dfae8a738bbe05a33c37006d,27e807f168e0a5f60c308b00102471f8d8e2f4dd,-15.894446245842985,-48.11016794125862,-15.8944665128519,-48.11016899200878,2025-06,2025,_rOe7eE_dMJbSlVf34kAzg,153.10697685414738,© Google,OK,3_3,166924.11331181636,8240262.793171068,2bb3e19cc19e16b0368dc6039b11a6bcefeb8f7d,cardinal,4,3,270_deg_west,cardinal,270,0,90,640,640,8,batch_0008,932,datasets/df_2024_proportional/batch_0008/images/2bb3e19cc19e16b0368dc6039b11a6bcefeb8f7d.jpg,https://raw.githubusercontent.com/GUIA-DD/dataset-streetview/refs/heads/main/datasets/df_2024_proportional/batch_0008/images/2bb3e19cc19e16b0368dc6039b11a6bcefeb8f7d.jpg,True,downloaded,
eb0d3da83abe0168a32a8e7020b4ebe80a95a0fa,60ad0b4ddd5c3f453be82a816aac83bd0473830d,-16.038430900029827,-48.029768450005776,-16.0384285807039,-48.02974127665103,2025-02,2025,6358nwuEgpRUrOB0Xk6dHw,269.4242334303932,© Google,OK,5_0,175773.42855808578,8224443.592797437,98b9a34783dbc5e20a1cb0e4123d2ab03021e355,cardinal,4,0,0_deg_north,cardinal,0,0,90,640,640,8,batch_0008,933,datasets/df_2024_proportional/batch_0008/images/98b9a34783dbc5e20a1cb0e4123d2ab03021e355.jpg,https://raw.githubusercontent.com/GUIA-DD/dataset-streetview/refs/heads/main/datasets/df_2024_proportional/batch_0008/images/98b9a34783dbc5e20a1cb0e4123d2ab03021e355.jpg,True,downloaded,
eb0d3da83abe0168a32a8e7020b4ebe80a95a0fa,60ad0b4ddd5c3f453be82a816aac83bd0473830d,-16.038430900029827,-48.029768450005776,-16.0384285807039,-48.02974127665103,2025-02,2025,6358nwuEgpRUrOB0Xk6dHw,269.4242334303932,© Google,OK,5_0,175773.42855808578,8224443.592797437,c95b0b1ea1f9275a4c11f69dbfe88aaa044172b0,cardinal,4,1,90_deg_east,cardinal,90,0,90,640,640,8,batch_0008,934,datasets/df_2024_proportional/batch_0008/images/c95b0b1ea1f9275a4c11f69dbfe88aaa044172b0.jpg,https://raw.githubusercontent.com/GUIA-DD/dataset-streetview/refs/heads/main/datasets/df_2024_proportional/batch_0008/images/c95b0b1ea1f9275a4c11f69dbfe88aaa044172b0.jpg,True,downloaded,
eb0d3da83abe0168a32a8e7020b4ebe80a95a0fa,60ad0b4ddd5c3f453be82a816aac83bd0473830d,-16.038430900029827,-48.029768450005776,-16.0384285807039,-48.02974127665103,2025-02,2025,6358nwuEgpRUrOB0Xk6dHw,269.4242334303932,© Google,OK,5_0,175773.42855808578,8224443.592797437,5c1a9df218ba1521986efcaa1ad3d9d0548d1a98,cardinal,4,2,180_deg_south,cardinal,180,0,90,640,640,8,batch_0008,935,datasets/df_2024_proportional/batch_0008/images/5c1a9df218ba1521986efcaa1ad3d9d0548d1a98.jpg,https://raw.githubusercontent.com/GUIA-DD/dataset-streetview/refs/heads/main/datasets/df_2024_proportional/batch_0008/images/5c1a9df218ba1521986efcaa1ad3d9d0548d1a98.jpg,True,downloaded,
eb0d3da83abe0168a32a8e7020b4ebe80a95a0fa,60ad0b4ddd5c3f453be82a816aac83bd0473830d,-16.038430900029827,-48.029768450005776,-16.0384285807039,-48.02974127665103,2025-02,2025,6358nwuEgpRUrOB0Xk6dHw,269.4242334303932,© Google,OK,5_0,175773.42855808578,8224443.592797437,2b28022d275426497b908e1ec1ea717dda6c75c3,cardinal,4,3,270_deg_west,cardinal,270,0,90,640,640,8,batch_0008,936,datasets/df_2024_proportional/batch_0008/images/2b28022d275426497b908e1ec1ea717dda6c75c3.jpg,https://raw.githubusercontent.com/GUIA-DD/dataset-streetview/refs/heads/main/datasets/df_2024_proportional/batch_0008/images/2b28022d275426497b908e1ec1ea717dda6c75c3.jpg,True,downloaded,
eb60a7938c4f67df4e85ac1f0f3ea77b3f097f26,2555b188c6fa65ac63225777151aafa14c862548,-15.81052705018257,-48.11091794985098,-15.81053841054326,-48.11096533204513,2024-07,2024,o50Wvl41g_yqyG4Az7raCw,240.70542917195615,© Google,OK,3_5,166705.7391934204,8249555.873719024,3a3bba02639fd528fcf42f78a501cb6a72e3243b,cardinal,4,0,0_deg_north,cardinal,0,0,90,640,640,8,batch_0008,937,datasets/df_2024_proportional/batch_0008/images/3a3bba02639fd528fcf42f78a501cb6a72e3243b.jpg,https://raw.githubusercontent.com/GUIA-DD/dataset-streetview/refs/heads/main/datasets/df_2024_proportional/batch_0008/images/3a3bba02639fd528fcf42f78a501cb6a72e3243b.jpg,True,downloaded,
eb60a7938c4f67df4e85ac1f0f3ea77b3f097f26,2555b188c6fa65ac63225777151aafa14c862548,-15.81052705018257,-48.11091794985098,-15.81053841054326,-48.11096533204513,2024-07,2024,o50Wvl41g_yqyG4Az7raCw,240.70542917195615,© Google,OK,3_5,166705.7391934204,8249555.873719024,efff63c58f7b68080b548c92806807957b4b884c,cardinal,4,1,90_deg_east,cardinal,90,0,90,640,640,8,batch_0008,938,datasets/df_2024_proportional/batch_0008/images/efff63c58f7b68080b548c92806807957b4b884c.jpg,https://raw.githubusercontent.com/GUIA-DD/dataset-streetview/refs/heads/main/datasets/df_2024_proportional/batch_0008/images/efff63c58f7b68080b548c92806807957b4b884c.jpg,True,downloaded,
eb60a7938c4f67df4e85ac1f0f3ea77b3f097f26,2555b188c6fa65ac63225777151aafa14c862548,-15.81052705018257,-48.11091794985098,-15.81053841054326,-48.11096533204513,2024-07,2024,o50Wvl41g_yqyG4Az7raCw,240.70542917195615,© Google,OK,3_5,166705.7391934204,8249555.873719024,a03cac321153fe996d387d21b6bc7713c04181e5,cardinal,4,2,180_deg_south,cardinal,180,0,90,640,640,8,batch_0008,939,datasets/df_2024_proportional/batch_0008/images/a03cac321153fe996d387d21b6bc7713c04181e5.jpg,https://raw.githubusercontent.com/GUIA-DD/dataset-streetview/refs/heads/main/datasets/df_2024_proportional/batch_0008/images/a03cac321153fe996d387d21b6bc7713c04181e5.jpg,True,downloaded,
eb60a7938c4f67df4e85ac1f0f3ea77b3f097f26,2555b188c6fa65ac63225777151aafa14c862548,-15.81052705018257,-48.11091794985098,-15.81053841054326,-48.11096533204513,2024-07,2024,o50Wvl41g_yqyG4Az7raCw,240.70542917195615,© Google,OK,3_5,166705.7391934204,8249555.873719024,8cad66dec662adc3138572d9a6070a6e43cbb218,cardinal,4,3,270_deg_west,cardinal,270,0,90,640,640,8,batch_0008,940,datasets/df_2024_proportional/batch_0008/images/8cad66dec662adc3138572d9a6070a6e43cbb218.jpg,https://raw.githubusercontent.com/GUIA-DD/dataset-streetview/refs/heads/main/datasets/df_2024_proportional/batch_0008/images/8cad66dec662adc3138572d9a6070a6e43cbb218.jpg,True,downloaded,
ebbc01e7d24269db6ae59efb62e7a0f9bd42b712,7e34370dd10796a00007f33914b65ff8eada7f59,-15.835792019229173,-48.030072079561556,-15.83580753510223,-48.03003731144296,2024-10,2024,u6ZsDTWFBchdKXY7ekuCwg,316.25078105770075,© Google,OK,5_4,175414.7237713949,8246884.591128642,4dcd8cd848139842ee769ce6ae7e22a5882b99c9,cardinal,4,0,0_deg_north,cardinal,0,0,90,640,640,8,batch_0008,941,datasets/df_2024_proportional/batch_0008/images/4dcd8cd848139842ee769ce6ae7e22a5882b99c9.jpg,https://raw.githubusercontent.com/GUIA-DD/dataset-streetview/refs/heads/main/datasets/df_2024_proportional/batch_0008/images/4dcd8cd848139842ee769ce6ae7e22a5882b99c9.jpg,True,downloaded,
ebbc01e7d24269db6ae59efb62e7a0f9bd42b712,7e34370dd10796a00007f33914b65ff8eada7f59,-15.835792019229173,-48.030072079561556,-15.83580753510223,-48.03003731144296,2024-10,2024,u6ZsDTWFBchdKXY7ekuCwg,316.25078105770075,© Google,OK,5_4,175414.7237713949,8246884.591128642,a77821aa73ab2d466acc7a3db9765ccb59f27bd6,cardinal,4,1,90_deg_east,cardinal,90,0,90,640,640,8,batch_0008,942,datasets/df_2024_proportional/batch_0008/images/a77821aa73ab2d466acc7a3db9765ccb59f27bd6.jpg,https://raw.githubusercontent.com/GUIA-DD/dataset-streetview/refs/heads/main/datasets/df_2024_proportional/batch_0008/images/a77821aa73ab2d466acc7a3db9765ccb59f27bd6.jpg,True,downloaded,
ebbc01e7d24269db6ae59efb62e7a0f9bd42b712,7e34370dd10796a00007f33914b65ff8eada7f59,-15.835792019229173,-48.030072079561556,-15.83580753510223,-48.03003731144296,2024-10,2024,u6ZsDTWFBchdKXY7ekuCwg,316.25078105770075,© Google,OK,5_4,175414.7237713949,8246884.591128642,6ea6a18c13689200c62680dc3ff9132c9c87f335,cardinal,4,2,180_deg_south,cardinal,180,0,90,640,640,8,batch_0008,943,datasets/df_2024_proportional/batch_0008/images/6ea6a18c13689200c62680dc3ff9132c9c87f335.jpg,https://raw.githubusercontent.com/GUIA-DD/dataset-streetview/refs/heads/main/datasets/df_2024_proportional/batch_0008/images/6ea6a18c13689200c62680dc3ff9132c9c87f335.jpg,True,downloaded,
ebbc01e7d24269db6ae59efb62e7a0f9bd42b712,7e34370dd10796a00007f33914b65ff8eada7f59,-15.835792019229173,-48.030072079561556,-15.83580753510223,-48.03003731144296,2024-10,2024,u6ZsDTWFBchdKXY7ekuCwg,316.25078105770075,© Google,OK,5_4,175414.7237713949,8246884.591128642,229960a0fea88933bb7604e4f79cb65042ab0abb,cardinal,4,3,270_deg_west,cardinal,270,0,90,640,640,8,batch_0008,944,datasets/df_2024_proportional/batch_0008/images/229960a0fea88933bb7604e4f79cb65042ab0abb.jpg,https://raw.githubusercontent.com/GUIA-DD/dataset-streetview/refs/heads/main/datasets/df_2024_proportional/batch_0008/images/229960a0fea88933bb7604e4f79cb65042ab0abb.jpg,True,downloaded,
ef0caa462e84d05a2c9afb1d483f546e605c45d4,c8df178623ed6871f83ada51301c49f0831128ba,-15.642692650026994,-47.65835775000401,-15.64270569981015,-47.65833320726694,2024-08,2024,lfcWgScoMQolozyhJmB75w,268.8197140511225,© Google,OK,13_9,214990.1915480285,8268803.600390788,1b377ccc6e6026f3bd4df7651c6fa594f25b2377,cardinal,4,0,0_deg_north,cardinal,0,0,90,640,640,8,batch_0008,945,datasets/df_2024_proportional/batch_0008/images/1b377ccc6e6026f3bd4df7651c6fa594f25b2377.jpg,https://raw.githubusercontent.com/GUIA-DD/dataset-streetview/refs/heads/main/datasets/df_2024_proportional/batch_0008/images/1b377ccc6e6026f3bd4df7651c6fa594f25b2377.jpg,True,downloaded,
ef0caa462e84d05a2c9afb1d483f546e605c45d4,c8df178623ed6871f83ada51301c49f0831128ba,-15.642692650026994,-47.65835775000401,-15.64270569981015,-47.65833320726694,2024-08,2024,lfcWgScoMQolozyhJmB75w,268.8197140511225,© Google,OK,13_9,214990.1915480285,8268803.600390788,1f3fbf9cf0ae787183b5cdc6993e7fa4811f1b59,cardinal,4,1,90_deg_east,cardinal,90,0,90,640,640,8,batch_0008,946,datasets/df_2024_proportional/batch_0008/images/1f3fbf9cf0ae787183b5cdc6993e7fa4811f1b59.jpg,https://raw.githubusercontent.com/GUIA-DD/dataset-streetview/refs/heads/main/datasets/df_2024_proportional/batch_0008/images/1f3fbf9cf0ae787183b5cdc6993e7fa4811f1b59.jpg,True,downloaded,
ef0caa462e84d05a2c9afb1d483f546e605c45d4,c8df178623ed6871f83ada51301c49f0831128ba,-15.642692650026994,-47.65835775000401,-15.64270569981015,-47.65833320726694,2024-08,2024,lfcWgScoMQolozyhJmB75w,268.8197140511225,© Google,OK,13_9,214990.1915480285,8268803.600390788,39c600733626f40fd296ee86d0cdab5e17af050c,cardinal,4,2,180_deg_south,cardinal,180,0,90,640,640,8,batch_0008,947,datasets/df_2024_proportional/batch_0008/images/39c600733626f40fd296ee86d0cdab5e17af050c.jpg,https://raw.githubusercontent.com/GUIA-DD/dataset-streetview/refs/heads/main/datasets/df_2024_proportional/batch_0008/images/39c600733626f40fd296ee86d0cdab5e17af050c.jpg,True,downloaded,
ef0caa462e84d05a2c9afb1d483f546e605c45d4,c8df178623ed6871f83ada51301c49f0831128ba,-15.642692650026994,-47.65835775000401,-15.64270569981015,-47.65833320726694,2024-08,2024,lfcWgScoMQolozyhJmB75w,268.8197140511225,© Google,OK,13_9,214990.1915480285,8268803.600390788,426ac7c3a24187650dc9c9b1ac18b638dde6fb15,cardinal,4,3,270_deg_west,cardinal,270,0,90,640,640,8,batch_0008,948,datasets/df_2024_proportional/batch_0008/images/426ac7c3a24187650dc9c9b1ac18b638dde6fb15.jpg,https://raw.githubusercontent.com/GUIA-DD/dataset-streetview/refs/heads/main/datasets/df_2024_proportional/batch_0008/images/426ac7c3a24187650dc9c9b1ac18b638dde6fb15.jpg,True,downloaded,
ef6a11c5d38caaab795746e0d6bc74892ddc57f5,78787d245f28c82b84241fe10b3deb8bf9a7260f,-15.803495200000231,-48.13339345005971,-15.80345324192444,-48.13338644082269,2026-02,2026,V0JzPWM5oLU3r9FtHYtUig,340.7941082555554,© Google,OK,3_5,164284.11704951752,8250298.865299794,4a93a56af2b94f5cc67f9fdc40eca3fdfca8a437,cardinal,4,0,0_deg_north,cardinal,0,0,90,640,640,8,batch_0008,949,datasets/df_2024_proportional/batch_0008/images/4a93a56af2b94f5cc67f9fdc40eca3fdfca8a437.jpg,https://raw.githubusercontent.com/GUIA-DD/dataset-streetview/refs/heads/main/datasets/df_2024_proportional/batch_0008/images/4a93a56af2b94f5cc67f9fdc40eca3fdfca8a437.jpg,True,downloaded,
ef6a11c5d38caaab795746e0d6bc74892ddc57f5,78787d245f28c82b84241fe10b3deb8bf9a7260f,-15.803495200000231,-48.13339345005971,-15.80345324192444,-48.13338644082269,2026-02,2026,V0JzPWM5oLU3r9FtHYtUig,340.7941082555554,© Google,OK,3_5,164284.11704951752,8250298.865299794,1080dec230cb566ad75aea99b5bb89aecd835c06,cardinal,4,1,90_deg_east,cardinal,90,0,90,640,640,8,batch_0008,950,datasets/df_2024_proportional/batch_0008/images/1080dec230cb566ad75aea99b5bb89aecd835c06.jpg,https://raw.githubusercontent.com/GUIA-DD/dataset-streetview/refs/heads/main/datasets/df_2024_proportional/batch_0008/images/1080dec230cb566ad75aea99b5bb89aecd835c06.jpg,True,downloaded,
ef6a11c5d38caaab795746e0d6bc74892ddc57f5,78787d245f28c82b84241fe10b3deb8bf9a7260f,-15.803495200000231,-48.13339345005971,-15.80345324192444,-48.13338644082269,2026-02,2026,V0JzPWM5oLU3r9FtHYtUig,340.7941082555554,© Google,OK,3_5,164284.11704951752,8250298.865299794,12e1eb155507caace2d6be6356bf1f8a0552969b,cardinal,4,2,180_deg_south,cardinal,180,0,90,640,640,8,batch_0008,951,datasets/df_2024_proportional/batch_0008/images/12e1eb155507caace2d6be6356bf1f8a0552969b.jpg,https://raw.githubusercontent.com/GUIA-DD/dataset-streetview/refs/heads/main/datasets/df_2024_proportional/batch_0008/images/12e1eb155507caace2d6be6356bf1f8a0552969b.jpg,True,downloaded,
ef6a11c5d38caaab795746e0d6bc74892ddc57f5,78787d245f28c82b84241fe10b3deb8bf9a7260f,-15.803495200000231,-48.13339345005971,-15.80345324192444,-48.13338644082269,2026-02,2026,V0JzPWM5oLU3r9FtHYtUig,340.7941082555554,© Google,OK,3_5,164284.11704951752,8250298.865299794,81e9b73f4c05a122a163afb138efbcbea4e8583c,cardinal,4,3,270_deg_west,cardinal,270,0,90,640,640,8,batch_0008,952,datasets/df_2024_proportional/batch_0008/images/81e9b73f4c05a122a163afb138efbcbea4e8583c.jpg,https://raw.githubusercontent.com/GUIA-DD/dataset-streetview/refs/heads/main/datasets/df_2024_proportional/batch_0008/images/81e9b73f4c05a122a163afb138efbcbea4e8583c.jpg,True,downloaded,
f15d3d599e22b4b051d70b2bbe9ed66b4e12df24,fd021aa72d7a4be4f42d6030d3880c79c6421116,-16.017553699998853,-47.9915209000181,-16.01757391501226,-47.99148512820953,2025-01,2025,rkuqKYSNR7ZDdfpItKI8FA,168.16634490773728,© Google,OK,6_0,179836.2724321563,8226815.128435541,4a12458c3d2415bcb7585341324f33a94e0a0ffd,cardinal,4,0,0_deg_north,cardinal,0,0,90,640,640,8,batch_0008,953,datasets/df_2024_proportional/batch_0008/images/4a12458c3d2415bcb7585341324f33a94e0a0ffd.jpg,https://raw.githubusercontent.com/GUIA-DD/dataset-streetview/refs/heads/main/datasets/df_2024_proportional/batch_0008/images/4a12458c3d2415bcb7585341324f33a94e0a0ffd.jpg,True,downloaded,
f15d3d599e22b4b051d70b2bbe9ed66b4e12df24,fd021aa72d7a4be4f42d6030d3880c79c6421116,-16.017553699998853,-47.9915209000181,-16.01757391501226,-47.99148512820953,2025-01,2025,rkuqKYSNR7ZDdfpItKI8FA,168.16634490773728,© Google,OK,6_0,179836.2724321563,8226815.128435541,75965aa082e48601eb30602a3acb451059c54efc,cardinal,4,1,90_deg_east,cardinal,90,0,90,640,640,8,batch_0008,954,datasets/df_2024_proportional/batch_0008/images/75965aa082e48601eb30602a3acb451059c54efc.jpg,https://raw.githubusercontent.com/GUIA-DD/dataset-streetview/refs/heads/main/datasets/df_2024_proportional/batch_0008/images/75965aa082e48601eb30602a3acb451059c54efc.jpg,True,downloaded,
f15d3d599e22b4b051d70b2bbe9ed66b4e12df24,fd021aa72d7a4be4f42d6030d3880c79c6421116,-16.017553699998853,-47.9915209000181,-16.01757391501226,-47.99148512820953,2025-01,2025,rkuqKYSNR7ZDdfpItKI8FA,168.16634490773728,© Google,OK,6_0,179836.2724321563,8226815.128435541,dec3f0bba2abdbd16ea9c5c14fe98b181d4a601c,cardinal,4,2,180_deg_south,cardinal,180,0,90,640,640,8,batch_0008,955,datasets/df_2024_proportional/batch_0008/images/dec3f0bba2abdbd16ea9c5c14fe98b181d4a601c.jpg,https://raw.githubusercontent.com/GUIA-DD/dataset-streetview/refs/heads/main/datasets/df_2024_proportional/batch_0008/images/dec3f0bba2abdbd16ea9c5c14fe98b181d4a601c.jpg,True,downloaded,
f15d3d599e22b4b051d70b2bbe9ed66b4e12df24,fd021aa72d7a4be4f42d6030d3880c79c6421116,-16.017553699998853,-47.9915209000181,-16.01757391501226,-47.99148512820953,2025-01,2025,rkuqKYSNR7ZDdfpItKI8FA,168.16634490773728,© Google,OK,6_0,179836.2724321563,8226815.128435541,b0e66099f85b3398d08f8959a9b8ca0850ddfbd6,cardinal,4,3,270_deg_west,cardinal,270,0,90,640,640,8,batch_0008,956,datasets/df_2024_proportional/batch_0008/images/b0e66099f85b3398d08f8959a9b8ca0850ddfbd6.jpg,https://raw.githubusercontent.com/GUIA-DD/dataset-streetview/refs/heads/main/datasets/df_2024_proportional/batch_0008/images/b0e66099f85b3398d08f8959a9b8ca0850ddfbd6.jpg,True,downloaded,
f41ec5960d5ad3c52d75cc46fd1fb508475ca032,68c266673e179525a7194e57b409ca481b539032,-15.895163400137394,-48.12576889989591,-15.8951561423117,-48.1257527403157,2025-06,2025,D9tjdIS221n29nKRK4OBeQ,62.3248730032015,© Google,OK,3_3,165253.13863668725,8240158.419151884,40535926a59c31a7659cad14856d3fd91cfa7d8d,cardinal,4,0,0_deg_north,cardinal,0,0,90,640,640,8,batch_0008,957,datasets/df_2024_proportional/batch_0008/images/40535926a59c31a7659cad14856d3fd91cfa7d8d.jpg,https://raw.githubusercontent.com/GUIA-DD/dataset-streetview/refs/heads/main/datasets/df_2024_proportional/batch_0008/images/40535926a59c31a7659cad14856d3fd91cfa7d8d.jpg,True,downloaded,
f41ec5960d5ad3c52d75cc46fd1fb508475ca032,68c266673e179525a7194e57b409ca481b539032,-15.895163400137394,-48.12576889989591,-15.8951561423117,-48.1257527403157,2025-06,2025,D9tjdIS221n29nKRK4OBeQ,62.3248730032015,© Google,OK,3_3,165253.13863668725,8240158.419151884,26278ad87a4ae2ce589bf8236ac314ef03416589,cardinal,4,1,90_deg_east,cardinal,90,0,90,640,640,8,batch_0008,958,datasets/df_2024_proportional/batch_0008/images/26278ad87a4ae2ce589bf8236ac314ef03416589.jpg,https://raw.githubusercontent.com/GUIA-DD/dataset-streetview/refs/heads/main/datasets/df_2024_proportional/batch_0008/images/26278ad87a4ae2ce589bf8236ac314ef03416589.jpg,True,downloaded,
f41ec5960d5ad3c52d75cc46fd1fb508475ca032,68c266673e179525a7194e57b409ca481b539032,-15.895163400137394,-48.12576889989591,-15.8951561423117,-48.1257527403157,2025-06,2025,D9tjdIS221n29nKRK4OBeQ,62.3248730032015,© Google,OK,3_3,165253.13863668725,8240158.419151884,05c107e6d54f5520603ba6581d5ea292b8000d3d,cardinal,4,2,180_deg_south,cardinal,180,0,90,640,640,8,batch_0008,959,datasets/df_2024_proportional/batch_0008/images/05c107e6d54f5520603ba6581d5ea292b8000d3d.jpg,https://raw.githubusercontent.com/GUIA-DD/dataset-streetview/refs/heads/main/datasets/df_2024_proportional/batch_0008/images/05c107e6d54f5520603ba6581d5ea292b8000d3d.jpg,True,downloaded,
f41ec5960d5ad3c52d75cc46fd1fb508475ca032,68c266673e179525a7194e57b409ca481b539032,-15.895163400137394,-48.12576889989591,-15.8951561423117,-48.1257527403157,2025-06,2025,D9tjdIS221n29nKRK4OBeQ,62.3248730032015,© Google,OK,3_3,165253.13863668725,8240158.419151884,4b64ca68411f65f39097f159a9a1f20954f21d46,cardinal,4,3,270_deg_west,cardinal,270,0,90,640,640,8,batch_0008,960,datasets/df_2024_proportional/batch_0008/images/4b64ca68411f65f39097f159a9a1f20954f21d46.jpg,https://raw.githubusercontent.com/GUIA-DD/dataset-streetview/refs/heads/main/datasets/df_2024_proportional/batch_0008/images/4b64ca68411f65f39097f159a9a1f20954f21d46.jpg,True,downloaded,
f48e644eefd038839465d673eb2df3f7c909fd47,d4bf49cea73370d795b6ba521606199e88bfa56c,-15.880449050003241,-48.02322570006096,-15.88049291004872,-48.02322499092997,2024-06,2024,3JqRsj2jsHtwV52ToCz66g,336.92920285637035,© Google,OK,5_3,176220.07542260495,8241949.640354907,52a14ea3c06e5badcde43da6cc815a3ea3e6ee3c,cardinal,4,0,0_deg_north,cardinal,0,0,90,640,640,8,batch_0008,961,datasets/df_2024_proportional/batch_0008/images/52a14ea3c06e5badcde43da6cc815a3ea3e6ee3c.jpg,https://raw.githubusercontent.com/GUIA-DD/dataset-streetview/refs/heads/main/datasets/df_2024_proportional/batch_0008/images/52a14ea3c06e5badcde43da6cc815a3ea3e6ee3c.jpg,True,downloaded,
f48e644eefd038839465d673eb2df3f7c909fd47,d4bf49cea73370d795b6ba521606199e88bfa56c,-15.880449050003241,-48.02322570006096,-15.88049291004872,-48.02322499092997,2024-06,2024,3JqRsj2jsHtwV52ToCz66g,336.92920285637035,© Google,OK,5_3,176220.07542260495,8241949.640354907,69a8d9afdef2609fcacd43bc5b546eeeee28ab37,cardinal,4,1,90_deg_east,cardinal,90,0,90,640,640,8,batch_0008,962,datasets/df_2024_proportional/batch_0008/images/69a8d9afdef2609fcacd43bc5b546eeeee28ab37.jpg,https://raw.githubusercontent.com/GUIA-DD/dataset-streetview/refs/heads/main/datasets/df_2024_proportional/batch_0008/images/69a8d9afdef2609fcacd43bc5b546eeeee28ab37.jpg,True,downloaded,
f48e644eefd038839465d673eb2df3f7c909fd47,d4bf49cea73370d795b6ba521606199e88bfa56c,-15.880449050003241,-48.02322570006096,-15.88049291004872,-48.02322499092997,2024-06,2024,3JqRsj2jsHtwV52ToCz66g,336.92920285637035,© Google,OK,5_3,176220.07542260495,8241949.640354907,009ae6da9d28cdce0440f4a128ee2cf6a1ce62a1,cardinal,4,2,180_deg_south,cardinal,180,0,90,640,640,8,batch_0008,963,datasets/df_2024_proportional/batch_0008/images/009ae6da9d28cdce0440f4a128ee2cf6a1ce62a1.jpg,https://raw.githubusercontent.com/GUIA-DD/dataset-streetview/refs/heads/main/datasets/df_2024_proportional/batch_0008/images/009ae6da9d28cdce0440f4a128ee2cf6a1ce62a1.jpg,True,downloaded,
f48e644eefd038839465d673eb2df3f7c909fd47,d4bf49cea73370d795b6ba521606199e88bfa56c,-15.880449050003241,-48.02322570006096,-15.88049291004872,-48.02322499092997,2024-06,2024,3JqRsj2jsHtwV52ToCz66g,336.92920285637035,© Google,OK,5_3,176220.07542260495,8241949.640354907,cddb40d8dffedfd72dfb4d67423ff142250363f6,cardinal,4,3,270_deg_west,cardinal,270,0,90,640,640,8,batch_0008,964,datasets/df_2024_proportional/batch_0008/images/cddb40d8dffedfd72dfb4d67423ff142250363f6.jpg,https://raw.githubusercontent.com/GUIA-DD/dataset-streetview/refs/heads/main/datasets/df_2024_proportional/batch_0008/images/cddb40d8dffedfd72dfb4d67423ff142250363f6.jpg,True,downloaded,
f75373a94e57626f44ba5707915b8995bbc9a820,4acadf06dce157c23907abfb2c4e44751724655e,-15.791051850142566,-48.130345499924275,-15.79105379827087,-48.13038563195155,2026-01,2026,BeB01k3WZzPQxqjoBwfa5w,68.64554515434848,© Google,OK,3_5,164590.43865554637,8251681.88714103,5c8dbd04b3a5caded4f139e80c3af12f4095db78,cardinal,4,0,0_deg_north,cardinal,0,0,90,640,640,8,batch_0008,965,datasets/df_2024_proportional/batch_0008/images/5c8dbd04b3a5caded4f139e80c3af12f4095db78.jpg,https://raw.githubusercontent.com/GUIA-DD/dataset-streetview/refs/heads/main/datasets/df_2024_proportional/batch_0008/images/5c8dbd04b3a5caded4f139e80c3af12f4095db78.jpg,True,downloaded,
f75373a94e57626f44ba5707915b8995bbc9a820,4acadf06dce157c23907abfb2c4e44751724655e,-15.791051850142566,-48.130345499924275,-15.79105379827087,-48.13038563195155,2026-01,2026,BeB01k3WZzPQxqjoBwfa5w,68.64554515434848,© Google,OK,3_5,164590.43865554637,8251681.88714103,4f624a59d031cb6b85d021eec75202a5d3ff4d1a,cardinal,4,1,90_deg_east,cardinal,90,0,90,640,640,8,batch_0008,966,datasets/df_2024_proportional/batch_0008/images/4f624a59d031cb6b85d021eec75202a5d3ff4d1a.jpg,https://raw.githubusercontent.com/GUIA-DD/dataset-streetview/refs/heads/main/datasets/df_2024_proportional/batch_0008/images/4f624a59d031cb6b85d021eec75202a5d3ff4d1a.jpg,True,downloaded,
f75373a94e57626f44ba5707915b8995bbc9a820,4acadf06dce157c23907abfb2c4e44751724655e,-15.791051850142566,-48.130345499924275,-15.79105379827087,-48.13038563195155,2026-01,2026,BeB01k3WZzPQxqjoBwfa5w,68.64554515434848,© Google,OK,3_5,164590.43865554637,8251681.88714103,def0f503b144427c28b69a7f0267245ddc8e9b8f,cardinal,4,2,180_deg_south,cardinal,180,0,90,640,640,8,batch_0008,967,datasets/df_2024_proportional/batch_0008/images/def0f503b144427c28b69a7f0267245ddc8e9b8f.jpg,https://raw.githubusercontent.com/GUIA-DD/dataset-streetview/refs/heads/main/datasets/df_2024_proportional/batch_0008/images/def0f503b144427c28b69a7f0267245ddc8e9b8f.jpg,True,downloaded,
f75373a94e57626f44ba5707915b8995bbc9a820,4acadf06dce157c23907abfb2c4e44751724655e,-15.791051850142566,-48.130345499924275,-15.79105379827087,-48.13038563195155,2026-01,2026,BeB01k3WZzPQxqjoBwfa5w,68.64554515434848,© Google,OK,3_5,164590.43865554637,8251681.88714103,d742b616e158a206ce7f095690ff7f2cf00b9f6d,cardinal,4,3,270_deg_west,cardinal,270,0,90,640,640,8,batch_0008,968,datasets/df_2024_proportional/batch_0008/images/d742b616e158a206ce7f095690ff7f2cf00b9f6d.jpg,https://raw.githubusercontent.com/GUIA-DD/dataset-streetview/refs/heads/main/datasets/df_2024_proportional/batch_0008/images/d742b616e158a206ce7f095690ff7f2cf00b9f6d.jpg,True,downloaded,
f7883ce3360b4721e0ef9567f34a54d9e487294b,2a3e8adf8e4070c6b7d47330ad9bc32951e0ab78,-16.04967665008116,-47.49573790001261,-16.04966184541592,-47.49571527005139,2024-10,2024,o3MGiK8HsFY9ZYd3CoVxTw,89.42084484413927,© Google,OK,16_0,232971.13048827613,8223961.042627282,57a5cd012998e43c8f9669a5b98c9ab9faffc24d,cardinal,4,0,0_deg_north,cardinal,0,0,90,640,640,8,batch_0008,969,datasets/df_2024_proportional/batch_0008/images/57a5cd012998e43c8f9669a5b98c9ab9faffc24d.jpg,https://raw.githubusercontent.com/GUIA-DD/dataset-streetview/refs/heads/main/datasets/df_2024_proportional/batch_0008/images/57a5cd012998e43c8f9669a5b98c9ab9faffc24d.jpg,True,downloaded,
f7883ce3360b4721e0ef9567f34a54d9e487294b,2a3e8adf8e4070c6b7d47330ad9bc32951e0ab78,-16.04967665008116,-47.49573790001261,-16.04966184541592,-47.49571527005139,2024-10,2024,o3MGiK8HsFY9ZYd3CoVxTw,89.42084484413927,© Google,OK,16_0,232971.13048827613,8223961.042627282,1c84abcad5ae56f420cc5ae7e7e9079a0599fad6,cardinal,4,1,90_deg_east,cardinal,90,0,90,640,640,8,batch_0008,970,datasets/df_2024_proportional/batch_0008/images/1c84abcad5ae56f420cc5ae7e7e9079a0599fad6.jpg,https://raw.githubusercontent.com/GUIA-DD/dataset-streetview/refs/heads/main/datasets/df_2024_proportional/batch_0008/images/1c84abcad5ae56f420cc5ae7e7e9079a0599fad6.jpg,True,downloaded,
f7883ce3360b4721e0ef9567f34a54d9e487294b,2a3e8adf8e4070c6b7d47330ad9bc32951e0ab78,-16.04967665008116,-47.49573790001261,-16.04966184541592,-47.49571527005139,2024-10,2024,o3MGiK8HsFY9ZYd3CoVxTw,89.42084484413927,© Google,OK,16_0,232971.13048827613,8223961.042627282,a26852f771821187028993ac0b908fafa167ad3a,cardinal,4,2,180_deg_south,cardinal,180,0,90,640,640,8,batch_0008,971,datasets/df_2024_proportional/batch_0008/images/a26852f771821187028993ac0b908fafa167ad3a.jpg,https://raw.githubusercontent.com/GUIA-DD/dataset-streetview/refs/heads/main/datasets/df_2024_proportional/batch_0008/images/a26852f771821187028993ac0b908fafa167ad3a.jpg,True,downloaded,
f7883ce3360b4721e0ef9567f34a54d9e487294b,2a3e8adf8e4070c6b7d47330ad9bc32951e0ab78,-16.04967665008116,-47.49573790001261,-16.04966184541592,-47.49571527005139,2024-10,2024,o3MGiK8HsFY9ZYd3CoVxTw,89.42084484413927,© Google,OK,16_0,232971.13048827613,8223961.042627282,47c9063ee218fddd33c969beb2abfe73817543e6,cardinal,4,3,270_deg_west,cardinal,270,0,90,640,640,8,batch_0008,972,datasets/df_2024_proportional/batch_0008/images/47c9063ee218fddd33c969beb2abfe73817543e6.jpg,https://raw.githubusercontent.com/GUIA-DD/dataset-streetview/refs/heads/main/datasets/df_2024_proportional/batch_0008/images/47c9063ee218fddd33c969beb2abfe73817543e6.jpg,True,downloaded,
f83ad7c256f03a1671327d166fe29122f3eec7eb,91e35967a73cf8ce8c4b1f4fe641f2c2f6341f18,-15.93562315043663,-47.93993439970074,-15.93560645089924,-47.93991537599009,2024-12,2024,-93iVI4So7hkWkC0elfFjQ,244.78261402566105,© Google,OK,7_2,185233.1733981093,8235966.994777771,76a2102cb805fcc75fb1284d7317dfbf21a35703,cardinal,4,0,0_deg_north,cardinal,0,0,90,640,640,8,batch_0008,973,datasets/df_2024_proportional/batch_0008/images/76a2102cb805fcc75fb1284d7317dfbf21a35703.jpg,https://raw.githubusercontent.com/GUIA-DD/dataset-streetview/refs/heads/main/datasets/df_2024_proportional/batch_0008/images/76a2102cb805fcc75fb1284d7317dfbf21a35703.jpg,True,downloaded,
f83ad7c256f03a1671327d166fe29122f3eec7eb,91e35967a73cf8ce8c4b1f4fe641f2c2f6341f18,-15.93562315043663,-47.93993439970074,-15.93560645089924,-47.93991537599009,2024-12,2024,-93iVI4So7hkWkC0elfFjQ,244.78261402566105,© Google,OK,7_2,185233.1733981093,8235966.994777771,df1fe4dcb99b88aacfb523185fbaf569372f7ad2,cardinal,4,1,90_deg_east,cardinal,90,0,90,640,640,8,batch_0008,974,datasets/df_2024_proportional/batch_0008/images/df1fe4dcb99b88aacfb523185fbaf569372f7ad2.jpg,https://raw.githubusercontent.com/GUIA-DD/dataset-streetview/refs/heads/main/datasets/df_2024_proportional/batch_0008/images/df1fe4dcb99b88aacfb523185fbaf569372f7ad2.jpg,True,downloaded,
f83ad7c256f03a1671327d166fe29122f3eec7eb,91e35967a73cf8ce8c4b1f4fe641f2c2f6341f18,-15.93562315043663,-47.93993439970074,-15.93560645089924,-47.93991537599009,2024-12,2024,-93iVI4So7hkWkC0elfFjQ,244.78261402566105,© Google,OK,7_2,185233.1733981093,8235966.994777771,1b41e2cdf4207025987bf16188aa6d9ae5bd35ed,cardinal,4,2,180_deg_south,cardinal,180,0,90,640,640,8,batch_0008,975,datasets/df_2024_proportional/batch_0008/images/1b41e2cdf4207025987bf16188aa6d9ae5bd35ed.jpg,https://raw.githubusercontent.com/GUIA-DD/dataset-streetview/refs/heads/main/datasets/df_2024_proportional/batch_0008/images/1b41e2cdf4207025987bf16188aa6d9ae5bd35ed.jpg,True,downloaded,
f83ad7c256f03a1671327d166fe29122f3eec7eb,91e35967a73cf8ce8c4b1f4fe641f2c2f6341f18,-15.93562315043663,-47.93993439970074,-15.93560645089924,-47.93991537599009,2024-12,2024,-93iVI4So7hkWkC0elfFjQ,244.78261402566105,© Google,OK,7_2,185233.1733981093,8235966.994777771,4cfcd59e8f6c6be0fe49de6a5ada56b93474c35d,cardinal,4,3,270_deg_west,cardinal,270,0,90,640,640,8,batch_0008,976,datasets/df_2024_proportional/batch_0008/images/4cfcd59e8f6c6be0fe49de6a5ada56b93474c35d.jpg,https://raw.githubusercontent.com/GUIA-DD/dataset-streetview/refs/heads/main/datasets/df_2024_proportional/batch_0008/images/4cfcd59e8f6c6be0fe49de6a5ada56b93474c35d.jpg,True,downloaded,
fa2593677773d80ba8db30419e17ade345fdcde8,781708f86116075860712f68800fcef2a5d4b7e3,-15.747348725569221,-47.88017719757976,-15.74737846390645,-47.88014304732651,2024-06,2024,Sp1bY8j8Nn-lnW0ebKquoA,316.0675487558253,© Google,OK,8_6,191349.46562355015,8256904.478055438,7184ffc6490b8d80f00304e9238d9ef28c632643,cardinal,4,0,0_deg_north,cardinal,0,0,90,640,640,8,batch_0008,977,datasets/df_2024_proportional/batch_0008/images/7184ffc6490b8d80f00304e9238d9ef28c632643.jpg,https://raw.githubusercontent.com/GUIA-DD/dataset-streetview/refs/heads/main/datasets/df_2024_proportional/batch_0008/images/7184ffc6490b8d80f00304e9238d9ef28c632643.jpg,True,downloaded,
fa2593677773d80ba8db30419e17ade345fdcde8,781708f86116075860712f68800fcef2a5d4b7e3,-15.747348725569221,-47.88017719757976,-15.74737846390645,-47.88014304732651,2024-06,2024,Sp1bY8j8Nn-lnW0ebKquoA,316.0675487558253,© Google,OK,8_6,191349.46562355015,8256904.478055438,0aeaa4f0007d5e6b808e80674daffb2ee5c7d275,cardinal,4,1,90_deg_east,cardinal,90,0,90,640,640,8,batch_0008,978,datasets/df_2024_proportional/batch_0008/images/0aeaa4f0007d5e6b808e80674daffb2ee5c7d275.jpg,https://raw.githubusercontent.com/GUIA-DD/dataset-streetview/refs/heads/main/datasets/df_2024_proportional/batch_0008/images/0aeaa4f0007d5e6b808e80674daffb2ee5c7d275.jpg,True,downloaded,
fa2593677773d80ba8db30419e17ade345fdcde8,781708f86116075860712f68800fcef2a5d4b7e3,-15.747348725569221,-47.88017719757976,-15.74737846390645,-47.88014304732651,2024-06,2024,Sp1bY8j8Nn-lnW0ebKquoA,316.0675487558253,© Google,OK,8_6,191349.46562355015,8256904.478055438,b4e0c549faf7ff6638f5920bd3c750fdc8e94908,cardinal,4,2,180_deg_south,cardinal,180,0,90,640,640,8,batch_0008,979,datasets/df_2024_proportional/batch_0008/images/b4e0c549faf7ff6638f5920bd3c750fdc8e94908.jpg,https://raw.githubusercontent.com/GUIA-DD/dataset-streetview/refs/heads/main/datasets/df_2024_proportional/batch_0008/images/b4e0c549faf7ff6638f5920bd3c750fdc8e94908.jpg,True,downloaded,
fa2593677773d80ba8db30419e17ade345fdcde8,781708f86116075860712f68800fcef2a5d4b7e3,-15.747348725569221,-47.88017719757976,-15.74737846390645,-47.88014304732651,2024-06,2024,Sp1bY8j8Nn-lnW0ebKquoA,316.0675487558253,© Google,OK,8_6,191349.46562355015,8256904.478055438,85bf49a3af1bf843b7ef222f790b523b90fbed63,cardinal,4,3,270_deg_west,cardinal,270,0,90,640,640,8,batch_0008,980,datasets/df_2024_proportional/batch_0008/images/85bf49a3af1bf843b7ef222f790b523b90fbed63.jpg,https://raw.githubusercontent.com/GUIA-DD/dataset-streetview/refs/heads/main/datasets/df_2024_proportional/batch_0008/images/85bf49a3af1bf843b7ef222f790b523b90fbed63.jpg,True,downloaded,
fbf96bcbedcc6dad3c93a6ca880f7d7f53737c17,95586fe8a4b60faa354b162331743c835cd0d1c5,-15.65662695010221,-47.8067805000645,-15.65663099327772,-47.8067691522289,2024-07,2024,CE8nZG8dow79xV68UGQa4Q,280.76245318099484,© Google,OK,10_8,199087.1195838699,8267055.794923002,976f3ea51ef4398350c11167db2c2d1ebfc78590,cardinal,4,0,0_deg_north,cardinal,0,0,90,640,640,8,batch_0008,981,datasets/df_2024_proportional/batch_0008/images/976f3ea51ef4398350c11167db2c2d1ebfc78590.jpg,https://raw.githubusercontent.com/GUIA-DD/dataset-streetview/refs/heads/main/datasets/df_2024_proportional/batch_0008/images/976f3ea51ef4398350c11167db2c2d1ebfc78590.jpg,True,downloaded,
fbf96bcbedcc6dad3c93a6ca880f7d7f53737c17,95586fe8a4b60faa354b162331743c835cd0d1c5,-15.65662695010221,-47.8067805000645,-15.65663099327772,-47.8067691522289,2024-07,2024,CE8nZG8dow79xV68UGQa4Q,280.76245318099484,© Google,OK,10_8,199087.1195838699,8267055.794923002,48fcef19016e1637d76a0fe9292f69e15e635f82,cardinal,4,1,90_deg_east,cardinal,90,0,90,640,640,8,batch_0008,982,datasets/df_2024_proportional/batch_0008/images/48fcef19016e1637d76a0fe9292f69e15e635f82.jpg,https://raw.githubusercontent.com/GUIA-DD/dataset-streetview/refs/heads/main/datasets/df_2024_proportional/batch_0008/images/48fcef19016e1637d76a0fe9292f69e15e635f82.jpg,True,downloaded,
fbf96bcbedcc6dad3c93a6ca880f7d7f53737c17,95586fe8a4b60faa354b162331743c835cd0d1c5,-15.65662695010221,-47.8067805000645,-15.65663099327772,-47.8067691522289,2024-07,2024,CE8nZG8dow79xV68UGQa4Q,280.76245318099484,© Google,OK,10_8,199087.1195838699,8267055.794923002,b5f060944ee595f6a38044904c82adc7f0cdf549,cardinal,4,2,180_deg_south,cardinal,180,0,90,640,640,8,batch_0008,983,datasets/df_2024_proportional/batch_0008/images/b5f060944ee595f6a38044904c82adc7f0cdf549.jpg,https://raw.githubusercontent.com/GUIA-DD/dataset-streetview/refs/heads/main/datasets/df_2024_proportional/batch_0008/images/b5f060944ee595f6a38044904c82adc7f0cdf549.jpg,True,downloaded,
fbf96bcbedcc6dad3c93a6ca880f7d7f53737c17,95586fe8a4b60faa354b162331743c835cd0d1c5,-15.65662695010221,-47.8067805000645,-15.65663099327772,-47.8067691522289,2024-07,2024,CE8nZG8dow79xV68UGQa4Q,280.76245318099484,© Google,OK,10_8,199087.1195838699,8267055.794923002,b18bc638063c99a34bc4256dc1a9cfd28f12df8b,cardinal,4,3,270_deg_west,cardinal,270,0,90,640,640,8,batch_0008,984,datasets/df_2024_proportional/batch_0008/images/b18bc638063c99a34bc4256dc1a9cfd28f12df8b.jpg,https://raw.githubusercontent.com/GUIA-DD/dataset-streetview/refs/heads/main/datasets/df_2024_proportional/batch_0008/images/b18bc638063c99a34bc4256dc1a9cfd28f12df8b.jpg,True,downloaded,
fcb241dbfea5f07027340188cdcb903338abbeae,c7ba94a90a2036f38df0125f88a3a1e5455e87f3,-15.856542850503692,-47.969304250725855,-15.85649881471645,-47.96930092867545,2024-06,2024,VsGculn1jgm5or96mYtP5w,116.1991888950102,© Google,OK,6_4,181961.848023206,8244679.7973449025,093af7deb40dbbff075edd23b688120ccb8e0a0f,cardinal,4,0,0_deg_north,cardinal,0,0,90,640,640,8,batch_0008,985,datasets/df_2024_proportional/batch_0008/images/093af7deb40dbbff075edd23b688120ccb8e0a0f.jpg,https://raw.githubusercontent.com/GUIA-DD/dataset-streetview/refs/heads/main/datasets/df_2024_proportional/batch_0008/images/093af7deb40dbbff075edd23b688120ccb8e0a0f.jpg,True,downloaded,
fcb241dbfea5f07027340188cdcb903338abbeae,c7ba94a90a2036f38df0125f88a3a1e5455e87f3,-15.856542850503692,-47.969304250725855,-15.85649881471645,-47.96930092867545,2024-06,2024,VsGculn1jgm5or96mYtP5w,116.1991888950102,© Google,OK,6_4,181961.848023206,8244679.7973449025,046a60770185a2bc76bb4b1bcee1b9ef9de0016c,cardinal,4,1,90_deg_east,cardinal,90,0,90,640,640,8,batch_0008,986,datasets/df_2024_proportional/batch_0008/images/046a60770185a2bc76bb4b1bcee1b9ef9de0016c.jpg,https://raw.githubusercontent.com/GUIA-DD/dataset-streetview/refs/heads/main/datasets/df_2024_proportional/batch_0008/images/046a60770185a2bc76bb4b1bcee1b9ef9de0016c.jpg,True,downloaded,
fcb241dbfea5f07027340188cdcb903338abbeae,c7ba94a90a2036f38df0125f88a3a1e5455e87f3,-15.856542850503692,-47.969304250725855,-15.85649881471645,-47.96930092867545,2024-06,2024,VsGculn1jgm5or96mYtP5w,116.1991888950102,© Google,OK,6_4,181961.848023206,8244679.7973449025,e5a6a4b8ce8f6bc35f798736dd4bf047cd63a3e2,cardinal,4,2,180_deg_south,cardinal,180,0,90,640,640,8,batch_0008,987,datasets/df_2024_proportional/batch_0008/images/e5a6a4b8ce8f6bc35f798736dd4bf047cd63a3e2.jpg,https://raw.githubusercontent.com/GUIA-DD/dataset-streetview/refs/heads/main/datasets/df_2024_proportional/batch_0008/images/e5a6a4b8ce8f6bc35f798736dd4bf047cd63a3e2.jpg,True,downloaded,
fcb241dbfea5f07027340188cdcb903338abbeae,c7ba94a90a2036f38df0125f88a3a1e5455e87f3,-15.856542850503692,-47.969304250725855,-15.85649881471645,-47.96930092867545,2024-06,2024,VsGculn1jgm5or96mYtP5w,116.1991888950102,© Google,OK,6_4,181961.848023206,8244679.7973449025,39ee9dad94fd2d60aadd8499b7b9010cd6b71a28,cardinal,4,3,270_deg_west,cardinal,270,0,90,640,640,8,batch_0008,988,datasets/df_2024_proportional/batch_0008/images/39ee9dad94fd2d60aadd8499b7b9010cd6b71a28.jpg,https://raw.githubusercontent.com/GUIA-DD/dataset-streetview/refs/heads/main/datasets/df_2024_proportional/batch_0008/images/39ee9dad94fd2d60aadd8499b7b9010cd6b71a28.jpg,True,downloaded,
fd197bf27c4aeeae3154f7b5b75946a32e203aa0,8e0b2096bd2414a73012ac21decb895180800b56,-15.831739061900073,-48.062957822107144,-15.83173632433375,-48.0629706442141,2024-08,2024,UVK4RhodPUqHeQBgeEMzRw,161.31430467358555,© Google,OK,4_4,171882.54491727188,8247282.244766341,f8857c3895edc605fe6f56d7df622471ce040411,cardinal,4,0,0_deg_north,cardinal,0,0,90,640,640,8,batch_0008,989,datasets/df_2024_proportional/batch_0008/images/f8857c3895edc605fe6f56d7df622471ce040411.jpg,https://raw.githubusercontent.com/GUIA-DD/dataset-streetview/refs/heads/main/datasets/df_2024_proportional/batch_0008/images/f8857c3895edc605fe6f56d7df622471ce040411.jpg,True,downloaded,
fd197bf27c4aeeae3154f7b5b75946a32e203aa0,8e0b2096bd2414a73012ac21decb895180800b56,-15.831739061900073,-48.062957822107144,-15.83173632433375,-48.0629706442141,2024-08,2024,UVK4RhodPUqHeQBgeEMzRw,161.31430467358555,© Google,OK,4_4,171882.54491727188,8247282.244766341,ce5c892d4d787dd204de666f5317690e59b15e3d,cardinal,4,1,90_deg_east,cardinal,90,0,90,640,640,8,batch_0008,990,datasets/df_2024_proportional/batch_0008/images/ce5c892d4d787dd204de666f5317690e59b15e3d.jpg,https://raw.githubusercontent.com/GUIA-DD/dataset-streetview/refs/heads/main/datasets/df_2024_proportional/batch_0008/images/ce5c892d4d787dd204de666f5317690e59b15e3d.jpg,True,downloaded,
fd197bf27c4aeeae3154f7b5b75946a32e203aa0,8e0b2096bd2414a73012ac21decb895180800b56,-15.831739061900073,-48.062957822107144,-15.83173632433375,-48.0629706442141,2024-08,2024,UVK4RhodPUqHeQBgeEMzRw,161.31430467358555,© Google,OK,4_4,171882.54491727188,8247282.244766341,41dee42b5b30784fadffefb1d1e43f44a390c5d1,cardinal,4,2,180_deg_south,cardinal,180,0,90,640,640,8,batch_0008,991,datasets/df_2024_proportional/batch_0008/images/41dee42b5b30784fadffefb1d1e43f44a390c5d1.jpg,https://raw.githubusercontent.com/GUIA-DD/dataset-streetview/refs/heads/main/datasets/df_2024_proportional/batch_0008/images/41dee42b5b30784fadffefb1d1e43f44a390c5d1.jpg,True,downloaded,
fd197bf27c4aeeae3154f7b5b75946a32e203aa0,8e0b2096bd2414a73012ac21decb895180800b56,-15.831739061900073,-48.062957822107144,-15.83173632433375,-48.0629706442141,2024-08,2024,UVK4RhodPUqHeQBgeEMzRw,161.31430467358555,© Google,OK,4_4,171882.54491727188,8247282.244766341,e47280a8bacc30e92da4341a153abd6a15de72aa,cardinal,4,3,270_deg_west,cardinal,270,0,90,640,640,8,batch_0008,992,datasets/df_2024_proportional/batch_0008/images/e47280a8bacc30e92da4341a153abd6a15de72aa.jpg,https://raw.githubusercontent.com/GUIA-DD/dataset-streetview/refs/heads/main/datasets/df_2024_proportional/batch_0008/images/e47280a8bacc30e92da4341a153abd6a15de72aa.jpg,True,downloaded,
fde4f627dd9193b5378153e9019bbbf378206acb,dec068f855d853e67a81ccb6e39a5358237f8cb0,-15.617615900001201,-47.65520844999097,-15.61761381320111,-47.65520148715269,2025-07,2025,ZZoAJeWgiNvtIRZNEXI_eg,182.25067421273417,© Google,OK,13_9,215293.3549283831,8271584.148574438,694bfd072b87385d38239edaa1f79e8909c7141d,cardinal,4,0,0_deg_north,cardinal,0,0,90,640,640,8,batch_0008,993,datasets/df_2024_proportional/batch_0008/images/694bfd072b87385d38239edaa1f79e8909c7141d.jpg,https://raw.githubusercontent.com/GUIA-DD/dataset-streetview/refs/heads/main/datasets/df_2024_proportional/batch_0008/images/694bfd072b87385d38239edaa1f79e8909c7141d.jpg,True,downloaded,
fde4f627dd9193b5378153e9019bbbf378206acb,dec068f855d853e67a81ccb6e39a5358237f8cb0,-15.617615900001201,-47.65520844999097,-15.61761381320111,-47.65520148715269,2025-07,2025,ZZoAJeWgiNvtIRZNEXI_eg,182.25067421273417,© Google,OK,13_9,215293.3549283831,8271584.148574438,e329f0869fbfcc08ba8ad52056ab80902279c149,cardinal,4,1,90_deg_east,cardinal,90,0,90,640,640,8,batch_0008,994,datasets/df_2024_proportional/batch_0008/images/e329f0869fbfcc08ba8ad52056ab80902279c149.jpg,https://raw.githubusercontent.com/GUIA-DD/dataset-streetview/refs/heads/main/datasets/df_2024_proportional/batch_0008/images/e329f0869fbfcc08ba8ad52056ab80902279c149.jpg,True,downloaded,
fde4f627dd9193b5378153e9019bbbf378206acb,dec068f855d853e67a81ccb6e39a5358237f8cb0,-15.617615900001201,-47.65520844999097,-15.61761381320111,-47.65520148715269,2025-07,2025,ZZoAJeWgiNvtIRZNEXI_eg,182.25067421273417,© Google,OK,13_9,215293.3549283831,8271584.148574438,acb95bd36eb62c0e8c0fee3636361b23c581d40f,cardinal,4,2,180_deg_south,cardinal,180,0,90,640,640,8,batch_0008,995,datasets/df_2024_proportional/batch_0008/images/acb95bd36eb62c0e8c0fee3636361b23c581d40f.jpg,https://raw.githubusercontent.com/GUIA-DD/dataset-streetview/refs/heads/main/datasets/df_2024_proportional/batch_0008/images/acb95bd36eb62c0e8c0fee3636361b23c581d40f.jpg,True,downloaded,
fde4f627dd9193b5378153e9019bbbf378206acb,dec068f855d853e67a81ccb6e39a5358237f8cb0,-15.617615900001201,-47.65520844999097,-15.61761381320111,-47.65520148715269,2025-07,2025,ZZoAJeWgiNvtIRZNEXI_eg,182.25067421273417,© Google,OK,13_9,215293.3549283831,8271584.148574438,542695c652cbbad2576b2ed113c7612ae9e53473,cardinal,4,3,270_deg_west,cardinal,270,0,90,640,640,8,batch_0008,996,datasets/df_2024_proportional/batch_0008/images/542695c652cbbad2576b2ed113c7612ae9e53473.jpg,https://raw.githubusercontent.com/GUIA-DD/dataset-streetview/refs/heads/main/datasets/df_2024_proportional/batch_0008/images/542695c652cbbad2576b2ed113c7612ae9e53473.jpg,True,downloaded,
feb357ad5581f2a6be01b42666b59e3f5fba0cb9,3cdcdea019b5dc4d2ecba1ceb0cba5c01a3bce95,-15.845974150025928,-47.979519450038296,-15.84596043257209,-47.97947683284033,2024-10,2024,oZ44k9LMxtMNBw5yvFjN8A,116.7326722511988,© Google,OK,6_4,180850.2286521716,8245834.6413547825,6a38922842d0f80d94e5b6ce2f2028f1210bc00e,cardinal,4,0,0_deg_north,cardinal,0,0,90,640,640,8,batch_0008,997,datasets/df_2024_proportional/batch_0008/images/6a38922842d0f80d94e5b6ce2f2028f1210bc00e.jpg,https://raw.githubusercontent.com/GUIA-DD/dataset-streetview/refs/heads/main/datasets/df_2024_proportional/batch_0008/images/6a38922842d0f80d94e5b6ce2f2028f1210bc00e.jpg,True,downloaded,
feb357ad5581f2a6be01b42666b59e3f5fba0cb9,3cdcdea019b5dc4d2ecba1ceb0cba5c01a3bce95,-15.845974150025928,-47.979519450038296,-15.84596043257209,-47.97947683284033,2024-10,2024,oZ44k9LMxtMNBw5yvFjN8A,116.7326722511988,© Google,OK,6_4,180850.2286521716,8245834.6413547825,26b62fd12f0754428913f31e1900f92c10151a4e,cardinal,4,1,90_deg_east,cardinal,90,0,90,640,640,8,batch_0008,998,datasets/df_2024_proportional/batch_0008/images/26b62fd12f0754428913f31e1900f92c10151a4e.jpg,https://raw.githubusercontent.com/GUIA-DD/dataset-streetview/refs/heads/main/datasets/df_2024_proportional/batch_0008/images/26b62fd12f0754428913f31e1900f92c10151a4e.jpg,True,downloaded,
feb357ad5581f2a6be01b42666b59e3f5fba0cb9,3cdcdea019b5dc4d2ecba1ceb0cba5c01a3bce95,-15.845974150025928,-47.979519450038296,-15.84596043257209,-47.97947683284033,2024-10,2024,oZ44k9LMxtMNBw5yvFjN8A,116.7326722511988,© Google,OK,6_4,180850.2286521716,8245834.6413547825,b76724d2b1b3d7bdc0b53aa99a63d68391ffdf9d,cardinal,4,2,180_deg_south,cardinal,180,0,90,640,640,8,batch_0008,999,datasets/df_2024_proportional/batch_0008/images/b76724d2b1b3d7bdc0b53aa99a63d68391ffdf9d.jpg,https://raw.githubusercontent.com/GUIA-DD/dataset-streetview/refs/heads/main/datasets/df_2024_proportional/batch_0008/images/b76724d2b1b3d7bdc0b53aa99a63d68391ffdf9d.jpg,True,downloaded,
feb357ad5581f2a6be01b42666b59e3f5fba0cb9,3cdcdea019b5dc4d2ecba1ceb0cba5c01a3bce95,-15.845974150025928,-47.979519450038296,-15.84596043257209,-47.97947683284033,2024-10,2024,oZ44k9LMxtMNBw5yvFjN8A,116.7326722511988,© Google,OK,6_4,180850.2286521716,8245834.6413547825,4eb1c04001d640ae180253ad04d4202d69ff12e5,cardinal,4,3,270_deg_west,cardinal,270,0,90,640,640,8,batch_0008,1000,datasets/df_2024_proportional/batch_0008/images/4eb1c04001d640ae180253ad04d4202d69ff12e5.jpg,https://raw.githubusercontent.com/GUIA-DD/dataset-streetview/refs/heads/main/datasets/df_2024_proportional/batch_0008/images/4eb1c04001d640ae180253ad04d4202d69ff12e5.jpg,True,downloaded,
