location_id,candidate_id,requested_lat,requested_lng,pano_lat,pano_lng,capture_date,capture_year,pano_id,road_heading,copyright,metadata_status,cell_id,x_m,y_m,image_id,heading_set,images_per_location,direction_index,direction_label,heading_strategy,image_heading,image_pitch,image_fov,image_width,image_height,batch_number,batch_id,batch_location_index,anchor_rank
010941959bd9f74906a63007c91a6b9b627c639b,059866778db0773ab36517d8a526c612dcd3d04d,-15.912127914993224,-48.095115675672346,-15.91211888070449,-48.0950943759051,2025-07,2025,UPhBlX5R7HZZCyqeEPYmwA,240.39512955248577,© Google,OK,3_3,168566.46069359087,8238328.469125943,fbada26b690a7e716f8cf607d1918d95f082b596,cardinal,4,0,0_deg_north,cardinal,0,0,90,640,640,1,batch_0001,1,1
029f8609c41577691563c23b86ba481bb942087b,6e25a591665e946fd1243cb9280d090f5ec9864e,-15.743366550110881,-48.1726315506004,-15.74334082957029,-48.17266159793007,2026-02,2026,5TmNdNTFcF9AQzAgVQu9Gg,323.60747441645333,© Google,OK,2_6,159976.0837558924,8256895.453631903,3870ca5e9ef8aa0899bf531a9168d5facba61de3,cardinal,4,0,0_deg_north,cardinal,0,0,90,640,640,1,batch_0001,5,2
02cf6f43cab0189cd702cbbb277e3fd879975ed7,c9cb0e86656599f370e55f525c5912f7fda33cc4,-15.781482900013325,-47.99289534992915,-15.78144039062082,-47.99289268803076,2024-06,2024,Q4eQFl-k7X3Amp0eDurGCA,7.709185463475347,© Google,OK,6_6,179314.60332603302,8252956.106378147,ba5940230ee52696045aeeb7c71d2ac210c033fa,cardinal,4,0,0_deg_north,cardinal,0,0,90,640,640,1,batch_0001,9,3
0316bc2039809857ed094e998b6cf2b2ac8249d2,6fe28f87c87a90f7ff7f9dfe2426885bd02b63ec,-15.805870092003332,-47.5153795993028,-15.80589007274681,-47.51534428708334,2025-07,2025,MXnb822RzAUX6IxQUe1fMA,172.21713853259243,© Google,OK,16_5,230543.05227597142,8250926.18323978,bfd6a4d8b59b4afa34526060af83806b77d7b84d,cardinal,4,0,0_deg_north,cardinal,0,0,90,640,640,1,batch_0001,13,4
039a03a7bb7fa0cf1606375ccc0d3eb28b7084e2,2cc9e60c7de88bdf23a901a1ae735486bdd3e33d,-15.976633850005404,-48.05286829998168,-15.97659716666459,-48.0528021513031,2025-05,2025,dDLN-6cS2yhFdwu4sLhb1A,198.12766708700022,© Google,OK,4_1,173198.78228435706,8231251.216564855,78029e60dde7eab3e1f945ed00d3d305672d6038,cardinal,4,0,0_deg_north,cardinal,0,0,90,640,640,1,batch_0001,17,5
0445994e234b8bc295e48f1a0be84122220e7ef0,22be61010ccf714ab4a47d39f64c8f94b8c952fa,-16.04697730000118,-48.03500634998619,-16.04695240022829,-48.0349888369488,2025-02,2025,Q6cfPrwVLAIKmlep81WTVA,179.08102074540585,© Google,OK,5_0,175226.3232450972,8223488.891124809,2f65cce09ac88c1c030c6dabb1170f3a68b5cfd3,cardinal,4,0,0_deg_north,cardinal,0,0,90,640,640,1,batch_0001,21,6
051651d62923966af59e7504906cc82e259b5098,178d311fbb076cbd7ed6f575a1d42b77199bd974,-16.04965557309414,-47.55292663173812,-16.04961449654389,-47.55289301662387,2024-09,2024,2NhPZQlynrWsLwKEXQ_hnw,269.3367205094896,© Google,OK,15_0,226848.83679449072,8223888.753296353,5ebe43abdce22a40d3939f48fa527e29ae671fca,cardinal,4,0,0_deg_north,cardinal,0,0,90,640,640,1,batch_0001,25,7
05a5ac4cffcbf139caf11e88ae7d64aff28fa93c,022416f6b5fa882fa74e47d1714de75431703e56,-15.883000300003015,-48.02064025006079,-15.88297814599635,-48.02066845690411,2024-06,2024,QVI4bGqDseEgk1FF6Jl6pA,157.30837964814265,© Google,OK,5_3,176501.2705074968,8241671.105521983,64a8768b22d4aa823b48f10e708a87f51c2cf702,cardinal,4,0,0_deg_north,cardinal,0,0,90,640,640,1,batch_0001,29,8
05fedd28b51977eff9514917c9961fd4de63db46,5d6f8531ff8ecb8d714524ae20ff79f13a4b6204,-15.962852500028015,-47.661203300038835,-15.96274195790611,-47.66114543225577,2025-05,2025,fBRmuURCNeStLYQk0uSlvA,296.206229950061,© Google,OK,13_2,215133.6025013966,8233353.348429737,cc06843ecf5a8ce548783d481806eac448947e39,cardinal,4,0,0_deg_north,cardinal,0,0,90,640,640,1,batch_0001,33,9
0607880be2cc57a8095cd8774acbf9bb8cb44b8a,9259aa22f121e287c74ec4b2ee86a2c63e3c71fa,-15.899186650000807,-47.93249164999637,-15.89920952826072,-47.93250136964398,2024-12,2024,gjIaX9zFjjXMCfZLku4i_Q,191.17063475939256,© Google,OK,7_3,185973.9477281903,8240013.115621816,f27d1fc110c088287ce7aee7e4b8e98093a01128,cardinal,4,0,0_deg_north,cardinal,0,0,90,640,640,1,batch_0001,37,10
073f466f9a920bd69eaebf8b7d766d34caed6834,1eac50a2ac0cf5587b7e829bfd8031fc2186ed02,-15.612311600097193,-48.19920215006206,-15.61228659927334,-48.19924527336868,2024-08,2024,SxUob_JgPXXhPb7gpGlO9A,100.08559237833917,© Google,OK,1_9,156906.6198401655,8271367.991275934,324b381cdb7a73b09fd383ce990f4a402c868d56,cardinal,4,0,0_deg_north,cardinal,0,0,90,640,640,1,batch_0001,41,11
078b248751676217751f8e8b9fe1d3fdbb8acad0,24f8e6e2428a90e0e889b2c5c73ca56f47c8e82e,-15.953231333050422,-48.0060664796462,-15.95325946206884,-48.00606702380252,2025-05,2025,-F7rLwwZT2gqRmuHzvuNAQ,135.4527688127679,© Google,OK,5_2,178175.31441815596,8233915.9502651645,e3b91d6438ecc58ac9ea63486083c68a156a45c4,cardinal,4,0,0_deg_north,cardinal,0,0,90,640,640,1,batch_0001,45,12
07b564c141933e3917bcdf4c42fcdac8eeb06952,70c5a33cbda2548d0c6f57e5786da254303b74d7,-16.013095702105055,-48.079653899899554,-16.01308595669982,-48.07961470700015,2024-11,2024,KpXNTOma7fedPX754hpY3g,212.11562087461544,© Google,OK,4_0,170388.97474150575,8227170.720696552,4ba71606e2401a7f4b03b0acdd1eba8115506ffa,cardinal,4,0,0_deg_north,cardinal,0,0,90,640,640,1,batch_0001,49,13
097477cba568ff42a191bb769e25193e76a638e1,af077e5b92c3c63f24b256bda4434674fd212203,-15.74607354999997,-47.915962350000264,-15.74605036075127,-47.91596706921836,2024-05,2024,MMBD10I2fuEwd2CGYO-mxQ,171.09961677396572,© Google,OK,7_6,187509.81667724394,8256992.957001198,f8c9372ee2f933fdc49a5110105ddd59170a7949,cardinal,4,0,0_deg_north,cardinal,0,0,90,640,640,1,batch_0001,53,14
09dbabc6fe1964fde5f061adec15a8c8df5c429f,87aba5b502d143aabc654810a6ffa88fc2f807d0,-15.854464100001154,-48.06820130001107,-15.85450322505887,-48.06821145317908,2025-06,2025,bobYxo-5-yuLPP4FVbmbCw,151.6029701829785,© Google,OK,4_4,171357.2101738553,8244757.2601174405,ffa4b1b838a2555ae6cd9e2ff3aec8f791883dd5,cardinal,4,0,0_deg_north,cardinal,0,0,90,640,640,1,batch_0001,57,15
09e8f6291c464b68a5b747f7166ce09d62361a8e,b790dc8c0fc1bdda68f6b5d329163656e15a049b,-16.037169650068467,-48.25760769981963,-16.03713612450525,-48.25760163291356,2025-05,2025,R-FQUQMonHZRXk8hJGZYWQ,205.12464186888946,© Google,OK,0_0,151367.67911616215,8224212.9866961865,f80b8fd199fd56de35f2fdac8a319c1f156837b2,cardinal,4,0,0_deg_north,cardinal,0,0,90,640,640,1,batch_0001,61,16
0bca9d9f55c5770eb2060def410e1a282d584510,275a0e9331382900c61b13ee5f314d65b7c13808,-15.928995300883571,-47.83504299956918,-15.92895347715223,-47.83500848017124,2024-08,2024,M86shP5jmhIXKv-r99qChg,238.99643111330857,© Google,OK,9_2,196461.4782880799,8236856.528015698,794c5b5cc43843d06da7fbfce65cf3be4c4fe0a7,cardinal,4,0,0_deg_north,cardinal,0,0,90,640,640,1,batch_0001,65,17
0c56d5af1146beba20dc2f34d54e9978949530d1,6cafc836cbc666c3979702da793d9ed28a291102,-15.642331649512416,-47.827915765895945,-15.6423389786299,-47.82795541767401,2024-07,2024,3Ri2jHbAW5RIAQao37MPlA,47.0991766658702,© Google,OK,9_9,196798.55392186233,8268608.5540832775,28ac0238edcd45ae510c3304af0b7f5ec5e9e2c9,cardinal,4,0,0_deg_north,cardinal,0,0,90,640,640,1,batch_0001,69,18
0e09d4feb1c9a996db8f4ef4a599312342df458a,708cbe4f82799f78960d050d4b5e5084f8aee628,-15.577292808279584,-47.48583325999561,-15.57728975904294,-47.48578737757794,2024-11,2024,D1A0qqTZioRCImINOPVtzg,76.91458301599033,© Google,OK,16_10,233412.77489750768,8276267.544547699,6adca878f249b7a34c5b5b08e79eb0c42043249f,cardinal,4,0,0_deg_north,cardinal,0,0,90,640,640,1,batch_0001,73,19
0eaa59891809bb9125e92114b272179af922b2b3,13f2c762b0f4505443fb5bf9d20caca89cb80b91,-16.047945305144964,-47.91717214401432,-16.0479345668665,-47.91715723702375,2025-02,2025,8tTn8zp4k06q8nMstRYF8g,52.35569477235987,© Google,OK,7_0,187846.6664929911,8223563.0471942155,a608de1f78c7377c848374d41f8a3b7234d198d3,cardinal,4,0,0_deg_north,cardinal,0,0,90,640,640,1,batch_0001,77,20
0fe0c88c9f70b67b241aa2e3d0f9e17163a62ff4,940208f034c76c741ebc81692a2b1c2a08530852,-16.015820350017457,-47.38095229992445,-16.01576537709235,-47.38077195343371,2024-10,2024,syr2eqrZRowCFFAEo4fVew,193.61534011415347,© Google,OK,19_1,245215.6342716474,8227853.471226422,6de8a97670cc1389f1cb8a18557831f027f79f45,cardinal,4,0,0_deg_north,cardinal,0,0,90,640,640,1,batch_0001,81,21
141544bace02177413f98e780bc5e77f230a2394,2b0752697bd18781fd0e5def1219c9d651605d7b,-15.72524520022397,-47.660066548938545,-15.72522551910707,-47.6600164231802,2025-07,2025,sdGM6xFRiI9cPCywqODDNg,10.595668786557097,© Google,OK,13_7,214921.66629343477,8259661.602286888,e0f7dbeab9f51b7ff4fc9fe4bf4751b1f50b1bff,cardinal,4,0,0_deg_north,cardinal,0,0,90,640,640,1,batch_0001,85,22
14e07d1879778c4384b099334558698571029d2e,6b06a6a18dcb9ffa9138550b53c14fd6ec4e407d,-15.857665500003819,-48.12458035001919,-15.85767238851568,-48.12459196543136,2024-07,2024,gS379Lz32dNLaWBicV8vdQ,142.71295486676922,© Google,OK,3_4,165318.51162930473,8244313.370186472,02947f7201e2126b9b237a02a07b32fce7ab77cb,cardinal,4,0,0_deg_north,cardinal,0,0,90,640,640,1,batch_0001,89,23
182ffa56628ec782b054e4cf6b9d069e5b815deb,eccbb3f5a0458ff093f0eb6d6527080161e69c53,-15.936322700428965,-47.57850609989001,-15.93632592820078,-47.57849144763667,2024-09,2024,WDNnwYEzHKJf_lyVyBtQMQ,77.71628239967613,© Google,OK,15_2,223954.70267073603,8236401.916657571,5ae7dcf9e93aed2615be246f962e890f6f6a9ade,cardinal,4,0,0_deg_north,cardinal,0,0,90,640,640,1,batch_0001,93,24
1844b43459a8eb07c4c8cc91a9d2ca6c963cd815,b3cfd043623987ddd248d5127fbcf1090c536094,-15.606587800003952,-47.657892949974276,-15.60660079744068,-47.65793175206291,2024-08,2024,3t-jjSQUvC1tATYuAEYW_g,184.4680593770874,© Google,OK,13_10,214990.0757795207,8272801.504896022,e7bd688ac561a46d67013903a689445412353347,cardinal,4,0,0_deg_north,cardinal,0,0,90,640,640,1,batch_0001,97,25
1cc8686259852af745705ab515dcbb841f0fbd59,f01cfaeb0a7e89fe3f02697ee9350ca099a881b5,-15.90642155002774,-47.516956650230625,-15.90640189043226,-47.51696869202206,2024-09,2024,AltRK0huz80UCoWNnudfRA,333.5690087549763,© Google,OK,16_3,230507.7122454623,8239792.669584908,edc447867cf96c6cc99724039a40a39304bca56a,cardinal,4,0,0_deg_north,cardinal,0,0,90,640,640,1,batch_0001,101,26
1f73d4e6373d4b9a08f48ea6332bea1a45a0054b,69cfa9087db46fb5537965720e5cb0934383fbc1,-16.028661900078284,-48.08156680013943,-16.02871033658563,-48.08154339454939,2025-05,2025,Iaa_yShasPmeM3tmQg-iuw,300.8730336404011,© Google,OK,4_0,170209.68627518308,8225443.702064851,b796a0df15c504512fefa9e50d00421307e02ae1,cardinal,4,0,0_deg_north,cardinal,0,0,90,640,640,1,batch_0001,105,27
1fe20e1f804828ce6e5bf75f22f6e3f21420e42d,db79daae1329d21d78a6aa65fb61d104e0e6fa4a,-16.05022074707169,-47.966578873809986,-16.05018935179874,-47.96656157177809,2025-02,2025,4Qglpq-SeSJ3tcSvIx3zMg,186.43778604018934,© Google,OK,6_0,182559.48899369795,8223235.89665245,02e6b24be07292f781977d38b15d52dd6fb7eeda,cardinal,4,0,0_deg_north,cardinal,0,0,90,640,640,1,batch_0001,109,28
2020c0116e6c77db9bbd262a29f9ad9a290f6879,52db0b4c82910b515452b076b4fd7d8af2820997,-15.825272400410787,-48.13435224953924,-15.82528777159976,-48.13437128801431,2024-07,2024,RxU2aoDeUKSx_6a31hoqjw,52.656807545682895,© Google,OK,3_5,164217.29618558797,8247885.408463745,202588f02792a5235a159163f8e053c64db6b96a,cardinal,4,0,0_deg_north,cardinal,0,0,90,640,640,1,batch_0001,113,29
2197a122328786f785a222e5f06b53585df7df6a,e3925db46f248fcc2b970a1373988f73683771ab,-15.832437312017166,-48.142744897476064,-15.83243864513951,-48.1427591295495,2026-02,2026,a4x46hbXXk7AQidDcWN0dw,257.6960783513022,© Google,OK,2_4,163329.30561617372,8247078.399565925,7cbf4f2d08af73473254ee11b08766c284324cc9,cardinal,4,0,0_deg_north,cardinal,0,0,90,640,640,1,batch_0001,117,30
2272eb47ef7bec0b02c61997bde0ec6eb27f940d,8071bd76be712904446014e5a88c3f75d6a671b5,-15.893223000012032,-47.92543999994569,-15.8932238470092,-47.9254480128055,2024-12,2024,tvLVzM9q4zimsozaSXLoNA,11.220358778615546,© Google,OK,7_3,186720.39298735885,8240684.103524409,dc802e6650b34772511297449d38dfca514a8e95,cardinal,4,0,0_deg_north,cardinal,0,0,90,640,640,1,batch_0001,121,31
230de474e5e1430f2087b064cac432ce0a47889f,c39115d3a1387196f0208c3f05d253bd9e325777,-15.678920500086942,-47.65830275030998,-15.67892466431882,-47.6583060929838,2024-07,2024,j7Gt8bcMISKoplkq36gwFw,138.38037414435914,© Google,OK,13_8,215046.3622308091,8264792.764744189,182e9a2b290c6e35fb08d9ed46eb46f6ecb2751c,cardinal,4,0,0_deg_north,cardinal,0,0,90,640,640,1,batch_0001,125,32
2396da5ee17b52917b1249aea0cc600a85feda3b,ad02e5e7f7a2f550c27aa043b0946bdf983bba57,-15.99939730078451,-47.5599306503808,-15.99940348730331,-47.55994736569583,2025-05,2025,6NntPLCd2Oc9BnFBOzXBTw,97.86071623214747,© Google,OK,15_1,226030.34339859147,8229443.538027385,e9496c427a44bad7be3ee3f0ead42a12602be383,cardinal,4,0,0_deg_north,cardinal,0,0,90,640,640,1,batch_0001,129,33
26417e80d1df6656147ce1f0bff9bec6b70492ad,6ffcbde267ff6609a0e33556792f6352c3923669,-15.777571400072716,-47.98534149996669,-15.77754446966366,-47.98534476567898,2024-06,2024,GxG8cTxUl4VHEijdlVqHPA,251.04681895273387,© Google,OK,6_6,180118.4762697778,8253400.773766944,25a02611630df615779f89fae8c9999bae75352b,cardinal,4,0,0_deg_north,cardinal,0,0,90,640,640,1,batch_0001,133,34
27690d60223235c471eca24375aaecb83580afe8,1bd8d330bb4542b9dc3fde2c28efd411d203f8d4,-15.747128450005212,-48.16766724992065,-15.74715340313674,-48.16764958582015,2026-02,2026,nOt7TK3HAgT37PaWPQH0SA,178.40965483788136,© Google,OK,2_6,160514.85165267353,8256486.799185807,8dee0b074cb7d1a5027d3a3abc64dd07883b2bae,cardinal,4,0,0_deg_north,cardinal,0,0,90,640,640,1,batch_0001,137,35
279250e2a8ae1e154705012e38083ec92201fe5c,d22e18768e33bb788c03db6866611bbda6b9c701,-16.043403335404804,-48.25620553479439,-16.04340058839491,-48.25618876043167,2025-05,2025,ukxdkKeqtU4XzMiE2l-miw,18.259611206943166,© Google,OK,0_0,151528.73296476083,8223524.859036848,12c4e434ae00bd2d0b13adf3de43508cc2dca74a,cardinal,4,0,0_deg_north,cardinal,0,0,90,640,640,1,batch_0001,141,36
279919d2eeee48762f0c5c5dc982a506cd8a0ecc,64eee282cf34249d694dec8999f9a2439ff52d35,-15.746072500000313,-47.84892274999689,-15.74609045767296,-47.84892994064707,2024-05,2024,9zQkCRsw0bTxGhkcsj_d_Q,179.74132715435843,© Google,OK,9_6,194699.28423818317,8257091.310690651,8907681fd53ca4a8d1dc41df178f268a5843a7df,cardinal,4,0,0_deg_north,cardinal,0,0,90,640,640,1,batch_0001,145,37
279f8f0a12e020ecd39bb37a39a4fac625d1b306,fc6d570b89a8d1bec2fc82be3c3fdc24e6ea4efd,-15.906037114460823,-47.473345232095284,-15.90600490363179,-47.4733065008234,2024-09,2024,1BtS_jDhN8gjLddXNY5WGQ,347.54193388469406,© Google,OK,17_3,235179.21750863985,8239891.024668941,ed70a5b4d56547c8bf5aa2a289b6a409427def48,cardinal,4,0,0_deg_north,cardinal,0,0,90,640,640,1,batch_0001,149,38
2950a02e61880ae3bbc3ab87d87956d54700ed6a,94f732699d16f227090e759eaa7d39d7e9f8da4f,-15.889878700084656,-48.24247334981965,-15.88991329118838,-48.2424609997685,2025-05,2025,pLifCH0Tm-sp1SDa48JwOA,211.96727392954477,© Google,OK,0_3,152734.64931337125,8240553.182095816,e457c3e014b6b08b400e104f7a1ec6a459a92120,cardinal,4,0,0_deg_north,cardinal,0,0,90,640,640,1,batch_0001,153,39
29d99d4fd86cf9faec5f65d2c0e34e5ba80c1e6c,f76f59796226546948ee8da191aee35b97549e33,-16.050044697209835,-47.617303750537985,-16.0500238002996,-47.61732420627445,2024-09,2024,Kx9fjm9t8AV-ABU0JC2JWQ,85.93733684136423,© Google,OK,14_0,219957.29403299853,8223759.64070757,cf3204c2385142a4c67bc05a2af4d5c1b7f956c5,cardinal,4,0,0_deg_north,cardinal,0,0,90,640,640,1,batch_0001,157,40
29ed8a38a02c429312c5fd105208c9c06aff26ba,4a30731f75caf14c6675d053334edbb8545e4d42,-16.0071833500061,-48.08383799994177,-16.00722526292922,-48.08383646938333,2025-06,2025,GNF3ZX0P3NhqFlKVzEMidQ,180.40831147962663,© Google,OK,4_1,169931.05734335643,8227818.865580436,f5f62a80f3fa83476e4da29693e9892167997412,cardinal,4,0,0_deg_north,cardinal,0,0,90,640,640,1,batch_0001,161,41
2a9f17c411df339aa289d83b56d5eafafc2aa808,47cf7601b21f74cea0688be75c04f7bf2d09c2fa,-15.715223904119725,-47.8793155561322,-15.71525398506791,-47.87931482607419,2024-05,2024,R5MESda67ZjN2wdKfnoGtA,0.5192400207833486,© Google,OK,8_7,191393.36004906232,8260462.976315154,f400ef4207da94c0025c61b5d00bba54502d3b58,cardinal,4,0,0_deg_north,cardinal,0,0,90,640,640,1,batch_0001,165,42
2cf8c69f1d993eab78b290d60e167b87df44e879,6e3f7deddebb647487a1370a3b5e50fa036562c4,-15.907260950199271,-47.75944704995184,-15.90724624256124,-47.75947137790978,2025-01,2025,5TSRUmRmKCPiznRjyLTVhw,77.76617836253168,© Google,OK,11_3,204528.89746839576,8239371.636434436,23c8fb35871f84e82bacf0caa4cd6c7fdb917108,cardinal,4,0,0_deg_north,cardinal,0,0,90,640,640,1,batch_0001,169,43
2d572ed3e25a729087f62f59b6e4ec250076e73b,3fa0ed3d2f1ffd37fb026b214c8507499b7e15d2,-15.85675295546931,-48.07297093285867,-15.85675823384053,-48.07300374461448,2025-06,2025,9OuaOhQ3SYA0Vot4SPIv3A,153.63369294121804,© Google,OK,4_4,170849.62135710652,8244496.277571848,b3136b5efbb37fb1308a2c07c5c8551720137202,cardinal,4,0,0_deg_north,cardinal,0,0,90,640,640,1,batch_0001,173,44
2e419fac26402c5325f25736f6c3bbe35481a9bd,767c1e74aaaf5e4576d71f7b44580cd215108661,-15.883788744417773,-48.12387951685347,-15.88375396448213,-48.12389157258779,2025-02,2025,rS10mXfppVkFiZLTx9A9lQ,145.87927320852765,© Google,OK,3_3,165436.82532231152,8241421.237148842,7915578ee3513d5e8131e2552e97505248e2829c,cardinal,4,0,0_deg_north,cardinal,0,0,90,640,640,1,batch_0001,177,45
2ee177ebbb3c257dcda332553afab8963e0bf635,7ebeb2eb0385a9828f415104fdad21596d8b6f97,-15.820752094570615,-47.91899709323927,-15.82079320597732,-47.91899473184156,2024-05,2024,lRvrhtrhtMMug5IM35SOfw,141.0641997666304,© Google,OK,7_5,187299.05155018542,8248718.893831686,51d47714c119b7df24f53954e66f0bf2ddab10ff,cardinal,4,0,0_deg_north,cardinal,0,0,90,640,640,1,batch_0001,181,46
302842f5b8ec9b24551c808597594ac5f712ee69,fe8ba5781403b18438c97458f65e302001ca1761,-15.752171243703371,-47.52131742301498,-15.75221964684594,-47.52132830316067,2025-07,2025,pAEhxDbnIh7Cp_f_Qa6m_w,54.843312964788275,© Google,OK,16_6,229835.436033718,8256863.241550373,1d8af70cbe1b21e7d83a73961f0072a7f68bf9a8,cardinal,4,0,0_deg_north,cardinal,0,0,90,640,640,1,batch_0001,185,47
31e32b0b92cec544be5f6a32841af754274f4017,8e617a0d9612a0fdf51e9d0cf7e5ee35d1c87196,-15.886544005648197,-47.80363393573857,-15.88654704387632,-47.80361568008905,2025-01,2025,STUUbtXrnP1h8OA2HlD1_w,103.7029585310565,© Google,OK,10_3,199763.55637269563,8241602.5090005575,3f3a39f8f0848fec0b50bbb99110329f09a2d938,cardinal,4,0,0_deg_north,cardinal,0,0,90,640,640,1,batch_0001,189,48
322e27c04a960e30b0610b6243be930991b2fbfc,0aef1929721cd277a218d84a447e29e17eeca056,-16.02607840008951,-47.37978665004499,-16.02606207860133,-47.37981804815895,2024-10,2024,hlIKYGwYUVqC3t8i2RyHZw,278.6582845082743,© Google,OK,19_0,245353.45548368467,8226719.376301229,3ccc160ee610793813f6169b6693cdced8a2029b,cardinal,4,0,0_deg_north,cardinal,0,0,90,640,640,1,batch_0001,193,49
32b5a2fa442c6a5cb486676f6bf4272111b2602a,e180eb8a05a428c267dfdc76d04c5162d982b4d2,-15.79507391349898,-47.85384598175309,-15.79505521509025,-47.85386142353317,2026-01,2026,YU3CfQRDNTUNQHn-Td2aCg,126.60450775025677,© Google,OK,9_5,194244.83342204898,8251658.252601482,c4dad400d3387043d3f0cd306b7e266d172bd3e1,cardinal,4,0,0_deg_north,cardinal,0,0,90,640,640,1,batch_0001,197,50
3360d1006fba962ce7dd459d31130857378c6a8e,9dbcbaf2090dc6f3204c32d858e31e96bec760f6,-15.5866427822198,-47.572845045244435,-15.58663899467215,-47.57289420290888,2025-07,2025,LGuezJo18MxJ0TYXQ9o_nA,101.47675858555263,© Google,OK,15_10,224088.58398029473,8275121.686638603,63c7d8e2d457b41a6d13fccf41a9b707b9dadfcc,cardinal,4,0,0_deg_north,cardinal,0,0,90,640,640,1,batch_0001,201,51
34a7cf9c0ecf4f4f953163bf4d85c6440a1bd365,f8f737033a3c5d7418cde691e9c61e2eff606da7,-15.791861585271066,-47.61324546042134,-15.79183605692281,-47.61327336964059,2025-07,2025,f_FJ79SrLZ3L0dYUdS5qgg,117.09298011682009,© Google,OK,14_5,220033.90095343284,8252349.116379988,7acb2943f129cff2ea072b04623522b51f2ee18e,cardinal,4,0,0_deg_north,cardinal,0,0,90,640,640,1,batch_0001,205,52
3524f871fd945089c1386ea0a68442bd4693bebc,af02f222b8739f2981ac30108075ca80cc89fb83,-15.88671345000271,-48.098276949982385,-15.88675006074964,-48.09830398442605,2025-06,2025,Vc7EzrYrZmWZx17mFGM9vw,4.412497755424587,© Google,OK,3_3,168185.92245435822,8241138.144087157,eea36c69e81d4230ee36fb91453ee497e582c548,cardinal,4,0,0_deg_north,cardinal,0,0,90,640,640,1,batch_0001,209,53
3585c73d538ca49beaa66949e36c1a0ce85d8469,9a87f495a293291abc26672788501d04139af2f6,-15.875545152076798,-48.11649977328057,-15.87552591035303,-48.11655148016492,2025-02,2025,N-1H3BEGx7uZ57zuZl7rHA,315.62427212593155,© Google,OK,3_3,166214.2521865427,8242346.044585483,61740d7e0c0ed632007534c6ceb179dd4cb152ae,cardinal,4,0,0_deg_north,cardinal,0,0,90,640,640,1,batch_0001,213,54
35dc9e73225682357e9e2d79738de3b48b3aa430,5559f191fc5288af24401540a6647123583d2871,-15.694655776285039,-47.40124665836697,-15.694671637916,-47.40123769578486,2025-07,2025,Dw9cnqVJ-KJZzqzlVMlBww,101.2629971216837,© Google,OK,18_8,242635.5547254742,8263380.13341547,4abd76cebb8c657da9b4f078763d2461a4f1af6d,cardinal,4,0,0_deg_north,cardinal,0,0,90,640,640,1,batch_0001,217,55
36036be65039331ac73e1ce15152768b57bec00a,97ce297a4536f4eddfc4815cc035959c8fb41f00,-15.587271529664493,-47.571977289977085,-15.58727939895349,-47.57195027648721,2025-07,2025,LF2ZT-7I0eVcK_YOYsWTzg,96.80655493192845,© Google,OK,15_10,224182.53592061458,8275053.204378585,db3319a2c9954846bd6705affcceb68b8107d6a0,cardinal,4,0,0_deg_north,cardinal,0,0,90,640,640,1,batch_0001,221,56
36818d44118a74fb433bc71b1eb5770005dc9497,54c19ea7219156357cc712d544b5712fadebdff1,-16.03612935001598,-48.01726085006986,-16.03614262557788,-48.01724304616214,2025-02,2025,ln1Vjto5UZcOa3xssZ1Vdw,140.9986802468726,© Google,OK,5_0,177109.25911572078,8224718.028011106,c861826cb9dd24b19032021a26017d25be4efc36,cardinal,4,0,0_deg_north,cardinal,0,0,90,640,640,1,batch_0001,225,57
38fbc1af1dbddb6697645c7d97a99520ed16808e,a7602626c9ce4d18ba1b39d721f31ef9624534ca,-15.857139729373522,-48.1249812104696,-15.85715509589362,-48.12499899148995,2024-07,2024,q79f1S-YH0fJc7awCerayw,142.71152655169666,© Google,OK,3_4,165274.66929544977,8244370.960329992,ffffeed17ce912cae7f908736b93573bd666586f,cardinal,4,0,0_deg_north,cardinal,0,0,90,640,640,1,batch_0001,229,58
397877f0dc067cd732bb232549c6f962a5a81405,2f5188b30c9b365e783aa36c0ffa497bfeedbb37,-15.850184050066433,-48.12239024992556,-15.85019538793336,-48.12241671615762,2026-01,2026,R7aJhV8krad-TGzlavqkBA,52.73322401909023,© Google,OK,3_4,165540.94950338517,8245145.469671218,04bae3436317eec06795ca2d7bb1dc83cac2b159,cardinal,4,0,0_deg_north,cardinal,0,0,90,640,640,1,batch_0001,233,59
3c1f2a30ec6cbd702d423ab3a6825b0982f54ef2,ca32d5e95fc52a65569a1b7c28ecdb3e50b75b7e,-15.911525500541197,-48.064460999760726,-15.91153000755632,-48.06445924098251,2025-07,2025,PSY0Kn09pK45QvSaENHpBg,71.39335575116591,© Google,OK,4_3,171850.7615253552,8238443.648319545,57ba6029a67d016a8d203cec79842539b7fa0dce,cardinal,4,0,0_deg_north,cardinal,0,0,90,640,640,1,batch_0001,237,60
3c765a163f413cf377e29dc1e07aeea502cd8a90,64d5e59e084b7cc13dafc676237ea0c8b1558375,-15.629310807646814,-47.672995850133255,-15.62932191383755,-47.67317950774454,2025-07,2025,5zbC8qqUMXoH5TkF0vn_Fg,183.11091969035442,© Google,OK,12_9,213401.18039824476,8270265.448153739,911dab1938ca1cd7ceb8aba4fe2f9101e7ca81a5,cardinal,4,0,0_deg_north,cardinal,0,0,90,640,640,1,batch_0001,241,61
3d78ba89d49fb05136a51cb90bdf3b3a027f2675,48f8c95f437a986280bc9dd695e8297c48c31899,-15.581646483811378,-47.536927197072615,-15.58165213012299,-47.53688317471598,2024-08,2024,DL5aFqm82iCIRPMEf_icxg,269.13996193681197,© Google,OK,15_10,227936.0080551794,8275721.002888797,39935b8f3d4ea1bb221003fe40123d71c91fc51a,cardinal,4,0,0_deg_north,cardinal,0,0,90,640,640,1,batch_0001,245,62
3ed0f205869d7993bbd0c85f1ffe526dd9f49d31,345083dbd7eb4834fa1930e358dff76191a87846,-15.810490300186686,-48.08649719992404,-15.81049216634272,-48.08649435652701,2024-07,2024,FAyYxSr9QPVFDGpWIe_Z9w,252.31933255410138,© Google,OK,4_5,169324.22374407036,8249598.5668794,8d9ad5675e1122a521c644abab0ab0906732a351,cardinal,4,0,0_deg_north,cardinal,0,0,90,640,640,1,batch_0001,249,63
40042f4d7dc6222d609322234d09bd982322f577,5057ae871b0e741fb7b6285fa37e8a5bac8fc34c,-15.653005810149548,-47.80176822001593,-15.65299412332067,-47.8017636325105,2024-09,2024,iFlC-KbYR8xCxaBtEcvhvg,281.5860465456142,© Google,OK,10_8,199619.55645908372,8267463.8531675115,4b691bf9e86ca9cbef57b5bf0ae049548404e81a,cardinal,4,0,0_deg_north,cardinal,0,0,90,640,640,1,batch_0001,253,64
429b79de0696c880ac684417359911b5c05e570b,9d722a2dee4e2fb9012f8063972d5b326a0a6b85,-15.528583350000481,-47.6229913499972,-15.52858446963455,-47.62302631555191,2025-07,2025,bgwTRi1CTJnLldZoMDqd_A,186.52736923244294,© Google,OK,13_11,218628.71781990046,8281483.838379724,05681f6b5019fff838a512adcfb452d5586f33f6,cardinal,4,0,0_deg_north,cardinal,0,0,90,640,640,1,batch_0001,257,65
42a93239d1427c70651d478e120995a360e6f6b8,bc7d658b3a19b2cc18df49043018b20581153632,-15.885632390315832,-48.147695644436595,-15.88566055094281,-48.14770865379048,2024-06,2024,a8-CaPA729eOOaBf3te77Q,191.7885922904024,© Google,OK,2_3,162887.03494647917,8241178.763998122,687551199dcefa62f4f2982f9f4f40f221d2079b,cardinal,4,0,0_deg_north,cardinal,0,0,90,640,640,1,batch_0001,261,66
42b121f97a72a6b33491a1984c6ab16497fac933,1297b8c15f5d8a60f1f46398e7e13837e0efc80c,-15.716020984689296,-47.39112607954873,-15.71599667839431,-47.39115218537067,2024-12,2024,ITGmUqbEq0hv4yYFggqzMg,125.3268233952056,© Google,OK,18_7,243747.54858417914,8261027.41310058,7dafd8f5c15e149cf369b10e8df93a8c45bde35e,cardinal,4,0,0_deg_north,cardinal,0,0,90,640,640,1,batch_0001,265,67
434125e0a8257d28c5cfcfcf4743137f4cbc34ce,9db1988b4e055a07bcc0deea041cdb1f15721f7c,-15.819874034268585,-47.93662809675884,-15.81989472928125,-47.93659078117736,2024-12,2024,HyABnHn0pUrxudm8B9hPxA,335.3226235790674,© Google,OK,7_5,185407.53586946274,8248789.772075304,8044c0fa89afc535cdc92ddd0c97bbb1443e09c6,cardinal,4,0,0_deg_north,cardinal,0,0,90,640,640,1,batch_0001,269,68
4446902f96e73c856e149c7f077e6f84938eb34c,386786fa3043141c0465283675e8ddfc872ddf7f,-15.623197354229328,-47.48920586448608,-15.6231715301714,-47.4892244130786,2025-07,2025,fFmwtqAcBOPM2CKiw32eXA,355.2637104342892,© Google,OK,16_9,233110.30074646225,8271181.6754271975,b1ab36f243b539518d6c41589c1e11c00aacb72d,cardinal,4,0,0_deg_north,cardinal,0,0,90,640,640,1,batch_0001,273,69
44bb31ab7e8758631806208613011f68ece69370,96525bf5eac983761a09b33a7a20dd74bb4381ef,-15.877204916657215,-47.793192942561696,-15.87721905348901,-47.79322054257072,2025-01,2025,XwaIUN9yrfHTwEI9ca8iiA,270.45569634941825,© Google,OK,10_4,200868.61816805307,8242651.558067689,187f39a03a789390d02bdee0dd2b3f5512012822,cardinal,4,0,0_deg_north,cardinal,0,0,90,640,640,1,batch_0001,277,70
46707cec9c069659f2acabd23b1b3c7fabf5dc49,5a6b7335fa7fe2c11354661989e1408b710a786c,-16.037876781123515,-47.61631253995867,-16.03784390235094,-47.61630878485886,2024-09,2024,7zHJftOlk0HHjRj3SYSDkw,183.75022761587806,© Google,OK,14_0,220046.39983634432,8225108.131882871,e06b9432fcbb4398b9eddf185f37c08a099d9b3c,cardinal,4,0,0_deg_north,cardinal,0,0,90,640,640,1,batch_0001,281,71
49f4bf780ae272e74cc6d507468a0c6f056735de,97d0a7bf316ba6a4cd3eb6012d922aff8e828b6e,-15.80773199999995,-48.14956080001744,-15.80773669254615,-48.14952053535507,2026-01,2026,jbY3mv65qrKn41GwQh0S0g,161.33842133729138,© Google,OK,2_5,162557.4658759834,8249803.700902353,f4565f503fa085c3401796d0ad74e0ce41a86ea8,cardinal,4,0,0_deg_north,cardinal,0,0,90,640,640,1,batch_0001,285,72
4aa3a31d0352e638074c46dae5fab126ae44e3a0,a17d5e1d2e5574cc4122606494e63bdfee002edd,-16.022894326976548,-48.05512209808206,-16.02288699099526,-48.05516157735398,2025-05,2025,SEMDWuaac9I_TChitAB0Sg,122.70408012524442,© Google,OK,4_0,173032.6952608429,8226124.378405707,07fafcb924508c6d4c91c8cda85e8148dbaaf790,cardinal,4,0,0_deg_north,cardinal,0,0,90,640,640,1,batch_0001,289,73
4adae8b4437f913988b83939401f05eb9484ef17,fee98df7af96fb488ee4b4f1609746dc86fa8ccf,-15.682993250002877,-48.20036559997179,-15.68299154678343,-48.2003817756426,2024-08,2024,EZvRLYRCCno8AWKpMTkeJw,0.43866996504658046,© Google,OK,1_8,156899.80545990556,8263537.453265977,9640c1837cfb0743967fc646562387f6863eb24d,cardinal,4,0,0_deg_north,cardinal,0,0,90,640,640,1,batch_0001,293,74
4b06f73d97c288bc9a39e5af09e5e3809307f841,de0e77c99e10d6d4d64dc364b7aa0d3a0fadad23,-15.792741350005096,-47.92077539998824,-15.79273147769343,-47.92077900012553,2024-05,2024,ShM4c8NbyMNvFAyeL8szdQ,210.2523711884178,© Google,OK,7_5,187065.2979030724,8251818.034154423,fed7cb61be3cf535ec9bf737740a96d1fb1f81bd,cardinal,4,0,0_deg_north,cardinal,0,0,90,640,640,1,batch_0001,297,75
4d1c032d4663443e752a1241bccaf5eec2fd63a0,4f9f5658382e069152027ac9a03183c77cdb3f86,-15.750475500035089,-47.924890200060254,-15.7504704185899,-47.92487498870523,2026-02,2026,fv_jm_Zhn0qYqK8WbyE1GQ,120.37670471882903,© Google,OK,7_6,186559.10727815446,8256492.248440615,28047204ebe42e7f777040b12d6fce2fb9640bea,cardinal,4,0,0_deg_north,cardinal,0,0,90,640,640,1,batch_0001,301,76
4e643c9c13098bd2da292914e9da1867b5455d47,96eae5e417df3e772e5e64e67d8303f3a1233328,-15.744349350023032,-47.760389899934616,-15.74431938415652,-47.76040098287744,2024-07,2024,5CGAR3HybVRkp1bYnwrG9g,204.09661442532735,© Google,OK,11_6,204190.68986866446,8257408.320291594,cdf73ef497a61627683ace8d254835999241eb6b,cardinal,4,0,0_deg_north,cardinal,0,0,90,640,640,1,batch_0001,305,77
4f24958057801ed4bedbd26bfa6142b9ed57ba8f,041b90af4705e2509a3d00cad9cc8d0f03afb521,-15.938312892857809,-48.23852369619019,-15.938307176445,-48.2385424878281,2025-05,2025,7sxe-lBiYh2MWNb4vKptIg,69.0804535148171,© Google,OK,0_2,153241.2747333667,8235194.939961077,a4cd2a25245ac73941c1957fcceb82f303025c4c,cardinal,4,0,0_deg_north,cardinal,0,0,90,640,640,1,batch_0001,309,78
4f5c9a66af3bd3ad6a5a34710d5a9897e93c5f34,2251fb410a28322c482ebd2694181d6e8f899533,-15.937125000013495,-48.230134600116685,-15.93713671903324,-48.2301068036459,2025-05,2025,dhRFkChKcbOHHZYTfXyycQ,149.63367314377265,© Google,OK,1_2,154138.2972871471,8235340.467606586,e734def98664d919662201291cdde83f8cf6326b,cardinal,4,0,0_deg_north,cardinal,0,0,90,640,640,1,batch_0001,313,79
4f6512c1cc4d4b4074134891bbd1286e3a67d296,df4d44b9be07f8204c5aa8796dea50f6e9475acd,-15.949787315144555,-48.14356105506798,-15.94981218458659,-48.14360726244578,2025-06,2025,pcdKoeeg2AqRG526CWJGBQ,353.99976846776997,© Google,OK,2_2,163437.2514083851,8234079.880918849,2e539c8054bb6f4f54c11632d2ea4034568f23c8,cardinal,4,0,0_deg_north,cardinal,0,0,90,640,640,1,batch_0001,317,80
4ff228219a67f498633329dde49a018427e32cae,5ec10b4b1f608a25bc482e239edc54d1e90e9be1,-15.802676733341386,-48.15157895561464,-15.80264117065549,-48.15158756276631,2026-01,2026,f21KgQuIwI-mkZ0gjzUuow,71.04677951292587,© Google,OK,2_5,162332.657669595,8250360.357208149,fe0e1dc80c4a2e5ab6f88ad25847bc186d8ddaa0,cardinal,4,0,0_deg_north,cardinal,0,0,90,640,640,1,batch_0001,321,81
519236b47191b9a57c24cf05210b6b8ad7955028,2d2755aa3dbdd2118f0165d36d1da4dbd108ac69,-15.968334960673815,-47.49664591541052,-15.96830980012493,-47.49666268981476,2024-09,2024,wO1GfS4oyOZv0CexOyldBw,320.19862898230394,© Google,OK,16_2,232765.6410863203,8232964.738759237,de4b43bb23666bba93cb3813522098d54983a584,cardinal,4,0,0_deg_north,cardinal,0,0,90,640,640,1,batch_0001,325,82
52fb062c2a7c4580589a44b7663613cd04d56ebf,3fdfc2439ac2b4b009963c5294ae0233b705803a,-15.795355550014706,-47.85536305005042,-15.79536993085437,-47.85536653680001,2025-01,2025,UDfcb3tcnYLuYxBCH_LbzQ,136.7159337453864,© Google,OK,9_5,194082.6058265773,8251624.859280037,7fcfe72f4061ede7f12042c6ae720a66ed7557e1,cardinal,4,0,0_deg_north,cardinal,0,0,90,640,640,1,batch_0001,329,83
53022d1d07a14c535f233fbc08c9c6f2be7c6c97,cd997188456dd8a639196fe0b7c2a5b371727720,-15.856194740051686,-48.035714265082056,-15.85605588990086,-48.03588928705734,2024-07,2024,KCi0sIMKw97KIuen_GEZvg,229.9603689416858,© Google,OK,5_4,174842.5611215751,8244616.326492835,ae92f61e3984abacc6816a16208a5763ad5bab8f,cardinal,4,0,0_deg_north,cardinal,0,0,90,640,640,1,batch_0001,333,84
541a5bdc70a39b32ac0494b1beb475f994f38807,ffb99cbd62a0bc71e5f97f8616bf85617e889823,-15.642364650647057,-47.806300550409446,-15.64235304668332,-47.8063218296745,2024-07,2024,9BXOz7FHSX6Q8STYwmqP6A,100.80000888090312,© Google,OK,10_9,199117.728391965,8268635.670347836,095083be984a30978e68015819dcce9dce0d0a76,cardinal,4,0,0_deg_north,cardinal,0,0,90,640,640,1,batch_0001,337,85
543280a62a6441cbab41d1c8d977d9cafcb36dcd,3351d15d3359fd3954e626c2614926d4e231c5f4,-15.864356023713821,-47.80900119571848,-15.86431351412825,-47.80896394192354,2024-12,2024,HRjL5ecYflZAvxGluiGvQQ,86.67679422450749,© Google,OK,10_4,199155.4163747825,8244051.600821953,3fb77792c79e442c8d7b592193a73b604f900777,cardinal,4,0,0_deg_north,cardinal,0,0,90,640,640,1,batch_0001,341,86
545070f1261c42d9e1b85c911d690cb89690ad06,327c92714718f82a5daecd1b9e0c7be114dad3b2,-15.976150650036042,-47.911033849980015,-15.97613894677096,-47.91101467378049,2025-05,2025,yCW-Htfls1Esy4ffxnzupA,248.5422389719401,© Google,OK,7_1,188392.46241681525,8231522.586466335,8a67b40c684bdb9f8c46e8502ae1904b6aec2e89,cardinal,4,0,0_deg_north,cardinal,0,0,90,640,640,1,batch_0001,345,87
54c821ec57db1a8e0464471131ba156cd7152aa5,af9d52a82fbc7d994750c2d94c4c304825ace81b,-15.693690085412694,-47.528637941918575,-15.69371200894629,-47.52866955328246,2025-07,2025,9pfL0QNUJqpyl7FXL8S6Yw,62.83355845019391,© Google,OK,16_8,228973.1122275008,8263327.954174626,11586c12366342922c496147a4d16d62c8e5ecec,cardinal,4,0,0_deg_north,cardinal,0,0,90,640,640,1,batch_0001,349,88
54e3e80656b08672590948e958173bc0562a46db,8103e2839bd5e9415e64579fcbe6775697dc2fad,-15.715805750019133,-47.88149109997788,-15.71579128667364,-47.8814698421837,2025-07,2025,gBDs8sGJ_Ea7vyyCGJmKNg,232.42694020415024,© Google,OK,8_7,191160.89354634337,8260395.367385117,d119054d9f966f7c06ead73101f061582eb215bd,cardinal,4,0,0_deg_north,cardinal,0,0,90,640,640,1,batch_0001,353,89
5560be46dc12a7361c91d5fa52075b7ef356a2a8,8b8a6a57a7de5866199746d4121706fa3d66415c,-15.668716200005989,-47.83972184999423,-15.66869836141331,-47.83970722269249,2024-09,2024,-C2fQtztksqjTPs4mfOWrw,57.38012282916737,© Google,OK,9_8,195570.95377724673,8265670.142618831,1abfab7cc169720b4d988584d836ca42be720959,cardinal,4,0,0_deg_north,cardinal,0,0,90,640,640,1,batch_0001,357,90
572df098d1ec5c8e50f4d56a1402a572d1323123,8c12e3a24184a5e1f91eaa2268ceb5e5b60011ee,-15.77897540856431,-48.1380428475313,-15.7789804244542,-48.13805265036555,2026-01,2026,hWKAP-nH0qmAuP3WwcRbsg,73.96724312429018,© Google,OK,2_6,163745.03034008885,8253007.109023786,bbca110fc7c67767bf4cb7acb5b1ce748b333eff,cardinal,4,0,0_deg_north,cardinal,0,0,90,640,640,1,batch_0001,361,91
584a909cfe61a1cb2638e97a123404a94ba65d3f,06bae486cdc859e3a0057e55beb0e3ca7857f5db,-15.887107700000731,-47.6142021500419,-15.88711731806526,-47.61417939050293,2024-09,2024,5CerAhDduysYsBYAB09m9A,343.8178389276095,© Google,OK,14_3,220062.7586236243,8241803.003023937,ae582a51d9f4a5c8e29f75dc80c5e0b6def199a8,cardinal,4,0,0_deg_north,cardinal,0,0,90,640,640,1,batch_0001,365,92
590407abf2a3554894981bc9aab8ddad9ffea121,7f09672a6bcd3c5a8a099af8b5918ab91f79ee22,-15.894662700012793,-47.962566249992946,-15.89466746920752,-47.96250816969901,2024-06,2024,yKfxELXAmg1Tq3td_rjWCg,68.49291247988563,© Google,OK,6_3,182743.86071461905,8240468.635898728,34b7911af67190324745a31516983969a0726623,cardinal,4,0,0_deg_north,cardinal,0,0,90,640,640,1,batch_0001,369,93
5941349b63df638e176409d18e21d6829ca74a88,3ab131dab86d71dc8a8ad2578b6e5737f0510bac,-16.035872900001213,-48.026001499985576,-16.03588234462507,-48.0259605851964,2025-02,2025,xOTkv50VTYcoNuyBvs3bHw,178.94943392983166,© Google,OK,5_0,176172.7265407644,8224732.778373751,87126d334d72d4ed65bbfa820ee0a8090664c41e,cardinal,4,0,0_deg_north,cardinal,0,0,90,640,640,1,batch_0001,373,94
5aea9e8c7b6ed0f034471f9cb3fbbae6a3c39cc6,04d1549e2cb243b5816fdae6995753948494c674,-15.862610000042732,-47.78633869976008,-15.86262238756236,-47.78635289321431,2025-01,2025,CXXNk2woEJAI2ez_VwO5oA,186.9867415632504,© Google,OK,10_4,201581.64815399988,8244277.374953229,2944764bd580f94c08a6ec5aae9bda9b3760fff1,cardinal,4,0,0_deg_north,cardinal,0,0,90,640,640,1,batch_0001,377,95
5b5a9a74452711fca937bd40371b5b1dfb007d2f,130d2943c9aa63bff4f3d1a9f4e6a739a3402bc1,-15.607932350124877,-47.642783650033515,-15.60791745451224,-47.64280028580853,2025-07,2025,64SNv7YVlDoN3TnjfwxbSQ,272.0561905479458,© Google,OK,13_10,216613.1103583533,8272672.836952023,aff2cab60634c318c5e75d96696d333a1e15896e,cardinal,4,0,0_deg_north,cardinal,0,0,90,640,640,1,batch_0001,381,96
5bc490f06ad5df5ad039c8bb4791e79a4397ab5e,b8ff43cd429e4db508de77e09b4e3decf109ad34,-15.82809626873001,-48.138720040225394,-15.82805989205919,-48.1387194253283,2026-02,2026,hk4ZX2EgGTzSXqj9juX-QQ,86.11082717453934,© Google,OK,2_5,163753.65172520548,8247565.652345467,bb8e5c13e3b56a08ff72e71615f295d3936263fb,cardinal,4,0,0_deg_north,cardinal,0,0,90,640,640,1,batch_0001,385,97
5c41845e6a0b596d7944118e735406b3b878c693,961f4ea5d8c501e1b42c023d608d5cec15caaa13,-15.871157475299661,-47.949237908816926,-15.87114657712201,-47.94920443586423,2024-12,2024,2u9ter5kzJDD4LhRXdIugw,62.40748478679101,© Google,OK,7_4,184135.5511761481,8243091.775271695,74e2321448915d8d5c3ba0328cdaae1d79c6ad92,cardinal,4,0,0_deg_north,cardinal,0,0,90,640,640,1,batch_0001,389,98
5c5585cda66efde54f96e781ccecee34c77808ce,edd3c3cf692e188e6a1832b04ee4812817c262a1,-15.987704366837187,-48.11652870371851,-15.98768375870021,-48.11652155635024,2025-06,2025,ROu4Cpfo6cDACXgjb4socA,145.3282528055981,© Google,OK,3_1,166396.80512363595,8229923.942766466,2ba064760686da75a14294201b492759a3c47ab5,cardinal,4,0,0_deg_north,cardinal,0,0,90,640,640,1,batch_0001,393,99
5ce1c7d61065c466725dd71e1e29f901be26d747,42181dc2623c7bbf595e2b4f1800cd4419003717,-15.975244651638201,-47.812054351145626,-15.97525115827943,-47.8120132524931,2025-01,2025,n5W1b92hrtJYbwf4tnZLbg,102.40008217668093,© Google,OK,10_1,198993.62692206528,8231768.774531357,e47f04510bea78f99813ddabd8abbb2dcc5c4539,cardinal,4,0,0_deg_north,cardinal,0,0,90,640,640,1,batch_0001,397,100
5d7a4a9835150b9143c8f7c959d4f84b6dfe80ce,18b2dcd88ec0a6aaf50c8b2edef018e0dc06d16b,-15.57967090079076,-47.497900299784156,-15.57964246460534,-47.49788208844206,2024-08,2024,_lIW7A1O3Er0BfOLg1okEw,257.29525866312383,© Google,OK,16_10,232121.0534309006,8275989.156070582,525b75b8496ad99acbbc1d35c73f24d06819c132,cardinal,4,0,0_deg_north,cardinal,0,0,90,640,640,1,batch_0001,401,101
5e501cdc2df5b6fbc5f613fa9f4cff06db9dea7f,85a2dd1d2bee108c6f3ba975f15fd6278a0c7232,-16.04986819547714,-47.92671247821689,-16.04988393262214,-47.92672701628874,2025-02,2025,0I9zj7vmvA7klHOMUBPgSQ,162.86568149814417,© Google,OK,7_0,186828.0518954559,8223335.694553591,f50e411f6aee08bfe6d7f13e5090892feb1af223,cardinal,4,0,0_deg_north,cardinal,0,0,90,640,640,1,batch_0001,405,102
602f0eec23803f394eee2b345f6f2a0509430ecc,c1f39dbf1fc79f1dca7b0da9de836c30df518f9e,-15.757593300003217,-48.04555035002454,-15.75758919250041,-48.04613190839782,2024-08,2024,rKJoXVid6oAeLA-tHPitvg,149.12915020574724,© Google,OK,4_6,173629.90139853253,8255520.792012524,7873b8edaf0cae1e0e8ef71ce43bea626f175a7c,cardinal,4,0,0_deg_north,cardinal,0,0,90,640,640,1,batch_0001,409,103
6460d5de7cc2b92b2860afb8bec0db058b1eb173,d66fbd8772e8e301e865c67411ed62e1d4aded08,-15.88065536273635,-48.11789179453608,-15.88068163754743,-48.11789738714745,2025-03,2025,4_A_zHU7WruEr65arqs0PA,55.56892318671627,© Google,OK,3_3,166073.47159941428,8241777.847912272,0257e401b7630d320c51192242ea96399d40e35c,cardinal,4,0,0_deg_north,cardinal,0,0,90,640,640,1,batch_0001,413,104
66df5cc9140ae983e27a36edebc2db74bf14daf7,d362a5acebbc329b7c157b753956e01b1afeee7f,-16.00773080000414,-48.0838542999647,-16.00773986800826,-48.08384570608101,2025-06,2025,bYMvOKKmXIC0T48R1C4xVg,1.3336759715582889,© Google,OK,4_1,169930.21207947825,8227758.20878774,bb1c55108683785f6d4f95b370922c4be6ff7ed7,cardinal,4,0,0_deg_north,cardinal,0,0,90,640,640,1,batch_0001,417,105
672a4c5cf806c18c5499ae96a018bdbeb13b9d8d,20dcfc3449acc227718831fbd146407748fd7295,-15.80220305000001,-48.057598149999876,-15.80225361525713,-48.05762197987385,2024-09,2024,W6wDSzlIJXWL-tUIU7ME5A,0.10044723296330077,© Google,OK,4_5,172409.539269845,8250561.670730441,477b02d9211b611dc149db57fb090ea2c5db4286,cardinal,4,0,0_deg_north,cardinal,0,0,90,640,640,1,batch_0001,421,106
68dd502855c6422467ec413538705a4c27bce6b1,54e00393b26b9e208fbb789b714c1cb15ed084ec,-15.52255160679912,-47.59698040779926,-15.52259058538724,-47.59700750066941,2025-07,2025,JE0kkPmblD0Fb9yIXZcHNw,256.2489965835016,© Google,OK,14_11,221412.4912098844,8282185.670631239,7118b65c035feef3b1d2fdcc0ba9417c752dff1d,cardinal,4,0,0_deg_north,cardinal,0,0,90,640,640,1,batch_0001,425,107
69455afa0460035b7e6b796c584d5d047847cb0e,268db0ce3a45375f0612128a473b58741229d2fe,-15.957657276618674,-48.029333710960515,-15.95767447238594,-48.02934336428678,2025-05,2025,cUWQ6ta1woWFEZFhr2qweQ,231.29534164903086,© Google,OK,5_2,175689.51502981034,8233389.671750631,96dc79e05ba8a4afb48a318482d5b65e076872c5,cardinal,4,0,0_deg_north,cardinal,0,0,90,640,640,1,batch_0001,429,108
6a19808aad42141bff77d1e84e0babbca9369a8c,9dbb430a17e4f4a852f76634e364f3c568d58861,-15.913232050177982,-47.76145179990885,-15.91323719897942,-47.76141180474414,2025-01,2025,ZMVIQ_xm6MillHk5QS4z3w,70.04349819620353,© Google,OK,11_3,204322.83622188476,8238707.656737013,c3a20eef73a3863d4f5eacefbb9b25832c507778,cardinal,4,0,0_deg_north,cardinal,0,0,90,640,640,1,batch_0001,433,109
6b0c056ae37dad5acffb6faa022825324e06bf1c,3b9047b84b8f6b542ebc1d9e40da7edff282bbc2,-15.923340792224964,-48.16727821181825,-15.92329056404978,-48.16730684403115,2025-07,2025,xmd6uIkUXiJuCbJSei4PYg,263.80586985367665,© Google,OK,2_2,160851.28396986096,8236970.554473709,10d590e7c3f2a6deae37022c29d11d51a915483a,cardinal,4,0,0_deg_north,cardinal,0,0,90,640,640,1,batch_0001,437,110
6b1a8857a3f9bcef212faa5d9202f7cc14111561,b44382ae71a4af35f170d961552716af83efb1cd,-15.855881551673836,-47.88193239693282,-15.85588070175049,-47.88197655362823,2024-12,2024,jP2Gef0X5ldqs_i6C5q9LA,218.11144036874666,© Google,OK,8_4,191325.98723056505,8244883.7990206815,74c5e3425acfa5244d50f9136b7247feab109f46,cardinal,4,0,0_deg_north,cardinal,0,0,90,640,640,1,batch_0001,441,111
6b4ddffadd71eb41c437605b88f867338ec13647,1795f9a882ca2ee0432eb21cb748bea250eebbad,-15.602339508001593,-47.68396739271358,-15.60234843965388,-47.68392539276788,2024-07,2024,LDb-6Z8ynZionda6Pe3gTQ,239.13179013425344,© Google,OK,12_10,212186.38895743113,8273236.741148727,930c6baa316c7ecb255c219425d7df5de51c0931,cardinal,4,0,0_deg_north,cardinal,0,0,90,640,640,1,batch_0001,445,112
6b6f8c37db3f6a22fd730019e4b37169d2504527,db90359f481050751aab392f4ef00c4d27f9e79e,-15.690265557241213,-47.482063121583025,-15.69026660770884,-47.4820205237841,2025-07,2025,1KhofbwMgnz7eI92RWjBDA,290.6201277913781,© Google,OK,17_8,233963.40472040558,8263766.166424588,cc4add8651272d628296f3b8e94b977734d98137,cardinal,4,0,0_deg_north,cardinal,0,0,90,640,640,1,batch_0001,449,113
6ca400fee9663c0ab6d5364022562f09c9d27f07,4046d8fcf57374df8f361d5376196e7cd5626952,-15.82947520023797,-47.8087723507736,-15.82949228029863,-47.808752435541,2024-12,2024,g6QEklQpsDeLtz4zUpnCwQ,315.8060458268275,© Google,OK,10_5,199128.1987244085,8247914.171680508,c15254a2e185d47813048cd5f4521e417402b83a,cardinal,4,0,0_deg_north,cardinal,0,0,90,640,640,1,batch_0001,453,114
6ce54c4dbe499031baf3dc5f7632bd3b567faaef,2e0701bd2d87c37cc15ed3de9ece9256754afe61,-15.927644123038073,-47.96469197429735,-15.92778352652121,-47.96457490790898,2024-12,2024,Q_Pi0NNCky90n_vlhG-Qqw,314.6970515315677,© Google,OK,6_2,182567.90385949684,8236813.033414974,fe54a0f951b97219d5ff415569f1721f74e7276f,cardinal,4,0,0_deg_north,cardinal,0,0,90,640,640,1,batch_0001,457,115
6fe064611e73f2edd402f6ec34d3184f2bf4e483,7b8a1786825ff31217c678ed1354e8c83f56cab2,-15.840292900718646,-47.8376295984401,-15.84031453670849,-47.83766422708172,2024-12,2024,7bdWI0RUKKjPPCo8WbVE7g,32.59513733012353,© Google,OK,9_4,196051.0953262815,8246674.727212233,48bc11bce9c52dbbe6e0e4069b754ac669ef0747,cardinal,4,0,0_deg_north,cardinal,0,0,90,640,640,1,batch_0001,461,116
71b770575b26d31d15aef57570e8e161b292dc46,8a038e25890899df99b3668e6b11f5d7fc6f9a56,-15.923513350064145,-48.11103120008685,-15.92352170488152,-48.11099245008047,2025-07,2025,RFb1YGnUU26MhOYk8lTUlA,114.42486822048144,© Google,OK,3_2,166879.54907580215,8237042.143893426,73cf188b7446ba3f92d4ce7d681bc7fa88480379,cardinal,4,0,0_deg_north,cardinal,0,0,90,640,640,1,batch_0001,465,117
721ab4ef1550501b4aea2157ebf34a2022c7d846,4f9cb354e19bf5ca75fb749e8a06660522799298,-15.844170955344358,-47.53760275153122,-15.84406898967319,-47.53764976920857,2024-09,2024,lVv08GzQqI_cMFI4r-bVrg,301.8931579927174,© Google,OK,15_4,228212.34040083407,8246657.43269987,7459f75d0e76a0dee4d32d4c3fcc18f5e41ea4fd,cardinal,4,0,0_deg_north,cardinal,0,0,90,640,640,1,batch_0001,469,118
7230306e8139c22469b33b7b06127b5b3b1afaab,9a0ef0edf6fa71b3e31fef3eaf57fb1658e95ec8,-15.883228201807176,-48.14537189925607,-15.88320422688077,-48.14536678266951,2024-06,2024,vKxn7L5zF3Nc95zclHt3-w,72.08888730598082,© Google,OK,2_3,163132.11340834998,8241448.790415388,232b2dfc1a7dc749f71165cef0b09f93b2ff3780,cardinal,4,0,0_deg_north,cardinal,0,0,90,640,640,1,batch_0001,473,119
732b25a35b28f37cfb77489778ab58235c59b3e5,3f2e15e9d5677100d19e22dc76f3de41bdc085fc,-15.83163720088721,-47.56560078801153,-15.83166144870066,-47.56561992966296,2025-07,2025,8DtdUpMcihCM0L91fi0kVw,166.04307015608984,© Google,OK,15_5,225194.95870121688,8248008.511828535,24ca7fb73e4e13cf6b51d36099f1ddc906e81122,cardinal,4,0,0_deg_north,cardinal,0,0,90,640,640,1,batch_0001,477,120
74a25b4e8594063cda5e94ccb6e7e8f0c7bb1620,ed969fa3a43ba4c8ae403eb6c91b78d3a88fa8a2,-15.858287843571597,-47.52911161387752,-15.85838297345977,-47.52902709000062,2024-09,2024,sxAT0Oxg-edVOQQzB0Kc0g,95.73675991400512,© Google,OK,16_4,229141.1381092987,8245105.610818457,e19fdde30304979e8e671051701d12491263ffa3,cardinal,4,0,0_deg_north,cardinal,0,0,90,640,640,1,batch_0001,481,121
7763665ca64a6e64e59123355f6e15fc0288f5ae,89625c48037981d87e5ec60a5dd40a71768d85f9,-15.739825700183108,-47.75087524991805,-15.73981766262981,-47.75088084789302,2024-06,2024,CP9_k9kCLy8RnueZP7acJA,251.83488958788604,© Google,OK,11_7,205204.44496272612,8257922.510302555,c032d4ae08e293d9cdb76f4b3b3d3f399792e720,cardinal,4,0,0_deg_north,cardinal,0,0,90,640,640,1,batch_0001,485,122
780efc636456c5bb635d6359b88151ec376e246a,a2028055c7fc34a5465d398f52ded37d0fe7bdaf,-16.044976100856633,-48.0300555501541,-16.04485434086275,-48.03001885649262,2025-02,2025,EnUJOk0Z3t-yni7lIGPt8A,269.0638572845523,© Google,OK,5_0,175753.28359636362,8223718.282352425,ed2247a174e2e97dc37d5e626c9b2374fd6a765b,cardinal,4,0,0_deg_north,cardinal,0,0,90,640,640,1,batch_0001,489,123
79dc94ca6ca37862cd382b91621d675c26ebbc2f,84e624b134fced65523ad5b460c7f52fd62166af,-15.891861571528064,-48.14565546015501,-15.89185749507304,-48.14565625173602,2024-06,2024,KBOoWVkVkVEXmh6DlZadzQ,330.42011791545775,© Google,OK,2_3,163116.10386672453,8240492.135032945,871dbb46a130da59de30f3b07659dc49e9438040,cardinal,4,0,0_deg_north,cardinal,0,0,90,640,640,1,batch_0001,493,124
79e9299b5964dcf63ead87b4e0ca954ea655cc7c,f41e9a9b270bbbdc1fcd1d9519b43f4612ead07f,-15.848079600005203,-48.04137744999666,-15.84808859741418,-48.04136091954666,2024-07,2024,bW8h8aJKmcKl3Mm2wMBcQg,245.7143294031381,© Google,OK,5_4,174222.44204257708,8245506.245112392,891c1800ac9d73d2143ab8cdb41a53736673101d,cardinal,4,0,0_deg_north,cardinal,0,0,90,640,640,1,batch_0001,497,125
7abded6e5ae8c65865efb5062582db22ec548662,8ce541f8067cc22b59647a9471e1da651eeb9548,-15.784824561301697,-47.47019466972694,-15.78482970672724,-47.47020392375094,2025-07,2025,q2WMxGWCPJGGT82ByZDfow,160.30791711227113,© Google,OK,17_6,235358.67027251632,8253313.3633761015,1c696a11359dd3866f0de784c2d83ea7d7140c5d,cardinal,4,0,0_deg_north,cardinal,0,0,90,640,640,1,batch_0001,501,126
7d762dcb4cf38c0ad8275bc0bace4fe51cdf1db0,9356e1f57279e5826a000d13a9c3331ccd38c9a7,-15.92994235023435,-48.101536050580236,-15.9299266250288,-48.1015672529953,2024-06,2024,eeCxOqTVb7gTBf-EH3CMNA,308.52301642547616,© Google,OK,3_2,167907.70121974294,8236345.267208897,f4398f622d720a94fe8ad6e7f5177fb2aa3bb997,cardinal,4,0,0_deg_north,cardinal,0,0,90,640,640,1,batch_0001,505,127
7eb23177d57088781dfd589fa27279417b50706e,aee9b4ce64d35efb7f2ebcfb3609e32b0609af1e,-15.733243050845292,-47.870233202484194,-15.73324057756031,-47.87022778851922,2024-05,2024,EwXRcUKP0zI2AfUNiDgJOA,133.23904392147708,© Google,OK,8_7,192394.6239935814,8258480.949868027,5ad78507a4189d1d572f42666c9ba6424361a784,cardinal,4,0,0_deg_north,cardinal,0,0,90,640,640,1,batch_0001,509,128
7ed18d652540d8de226980715d3fc5dee92c7569,6b4b982e9924e6a84f15a92d7f7f2d897a674ff3,-15.648558520539078,-47.75582103097441,-15.64852232772203,-47.75586900228789,2024-07,2024,MaKFarHoaQtPJPn1Otn7gQ,126.28352147293829,© Google,OK,11_9,204542.50396067058,8268020.816397337,f92eeb8067f49773d3f20fdf07768709db6d4661,cardinal,4,0,0_deg_north,cardinal,0,0,90,640,640,1,batch_0001,513,129
7f212705fb868419468b7aa46d168060b8b9af65,6c875961a22b876c28a19df3bcaf96f16484fadb,-15.928990200056543,-47.397553549946096,-15.9289866723041,-47.39767970914652,2024-10,2024,4wtEUh8RiVHDquTPL_X6Iw,238.9207871852264,© Google,OK,18_2,243327.51822698518,8237444.840265091,f852ef6fb4a75872a3dcd1f11e87c73632430ae6,cardinal,4,0,0_deg_north,cardinal,0,0,90,640,640,1,batch_0001,517,130
818eabf41beb2b8d7a26c5bd95d31e482b2bdd78,80b30560d834f3aff4f2f4dd7ccd59f63093ba04,-15.750034378634226,-47.81963875716336,-15.75006152082117,-47.81960459766363,2025-02,2025,eLLzxQxwITMoCLy8v9F7Pg,125.12321115173955,© Google,OK,9_6,197845.5127687255,8256694.816049817,b715b178bbd0b0fa60d2bf4d873d93e601fd7cda,cardinal,4,0,0_deg_north,cardinal,0,0,90,640,640,1,batch_0001,521,131
82213b3d59c57d2441f0fe89f4d6e0270db0eb06,77a8be505bf58ce816aca79edeeebe768341a450,-15.903073450064742,-47.933343899711204,-15.90309713807749,-47.93335563248702,2024-12,2024,uREqHkWDmv1exdjLkAyrAQ,191.4788157724703,© Google,OK,7_3,185888.65893840126,8239581.419040416,6e3687f935041737e9945a65b5244bb98574c25c,cardinal,4,0,0_deg_north,cardinal,0,0,90,640,640,1,batch_0001,525,132
828a43bfe7765204523e1982e8368d2e4c997224,767b568e1e4a88d07f63a80081972da8376b8eb1,-15.606159100029286,-47.645054350007946,-15.60613997861872,-47.64504204675975,2024-08,2024,C6459Sk9o1qVLTSwE8Hl7Q,272.13160991482255,© Google,OK,13_10,216367.03314582727,8272866.129929117,63c5fe445ef9d00d3cedaf888d1beba6bd6fe510,cardinal,4,0,0_deg_north,cardinal,0,0,90,640,640,1,batch_0001,529,133
82ac73035fbe1babe34b71dbd0c25df5af937b99,47ddb88a46ea1ebbe1350c8fb280ea76cd06920b,-15.782519300003937,-47.98633304999456,-15.78250730058626,-47.98632607914211,2024-06,2024,8jUNHJjEbFlyrrr1-s9v7g,46.88616921409935,© Google,OK,6_6,180019.92207522155,8252851.329492992,2bde0e00be1eeef8ec9445ad131a1c62cefd8d1d,cardinal,4,0,0_deg_north,cardinal,0,0,90,640,640,1,batch_0001,533,134
8636cce3f49a49ab18d79276a70e850527b66117,4bb234e678ae37988252aeeaae32d936c3918222,-15.579692157493636,-47.40101118336041,-15.57984137801218,-47.4010246103255,2024-11,2024,9xJkQP_kfmbaiZxtxzcdWA,345.5750063003847,© Google,OK,18_10,242516.9763868319,8276106.242856027,53c64603d00ccc7eb667b43fb545af48f13e6b1f,cardinal,4,0,0_deg_north,cardinal,0,0,90,640,640,1,batch_0001,537,135
866af605931f0058de35c59489fccacb5319109e,44e02592c5ee25665190143204e333a708305c37,-15.797351000003173,-47.983529850032355,-15.79748354206903,-47.98350106338382,2024-09,2024,J5RJtDwY3oh3ieTFOtwwnw,332.6737466166516,© Google,OK,6_5,180343.807399737,8251213.115290602,c4050a2043925a4afd4dd78ba07294ef7af7155a,cardinal,4,0,0_deg_north,cardinal,0,0,90,640,640,1,batch_0001,541,136
88332f3c3eb6b24822eb11c2b72ade7a62aefaf6,3b9a1549ba3a165a6fddbfdeebae877c299ed570,-15.850010200000531,-47.97384569999763,-15.84996517367957,-47.97383908035488,2024-06,2024,pZrcPi4SBiR7SoICTssH2Q,11.416702339097817,© Google,OK,6_4,181464.7788277943,8245396.322620322,eec42b30ba966d7fea97c2f4636975b17bc3f815,cardinal,4,0,0_deg_north,cardinal,0,0,90,640,640,1,batch_0001,545,137
886321acb57082dd2165e4f6c6288a9c75fb3e96,175cbc99692d4cf105bd62ea5f89d0b288477f15,-15.836529762434235,-48.03967726113008,-15.83649415195443,-48.03970093580804,2024-10,2024,fb19FFltce_5AfbWxrt9ZA,128.25771030574657,© Google,OK,5_4,174386.16181767295,8246787.9905859055,7839282158c8e0a98bc552e815eb55be8451d37a,cardinal,4,0,0_deg_north,cardinal,0,0,90,640,640,1,batch_0001,549,138
889c4fdd7f512b6f23cb4d90fd309c067c001220,4a91cbdc6edc4bd5fe7302ec8aadd6e4fdab47de,-16.037405850823188,-47.98846835014925,-16.03740510706005,-47.9884968974571,2025-02,2025,3k1zpA-pUJegmmCFWEsHqA,89.17867774953083,© Google,OK,6_0,180194.91033835374,8224621.349952388,9ce0c92de3407a97cbc82314c6307801d0750b7b,cardinal,4,0,0_deg_north,cardinal,0,0,90,640,640,1,batch_0001,553,139
88ff6b08c3a56835e75211037235d2b62a50f8d3,f3239955d874eaa9657e67fc4f9e4ba0e508c27d,-15.956461346934221,-48.02458731270122,-15.95648105082486,-48.02461061873611,2025-05,2025,Hy-WHOKhbWEJlO8J9SozMA,54.454366147149535,© Google,OK,5_2,176196.1287893563,8233529.509206722,b5896205ab9a546d6c168eee7429e67e64512fb9,cardinal,4,0,0_deg_north,cardinal,0,0,90,640,640,1,batch_0001,557,140
89d8ecb76387979745561fcd6ea25ce4b8ec07c3,d6c689963950720e7778e712848e2b2c527c5dbd,-15.891340250005669,-48.118916850075465,-15.89138399549413,-48.11890877125379,2025-06,2025,HwACkRHdQ-qzoKhC1M79PQ,334.12457049888843,© Google,OK,3_3,165981.24576135806,8240592.819572552,37c8813d0f60682c6cfc1da658f6d799c4bc5a5b,cardinal,4,0,0_deg_north,cardinal,0,0,90,640,640,1,batch_0001,561,141
8ce39036383b0326ef84da3ccceace3debf8cb2c,71facd5066cb31724f9d377ca0395c3f7c0759e4,-15.68947090148669,-47.857555254095445,-15.68950394747507,-47.85756951428182,2025-07,2025,8tf4T-1PSqdbdG2mMc9N-g,299.31266213142237,© Google,OK,8_8,193688.78656813418,8263346.273750364,58e4c919e463d777eb299975dccd34914d532d55,cardinal,4,0,0_deg_north,cardinal,0,0,90,640,640,1,batch_0001,565,142
8d790a18834292decc7b653b115494f4d3f14f74,4d3fb507fcb709a4ec81e56cbedc87edb0ac75b9,-15.815140853351917,-47.56955646067751,-15.81516869152805,-47.56953999679463,2025-07,2025,rMVSQzVuBDpj9kKe8tGDZQ,344.63133693871424,© Google,OK,15_5,224748.66969200133,8249829.603316875,b87080ec84e9944c334c84ce28671fde0db7405d,cardinal,4,0,0_deg_north,cardinal,0,0,90,640,640,1,batch_0001,569,143
8e3333fed7ff05e9194a8bde3c92ef99fbe65195,0d5df8c1e21bedd65ddb6bf3fca94354f6e22f89,-15.71557045448041,-47.39149565340769,-15.71557327710029,-47.39147732029802,2025-07,2025,8ccVBiwOfmVjnXd389nUJg,262.1449774726301,© Google,OK,18_7,243707.35812285217,8261076.836002666,49aeebad4beacc369992699115969303f909daa6,cardinal,4,0,0_deg_north,cardinal,0,0,90,640,640,1,batch_0001,573,144
8f904350c4254322e02f6c432bae7adab5a1637b,cab18571fcfd56450a22d08725200bf40d2bb608,-15.52046757353983,-47.750283454276165,-15.52050063504435,-47.75030307911893,2025-07,2025,syD4Q9GXa6mC14SVEZ4PhA,59.98170174116774,© Google,OK,11_11,204953.55435780546,8282210.759206632,815f9f0f791f861dada545999882ef4abd57774b,cardinal,4,0,0_deg_north,cardinal,0,0,90,640,640,1,batch_0001,577,145
926db61149ea0ff5999d806c6820448f0acdf81c,8d9ef168b0f3e2cac016d99edcc168569f3f55cb,-15.884681000521864,-47.81984219993886,-15.88466220141713,-47.81981742798485,2025-01,2025,DGJ7VUBpIuRe0MjMfEduQw,261.1864383130463,© Google,OK,9_3,198023.86275610942,8241785.444437819,9ff5dda38c3f15276e346ddf673ad09160f57162,cardinal,4,0,0_deg_north,cardinal,0,0,90,640,640,1,batch_0001,581,146
93ef01717ab871b242763342ac7cddfbaf5abf45,021640e973ebfbd1d79da08106ebeb7e301e2c62,-15.9352359507838,-47.941247499456594,-15.93521013507425,-47.94121677427768,2024-12,2024,Vxm7_tEVgQmVnfPTLpLu1Q,64.55928732280769,© Google,OK,7_2,185091.8746555792,8236007.888373204,014bda7117a264eb9751533f4576082d289e8c8b,cardinal,4,0,0_deg_north,cardinal,0,0,90,640,640,1,batch_0001,585,147
94ac84de5bbb2e5d15529380be2431e2a0153369,182cd5f34c6bc4bfd98a03b4ebf47888ee602b17,-15.728640514862743,-47.607619451202865,-15.72864813933912,-47.60760263265391,2025-07,2025,1SHBC-cg11Bu9NdF1azECA,87.09522569719684,© Google,OK,14_7,220550.41055029098,8259355.826521171,2437e049b70b4d1fa5938766026f2b010f032b68,cardinal,4,0,0_deg_north,cardinal,0,0,90,640,640,1,batch_0001,589,148
95aae84acdc2ad756c7f7e7758e4809fc3f789e8,16468933e38636e85c57de8887fb86dc833787ec,-15.617280550003962,-47.68893699998991,-15.61725119926551,-47.68890994032344,2025-07,2025,puriXt6UGLUrZv1jsdiikQ,27.725653957639636,© Google,OK,12_9,211674.04487932712,8271575.807899976,5040add3e28acf66ecf472133d5fc9e662bf61d6,cardinal,4,0,0_deg_north,cardinal,0,0,90,640,640,1,batch_0001,593,149
979a971e7054a55780f1c6293ab156ec4379d4a3,bd730674ab6ff155cd436441f45c859daa5222be,-15.858622300076265,-48.086904149943976,-15.85861918459221,-48.08691018139488,2025-03,2025,MNSOxxz7an5rqreIiuwD_A,63.032300381965086,© Google,OK,4_4,169359.03038736546,8244267.286938276,832b27e02d615e39d256c511372e53fd4a76094b,cardinal,4,0,0_deg_north,cardinal,0,0,90,640,640,1,batch_0001,597,150
97b8d5df9de1d4c180c4680b0db93ab93a55a209,5386c33d1381434934fa0b6bc605bd82091e2967,-16.0111131001215,-48.052865350251714,-16.0111876157812,-48.05287615373152,2025-05,2025,djcuINhfv5_jklI8Xf7RRA,124.54677586978744,© Google,OK,4_0,173255.21283850085,8227432.694011487,71bd514238a9c3e39f752a4be244b71a3c6b140b,cardinal,4,0,0_deg_north,cardinal,0,0,90,640,640,1,batch_0001,601,151
997c50a1f0eed75427963b90384fe0e347f8b857,810733700b1bc36c97d8a7be6cd41ff8e672a55d,-16.027481200002217,-47.986960599994575,-16.0276080414884,-47.98679425927418,2024-08,2024,CaHt7UbFxwMXWVuFPya59g,28.365477180196017,© Google,OK,6_0,180340.54484099438,8225722.764977837,b05fcefc21e8af96a6a782900c11503a835626ee,cardinal,4,0,0_deg_north,cardinal,0,0,90,640,640,1,batch_0001,605,152
9c25874520defc740178df74c19cdf4c0770150d,a008b3020b6f96d1184dd51d012b145a6020e1a0,-15.946806223247405,-47.505885316771064,-15.94676930021632,-47.50585684090002,2024-09,2024,wC8D_UZezb9rYka4e64Sdg,270.71004659425853,© Google,OK,16_2,231747.46605198388,8235336.174405371,9255fe9564ef71b37b193f4ac3fcb7e0783c6c7e,cardinal,4,0,0_deg_north,cardinal,0,0,90,640,640,1,batch_0001,609,153
9c911177ccd570621499303df14bf7def7f5de29,865df90beeaeff20163cc1424a31c767f2dea540,-16.0396160552862,-48.25590486191763,-16.03958093117794,-48.25588206819275,2025-05,2025,x0ETCQ3qWfczOaBycbH5Mg,10.328247369297943,© Google,OK,0_0,151554.34507153791,8223944.8723999625,5f6cfabd145dd7d5fcb1e23ac18c5ac8a245eda4,cardinal,4,0,0_deg_north,cardinal,0,0,90,640,640,1,batch_0001,613,154
9cccd420626f532c560bcd7ca598463fefe0207f,071e2185e5713a2768b072cd0a13e7b21f5a5387,-16.01894539837614,-47.54804819690472,-16.01895748650549,-47.54810767347369,2024-10,2024,6RAuV9ALFDlhBYXe5VqsnA,341.03176726864467,© Google,OK,15_0,227329.3093713184,8227295.051863122,5feaf0ac6578f57fa56a5680a7c572bb8419c311,cardinal,4,0,0_deg_north,cardinal,0,0,90,640,640,1,batch_0001,617,155
9e03f74623320d818d81c34f3acf4825da321a9a,527302088a137eea11aa6e0bda00c558a8995b45,-15.863066600846954,-48.075176782322266,-15.86307497856842,-48.07521212816508,2025-06,2025,IJKuABZVhaQgkvgDpOCRjA,244.19484030734048,© Google,OK,4_4,170623.421508795,8243793.574270011,8ac0762fd7bb931ff135e857691c2e3864db1fa9,cardinal,4,0,0_deg_north,cardinal,0,0,90,640,640,1,batch_0001,621,156
9e3af5e0858060aef08f8493c426d1d816abf9b4,5e75b4e6c3befc467e93c80590e126351036ba5f,-15.733083958430845,-47.78768278156075,-15.73310235865659,-47.78766146469011,2025-07,2025,Z75MQYXhT0wdV6gQ6j_BpA,339.58842978217626,© Google,OK,10_7,201247.47819780058,8258617.19181532,cdfc5695c700faafd269adef9ae40888dc9ccb91,cardinal,4,0,0_deg_north,cardinal,0,0,90,640,640,1,batch_0001,625,157
9e8e47177567c0bc867100321b47ce810d50f686,4c24c6516c45c7dc8d2267c283adf8492e09c073,-15.765984249999168,-47.912500149995886,-15.76595168237116,-47.91251264574312,2024-05,2024,Z4RJ3S1nstNsHQqbSBLRqw,174.8636448543528,© Google,OK,7_6,187911.57936587674,8254793.281345685,1da2b21d0a4c695f2177a98b38309eb8ec0cdb09,cardinal,4,0,0_deg_north,cardinal,0,0,90,640,640,1,batch_0001,629,158
9ffb5df5f86e81ccf1e61976e23ca0729859e3a7,677b10e9c72d0cb9d8e3f61a650e012184bd3b92,-15.729022655642591,-47.65421927781256,-15.72903954738061,-47.65421064447137,2025-07,2025,HVytV8IcOHD1uxt1IBZ1cA,98.5042631740845,© Google,OK,13_7,215553.95696851713,8259251.273411558,689fc9ef24569faeeac0c7510b8fd5f5a2c907d9,cardinal,4,0,0_deg_north,cardinal,0,0,90,640,640,1,batch_0001,633,159
a02976b6f8b6fe9aa8363b35bd5a79d8ad424d6c,c6d18ec600126c56e06c80429138c0e750cc1dd7,-15.838324423916522,-48.05710433214976,-15.83831260193172,-48.05706805033108,2024-08,2024,g6vvBjd9HhgJVi7wEonSXg,230.83785745464127,© Google,OK,4_4,172520.73569649804,8246562.08324939,8488c36c1e77777489be13fc8210ef4474de52c9,cardinal,4,0,0_deg_north,cardinal,0,0,90,640,640,1,batch_0001,637,160
a0f20616a429b66a2b2c0d577a3a9fb5ba6c4708,d10b4b0924205769303eaef893d6c8e9d5f7cdb0,-16.049655200016094,-47.43226734996196,-16.04974963975996,-47.43231282529427,2024-10,2024,grO6o-jC0vSax0m19CcMig,31.28918663717241,© Google,OK,18_0,239765.59373264026,8224044.251719244,783876174d2e92792ea4a37e86dbe2937a9ab6e9,cardinal,4,0,0_deg_north,cardinal,0,0,90,640,640,1,batch_0001,641,161
a214b7e902d1829d3c8606cbd71c6cc9e15550b6,896bae3f00880b234f743e5439aa2255442abe58,-15.817132400067537,-48.07858994996714,-15.81714907549306,-48.07858293744296,2024-08,2024,BOn3bNV-yl7CNcIb6lYGaA,250.04639018901787,© Google,OK,4_5,170182.85895013707,8248875.397806661,2b17c06ec44b31b59884532ce4d7dc5f51883af6,cardinal,4,0,0_deg_north,cardinal,0,0,90,640,640,1,batch_0001,645,162
a3ac527fccbab2dae70e41b19ea8eead3d3be5b4,34c9bc782f0f71b4659ec2ea6eda4ec7a9b1703a,-15.992005450031076,-47.81290339995554,-15.99190429782917,-47.81279568248025,2025-01,2025,MQrhsZymJ4Ji7eKc6hVc-Q,46.44654933805124,© Google,OK,9_1,198927.79102410862,8229911.651903826,852fb663309aaf32b7340d1736a2bd83a58522fb,cardinal,4,0,0_deg_north,cardinal,0,0,90,640,640,1,batch_0001,649,163
a44fec3c053a2cc82f57c012c8feb23923ce3f26,92484f6c3c3eb26dd97775ccf594ca69e67862ea,-15.731043901637781,-48.163318550350375,-15.73107024893086,-48.1633067071654,2026-02,2026,zPnlxQkjF183c-3TeP1S3w,269.631249628323,© Google,OK,2_7,160954.6101801727,8258275.271219831,bbf2acd685e918cf62df27e5169b6e4159cb840a,cardinal,4,0,0_deg_north,cardinal,0,0,90,640,640,1,batch_0001,653,164
a6d144124a38fd3f5e22aa973a591d310c61e911,1bc7d50ff796a67ec99dc4d344b0adb4082910f8,-15.833853400148799,-48.143041000179394,-15.83384596020773,-48.14305517871821,2024-07,2024,fO35UAOw4foPnDAFfsrQKQ,111.77873149467753,© Google,OK,2_4,163299.9077334265,8246921.084468771,3ee7f38c336bae560f9a7c4d50a83f194e96cf31,cardinal,4,0,0_deg_north,cardinal,0,0,90,640,640,1,batch_0001,657,165
a82f975ee8d4e7ac1d8d8eaa6cdfbe87589e2de9,c0796746f7911201e93271fc2c596d1e0b4c06b9,-15.886970836954163,-47.6143935880825,-15.886929264999,-47.61423597511192,2024-09,2024,sR2CJme65utXJ6SzYDEBkA,63.40892827207426,© Google,OK,14_3,220042.057236859,8241817.899006997,2adda3ebc830db72f180a7fc682c5a717a6ecc34,cardinal,4,0,0_deg_north,cardinal,0,0,90,640,640,1,batch_0001,661,166
a9acfdedf0af99b95b9f3e5941b0c213b0c14ddf,cc675fe7028120c0a4b87818a092f16bdec944cd,-16.044822289575734,-48.11283092952739,-16.04480163761335,-48.112826433491,2025-05,2025,uKUGTgXk_aVhhPOOPo1_lQ,58.80515325714261,© Google,OK,3_0,166887.88186945935,8223603.839146864,51143dd79b8ce17833692dcc1623b3eded64b4f9,cardinal,4,0,0_deg_north,cardinal,0,0,90,640,640,1,batch_0001,665,167
ab9d721cf4bf443face9afe520413df9fcea8db4,1404df520b39d53ca55963788d83abde5cf1fb27,-15.67386200001802,-47.64792720019029,-15.67386737765267,-47.64794322456858,2024-08,2024,jVZUe4B46euTkkXoW1RzYw,155.08317766905552,© Google,OK,13_8,216152.2409666248,8265366.741803933,a4bfbee05b3175e7f36c802270348e735c1226b7,cardinal,4,0,0_deg_north,cardinal,0,0,90,640,640,1,batch_0001,669,168
ada44ec036c8cee46dc28beb9a38a4c7f57e2a5d,323308a36690c9937780ad34cd10571558e6d5cb,-15.914951122472832,-48.16365282150765,-15.91492797872578,-48.16365283566839,2025-07,2025,ugsAx-9JxXINe9KjFiZVHA,210.7398314989422,© Google,OK,2_3,161225.73726974864,8237905.672421947,657d9481ef8ca6d88920b05f57f9fa840e1682b5,cardinal,4,0,0_deg_north,cardinal,0,0,90,640,640,1,batch_0001,673,169
af74c466545bc5458c1d0186dcc8ff5c1bb619b3,75611fa5ec5c72b740f35d2acc84481dac42bd47,-15.896359750041613,-47.779072200087626,-15.89636130397477,-47.77909166079132,2025-01,2025,S0iq2I2AanhWOUSbloCCIw,305.82391652522625,© Google,OK,10_3,202410.05161489386,8240550.792007679,a3aca5c6b2f7bfb60efa70f548282c40729bee75,cardinal,4,0,0_deg_north,cardinal,0,0,90,640,640,1,batch_0001,677,170
b085fcd9c7164bc73a5c6f8194bb4c44e0b9619e,6458947b5e83ba05486adaa7ac28d6254dab857b,-15.833363949347442,-47.809284950279704,-15.83336951070692,-47.80927110974319,2024-12,2024,-1z4H5RqYnkFdAfZ04fyfA,45.44575956157553,© Google,OK,10_4,199079.01635317344,8247482.847828864,7c535c42e1df85e4e886491895fe45150bab6bc6,cardinal,4,0,0_deg_north,cardinal,0,0,90,640,640,1,batch_0001,681,171
b0d351d4e1329bb15accc88adcd89fd59ac57622,12301c46c487d8bbbc1944830df3020801608fb7,-15.643023007064427,-47.886455688811374,-15.64304526884393,-47.88643194461977,2026-01,2026,WX0m8CxO4vNfQKAZr5b9wQ,215.89803381852408,© Google,OK,8_9,190518.5784867197,8268447.474399859,69894733e77b1150e6e82bd4637b809714d83472,cardinal,4,0,0_deg_north,cardinal,0,0,90,640,640,1,batch_0001,685,172
b0d9a7e4d6c240d66e403d5949de0cc4c8b3e971,0889d09d1ad539f51529702b8d8304e46884459c,-15.885278500016085,-48.113906750217886,-15.88531782473129,-48.11390287007417,2025-06,2025,kr7kVO47T9ByqSBfyCncKA,154.28478239945923,© Google,OK,3_3,166508.25373374985,8241272.183676983,20e32a12f7efd1541304947ef026ad99e6c7dc68,cardinal,4,0,0_deg_north,cardinal,0,0,90,640,640,1,batch_0001,689,173
b0f7d7013e8c6ecb4aed76764b31a570e26198e6,eb08e9cebdb51f0f6557a4bd2a81b1b8fd653218,-15.880149853257441,-48.06691100488125,-15.88014903976356,-48.06692006811312,2025-07,2025,czzZ6kuK4CbT7dGojbzetw,253.1226061722095,© Google,OK,4_3,171537.20239401,8241914.617054445,bc8b0a631bbd3bccaa1495d0a871f807d19814ed,cardinal,4,0,0_deg_north,cardinal,0,0,90,640,640,1,batch_0001,693,174
b13c30cdcc4a7bd091f6324365007e6c1e59ae81,b9da235c9aef073a8439c1a00ac9652486cc9fd4,-15.965826479614265,-47.656987495353,-15.96586267119447,-47.6569689480126,2025-05,2025,951qaUm4xym0qI9Bo608yQ,314.8935751235034,© Google,OK,13_2,215589.35940874583,8233029.8496238785,65baf79bdd947fa13135fb8e10c2366a2d0a68fc,cardinal,4,0,0_deg_north,cardinal,0,0,90,640,640,1,batch_0001,697,175
b177b4d6d0e1ee4fc175d409c47dea9b9ea5538f,0542195872d4f8e12691b83b1181bd3bdfa9ea9f,-15.579644653868701,-47.40247149991527,-15.57962708083103,-47.40252018824627,2024-08,2024,qm9vCfrrTiBZfqn_J5S7sA,264.6003406734408,© Google,OK,18_10,242360.23456767746,8276109.736182025,46baeeb6fc644959be7159c78cfc1496f861993e,cardinal,4,0,0_deg_north,cardinal,0,0,90,640,640,1,batch_0001,701,176
b1de6485f385d4a8b36df6057429158a9ee441a4,b7f73c842ae0da2d2dd98d8d4e8d9ad725c90234,-15.662162050000719,-47.48608859999182,-15.6621179881143,-47.48608518015254,2025-07,2025,KE6UrQkJpZexXQu0521J9w,356.45042095406984,© Google,OK,16_8,233495.20860469475,8266872.179597751,68cfeebfc1d5db21a2b42a8336eb96735e2f90eb,cardinal,4,0,0_deg_north,cardinal,0,0,90,640,640,1,batch_0001,705,177
b238290a93ea3c1d52816f2107a39dd5f1af76b8,1ad543ea51997eb866a5fcf243e659de48df48fd,-15.741039963350154,-47.43005251913866,-15.74104991967794,-47.43011776983032,2025-07,2025,SMdnmyiyLAjQTXpSfaqugg,175.21362426902408,© Google,OK,18_7,239605.60453114787,8258210.289478983,6a6f691dd9de87e4604cddf659b61976ce9d1b2b,cardinal,4,0,0_deg_north,cardinal,0,0,90,640,640,1,batch_0001,709,178
b3bd95a09ea40457a59a0690472c1c4e7e521f4d,ef8f18c3a865c31900408b51430669f2d80dbbaf,-16.01387790833974,-48.00568217046084,-16.01390292676159,-48.00566981585862,2025-01,2025,W7Oq58mtOfLoo3exaSqbxg,135.48995222761997,© Google,OK,5_0,178313.5986669273,8227200.278342107,e3b256c4135c9977260afbb2e961c9247719b875,cardinal,4,0,0_deg_north,cardinal,0,0,90,640,640,1,batch_0001,713,179
b3c32140d54be78e2006ac8f5281c8360cea00f9,33fe3b5d9910d9b3254b357eba65254559bc0418,-15.872241556056968,-48.24750040287504,-15.87226044599329,-48.24751606680407,2025-05,2025,mmkpcGUIBrQhkuhESrC0qQ,322.9236877399055,© Google,OK,0_3,152165.43110941834,8242498.403034633,b932486cdbd423a3152ca12d0bca373bd2d5a2bb,cardinal,4,0,0_deg_north,cardinal,0,0,90,640,640,1,batch_0001,717,180
b5542f5a4d3f470ec9743a8627d2d53017d5f26a,68f8f439416a9e74e44c6152c1c7ecff013d65e2,-15.831325219490113,-48.053610148795954,-15.83130383528644,-48.05364085144594,2024-08,2024,ZdzhiVPgwWehiwfRJK3zaQ,160.82450733624896,© Google,OK,4_4,172884.05579071803,8247342.68456866,733a2a5c17e8b99f5c4e20c567e0b6e0aa50bc26,cardinal,4,0,0_deg_north,cardinal,0,0,90,640,640,1,batch_0001,721,181
b804a81771c5edb4d96eedc0d4ed67f3ca6166ef,7eacefa3077201f4e183035c1036a8d3fc683f24,-15.824548374798187,-47.46166464825578,-15.82471694639762,-47.46178804157748,2025-07,2025,Gw1QAJvMKtFbHY8J0uBJ0A,355.4329111046979,© Google,OK,17_5,236324.49668736747,8248926.648161675,f2e648920af321d827e08b40f331eccf54a91d53,cardinal,4,0,0_deg_north,cardinal,0,0,90,640,640,1,batch_0001,725,182
b91691fd321a4a8072f5ab1a3b073d0ab309c148,1c255aaa73737bf45131e454cd9dab7a816e4eb1,-15.62015190000368,-48.19884504998032,-15.62013440889461,-48.19885809867542,2024-11,2024,Eu_fYLswupzFeEzA-u7AmQ,7.332242758268678,© Google,OK,1_9,156958.01563142566,8270500.183547983,a2f9458b36388b912b047cbc9cc0a8f242442552,cardinal,4,0,0_deg_north,cardinal,0,0,90,640,640,1,batch_0001,729,183
b9d701c3ca7497cda5d14d0d5b57a8259e967a78,87dc314aaa954b0eb195c1722ef659927528452f,-16.014276600906076,-47.38119599847815,-16.01427754945358,-47.38122642433756,2024-10,2024,1xYgWCLJxYbQhU1uRdxukQ,42.67430470826343,© Google,OK,19_1,245187.58288487996,8228024.058990395,66f98836b5f95a978dda19fa04fa3cadc89307bb,cardinal,4,0,0_deg_north,cardinal,0,0,90,640,640,1,batch_0001,733,184
ba22d71787f0112ab7ec1deb5aaf0ff2366d05aa,de785e2fc07b79f704a15cd0877b07785346d65a,-15.64389120017315,-47.79272840011624,-15.64388376914623,-47.79268832050568,2024-07,2024,aNDZ0Zn8jrdR5Pblj23W4w,281.7192578975963,© Google,OK,10_9,200576.10725733876,8268485.84433973,a654be4a80f6611f6ea920724d3b8d8b94a17229,cardinal,4,0,0_deg_north,cardinal,0,0,90,640,640,1,batch_0001,737,185
bc87e74c9f6b47a80e6caf7a46ee2bc98d724cbb,97236050101e437989aefac2e6146867efdeee8d,-15.639835051136933,-47.50452645326424,-15.63980742678264,-47.50452387403958,2025-07,2025,_yVmvZQwzUtAa1JBMxfQlQ,314.1877355171729,© Google,OK,16_9,231488.4547104615,8269320.553164025,dcb1ec2fd08879c261d585dbdbaa20243d11f679,cardinal,4,0,0_deg_north,cardinal,0,0,90,640,640,1,batch_0001,741,186
bf4429f30ff3e97d49443233ab8d7c70f54d38da,59510c58c88a2cb078859b3321915697508832b8,-15.912016987144472,-47.60925856321127,-15.91204714023103,-47.60926794344255,2024-09,2024,QjpiE00qZs_jmugu51JLiw,117.14251915755605,© Google,OK,14_3,220626.87693645363,8239051.870098688,35f89afb6b7ab5f2c35c786df2bd85702a01d505,cardinal,4,0,0_deg_north,cardinal,0,0,90,640,640,1,batch_0001,745,187
c383d061afda8592daedde2441ea633124760641,c3d53cd00c16ecf6425cfc262320f884c2954527,-15.65950330376424,-47.79950275830117,-15.65948786544286,-47.79949804803673,2024-07,2024,yU_MTAQGANQMOdiwS7Q3hg,333.8892435465181,© Google,OK,10_8,199872.09930239472,8266747.6289770035,2d662decf4a9edf4fe909a88fc7eb36ef02f5e2c,cardinal,4,0,0_deg_north,cardinal,0,0,90,640,640,1,batch_0001,749,188
c445cb121982b9d6618602d7b5bd72474314722f,3237430eb77f3af6bbc2d40e90459ec5beb9b51c,-15.824492347587789,-48.13259992214595,-15.82449628067483,-48.13264463447396,2026-02,2026,7RGUESJxub67udQq365DBw,48.94785818777705,© Google,OK,3_5,164403.89382178697,8247974.607794589,cfdcefb17f2c9b8705a727cdc3d78c40d1b96f28,cardinal,4,0,0_deg_north,cardinal,0,0,90,640,640,1,batch_0001,753,189
c5bbc1fd037520ac06ea20694ff5bda53bf32312,b8ebf5cfe89c5002eeae35f63ec3d7e40fc42ad3,-15.809846750000494,-48.085044600034436,-15.80984146650087,-48.08505118441015,2025-02,2025,XWFBrg2KqCmGO2UJ1i87IQ,340.17833786433306,© Google,OK,4_5,169478.93231679872,8249672.127854957,2e3a896b8b161b8c2b94e46b14db683627a56ba2,cardinal,4,0,0_deg_north,cardinal,0,0,90,640,640,1,batch_0001,757,190
c60f777b47678e7d81580be60aaa6b112273bbb2,accfffa76c8c3c310e9d941a8ac1d92274ef4406,-15.679992603797293,-47.83265604825761,-15.67999150545986,-47.83263371863042,2025-07,2025,Qg2-tKGTHmVFjSPGFaJxsw,251.31258360328889,© Google,OK,9_8,196345.6578336833,8264431.677725455,8a55e0dffe0b0eb0a458859ba21ba4178f957ac1,cardinal,4,0,0_deg_north,cardinal,0,0,90,640,640,1,batch_0001,761,191
c643fa3aa14851a37c5f5aa0faa9333672708f0f,d5fcd73ccaff7d3232ecacc7b08ad67ef76785b7,-15.858847073442126,-47.48735954482082,-15.85879515658794,-47.48736107903913,2024-09,2024,gTSpsglMts2e-b0Kvy5P9g,306.9558391562902,© Google,OK,16_4,233615.79812406027,8245097.256708605,f02eff416d85901f49900d2c9257d438a619cc9c,cardinal,4,0,0_deg_north,cardinal,0,0,90,640,640,1,batch_0001,765,192
c65bdbb1764efe1685d88936e7e74c67d32e8f19,58b52f71f97196901be33726f7ea25000bcba317,-15.8434671500012,-47.883196850031254,-15.84345129992287,-47.8832042815604,2024-12,2024,CoKv91rhljpIb2SwDpS9cg,339.37211490475596,© Google,OK,8_4,191171.54885346873,8246256.617699029,d2577c9a4bbfe9a74d09cb23f3aaf3a163dd1436,cardinal,4,0,0_deg_north,cardinal,0,0,90,640,640,1,batch_0001,769,193
c72707bdeefd2d571c3e5341d947b7b1c7055fdc,3e04842631e20333e558babc3040cd109e18074e,-15.837421080260484,-48.138070464626786,-15.83740347489172,-48.13805757649735,2026-01,2026,i43vQYDEUzg0aXMVbh92lg,53.40395905321726,© Google,OK,2_4,163838.7476702538,8246533.924396098,51fded626cfe75a85d6fc8f0ef111f6de7450508,cardinal,4,0,0_deg_north,cardinal,0,0,90,640,640,1,batch_0001,773,194
c74d939fc6a234c143f1ae9831df9873364411a6,ef573f378a453eaed96d6529f3e3e350033c1c4d,-15.858243542844388,-47.38736185533181,-15.85826314553944,-47.38731229483384,2024-09,2024,ZSjKz-TwC_Ylw2tCiYkEoA,7.336979900052567,© Google,OK,19_4,244329.72795974425,8245288.697680437,e8d7d0dfee66f6fbcc8867c0ca491f05518270f9,cardinal,4,0,0_deg_north,cardinal,0,0,90,640,640,1,batch_0001,777,195
ca422277f38b3e58cff1bfcaffaba6115d669d02,80af156406d8b42a222d293e395ba1537d608b7d,-15.743667650265442,-48.16953994972095,-15.74370033582119,-48.16953273280268,2026-02,2026,CcxLq0HHdBnFZhCn4xiuGg,54.289901705099034,© Google,OK,2_6,160308.2148781961,8256867.089857775,45faa93e7c54557656ca9675c45e6c7f43e0f7f2,cardinal,4,0,0_deg_north,cardinal,0,0,90,640,640,1,batch_0001,781,196
ca8811d5ab9d50a33fdeb11acf3ccb9359b7bce7,d8704782d4ae0a3ce3d2fbd3b6928547a5fbce89,-15.74255900001103,-47.51316675004051,-15.74259737507547,-47.51321906394779,2025-07,2025,KNzpR3m86wG7Qh_LX-WA9A,319.74493226842867,© Google,OK,16_7,230696.60420213235,8257937.777400667,4137107a1a60896f49f1c20e7c848538b9492b97,cardinal,4,0,0_deg_north,cardinal,0,0,90,640,640,1,batch_0001,785,197
cc29553a633b46b79d692f506aee319095d98c8a,9c7d82445910e42c0db1703a5f326bffe72ec436,-16.017663212112264,-47.981365106751646,-16.0176345234872,-47.98133800383267,2025-02,2025,KFWUFP5Q1itnyPNy--N9Fw,174.45982565037664,© Google,OK,6_0,180924.19676128955,8226818.659748237,65f196e095b514a2b898e634607a766ec1e2b8f9,cardinal,4,0,0_deg_north,cardinal,0,0,90,640,640,1,batch_0001,789,198
cda2e271f94b3569c6ee517df1772b500a9ed483,37e626cec3181a5d31c45213680bcbceafa1c890,-16.028630806574313,-48.097518598206214,-16.02864994630817,-48.09750321153033,2025-05,2025,o1XtSU6TnmdUkItlEVSZXw,256.24155793562767,© Google,OK,3_0,168501.05166343763,8225421.681486753,d78eae62e3cd070419da5f859ccab2992153d0b9,cardinal,4,0,0_deg_north,cardinal,0,0,90,640,640,1,batch_0001,793,199
ce37588e81718944fb3ab2bd567fd67743508622,8ee4422c1543d3448613f1bafceb7ccfad007033,-15.979354910079001,-47.51964331283972,-15.97933743658793,-47.51963184851649,2024-09,2024,5lhO9brtxebpe-7Ft9fGxw,50.50652107005784,© Google,OK,16_1,230317.4844566655,8231715.088791223,bec39726e5c1eede65a9aa34157253ff7672d79e,cardinal,4,0,0_deg_north,cardinal,0,0,90,640,640,1,batch_0001,797,200
cf5451836da9a05a9d92a5c0356f18b31df26e2a,5bb7065b0ea3a8ebe6af4a5a525add16a86aad15,-15.9650647386298,-47.49961004116553,-15.96507412948719,-47.49956338518611,2024-09,2024,Y34XlRrK22th5eOLDqeLoA,292.29796930806725,© Google,OK,16_2,232443.84959891514,8233322.955534893,a2540e3babe3903b019961c5d6d49b04986a5e42,cardinal,4,0,0_deg_north,cardinal,0,0,90,640,640,1,batch_0001,801,201
d052ff71979af015ced2ea84cccf7bd4aaeb8e09,0831af0db67ddaedab9b6798416a46850f44e896,-15.999474350021208,-47.99524765014194,-15.99945788857949,-47.9952633189644,2025-01,2025,j2U9QEn7LP3DuW82uQeBRQ,147.95255842244856,© Google,OK,6_1,179408.21964529486,8228811.541949805,28d5642ff6cde323096ef7dcca4a1078cbcae06e,cardinal,4,0,0_deg_north,cardinal,0,0,90,640,640,1,batch_0001,805,202
d0d657ba858f3b289d58a77dfc4dee886402a67b,30bf6be5e834543210fcd3c864d5ca05a22d1199,-15.660444350126745,-48.200685850048906,-15.66046356997867,-48.20067502880507,2024-08,2024,r5sbDskqz_5MbLyOxVh72A,274.00499831676836,© Google,OK,1_8,156827.71482065867,8266034.441493972,d6742949586187672b59f9a990d78cbea739d39c,cardinal,4,0,0_deg_north,cardinal,0,0,90,640,640,1,batch_0001,809,203
d0de03fe7fa42aa98d2d89aa1c9eef26817df4f0,3c25145488766066aecfe60cff491841b3561f7a,-15.869652360033182,-47.79755674288547,-15.86965801302899,-47.79752497538404,2024-12,2024,HUDYg5my68qS7yiva8qaeA,54.927357865599255,© Google,OK,10_4,200389.79078194575,8243481.576219955,a236a247554b7a4f1697be95f909033faa8e5b4b,cardinal,4,0,0_deg_north,cardinal,0,0,90,640,640,1,batch_0001,813,204
d10bdb74a6d950be221971abb788e251b80ea0a9,bd9c1d505525738929047b4a741bd0e1ce13a869,-15.86460411232933,-48.08700971198709,-15.86459458537724,-48.0870031594257,2025-06,2025,WNl4rDV6mn0f9FFOnaQzRw,244.61816409674023,© Google,OK,4_4,169357.47946361193,8243604.630767972,45841591d27a8941c9270b821653c6683f81fe39,cardinal,4,0,0_deg_north,cardinal,0,0,90,640,640,1,batch_0001,817,205
d130dd175a85caddfd057d83f7b01d07c96072d2,e633d22b1463020ed4a2e0a0b1dcabe162378b9d,-15.56298745001495,-47.49648749996268,-15.56301132043776,-47.49649870776777,2025-07,2025,4sMIQc3NCUgS2lxkFIpjpQ,208.93901282965643,© Google,OK,16_11,232251.0315368059,8277837.799735241,8360cf67d1b0820d0f8560c5d81a3fa665526b68,cardinal,4,0,0_deg_north,cardinal,0,0,90,640,640,1,batch_0001,821,206
d341111ba5d171d12c7bbc6b1030ab323dc7cce5,87c811955f679e21986a74c0b57fa5fc07aab14b,-15.945948382362015,-47.840257920829416,-15.9459332697371,-47.84021587356619,2025-05,2025,8AB13F3MHSax1gv_X7N-hA,251.80211926437082,© Google,OK,9_2,195928.3169440252,8234971.711351846,f2d508536de0c42a35c697e25cab54197a6973bb,cardinal,4,0,0_deg_north,cardinal,0,0,90,640,640,1,batch_0001,825,207
d5ea140c55d33fa36f44b387e2b5c403f64c1307,5d5928bb39737f2a52393738560529b3d411c731,-16.0454174971449,-47.92939056342923,-16.04541138933714,-47.92942923157819,2025-02,2025,L_NftJZWdwjbcaI6qG5WEQ,320.1537434753077,© Google,OK,7_0,186534.29918106133,8223824.50191193,da230d2eb1de272d0f4bb330ee3aed4f08a1bb37,cardinal,4,0,0_deg_north,cardinal,0,0,90,640,640,1,batch_0001,829,208
d6f20db218c8bbe70ff5101f0f251b1667d704ff,05313bef25c40e32c6dc6800326c4825af99c2ad,-15.765503100000503,-47.78741794999422,-15.76554275535564,-47.78749905852491,2024-06,2024,dtwqz4aMEIOalM4Jg3ilCg,358.6433590071999,© Google,OK,10_6,201323.31732341007,8255027.979581621,b9b78b1ded199dfac97c6a2535de7cb942c775db,cardinal,4,0,0_deg_north,cardinal,0,0,90,640,640,1,batch_0001,833,209
d786b661120123159f84f681395dc0d81295127f,8f89ff269b76b9ccadd6e7794d93fbac77fb740c,-15.520037479478344,-47.531030260376895,-15.52005956181231,-47.53099950484371,2025-07,2025,CsMKiIoDqntkf7FVCf77eA,41.00991220415827,© Google,OK,15_12,228487.933487113,8282548.823784894,be47ef6005b16978f6d871ef802f4717d3cc643f,cardinal,4,0,0_deg_north,cardinal,0,0,90,640,640,1,batch_0001,837,210
d895ce0b8ed69ce901b0db162be8b3aaae1309d2,c8349feda4721248498e6a60b7f573692cf866d7,-15.797497929920274,-48.15506418791528,-15.7975034371433,-48.15509694470803,2026-01,2026,cL8_1b4xCyvxIb582ZhlUw,252.25675133050572,© Google,OK,2_5,161950.30935347406,8250928.335185375,5cd8291ec629c2f0961f43185d249adcff1f8aed,cardinal,4,0,0_deg_north,cardinal,0,0,90,640,640,1,batch_0001,841,211
d8f9bbcbb218acecd0e5bf3f38188beff59fd358,88fee685b116f65809bc86233e52483d114996a7,-15.840615450147828,-48.036607950352106,-15.84063407935695,-48.03659519480668,2024-10,2024,jJfehU92QSGrv-8YgplC4Q,307.8112560474414,© Google,OK,5_4,174721.7653035237,8246340.283110697,42bf933d11afd80ab1816b0e9d109a0517708236,cardinal,4,0,0_deg_north,cardinal,0,0,90,640,640,1,batch_0001,845,212
d93165ea2222f8908e3b3527f9a0dd9e4c0dfb39,a07fdeb37303391307b35e4bcebf29c765507807,-15.587333435466975,-47.732569354302264,-15.58733818407866,-47.73256107061489,2025-07,2025,Pzzx4hRtxPZ7uiEBYOAtsw,151.44048102372554,© Google,OK,11_10,206949.89459875174,8274831.842421333,4b361a24d189d9fa4748b1e441c976a67bec0916,cardinal,4,0,0_deg_north,cardinal,0,0,90,640,640,1,batch_0001,849,213
d9b278529b23adc7c3e5193bfd52cc167b82f82d,5e4697beaf2082dc20e030fe8082983bbdc04354,-15.521653157314956,-47.59327475686326,-15.52166212043602,-47.59323068705024,2025-07,2025,6s-lzpwjqwsBq11xyKJDsw,254.91158549368816,© Google,OK,14_11,221809.03865406357,8282289.960267432,1f6b5d648cf18d816816b195eb4389e601b08413,cardinal,4,0,0_deg_north,cardinal,0,0,90,640,640,1,batch_0001,853,214
d9d6411c550cf4b741ae9e1e86f0090497035448,a27e92f9e4baa5838183ebee3af8991f3b3d512e,-15.746589350018464,-47.84169515004478,-15.74661295869406,-47.84165653729134,2024-05,2024,bGEsHQ3MdnQE1yYWL2t1OA,308.916594858345,© Google,OK,9_6,195475.13674873742,8257044.534651572,57b931a6444d6e6defbc0adc5a83270fa717aa4e,cardinal,4,0,0_deg_north,cardinal,0,0,90,640,640,1,batch_0001,857,215
dcc4124c3c1cf8eadb23f1154ccd2a485aa6cafc,43c32b5c3f81d6b0ffcca054d2d91e39cb4f50e9,-15.924444800055722,-47.41092300012836,-15.92428730523912,-47.41090668556875,2024-09,2024,0LVr2KsemzfjcezMCnZM5Q,309.3691191054771,© Google,OK,18_3,241889.70443325696,8237931.503360923,70e6aad91da3bd29efa770ad62f741ebfd44fe11,cardinal,4,0,0_deg_north,cardinal,0,0,90,640,640,1,batch_0001,861,216
dd00b283a5669e20224066e0d50ae48bb9c808ef,942d199bd5735b21cba9375fc3566ad11497c4fb,-15.694450075533467,-47.47098707675725,-15.69442041194273,-47.47102559662583,2025-07,2025,PFjyytaR16WEQCAyfVWF8A,290.50597113976,© Google,OK,17_8,235156.616728345,8263316.834632171,9864896fe61ca202d55362c41561a037b2aa8021,cardinal,4,0,0_deg_north,cardinal,0,0,90,640,640,1,batch_0001,865,217
def187b0f3290d6d13e11e59b7d7f7663e0a892a,96ef72ed75a5830562199dd97a151c33437cb3f9,-15.69624713138535,-47.87625901025965,-15.69623931918862,-47.87620230441761,2024-09,2024,ZIoTA33xpw1kZxwp62S3Dw,240.7084609802966,© Google,OK,8_8,191692.61963374724,8262568.762320352,541dd3e64e3d306e61e604a555a4407ece3c9684,cardinal,4,0,0_deg_north,cardinal,0,0,90,640,640,1,batch_0001,869,218
dfdb9d4cc21ff61f61b62b495272a04d0e58ea16,28bd99e74e15bf8d4273ee9219e6bef037dfcecc,-15.744512087864592,-47.91042399225365,-15.74452815876812,-47.91043659718495,2024-05,2024,9UZRRmdn-xmzY5uhToeZXw,46.432812191237176,© Google,OK,7_6,188101.39026489493,8257174.067260078,e18c18c35374a5b6321ab0ff9bbafd93a7ee16af,cardinal,4,0,0_deg_north,cardinal,0,0,90,640,640,1,batch_0001,873,219
e045edcc1b4468130499d8d9d5718d4ba7d2b5d6,8aa1ffadcdf58e9fc9704b63529ea483bc78b119,-15.8725298867951,-48.077184591823496,-15.87249245061407,-48.07717979582905,2025-06,2025,vrsl5sUbe_hUtIwaycCT-Q,167.0192494411639,© Google,OK,4_4,170423.596835052,8242742.355683029,e34d4cdcbd3ff4070034ae7dec906ec8c7e4d55b,cardinal,4,0,0_deg_north,cardinal,0,0,90,640,640,1,batch_0001,877,220
e0772c3e811d9495b4e6c65982ccfee4ff60dca9,f55bab9cf37a16d84da17c799e829da65ee3e943,-15.846836745760978,-47.92020003760164,-15.84683774443521,-47.92019168480201,2024-05,2024,39eXVGJM4LdouhgetWTWlg,339.8567823425075,© Google,OK,7_4,187210.29283028265,8245828.592665277,41444ea3d4dfc15d0de77e238a731be5f7352998,cardinal,4,0,0_deg_north,cardinal,0,0,90,640,640,1,batch_0001,881,221
e19b49d2902d72462fea911927a49fce4ebd8518,201a8f9b2855348708a34db5b2bc8529a57ef89d,-16.038757600053046,-48.06191204988194,-16.03874061110855,-48.06188394686041,2025-05,2025,0enqx1_L_yF0YsNCANRbhg,211.19118696682742,© Google,OK,4_0,172331.3789212717,8224356.800650277,bf7f94f13bafacf0e35f0bb36e64953c55a9a27c,cardinal,4,0,0_deg_north,cardinal,0,0,90,640,640,1,batch_0001,885,222
e227a744f707088e9192f6159ac40d5ae4c5052f,eba38dee1a2ce5a143bb8cf382554b2afefec6e5,-16.02713060006692,-48.0686229501274,-16.0271524119432,-48.06858520525704,2025-05,2025,b9QBsUY_NPEFCtVEoXOfhQ,302.49214238688285,© Google,OK,4_0,171593.564399142,8225633.8593924325,37e33de7a75eb8329b598b233e0b844d3093de70,cardinal,4,0,0_deg_north,cardinal,0,0,90,640,640,1,batch_0001,889,223
e2925c8e50e6a56372a07dca7a71086a982988a7,3ae42129f42f425c0c2c59022d34bc48436be14a,-15.663196500045226,-48.20212415001833,-15.66318843428013,-48.20207560954335,2024-08,2024,7O0z8bonZaG-uKHgjn8XFA,274.489354879283,© Google,OK,1_8,156677.9684203703,8265727.283742534,fa74e34ea1f6965cee7741b80cc0de3a38b92b58,cardinal,4,0,0_deg_north,cardinal,0,0,90,640,640,1,batch_0001,893,224
e457f8e5e3cbfc980a133a9ea18b55a830e9474e,b7919675796dad402c8a28e89c4d955abfb3e5a2,-16.004170521370472,-48.05576878748037,-16.00417214715358,-48.05580470364692,2025-05,2025,4MxpWn3tvg5OnlV_cirV3w,271.49690213164666,© Google,OK,4_1,172932.89039833896,8228196.999792875,dab42bcc9156f2983df750b3d2fb927525af81b2,cardinal,4,0,0_deg_north,cardinal,0,0,90,640,640,1,batch_0001,897,225
e537b3c0edb13b45d8ef514a2fb75794e5d1d27f,81de9ba7a94b2473e0b7d964e5274603e3d997b2,-15.837724900013802,-48.13817170007905,-15.83771443392977,-48.13818656552335,2026-01,2026,bLNoCSJMTDAPh4Y92gP_bA,144.7558474789713,© Google,OK,2_4,163828.3971687656,8246500.112420609,d8859edd30bef51e7ec6df042f8191982902bd7f,cardinal,4,0,0_deg_north,cardinal,0,0,90,640,640,1,batch_0001,901,226
e5e50930d8501f2093790639c0a75563fe74f6bb,3eb89259a6eedd1c520ac4beca0d49a689e337dd,-15.612010965166316,-47.690244976186044,-15.61199791754792,-47.69026976519179,2024-07,2024,-j1e18Mi3_nlyTWYZ4XCxg,304.2184426544394,© Google,OK,12_9,211526.3270746528,8272157.458026452,5c0363deea528d8f2b03f12dccc919b733fb64e6,cardinal,4,0,0_deg_north,cardinal,0,0,90,640,640,1,batch_0001,905,227
e686900e1c82054f1da450b7242c653599b63cf7,6cd4f204d05708b12fbe4624a27ebb690796c608,-15.904780739382547,-47.951821726906864,-15.90476872521406,-47.95182727667343,2024-12,2024,OOn8ttU0lpoHvXoD2Va7ZQ,331.41431211989163,© Google,OK,6_3,183911.17481797267,8239364.4644422205,b7770cdb629556203ab59b10c7124b1f0077da30,cardinal,4,0,0_deg_north,cardinal,0,0,90,640,640,1,batch_0001,909,228
e69997a8d8e4a6ba3ed2249e40db54b0a8f837ee,1ab69a52f95b8d57846f89e5672210fc5e24fb2c,-15.935847300013286,-47.598306599995844,-15.93585042544296,-47.59829878386433,2024-09,2024,cQMMve2w1C-XnD0iwZmqgA,256.0604573499751,© Google,OK,14_2,221833.04057533463,8236428.221602334,40a3957592292cec57a1f265871dff5342c6afbc,cardinal,4,0,0_deg_north,cardinal,0,0,90,640,640,1,batch_0001,913,229
e8eab1bca6d406d41d963af77e6c41e9279e64f7,b3067bf345126b5032c6fc93b9ca8992b782a9a6,-15.905434050003336,-47.51610455006823,-15.90544232407287,-47.51609086589627,2024-09,2024,QJdB9wNc-qJNmPGsvEy4PA,161.20282835929007,© Google,OK,16_3,230597.6808540941,8239903.090106703,9b71f55e4baef7e93bc304606846b36ce12a534e,cardinal,4,0,0_deg_north,cardinal,0,0,90,640,640,1,batch_0001,917,230
e8ffc30247c640caca96f89cca871a04f180d70e,da8a84d1a40a3db2aff2559770cc6839040aa828,-15.849753250066675,-48.12179159992474,-15.84975853934727,-48.12180363140538,2026-01,2026,yxiFxO-thGXf8dPsHZu_5Q,52.531094112125665,© Google,OK,3_4,165604.4183717998,8245194.138473013,71798fcf8f28464deecab2c6ccb0ab50b928554d,cardinal,4,0,0_deg_north,cardinal,0,0,90,640,640,1,batch_0001,921,231
e928920649dd8eb7f2c610e37fc8a1dc70bd383c,98b7448f8fdbeba286ec102253c42f61e3ea0abd,-15.64217850083515,-47.79857390053294,-15.64218094550847,-47.79856564911065,2024-07,2024,OPwTu9EjO4EzBBO_npxbbQ,100.94144515790741,© Google,OK,10_9,199946.45050888733,8268667.223463573,026333d2d4d0794dc6f5bd57b424f435d39aebd8,cardinal,4,0,0_deg_north,cardinal,0,0,90,640,640,1,batch_0001,925,232
eacd2832246affd58b021a7b2fbf00922464004d,08f2cc60937c581466a193b45f89cae6fa71f267,-15.855027200081846,-47.97263995002736,-15.85500864115909,-47.97260292369371,2024-06,2024,j0qUDsPx9OgfULZuoKyYAg,93.19001894137297,© Google,OK,6_4,181601.90984069186,8244842.570884654,a4d208bbe9bf2a1c52bb14488217cf5387a17725,cardinal,4,0,0_deg_north,cardinal,0,0,90,640,640,1,batch_0001,929,233
eb312308d9565a211be618b24dfd8ebb9d81f768,ad5cdccfc39f66c7ee4295c9882d27fee946c4d8,-15.664942750212484,-47.75242470049447,-15.66492237011176,-47.75245731065063,2025-07,2025,1PjuH4LsfB8sI9t2ZNyqAg,308.2181939795842,© Google,OK,11_8,204930.4099571693,8266211.469643207,e2e478f31a8368cd66551457ffddf8ea7226059d,cardinal,4,0,0_deg_north,cardinal,0,0,90,640,640,1,batch_0001,933,234
eba85ae537b2648b736fb5bef6036f5a5bfc18b9,b51d46506cc913394230af37b0ec55afdba46a79,-15.866585501318292,-47.97516303006015,-15.86661310820825,-47.97513148046673,2024-06,2024,Awn7eA2p2cYrFveOhd8A8A,144.41658648563518,© Google,OK,6_4,181349.63730106282,8243558.756536252,27ac709fd4af2839b85fcb5d96a7ce7434809c1d,cardinal,4,0,0_deg_north,cardinal,0,0,90,640,640,1,batch_0001,937,235
ec56a0b6d7f9fa7f0d7c7f779ef78d0e2aa1556c,c3dbeaeb0f142997f1a4154631c9af630e324982,-15.883341050346752,-48.23997960237124,-15.88335471735039,-48.23999544858737,2025-05,2025,0Fb2DFF3Qm-g61rejthTbw,357.0516159991592,© Google,OK,0_3,152990.74952855258,8241281.468280683,62f97beae0a5a5107f31759713e2f9f9c57e385c,cardinal,4,0,0_deg_north,cardinal,0,0,90,640,640,1,batch_0001,941,236
ecbe5718abce2192b748b86b762e4bddbea7c756,be6570d724db6b2220a18b35e710bb203e295a11,-15.963542804652436,-47.5557836558584,-15.96349642942729,-47.55579218338988,2024-09,2024,UK0FreNO0S1S9Hh5IXnhPQ,1.9997910171819713,© Google,OK,15_2,226425.63316462567,8233418.395856581,c4eebc6dddb214dde5c1bc0f09816d9ff7f7ccd0,cardinal,4,0,0_deg_north,cardinal,0,0,90,640,640,1,batch_0001,945,237
ed8c8573b3227bf09870ef397c3672bf020d0f92,763cee8666c7fdd0c14fbf4dc9c6ea287b07983c,-15.587828218076165,-47.577995903990775,-15.58786459834345,-47.57797203562671,2025-07,2025,sEy8kbQNXGaslrlEltd-Ww,72.71291474925935,© Google,OK,14_10,223537.47370233625,8274983.770982411,3144fbae08accbee269446e2daebe8d8f513f873,cardinal,4,0,0_deg_north,cardinal,0,0,90,640,640,1,batch_0001,949,238
ee14222d1090c0df324a0bb8167e81a624f6a0b3,bb5a6c374c3a88fa3e191e4317df11b0797a3840,-15.820856350172969,-47.45002690051754,-15.82084714363202,-47.45007814122433,2025-07,2025,Kuyadyz0Mx03KkEnzEqlRQ,135.48414698193056,© Google,OK,17_5,237566.9318757732,8249349.93961823,9b4f6e1b0ee4ed317cfa2296698fdb1654644d18,cardinal,4,0,0_deg_north,cardinal,0,0,90,640,640,1,batch_0001,953,239
ef3917e7b6ff0605967e5129691e0a5af3752a03,6ea0a9c4632175f50a39031241fef26614b2d397,-15.937769850022681,-47.74851390001843,-15.93776957902111,-47.74851496269581,2025-05,2025,MOGLEusFY_3SzsNh2wV71w,285.0369971265084,© Google,OK,11_2,205744.83769060447,8236009.0579335615,a48fbce6f67be585c368637f1294193536d311fc,cardinal,4,0,0_deg_north,cardinal,0,0,90,640,640,1,batch_0001,957,240
f20fca79e002ef6dd5cf0afadf8b5a6e8f6d2fda,df8fe8d97becdc6fb132b3e36be09da7e2c8c95d,-16.020520850028003,-47.80106084989921,-16.02054928792802,-47.80115812162953,2025-07,2025,zsENS7PVQ-jlUlmkvjJjRg,17.253459591907305,© Google,OK,10_0,200238.79200080468,8226771.349226134,a3c2c845ce0b8c24f7334f487556182bca57cfb6,cardinal,4,0,0_deg_north,cardinal,0,0,90,640,640,1,batch_0001,961,241
f25c11f985201589a9513265800918607326fbdb,20267839c06390c8d84b7392a8e8cd007d6ab64c,-16.015005800080846,-47.992582849984615,-16.01503780415047,-47.99257879362653,2025-01,2025,KWEvmW66ePdirJDyS2P4VQ,258.80986222767297,© Google,OK,6_0,179718.46034323773,8227095.65123892,c4827f9a41108e5792bafb5b455ae4646ff02f60,cardinal,4,0,0_deg_north,cardinal,0,0,90,640,640,1,batch_0001,965,242
f2974011724a90a075b30b21dcc794ae6f027a79,42be7c5daf7574c7e254122abbbd5c83392ff30d,-15.816752950005354,-48.01338195009487,-15.81677505008304,-48.01338648759307,2024-05,2024,iq1Cu1XUpDpQW4ArutgbdQ,336.59144877155086,© Google,OK,5_5,177173.73866812632,8249018.826089252,812b2292698688e2c1e82d1bccc4a8b187aa2510,cardinal,4,0,0_deg_north,cardinal,0,0,90,640,640,1,batch_0001,969,243
f51b86274736a5e1a508504c40a09a29779ffc7c,f1b2b498e4e8247ef11ba5db7fa685254537adb9,-15.92414625016213,-47.51987514945296,-15.92412531736538,-47.51989710788735,2024-09,2024,OAliDkVG8fc6PaO9LfRLPw,19.836063495593372,© Google,OK,16_3,230218.73410284144,8237826.685703121,d2f8dccbb584c39ccb39e57c68669d9b7db15bd3,cardinal,4,0,0_deg_north,cardinal,0,0,90,640,640,1,batch_0001,973,244
f7b2c92c4dcac1f5d0e84bed038a91708abba3df,ddedf62b6d1e2a8de7d6dd55111a9d00ce63813e,-16.054752297348163,-47.44514253889401,-16.05474661269425,-47.4451092112926,2024-10,2024,bWzv3LFsDgYaayZ-ik_Fcg,116.15922925716347,© Google,OK,17_0,238393.99575710009,8223463.769707704,7392b6285391af359e4d50f0138b2c94055f51fd,cardinal,4,0,0_deg_north,cardinal,0,0,90,640,640,1,batch_0001,977,245
f84254f3179e123a3b0c70d1e97e989b71a5ccec,0de6c8f4d2ed84c666a8ddf7bae069c0bc37d531,-15.978242350412952,-48.203234149680455,-15.97825788962487,-48.20322886417273,2025-05,2025,SfSInXglGG7FUREJN8R5yg,61.73853693402552,© Google,OK,1_1,157091.2744249811,8230830.722456554,1db9ce460183d053fd99394503d74ca5cacca592,cardinal,4,0,0_deg_north,cardinal,0,0,90,640,640,1,batch_0001,981,246
fbf63643657e96e538a121b586b2ad97c528003a,a4727f5a736da2918f5b2881dba087528ded71d9,-15.895089650060715,-48.14136114995062,-15.89508024400881,-48.14136477944525,2024-06,2024,qIOh9tkH2hokeLYnODOTbg,60.755401902224186,© Google,OK,2_3,163581.77136254995,8240141.5289518265,f750623b6a6292f8a3bd17204c9b844b92e10712,cardinal,4,0,0_deg_north,cardinal,0,0,90,640,640,1,batch_0001,985,247
fd511505bca50fec5679b9b3234bc3d400c04548,5fa11a62de19262f90eb46b7ce25081a57a55eed,-15.619206875100367,-47.632480907938806,-15.61921605861262,-47.63247785360672,2024-09,2024,ZjkE9w0wvuhYAJCsNQAtJw,186.4799297099381,© Google,OK,13_9,217733.9956741266,8271438.323977255,1e47fe623424dae94a73527e48280e13ce161522,cardinal,4,0,0_deg_north,cardinal,0,0,90,640,640,1,batch_0001,989,248
fdd7aa20af77f712229bc70107c09a6851760d21,8b14ac7978718d9681bf6f44946e0aa9330f5d54,-15.856878892709512,-47.833142249296046,-15.85698893448343,-47.83296355493706,2024-12,2024,mQzvmflT8OMehbftUbie7Q,340.7947342687886,© Google,OK,9_4,196556.9090629106,8244844.682784555,fc09ec22a11a8fcd81218074d101908cc10eb233,cardinal,4,0,0_deg_north,cardinal,0,0,90,640,640,1,batch_0001,993,249
ff957342f40bcb4a1ba9e06ed322f550cbe58eae,9e409bddef39d3bbac97641e62ef72c490b30d4d,-15.813277650082059,-47.80748959961426,-15.81329349208232,-47.80747784118359,2024-12,2024,3tmuhAUh45382H0O50YMAg,10.51820105013999,© Google,OK,10_5,199241.72014787002,8249709.509413043,6782550d544d0cad95dfcdfc88ef99db3816ac42,cardinal,4,0,0_deg_north,cardinal,0,0,90,640,640,1,batch_0001,997,250
01f4b8fc6f988e8a8b11040fbf39ced1884d6a52,ff303b9594b9c20d3442eb75842f93f041315ecc,-15.887452550004186,-48.02147855006428,-15.88749048818433,-48.02146687863186,2024-06,2024,jfnBFFvhNsxuYGAIbRFfzQ,335.7715641426856,© Google,OK,5_3,176418.54425070807,8241176.743299823,fbc6acb1ea8109aaa487163a8e8cdc3c693f5179,cardinal,4,0,0_deg_north,cardinal,0,0,90,640,640,2,batch_0002,1,251
02ec166bf6946e7acfb42d5b505bc7f8d4039a3d,6df1fa30a630db98a9a6e9154e064bec3493d674,-15.581709653239916,-47.5553077505148,-15.58170310829038,-47.55531145152791,2025-07,2025,fcm5cnXlnx5yWXgJHZuC6Q,269.29088425048036,© Google,OK,15_10,225963.8106040473,8275690.451635819,385d0895053b3d2ee17d0f961c5ffb361166ec0d,cardinal,4,0,0_deg_north,cardinal,0,0,90,640,640,2,batch_0002,5,252
04a02487d9e304620b2932e5b0b353f3b51d8b5d,a23daacfa8454a99d1d8526065e750e735592c46,-15.980194450015365,-47.77967959997848,-15.98013477679709,-47.77968577836667,2025-01,2025,AuqdUZqmfpLWJYPuN2eAxQ,227.18403791075318,© Google,OK,10_1,202468.7294351486,8231267.315779065,d76f9f6fcaf032dba61fec6ef5364ff22bc1d658,cardinal,4,0,0_deg_north,cardinal,0,0,90,640,640,2,batch_0002,9,253
075344d245c0b42965b3af3d3b0ab80454fac94a,e589b0ca1da7b6bd1cc164b9335f66fa08c77571,-15.933357900012991,-47.95709524999206,-15.9333492076902,-47.95710899491618,2024-12,2024,y-ZdNnxwbf5-ssR3po4xpQ,246.82852534397907,© Google,OK,6_2,183390.88172207304,8236191.84524392,3d342af8f982dbf8981974cb972c081783f58e88,cardinal,4,0,0_deg_north,cardinal,0,0,90,640,640,2,batch_0002,13,254
0977a75413f4324a679dc4698a48142d48c09b4d,649f5fb9e776f52bffd5a7b667632fe996ac2383,-15.850114200003484,-47.961874899973466,-15.85008732071659,-47.9618737131489,2024-06,2024,Vzq4mYnKM6KdH9hA2l9qmQ,182.39287321864,© Google,OK,6_4,182748.14148167396,8245402.976085748,0d419900b1df49a455c915acc5cc486658d7e62d,cardinal,4,0,0_deg_north,cardinal,0,0,90,640,640,2,batch_0002,17,255
09cb3c4c85de197c4cc4afca03b8beaf05d36084,9024c097e62ff13521e7b230d594bad813fccb08,-15.557157208203483,-47.538745522985046,-15.5571413484371,-47.53873590969455,2025-07,2025,meeHsv9pQecFrwaF_HI4IQ,221.42388077747646,© Google,OK,15_11,227708.63425475114,8278429.7328095175,12996ad61a0c8debc8ed9f33f3a88ef48d330fec,cardinal,4,0,0_deg_north,cardinal,0,0,90,640,640,2,batch_0002,21,256
0a7a4591d72f9c0c18b3df8530e7aded6df29e55,b8d567bfdfbfe93af8cfbfa5ab928a91ee994fb8,-16.0373175502717,-48.03546560005359,-16.03734669078862,-48.0354984396326,2025-02,2025,-tnpvFTeH8QdJWhQYQUSQQ,269.5165328760169,© Google,OK,5_0,175161.46289211337,8224557.962265616,3e7fcbdc9180417a6ee3f34078b07cba301588b7,cardinal,4,0,0_deg_north,cardinal,0,0,90,640,640,2,batch_0002,25,257
0a9a56d2fde7655dae645498153c1d5e1d999050,e8e136a4c1bab5d73738da3b6918d8897b9f051e,-15.603123501344742,-47.69376954870998,-15.60311129893586,-47.69374546657392,2024-07,2024,qBUAMV1eypG4zOxGo-yhnA,57.834467161014075,© Google,OK,12_10,211135.69314057168,8273136.654927244,82390f330eb3b6b44c739ce850a9f996b13943b9,cardinal,4,0,0_deg_north,cardinal,0,0,90,640,640,2,batch_0002,29,258
0cae40f1889f1767961bb8484590c512573d6b9b,ff0c63003300d6281c12b1b8b72b7ef179c30fd7,-15.938015999999942,-47.5875689000101,-15.93811536273784,-47.58755918768077,2024-09,2024,8rhhyXIA1s8MJud1ASYyvQ,346.670365343907,© Google,OK,14_2,222986.23598431452,8236202.425974036,ca1fdfe12c25aa44c4074acfb9a3876103763e05,cardinal,4,0,0_deg_north,cardinal,0,0,90,640,640,2,batch_0002,33,259
0e55fd2126e36a4f22edc4d666ca2263a0de821d,53f720b06d27cf9194d583f00ff03f7136c14b05,-15.592398950096968,-47.573188450049166,-15.59242539398642,-47.57298283748242,2025-07,2025,yw52OdKk3g9oNsHTEXyIvg,98.27384833905687,© Google,OK,15_10,224059.43243028453,8274483.997105077,49b4667c4ce4a89bda3c77d9f1c1ebd32315c092,cardinal,4,0,0_deg_north,cardinal,0,0,90,640,640,2,batch_0002,37,260
0f960606002f11aa1439aa7c776a0e022c307ac0,f8d108c9b86ba9d98e0219cb4d1ad1fe5b1142fe,-15.688219956463211,-47.35781175097641,-15.68823694262571,-47.35779143512253,2025-07,2025,LN-4EimTap8v8CulG5bstw,269.4905477796458,© Google,OK,19_8,247285.2337669498,8264144.882492403,6e353e1ab952da094158cc44ba595d6ac97992c2,cardinal,4,0,0_deg_north,cardinal,0,0,90,640,640,2,batch_0002,41,261
0fb4fe4cb05c0e010607f475df974eaec3cbbf0d,bce00ca14f07e00f1097ff1c0fc269345568ffd9,-15.737167881297392,-48.06956513148246,-15.73714227953773,-48.06959566582918,2024-08,2024,iwFK0xpDZ-vz6v8lmiQNOw,277.7212896622683,© Google,OK,4_7,171021.37856757344,8257745.509234862,badbb5cb2afe595a5d3b71151aa8c58d2404411e,cardinal,4,0,0_deg_north,cardinal,0,0,90,640,640,2,batch_0002,45,262
106decd2816b0ca5a1996380b5a1600e5a6056ba,0bd696e28f3b2a1c571b503a78f2bbd030d8ce80,-15.943079207673758,-48.17195302069183,-15.94305664194851,-48.17193502689278,2025-08,2025,aKGlJumIFrEjHCwPu2WJXQ,194.67828022615825,© Google,OK,2_2,160383.53262761075,8234776.73926804,63909de690293afe833f6f4bef4291bb60e9b052,cardinal,4,0,0_deg_north,cardinal,0,0,90,640,640,2,batch_0002,49,263
10777d613c077eb83d6dc8c89f60321635eaf72f,40fced53957acb47d4040abfcf0ed91ab0d3157d,-15.660919450018858,-47.795180700193164,-15.66089062814231,-47.79521386251518,2024-07,2024,np4Vf1T7Y5Q5R1iig5bY7Q,333.78459788512725,© Google,OK,10_8,200337.83977763625,8266596.942595041,a24ff95176c34ac3bfa6f44b91d7498bf3f7fbb3,cardinal,4,0,0_deg_north,cardinal,0,0,90,640,640,2,batch_0002,53,264
117e7dd88ce848db49f979ad25d9c0b93c1a20a5,ec6f0d3ce3dabb9ef54f580a4f7b7f3cf9e96029,-15.727230499659724,-47.47362329343251,-15.72720322615316,-47.47362541324463,2025-07,2025,cXwqxqwrTUJs3GEzjA38MA,295.03026453672715,© Google,OK,17_7,234916.3621157477,8259684.736792875,c63b41d753e136d34d68c4deebc8a738e7d72099,cardinal,4,0,0_deg_north,cardinal,0,0,90,640,640,2,batch_0002,57,265
11a39213fdd11d41ec49d8f43947a566c5b342de,03a6b1b3050ef5b4a79f92c00b65e24f7116fa7b,-15.625805000001273,-47.6442719999897,-15.625796526588,-47.64428890054806,2024-09,2024,FCVXz4Yoe5JAQasO0djzNA,1.3736894820717027,© Google,OK,13_9,216478.01783322252,8270692.136292817,63f1d0e8f80ee4ab1e476fd9027e3f35c31094ec,cardinal,4,0,0_deg_north,cardinal,0,0,90,640,640,2,batch_0002,61,266
122470e1589f1b92d2dbc9cfa052083293e1979b,7f8db1471d8c6eab10ff89ae377870ae1020973c,-16.029208750305003,-48.02416049962162,-16.02920817337462,-48.02415972992565,2024-08,2024,8tWem2BkIIT96XOLQEIBKw,230.19399492569886,© Google,OK,5_0,176359.12852884416,8225473.686906079,04c9da360431b49f3003954e41df3ab08e7fcae4,cardinal,4,0,0_deg_north,cardinal,0,0,90,640,640,2,batch_0002,65,267
1266e59cbe09fed13e2c5700e575dcb559290eae,908db527c1872d124a8bbeabd721e655f91c433d,-15.708772767626416,-48.232914516575285,-15.70881073571474,-48.23289228497096,2024-08,2024,_xRbrWSYY0FQaHaG8UD4mw,18.514113978364886,© Google,OK,0_7,153450.81252888902,8260628.981852171,6494007002ae19cdfdab9385ae27174b55e83f4d,cardinal,4,0,0_deg_north,cardinal,0,0,90,640,640,2,batch_0002,69,268
12751ff98b6bdaf93870c3ab2b0d69603857dfd8,1128b5ac66661f5fa1fefae407d9a6c385684279,-15.94835784497727,-47.68925900438131,-15.9483727515182,-47.68925692005097,2025-05,2025,4fvyBaN3iu-K5TjdW8nQSA,81.86834470927194,© Google,OK,12_2,212107.80468487483,8234919.553816478,3be23b24a45c5ae7a93b37649d2c5f1a116c0743,cardinal,4,0,0_deg_north,cardinal,0,0,90,640,640,2,batch_0002,73,269
12ff5698de68487272f0a52b3f5f5c69ec6ac134,75aed0fef2ba56fd34cc371e329b8bdcb4887981,-15.87299125007606,-48.07959974996516,-15.87298157911642,-48.07960796928182,2025-06,2025,ZWubATFTKxdlMJ6DZNzKFw,70.88867507611057,© Google,OK,4_4,170165.46415517165,8242687.451767715,9e2cfb04ed706f4c5e0f5361b1ba17f39547f7c1,cardinal,4,0,0_deg_north,cardinal,0,0,90,640,640,2,batch_0002,77,270
14f9513bf444d6fde6cf9483bf6c7d58c2384a1f,289a01a237ddeb7947c20d71ead7ea2bc69e1482,-15.915944500007942,-47.605953700457476,-15.91598744523756,-47.60594510314403,2024-09,2024,6xgVU-vD_40Yp-ldKr8ItA,163.97759720936924,© Google,OK,14_3,220986.3637645033,8238621.470240244,0833c890382979f6de3584e077a4ff9215cca6c3,cardinal,4,0,0_deg_north,cardinal,0,0,90,640,640,2,batch_0002,81,271
16032e9e036eae79b8a0d2393ca19acd013ba4e8,977aa10d0dece5f235efe64cac306c986473a2ec,-15.969087700003636,-47.78263270002272,-15.96905035565897,-47.7826180703875,2025-01,2025,HxmDlzOz0pHiEg3zdLlK3Q,328.16637933497606,© Google,OK,10_1,202135.9726561021,8232492.887967575,63b2a89310cef0a517d44d0bc939e35b6e0e16cc,cardinal,4,0,0_deg_north,cardinal,0,0,90,640,640,2,batch_0002,85,272
16d37dd770c8308c56bec915d466a3f40092129e,081abea567cafe11096b9068c164ef85f8d3b258,-15.735284189999856,-48.07537740987411,-15.73528516893054,-48.07540886899098,2024-08,2024,JK1uGphuhqoY7lJE8Oiomg,276.493696758901,© Google,OK,4_7,170394.8980887837,8257945.049147846,dc14057ba472208d39d6e449fae60ff436081e5a,cardinal,4,0,0_deg_north,cardinal,0,0,90,640,640,2,batch_0002,89,273
176ed68d32b7379250110a1c8f6561cd1122c9a2,c727536e82f6f6858225859fecd5ecebda95a89d,-15.820454025576472,-47.882434821264496,-15.82043165126869,-47.88239328553652,2025-01,2025,dh07S6ZLUyHjsW9JQY4ENQ,242.71200789934636,© Google,OK,8_5,191218.22600705593,8248806.047098337,ff81d5329a97a39412f3c525492a19d4ec7606d0,cardinal,4,0,0_deg_north,cardinal,0,0,90,640,640,2,batch_0002,93,274
179b1e4fec7ba4e91476b623fc40baecb5dad7f1,6e52ccda963c7a0ec940b23168eadc12a57d121c,-15.946667200990218,-47.68531192933108,-15.94666539325864,-47.68532927581823,2025-05,2025,EB2tpgGc7awg4KXS8w6jFQ,250.8346801962651,© Google,OK,12_2,212528.20193817234,8235112.191134565,d5be140ca77ef49cb8827ec383ff6474031a7852,cardinal,4,0,0_deg_north,cardinal,0,0,90,640,640,2,batch_0002,97,275
17ef8ae211182ccdc1d953a1375f06ea73a3bfbe,735c04bfcafcd6cc6f4d12655b88ef120766e70c,-15.585779061969825,-47.57159978127662,-15.58576319087926,-47.57157902441171,2025-07,2025,gtqp6QBCohZeSQX8cU0dtA,253.58210588399174,© Google,OK,15_10,224221.0492423883,8275218.918785465,51275d481825dcde86748271d9ed55dba36e1b65,cardinal,4,0,0_deg_north,cardinal,0,0,90,640,640,2,batch_0002,101,276
1958149f95519a9513709cc2904f9193d0193181,f3fe684d097d5c0924efad6ea9463c3c098488c1,-15.509943382430711,-47.43845598268115,-15.50992047583314,-47.43844910652778,2024-07,2024,o3FxbHwseeAojqQjtfawNg,281.7209068149202,© Google,OK,17_12,238411.22953658047,8283781.570248288,f9c7b9b00547575c2168ddff303e875abfee5e48,cardinal,4,0,0_deg_north,cardinal,0,0,90,640,640,2,batch_0002,105,277
1a52f8e435793df9a3bc13f1c999b733afb3b749,c2aaaf8bb5f807cb47fbfbaa445b83d0ea764f47,-15.816584650014333,-47.979776249992206,-15.81659588940833,-47.97980455444885,2024-06,2024,415IY43V06FxPobIE6OJ2g,248.62954271468124,© Google,OK,6_5,180776.4821578001,8249088.872419887,81bd90dafbf4db9459d28271ee0f26940fd5ce07,cardinal,4,0,0_deg_north,cardinal,0,0,90,640,640,2,batch_0002,109,278
1b0d1c74a32336db37a78c5c0908619c72c694dc,38115e18075a848181a5887aaaee99ae72bc0887,-15.762531250012685,-47.88769060004967,-15.76246764723753,-47.88767410759399,2024-06,2024,fLKarvBVXUR5zX1959c7lw,139.2947415171449,© Google,OK,8_6,190566.74312791135,8255212.261283362,f52eb3f2c3b47c5a40da6ccb3b72dd61b079ca16,cardinal,4,0,0_deg_north,cardinal,0,0,90,640,640,2,batch_0002,113,279
1b4400f25a13f50478b1520d6e9af6a0d71d50a3,395229357af2b246679261764ab323a54a4fbc3c,-15.828855044725918,-47.458275500307565,-15.82882809719222,-47.45830133487134,2025-07,2025,jocXrZizs0HbsfXfAr6CPw,160.46137497465713,© Google,OK,17_5,236693.29065242593,8248454.155122826,a5e833e6f92b6d978b7f7e7d9865c51e83274f24,cardinal,4,0,0_deg_north,cardinal,0,0,90,640,640,2,batch_0002,117,280
1b77414a0f9a6725b7a332c78ea72c531c970a32,a2d412ac58db4cea244d9ce74e4ee745f41d466b,-15.629420550018144,-47.51533800004942,-15.62938250563729,-47.51534323841988,2025-07,2025,whnzDtBQl73OmKeKbjlIGA,312.899475616926,© Google,OK,16_9,230315.05424510728,8270459.758990834,b806ee6ca068aecb279aec5c8321fa42969b49a7,cardinal,4,0,0_deg_north,cardinal,0,0,90,640,640,2,batch_0002,121,281
1bc519b44b6aed53a4f30df116da89dc0ed9fb89,6433b3f03b9913d1a49be6418c43c7d49f3d613f,-15.760935950089971,-47.54497985001449,-15.76107995473305,-47.54484993560612,2025-07,2025,43ChfES7O75GBfQ_LVxEug,269.41295599400644,© Google,OK,15_6,227310.24241660806,8255862.469663426,e6f0045861c30d18161c1bdfc709b063d9ca3700,cardinal,4,0,0_deg_north,cardinal,0,0,90,640,640,2,batch_0002,125,282
1c6bdbcfa6a89c38dc855003cd6177ce22c4d65e,3c5aa7de2f0794a4f687dfc8e7eaa734fd9bc55e,-15.83971895063369,-47.45531118001497,-15.83968916649426,-47.45529856027075,2025-07,2025,QX5cY4pTPz7l5C9LQH5lKg,344.8270776248732,© Google,OK,17_4,237025.03758329208,8247255.240678415,3579d4e6c4fad79d1d54e494ca82ae85a614b77d,cardinal,4,0,0_deg_north,cardinal,0,0,90,640,640,2,batch_0002,129,283
1ce99e86c65471d21b8962118d04afaff1f9a9df,7ef9ad880aceacb1790597b5e442ee64231d764c,-15.973267750211301,-47.585093101224864,-15.97328560795106,-47.58506103587457,2025-05,2025,va3teUVzILUsoQaQ4FNZaQ,148.1107283087182,© Google,OK,14_1,223299.87599094206,8232302.985500494,ed92b6e6f60d381f89a91799767984771e795651,cardinal,4,0,0_deg_north,cardinal,0,0,90,640,640,2,batch_0002,133,284
1ec97d513e113a1ea482a7363226958bf378c878,5999a28fdd825360a3dbf1a5b5ab0ff61b389555,-16.029110600123552,-48.09973319997227,-16.02914232536892,-48.09968859073819,2025-05,2025,zvygRZs0FBfMbeZS8wiE-Q,77.62824587994949,© Google,OK,3_0,168264.6404235033,8225364.997267448,533e25df49dae2ba437838a8ecf7656f43d71359,cardinal,4,0,0_deg_north,cardinal,0,0,90,640,640,2,batch_0002,137,285
1ee4a044cd97334025390eb9a0f72fbd75332031,3aaeaaad1b1759dfb37e56b8444639922cf2676a,-15.901489748967869,-47.76631453993787,-15.90149299766689,-47.76633607429834,2025-01,2025,ePckGjbRLaB0PSTAoG2oJg,71.87546174289115,© Google,OK,10_3,203784.60306617536,8240000.9130581515,c5571de0d419ac353318377748cfdff0fdb379ea,cardinal,4,0,0_deg_north,cardinal,0,0,90,640,640,2,batch_0002,141,286
1fa5cb3a3f9a445771361d127002ad4a8eb2e88d,37191969c377a5df24c6c68053531a36188fe01e,-15.632494536076285,-47.35518340323975,-15.63250450391806,-47.35519568497369,2024-12,2024,mu93SOUDwdO6vcmPcSw13Q,156.50715551151416,© Google,OK,19_9,247498.59963059935,8270316.342515313,cff83c0982d0b8d6f0d88fa99095d59b80f91760,cardinal,4,0,0_deg_north,cardinal,0,0,90,640,640,2,batch_0002,145,287
209d220bbbd96de88e80eeacce031741cdbd63f9,2177a28312dda155f23c62c8ad3d047187fde017,-15.973866044077697,-47.809836204251425,-15.97384951186329,-47.80986081968785,2025-01,2025,3BzV6mVNzEjcgFLxCpNERg,102.4930853520886,© Google,OK,10_1,199229.16139587975,8231924.635575894,6196b3610eebdfb2c75a92ae45e97b1f270f1946,cardinal,4,0,0_deg_north,cardinal,0,0,90,640,640,2,batch_0002,149,288
213b63d6368e01542fc4b8082f10d6dfdf79ff15,fe7d82e801f5b4e1b62d6c36ac3f2654d8b439f5,-15.924944850677125,-48.109775248576824,-15.92491288837521,-48.10976086566145,2024-06,2024,HAYG28aZllyc9cd-H_wzUg,212.8616364702884,© Google,OK,3_2,167016.50915229178,8236885.607414119,2f5831851568b2dcdf171e48e343169698c10500,cardinal,4,0,0_deg_north,cardinal,0,0,90,640,640,2,batch_0002,153,289
21c44c934d48e74c06c72776fee94ae56b4978a4,5799d26a9be7a8e036caef417337f87359f15b64,-15.79829610009729,-48.10903339989011,-15.7983116438496,-48.10905195419193,2026-01,2026,ZZtFSFZhbCx1Pf_YUTkbHQ,52.50980264522241,© Google,OK,3_5,166887.7748363954,8250913.469519954,76d1e77d728cf2c0b51f40838c1f33fd6ed1f666,cardinal,4,0,0_deg_north,cardinal,0,0,90,640,640,2,batch_0002,157,290
22fc168db47e6a3640d442512c7a405d9b0c6507,61e4fc630567e6907cd1f4b80c6765dd8887dad6,-16.021018095586314,-47.56911837232804,-16.02101769181399,-47.56910562734414,2024-09,2024,LHX1HCYqCL64VE_nU0MxCQ,13.369015336864122,© Google,OK,15_0,225076.11292745225,8227037.764496433,2a1616ab2f6c06a5b46efada1a45b01950a55e6e,cardinal,4,0,0_deg_north,cardinal,0,0,90,640,640,2,batch_0002,161,291
24c4a796dc1a5bccc27a330853d5e4817424cf76,d22ef58947b652d5ac0eb30487534922d825af41,-15.906426149999971,-48.064665000048805,-15.90644908550526,-48.06465844013088,2025-07,2025,BGfNPGZ63PK8hUe07jS0cQ,161.9186906789723,© Google,OK,4_3,171820.6106723237,8239008.075275119,a30fa6c8b3bc2a9864d6b1eaa634cefe9192a284,cardinal,4,0,0_deg_north,cardinal,0,0,90,640,640,2,batch_0002,165,292
253665eda3a33d87c01657b1894e296b3c3207a5,9a77fda34671aee8b22a58c697826dfeeda8d23d,-15.519612010876212,-47.53376855158268,-15.51961071958832,-47.53377284959448,2025-07,2025,moDRa1epFjrS3rirz_OyNg,88.95425918914037,© Google,OK,15_12,228193.46498613709,8282592.44616057,a21e36ed90417e2db4f5db30b8bc6b0588e230a7,cardinal,4,0,0_deg_north,cardinal,0,0,90,640,640,2,batch_0002,169,293
2596117055a0fed4c94cc542684a7dbf281701e1,928f6423635b99f555912860d677f810a87e3732,-15.905455550835637,-47.516743499399475,-15.90543941712063,-47.51671962730538,2024-09,2024,NVYyaru0vkUvGTyKLc8-CQ,64.83763895430133,© Google,OK,16_3,230529.25880239715,8239899.885430919,422ad993b899ab3e0df7e6dd0d3d73aea4df2b25,cardinal,4,0,0_deg_north,cardinal,0,0,90,640,640,2,batch_0002,173,294
2981023d3a0ad287473f37483f536f2977624953,68ed14d50e643f5e44fa9cefae938d0f8ee350c8,-16.041541850019204,-48.256868499932075,-16.0415369284229,-48.25674951497111,2025-05,2025,yolsbze74eWmdUYmQZt-tA,16.516914018996534,© Google,OK,0_0,151454.47627726183,8223729.934316475,be9a2eea6c25572145df7990188ca9a248f28ae0,cardinal,4,0,0_deg_north,cardinal,0,0,90,640,640,2,batch_0002,177,295
2b37598e4c25681bc14a1cd8ab2244dd6ce17a8e,5aa0a5b7b8a10b163057f86ea9291acaaacef2d9,-15.844015450072627,-47.53757254993418,-15.84401032558543,-47.53754718127939,2024-09,2024,Jnt6bBiqo9GeF1lh3zoG_g,59.74293160177881,© Google,OK,15_4,228215.36862517346,8246674.687200792,4c99330a02d62dda589d89abac3fbe0ac7ee9b3d,cardinal,4,0,0_deg_north,cardinal,0,0,90,640,640,2,batch_0002,181,296
2b6a41587cbc71eb7e499ec58ebd0a5627b0081d,408e871892c991bac081cd6159ea9f9fd0ec93c8,-15.658363203257691,-47.48638800571029,-15.65836392393073,-47.48637796860324,2025-07,2025,fiwslgx9KUDg-XEDY-Xqbw,175.01732939333084,© Google,OK,16_8,233458.16619670103,8267292.337755741,dbe3cfbdec5982395a0f2e5fbd0953e6ed2078c9,cardinal,4,0,0_deg_north,cardinal,0,0,90,640,640,2,batch_0002,185,297
2c5d5f0a2e0d24e7c9a5cabe7683894d671709c4,542145ad8c5b49e11994b3f5a4cce0fed4dd38f5,-16.020408350010925,-48.210443449992226,-16.02041159756735,-48.21048296394351,2025-05,2025,zXd7wQzwWV0HwGvfJ2Z3ZQ,243.49272659204695,© Google,OK,1_0,156391.03095683275,8226148.383674126,392a36b1c2ff3c2a8acb2f3b990379898af836b5,cardinal,4,0,0_deg_north,cardinal,0,0,90,640,640,2,batch_0002,189,298
2cdee61ad3c4187f6cc7c172f1db18d42c4683f9,21cc525e00b0ebb1a8d89ea845d75eb5af5d78f6,-15.815462903779796,-47.856854204567284,-15.81547448757828,-47.85685570974722,2025-07,2025,kBqxj3fK-BOy5mggVuDZ4Q,79.2908587045947,© Google,OK,9_5,193952.99638680433,8249396.192467679,87086f1bd9730ab9677d490e1ae5d7e779922379,cardinal,4,0,0_deg_north,cardinal,0,0,90,640,640,2,batch_0002,193,299
2ddb41ccf57247aedb6a5ad76f6016c78b71e983,66f1aaf19552579aceabf65b2f6e7ecec65887b1,-15.904972949999983,-47.76055224999959,-15.90494766570314,-47.76053621455473,2025-01,2025,yQKQL8FDDp3NC7kfm1ToGg,355.4654188960259,© Google,OK,11_3,204407.13068264988,8239623.406860763,daa1fd043e56e5520e3b62de0823b8ef1d69c6ec,cardinal,4,0,0_deg_north,cardinal,0,0,90,640,640,2,batch_0002,197,300
2ec6148e959d891770e479450efb6cfac51b84cf,7f2edb2c45f4b4fc9a038ea3c4b1f8299794ea84,-15.832417290479754,-47.94620668595744,-15.83240395136113,-47.94623079472819,2024-06,2024,1yEqE-t_-zhgBQMBKuAceA,95.58953057826152,© Google,OK,7_4,184400.13131636896,8247386.371385673,29adcf5ed9de46cd28576a8e279a9202a961e35e,cardinal,4,0,0_deg_north,cardinal,0,0,90,640,640,2,batch_0002,201,301
3402cd5836e40eceb35d3b306f33dcc0e894641b,f1576c7f2e805e0ed51ec6a72af7ec0c1dc63f88,-15.900152002602963,-48.24483496631668,-15.9001890832451,-48.24485991491875,2025-05,2025,_D2C6ngmpRVV4LvgG60p-Q,353.4524500974197,© Google,OK,0_3,152499.16017661677,8239411.328540591,78462eeed377ff5bac015dd78e5e04a284345d93,cardinal,4,0,0_deg_north,cardinal,0,0,90,640,640,2,batch_0002,205,302
348f682461661880d912d05fdf3ad756bf6db74b,8a2571dbc05b49640ca1a38f96b2155c6a94b750,-15.859869500104368,-47.96827270014871,-15.85986909909082,-47.96829189830514,2024-06,2024,tjGQTid-xToU6OTLfDB-6g,295.9445458151199,© Google,OK,6_4,182077.64061827937,8244312.970351311,c0fc3896fadcfcaef46247d165d425833b691948,cardinal,4,0,0_deg_north,cardinal,0,0,90,640,640,2,batch_0002,209,303
37263db4949a7e802da134d039e96e42e9f3cae6,e52421a1817ece48d04324cdd34f241ab2bf5a80,-15.77074185008939,-47.782107400016685,-15.77071631399497,-47.78212578031246,2024-06,2024,jWsS4bRmXrU7jZ8tAnQ2ww,269.6481332293464,© Google,OK,10_6,201900.3963487523,8254455.449574731,78e4cc3cff8743bf2a756abaa83adb2b3f6cfde4,cardinal,4,0,0_deg_north,cardinal,0,0,90,640,640,2,batch_0002,213,304
384fee3965c1aa558ca484297fa645c585da7d9f,51a52e85b9f41741ccc8874dfc389a5aeba5f530,-16.028352096223227,-47.98944838734204,-16.02842849159802,-47.98929665498446,2025-02,2025,QG0s25AoMd4oECYvvdo7Pw,289.4124530496283,© Google,OK,6_0,180075.49055991622,8225622.47881156,b9dbc22c3b608be84117fc1280b79e8d52071523,cardinal,4,0,0_deg_north,cardinal,0,0,90,640,640,2,batch_0002,217,305
39095eb07df78483e7a106356c3c12ca854027ed,6616697eef7c4bc8b9a72f597954b0196feffaef,-15.811822966517706,-47.98287931442072,-15.8118461514504,-47.98287376411254,2024-05,2024,3sTgfNZegcPeRRL20jTcaA,271.08968085823454,© Google,OK,6_5,180436.30509075918,8249611.463998448,f84018ed67c00826739f6ce8de21327d0f22a4c1,cardinal,4,0,0_deg_north,cardinal,0,0,90,640,640,2,batch_0002,221,306
391b0c18f4d74688573e3a1d917a5489fd50bef3,9df631083d120c6811f2d7c76565a51618d7ea4b,-15.814647100020427,-47.88809504996594,-15.81463708490631,-47.88811117600379,2024-05,2024,Hqk7XI_B6UVFSkNo4dC_-Q,41.18824781431347,© Google,OK,8_5,190602.58970474114,8249440.728395164,116d39998c41ba3810fdd71c417c65403bddda7d,cardinal,4,0,0_deg_north,cardinal,0,0,90,640,640,2,batch_0002,225,307
3984a6608cfb30039ab77a9840a653be3c01828e,7beb2c91252e90b35c99267477e1f21bec13f6e2,-15.655987900104357,-47.81006930005581,-15.65597414825067,-47.8101087875559,2024-07,2024,pTFcIy4sFy5k6QmPoewm2g,278.4732075959909,© Google,OK,9_8,198733.34929168745,8267121.882896937,977c5f0be2cf395fe642315298ce8602bf656124,cardinal,4,0,0_deg_north,cardinal,0,0,90,640,640,2,batch_0002,229,308
39bf45f3d1c32cabac3158f1e9dbe5c6568432b0,c7c630ef109e668e8381141a94b9885ef455ef55,-15.914471650103536,-48.069680749952184,-15.91445868264096,-48.06963699293441,2025-07,2025,haxLqnojZgs5LeRa16ToXg,250.81656540657292,© Google,OK,4_3,171296.15935933037,8238109.146405235,2ec3fafc54d46a9805747d4abac2b074c2ccb3b5,cardinal,4,0,0_deg_north,cardinal,0,0,90,640,640,2,batch_0002,233,309
3aba78f49b3c89b84b6475c673ab05c6bcf754d4,8e7b09dfa51b3e416213b850c00fa5db9f8abc1f,-15.705058950384624,-47.86950949957198,-15.70507989187417,-47.86954812539118,2024-05,2024,gkQyBf5yJ_RMUA3hxBOFpg,53.52190999264708,© Google,OK,8_7,192429.85851065314,8261602.853248021,addff8c71af87d68ec85eed6209d8abf25337ccf,cardinal,4,0,0_deg_north,cardinal,0,0,90,640,640,2,batch_0002,237,310
3acad56f84f2da055238df1a2cd4d97e7191c4c8,7dd5079970471293d98561a4855310ecb0e696ec,-15.801127280881124,-47.785376263681506,-15.80115728682544,-47.7853602676496,2025-07,2025,gxzcHnwSzr2eDtGbdgFnmA,202.13018714667535,© Google,OK,10_5,201594.43513527446,8251086.408032269,72ea1ca7d3e13fa22ec0c01a83c1bcf3498e313e,cardinal,4,0,0_deg_north,cardinal,0,0,90,640,640,2,batch_0002,241,311
3ae960927eff01e444f6e2eeec6545a84795f34e,8819c29987d60c09490621b9eaa78a9152fc8ded,-15.833826200164653,-48.074525549917716,-15.83381241270801,-48.07449390534116,2024-08,2024,TvvL2r6Rm-T0AGYOMF8Wiw,69.6870877516136,© Google,OK,4_4,170645.7287099038,8247032.956439756,ff4772881bfd53343c890b1ca4c291c744992a35,cardinal,4,0,0_deg_north,cardinal,0,0,90,640,640,2,batch_0002,245,312
3aecf30125e8721f2ee99a9812f156d2db8378cf,c402d18759549c8c26e37dbfba3e270fdc4e5360,-15.933335000031098,-47.94229929994987,-15.93332996944236,-47.94232799033927,2024-12,2024,ua7BIfZMsxh7jcfVRZ3NAg,42.21638064048899,© Google,OK,7_2,184976.207294124,8236216.806867074,bcc5a6d1897c9f6b540d8882dc9640a1a332d99f,cardinal,4,0,0_deg_north,cardinal,0,0,90,640,640,2,batch_0002,249,313
3b03624f998f81afbbbef4d516ce9b466a804d7d,f58ab55e50d2622f2c897d92f99ad7a751c95830,-16.018516200092908,-48.177078949886365,-16.01853361894069,-48.1770561155849,2025-05,2025,tSj5RqCNRqobJl7D0iu_Kw,230.18254049779114,© Google,OK,2_0,159961.9152284751,8226412.998320373,3d2b7224051f991e0c3b54285f9ee3b66c07701f,cardinal,4,0,0_deg_north,cardinal,0,0,90,640,640,2,batch_0002,253,314
3b26fd58f22ce1f230bea0c83a1c67636fc37256,0f9dd31c2291b251d16c6d1275a140b63c562555,-15.687184040151234,-47.85931834563165,-15.68718759208186,-47.8593553491601,2025-07,2025,gVZErCV4v745oNQxxtsDOA,259.13714817221717,© Google,OK,8_8,193496.2398244044,8263596.943588956,0db79dfb7108824a0e3ae5ebed719c4695af1515,cardinal,4,0,0_deg_north,cardinal,0,0,90,640,640,2,batch_0002,257,315
3d2bfe99cbd2a7c13c1a44c8c05fdeeb9a987e09,4dad59cf675543a9e1959269d113a4b178281dcc,-15.749009879403722,-47.750359735600235,-15.74899453018442,-47.75034604100257,2024-07,2024,ceIT1m8qDe5P9ABkaLASHQ,250.97627483791638,© Google,OK,11_6,205272.98183152315,8256906.346491533,efe001b47d84efac2fe6f04da8c80750e88d33dd,cardinal,4,0,0_deg_north,cardinal,0,0,90,640,640,2,batch_0002,261,316
3d8f4a204cd7b8d71a7b98a19ec9ff1a6eee34a6,ea7ae07d51b1d9a64001fa8d4f5872520bf040a1,-15.580915956394522,-47.4574283563496,-15.58092268036207,-47.45746452404577,2024-11,2024,0sCr2hDy006ghyO3ARIhFw,109.41411614135274,© Google,OK,17_10,236465.23281798468,8275901.798936556,7df347446c76eb5d30b7bf591f7ac180ae16477e,cardinal,4,0,0_deg_north,cardinal,0,0,90,640,640,2,batch_0002,265,317
3e24dff7dc9e15c53fc5d4117560c7a1452a3ba8,084e5dc6d2cc21318c71a5511f679af27cae3714,-15.65221390001563,-47.49167790004467,-15.65224697340365,-47.49165480547946,2025-07,2025,W2h3_Hk8cXMCe5GNXtKa-Q,134.1242784479343,© Google,OK,16_9,232882.7863661106,8267966.414522493,c05c3f04e682c5cb2d5e78a1a179cb22e62ae634,cardinal,4,0,0_deg_north,cardinal,0,0,90,640,640,2,batch_0002,269,318
3ee74c195f995be26a69513a7acc92f4ec8f1ded,962f100812b2e6d4e1f616a90a47affaaad4bc70,-16.04473004667887,-48.03492231199265,-16.04474589943457,-48.03490646285503,2025-02,2025,N_V4v-Qc5uorlF4lGBYShg,271.564048279154,© Google,OK,5_0,175231.67595746485,8223737.900420734,df550af4529d033425391ba4b8c32d0efbac026b,cardinal,4,0,0_deg_north,cardinal,0,0,90,640,640,2,batch_0002,273,319
416c4581786547c9fe2c73f84eb4a87a87785a49,30a77b82ad2a28a3f2fa6334fca4fc6cb984e110,-15.728975949998848,-48.084606000015654,-15.72893141420255,-48.08462560705403,2026-02,2026,L6T7_SQORx0UEGd2p1zAVA,167.57428603050195,© Google,OK,4_7,169394.7913406672,8258629.238214595,c8db97b51db0be51b8d9466807040baf9c91a921,cardinal,4,0,0_deg_north,cardinal,0,0,90,640,640,2,batch_0002,277,320
430bd5db2b309c1f748c38e2ae7a5f0d5bdc25a1,6c686e7c85f119270b0b8e85bc90a5e55fbb51c6,-15.898712272781767,-48.0470355704359,-15.89869695252987,-48.04704283457212,2025-06,2025,vhaNRSc5mKOcDgEmv6VT3g,70.68530142601487,© Google,OK,4_3,173697.52420925503,8239890.01108067,6f651b5b474bce0143365a0045553dcfa92d76a1,cardinal,4,0,0_deg_north,cardinal,0,0,90,640,640,2,batch_0002,281,321
43231e6f3491395a22d4056c89e99db32b4f6fe4,7768fcba9b48d90fe0d536688ee78127d8d6341c,-15.654227100006228,-47.795187949970874,-15.65421644682134,-47.79519322937661,2024-09,2024,x8L07wHco3cCDShJtC-_wA,10.55844289825765,© Google,OK,10_8,200327.2976738218,8267337.937684264,a197339cf923bdc3be0f1c8f6fee8a3935185ff3,cardinal,4,0,0_deg_north,cardinal,0,0,90,640,640,2,batch_0002,285,322
4353679e9d550910e8a927b374755e96832eddc8,a7437fb64f981f7284dfd10c1a3bdc04c9f523ba,-16.050204900030845,-47.97526779985187,-16.05019221433322,-47.97527118696869,2025-02,2025,cuBJXykjC_JFIYkiG0jVTg,9.855393185865312,© Google,OK,6_0,181628.98802605714,8223224.299982896,88facc7051f2d1de62274173a927d18f7bf1a4d5,cardinal,4,0,0_deg_north,cardinal,0,0,90,640,640,2,batch_0002,289,323
44c5967ed02600de626957d0cf134dad202b3ad6,1daee363b0d63a90f9375ad4c53b90c6700e0d02,-15.945084595839775,-47.62632418925693,-15.94507323890053,-47.62632794174831,2025-05,2025,7t4tz9ymINRsXD6BKkwRTA,51.43816865540512,© Google,OK,13_2,218844.65732592306,8235367.933863456,0196eb53e0c127656fa64d017b1044c8302db330,cardinal,4,0,0_deg_north,cardinal,0,0,90,640,640,2,batch_0002,293,324
45beea0786798fc75d2e465b4cfc5ebda059fb12,275205335c9c6598a146e62e7cd9d9b46944d264,-15.966604050006223,-48.12822015006812,-15.96660357989164,-48.12822340986861,2025-06,2025,S3r966NLrPnVYi5cbV4K2A,332.6065415863684,© Google,OK,3_1,165109.09852934923,8232242.091992244,5bba14a96aa76bb639bf6f88765b637c0cb370a9,cardinal,4,0,0_deg_north,cardinal,0,0,90,640,640,2,batch_0002,297,325
45d8ee69b81b479af3801e89613e249aeb0ee661,f5b58067a7a4d7c96d93e483fea59c42643e0e9b,-15.921532189805088,-47.52260424862013,-15.92151607354815,-47.52257996627777,2024-09,2024,ag46wWxqNmDCHL71YiCpsw,201.4062857359009,© Google,OK,16_3,229922.8938338596,8238112.544433095,41291fb032acaf196b1b575da4ae579cd636f0fa,cardinal,4,0,0_deg_north,cardinal,0,0,90,640,640,2,batch_0002,301,326
46224ff61e23249732cff47e8ae789b1be077564,57ea7c00b643e6514314f19022a5b3ddc7f40791,-15.93512921634372,-47.573287371462975,-15.93526257627964,-47.57325684074062,2024-09,2024,ZWVIRyT-a3jp9PRZaNffYw,79.86839701807605,© Google,OK,15_2,224512.0916033435,8236540.951621908,b2ac24ae61bf36c73226e9671fb87728cd3c2ff4,cardinal,4,0,0_deg_north,cardinal,0,0,90,640,640,2,batch_0002,305,327
475a023d5ae0ef867a869be7548cdf1fe113d25b,230a7d596efd4701a751b181c7f22b5109e49de3,-16.01614348427047,-47.37912351939796,-16.01613797729381,-47.37913938750307,2024-10,2024,6KL4iH43vrEn5kFYqcF-7A,97.238953562652,© Google,OK,19_1,245411.8371541546,8227819.9468187,2b59482b12a85355245f249c8c9eba11c7f83325,cardinal,4,0,0_deg_north,cardinal,0,0,90,640,640,2,batch_0002,309,328
48575354934bf59f22af3ce6a96f94c12a6c67e9,24bbfb07466af560a7d321cc397434a8ff6e43e6,-15.612363750033595,-47.582036399962355,-15.61237547702098,-47.58202592565566,2025-07,2025,8YATMeDvwsukg5qaE9ppPA,234.071816767465,© Google,OK,14_9,223136.86198960492,8272262.262634553,2b0803f5aefa78ddac1007d0fb3a9f61b38b7623,cardinal,4,0,0_deg_north,cardinal,0,0,90,640,640,2,batch_0002,313,329
495275b754ccf45b7b5409a180b6989db6d09260,417b3b9d9f8f1459e593cd7570b78d5393d03f49,-15.906047350033216,-47.515845249979456,-15.90604651921222,-47.51582495168271,2024-09,2024,V0jkkgClH6demzf5A0GRyw,67.60342411163673,© Google,OK,16_3,230626.27726430725,8239835.529396694,14f1c7be317214e338dc39f97ecf5fe6e3710550,cardinal,4,0,0_deg_north,cardinal,0,0,90,640,640,2,batch_0002,317,330
49618de804d2e9a9b15c84a6215792d8e59ac139,fab6399146a3da361761ba2723f323f7d78f8a32,-15.800759300383259,-48.060158749822044,-15.80074909236839,-48.06012161993885,2024-09,2024,LJnB4WFVxkH_utHWwlmGhA,70.71850521889718,© Google,OK,4_5,172132.6456972826,8250717.567221593,d12f107d09fcb44e447712106d8cd609cb6a1976,cardinal,4,0,0_deg_north,cardinal,0,0,90,640,640,2,batch_0002,321,331
4b1890ab8011fec69bfe7a536996c522cda9c171,a7bb9b0df9a8788ac66538e24e6972b2dd2a1cd1,-15.813530967241574,-48.08378703206053,-15.81357143454875,-48.08378332054706,2025-02,2025,9CT-s0jThGue9lcC1KoL5Q,159.96014101758018,© Google,OK,4_5,169619.7651759518,8249266.080550028,9780df9b353978f49169b2a621b89079fa073e87,cardinal,4,0,0_deg_north,cardinal,0,0,90,640,640,2,batch_0002,325,332
4b8854c03349bb28540d77e7fca69129c081d8d2,3f8baff13c442cfb1dc624903ea807aeba2c3e1a,-15.862149050129306,-47.46233804984787,-15.86215371184282,-47.46234034809411,2024-09,2024,xcpxnuHk8snFTvqsSHv6og,53.18858670119473,© Google,OK,17_4,236301.19598045002,8244763.392924283,12b68fbbb827f4406de497b38ccbdaa14d6215ac,cardinal,4,0,0_deg_north,cardinal,0,0,90,640,640,2,batch_0002,329,333
4c019e67083326cf43af3bc4091b9c17e8e5a094,991eb3400306e8330dbdaad1026c6c4ec3e0efd6,-15.813129750021188,-48.14577874990666,-15.8131605584266,-48.14577639056981,2024-07,2024,-m7RISNhdsclnB_5NFGOAw,11.285053499542602,© Google,OK,2_5,162971.9746291022,8249211.945701629,02dfe0f3ab32a47ba6740dcb64cac858d13af19c,cardinal,4,0,0_deg_north,cardinal,0,0,90,640,640,2,batch_0002,333,334
4c26f87510055e066e1105ef65c9d2ad53ee2a69,6fa2a985709cce409da90ae86989f2618a9b1384,-15.935301029287789,-48.23119058448919,-15.93530637254284,-48.23119695895601,2025-05,2025,LxsUjVpbYLepHJs9HplmHw,129.7592319113387,© Google,OK,1_2,154021.99518434278,8235540.744399852,47a8f83941cd8f22427458dd507e9f77edfafa3c,cardinal,4,0,0_deg_north,cardinal,0,0,90,640,640,2,batch_0002,337,335
4d5ea02b900ceb12740e4b9cb81952987ac2217d,159e6613d397e6b00154bcdb92e8574fe31875fb,-16.03777057402389,-47.306716001506096,-16.03778858212474,-47.30674311317081,2024-10,2024,aAgqUmXQti-oiZMk7x1VNQ,67.69775442638866,© Google,OK,20_0,253190.3637361869,8225513.526865795,352142b72f3565da90cda8dbe04bffade23d4006,cardinal,4,0,0_deg_north,cardinal,0,0,90,640,640,2,batch_0002,341,336
53a9375b16a1a6c52da87a424de2eb6f29cee232,e0507a77717295b5b18f2abbd5406ca680f26e42,-15.893525050102252,-48.1126791499268,-15.89352087292483,-48.11267356759964,2025-06,2025,By0PdNC4XEvXbJNDQ70Drw,243.5108145715455,© Google,OK,3_3,166653.43562024372,8240360.811523314,262e1b8e34fef2529e99f6e849bfbc79554b0421,cardinal,4,0,0_deg_north,cardinal,0,0,90,640,640,2,batch_0002,345,337
570ffcc4688643f2cbc7e9fd9b84204dfdf7b1d4,0a03b61e327f02adcb52f34200bde8fb178cb85b,-15.7488535000077,-47.77161374999646,-15.74884220561005,-47.77162540778903,2024-07,2024,iT7GpiIJL0BXEHX3Y5jC9w,71.43373636434232,© Google,OK,10_6,202993.66598917075,8256893.828562163,dc20e8cf88a59ed83044d32b6cfeee9420d8666a,cardinal,4,0,0_deg_north,cardinal,0,0,90,640,640,2,batch_0002,349,338
5b76440d9e8ec54bdc2bc9a3ac560a9af6f93dfd,3a9d25c083413e31c758a2d46e1df895b7a1d738,-15.803864400000416,-47.63793215002798,-15.80382101174864,-47.63793669478903,2025-07,2025,rTLuWj4_i9xfKryhPGhAeQ,343.8068689103499,© Google,OK,13_5,217404.2022317641,8250987.222829094,c00e715d5eb87c52bdc9cb8636aa96d304b0e37e,cardinal,4,0,0_deg_north,cardinal,0,0,90,640,640,2,batch_0002,353,339
5ca19676ca4377ecd26c3b3c752de745952ca390,4854f89b14ed7a372a635c000a3ee2cbaaf27f76,-15.963546500287435,-47.55565654782911,-15.96353616533789,-47.55565042962549,2024-09,2024,yOwe__tr-oFJMmA2fZ71Fg,182.11731596524862,© Google,OK,15_2,226439.25170756434,8233418.15383937,814f642fb5a0b912a930f9033b948beac0a38668,cardinal,4,0,0_deg_north,cardinal,0,0,90,640,640,2,batch_0002,357,340
5cec73353cb9ab8ef079dc36bb4d31ff2b85fe3d,592ad05f432ffda7220735e922f36f5df352746f,-15.841422527250012,-47.850710536808855,-15.84133201026372,-47.85021992645682,2024-12,2024,dNkKti3A1DCcTTXqN61yUA,70.08921507863768,© Google,OK,9_4,194650.65947565305,8246530.629165022,907e5dddf4f9e0709ac3412cb927ea1980c53ef9,cardinal,4,0,0_deg_north,cardinal,0,0,90,640,640,2,batch_0002,361,341
5db04b7e78b9aa72260f90c488c30c2094c27c0e,1869cc0d23615127868eeff4b5ccb2a1986f0666,-15.812355100083456,-48.13931309986472,-15.81236359581791,-48.13936536667152,2024-07,2024,qr7SbkS0mgiIujEJVsKpYA,41.33754468149181,© Google,OK,2_5,163663.99533911608,8249308.114768448,d5b227767a47475ad33757abab7ddb83f344f18f,cardinal,4,0,0_deg_north,cardinal,0,0,90,640,640,2,batch_0002,365,342
5f2dd712108baf1a44c20a3e2e2bce9ce1afe9c5,e767ae34ffcd50140fca03796cb279ab79044e30,-15.706277072458542,-48.23196306831234,-15.70629409469031,-48.23194186037265,2024-08,2024,XObwSvg6dvaBC-wBdg5Ikg,36.27187652390936,© Google,OK,0_7,153548.66913663098,8260906.972978457,b049e3c4c95e86908313b9765ab9d6b92cf569c1,cardinal,4,0,0_deg_north,cardinal,0,0,90,640,640,2,batch_0002,369,343
5f3de70677dd2f9fc3993c99282e16d38d9d1469,760ac45e1488d1f92d17e34e9a6ffe2ddd1a40e0,-15.655415861158811,-47.579962270664936,-15.65537815071582,-47.58003261517702,2025-07,2025,abxQNdqsCXoZyu90ZiPQBQ,245.4601796832219,© Google,OK,14_8,223417.2699145693,8267498.781086844,803a8664bca7d47bc843b047f04df3bf7b7a69cb,cardinal,4,0,0_deg_north,cardinal,0,0,90,640,640,2,batch_0002,373,344
5f82e2d3c0514219d6f9e56a7c76b81c27fe00ff,6a8e7afd58748dd574f6d454d9dfb9571e1af832,-15.980337900019778,-47.77954779997113,-15.98031229930075,-47.77955358437221,2025-01,2025,S0KWiZ_G84Jh0Sqiw0Jbkg,45.90190343704793,© Google,OK,10_1,202483.05880520286,8231251.62090628,78eff97d835d39bec7ecb72e141144fa921af472,cardinal,4,0,0_deg_north,cardinal,0,0,90,640,640,2,batch_0002,377,345
60225ba4bec799130cdef42eab76406144f36925,029d1366d98fa2009237f4202a5b8b518007e9c8,-15.93255200007795,-48.10544174986269,-15.93257888548652,-48.10547973942901,2025-07,2025,RY-QPuFTth9YvGIBWV5ugw,218.77892116997356,© Google,OK,3_2,167493.45832759363,8236050.012723537,17a82f426dce71578b7084583a69be0aa39f1f30,cardinal,4,0,0_deg_north,cardinal,0,0,90,640,640,2,batch_0002,381,346
612dc6ee175d0f1660799bc77a71b0daa3c5b6bb,31fda0ff309d7476dba625f7c8f402a83cd64deb,-15.944792568891877,-48.235699104258124,-15.94481417836929,-48.23566636862311,2025-05,2025,EtiubQBZWLXYRxo1B2F_xA,335.9962977199676,© Google,OK,0_2,153555.13219896553,8234481.921731979,a11e4e597bdda63407b81d28130948ff4daaa881,cardinal,4,0,0_deg_north,cardinal,0,0,90,640,640,2,batch_0002,385,347
61359bdfef429e095d7b96ead3ea174d8ba3fa79,36fb40fdd963b1ac41d7f488a09bbe5ed46b9f91,-15.756435780726571,-47.8908950471353,-15.75640512531553,-47.89086145489538,2024-06,2024,UnZPIgdSisIeK10bPLPh0g,72.79129451469912,© Google,OK,8_6,190213.8598670649,8255882.518984004,da642e16b795d076fd431d6489a0aa352add6f05,cardinal,4,0,0_deg_north,cardinal,0,0,90,640,640,2,batch_0002,389,348
61d1d8497bef18c870c96a92d3f72ee7f06343d4,5932581b16794942373c4b16aec00b34be371314,-15.76366684929817,-47.881045763712265,-15.76365970069009,-47.88103245104539,2024-06,2024,lr4eaqu4xis25y2VeF-3sQ,71.94142575589088,© Google,OK,8_6,191281.01203208344,8255096.266752795,c71644937237ad49b8cef8005ae234a92b757a7c,cardinal,4,0,0_deg_north,cardinal,0,0,90,640,640,2,batch_0002,393,349
6316ec63280db5c07ce3d14bc4c0288d6d1f8ff8,48c04734e15cdb7c5bfb52e018e942a03abe4067,-15.860179470788635,-47.44150421514007,-15.86016487301627,-47.44150813110723,2025-07,2025,WwDrHleZeU6_wvg0_3VQSA,282.60048105893975,© Google,OK,17_4,238530.97181598897,8245007.550337625,1b6878b3fcae40a5ccc5f6884a3a142f39b0138f,cardinal,4,0,0_deg_north,cardinal,0,0,90,640,640,2,batch_0002,397,350
6331b8bd835b6c858593e7b66d0cc98594eb3e87,394fb989bd9ee86bb70e2cf57abdf74c0c740287,-15.789522549997004,-47.38074840012393,-15.78955171612399,-47.38075970077988,2025-07,2025,SlqBTiZGXS0a-ahgbXaTCQ,171.97672095956074,© Google,OK,19_6,244952.0924319176,8252903.795832863,9ea733cc6f0c71c2e2a21d92a611e855539b4a38,cardinal,4,0,0_deg_north,cardinal,0,0,90,640,640,2,batch_0002,401,351
63cf7fd4b771e5c65176b2348e53f7f475b409b8,57fd44d60c61ab16950ef5cfadd341b61e8e652f,-15.897099331180124,-48.142708367039745,-15.89708511005823,-48.14268288161313,2025-02,2025,uGap3pjuouINoaRGKCGXmQ,63.72546185476536,© Google,OK,2_3,163440.7171283393,8239916.773959427,38d5fcbe88899cc5d78aab9f66017066988b28be,cardinal,4,0,0_deg_north,cardinal,0,0,90,640,640,2,batch_0002,405,352
64e4bb62f4450119167faeff1c9dd9980509492c,1368b123cb1a54da9082497822d9aad0d559c031,-15.743774383722473,-47.76080516245055,-15.74375192873853,-47.76075874177759,2024-07,2024,x6O92Khs8LqDoMbehYJkAA,94.68292496377327,© Google,OK,11_6,204145.32686066584,8257471.399150908,f8994fa240160ecd6ccb2ca228d3e9deb7d8e355,cardinal,4,0,0_deg_north,cardinal,0,0,90,640,640,2,batch_0002,409,353
68526edd60f44787da697893e6978009d83b2503,8f84aff31ff1cd870eecef0ab8990e459aa58f46,-15.50734290436078,-47.474215977064375,-15.50736909361183,-47.47428756877557,2025-07,2025,VsFURsYPpk4MQX0EmdArHA,192.18604988965382,© Google,OK,17_12,234569.6568405597,8284025.410158323,3b7fb80218701233ab500fbe179b43f838223843,cardinal,4,0,0_deg_north,cardinal,0,0,90,640,640,2,batch_0002,413,354
6861978ecd764f74a460a756d494cd1841ff8eca,e97e00591f0b1e3d7ac2181fb6f8d68eecc7e627,-15.885158100025919,-48.01443254998297,-15.88516017815472,-48.01447863314112,2024-06,2024,ZzRfWu02w-3IbLRJsdWQow,65.37206589347936,© Google,OK,5_3,177170.06094904436,8241441.740150234,ad4c6ba05cfbb17089c688869e70aa5299388f20,cardinal,4,0,0_deg_north,cardinal,0,0,90,640,640,2,batch_0002,417,355
69386cb863896d4124a95a5b9724904c9fb5d27f,aa90a2f32c7dfdfe903a2a59e45859f44e635dda,-15.89817780009697,-48.03966124995857,-15.89814105332569,-48.03963807182373,2025-06,2025,WxNtMQEhasBGeem9wVdZuQ,251.86659999843954,© Google,OK,5_3,174487.00323272558,8239960.713096254,56302c08cab5aadc78c88f0286bef3faabdc1970,cardinal,4,0,0_deg_north,cardinal,0,0,90,640,640,2,batch_0002,421,356
69969c55a8a1685d5381488a11693012135273c9,769be22cf83f36a025f6e0f38b0bfdf423972c52,-15.939303500414985,-47.94805174972458,-15.93927603950254,-47.94801438564416,2024-12,2024,Do1JwIkA414u8iM69d7_qg,245.37006130597175,© Google,OK,7_2,184369.18984566248,8235547.1553905625,42d8e001ad321e42e9357c344ca942aedcce34b0,cardinal,4,0,0_deg_north,cardinal,0,0,90,640,640,2,batch_0002,425,357
6a1b981675b5ddb5ff1763a855c40dd1826eb6b6,8cdd1f0f1c495c4da5f5f42394a640a6451d32da,-15.905510800000103,-48.08243960034306,-15.9055158774597,-48.08245650937497,2025-07,2025,kz3O37eIVuyM755XSLdofg,161.69512313130332,© Google,OK,4_3,169914.1554582387,8239081.416803523,e8a95c081efd7af69cd75c3a52088b0408b4be91,cardinal,4,0,0_deg_north,cardinal,0,0,90,640,640,2,batch_0002,429,358
6bb6ff604acd80895c5e6717d4da916053719a56,161bcbb69b1c345acfd048060ef537dd2caf4e64,-15.645313049999274,-47.650142100008466,-15.64535067831659,-47.65016094804547,2024-08,2024,C-GvT7mfZMszVm9ojwVqdg,172.4246071464142,© Google,OK,13_9,215875.17652242654,8268524.50610991,fd4212a2051f67549808c21622a466a9977efa81,cardinal,4,0,0_deg_north,cardinal,0,0,90,640,640,2,batch_0002,433,359
6d087af950d95fb444dbaaf0bf874f42d1760e41,bc7dae443b54ab2851d287c575dd10d71d9e46fc,-15.806374700004442,-47.8952003000122,-15.80639514826833,-47.89520524997724,2024-05,2024,LQIswYA9GwEl3JP9VWwrvg,131.6634434075333,© Google,OK,8_5,189828.23726868327,8250346.275481185,647493dc92e4666da516b0eedfd09ada2b68ddca,cardinal,4,0,0_deg_north,cardinal,0,0,90,640,640,2,batch_0002,437,360
6db85b7c26ef1625fbe9c109ed449ec664ef07b7,23d1ab40e9eed5e821acb1cdac2971e4e89e94c6,-15.715490637235494,-47.39049936736366,-15.71550284030203,-47.39049796118019,2024-12,2024,h0Pz-gWiATv070wGrlxvvA,313.2396458005214,© Google,OK,18_7,243814.08180020525,8261086.879485446,71d3578b3fde39d620fd1f9e5fe3b9797671ad19,cardinal,4,0,0_deg_north,cardinal,0,0,90,640,640,2,batch_0002,441,361
6df4c01c16ef74ddf4ce3cd67c569cdc3fb82716,484f8f091153709a948229cfcaf70d7c75b97c38,-15.624535650456947,-47.657147350715235,-15.62455255220909,-47.6571146555855,2024-08,2024,C-Pwe4X7WI7crDbOMlWTYQ,118.95244921561125,© Google,OK,13_9,215094.90058319518,8270815.443850369,5ce6b40ea20f44aea4953ca92cbc44bf841e0050,cardinal,4,0,0_deg_north,cardinal,0,0,90,640,640,2,batch_0002,445,362
6f38a4d4fa97afb06c8b178cec9125404b71cf5a,40cb0831f9f6c7516877e6055cfd1f29f30f9b4b,-15.903648121496635,-47.75821152894213,-15.90367466496001,-47.75825004038565,2025-01,2025,rFjA91v5gh3YHmLMtBhjGg,71.24704517717039,© Google,OK,11_3,204655.9982820464,8239773.4088008925,5c063bd43709de62e55ba11dd25684ad1a76b665,cardinal,4,0,0_deg_north,cardinal,0,0,90,640,640,2,batch_0002,449,363
7248579ab8a564691ec250e44dd8fb1db944e640,a55334eaa1452645cacf3ce788d9c14a43d01d21,-15.744644344668936,-47.843895134823434,-15.7446590511754,-47.8439142710606,2024-05,2024,jAnHCchsEYytazFgRHd4vg,138.988503070644,© Google,OK,9_6,195236.31001805913,8257256.723579173,35ba0fc0aa28c14063a33f07ab0159832775a62b,cardinal,4,0,0_deg_north,cardinal,0,0,90,640,640,2,batch_0002,453,364
73b30f23a810bdbf221cc4b9a727b389046e1ce3,18b0d230958621c8c79153f597546d3f2865521e,-15.601186450076767,-47.65138889943254,-15.6012068121372,-47.65140765121921,2024-08,2024,TywCdhfSDjsdS6fQ9vs5og,2.548489616096752,© Google,OK,13_10,215680.4955289896,8273408.206681289,f8ae408d5c8b9b2fece0869c080eb6f0c8da8940,cardinal,4,0,0_deg_north,cardinal,0,0,90,640,640,2,batch_0002,457,365
767599b431edc0343cea29c49e54218b105b3c4c,a1c9b716b0fd618a644e7acb664164b780cef724,-16.0359785000193,-48.03230464977912,-16.03596233026126,-48.03229612416121,2025-02,2025,4pIVLuGrTMxCStM9zr6iAQ,179.18163154712013,© Google,OK,5_0,175497.82963783568,8224711.215160394,55518690f669f3e7c92343bd726f0de8a6cec125,cardinal,4,0,0_deg_north,cardinal,0,0,90,640,640,2,batch_0002,461,366
76eb22d85e9800f941f6566f4cd509f2d48f1a9f,e26e240e4513956b5306f2770bd6078b7190ca78,-15.903799200047132,-47.927755299787115,-15.90379086288475,-47.92775353250384,2024-12,2024,cCOMVrW5qobQLlBcZxLmlw,191.21267175538645,© Google,OK,7_3,186488.67576388465,8239509.452524444,787eb48f161a05f4eff5464bb0c494aeff5aae16,cardinal,4,0,0_deg_north,cardinal,0,0,90,640,640,2,batch_0002,465,367
7817a7e28af2f035370a8c1f3cb80f6dff48985a,21725926d467bf9d959f47c8d60aada226d4dcf1,-15.711529614110121,-47.91159724339203,-15.71148547385854,-47.91159811486813,2026-02,2026,yg6jQ0oMA12Mi7cNkvl1Iw,125.49037935539347,© Google,OK,7_7,187925.21011640126,8260824.625652713,c5f218c5da2896f0e186101edcc39e396d71246e,cardinal,4,0,0_deg_north,cardinal,0,0,90,640,640,2,batch_0002,469,368
7983e7a7c3aeb26bae016288a75e832b979aa0e8,67ee65c15ae11709aca85b78350e17b841d0c7a6,-15.789804125471278,-47.84657472928087,-15.78979049652938,-47.84655478409277,2024-09,2024,prThEUGCe2h4Z0cgZ0KPCQ,270.36121918826564,© Google,OK,9_5,195016.51460302674,8252252.338270906,0942fbf878698c2a93ef44845eb1b19bc631d507,cardinal,4,0,0_deg_north,cardinal,0,0,90,640,640,2,batch_0002,473,369
799dac7f1dbbbb85d22ad598141a6913e9187640,659a70dbe2ec29295efff8d378b67643ea9b2ff8,-15.764013900412223,-47.882202799818195,-15.76402617872746,-47.88223473846127,2024-06,2024,YIyYCijOsVi2bZBWQvPUaQ,251.75021405634953,© Google,OK,8_6,191157.46547754624,8255056.14032222,41443d4d176dc61ae1af33c8369af807e4bbb182,cardinal,4,0,0_deg_north,cardinal,0,0,90,640,640,2,batch_0002,477,370
7b075dfe55bf61a23513586d12e74f2f624b0cbe,174cf1b3ba8db6f7877af21472cf72bf6058b978,-15.748428500042461,-47.66426269999005,-15.74849072962322,-47.66441354320655,2025-07,2025,GR6kkGQ8ZwEZVwCcj2YOyA,78.10848430957216,© Google,OK,13_6,214504.0827230912,8257089.204410908,39b52fe76ee6d61b0499b1ba1b1c6219dcbbf43b,cardinal,4,0,0_deg_north,cardinal,0,0,90,640,640,2,batch_0002,481,371
7b586245f3c4cd904052c55ea7611b42b045cd11,d7e5f8db8af8982335b71992f5b29aaba8eb3247,-15.768084691841992,-47.877633035781535,-15.76809667120641,-47.87763692739674,2024-06,2024,o4zUqJD080Ctf9kaAMjR1Q,289.56038275809544,© Google,OK,8_6,191653.64910830755,8254612.071401672,25dfcbebf755b771ce5df87e6833303b63088bce,cardinal,4,0,0_deg_north,cardinal,0,0,90,640,640,2,batch_0002,485,372
7c3e2882e054931152f802fe9555521d812226e8,1b8f83601bcd7e37ef73b7ce582e8aa348dcc2bc,-15.922130751510963,-48.05428619932767,-15.9221206444102,-48.05425013548873,2025-07,2025,YaQ04VfIDWrMopHrfq9ghA,251.3375411635094,© Google,OK,4_2,172958.37331817424,8237285.114599725,b98a5effb1152140960ed236a644e36210b02c8f,cardinal,4,0,0_deg_north,cardinal,0,0,90,640,640,2,batch_0002,489,373
7dbe19c8a7b8ad1654668b7678d7db2212248c22,5b04fbbf84e2e75c5e01a59cf407e1aa9b6f0fb7,-16.003498349998058,-47.99338550002922,-16.00353095793938,-47.9933825423203,2025-02,2025,Mpv524owm-Cl-Ri-9nmeFw,348.3529924445537,© Google,OK,6_1,179614.11087508601,8228368.786283681,525ef8183327591acaec4a23bef9c8412a061375,cardinal,4,0,0_deg_north,cardinal,0,0,90,640,640,2,batch_0002,493,374
7e6adc2d69ea7b824f695cb65fb344e4cdeb4de7,7f07b868e108c3a81f8b4372629c2395d57993ea,-15.846284550005558,-47.83147259998636,-15.84631309085367,-47.8314648772096,2024-12,2024,JkU0geIBFN6OVCmPewiRRQ,208.6167369867811,© Google,OK,9_4,196720.01310130276,8246020.19950697,d9a69821acc702b45fcce55b74297e65921e6c39,cardinal,4,0,0_deg_north,cardinal,0,0,90,640,640,2,batch_0002,497,375
7f4efe4796756540e0a3aacb64a0e4888a1f4499,73105fcfd189062f0b9e877e8ae01aa904cc1635,-15.800870950051383,-48.0110837500202,-15.80088209547738,-48.01106662149548,2024-09,2024,xwcznYeOSX0WjfwCHFjgig,94.59952744613501,© Google,OK,5_5,177394.93657086612,8250781.189070834,0a9be1c0f4fd3fb7f33219e509395de77d27deb5,cardinal,4,0,0_deg_north,cardinal,0,0,90,640,640,2,batch_0002,501,376
7fe2e6356c5b4e559431d8f2b460c34df48e0978,732fa56ee1afa713e61522829fa196b08aed412b,-15.935369500000915,-47.945579850011725,-15.93538802176374,-47.94558074808225,2024-12,2024,3zz-PRfwle_qqVqOBNJHPg,335.1014705844386,© Google,OK,7_2,184627.8860343478,8235986.546246771,8df8116a641c6095a95f7ccd2dff8e3c839638ca,cardinal,4,0,0_deg_north,cardinal,0,0,90,640,640,2,batch_0002,505,377
814510826b0649a69364b377f612d09e061a6fa9,878b2ac6b8e030b97d89cae21896bc9a4cda71ed,-15.727476249639205,-47.66012999937518,-15.72746146219404,-47.66010865985834,2024-08,2024,3wue4WS6aQmE46EfzbUbIw,6.417978985142976,© Google,OK,13_7,214917.9727680382,8259414.508002433,2fe1808b3067616d2c7d52244846dacb6e0d9d2f,cardinal,4,0,0_deg_north,cardinal,0,0,90,640,640,2,batch_0002,509,378
81bc4ee960fd0fcd29bb966dbbd5603e68c257ab,1e8fd6d3a62ecc3826f5c0497dc2c7a6242055f9,-15.81781514999418,-47.56890080366308,-15.81780888137395,-47.56889290534712,2025-07,2025,gFGgi5Z6dBxKises6xwBtw,346.2849319945372,© Google,OK,15_5,224822.56463277846,8249534.396926982,a1181953c47333803889bb4be1ef07e050e2b584,cardinal,4,0,0_deg_north,cardinal,0,0,90,640,640,2,batch_0002,513,379
81f1d178b8afa5d304cc8862b713f141ecd8ac73,e1ab68b90db52c536f6b88fb46f442315e844d7e,-15.604652000042003,-47.689843000265924,-15.60468266276405,-47.68985995024059,2024-07,2024,Tw1aGG5Jk4Jd_yVFpbaWfA,328.5443666268718,© Google,OK,12_10,211559.15884760494,8272972.754650166,0f0be2e860bb2d9e6623358c11e04033a30a2566,cardinal,4,0,0_deg_north,cardinal,0,0,90,640,640,2,batch_0002,517,380
848ea6e71611444c6d404fd16b478f7486a4058a,aa071650682aaf5e31e22952755eb7009f4634b8,-16.0077506999897,-47.98685520016494,-16.00776709765269,-47.98685653245184,2025-01,2025,Ce5z8rS72ztI3NSZLtyflg,348.13400865340486,© Google,OK,6_1,180320.37392019905,8227907.942162103,a3542473a63fa9ac98907e90e50e0b7d8fa403a8,cardinal,4,0,0_deg_north,cardinal,0,0,90,640,640,2,batch_0002,521,381
84e2e6a307912ab354fe54f0b77bc22704609d7c,bc8c40facc61568a5e947b8982c999a3aa5b1937,-15.715117955120727,-47.390877528723706,-15.7151412519981,-47.39089908818168,2024-05,2024,er8emrPcLY6hmv6eStwbCQ,195.72935666863006,© Google,OK,18_7,243773.06810263122,8261127.674744528,0c4b1ddde8b0ae863e6e586c1049dc03d4130d9b,cardinal,4,0,0_deg_north,cardinal,0,0,90,640,640,2,batch_0002,525,382
86ebe77212078f68d84473cf565e31c49dfed648,a2cfb5bcae2344e2e9b7cdafbf57ef7c3a364966,-15.948218201887679,-47.846918000189994,-15.94825951726337,-47.84691108851059,2025-05,2025,9qkMgIzuKslZRMjZFv78qA,87.23467383574071,© Google,OK,9_2,195218.236513868,8234710.63586879,53662350cdfecd89e684bda3129a07ad1871f56b,cardinal,4,0,0_deg_north,cardinal,0,0,90,640,640,2,batch_0002,529,383
892199d31412a1eddf2f9e765d0609c806cd5893,dc6f9c430e9189eb6887f265a73a54b8da1c6280,-15.899149442185768,-48.14735255483541,-15.89914687462426,-48.14734473844076,2025-06,2025,vxKG7NNbhyrp2KGby71CmQ,87.4117724555517,© Google,OK,2_3,162946.35338287958,8239682.219251781,341db4e5a886d7e569c63ee30927d98c3d8e9bbe,cardinal,4,0,0_deg_north,cardinal,0,0,90,640,640,2,batch_0002,533,384
897988661f11cdd33a3e93acdddb80d24735d163,61ea3aab9fdb1b5b322037bc4a5c752699c028f1,-15.906184485356533,-48.2497138141493,-15.90624006041839,-48.24954657872925,2025-05,2025,XwWRv8k4Sh8lE2Xr1fZMng,247.83167407866358,© Google,OK,0_3,151986.58380211837,8238735.00669138,cf935dc07dd3c6338cbf071684f33f38579b9963,cardinal,4,0,0_deg_north,cardinal,0,0,90,640,640,2,batch_0002,537,385
8b53df5bcb4b4fb2246bbbbe8a8d528e31d63218,565571270c58c000ab6128fe67ba09559db40001,-15.871560800124044,-47.964180699817426,-15.8715763362955,-47.96422544761656,2024-06,2024,j6dfGzOtdTROp1vETy5ccw,45.02235248575492,© Google,OK,6_4,182534.5852469873,8243024.488122071,6c962c4d2ce0c7476d4f0db1535b668ed478a527,cardinal,4,0,0_deg_north,cardinal,0,0,90,640,640,2,batch_0002,541,386
8d2c0ab1bb8e13ac86563592388a52db7177991b,ab60dc8d3c2b1d6bf6f8ee8e144f55ba7f4d5612,-15.798124165052108,-47.892235297873945,-15.79810380260144,-47.8922549041613,2024-05,2024,yTcFlbnncCAm2PMmQoJ5sg,209.08263532579335,© Google,OK,8_5,190133.54903688224,8251264.261595914,2ca1de86bc8ef9eb046704ee47f0f0d639542bef,cardinal,4,0,0_deg_north,cardinal,0,0,90,640,640,2,batch_0002,545,387
8d323cd5397db940d200194769c4eb5be67a5eaa,716fce700bc366d8033638299e3603c735b4a76d,-15.651650550664066,-47.80595535041958,-15.65165977914489,-47.80591842162266,2024-07,2024,ZA5D_pJ9dZD8mlbxZpdRZA,280.7811650189996,© Google,OK,10_9,199168.35691052492,8267607.978278292,00c769c222be23e4cb29ebcf0b16692343d4a08d,cardinal,4,0,0_deg_north,cardinal,0,0,90,640,640,2,batch_0002,549,388
8d63d7f51bee8f9e09f7c4d0d049ff45b906b7c9,938913e3e7165d9922927da792f97e20350bc0aa,-15.858622300723095,-47.489414650440274,-15.85859794804805,-47.48945642674122,2024-09,2024,UzgQW6N9_LCUQzI4lc0xXw,280.9671931076099,© Google,OK,16_4,233395.2919979692,8245119.524423935,a11c2dc21070558efa6e63f82bd722eb2afd0619,cardinal,4,0,0_deg_north,cardinal,0,0,90,640,640,2,batch_0002,553,389
8d9f19266553e909533b66df287cb5192548da81,815f4ea9e2f2241902d8c80b8482b994de38f3fa,-15.678106150000383,-48.201657199998394,-15.67814189634801,-48.2016145118255,2024-08,2024,l8xDohpU-w_PYX_CruAVUg,192.35107023951934,© Google,OK,1_8,156753.02981064122,8264076.652129296,dd211b93af91634f7d5b55d2d1bece9431e25568,cardinal,4,0,0_deg_north,cardinal,0,0,90,640,640,2,batch_0002,557,390
8e6fcaec2662f37c400522ac1494508ed80a99d3,2763a1cee91e3ac94a109bbda6664c0c1c0e532e,-15.9750329101943,-47.502210541402675,-15.9750428186214,-47.50220828161603,2024-09,2024,if4F4frXMCEKGUFosA06FA,50.6720510283651,© Google,OK,16_1,232178.61112709733,8232216.090344891,13bc08feab189bb810c5bb6bf4eef5554a92a85d,cardinal,4,0,0_deg_north,cardinal,0,0,90,640,640,2,batch_0002,561,391
921ce4124d09de6a7b84dd2ff98089b7e6e86669,d17ee83f269eda257bf616bc436f9adf95232262,-15.76592410001916,-47.60374990006543,-15.76594494525281,-47.6038905594567,2025-07,2025,CCjhtA-ktpuE6Yq-e2OhCA,137.7585803563321,© Google,OK,14_6,221016.2857345269,8255233.281315735,5ce9e4c9b8ee0189e9d612c9c9d3e968fbe021a7,cardinal,4,0,0_deg_north,cardinal,0,0,90,640,640,2,batch_0002,565,392
944bd81ef9794d94dadc668a2d6a35921abcc703,e63ab988d729b23597fdb3769fe46b6498dc8944,-15.581785303699448,-47.42858114988382,-15.58175224155778,-47.42856807992405,2024-08,2024,P3O0Pcnasc5nUaXjr6BCgw,264.2832127909312,© Google,OK,18_10,239561.51154479932,8275841.035744848,a46ebd87cc2ab3c2fce74350dd31e3ff4394ca92,cardinal,4,0,0_deg_north,cardinal,0,0,90,640,640,2,batch_0002,569,393
952e2e1cad039e90cb0e05f70e1028e546e4855d,2a25294ab6d8cb89ab398068358d958e55f6de5b,-15.758975350009361,-47.83134270005626,-15.75901539632451,-47.83133180076746,2024-05,2024,dZe-8OI-XPCB4fG4uiiJ2A,327.09485641852814,© Google,OK,9_6,196603.72927955788,8255687.986628104,c83465f8edcc889be73c5dac90c35eeeacfa57cf,cardinal,4,0,0_deg_north,cardinal,0,0,90,640,640,2,batch_0002,573,394
9650c655085ea265b3debbe174c1908947406aa0,af4b639aae2779fbe06c2e3b5fc2f97ad98b89ec,-15.545968630398999,-47.54475101044842,-15.54598529184145,-47.54473826502907,2025-07,2025,C6QpXFZU5fYjQNLYpQk1oA,216.42110214739918,© Google,OK,15_11,227049.3961217255,8279660.679834629,c0be39076a0517597c48dc72f31a351567a052d1,cardinal,4,0,0_deg_north,cardinal,0,0,90,640,640,2,batch_0002,577,395
97f3ce7393e46d6f97fc79814f833508af412e15,adde8541495b539c97014793593cb275f3f40466,-15.544193127474223,-47.4863321422149,-15.54416802436768,-47.48633290108459,2025-07,2025,NjImEaNsxA4Nvc9YKIoiEA,205.8405131753014,© Google,OK,16_11,233316.56297461138,8279931.047723319,3841ffdc81089aeba25e78a891f53cf1a8194ac7,cardinal,4,0,0_deg_north,cardinal,0,0,90,640,640,2,batch_0002,581,396
988d7198fa530682489b8edbbec1c292e438b0c7,25b02f3e1046eda5dd313e56a63a8c88a13c4b20,-15.65493216588947,-47.48838692793458,-15.65494782058807,-47.48834967319286,2025-07,2025,VkOUucGGdhuZI5kHO1v57g,85.55386480606265,© Google,OK,16_9,233239.31043524682,8267669.642228732,2591da26ccce2a63231b6beb72f30b65565d5d4f,cardinal,4,0,0_deg_north,cardinal,0,0,90,640,640,2,batch_0002,585,397
9a4e31454c96d32d19a506e795fc769df93e8dd6,bd341128c3e22343bcfad667b9fa2f258767f2b8,-15.834432170486586,-48.21882667671125,-15.83447903327233,-48.21885002654033,2026-02,2026,Y05FsNt6KVSREFszKT8g1g,186.55761681824052,© Google,OK,1_4,155175.06942039248,8246733.760027789,d1ca3837181815d2922603e068e6d8653481d5e8,cardinal,4,0,0_deg_north,cardinal,0,0,90,640,640,2,batch_0002,589,398
9ab9c5b57486bd0636f8712490b69d2c80c0640c,18f7d152a9c598bd08aa53ef7fe92187298111e0,-15.73967985474349,-47.88663862826316,-15.73968107082891,-47.88662859775346,2024-06,2024,ckkU8G7KbZsVdGxAWDo-FA,252.17436636822183,© Google,OK,8_7,190644.91343407656,8257744.198495551,bbbe2b15db365796cde2998a40d78f4a93634178,cardinal,4,0,0_deg_north,cardinal,0,0,90,640,640,2,batch_0002,593,399
9b96bdfb46fa0509b323dd8e1fbc5aaf663a97b0,7095521f770b38e1238ee7eacdc42200586a308c,-16.030458698860752,-47.8046462144959,-16.03049174713667,-47.80449228272431,2025-07,2025,KqwXF6VFIkfWQcNztrp_mw,104.73177361415071,© Google,OK,10_0,199869.7176962657,8225665.764635374,994abf5a1a623f3670e6ac25fe8d1b4354b16a7b,cardinal,4,0,0_deg_north,cardinal,0,0,90,640,640,2,batch_0002,597,400
9d135823763f6d0def76e089588f98cf0264d417,b14f9e98efffc0d5fb7f0b731de4543ded59e564,-15.939320900106841,-47.59359424997134,-15.93931169548327,-47.59361086924242,2024-09,2024,VuG-l1Wi7f0qowFLPaI1bw,257.34878857959075,© Google,OK,14_2,222342.60912364567,8236049.940568348,f45345685f0ff8ffcc7245a1b932985f3fd06393,cardinal,4,0,0_deg_north,cardinal,0,0,90,640,640,2,batch_0002,601,401
9e430577d5fdb6d7b5baf8112661c56fe8935240,6dbd7233ca707ad51e9920305c9fe859c1b08b20,-15.893748600089738,-48.13948024993809,-15.89374111352173,-48.13947836741026,2025-03,2025,d7UyKKtnIvcsRgjBvfN32A,244.17674195609078,© Google,OK,2_3,163781.14439489902,8240293.087152979,b4be0a9f76549dfeeed728e53e182421c4ed28af,cardinal,4,0,0_deg_north,cardinal,0,0,90,640,640,2,batch_0002,605,402
9ea0f45bfa12daaabdf98c90845d836ffcd5c01e,43379f3a89b5fc4820137d5f19b3f78b8bf50e55,-15.896630799999276,-48.03994200005114,-15.89662527181649,-48.03994543277251,2025-06,2025,n1QJEamEZEiZgY7j_Jx-5g,343.39186260142264,© Google,OK,5_3,174454.42167806646,8240131.600560255,d612baa3bad844e2b8cbf222970953ec1498bb7e,cardinal,4,0,0_deg_north,cardinal,0,0,90,640,640,2,batch_0002,609,403
9f1a8388b899a7a6e8b6944e60e60afcbd249a9a,39ce0295ced9a18832238103f6c970e45e89bea1,-16.04534570759128,-48.18966237361917,-16.04534637389677,-48.18965639943892,2025-05,2025,gxKECS-wVPNivSVNPjnL3Q,59.468201620089594,© Google,OK,1_0,158659.68024862523,8223420.643218267,2ec3e197ccc48fe8734deb62b7efc63de29f846c,cardinal,4,0,0_deg_north,cardinal,0,0,90,640,640,2,batch_0002,613,404
9fdd4cbb98be783c705058ecbb6adb6530198a45,cddd33f6bdc28f0024b1964bf20c36a87061bd85,-15.582633750226021,-47.43674904999589,-15.582606199782,-47.43675003354749,2024-11,2024,FsghWhAzvojaruqNCNUBcw,84.63768329094198,© Google,OK,17_10,238686.2137727224,8275737.114807222,e02c38e4a093d3dd741dbf6f8cc36ff62d9d8c87,cardinal,4,0,0_deg_north,cardinal,0,0,90,640,640,2,batch_0002,617,405
a0c4a2befb5ea95c67f0ddc82f3d693fe841eb4d,46a2c146e1e5df9e8cfafc985d91c95a0b3e1817,-15.653863962874265,-47.84408768911229,-15.65385774618705,-47.84408401008136,2024-08,2024,JDnMYmLRy7hdKRo0Ot5R6Q,228.3212982104366,© Google,OK,9_8,195080.5331219169,8267308.425678821,8a48f5b6059e6947d7288bd3f3afa8ec757b8a49,cardinal,4,0,0_deg_north,cardinal,0,0,90,640,640,2,batch_0002,621,406
a10f1d1b3e916be87e26bcd774d34e92574f082d,6424835270bab9c365434b70108d142bc5fca975,-15.603211000040538,-47.69022350026106,-15.60323330895391,-47.69020798837165,2024-07,2024,SiS4Ugqau4qW3bJ2A0I4Xw,328.79287651631745,© Google,OK,12_10,211516.31426063122,8273131.779606039,f94c9109e5d04820b077f246cdc303bf0f7b5d8f,cardinal,4,0,0_deg_north,cardinal,0,0,90,640,640,2,batch_0002,625,407
a146a4371e1445fedf11187dca59988ff66bf49e,22428d13a03217f2f0d63330b0525a5704cc7ead,-15.732825985126441,-47.904564483618415,-15.73283903387085,-47.90454864716244,2024-06,2024,9tV350pGLKX4jmgWPLosug,154.90314387228324,© Google,OK,7_7,188711.98340465935,8258476.775354437,e078131f20612e6aa4527ea194a6a0593d6e01b8,cardinal,4,0,0_deg_north,cardinal,0,0,90,640,640,2,batch_0002,629,408
a27a34f7bb7572447125054b1b329d53214d0d8e,f4b72ed647680ddcaa1be63c502cc6b18eda6e20,-15.791712300000002,-47.99766010000005,-15.79172474920752,-47.997684775139,2025-07,2025,RhsFKJTVitnBFFBa7qy2Zw,163.71959991944746,© Google,OK,5_5,178819.80539730127,8251816.008884894,1c27ac343408314f7152edf5b2d82622ec81beee,cardinal,4,0,0_deg_north,cardinal,0,0,90,640,640,2,batch_0002,633,409
a289eef9fe91afee349acff6307e88d927ef3792,bf2a6379243d917c2fdfea91823fd3097853a2d2,-15.940335551700306,-47.57805049955242,-15.94034583540919,-47.57803518073367,2024-09,2024,YHq2JxpgwYsIHVqPzDHmuw,257.52410060617603,© Google,OK,15_2,224008.99871472953,8235958.258967076,b0837c6371e7c3c22329d9287a52a997372051ce,cardinal,4,0,0_deg_north,cardinal,0,0,90,640,640,2,batch_0002,637,410
a4363abfeaee3dae9d2452bab043387b7dcb570d,1bc4dd17d97f2f54cb1c31c1ba52e5d7de9c55cd,-15.845387901153543,-47.84080919974747,-15.84538630248043,-47.84082981840394,2024-12,2024,EqvPlzBpurxA1rlkdkH1Gw,258.2337959248406,© Google,OK,9_4,195717.92024690032,8246105.947202822,417f14790a2428fecbfea977d0d47153c70d4573,cardinal,4,0,0_deg_north,cardinal,0,0,90,640,640,2,batch_0002,641,411
a4f5ef0a057a0eea11f50bee07939ea8dc2c98dd,9b9733695fe043c0fba404864793c45aeb979846,-15.937887900261602,-48.22761020007873,-15.93761016292902,-48.22769411559901,2025-05,2025,Lbl9eDHYDFmc-3NiRCyAVA,91.85729104386517,© Google,OK,1_2,154410.1467620047,8235260.156587677,30fffc5d6e8f19200fd04d2ed2998eaa01464ed1,cardinal,4,0,0_deg_north,cardinal,0,0,90,640,640,2,batch_0002,645,412
a5b5bc1600316dad2d1b540b769db013e82742fc,f19ef860f64e28d534d89be0846e916b2caeb7a1,-16.02691849031063,-47.983955881809564,-16.02690741045064,-47.98398652444989,2024-08,2024,5WY3jRklkCHfeFCsJhnUaQ,112.34547329857503,© Google,OK,6_0,180661.45616207473,8225789.714960977,5782d7198d5b41daae90b248c49c8208d22c6fcc,cardinal,4,0,0_deg_north,cardinal,0,0,90,640,640,2,batch_0002,649,413
a61ec637c05e1bbaaa366cdbd544645b5178e15d,915a943adf83fc2f8348d4a366be9e238fcb79b9,-15.729546901287826,-47.87523310222485,-15.72952497335025,-47.87524374858855,2024-05,2024,UTuHw2HErodev9knVcHn-w,300.6669898984645,© Google,OK,8_7,191852.82093181735,8258882.9330540495,58a1eba9283707518e24ab0846d1520b1276fed3,cardinal,4,0,0_deg_north,cardinal,0,0,90,640,640,2,batch_0002,653,414
a6b712ba2603c92166967d316730c035b00f725e,511dff4d30a6613dc986e96af57a8adfc14d451d,-15.519680700841606,-47.561481795522624,-15.51963917722557,-47.56148049135432,2025-07,2025,2EaAgqz5otqkqX1O2MuSvw,89.62047440163661,© Google,OK,15_12,225218.95587415562,8282549.428460949,e4cd5bdfe7674fa881e48335661d3a7dcc91a645,cardinal,4,0,0_deg_north,cardinal,0,0,90,640,640,2,batch_0002,657,415
a70cbd0889ada4059e1dbbea20ca5f18c10d4208,6e11ebea038a42ec5e10c1c56e68ccbf320c8b71,-15.597728257385747,-47.57398676348484,-15.59772527637979,-47.57402179282502,2025-07,2025,cmrvChJdZK5kl_WC2Ri8Zw,189.77669902206196,© Google,OK,15_10,223980.90460844673,8273892.973241931,91835a41a935b1461fb86668167aaa600bdbc4e1,cardinal,4,0,0_deg_north,cardinal,0,0,90,640,640,2,batch_0002,661,416
a75db4119b224c7fe576e8ecc0acccdfaf767810,8af57da800d57a39abb53744b493784bad90a4c0,-15.602141800080151,-47.65050615002188,-15.60214431357043,-47.65049610786269,2025-07,2025,EZyv9cOW1yF7oV7Nem3XVA,92.1611834519109,© Google,OK,13_10,215776.5315064557,8273303.6170960115,29194f3bd80fe65c12a7caa0c3239b4eeff374ab,cardinal,4,0,0_deg_north,cardinal,0,0,90,640,640,2,batch_0002,665,417
a90dbf386de08efe9537b3c6e82d2b8572ca7baa,24acd5cb65a1da8700245d76af78eaa9bd784847,-15.778628450001142,-48.0469736999948,-15.77867161553029,-48.046999028052,2026-02,2026,wWOlid7DwS_0xMAGYx8n4A,190.71670090275134,© Google,OK,4_6,173510.94519453796,8253189.018957872,1a69839c02d09eb92522b2bd6a6b86dc86e15cd2,cardinal,4,0,0_deg_north,cardinal,0,0,90,640,640,2,batch_0002,669,418
abd6729459b289056f6e4f90da9755f92c406945,7ed5d31b0da0096e03d62a6178c447705cf7825a,-15.702699677444135,-47.357984154482835,-15.70272902278013,-47.35794825963404,2025-07,2025,BZiqnnvxQLmcOU52ywThHw,193.4330042653972,© Google,OK,19_8,247284.60084526968,8262541.8893090645,eb72f2896f6daeeff88f0562a7472c1c323b0f0f,cardinal,4,0,0_deg_north,cardinal,0,0,90,640,640,2,batch_0002,673,419
adb4ec56a6f344abb2664ec68acce159f7a6e10d,dff45ff7ff8494efddfce434e442d6230894f34e,-16.01159830000088,-47.47761170000042,-16.01158428274183,-47.47763507435297,2024-10,2024,bqGcdiAzJfZJ10AN6N0UYA,97.92724141843293,© Google,OK,17_1,234861.18962133166,8228199.729497494,9af7a9971247701e6ecfec6d4ee1ed5dc1095d6d,cardinal,4,0,0_deg_north,cardinal,0,0,90,640,640,2,batch_0002,677,420
ade0efeb1d813c89b2c525909f7c6591a512cb32,516ec40a3eea1bb9b9343552e94797fda29b5008,-15.575206925480227,-47.47694119648705,-15.57520524670235,-47.47691531708281,2024-08,2024,FKXNai1up8yM1ezcYUIRyA,259.1329796578442,© Google,OK,17_10,234364.2137510049,8276509.5536027,da69802123de033a213fcb7e66126e2e2803d98c,cardinal,4,0,0_deg_north,cardinal,0,0,90,640,640,2,batch_0002,681,421
b04761aae59c75ec04d4b178ebe11d694ebb4149,7a1902695293bc7e044662e333d3aec2e25aacbc,-15.759963050120582,-47.83390244976843,-15.75993285602365,-47.83388630867588,2024-05,2024,puNzI2eAQ4Ntff0opBPTJg,216.6328634908712,© Google,OK,9_6,196330.7143249805,8255574.931799294,b2bd2e4f093d2825c0a182e4c8bf6f4f5a3191f0,cardinal,4,0,0_deg_north,cardinal,0,0,90,640,640,2,batch_0002,685,422
b0e43c3e579082fea437814774647816ccce2a0e,a81975e0ba44ca04956f4a4734b543d4ae302850,-15.807388509124475,-48.0935515882183,-15.80736755746775,-48.09358978851534,2024-07,2024,qZ9Uxg9-v3Aee0BJTXLaSg,306.7785491841037,© Google,OK,3_5,168562.75562698458,8249930.967216772,f5691023f51eb9c53102ff9cef31dbace89ea2cc,cardinal,4,0,0_deg_north,cardinal,0,0,90,640,640,2,batch_0002,689,423
b0e8308eaa355f461de1ef1bc5071e747ccfde38,822d8ff0bbac42b44c64d5394f137079d456bfb5,-16.010463503128033,-47.98691445890789,-16.01045787258468,-47.98690172589545,2025-02,2025,V5FksiWvD9tOnBxhgFWByQ,78.75740836191724,© Google,OK,6_1,180318.34990179518,8227607.42705861,5d0315eec71ded2775fe7fb4177a955f99016045,cardinal,4,0,0_deg_north,cardinal,0,0,90,640,640,2,batch_0002,693,424
b1b71a81a22763d144cce3f976e0c2ebc6f96033,cdb95b961e255a05d3a9924994958e1d3876c3f1,-15.803799150043607,-47.894391250110196,-15.8038068508583,-47.89438154789814,2024-05,2024,gM8WsqnoPN8LOvNV2OvU2A,129.71085976896282,© Google,OK,8_5,189911.04908262356,8250632.66998505,bcea6875972b57e4a35f6456bbf515bb7f836e08,cardinal,4,0,0_deg_north,cardinal,0,0,90,640,640,2,batch_0002,697,425
b295a0923d88ef11e558ea08b3235852b887c183,86e2738357b23fa9db3992130d31ccadff9f9b96,-15.843442500005054,-47.626820650010096,-15.84349452691287,-47.62686014251054,2024-09,2024,xtYG5m52nah14Kup4dx3VA,125.01060885023097,© Google,OK,13_4,218650.08673525188,8246620.35356003,2adacfd57fec0c69a3198cece2f34bc34fac9f30,cardinal,4,0,0_deg_north,cardinal,0,0,90,640,640,2,batch_0002,701,426
b4189991d1e9b8fb976bf116b7996d779860eb2a,1db6aabf7b7ea0b3d4e158ee289a1aa46b1ef577,-15.525268110662573,-47.608099246084315,-15.52535624631164,-47.60811588462315,2025-07,2025,BCCSuYo-UzdjDKJsW3Czjw,255.29981145390767,© Google,OK,14_11,220222.69016018455,8281870.412642066,b8ae4e5c37b03d459adb4ae3eedc66a33cb9e904,cardinal,4,0,0_deg_north,cardinal,0,0,90,640,640,2,batch_0002,705,427
b543ddf75107b725e875421362d29bd96edcb632,3504a94f0a9939a176a8d0e4f1a65edc597d93ff,-16.015685950018703,-47.37832444996487,-16.01566634610062,-47.37833881242999,2024-10,2024,akM6BmHPCoSCmXS6DlMWZA,219.03115895668532,© Google,OK,19_1,245496.80650860316,8227871.574540164,1f4f47af0dd48797bdd789562ecca11ddaf96afa,cardinal,4,0,0_deg_north,cardinal,0,0,90,640,640,2,batch_0002,709,428
b5ec78fc439c703b4db8ff41cc781a05ca82a0f7,333bc6cb33531a93629e5234818aaf3a23d65a12,-15.937425368775923,-47.944619693674895,-15.9374033148667,-47.94462857388227,2024-12,2024,K_JnYgl9RuP8hsETBkVqRA,155.2133095162707,© Google,OK,7_2,184733.97925779366,8235760.33503403,ee87bc804854d7a60322b4e9fbc7fc8bfeb317e1,cardinal,4,0,0_deg_north,cardinal,0,0,90,640,640,2,batch_0002,713,429
b632627937a5e1c2df26c95eddecb5aabc15a060,7f64c7c3a829f89247cb8093064959585bd54baa,-15.666622798088737,-47.850460074049245,-15.66662464198059,-47.85049921517537,2025-12,2025,MynAY0BCGzymD9MVB1sCFQ,298.10804826077106,© Google,OK,9_8,194415.84255064267,8265886.480386726,30923e9c7fbc52da7eb51a3be87969d71198fe12,cardinal,4,0,0_deg_north,cardinal,0,0,90,640,640,2,batch_0002,717,430
b671dd43c6b08a5ef4aff214722dee3f13c3a1de,3895e87a4b64ca8d29f9194946cb1b645955a931,-16.042732800001204,-48.25688389999088,-16.04261787805361,-48.25688676134049,2025-05,2025,FP0T9fhfF6G2Rp-HCGiv2g,182.58698805558936,© Google,OK,0_0,151454.9011620158,8223597.989888428,0e3857c1b0251d35be6037fe529581b31b67bf0f,cardinal,4,0,0_deg_north,cardinal,0,0,90,640,640,2,batch_0002,721,431
b735902a831467aaf8fab1efa2119eea2024f568,c7a283b4bdb11d62356d513dd7af8f5bdb42164d,-15.707241900037724,-47.91160667135941,-15.70722374542322,-47.9115864927742,2026-02,2026,nlqK-hgu9QQ0u7SUAMTaUw,89.21110017697735,© Google,OK,7_7,187917.66031866198,8261299.408592008,477a683ab9c9299fded249c5029e0f7eea172e1c,cardinal,4,0,0_deg_north,cardinal,0,0,90,640,640,2,batch_0002,725,432
b80fff1cfb2806b7b545a67f8813e2925b50b621,424138f910a4f9e042c56ce88433a8cdd1abb858,-15.816567300005595,-47.9789823500908,-15.81656643182049,-47.97897191727849,2024-06,2024,ElMH42gFpG9RWJ2GOe431Q,156.3084395524208,© Google,OK,6_5,180861.57116694606,8249092.001238409,ba98ea0248b54016e64c3d518e5085d7a2ed1e81,cardinal,4,0,0_deg_north,cardinal,0,0,90,640,640,2,batch_0002,729,433
b81447874ebd7ad3f0e7738fd42613434bab2a62,76e3f95aa26cada7a3db0f24d77c450bce135e26,-16.044802381488083,-48.02887243539027,-16.04485813463624,-48.02889167946044,2025-02,2025,uGZJsFfXN8BRJXYTNccwHg,353.02935537763005,© Google,OK,5_0,175879.70820049447,8223739.37465765,dc9c11ae5868861dd869ac009a0ef122b6a8fa1f,cardinal,4,0,0_deg_north,cardinal,0,0,90,640,640,2,batch_0002,733,434
b9aa111e2de1bbe93f8e29940425e00b4c0e2b7b,5f9c60fdf4b1e9d7be8f8f2430c5e97d48a73087,-15.791345935043655,-47.419068066472164,-15.7913180067758,-47.41909625480618,2025-07,2025,kJEAKTrFkKWzpl5h5Cf9Wg,335.26779318674477,© Google,OK,18_6,240847.1774355356,8252655.112932622,b66c7c760f018acb2513310d5d4af4816fa95e1c,cardinal,4,0,0_deg_north,cardinal,0,0,90,640,640,2,batch_0002,737,435
b9c2797209756ec6d370fa19d0e05a3fbd8cd46d,b14e87eb5cc6f301609a94f936f99bf5e03c4b9a,-15.617130005224483,-47.679646001448674,-15.61712179186308,-47.67962319949285,2024-07,2024,dUjM-OHBnA99lk8ohuvHlg,92.2200360472315,© Google,OK,12_9,212670.70505627771,8271605.057747811,f3d0d7d9a15217b4d8120677048665f9ef5584ae,cardinal,4,0,0_deg_north,cardinal,0,0,90,640,640,2,batch_0002,741,436
b9c7cf34969d5df0f5e19cd6c80da492f117dba2,9db23aed58007680e4433ed0051a231ef48336ff,-16.04961482933978,-47.50670080331784,-16.04961754263697,-47.50671412453236,2024-10,2024,moN1qAc6hBIsAQEMfP4aAA,89.64601887217331,© Google,OK,16_0,231797.4461225868,8223953.712925081,2889e4dbf0b2fdb8b7266a1d6b7ccca28e915e63,cardinal,4,0,0_deg_north,cardinal,0,0,90,640,640,2,batch_0002,745,437
ba74bc653718be7a8bb6cf01362c549fa35443ea,ab0564ae2f6091c8a389514c04b1ec114b9fa55b,-15.868847417805714,-47.56958756543738,-15.86885038225748,-47.56954247120367,2024-09,2024,zp7PCAwx4lLrTixLmLnYLg,106.60121783122202,© Google,OK,15_4,224818.17812621355,8243883.807186399,4c83882cc417a9f16163c91724a368fdfceabef9,cardinal,4,0,0_deg_north,cardinal,0,0,90,640,640,2,batch_0002,749,438
bb7412c2083ff8fbf3983e9ca47c34ed412b1379,9ca0c60195a7a9f5812a030e6c1bd4d909d31dd5,-15.906518294776365,-47.76076938396841,-15.9065151336897,-47.76074143323503,2025-01,2025,paZX6-nYj548SmhvA9SiDg,254.92918172531057,© Google,OK,11_3,204386.12640509717,8239451.993597326,983e2f4301055d18089d78c4e71c5fd81787e6fd,cardinal,4,0,0_deg_north,cardinal,0,0,90,640,640,2,batch_0002,753,439
bc63937cc70cb9907953a1ebc7497ad813f18d26,be13650ca10888372dc9844d48c4f1ca5e4c0944,-16.01469898613306,-48.14114494601051,-16.01467529386727,-48.14116810143594,2025-05,2025,0kklAJVxUHn0jy7o51nmxg,112.78854901805445,© Google,OK,2_0,163804.78645158184,8226894.40679212,ff4d18d5cf9dd3bd1bc06311a72d0ca48c20d194,cardinal,4,0,0_deg_north,cardinal,0,0,90,640,640,2,batch_0002,757,440
c0e7cae0a5b2a256699145e099869b840fd2ce25,9ae8644b083b97829d31b0f3aca04483d44bf811,-15.89500305000282,-48.043834700475884,-15.89496963361037,-48.04386351196836,2025-06,2025,GC6shaa7qoGXkNsfP6NtYg,341.4489729353375,© Google,OK,5_3,174034.5936487431,8240305.796393933,586ba6fd97aa9406c5be61824fa3059908cd74aa,cardinal,4,0,0_deg_north,cardinal,0,0,90,640,640,2,batch_0002,761,441
c2f67156bbea849c7ce98d00a6d1ab10d05cfd1d,ee8f6cfde826a51c639088bbc79544e70d341876,-15.939668089079785,-47.82708655221006,-15.93968293772699,-47.82706629690999,2025-01,2025,J7R8pua-sHQIz_-3qFownQ,56.437708798171926,© Google,OK,9_2,197329.96252630392,8235686.310832313,deee6b1d5125e444fd151f41778c021b9cda3cec,cardinal,4,0,0_deg_north,cardinal,0,0,90,640,640,2,batch_0002,765,442
c30f8c7d36a9696894e089c7afd268e6e03458e2,f58aab57f97db994c0aa60fd2afa7107cecd39a0,-16.02031220001313,-47.80105924999746,-16.02033102941482,-47.80107151305038,2025-01,2025,SGcpK5qXimZkj_-ob4yP-w,79.08718822796733,© Google,OK,10_0,200238.651370876,8226794.454839416,305be9845c2ca14ebd593063d38115213b3e419a,cardinal,4,0,0_deg_north,cardinal,0,0,90,640,640,2,batch_0002,769,443
c4d3460173db5af3dcedc6422fde80e7d1cc7d19,2a66c11934f6f2f120c9a886d68b4e07debc99c0,-15.839106900037454,-47.52946179998211,-15.83907078292115,-47.52943115738371,2024-09,2024,WgnjxYKdM75OYWFp5SKkdQ,251.49256852891193,© Google,OK,16_4,229077.99530245597,8247228.589325098,905d7f02da6f0072ab3331e4ac3fd9c62ecc5f53,cardinal,4,0,0_deg_north,cardinal,0,0,90,640,640,2,batch_0002,773,444
c5c9c1d012be7faedc85cf5f62b4855be8fa229a,a19b44f154d3b7da46c1f68a394ce70d5fd1d877,-15.581497550000801,-47.52903389999261,-15.58164505317324,-47.52904035157298,2024-08,2024,mtWU3dv3w_OjOfHKAeq8ww,359.52481076298454,© Google,OK,15_10,228782.7763697686,8275747.554682542,943eccfa04834e3d17f21882173431e9fea13384,cardinal,4,0,0_deg_north,cardinal,0,0,90,640,640,2,batch_0002,777,445
c61c770c66639ac50e16806bd221b364da5092d8,eb4eb69d8023fe0a513096f65be0becb8d05423c,-15.646439150150968,-47.766250449880985,-15.64647962693441,-47.7662827885006,2025-07,2025,EMo0EkOFY8hWDmiMGvDbjA,242.22044707358378,© Google,OK,10_9,203420.5389768004,8268240.921538153,7d017578367eb3d8c66a1fb80bae4389ce27a019,cardinal,4,0,0_deg_north,cardinal,0,0,90,640,640,2,batch_0002,781,446
c8b29c1ac36da7d564f08ec8e359870c1b6d8703,1455365f2ce11acb5324cf17e41d0d84a286058f,-15.913098150066736,-47.45657690004937,-15.91304625655985,-47.45661051797807,2024-09,2024,tlxI1utSTUPccBwUoq7XPA,104.07892840669167,© Google,OK,17_3,236984.738237472,8239130.557331186,85085263576420f389729ff80c75acfb520832b9,cardinal,4,0,0_deg_north,cardinal,0,0,90,640,640,2,batch_0002,785,447
c9547d1c25a515db2704341dd8e750c6de3d448c,1937ead7288cfbaabedd44c84243eae91777eaba,-16.003046700084134,-48.05235229981331,-16.00303726787861,-48.05233733060405,2025-05,2025,8RlUzz2IU7efLqtpcKmBAQ,31.298998469753474,© Google,OK,4_1,173297.03211653803,8228326.844965193,4f06113be98bd1c60132518754006cbcec4435a4,cardinal,4,0,0_deg_north,cardinal,0,0,90,640,640,2,batch_0002,789,448
cacb3e9d5ceb523e82dee7be7e1333bfb4ed4815,41d8501fca84452074aa7bbe21e0d132d1887a78,-15.61019800013538,-47.6913389998773,-15.61018269148712,-47.69131209083393,2024-07,2024,mUDNg1YFNYsawa7nP8JCFQ,239.230630998555,© Google,OK,12_9,211406.4019580327,8272356.696814129,1e13e266dae2cf4d71e6a54cf3650cc86aa098ac,cardinal,4,0,0_deg_north,cardinal,0,0,90,640,640,2,batch_0002,793,449
ccaffae1046f9b06f35b181edac74d5433efca56,00d5b8341ced946c1dcf24e3456e06ed17e95ef6,-15.929740217831176,-47.94842565226813,-15.92966817055484,-47.94826299656469,2024-12,2024,yE9UCfp6K0sr7eBaXhZfgg,91.72067351888306,© Google,OK,7_2,184314.15296221533,8236605.617862554,d73503cbdc9ec35469163c7bb215936a3c6f5bac,cardinal,4,0,0_deg_north,cardinal,0,0,90,640,640,2,batch_0002,797,450
ccd1d6cf8bf29105bc73238e9b00f681a2ad20a8,11f4a4dd02325bbcf06b1536cc4b8d9be917e774,-15.973831028924776,-47.584582679757325,-15.97390530125676,-47.58467454027141,2025-05,2025,8XwfhcFnCZ_PKJud_xnBBQ,19.52830117248726,© Google,OK,14_1,223355.31622419518,8232241.303846967,527bebd22dd0aa7ff6696cc42b4d656887532baa,cardinal,4,0,0_deg_north,cardinal,0,0,90,640,640,2,batch_0002,801,451
ce00b2bfffd7084e977e1c69af9bed0042ea5611,53b75846a8ecf62d072945344699cf8888b46a47,-15.778024300011339,-47.98973599996908,-15.77798659010042,-47.9897704538342,2024-06,2024,S6eztqdDGYKFOdnKmH4UkA,204.65842913143535,© Google,OK,6_6,179647.94805575273,8253343.931695287,1dc4f7e42319c629dc9e5e83a190a644e460d7bc,cardinal,4,0,0_deg_north,cardinal,0,0,90,640,640,2,batch_0002,805,452
cf5578c426b63a4987d69817a19d0faf5969dac8,ab89ef293b37a3db918b8f3a05599368722993cb,-15.767960971586726,-47.604022199335446,-15.76794642531289,-47.604001830801,2025-07,2025,BvOTk8TodkWfFf7yVtstaA,359.99231613761145,© Google,OK,14_6,220989.87927649007,8255007.418250236,e1b18d7096f01e5c37dc7ff44b79f32006d0c374,cardinal,4,0,0_deg_north,cardinal,0,0,90,640,640,2,batch_0002,809,453
d28bcfb30ab2f31346325e0fbc54068e0fd5e495,801d14d994abee7b7c354ba385446ebc1143c495,-15.964473644049688,-47.557380414357326,-15.96448899823176,-47.55744663034479,2024-09,2024,9LaIIo3iZf-ojVrr6ktQjg,181.0843077214358,© Google,OK,15_2,226255.88300460097,8233313.244141253,61db110dd6d09a0bedcc97c873904a7511dcf2f7,cardinal,4,0,0_deg_north,cardinal,0,0,90,640,640,2,batch_0002,813,454
d3807bcbdd8bd878adaa8152886509f553a59289,a7e3da5b08e4d66b4b145e42c97b23b3ca2bbe77,-15.728885151207171,-47.43072643850522,-15.72890843098345,-47.43071999493254,2025-07,2025,Xzq-ZV2NBgG8sSVLc0I9Zw,356.5051133665319,© Google,OK,18_7,239517.86353089806,8259554.961715531,adffc3cc7496191d333172eb33536d29a6b82741,cardinal,4,0,0_deg_north,cardinal,0,0,90,640,640,2,batch_0002,817,455
d434c703c147afb59f39fff0f141138055912b10,51ca0725086fabf6056beb76d1c58dea09e64dea,-15.972028300010658,-47.780597849989874,-15.97205133250518,-47.78066647838258,2025-01,2025,dxh0CcI8GfEcpTDk-RFccA,58.04753990887941,© Google,OK,10_1,202358.28845552413,8232170.202180241,54d865fcefb2ec10da6d9cb42f658ca67a4baf45,cardinal,4,0,0_deg_north,cardinal,0,0,90,640,640,2,batch_0002,821,456
d473fcc96c3f7afab7a614fcf8b97d7b5273fe81,bda5f07d1f05b626eadda5c1aff9b6b043a74f79,-15.885775872927791,-47.39135505531436,-15.88580618868318,-47.39131135252508,2024-09,2024,JnMCFkbZW-59hD9r-XtrBQ,187.33697990005257,© Google,OK,19_3,243936.67977842764,8242236.110162977,1047ff368e2160768e83fe666d434708aad3e17b,cardinal,4,0,0_deg_north,cardinal,0,0,90,640,640,2,batch_0002,825,457
d528fb9ecef94a00dcaca3407373e1a3c3814671,2bb421c34f18ed1f717737a28af927b61f1c0dfc,-15.7819186000022,-48.00135570000136,-15.78186878533094,-48.00138130626418,2024-05,2024,4AGjmKB5XMw1ANeblPjjYQ,100.14192074322071,© Google,OK,5_6,178408.0635924518,8252894.937088901,18ef819752380c4a5b6a9f2fab5660888eb84b75,cardinal,4,0,0_deg_north,cardinal,0,0,90,640,640,2,batch_0002,829,458
d614f5c09f62b11ed90daeda9132140eb53f4cce,f0423e55603d66a25744a544233949fdd56b36fb,-15.853522400001163,-47.9485295000055,-15.85355671735583,-47.94854929325582,2024-06,2024,nN9v_MZr7diLi9nS-UCG_g,322.6632611640905,© Google,OK,7_4,184183.9857876782,8245045.727494968,5bb13feac79430b9206f9734be85c2fa503c3237,cardinal,4,0,0_deg_north,cardinal,0,0,90,640,640,2,batch_0002,833,459
d6369167778bc434936f6af30204c23ea062911a,7ffdaeb776db3ad4788f2835afd0b6e6fc8a78a1,-15.939398249997721,-48.143640350044414,-15.93944234193389,-48.14363583694902,2025-06,2025,vvzUJm9MnkFj-ZlYf43FRw,345.7700388978473,© Google,OK,2_2,163411.39367684405,8235230.407198094,b1db1d44669a60db1fc63d1c75f99925243e1bbf,cardinal,4,0,0_deg_north,cardinal,0,0,90,640,640,2,batch_0002,837,460
d6845c8f7172023be0769804de64b1d262f8a357,d8a3465d4b3e645af9c6900a7d5c01c2504d93d0,-15.595359112826833,-47.66821103085806,-15.59536370708725,-47.66820861596938,2025-07,2025,5QWGKVfiq33fYM8DAZUNXA,75.05815169892868,© Google,OK,12_10,213867.38345449686,8274030.820881373,515399c1e08f9b890406be77a11cdd302f6ee891,cardinal,4,0,0_deg_north,cardinal,0,0,90,640,640,2,batch_0002,841,461
d97d99e04c9ac6f64140ac97feecc15df8e33faf,9ad201ec6d3d861c1cfe6c78600fc54cef04388a,-15.888917300002712,-48.05278495000325,-15.88890300700295,-48.05281577137431,2025-06,2025,9Ewl7JTRGK3q8XMWTFu-nA,291.8646311662878,© Google,OK,4_3,173065.4898610612,8240965.7890028525,910970d9ef19abd3ecb315713793a6b1e8a81940,cardinal,4,0,0_deg_north,cardinal,0,0,90,640,640,2,batch_0002,845,462
da20c9a99d55a9a0ceb1ea9eac5242c175c61da6,84aecd5ba21cafa8f53c65ba10c014145a2c19bd,-15.81564470011101,-47.63480409985859,-15.81554670508003,-47.63460265850244,2025-07,2025,L_F7HI--200X9-HE09RwhA,230.3834938359299,© Google,OK,13_5,217755.85795949498,8249687.197532183,bf4bb96b2cb3e03cae8b14dec1d50651d59017d6,cardinal,4,0,0_deg_north,cardinal,0,0,90,640,640,2,batch_0002,849,463
da990b4eb4f8de94cf6fced5423718e59919dcb4,58253efb107c3b3938b47b5d9e53fbcd4d7bdd11,-15.92076530010393,-48.10483060025618,-15.9207832457842,-48.10481814591866,2025-07,2025,6JE63FiH567VeBfj2PVhqw,308.403290230792,© Google,OK,3_2,167539.51954717046,8237356.396632281,d46f9e94bc81fe5b4b41f56854a3ecc63b93c8f7,cardinal,4,0,0_deg_north,cardinal,0,0,90,640,640,2,batch_0002,853,464
db1010a2785b6cbdd6175cb8423b7886c2d45d94,fcf9dfb03a3da9d40320f3a769d9d8c00b772438,-15.801588050150437,-48.06575554994257,-15.80160379433774,-48.06577304560813,2024-08,2024,NI9FheqhpiGIlvCXq31sqA,73.08447159053179,© Google,OK,4_5,171533.84897771452,8250617.0403017495,8ade7912811682b66663ebbea497d821482c5bae,cardinal,4,0,0_deg_north,cardinal,0,0,90,640,640,2,batch_0002,857,465
ddb64149f594136929aeddf917d75a9c01b34589,caf88fd0829b3695164249de5d2cb34f9058c6ff,-16.04231886305239,-48.256632896024016,-16.04231154480503,-48.25662799108101,2025-05,2025,voaGx0QVCfQxHpl2r6mWLQ,179.63837626685205,© Google,OK,0_0,151481.0668000097,8223644.263424882,b8c4a504e763813926eafeb6ea8316396d71f551,cardinal,4,0,0_deg_north,cardinal,0,0,90,640,640,2,batch_0002,861,466
df79769fa875c543d0998fd943a7be51d6725513,5c991d803ccd25e32855fb11452498991a2df542,-15.895139750002716,-47.788736300001766,-15.89513160470097,-47.78872551218378,2025-01,2025,tvotr0VBeDJd50Efh9bOMg,101.31145591713914,© Google,OK,10_3,201372.69511663663,8240672.084741078,2419b689eeb66dae0c0a442dd705a5a8206aeab9,cardinal,4,0,0_deg_north,cardinal,0,0,90,640,640,2,batch_0002,865,467
e0d2ae8bd27815469c227773dd2879c0d104b5ed,75c9eb9472ecaa703b81295cb9d1054dca7effaa,-15.711037251608913,-47.9126372021122,-15.7110429689332,-47.91261271831714,2026-02,2026,7BxMwXOpT0yYocxD-WEeAQ,294.20117823718283,© Google,OK,7_7,187812.91013666757,8260877.610465897,d7542f0d04ee2df0f74fedb117206e7bf79cef5b,cardinal,4,0,0_deg_north,cardinal,0,0,90,640,640,2,batch_0002,869,468
e0e5bb83e9264afbe74f47ec683327aefda72506,81befae55ab834f61d7d667e1d5cdb4c91d1021f,-16.022173202222163,-47.379412187632795,-16.02216284833642,-47.37939900179853,2024-10,2024,E7HEduBAj7xCHg5RWvec3g,187.78745742988883,© Google,OK,19_0,245388.5855836168,8227152.126441243,bd1bfd60bdb842a7dc715b14dc275fab0c0c4a77,cardinal,4,0,0_deg_north,cardinal,0,0,90,640,640,2,batch_0002,873,469
e21b2cefba860b07256984b12322081085e34358,7f4cc3d80412abfcb4b267668c7281ee5ed514f6,-16.018485352100942,-47.98841429940945,-16.01845738813897,-47.98842184994699,2025-01,2025,sRtCuPzyfASRxEfPrx3ASw,256.2183789095506,© Google,OK,6_0,180170.49631409108,8226716.750034096,fdbfeba75ec60d024d50b010cac890508ec31393,cardinal,4,0,0_deg_north,cardinal,0,0,90,640,640,2,batch_0002,877,470
e2758998d8bb5e912f6ab06e00c9812de4d5f76f,eee36a1cd87eca23e12e35d46b47ed449104dd49,-15.896744073182328,-48.114695551044775,-15.89677355544723,-48.11469199276547,2025-06,2025,8OKOHMMkbY7Z-iSerRZFyg,333.9272353326587,© Google,OK,3_3,166442.62412720622,8240001.07433696,66d3e37608127f1bd9caae89e4064f6c9c0445c1,cardinal,4,0,0_deg_north,cardinal,0,0,90,640,640,2,batch_0002,881,471
e4ff973240620408b9c6a8442a95b8c026c6d5c7,4271254581d13403882fab4652251a2494febec0,-15.693753352215152,-47.39066058112311,-15.69373537188628,-47.3906841022556,2024-12,2024,YGHbpNPwFSrPtfCoF5keWQ,359.7295994093792,© Google,OK,18_8,243769.6045487082,8263492.875216182,c709eb21026ef95d0b6b59485240e983d205184d,cardinal,4,0,0_deg_north,cardinal,0,0,90,640,640,2,batch_0002,885,472
e53f7ff0cc85b8e3665d9505d6eb03ea94dff823,7f34b0106ba3e77308a374eb89f06ca09710d1bb,-15.906577605353883,-48.14531542896406,-15.90658677712974,-48.14532911163223,2025-07,2025,R1SdoX81R1ohZsDM4eggjQ,165.86770229770067,© Google,OK,2_3,163177.08714914712,8238862.792421195,ed58fd9404dd6bed669905601019a826772b26c2,cardinal,4,0,0_deg_north,cardinal,0,0,90,640,640,2,batch_0002,889,473
e731420107e77970dbb9711c77aec55a59f27dd2,291cf01043a954a4422203fd74ae213e83b06e32,-15.842882650006024,-47.887139850272085,-15.84285762925898,-47.88713716859651,2024-12,2024,CV2CjfZMEjxu4LJA-r3gJg,341.007992610507,© Google,OK,8_4,190748.00410586316,8246315.525786374,7bfc937e2d4ae65f6e80b8971eb970474fe16f86,cardinal,4,0,0_deg_north,cardinal,0,0,90,640,640,2,batch_0002,893,474
e9cf80e9e87011455b24003928ecee570d5887d9,fbb6dd84d015c7ecc2797d8589337ac1ae85f2df,-15.579727050778267,-47.49643664978333,-15.57968855236386,-47.49641402135055,2025-07,2025,BucgScPT6MpY2G9uzgyYIA,77.14284080634566,© Google,OK,16_10,232278.17609281486,8275984.779786787,b5c713daf60d48e0ecb4a0268fb719b82270bc8d,cardinal,4,0,0_deg_north,cardinal,0,0,90,640,640,2,batch_0002,897,475
eac921373ec5222808b37bb5dddc3fdcc614762a,ee7ae2e66c5853739bc4d64a93b36f20c21c729b,-16.023735450270788,-48.01860859972035,-16.02377542803231,-48.01863275446377,2025-01,2025,knx8SNVKNDvuZlRrxSZj3A,55.33228044678538,© Google,OK,5_0,176944.92900040853,8226088.498452228,35a69117ab98f8d5b9dcb7f83ad87ebd6088d3c1,cardinal,4,0,0_deg_north,cardinal,0,0,90,640,640,2,batch_0002,901,476
ebb41cb94f09e0ae5b8fb2019077f6653c4700ef,d91fcb5e033d654560ec711dd3b2ec4f2e5c8cd0,-15.759567051355333,-47.83497335288873,-15.75953901815202,-47.83500554113769,2024-05,2024,VOgv0dZ_HotbpeXVdHoIsQ,305.8552898462219,© Google,OK,9_6,196215.29060633373,8255617.235806298,34e8613de8041a0e2287b1ef07d71c1ca7c1f86a,cardinal,4,0,0_deg_north,cardinal,0,0,90,640,640,2,batch_0002,905,477
ebdef6147351f7a4e42fa654947eb563d5c20ca8,97556d9eb3b3eaeb53ac08007ed7273ff398bd78,-15.636933000150616,-47.672574499702264,-15.63692260127304,-47.6725835800307,2024-07,2024,YavWBKo02aJDL6Em34y4NA,216.10422110234083,© Google,OK,12_9,213457.00114446267,8269422.130885838,89a533a759fccea6426db606858145e86b7a0c84,cardinal,4,0,0_deg_north,cardinal,0,0,90,640,640,2,batch_0002,909,478
ed3f5dadda622036a683046bcf1516fd2e1d4955,0eb7ab9789d30fac7e17b9142764489b6630fb0c,-15.681569626827505,-47.688735191114276,-15.68156599279825,-47.68876038727807,2025-07,2025,bryb67-kWB6uyRSO4-bPDA,298.37904770216767,© Google,OK,12_8,211785.8671672065,8264458.2714733165,663296cb52ee8802e0abd857db3e0a974eb4c662,cardinal,4,0,0_deg_north,cardinal,0,0,90,640,640,2,batch_0002,913,479
ed57a0a153d9af12c6efc4cffcf3b8c68610a45d,e6d95fec1dce47d6162db11ff653b657b3e3d9f7,-15.707551552200474,-47.39075423125923,-15.70752776141582,-47.39077885437195,2024-12,2024,4wOz6mMCaO2seJGUrPU8CA,359.7291792944932,© Google,OK,18_7,243776.81901597712,8261965.381577672,99e69683a11767431962ef0dbb888894661c2a2f,cardinal,4,0,0_deg_north,cardinal,0,0,90,640,640,2,batch_0002,917,480
ede5cce638c6ad517081ea6cdf1d1de00ccdebbe,854fef5a1d886263c871aeef8154c53fe17d2bb6,-15.933722900068416,-48.04054844978776,-15.9337461836866,-48.04057044831667,2025-05,2025,k6JHferUPCrtZQwEK16Fgg,20.703584848894334,© Google,OK,5_2,174449.25898139348,8236022.820063542,44c8f22adbc0ddee668933c43e4a1571315b1776,cardinal,4,0,0_deg_north,cardinal,0,0,90,640,640,2,batch_0002,921,481
ee83e56aabd5d48f7eb2ac9bb26e6391a2c71e8a,b7533b33fac91b630fb61a6bab91324d619221c6,-15.846418500629673,-47.923108499876335,-15.84641056255909,-47.92310356704847,2024-05,2024,QMuYVCY-9DmCRM7L3sKtPw,78.71547271027352,© Google,OK,7_4,186897.88303930993,8245870.56262683,57faf9278ddcb61492a4631cf5ecbae68c14f15f,cardinal,4,0,0_deg_north,cardinal,0,0,90,640,640,2,batch_0002,925,482
efd4f528c90201b77e78cebad1e4b4dcf620d6ca,45d5c12d1442bf25aa53c2f1d842883b83f3911e,-15.58004555094892,-47.40315154997541,-15.58000159968888,-47.40312418671211,2024-11,2024,8aWERXYS8Cix2vSTtAK46w,84.48668403886273,© Google,OK,18_10,242287.7697154447,8276064.536950875,a55d2c2857e90753d4996f5928fcc6cdf8a639b0,cardinal,4,0,0_deg_north,cardinal,0,0,90,640,640,2,batch_0002,929,483
f14fcfbf4d53e845d88d3eb2315f67c2b09295f4,5bec3d2e5e04197dd78d114bbbf18db98f8c214b,-15.892931199999802,-48.04155775007335,-15.89295970766104,-48.04159074769854,2024-06,2024,yCXuyZzlHCAcY6ZMeRrh6g,342.277118565293,© Google,OK,5_3,174275.29042722582,8240538.799905632,aab03c2335a675aa4b60d1b2fbc8ef4039b40c55,cardinal,4,0,0_deg_north,cardinal,0,0,90,640,640,2,batch_0002,933,484
f201292c42a09db8129536c9746a7530d6e122eb,e99dba379f46dcda32f2b576f911346859cc93f2,-15.946715146316778,-47.51457865658558,-15.94657968318485,-47.51458910503158,2024-09,2024,GPUPKQdTv9N8gIk4S0Ixbw,121.26450546168523,© Google,OK,16_2,230816.22094306443,8235335.041778762,12a638198ad68648c21acb8c8901c658b32372f1,cardinal,4,0,0_deg_north,cardinal,0,0,90,640,640,2,batch_0002,937,485
f2b51da93c9d2939733f7f860a043796d8f6f3da,81d5e5b0a0c15df55fddba5b67bca5e7c1d58bfe,-15.781073653344794,-47.89557469390876,-15.78106014142764,-47.89560322379842,2024-06,2024,cwv1vHHPsUcg5PH8f3FI6Q,126.28550672967698,© Google,OK,8_6,189749.52759153972,8253147.397259633,71d0d1b2ffa365ef112f483582596109c4bf0a4b,cardinal,4,0,0_deg_north,cardinal,0,0,90,640,640,2,batch_0002,941,486
f30399bc9f27e2aecde136555d9a1be25071cad6,7438a2dd33668a63e736ef3b15d3da3ef9e26b68,-15.708732850054307,-47.91343075011518,-15.70873947809828,-47.91339058897535,2026-02,2026,UAT5m7_wQVvz71YwEldiWw,125.43596133033141,© Google,OK,7_7,187724.27535099848,8261131.614163393,6301e525fe5c58a7ce13a01860c4d30d6c8a4b6c,cardinal,4,0,0_deg_north,cardinal,0,0,90,640,640,2,batch_0002,945,487
f349d1d9c58593c0fd61f2afe9e04b51bf16ce1c,e9ed1481c1a6da634c78df14da166242d1331866,-15.744301700007718,-47.75643850027981,-15.74429893675351,-47.75643050286386,2024-06,2024,zduFz02aDXoTsRciUaw8nQ,161.3634052869384,© Google,OK,11_6,204614.34222341573,8257419.135824204,96d552d9d89e9bc5843dd1bba110f8fdd60ac582,cardinal,4,0,0_deg_north,cardinal,0,0,90,640,640,2,batch_0002,949,488
f8de7b9c59276b2507c4ca8d3a052dab52ff0867,2b7c69432382713c9e2038dc0c57f3d045e038de,-15.757248964524,-47.600738052370865,-15.75728936354886,-47.60073889461732,2025-07,2025,D14avVuEet7fGenn2NwJvw,20.29070104962159,© Google,OK,14_6,221327.33604092462,8256197.691730948,f9210eca309130879a1fa5866ed9f4750078a865,cardinal,4,0,0_deg_north,cardinal,0,0,90,640,640,2,batch_0002,953,489
fa50f48dfe3d12083e4aaa6a545e444073ed2330,8389e8919c18f83b8f197c59d2f7e3d3d658d27b,-15.75338677648418,-48.04348616656682,-15.75343318653731,-48.04345656799353,2026-02,2026,k6kljj3sXclcAkwzatD-PA,85.67791259644927,© Google,OK,4_6,173844.55837615696,8255989.845284718,59d9e673c78bd2090cb83faf1b321efb92331263,cardinal,4,0,0_deg_north,cardinal,0,0,90,640,640,2,batch_0002,957,490
faa7748c574892dd9f4d2fb1803584899fa5a5a9,b1b02633675f39e6677321cf074c5d780deb0f0d,-15.831015050231251,-47.85831684983168,-15.83099325490655,-47.85829689908246,2024-12,2024,KCLzGWpW4YDY4CJUXu94Vg,63.746763521381816,© Google,OK,8_5,193819.64076638178,8247671.959639282,5182aa18363e75ae243f88fcd782b1c8091a45ce,cardinal,4,0,0_deg_north,cardinal,0,0,90,640,640,2,batch_0002,961,491
fab68439dc181aa13a7fad8617801178ddacb07a,4e500a5490cd33ba14b2a6ff6cd331a5b2b35c2a,-15.87845055000629,-48.09879720007657,-15.87849467802564,-48.0987902549053,2025-06,2025,-qy5Yvq45IRoP2NTNhcUuw,333.5572403960578,© Google,OK,3_3,168116.60069666657,8242052.449003808,fd03d7ba3a8dcaab27201171ea34b17e18572464,cardinal,4,0,0_deg_north,cardinal,0,0,90,640,640,2,batch_0002,965,492
fb123555debc4c0ce9bffcfadd488ad44bdafc02,db65890eb10cf645e8691ddc3c9331482f510c4b,-15.606696786372767,-47.68332737564603,-15.6066766156026,-47.68329297376471,2024-07,2024,XI1_DZqxoDIatPGXhOLwDg,325.55421265610636,© Google,OK,12_10,212261.14596025235,8272755.191183287,ccdfce67e37c796b3b8df6f3f5d38f2544416d8a,cardinal,4,0,0_deg_north,cardinal,0,0,90,640,640,2,batch_0002,969,493
fc4d91594ebbeb07ef28c47a6fc77abbb2c77e76,2d87643711c77a4c52b236e390a576439ec80338,-15.688005247915068,-47.85910759253805,-15.68803074601777,-47.85909931072936,2025-07,2025,XrVmdH9Fr_jb9Bu69D1_yA,166.29967379225337,© Google,OK,8_8,193520.07553087626,8263506.316795873,baa64e376c35db250c8ef9a6a450b48b439dcb5b,cardinal,4,0,0_deg_north,cardinal,0,0,90,640,640,2,batch_0002,973,494
fcca59b35784a457a2017c886a6a484825801ae2,f1980752796c0a1cc9cd81251e3fe0157da0445f,-15.967610600033893,-48.12770190037422,-15.96759996005174,-48.12771618865151,2025-06,2025,NQjRld7NOtKeyOIhdviafg,332.6750424175079,© Google,OK,3_1,165166.3025014199,8232131.446244098,de9f18a7eec60055578123d4340f028efd2e4535,cardinal,4,0,0_deg_north,cardinal,0,0,90,640,640,2,batch_0002,977,495
fd1158f461730f4ecdc47ece1f5ef3f5a844b813,14c7f8ef3b750ec9f96c425feee0e5cfb3fb8873,-15.7538459403066,-47.50333651978335,-15.75384764641134,-47.50334206360498,2025-07,2025,goTuf9zzHQ-yYrjX_R9otg,319.0065656672358,© Google,OK,16_6,231765.38545710593,8256700.810872726,1f70d7bdca3aa4737cf35979eb87e089a3a0beaa,cardinal,4,0,0_deg_north,cardinal,0,0,90,640,640,2,batch_0002,981,496
fd2398c6efbe4ae4405b61ce8381a7e124580877,52cc15b6921be33aa715376ab3217196241cff33,-15.665423850157831,-48.20176600006933,-15.6654324959825,-48.20179418544186,2024-08,2024,7rQLzlUhDLjJ3gFjlFdKxg,275.33921436329837,© Google,OK,1_8,156720.12873889168,8265481.163675781,53332557eb1c40bc764580ed050273904f9e3ea9,cardinal,4,0,0_deg_north,cardinal,0,0,90,640,640,2,batch_0002,985,497
fed2a83cc60ce5d0daec3d067f30150b3938098f,e4e1d8576fda16e3bc8972ebebab99c6b1234810,-15.94787591032425,-48.03397529792829,-15.94791197016077,-48.03396200636281,2025-05,2025,ENCdCb37Fl22yjdMBG-lKw,319.9061349195374,© Google,OK,5_2,175176.42469657262,8234465.683518228,408895fa780140743641392d396032d430764c0b,cardinal,4,0,0_deg_north,cardinal,0,0,90,640,640,2,batch_0002,989,498
fef95644b60038e69f4f524f0a9e396ee9bfffa3,626b882a0539c08272ff16172b62adf9d51f7e7a,-15.965238300212249,-48.063277549731595,-15.96523209547681,-48.06324385453158,2025-07,2025,lY5mB6BGPyzRLi-Cu_9rfg,229.47462954652363,© Google,OK,4_1,172065.01093199875,8232496.866966791,9ef051ef7a00c8e2433a9eeb234e2dc755fb2206,cardinal,4,0,0_deg_north,cardinal,0,0,90,640,640,2,batch_0002,993,499
ff22d99677914e729cb2948afe8ae2898436a5ae,561a71bc06ba8bbfe03dd1c845c2272b9e6dd723,-15.517504599971886,-47.617708800937166,-15.51753581587068,-47.6176969076277,2025-07,2025,T-AfefW2VqnEVP2OIhCGMA,348.2560781261752,© Google,OK,14_12,219180.71592615533,8282717.305462103,6672d3326a4e433738650b74d70996c300f9956f,cardinal,4,0,0_deg_north,cardinal,0,0,90,640,640,2,batch_0002,997,500
051de3ee58727fb0c230815ac8b3171a235ecd6c,730a4d04945b71a5c56da1f0258b29a9aa87b476,-15.652487100000194,-47.570949549999995,-15.65246475322552,-47.57093205777525,2025-07,2025,eOYVrO1DwQ-wwOmTpbb9hA,264.205236523661,© Google,OK,15_9,224380.10186601893,8267834.749421012,18a0b88de28eb102429acab96b56907b76d34ef7,cardinal,4,0,0_deg_north,cardinal,0,0,90,640,640,3,batch_0003,1,501
0522c44c0a34808c7cdb041448d09decf5ae09ef,1d77c808cf258e0260da6c47a1e0bc311e371593,-15.699853217199651,-47.43438742960703,-15.69981569834088,-47.43435757370906,2025-07,2025,bUiaBlB7LwxmnguDEmhpFw,31.007768935645853,© Google,OK,18_8,239088.33564614053,8262764.198887737,027804eab0d3b17cb882171aa6bb7897af07976c,cardinal,4,0,0_deg_north,cardinal,0,0,90,640,640,3,batch_0003,5,502
060b80bb26043d3e12159290cd9fb74cb9c97257,9332bf6a04f5d570c49b358befdd4b144fcdc601,-15.915882904036502,-47.47611018567291,-15.91585143297196,-47.4761047038408,2024-09,2024,YQG6j6IoqnXWLIrX_ME_OQ,257.66724097420104,© Google,OK,17_3,234895.93788518096,8238797.568384315,61b170041cf005fcf1f46be973166ace27316f4c,cardinal,4,0,0_deg_north,cardinal,0,0,90,640,640,3,batch_0003,9,503
08707f90cd4d3fd44809a45b93936fcab0ec1fe1,69a11b50e764a0139757e860c442a56dd9035a44,-15.895992955658391,-47.81976904809438,-15.89601498323182,-47.81974887016005,2024-12,2024,b4EKwmqmrI-CqI-YArAmkQ,175.21257182173255,© Google,OK,9_3,198048.5936224229,8240532.999628452,ae559b322a322ce0c831e5206b926696b7228fa7,cardinal,4,0,0_deg_north,cardinal,0,0,90,640,640,3,batch_0003,13,504
08a560d65d9d2b2b1c78371c8266bde5a30a3e3f,06c59ce29d2453050d6ad5bddf73e3f46bdb9204,-16.050630923579963,-47.53694788883524,-16.0505776546748,-47.53696305588604,2024-09,2024,a7ZPKEwydteLx-KqYqamNw,340.0255364179875,© Google,OK,15_0,228560.76632136691,8223801.795247578,b6c0269578c14d6e75963ce4e6bc2d63e6155051,cardinal,4,0,0_deg_north,cardinal,0,0,90,640,640,3,batch_0003,17,505
091295d0aec922b3234a381fca486ccd74035b9f,2bcac7d6e55e64dd80f1ab57a50d205a6e500ab4,-16.00178865012121,-48.07185585023098,-16.00177945861013,-48.07190670198229,2025-07,2025,_OfdQ2USGDs5yWcIeNmLCA,302.49259934588605,© Google,OK,4_1,171205.74052970952,8228435.3621374825,d3c82a1528c8034b175a111588b633121e8574e6,cardinal,4,0,0_deg_north,cardinal,0,0,90,640,640,3,batch_0003,21,506
09f5c9e8a3beb2b1b29efb02bf01d001bb516166,f8dd5a2e5516a18fb8c4bc3deb9901caf3d8a187,-15.820089350059348,-47.568530299901084,-15.82005831168838,-47.56839323324272,2025-07,2025,1-31dKOOUDQj1BAL9THskA,222.20453751931132,© Google,OK,15_5,224865.35418560202,8249283.110622175,5198b8216304747698f34e3a3e4f8a6c7cf7d4f2,cardinal,4,0,0_deg_north,cardinal,0,0,90,640,640,3,batch_0003,25,507
0e0e504d96ae437d545f3eaaac0a5289bdd19f74,d431e2d178c5cff90c9dc92365d083cf03bb812d,-15.86555090001063,-48.09736875015018,-15.86558737974149,-48.09735311526559,2025-03,2025,qQn4uHDBXytA1qlhqxkD_w,334.6634533972757,© Google,OK,3_4,168248.57327115574,8243483.373540627,860b3b50916a86ddb8689df6dccef6481d6679c0,cardinal,4,0,0_deg_north,cardinal,0,0,90,640,640,3,batch_0003,29,508
0ed9707b6a6b7606cf317d00d9edff03cf9138a0,c421ec28ce85b154381194cfbdaf616e637c1b92,-15.89865705007254,-47.77852730015821,-15.89864289927022,-47.77856989373517,2025-01,2025,DC4_sCTok3jmnXzIQZ2FXw,126.67565188480131,© Google,OK,10_3,202471.82160418393,8240297.200275578,39d61918745d808275cc55ec4ac160abf90851f3,cardinal,4,0,0_deg_north,cardinal,0,0,90,640,640,3,batch_0003,33,509
1079332e049f0facd381052167e5871eb11d5f49,9784b5ff8d4b1758a0151b9ea54b042916b69eb8,-16.039010450062445,-48.06541690011987,-16.03896352107246,-48.06539666406393,2025-07,2025,QbZSK0la_VWqznthGRut0w,122.7050705985094,© Google,OK,4_0,171956.41858273302,8224323.246577496,bf75f65893fd5f88c8004ca8af74527e415f6772,cardinal,4,0,0_deg_north,cardinal,0,0,90,640,640,3,batch_0003,37,510
12dbd84beaf02aeba4bca845e237db9649f6fe43,0b364acbb42679c92bbe4f8df8ff275ec434cfc2,-15.601659010790248,-47.641541731565944,-15.60170218972185,-47.64153801853402,2025-07,2025,SOgN2JAJ0Hgj3aVmNngOtQ,8.257215968665367,© Google,OK,13_10,216737.74341320692,8273369.023484114,3376a559433f5b70e149c1783ff61b55acd7b3f0,cardinal,4,0,0_deg_north,cardinal,0,0,90,640,640,3,batch_0003,41,511
1326de13c005e4df40919869a5bd6a6e99e390d9,356fd7afca102292a1c0d3b712ad3218dc58a11b,-15.58436530000052,-47.35197225002688,-15.58437120351782,-47.35195603359476,2024-12,2024,0iPwfEs3pYHJn1YU-UmZYg,165.6866497715534,© Google,OK,19_10,247784.16210841312,8275647.617396593,26eb47442956095c7235ef7b6f30c9f05ab92aa9,cardinal,4,0,0_deg_north,cardinal,0,0,90,640,640,3,batch_0003,45,512
13d43684380fda039ed6209efacf3fb09b0b7794,f747edef5de896d7cafd94f773f7f5e78c51f722,-15.747160150213553,-47.70944484975527,-15.74716972423233,-47.70940241147468,2025-07,2025,vVegFDtQ3THcigb76TKBMw,233.1720228403629,© Google,OK,12_6,209657.5958517115,8257167.925439046,5d6c45ef6ff790de2402dd7f1ca6b4fa5b648d6b,cardinal,4,0,0_deg_north,cardinal,0,0,90,640,640,3,batch_0003,49,513
14148ceb4656e04d848e76239411e7cd2e0eaee9,43e4eb53adc71ca7a323f5b5487c2e63ad24d7e4,-15.907358800085108,-47.77178599982891,-15.90738935244097,-47.77179348590393,2025-01,2025,8MO6kRq6wIPZDLyAGTwlWA,35.41952592226482,© Google,OK,10_3,203206.9531233606,8239343.2974771,f3d1bfa3ef78a66860f9be61aab3392c566d73ef,cardinal,4,0,0_deg_north,cardinal,0,0,90,640,640,3,batch_0003,53,514
1548739162f8a7d8731cdd220bbe6291287d4ac2,0c471a69cbbb4e6776cdf65bfb543d750aeaddd5,-15.900702604864355,-47.41645747875163,-15.90067364158043,-47.41642962883182,2024-09,2024,lm_1d9POQjJl0M5C3dLuCQ,193.20413914603415,© Google,OK,18_3,241266.48135383445,8240552.854347715,9e6a98ae92964b07d39c5b2216a6b6e8c4792095,cardinal,4,0,0_deg_north,cardinal,0,0,90,640,640,3,batch_0003,57,515
187302fbd46e6a5a4392f054d122c5ed5559ca45,7107ab43a65d590cf9f8b74aae78f6e91cb61573,-15.852641950079056,-48.01208919994922,-15.8526312478319,-48.01211932714857,2024-06,2024,tm2zPsgETFyzIFM36E4XEw,65.7802650458594,© Google,OK,5_4,177369.40763709706,8245046.329611285,436cd367d32c2f331697440c30cc4a42e6e70772,cardinal,4,0,0_deg_north,cardinal,0,0,90,640,640,3,batch_0003,61,516
1a7595272660c41f316411d67e2698236acbf964,180896d60cf39a53248a97ff393c0a364ce62420,-15.672269101153057,-47.64670409923593,-15.67230713785216,-47.64672025745125,2024-08,2024,wY5eGnb-TBOxWsAbssZ10g,65.97288113607452,© Google,OK,13_8,216281.23065527604,8265544.734641081,e8c99d199d00fa2869e77ab626a94bf790188de5,cardinal,4,0,0_deg_north,cardinal,0,0,90,640,640,3,batch_0003,65,517
1a7de6868fed2b8380d6653a60fb060fffeb1303,18891ca0e7198e79f7c486e604f37aa108a7b0b4,-15.742463150091801,-47.768611449949205,-15.7424560322261,-47.76862410257618,2024-07,2024,i-oF-qheK-mXP_qUzixN0g,248.79043764246208,© Google,OK,10_7,203306.32242101364,8257605.613874789,7593b4fba191901f1d0db7f3279b7865fefa1af3,cardinal,4,0,0_deg_north,cardinal,0,0,90,640,640,3,batch_0003,69,518
1c72e4e7da7dff9ddc4859f993f001dbaac97ad4,c0670d8592e9e3f8441a2555412c0da0d50cbe52,-15.835536800020998,-47.88191074994847,-15.83557479983642,-47.88193951933017,2024-12,2024,Dv-9Ez-7L5pkGhvBNjN9pA,208.3971724321525,© Google,OK,8_4,191297.3405147365,8247136.662347592,3cbc1fa31d88ab8e81e5d4cccc53f72464f5cc6f,cardinal,4,0,0_deg_north,cardinal,0,0,90,640,640,3,batch_0003,73,519
1d05fcb21a1af2430aad69043f8b5521389d0cfa,980a2766583680b53369dcff0e44d84d102bd575,-15.962392800001082,-48.02923395000396,-15.96242076904592,-48.02920654241095,2025-05,2025,3BacGHHOv3MveIaFzLO1wA,137.26894717029577,© Google,OK,5_2,175707.83492804394,8232865.385876825,5ffbb1a275b3ac988ea09898f5cabae6e39a8308,cardinal,4,0,0_deg_north,cardinal,0,0,90,640,640,3,batch_0003,77,520
1e8117f094b0158d94842f429004778e12e4482d,4203b0e67b646a2bcde044cfefc965c2985d4396,-15.887647179589813,-47.76985938507576,-15.88769124393802,-47.76984063623772,2025-01,2025,rNhotN39tgVvYPf7kl9qQg,314.6145047254443,© Google,OK,10_3,203384.46150051325,8241528.586421786,881cc452e29d18cad4fcb3938e1b76d847684be0,cardinal,4,0,0_deg_north,cardinal,0,0,90,640,640,3,batch_0003,81,521
1e872990fcff4b8b3d2c2cfb20f530ffeaa3d4c8,5e481d0a525b1e4c8604aae51bb26968920973ca,-16.049029950010482,-47.9183993500553,-16.04889134105644,-47.91849121650485,2025-02,2025,kli1gR154BzwE0-sbmOuJw,144.80406744024046,© Google,OK,7_0,187716.9446509106,8223441.084783351,e3ab39ea0085480fd2534022d3f65e2425fa22bb,cardinal,4,0,0_deg_north,cardinal,0,0,90,640,640,3,batch_0003,85,522
2116bbaafe96272cff575a8e9da82f650f9c4aa1,1377a9f3568b03a849280a3e22ac0126c7919be9,-15.594262607283259,-47.493720205059944,-15.59427848592169,-47.49373707284992,2025-07,2025,VVpy2hxgJzpnizT20C-hRA,346.25666001026974,© Google,OK,16_10,232588.48077183374,8274379.097285664,5d1f9c98d539b5136d84f8276b5b621a82c001fb,cardinal,4,0,0_deg_north,cardinal,0,0,90,640,640,3,batch_0003,89,523
21170aaecccb6a631d1b7891df42aae71332f6fa,c5a7b5a1b156789603228ffdd1b7e8681dfeecb0,-15.743426400619386,-47.750519499708254,-15.74340296787797,-47.75048914721311,2024-06,2024,NCM27d_jUZaDrMdKRZ4WbA,251.16715341290953,© Google,OK,11_6,205247.79019685258,8257524.333301598,cb6a2e853050d0e2c8475e62e1d68deb7534e492,cardinal,4,0,0_deg_north,cardinal,0,0,90,640,640,3,batch_0003,93,524
21f305e90f47f4dc6bc1dac5807be3fdf082cbc3,eb3af4f126ed91863350f237120747dfffb92a71,-15.915424548101107,-47.94768500882835,-15.91539940740594,-47.94768799116384,2024-12,2024,J_SgGzo5JNWjZlHQJrPcig,192.1378690806246,© Google,OK,7_3,184371.1182167441,8238192.041445741,2c683007456893774487b5d9fcc0668abfb4a923,cardinal,4,0,0_deg_north,cardinal,0,0,90,640,640,3,batch_0003,97,525
226d9af0c50c61daa7883f1a8f50bfd28b57ed1f,8739177ec7093195457c1c7cf7088d25a0fc4512,-15.760648054145763,-47.88911005996119,-15.7606730572601,-47.88906754908582,2024-06,2024,xZ8QrfCnIGkmyYk2IcpnRA,143.60797046040582,© Google,OK,8_6,190411.67013708086,8255418.706478183,fda27108c5524aa47c26d4207a47035a66a8729e,cardinal,4,0,0_deg_north,cardinal,0,0,90,640,640,3,batch_0003,101,526
233f613386b572cf1b9e6972da10888208416121,d6ba7ee0159f797c4239755069026f596abe8236,-15.966989053529538,-48.128021757406366,-15.9670071980976,-48.12802564303799,2025-06,2025,uOvt4mvAozFQHsjjE8HSZg,152.66804235710794,© Google,OK,3_1,165130.99647610512,8232199.770467175,a351bf6c9dc63e347d21bdfe4798d970c4f77e58,cardinal,4,0,0_deg_north,cardinal,0,0,90,640,640,3,batch_0003,105,527
2376b4f95a7163c8d4d2427f543d2367e7691a09,3cdffc0e3cd831b61053002dbf509ea8aa94f88a,-15.945572948106415,-47.60208537509935,-15.94557938618791,-47.60208646592439,2025-05,2025,82VX79I7ZtuRS3ho-zDIxg,343.0321968305474,© Google,OK,14_2,221441.69789427624,8235346.434354912,7d56971f65401f91e9c96f61c73a6a9d70845347,cardinal,4,0,0_deg_north,cardinal,0,0,90,640,640,3,batch_0003,109,528
23c08dfc2c4f216b381cd78e673eef39eca613a3,311b1ff4f150ab792be859a6099f4a5aa01c6c36,-15.785843799869925,-48.23067100980917,-15.7858893916396,-48.23065028433147,2024-08,2024,xXCQHHQxIfM3Pdr-aYd2Wg,129.87109006660683,© Google,OK,0_5,153822.2978639627,8252096.047466648,d92b545b575e9ecdb56fc8fe329d424ebf28311a,cardinal,4,0,0_deg_north,cardinal,0,0,90,640,640,3,batch_0003,113,529
2938085ecc7b523718e073ef344c11b03e621195,66697026ce043968f8232718cdd21de82058cb66,-15.67195085000027,-47.6460577000031,-15.67197864238055,-47.64604405578493,2024-08,2024,759IOiMq6kNi0_tAm7spXg,335.7715478239452,© Google,OK,13_8,216350.12522503958,8265580.83475771,4de8d4eab3af83ae223f5719875d60e19d6f32d5,cardinal,4,0,0_deg_north,cardinal,0,0,90,640,640,3,batch_0003,117,530
2a4e9867a7fcefc42f9ffd2ba9b3030379c20bfc,13855238806d7cf460b2d2fff09b7b8bc08895cf,-15.982020380249656,-47.57964961680541,-15.98204079414896,-47.57961218318215,2025-05,2025,Q0b8oC31c3U-_9I5BslNEg,148.29535639789924,© Google,OK,14_1,223894.88340625414,8231341.217442876,2d44b4ce02a698ca3506d073c8d129d8cc76ba36,cardinal,4,0,0_deg_north,cardinal,0,0,90,640,640,3,batch_0003,121,531
2bfc2a734d9897d82379e3cd46e41c58b3648668,a4b99466d0d318afb0d1e9e7f72e9714d7d6794f,-15.856481100031028,-47.847988299915706,-15.85634004333315,-47.84786966249519,2024-12,2024,VUkiDf6v80ZqA9c4TW3AUg,205.28059269593592,© Google,OK,9_4,194965.10800180992,8244867.157594321,17b73457255b95cc4191676fe3a0152210db4429,cardinal,4,0,0_deg_north,cardinal,0,0,90,640,640,3,batch_0003,125,532
2c05f7fe01288c47ed8451968c116e02ec06104a,9bfe4ef7dd3fba0e606ede2d21c86f398c74a1b4,-15.791031400006895,-48.04300880000795,-15.79100471088737,-48.04298857487777,2025-02,2025,xDz2KGnn14283-ELahln6g,111.06763964451162,© Google,OK,5_5,173955.9986081321,8251821.5903284885,5fc9024697519c4be8185637c8b8e555a5a6fc9b,cardinal,4,0,0_deg_north,cardinal,0,0,90,640,640,3,batch_0003,129,533
2c103de9fd21bbb61d1189cbccb2cb9238ce601a,46369ca18af8a71d12e1329f684cf5e31f782d73,-15.787924865263095,-47.91653079044533,-15.78792925062135,-47.91649259949344,2024-05,2024,A9V6mMiOlay5SRsLW8-olg,107.16113551047972,© Google,OK,7_5,187513.0124487566,8252357.704070248,a40869dfcd87ccae0e8dc0ea7b5450e1241c0658,cardinal,4,0,0_deg_north,cardinal,0,0,90,640,640,3,batch_0003,133,534
2df0b36c61e251af34f812965937ad9d2bf9bd6a,850ecc98797abecd0479c92dda32b914a625e53f,-15.931610380685214,-48.11158073912967,-15.93159001833482,-48.11159208028381,2025-07,2025,sZ6h1DsC5rt0weT0AgGwmw,143.14996144840086,© Google,OK,3_2,166834.03457625638,8236144.492817311,4f1c478973849d2fd8268ccff828a18560a44dc4,cardinal,4,0,0_deg_north,cardinal,0,0,90,640,640,3,batch_0003,137,535
2f369a73d1827de8809d7314325529e967f8711f,e5d1a840dea7fe85ad975b19d9f1b9f5daea37f9,-16.011807950088738,-48.066441499932054,-16.01182204073347,-48.06647344166763,2025-05,2025,jZGF3rc7Is-uHuQZp6P-jA,242.30142050881415,© Google,OK,4_0,171802.12741823358,8227334.2990789255,9d3ad64ce36f349b0cffd98b1d6f0fb212005210,cardinal,4,0,0_deg_north,cardinal,0,0,90,640,640,3,batch_0003,141,536
2f83e378d78281e9ec3b25a7feb6f3b0a367e9b6,df2471a45dd78ea8505004ea332ab4e019b466fe,-15.769404450000906,-47.78447939999124,-15.76943972419419,-47.7845725198438,2024-06,2024,lh7VZ3C6zItrHXsSySv4gA,179.85621553416846,© Google,OK,10_6,201644.1101482353,8254600.17162319,2ca0cd908c95819b8291149aab6dbb23bfde3a3e,cardinal,4,0,0_deg_north,cardinal,0,0,90,640,640,3,batch_0003,145,537
31864c86543e1e421cbfbd88dbc5c0c7acb7601f,1c9c71642196c759f58fd81018fc0a90c1a9b1bb,-15.84044128396749,-47.51935967263723,-15.84040907237154,-47.51940059977565,2024-09,2024,zTzR7107vfAleUDlVmsqVA,119.14304674801693,© Google,OK,16_4,230162.37264143515,8247093.894397799,cb567672d1bb30abfdd374684eaba6bf50db31dd,cardinal,4,0,0_deg_north,cardinal,0,0,90,640,640,3,batch_0003,149,538
31a403736d93d914d73063b04a9cf05198c20370,34ea058551a06e01f0f4909db45608f8ff818b7e,-16.036923900060273,-48.25822319983765,-16.03689848497806,-48.25819855634546,2025-05,2025,3MT_9nH-9dl6upzQg06yjA,204.424217055484,© Google,OK,0_0,151301.31898637812,8224239.170984507,95627ccfa986ff6e9f078fb47924898bf6505c43,cardinal,4,0,0_deg_north,cardinal,0,0,90,640,640,3,batch_0003,153,539
32fb3be25391213aaaa1fa25bf91b1c1da493b08,5225464f0350220fdcf5b2bdfc60bd67cd209a0a,-15.519177813293656,-47.53075641285899,-15.51917550899855,-47.53080611873781,2025-07,2025,aRhi6U7zt14sfWkB_WRkWw,352.65960792873955,© Google,OK,15_12,228516.20103299594,8282644.3387802625,8928a0bfa329439ab4fdd63ea673a76e4a22d4a3,cardinal,4,0,0_deg_north,cardinal,0,0,90,640,640,3,batch_0003,157,540
340e9d7047d325e2d21f105b3a6998a197493b1c,f450e789fb07caf6f26bec2209b6aadd2d2dd923,-16.04234445022152,-48.25457740007749,-16.04237749980735,-48.25458627836739,2025-05,2025,RH-rKBUKvTBiDe5RlkfDsA,273.09188417313237,© Google,OK,0_0,151701.28879762432,8223644.890295748,3d54e9ecf879f514eb93f7ac03a0dc9e06dc695b,cardinal,4,0,0_deg_north,cardinal,0,0,90,640,640,3,batch_0003,161,541
34459f6b7953cee8e45c8ff75b120d0361a6bd4a,c3fde145ac8a0edaab7aefff632ebcd0fe599e52,-15.579002848574984,-47.39468179735133,-15.57896866323589,-47.39469462927117,2024-08,2024,ZNOF_-Lc3Yg4312l8rwvAg,264.47634301571793,© Google,OK,18_10,243195.2200949377,8276190.182515779,700bbebce60f9f2fca90ad972643aa9242fa407b,cardinal,4,0,0_deg_north,cardinal,0,0,90,640,640,3,batch_0003,165,542
34bc1aca13639c0ffc95012f69531a45f4c02a1a,2c87bba70a43b05eafd4a38d8e6064a02e35c132,-15.738581350010499,-48.12509559993275,-15.73854845261311,-48.1250818821313,2024-11,2024,PuqV4Mx7mvRrz1fQQzcc7w,184.60589084439107,© Google,OK,3_6,165067.2296301566,8257501.542477049,a69638f4aa9b3bbd0e498e698be6e9d3ce4c7600,cardinal,4,0,0_deg_north,cardinal,0,0,90,640,640,3,batch_0003,169,543
359222939eea5821dcbe9f66f175d4dab57a2324,003d2258d67a185e611ee7a939139b41c2323e31,-15.820287662764185,-48.06448462935533,-15.82030852652712,-48.06452448013619,2024-08,2024,52jdyObbDVgXKU73LVv8Vw,70.59971072057934,© Google,OK,4_5,171700.33619704627,8248548.078155436,6567388c805f4d8d161f4cbdbbd770c4e7c625da,cardinal,4,0,0_deg_north,cardinal,0,0,90,640,640,3,batch_0003,173,544
36b025c18d3c127eb55293fbf9815287789c66af,096ab52b7fd0c544ae96f06219d4a6004a088841,-15.80639884999319,-48.159101600368935,-15.80638258784952,-48.1590848756173,2024-07,2024,pZPvPssMV0hnK8JFJwXF_g,342.6550572093782,© Google,OK,2_5,161532.16150106958,8249935.997139518,e8d6cb2194607deae324e12d2653dd9dd88c7371,cardinal,4,0,0_deg_north,cardinal,0,0,90,640,640,3,batch_0003,177,545
373994ef2453edf8db58737eacf57ec8db2c0fa2,f16c33a1847f11074cbe101e243c627a1b10ede7,-15.969807600019193,-48.1847083499561,-15.96979927281231,-48.18466777184014,2025-05,2025,vwQkl_cPXMe2NP7X_Tt_Fg,29.865684752669438,© Google,OK,2_1,159061.92096449842,8231795.449183701,115c77866f6c0735b7b51c6e4d713e4e40b787f8,cardinal,4,0,0_deg_north,cardinal,0,0,90,640,640,3,batch_0003,181,546
3782848c167f5de6ba3c11ae162f37efde6da53e,a0442943da5edc566861e19682788267ee75d0a6,-16.02463993534062,-47.38951605440699,-16.02463042266116,-47.38955045291936,2024-10,2024,hSlNHbnjdKkZYKPvRTHWFg,97.98846196702812,© Google,OK,19_0,244310.02233746825,8226866.634512831,e9877d827acae376e04c87df312e4b5f88346296,cardinal,4,0,0_deg_north,cardinal,0,0,90,640,640,3,batch_0003,185,547
3813b915437435121757dca5a284a7fcc19439b3,3df627e971f1567a071506db3a147c223649add7,-15.905878100776462,-47.51657349949987,-15.90588480776777,-47.5166005261007,2024-09,2024,qJ5Ac4CfGm7uBh3_lYcyWQ,66.88562979943673,© Google,OK,16_3,230548.03436033157,8239853.326495991,7b814403e4c7875adae4e162c571bc755adf3ece,cardinal,4,0,0_deg_north,cardinal,0,0,90,640,640,3,batch_0003,189,548
3b56de0b2de6e7b11f91a15ae9554d0387c87b14,9a4eaffd4e430f7acdfea035c444bac69debadce,-15.807412600061777,-48.08190169997095,-15.80740343170621,-48.08191171236668,2024-08,2024,JjiLmNdxHNBw21cwbDnNgg,250.50563486460157,© Google,OK,4_5,169811.97633538945,8249946.655395474,32e85b9d524d309051f206223ca41e30cc640265,cardinal,4,0,0_deg_north,cardinal,0,0,90,640,640,3,batch_0003,193,549
3bf13c0e131bd4f2b2c6ac47b4fc0e975a7e2cbb,b092afd365c972d7bf1ed72c97d81eacbde45521,-15.632916000026468,-47.65937349980222,-15.63287532756496,-47.65939330405237,2025-07,2025,dRg6R0zIg9XuHJaFRVZ2aA,182.40989542145945,© Google,OK,13_9,214867.6706601822,8269884.641371047,884a590d90c6ed3516faa323b10f401bfdd6403d,cardinal,4,0,0_deg_north,cardinal,0,0,90,640,640,3,batch_0003,197,550
3c1a53874cea2c206ab1768743192cf344be2310,776962a952aeb513231d821ef01e6f4a0d970bbd,-15.75603320023927,-47.777107949875216,-15.75600647752521,-47.77708027740687,2024-07,2024,iw-9QU4mB8rNXeSEAOU0kw,249.67829535789247,© Google,OK,10_6,202414.98045865222,8256091.11773628,cb712053bc1fb57ff1c0b5f5d945c0442accbc5f,cardinal,4,0,0_deg_north,cardinal,0,0,90,640,640,3,batch_0003,201,551
3edc2354ccbc392f8168bdbaefc6f0f2e28ac496,be67d2dab021aeca202da2911bdab6e718dbdcdc,-15.578237636096546,-47.382941169569335,-15.5782074928637,-47.38292876440843,2024-11,2024,5j44Y41fvPE2CF23WFnwuQ,86.8546813883549,© Google,OK,19_10,244453.96120008145,8276288.999249169,d6827ac022db8beb495b07bfc88098d62f60458e,cardinal,4,0,0_deg_north,cardinal,0,0,90,640,640,3,batch_0003,205,552
406ca2c6f909bc76c6d7d29cd2d0c4f620cc2c05,cc48472a7e99ad74be2257e79aa9c64b9b8250a5,-15.888416021982334,-48.01338353690743,-15.88836623051001,-48.01344584275902,2025-06,2025,zvK91XRxvK7-9ksmuJIijQ,104.0939842356594,© Google,OK,5_3,177287.69267559983,8241082.564134266,3f09751c16603b48cfa3a5cb0c4871fcd76716fd,cardinal,4,0,0_deg_north,cardinal,0,0,90,640,640,3,batch_0003,209,553
42c2efee6180d1071a1cb449399382acfddf651d,01d589257e3ded72870f239ef2673142edbe900a,-15.583389362514227,-47.352286849094355,-15.5833535111746,-47.35229525969715,2024-05,2024,_H5qN6wy2LxwRwidn6b_Vg,251.24371685881675,© Google,OK,19_10,247749.2173071413,8275755.271975389,2a09b00a8876bffdda86c3bab28292bba2388b96,cardinal,4,0,0_deg_north,cardinal,0,0,90,640,640,3,batch_0003,213,554
432d94cb67709024e2bded26b4f8172b55cffdde,b5c168ea71db8d7096e5c7bbbe3ec6a5d5292956,-15.862198800064727,-48.09222309995732,-15.86218989289823,-48.09223623335031,2025-03,2025,JR6WqrnWZvlUG-RAJtO-2Q,65.12546633993497,© Google,OK,3_4,168794.68754168908,8243862.775514571,b30f08e173d06f80e3d3830d59f55c6d874da022,cardinal,4,0,0_deg_north,cardinal,0,0,90,640,640,3,batch_0003,217,555
4332ee39e8a14fa63f09074120dcf691ce7314d6,fb11e9498ea197a5ac10d9c92f2ff29ea1bb4e0e,-15.974113688750233,-47.512897485855916,-15.97409341079503,-47.51292365330978,2024-09,2024,MhstV-tPc7znijwYYPkGKw,50.54317055102958,© Google,OK,16_1,231032.89105344395,8232304.058541803,f260d9b3aed633d83e92cc918dc393ee6f8f677e,cardinal,4,0,0_deg_north,cardinal,0,0,90,640,640,3,batch_0003,221,556
43d72619e089191a881c2fe2530eae4fa4494514,37e37d4faad6eb2470537974c6438af61460ae0e,-15.761240499999987,-47.788307400000114,-15.76125651754531,-47.78831734369366,2024-07,2024,V6q9YI3Bd7KDYnfBWMZ60w,352.8268238913257,© Google,OK,10_6,201221.7018118982,8255498.691974364,b9d4e143ab5627728222348e8f5754178597cd86,cardinal,4,0,0_deg_north,cardinal,0,0,90,640,640,3,batch_0003,225,557
44a33c91d8a121d14ecb95378f27596895ae74cb,7f286ddcd234e192ed6ff10e792f3865e9882744,-15.946744945001189,-47.51437969297073,-15.94658292961956,-47.51440027377115,2024-09,2024,_dRjD-fcP4kOswXHtgzgYg,18.366676646826495,© Google,OK,16_2,230837.57134305956,8235332.000033789,08ef4ff141574f96e879a63ea91683a31ebc86e1,cardinal,4,0,0_deg_north,cardinal,0,0,90,640,640,3,batch_0003,229,558
44ece07bbc7c3831824353a70b0545e8ded0dbd7,3294d4e711d23ab4108c67bffbc570dd2aa7740a,-15.578399138118348,-47.385409879765135,-15.57855852444381,-47.3854362407759,2024-11,2024,cLOx2QMIIPUVf1lwwuUMiA,344.4462940950258,© Google,OK,19_10,244189.28554086073,8276268.160419432,932ef7a4060e8f6ab35d3c5b8ae65ea986f70466,cardinal,4,0,0_deg_north,cardinal,0,0,90,640,640,3,batch_0003,233,559
45d802d0db20ff0b2d22379fe99e71beb835eaf1,9adfe01745de8bd570cb053d47cb3c115cbde45a,-15.918085067926247,-47.48714483042071,-15.91808262771422,-47.48718065607515,2024-09,2024,JKGGh5vAXwyM19pxTbLwJg,257.66411208281556,© Google,OK,16_3,233716.78710271898,8238539.73404672,061af65b4599b98df1cdd381b15f4dc5ace9bc5b,cardinal,4,0,0_deg_north,cardinal,0,0,90,640,640,3,batch_0003,237,560
464d1f307bce49f13d9cb5953332b020402b1f32,5057eb1892e09af00dcc08413ea10cd551528246,-15.97238280010557,-47.78025320051733,-15.97235154744417,-47.78022193529085,2025-01,2025,KynCXxLuQJMlVKKH366bQw,324.20797463402187,© Google,OK,10_1,202395.72983063283,8232131.443342526,3d63f1aca7427d235557ec2a3ffb17ba51bc6a23,cardinal,4,0,0_deg_north,cardinal,0,0,90,640,640,3,batch_0003,241,561
46a4082e992e3e49a4bd1cad6e1dbfd59fdc3a36,9c40f3ac02a46b637c66905cebe49b013aff648c,-15.849456878505167,-47.82467208397284,-15.84942669693637,-47.82467471116203,2024-12,2024,w3ZqnoI9IXL7jlK0Ka-8tw,202.80766379377098,© Google,OK,9_4,197453.65807118383,8245678.765919688,5fef23c378cd12c0afe06f4991082d2ea83e700e,cardinal,4,0,0_deg_north,cardinal,0,0,90,640,640,3,batch_0003,245,562
46ff4baa7d9af45526169020d61e5e6051945d62,86638a0edbce2996a67f6545dec681cdb7a8f686,-15.983062006701461,-47.90881111733635,-15.98310039552528,-47.90879922539913,2024-12,2024,F_6v6cn6J16u3RbxSNPUNg,349.84477371271834,© Google,OK,7_1,188641.27241578337,8230760.581263704,e9787356974bfd21f6ad866ec8d7537b2a439ab0,cardinal,4,0,0_deg_north,cardinal,0,0,90,640,640,3,batch_0003,249,563
474f86d6a567f19af93d9e339753fc92a4b8d929,b70deda106e009d387344cae7f7c3c27265318e7,-15.80965232631561,-47.81561784467884,-15.8096458337362,-47.81558411044956,2024-12,2024,2NdP2_ox7yUK8Jvu8zpT7w,100.2637929091386,© Google,OK,9_5,198364.98495605646,8250099.269663012,b62a0fe2b7ea2c260594bb1d936272d7a9731400,cardinal,4,0,0_deg_north,cardinal,0,0,90,640,640,3,batch_0003,253,564
47d887818ad64defc15738b707496769ecd30e54,5eceb0e9b8ab36e0856afc7ca6c6b5eede90ce0d,-15.731201402948454,-48.14683125065255,-15.7312167805994,-48.14685029957212,2026-02,2026,Z7OVyqw_6-0gtb3cBvebBA,269.8597899502234,© Google,OK,2_7,162723.51461709262,8258284.259713642,9004d0fec32ef1cdcdc9803c64ad52e385d6956e,cardinal,4,0,0_deg_north,cardinal,0,0,90,640,640,3,batch_0003,257,565
481b4aeda84ad2017401db19069ea451bb3eb945,feed4335c0666d63210c9afd21a2aa573bae5ab1,-15.745399607429995,-47.596043601876254,-15.74544416919089,-47.59605233763956,2025-07,2025,qk-iRYltUFBs7rIozR-fCA,20.28149213536623,© Google,OK,14_6,221814.50211059145,8257515.729931907,f3e5c0bae1772802b9c4300e8b227ae6d8b35e50,cardinal,4,0,0_deg_north,cardinal,0,0,90,640,640,3,batch_0003,261,566
4870085149a481f9deba7d44a801b39b463d9274,b07146779aff6940b28f5501d07d360534b8fc90,-15.82373820017684,-48.08378329991765,-15.82375106620337,-48.0837649985957,2026-02,2026,wT_tcQVwNP-NPZzg9JIf0w,70.64035923781763,© Google,OK,4_5,169636.7671414789,8248135.635187853,c220a6c2d07d109e45013e621c4f689d59a097f9,cardinal,4,0,0_deg_north,cardinal,0,0,90,640,640,3,batch_0003,265,567
49f7b70cd7371fe1ae3b3807f7084bac482881b0,5fec26f1e12fb07bae479c18b9fe46647db4a1b2,-15.813630043804206,-48.10098526245527,-15.81362014039052,-48.10103544089797,2026-01,2026,bp69Y0QP1TodfvWRBG8thA,144.31743239244307,© Google,OK,3_5,167775.86298378176,8249227.958604311,0da302505a98477fd633aff5485e91c0877555d5,cardinal,4,0,0_deg_north,cardinal,0,0,90,640,640,3,batch_0003,269,568
4b573637a49ffa3be5ba75f64cba22f8d105c3f3,e9417f2ded4699336c5deedd070111464bfbc360,-15.659816778343176,-47.8547172623295,-15.65982571945824,-47.85473463282798,2025-12,2025,niG-GBli_4t_Ht9FAF3poQ,339.55108854472456,© Google,OK,9_8,193948.9790542211,8266633.959736137,11536db3534c20d220e627e3a1184efeea3ef3ef,cardinal,4,0,0_deg_north,cardinal,0,0,90,640,640,3,batch_0003,273,569
4e051db02ead96210de490ab36730ca731e7d01c,b08635908e0181649ac1fa17a0fc34eb9777fd31,-15.907663350103123,-48.089490099948506,-15.90764655066048,-48.08947228448,2025-07,2025,0GXvArNhvMJclUtEGXop_A,249.69736606000714,© Google,OK,4_3,169162.04716757493,8238831.854844011,7e703c4db250c76f19733334126abee2fc411cf0,cardinal,4,0,0_deg_north,cardinal,0,0,90,640,640,3,batch_0003,277,570
4ef27faef4202d127ffc05d0f06a688e0977e953,ac8c1e4b1bd0edbeb5a19b62a37da6e9936302a0,-15.884381350609708,-47.96845040012194,-15.88437620986141,-47.96841965035149,2024-06,2024,ARP0qgK3ayWHtzUF30jTOw,89.67663711775218,© Google,OK,6_3,182097.09025080144,8241598.250249,a5942ab49c25f3b578304217775b6126628a0247,cardinal,4,0,0_deg_north,cardinal,0,0,90,640,640,3,batch_0003,281,571
4fee15faade7c4578d12f737ff94d2ee5cf86641,5bf1fa9358669b299b39ae5576f3bb8a064fa4e4,-16.013690000988028,-47.3818469122063,-16.0136721808033,-47.38184452011733,2024-10,2024,iwAg7vHrZDn0zE53kebt5Q,42.13261692562807,© Google,OK,19_1,245117.14905470953,8228088.193783586,56baac63f3394d4d5d60413fdaf816ecc344c6e0,cardinal,4,0,0_deg_north,cardinal,0,0,90,640,640,3,batch_0003,285,572
502fef91f2c2ecc1a69cd1810c01c8730275e0a7,e22c47cca044007abbe9ee0d7b2a2ad8ab757c07,-15.849942592635552,-47.87312386072701,-15.84992690020464,-47.87312012989354,2024-12,2024,k_vtaGU8cGpx8700AOj1Yw,216.04165457165004,© Google,OK,8_4,192261.1023278744,8245554.398753549,dcfe7e99c0c812a9b835d4990dd74ac0e8eb660a,cardinal,4,0,0_deg_north,cardinal,0,0,90,640,640,3,batch_0003,289,573
5074fdb371307863b27a0b7d72fb61d88e0903c9,aef5eb0071eb82883d54ff39dfd6cdbcf7576637,-15.952165553954568,-48.030322986861705,-15.95218899097163,-48.03031171612364,2025-05,2025,PFGqwuaiZMUyedYodLaOWQ,320.1216872876061,© Google,OK,5_2,175574.67162619872,8233996.317258279,66de895a5c2890cb4ea8d2f665889f2f6e4b40a4,cardinal,4,0,0_deg_north,cardinal,0,0,90,640,640,3,batch_0003,293,574
50e98de712c05d5aedbbe2a99a1aa1e82211e6d7,1d60dc107221676220115af16c26a9c9693e0fe6,-16.02164551361425,-48.21315298810432,-16.02164146312783,-48.21315952185694,2025-05,2025,dSkKruetWLbQtGhlK7ltZw,243.8486602378655,© Google,OK,1_0,156102.89680915765,8226006.856244434,08d049a35e68f58682d02612dd3175fb0b1de82c,cardinal,4,0,0_deg_north,cardinal,0,0,90,640,640,3,batch_0003,297,575
50f68746c6fbd81d1cff3d83115133d18b5333a0,b28d6cac1ea1a8b47aeaab42519bf45451f5f6d6,-15.723225100894208,-47.8932337995415,-15.72321312007425,-47.89319105755042,2025-07,2025,FMFA-lMid6m6PVMxNoJE_g,249.66039981807816,© Google,OK,8_7,189912.63925870362,8259556.594851874,519e32beca1b74f262192768a53fcc050d9d5714,cardinal,4,0,0_deg_north,cardinal,0,0,90,640,640,3,batch_0003,301,576
51318a013d925c49837d20a80f4bfbae87526cb0,99fee47040eda01b060a99e578ae7d17ba5c6e4f,-15.850956817354096,-47.87156318300442,-15.85094666183344,-47.87160260014894,2024-12,2024,3oR_U18_356hmq2dWQ5rcg,244.28190257714385,© Google,OK,8_4,192429.9243917449,8245444.384033009,083d55cbea14bb851ecbec6fb677430ef4fe9fac,cardinal,4,0,0_deg_north,cardinal,0,0,90,640,640,3,batch_0003,305,577
51db700530e847eec109a0961bf4635d240eea3e,0298b68aac7d01dd622fb676a9a42c5963a9cbf9,-15.92431031485985,-48.16679095671621,-15.92430366429313,-48.1667979674658,2025-07,2025,iNR4DM5zOYa8G3629GAOhA,179.69676101967318,© Google,OK,2_2,160905.13423736344,8236863.964554763,b50cf2fe79f9221e55bc929238d423f16a088c43,cardinal,4,0,0_deg_north,cardinal,0,0,90,640,640,3,batch_0003,309,578
53e02c908343a1f79765c803e5aaa1c1f6e72d0e,bf2b124d026b3c84c5d6616cc7660c504234e1e6,-15.926568900902586,-47.397335494953836,-15.92658592832699,-47.39731970882061,2024-09,2024,y5iKmb5kixqR96l7o6ykxg,7.622416566260922,© Google,OK,18_3,243347.79454057536,8237713.138044398,30460b382cb29035b11c14d78de642ed5c7cce75,cardinal,4,0,0_deg_north,cardinal,0,0,90,640,640,3,batch_0003,313,579
548ee3ef441cf51af78fb4620cc57a4d2a0f718e,4b5e921bc02d1ca6ad8429c0adfcab9f417a693b,-15.817963490666397,-48.08291160575855,-15.81794470232736,-48.08293362767211,2024-07,2024,0osKNnAnFFhxm_bCdyQufA,161.16873027395744,© Google,OK,4_5,169720.83731000658,8248776.556823942,212eed3aa545b5788e5c318e606feab49bfad869,cardinal,4,0,0_deg_north,cardinal,0,0,90,640,640,3,batch_0003,317,580
54e060d084cf3ca3b51956bd961e0ca7adbba185,234db6819e266ebaabebd3cef1d137d34aae1216,-15.594944200006342,-48.09196204996544,-15.59492398247009,-48.09196204317691,2025-12,2025,4Y6Pv2q7_iCcHtfp8qxqmw,7.102765966288074,© Google,OK,3_10,168389.252646741,8273461.663133192,624860a0ef0125e17443594202859a86e35e7825,cardinal,4,0,0_deg_north,cardinal,0,0,90,640,640,3,batch_0003,321,581
561fab087507dfcd0b53d593da518e1f208c0c12,e985d63e22cad19f0ed2fb8f4fc54e483c6d90e6,-16.032248731507696,-47.340455759851054,-16.03228230527403,-47.34042680262623,2024-10,2024,oN9u8QwOD2QyKNOC5AzWWQ,107.98776736855336,© Google,OK,20_0,249571.73898472777,8226084.27108508,7a05cf65be5bc25d9ed70f8d1603ed592c81b18a,cardinal,4,0,0_deg_north,cardinal,0,0,90,640,640,3,batch_0003,325,582
563327fa084b72babe194efa7d09274853453415,52acaf893aeca0f09de1244a0194c3327fdfb5dd,-15.925948465814756,-48.106199280904185,-15.92589588981259,-48.10626366438134,2025-07,2025,-w0OKNYe5v5JPWL5IAEDrA,141.7996564890843,© Google,OK,3_2,167401.3871403531,8236780.163637067,772cef20b17d2cd28de485131251781272ae2eb1,cardinal,4,0,0_deg_north,cardinal,0,0,90,640,640,3,batch_0003,329,583
56af2fdbd82c2da18b8e19db59e97042be0aa2b2,c1559cdf58062c6a69dcd7c5df8bc0136eeb5b5c,-16.019489256729685,-48.07870858670125,-16.01951973403077,-48.07872314005698,2025-05,2025,7MWhquLvc1Ktkii1KafI0A,9.875785327697919,© Google,OK,4_0,170500.74170456853,8226464.13074005,8401d66f88ea7d66159a4b14e8ffd9c51742cd36,cardinal,4,0,0_deg_north,cardinal,0,0,90,640,640,3,batch_0003,333,584
574e722f27c9e8010d4b1c332f79953f5c3afccf,300a65589f5bee5dbecde8d1c1d2334928a7ae48,-15.953612950556883,-47.84089649962369,-15.95360823314129,-47.84090013686887,2025-01,2025,XrWiZdun8xWfUMWAVJE_DA,65.28664985970188,© Google,OK,9_2,195871.47751289658,8234122.079485105,8f81e619f93d2646080a5490388d1244bfb6a312,cardinal,4,0,0_deg_north,cardinal,0,0,90,640,640,3,batch_0003,337,585
5886677e0922f30350a8d1fdcd969c0cf4ca65d1,560163246ee4d21a249931b0784971a9c11413df,-16.04746436596882,-47.53817060551774,-16.047470966317,-47.53815626727038,2024-09,2024,pXeEPECWiITGU4i5NqkZKA,331.87220823471847,© Google,OK,15_0,228425.57327639626,8224150.753164739,ff0dfda753fbea1d737bbb3305c64cbaad81b511,cardinal,4,0,0_deg_north,cardinal,0,0,90,640,640,3,batch_0003,341,586
5961734642aa2149baf5e6c7bf1aa3b96d04bbd6,cffddc3df02b3c74480528e6773e34af751f6ef1,-15.834261201087633,-47.629236119778696,-15.83429923220568,-47.62926284450333,2024-09,2024,fK2lPToS7xFs6OG3JOfVeA,343.84500800150624,© Google,OK,13_5,218378.47819236637,8247633.595301494,ad60bed46f7f615b6dcd39849d7ac69853b054e0,cardinal,4,0,0_deg_north,cardinal,0,0,90,640,640,3,batch_0003,345,587
5997289fa07d594fddea6e9b4b5332389d97e348,42a1cb9b7f86c4ad9cccdb006cbddb14de467f56,-15.776796671885087,-47.9173428580639,-15.77670693949796,-47.91732509591291,2024-05,2024,-0l7p2hIdTiMFmy2h2ILtw,15.42466521485921,© Google,OK,7_6,187408.85973492713,8253588.780734459,136561b2711b0356d470ab126bc577c58278f78c,cardinal,4,0,0_deg_north,cardinal,0,0,90,640,640,3,batch_0003,349,588
5b4c3c64015789899432b54f30c222317924d202,4f32e6413c64b89620ddcaef8c5f14518e9033c8,-15.734268681907206,-47.90952572730347,-15.73425585908482,-47.90948799157115,2024-06,2024,Kr9h7R2LgXgAu0UB2nfQSA,251.17568076915353,© Google,OK,7_7,188182.08633466417,8258309.692591075,e32e83a939750abaf6f0167ec61178a28c84d41a,cardinal,4,0,0_deg_north,cardinal,0,0,90,640,640,3,batch_0003,353,589
5ca57c2ddceb8bba2d0e5d7c882274e72c1db22b,249b9e58989e8e790b5c01ee79d7455c358a227e,-15.807243300384311,-48.06396714982757,-15.80727146372789,-48.06400816964454,2024-08,2024,QqZhktCj5SAC852ZZEbzlQ,71.16288128982089,© Google,OK,4_5,171734.7463038397,8249993.527811596,273e515a85fc8c9c58ca76a91aa3467fec78b75c,cardinal,4,0,0_deg_north,cardinal,0,0,90,640,640,3,batch_0003,357,590
5df59ce1b5582aeecfeda6537c774642937ad23f,1513e7539dbf6660d2d6c22bfd313bf87041aa8c,-16.00505185000427,-48.06028209996649,-16.00504520583503,-48.06026956933195,2025-05,2025,OYqu0VUbt1wYDz9T55DY6w,182.12737291769668,© Google,OK,4_1,172450.86514592046,8228092.272112875,c3e8288bb52c8be9cf2a176bd47cd48718c6854f,cardinal,4,0,0_deg_north,cardinal,0,0,90,640,640,3,batch_0003,361,591
5f6b87b970777242f8185baa15c94b9d411696e7,16a2c2bf472baa60fce1ee2a31a42f66956ac5a4,-16.00979205009454,-48.070301150175645,-16.00977425540746,-48.07033289770299,2024-11,2024,d_iaDZwAjysfNBZ_4zVfsg,301.90269385043587,© Google,OK,4_1,171385.39269754893,8227551.447342126,71582c11b94bdef343d98c0fdb84a172c19c858a,cardinal,4,0,0_deg_north,cardinal,0,0,90,640,640,3,batch_0003,365,592
62577a2ca11c93db765e0437cc75692b2863c16f,b76bbfd6b49e3d4b2e5c205c52e937452950536e,-15.748790800000048,-47.75481840000192,-15.74875695653565,-47.75483834591794,2024-07,2024,roJJ-HfUAHa1qusre5C0sg,341.4459631372873,© Google,OK,11_6,204794.56107080154,8256924.3641305035,b5704b686a0909a35e5e639c705fa01e77302f80,cardinal,4,0,0_deg_north,cardinal,0,0,90,640,640,3,batch_0003,369,593
62ba62fd2f89fd09b8eff9d3928bc48fa6810e2c,87ce331123563369a3d674b3f301369bd422eb67,-15.848423968831833,-47.95535425580951,-15.84840005588484,-47.95536845525605,2024-06,2024,Ef26yL7M3LM2iya1mPSEgQ,45.29709439633474,© Google,OK,6_4,183444.4719992477,8245600.017375603,907f9308b382cc323b022b99bae173e635176a2a,cardinal,4,0,0_deg_north,cardinal,0,0,90,640,640,3,batch_0003,373,594
631d65cec79fdbef6a5ac4459e0942b4d1b1065e,ae9194a3a4e7ec5d2db50cbe1be286f497e18d24,-16.02979280014187,-48.055981649685734,-16.02982558583811,-48.05598404485777,2025-05,2025,UTrkU5OcLZ-JMMi3yJj5UQ,31.365412465388953,© Google,OK,4_0,172951.89021085904,8225359.022391413,918a906593600f5e47055da7923b4d323ca57dc2,cardinal,4,0,0_deg_north,cardinal,0,0,90,640,640,3,batch_0003,377,595
63934313c6dee3fe16670fb6b2f2ae51da9049c9,2f9f5db2ea743748a35432d3764b1ec7e5e58f10,-15.843434426382048,-47.557574518994784,-15.84342394583808,-47.55755180606041,2025-07,2025,yK3uYguXMpXbc-q6QMGEAA,122.88009562349379,© Google,OK,15_4,226071.07493050492,8246712.972364345,5f65543cdbf208a1e2d361f34050c746abcf4186,cardinal,4,0,0_deg_north,cardinal,0,0,90,640,640,3,batch_0003,381,596
6397d715616837df0bc25c0d2718958986bbe6e6,8aed746c58b10c07569cea75f00846519d3b3d8a,-15.890379251894434,-47.39202278926509,-15.89042034517918,-47.39199913958284,2024-09,2024,rOVEDWYIEVYuuu2ulfYbdg,187.33547053126242,© Google,OK,18_3,243870.9715107467,8241725.717487048,e9dcdcfbcc2ddff93736d0d494345ea96730d2f1,cardinal,4,0,0_deg_north,cardinal,0,0,90,640,640,3,batch_0003,385,597
64445e90a31a61cf6ace264809e105a58259199e,8b81d6ef5c234aeae56159483d962e6e1c61b2f5,-15.519532311167826,-47.53122654224942,-15.51958635045269,-47.53115692660668,2025-07,2025,gvIpaK6Hd0C_BQs3t1gPvQ,190.27125700563207,© Google,OK,15_12,228466.2043545528,8282604.498096072,1a49fbc7c01efdff3197d94079469f37e0e72dd0,cardinal,4,0,0_deg_north,cardinal,0,0,90,640,640,3,batch_0003,389,598
64b4b172a7097a4ed0c7317ca8ebc95568d5edbc,7c1a6242580a0265deac4cf36723378f624bf644,-15.830345831975613,-47.55287027013691,-15.83028993537755,-47.55294196440579,2025-07,2025,xMeGRkDPTLd1N8fq5UshzQ,223.1553476932159,© Google,OK,15_5,226557.57866789083,8248168.112120718,24bb7c6a76ac2fc020ec35a0b4a86d5603a53ea5,cardinal,4,0,0_deg_north,cardinal,0,0,90,640,640,3,batch_0003,393,599
64fc52f1030d39660baafac8a58d03884038f55b,2c15af2c879f5d93bd9879db62d9800b03877245,-15.834218938792764,-47.810024540174695,-15.83420205117634,-47.8100134267504,2024-12,2024,H5jqIyIAP3UqSvwTDABrpw,26.77744786652889,© Google,OK,10_4,199001.00743925324,8247387.116036962,fd6a8600f5567fcdef6861c2240afd245a613068,cardinal,4,0,0_deg_north,cardinal,0,0,90,640,640,3,batch_0003,397,600
65c257c947aca53648f0a9f912cae303c5dbd9c2,789762f646bdc7b3f15969e95ce26affe47ad8a2,-15.593177550022604,-47.72890924995909,-15.5932374287767,-47.72902588227281,2025-07,2025,hegde2w_Gx0OTZ-A6jEipw,218.81375418719153,© Google,OK,11_10,207350.9616168665,8274189.825474122,0cbb2f261e714c7e94d5a99028779dddf0e9a7c0,cardinal,4,0,0_deg_north,cardinal,0,0,90,640,640,3,batch_0003,401,601
67208f04a3c04a529b7b0c008a4bf90f44ae9626,8349cef6b1be93ee59ec88c62c9f19de88d7c46a,-15.821876400005305,-47.903081549991775,-15.82188593861673,-47.90317268472082,2024-05,2024,OSiNTCNnQu9GwI-5NGLWqw,43.52552843819658,© Google,OK,8_5,189006.99863819056,8248618.049066767,59180dd41aa1871552895f530c3401f5de6d7760,cardinal,4,0,0_deg_north,cardinal,0,0,90,640,640,3,batch_0003,405,602
67d991a67a273773611f78b25a73026a316cd5cd,bc6efdbc2da729ad2c5eafabbfd2f4a6da9d01f0,-15.885705485278706,-47.979287422412796,-15.88588952500475,-47.97918802841576,2024-06,2024,nG34g_WpHOafiykM5Yb73Q,131.88881435929846,© Google,OK,6_3,180937.70602416576,8241435.09890861,68ea956bfd7e2c431a9716d2bc4c392f11aa1cdf,cardinal,4,0,0_deg_north,cardinal,0,0,90,640,640,3,batch_0003,409,603
6881dce9867f634d7e585111cd4edde906503fec,833559e55623a121418adffca9f40779a4ba51d5,-15.909943250049595,-47.60767570284284,-15.90996896327949,-47.60765380755219,2024-09,2024,dj0AaMvyH1F598l7ykitFg,163.94347587418326,© Google,OK,14_3,220793.58729753396,8239283.574871138,fc043d44fd3a36dc0f09887518dde0abfea30600,cardinal,4,0,0_deg_north,cardinal,0,0,90,640,640,3,batch_0003,413,604
689a722e3e7d8111f21a597418da72b0034411a9,d4b8d41280583025a0485a6402f4c4716aad601a,-15.840538223120552,-47.868462585125144,-15.84054692096102,-47.86843812058397,2024-05,2024,-A0rCBUqGrbfF2J5uZoVkg,135.7515848154184,© Google,OK,8_4,192746.48006732287,8246602.60339593,b65e38cc711a08755832fb218145b9f4e6a2a2dd,cardinal,4,0,0_deg_north,cardinal,0,0,90,640,640,3,batch_0003,417,605
6b70a7442a8ac7ef9dc5578686ca27e8b6af721b,ae60426b0fbccfadb87765e314886751b3b4d2db,-15.509680750920655,-47.439635677043896,-15.50965238238486,-47.43963647858931,2024-07,2024,ubdLWfO2aXJ2orKKojewOA,102.76206067129827,© Google,OK,17_12,238284.27895848127,8283809.200278726,0d2f8fc237002c5dcaf2fea503dce5853f0f8311,cardinal,4,0,0_deg_north,cardinal,0,0,90,640,640,3,batch_0003,421,606
6b99c791aa5f7dc2a934ddb55d0263d767f9baf5,a7684ad05734743bf20b139c486cb67209fb5d4c,-15.834860850122123,-47.86915554916876,-15.83483941944991,-47.86915841454908,2024-12,2024,IycZ35AU47VCBxa27g01qQ,3.791002979685205,© Google,OK,8_4,192663.60154850676,8247230.25240721,bd38e0756db230832c69078162940b397373e46d,cardinal,4,0,0_deg_north,cardinal,0,0,90,640,640,3,batch_0003,425,607
6c6380d16ec29dcadf0921b6997e96f5024bab53,44d3636104d757d2f2fe198b7425f413eded674e,-15.835014254420178,-47.74365420240691,-15.83502906683914,-47.74366509678483,2024-12,2024,RCD7gVRgu5HXfDAQFINHVw,278.89015312190173,© Google,OK,11_4,206116.20853751362,8247393.20808619,01d94927c9c6287cdf0ae8b099850909abdbf8a7,cardinal,4,0,0_deg_north,cardinal,0,0,90,640,640,3,batch_0003,429,608
6db8b4cba38d334481de8c5305fa023f7269916c,01427a9860f0c5c36c64c47fa620c89f42d335a4,-16.050318180801977,-47.61731150487337,-16.05034076815722,-47.61730822055257,2024-09,2024,bzx35A4IK6iFCgR3fyRhHA,24.728915283156635,© Google,OK,14_0,219956.8465314037,8223729.351907762,8f2de1fbd0856062adee59bc2eb39947d117f0e1,cardinal,4,0,0_deg_north,cardinal,0,0,90,640,640,3,batch_0003,433,609
6ed7e0c535cfafce714b440f05d3b325a704899c,78272f0c551170b85dd87d709741fa6936b6187b,-15.803074350193818,-47.875390100051916,-15.80305306403384,-47.87536750766053,2026-02,2026,3r3rkaz5U2dwXQp4oXmNPw,91.636684355715,© Google,OK,8_5,191947.09956145016,8250740.887431497,5077f18ee182c2f3aea2f435d815b2f87c7d5241,cardinal,4,0,0_deg_north,cardinal,0,0,90,640,640,3,batch_0003,437,610
6fef523b693098c04a43c75b9b266515aa05cb2d,6bb43bf8314607d7d63a98ed571f7ad2c066f93f,-15.964513804190883,-48.18081119171574,-15.96451480370815,-48.18076070683731,2025-05,2025,_d8877HfAuPaHroVJ1XDLQ,34.7226673407079,© Google,OK,2_1,159470.53311280272,8232388.177949209,a819d64d9507f3bf9e396488a7e9cccc279e39f7,cardinal,4,0,0_deg_north,cardinal,0,0,90,640,640,3,batch_0003,441,611
700206e434ab4fbbc741afc94aafadfc84523f50,33fbdd39899ad27e9d6bcceedf1e3d31fdee0e36,-15.666757000014929,-48.19857164993583,-15.66677495371674,-48.19858738910532,2024-08,2024,ovL8oqsIfmwtiRH0WqKIPw,11.672937249146347,© Google,OK,1_8,157065.1480984437,8265338.680103304,b5de8462857198a37051c98eda619f61d29b1610,cardinal,4,0,0_deg_north,cardinal,0,0,90,640,640,3,batch_0003,445,612
701c6229d5ba2e8e595c7df9ad9070b9fa0a220a,fef5f0e8655250fff239d72167517bbc83b5da26,-15.934325600023165,-47.752541000066486,-15.93434897173908,-47.75257032539014,2025-01,2025,gzK1EL3AOAlLItaFf76pwg,133.30269046960527,© Google,OK,11_2,205308.37976252707,8236384.724055089,2593ddc27c33564895a8beadb9b88a1f522e558c,cardinal,4,0,0_deg_north,cardinal,0,0,90,640,640,3,batch_0003,449,613
71661438eeb274bd1d5bfac358d6d3b53382bfe0,ed938a3b97c93fccc790063bc7e2885f4d4dcf7a,-15.93994791703902,-48.23994175702716,-15.93995697815776,-48.23994837253662,2025-05,2025,w18X_xpmdMkkXbD7eLn4fw,62.960976799730396,© Google,OK,0_2,153092.11554665738,8235011.474353352,d78828f1c696a7a9049ad0b38145ee1a3a8dec78,cardinal,4,0,0_deg_north,cardinal,0,0,90,640,640,3,batch_0003,453,614
716f494eb89b813e390986be479896a53f33f6d2,0785ccb53ba2664caf40a7e9b88ad4689cfcd876,-16.03530402877075,-48.25529009071119,-16.03529833881506,-48.25524863798023,2025-05,2025,gb_cJMhMwycpR7gLymNsrA,44.22608092975581,© Google,OK,0_0,151612.69287391138,8224423.538787306,4723f9ad674cee21fa6c9017158155eb6d5a3b60,cardinal,4,0,0_deg_north,cardinal,0,0,90,640,640,3,batch_0003,457,615
7313d2db7c6b6c578a4b6543d0bd250c12d0cc65,1c1527fa8380f3b7f5b75459bee0da7913664cb2,-15.930434300083563,-48.105139300211086,-15.93043927062929,-48.10511557796868,2025-07,2025,7rqdCUH8bWyY9JQaGAEvLA,308.9729662569748,© Google,OK,3_2,167522.37693611177,8236285.03648667,91f30e4cf4a33c71ed54f07f14df935fdd34d421,cardinal,4,0,0_deg_north,cardinal,0,0,90,640,640,3,batch_0003,461,616
74ec2b3eb14c54033aabb25922e4f35cac09e1cd,e1d403865f86a395eab63b40776925d0d900d614,-15.9866279500006,-48.04464115000275,-15.98663677875554,-48.04464608772315,2025-05,2025,9yydKaKczUq9HK0l5kSezQ,141.5679578717515,© Google,OK,5_1,174096.39490203132,8230157.314004312,4da2b90bc2f76a0d14e06e4d53fb0956e5ec4bad,cardinal,4,0,0_deg_north,cardinal,0,0,90,640,640,3,batch_0003,465,617
768ae9e1fe118fdb5c2f29492fd8b9ec3b4abf43,7961866bcf6eb7390e5ffe97f14bb21125279d37,-16.016162950253506,-47.38008765010761,-16.0161637863539,-47.38011673935728,2024-10,2024,WOqd94BcEdtfPsjQdingyw,96.70397264420448,© Google,OK,19_1,245308.64032723304,8227816.608501941,c5d37640d7866d36c8cebf36b70a07a80dd7e419,cardinal,4,0,0_deg_north,cardinal,0,0,90,640,640,3,batch_0003,469,618
7c75ba554afc5049744d1179c3ed4f4aa703dced,c7af8cc4079b75a41afba7ac20e9565bd31a8a29,-15.822855379367422,-47.91485653911842,-15.82288226946726,-47.91483828720444,2024-05,2024,bNrikUowYfthQRopLGfBog,297.78666484642935,© Google,OK,7_5,187746.17502985327,8248492.152183539,c22cde4541f4231042dbf8efa9e3c662fac9037f,cardinal,4,0,0_deg_north,cardinal,0,0,90,640,640,3,batch_0003,473,619
7daaba49ae3008faf30be383d30b392a67533afd,a6d3c03851b13d99d081892f941f2bb1e683f150,-15.781063450062234,-47.78104829994012,-15.78116881885912,-47.78118171639091,2024-06,2024,_DxATcZhd5ExV6muD23Hog,237.6284941795095,© Google,OK,10_6,202029.04779739046,8253314.100235873,197a3cf792b6b361efd2a84ce182e17efb6add03,cardinal,4,0,0_deg_north,cardinal,0,0,90,640,640,3,batch_0003,477,620
7f5b63a8870437589e07bc489d9bbcdbd9700b02,6365a6707c519de2391435ccc2b75519b32104a0,-15.519564982961757,-47.53050668574516,-15.51958566950583,-47.53054844653623,2025-07,2025,HUQZdCZAHUfTCYEk4kq5HA,287.7993792405956,© Google,OK,15_12,228543.51206354567,8282601.795036723,3cd5638d6a0881bb928cedf3b962dd6bfd8f696b,cardinal,4,0,0_deg_north,cardinal,0,0,90,640,640,3,batch_0003,481,621
7f798063d968a048c2ebfa9241743d664b305e3d,fba3ece370855d05d3de80c52d1291113f7a3a33,-15.528259971046655,-47.72563361856018,-15.52829638825758,-47.72560238322899,2025-07,2025,BWmGiIiVtYAdMtD7dgzEPg,287.06165117287566,© Google,OK,11_11,207610.67594465436,8281381.865195103,e681215461faecde6c401f1eab2049611dc5954b,cardinal,4,0,0_deg_north,cardinal,0,0,90,640,640,3,batch_0003,485,622
802566e9d12f5d61bfaf4b482996d6f86b643a30,dfa305132fa0d670946c2e5cbfc90edb0e02e848,-15.833549900670418,-48.11204745332849,-15.833588179836,-48.11204044379995,2024-07,2024,pKXOZv9lVxQKssiiy-d-GQ,142.59783027025375,© Google,OK,3_4,166622.42431072306,8247004.239927545,0a48e8174b1e79684f419e18171966edf1741c0b,cardinal,4,0,0_deg_north,cardinal,0,0,90,640,640,3,batch_0003,489,623
805d4c5ea5129be92bcc0c83463fab7b193269ad,87c21cd8b6f55e6b47f1a55f5fe97a533d0fb09b,-15.865452958118965,-48.08972168706385,-15.8654670016633,-48.08972700224491,2025-06,2025,mDlafL5dUiDJ2tMZTRceMg,335.6396442018956,© Google,OK,4_4,169068.15213936206,8243506.332452115,f6d429928ae7a5cd2a1279c22bd6bad0cfed0872,cardinal,4,0,0_deg_north,cardinal,0,0,90,640,640,3,batch_0003,493,624
827e4232e40902ca310c8382a54cf5d162c0fd48,d753dda9f09cbd178721ea8dd71becefca8aaddc,-15.866094250630558,-48.087972599535554,-15.86609452881414,-48.08797815124267,2025-06,2025,qN6qyzQvfZR6gALwoB3qMw,242.98158938978014,© Google,OK,4_4,169256.6952085826,8243438.074877903,b2b47b90685d9963a54694e3aa3956d02e679ecf,cardinal,4,0,0_deg_north,cardinal,0,0,90,640,640,3,batch_0003,497,625
84991284cd2c8d73c085ebfe77998b5ae1dd2701,8ea79a06925689a5976f8a980feaa4ecbaa94497,-15.854518050232144,-48.03976194983672,-15.85454188481924,-48.03979814440007,2024-10,2024,yMBksE-vgEg9h-nz_PbDKg,64.01141307672633,© Google,OK,5_4,174405.96837979264,8244795.722410799,db08d838667aeef4ca9b2150a7583e950a522b8f,cardinal,4,0,0_deg_north,cardinal,0,0,90,640,640,3,batch_0003,501,626
86e2e21e96d6b7c4fdfa971b553881e57bca2e21,16f49d60897eefef2e2d9311f62958e0e7d30096,-16.02128470026313,-48.10069395050728,-16.02129143127319,-48.10067842842356,2025-05,2025,Kg8_rFFBlZd038DBtUXzVg,122.68369007241883,© Google,OK,3_0,168148.7729384646,8226230.200328317,fe0ac2c5a8a9882f8dd63c193f1f1d34dea59d97,cardinal,4,0,0_deg_north,cardinal,0,0,90,640,640,3,batch_0003,505,627
8705e68fcb20fa24873b243b97514aa9abb76642,c502ed401e5e6dcbee8a44ce638d409ab364da94,-16.02911956083625,-47.35936920499268,-16.02910345414226,-47.35935671436399,2024-10,2024,JiQTdBy53nOV46Zz1MCS1A,277.6607006894942,© Google,OK,19_0,247543.0908432961,8226407.70686176,95108131e3642b5996a87876fbbc931ac6458c77,cardinal,4,0,0_deg_north,cardinal,0,0,90,640,640,3,batch_0003,509,628
87f025bb9e3c58d7a77bcea972e420620190e5a3,5b7a162b61b241ef92541b0a1bc216a62b05f276,-15.598316675975472,-47.616328738747654,-15.59835091695368,-47.61631816597214,2025-07,2025,yfdm7ct_ls-KmYLX3LL2iw,267.5418382910554,© Google,OK,14_10,219438.5052609657,8273772.460613672,b218be7aaa2170af7d6975eea14d6eab8c149de3,cardinal,4,0,0_deg_north,cardinal,0,0,90,640,640,3,batch_0003,513,629
889850f235389240a4f09ccee015f2802dac5f8c,1a7d1d073157e4497a0660900119713090a600f5,-16.03972930000184,-48.25664554998763,-16.03973118849092,-48.25663072536555,2025-05,2025,jVJ_DPaOHhdDzeXcGbswKQ,184.02563152913217,© Google,OK,0_0,151475.201277851,8223931.081318878,e59f86e4ed52575ec2c6605346bb819338ff4764,cardinal,4,0,0_deg_north,cardinal,0,0,90,640,640,3,batch_0003,517,630
88bc8321bf0d36acc061127cc8725d96642a9fef,f125b949e5878154599d41851fb7f7ae8b423f40,-15.826944000681772,-47.80371160224382,-15.82690202990928,-47.80373836894205,2024-12,2024,YiO6FtldG8v_YqjLrnQBeQ,316.09559033129744,© Google,OK,10_5,199666.9266321736,8248201.695236644,f570718b11f150ba2603ff32080df4018172610f,cardinal,4,0,0_deg_north,cardinal,0,0,90,640,640,3,batch_0003,521,631
88fa59d740ac186de58b034f578a7527452001a9,70308747e737709b8aa5a6201ba7807f9f4d25ce,-15.83013397135388,-47.76718778024811,-15.8301715026973,-47.76718368694389,2024-12,2024,S9lWURsHr5ZIxwjcDlblMw,72.27944352995345,© Google,OK,10_5,203586.63387170795,8247900.44235024,be6305e8539ee6bf50063d4303e862cbdf5768ed,cardinal,4,0,0_deg_north,cardinal,0,0,90,640,640,3,batch_0003,525,632
8902a7caaa79686d0a6e48180311f7e621d49a41,f26f8ee7f76919d13c442f2e61bd9ac10282615f,-15.908120300006061,-47.760585450079034,-15.90809245139078,-47.76061809121933,2025-01,2025,Pmv8pxE8F-BT546fwHDEqQ,156.42886360164053,© Google,OK,11_3,204408.17872485428,8239274.874600909,dae2f38bd16b97042e52061f9f1f91f787e94223,cardinal,4,0,0_deg_north,cardinal,0,0,90,640,640,3,batch_0003,529,633
89821adaa2926b3ef49bf999344cecff8987d03b,c9e45c968b7d98748174a6ead8ea247664338e11,-15.580086599995125,-47.45924120047471,-15.57995160203157,-47.45917250333083,2024-08,2024,AAIbOg-40jaJPjAcZeg3jg,199.40510212796536,© Google,OK,17_10,236269.66137809074,8275991.363962406,8dbdba8c215803796a2c7e66cb16f85c48a9ae5f,cardinal,4,0,0_deg_north,cardinal,0,0,90,640,640,3,batch_0003,533,634
8bb75675841a80be024bb446780170f38e7e6ee5,119ab2a1573195576c24a256478653f441e79dce,-15.778812600417046,-48.046424200296336,-15.77880244422269,-48.04642409915112,2026-02,2026,Qep5laniJxg_A9b_dNfdSw,102.09454757863452,© Google,OK,4_6,173570.16791531726,8253169.477834762,7ec7e5a02c6620b370d937fb7dacdc9931bc5e4e,cardinal,4,0,0_deg_north,cardinal,0,0,90,640,640,3,batch_0003,537,635
8ceda8df05be736579fd4cdc5f7209c1c83739ea,3a877286e770dfdb586c624b6b21304ddce38caf,-15.582999150423229,-47.44374254641331,-15.58297230434929,-47.44377113805768,2024-08,2024,31j23i_xlvvzJXN31yjjog,264.6075839580944,© Google,OK,17_10,237936.3127030241,8275688.075965479,dceef02b940ec193d1de9949c7aef1234f196c5f,cardinal,4,0,0_deg_north,cardinal,0,0,90,640,640,3,batch_0003,541,636
8dc531a1726e5746d2cdd25b0326238667a3213a,c7f7aa3559579f5cd47650cb689153e352e012d1,-15.634290377683497,-47.82823814008209,-15.63427504127071,-47.82822155399949,2024-08,2024,_Dby7bZuMt7piEmTXcZZJg,225.84337104464254,© Google,OK,9_9,196752.10821845202,8269498.4775588075,31111014ac524c6e3cfd051e19adda57005e667b,cardinal,4,0,0_deg_north,cardinal,0,0,90,640,640,3,batch_0003,545,637
8df9fa828fe7c209b5ee6ac2c826897c5128da72,076a7e27c15d67bf3398e7143822284a7872dcf1,-15.809887012488506,-47.99165790187938,-15.80983988292447,-47.99182516733663,2024-09,2024,uyxMEa-ggDbmJus8lns-AQ,351.47705459271185,© Google,OK,6_5,179492.04704812032,8249812.471670197,a3d089d781c441352811b71c52f61fdee9b3242a,cardinal,4,0,0_deg_north,cardinal,0,0,90,640,640,3,batch_0003,549,638
8e76677bda83399a0d8fbec916ea8f5402cb2c34,c6a0f9a7aa38825fa9a530b3c5324aaffea02d96,-15.816967543829232,-47.89520160783332,-15.81697164458569,-47.89520690976712,2024-05,2024,MNik32Y-YshxdmOztRCHvg,48.75064240658093,© Google,OK,8_5,189844.26122262058,8249173.289218656,01dfe1eea4b79cc4aeb59c9fac5db257c8035702,cardinal,4,0,0_deg_north,cardinal,0,0,90,640,640,3,batch_0003,553,639
8f33e851100a9206096e53021a85dead78760273,ea0ed5296a33f64a46598f506f290e7341f6e141,-15.755022899475536,-47.66149448074354,-15.75493816565054,-47.66130632421447,2025-07,2025,lnzrpwaBkXtli9AqiHfOMg,330.34760823642694,© Google,OK,13_6,214810.11513792328,8256362.856348762,3fb3ab368c068afefb5d250769d637b5baa4a045,cardinal,4,0,0_deg_north,cardinal,0,0,90,640,640,3,batch_0003,557,640
910d0ec28686fefa318c5f31b8b3c7fd3bf3e479,20f44ab41a0b5bd4c9b6be36efc5033515d4ffcd,-15.819401490279281,-47.54187469233164,-15.81942184065502,-47.54185597243298,2025-07,2025,YOZ7CexVmoyrPUc8MVHhUw,36.306954475869226,© Google,OK,15_5,227721.33041942498,8249394.017952925,c8404df3fc440a575b6b859b43e3b63d2a321419,cardinal,4,0,0_deg_north,cardinal,0,0,90,640,640,3,batch_0003,561,641
916cdaa0602dffce3efd85c04fb65eee789da6ff,8e86f43d89b0bd30f584b11a7726e3de6d4afc12,-15.99849341611392,-48.24283951514553,-15.99846873606064,-48.2428172766324,2025-05,2025,dhtXrS0NUt8JV6Nmw2D4jQ,215.011179137545,© Google,OK,0_1,152882.65014248018,8228521.8155263765,bac1dc109458bff0040147fb97896665d7795f6d,cardinal,4,0,0_deg_north,cardinal,0,0,90,640,640,3,batch_0003,565,642
936ad38854e4f6bf400eca551e70b825770e17a6,05a7aff682f55586e55a5623fe0c965266376a84,-15.584107391735124,-47.35379374319133,-15.58409740973602,-47.35375291928948,2025-07,2025,Vmcs0k7qewcg8VqIXIyL7g,80.78149867240431,© Google,OK,19_10,247588.4227509588,8275674.008170029,e187fc7146a6a3cc4fd2c5706603f6d3c62b51b9,cardinal,4,0,0_deg_north,cardinal,0,0,90,640,640,3,batch_0003,569,643
963d7b5962e4eea1bfe9699671da33fb1adbe17d,113fbeacab1819158fed246fead0128e42f4d5cc,-15.940074511687456,-47.3948401812965,-15.94003479954642,-47.39484028086712,2024-10,2024,SvBhQ3XgOQgwmWN4nsVXyA,160.93008631344216,© Google,OK,18_2,243632.2336601714,8236221.1844570795,0f5f3abdc8ca7075a154d51f9791c84a067b2326,cardinal,4,0,0_deg_north,cardinal,0,0,90,640,640,3,batch_0003,573,644
97208285a8f58eca97b6974bbf3eeb7aca5259c4,c2f88faa9f9e6627c094ef715f6b7d7ebae70a14,-15.786697000042006,-48.13123225197967,-15.78667797560872,-48.13125016610244,2026-01,2026,IbsKNWQLh9R-k_0iXjtOPg,159.13983552546293,© Google,OK,3_5,164488.16464705032,8252162.789044736,8c7cbe894a6d2274b3ebbc39d7366fc690bf3ade,cardinal,4,0,0_deg_north,cardinal,0,0,90,640,640,3,batch_0003,577,645
98267121ff615285de3e9d222e43e75b0a0df4bd,5bd8f54fa67c61c112aa1b80bb058c870b7613f9,-15.851714450836317,-47.452114289948774,-15.8517182552468,-47.4520914172459,2025-07,2025,A43Bm1NPPtxE5uKIDZy0RQ,164.89577005432974,© Google,OK,17_4,237383.14544699204,8245931.3496528175,099480b8d352017e5b5f3ac3a0ea8e06174614bc,cardinal,4,0,0_deg_north,cardinal,0,0,90,640,640,3,batch_0003,581,646
99248bff48edb22fcbe10166fe38821755fa976f,df9d4942fd2164a94be3953aff346803e81322eb,-15.906250851328627,-47.51585860331245,-15.90624455332039,-47.51586427693895,2024-09,2024,LPuy_1Sd3mKhrEKNAaX_fA,321.8740475310064,© Google,OK,16_3,230625.11801295838,8239812.983610727,f1d20595a0116a87bffd655e97815453b7cd51bb,cardinal,4,0,0_deg_north,cardinal,0,0,90,640,640,3,batch_0003,585,647
9943a0668196f41d6791b1c9c718b3f06f1de96e,3659229c36dc610399f88c17e97e220100910a8e,-15.714437950053883,-47.390647700008024,-15.71440807665062,-47.39082219530298,2024-12,2024,AJi-exLYhjklWWQ9Hx7BUQ,89.37144734505662,© Google,OK,18_7,243796.85963757895,8261203.226085668,27433d4883b542d9c7f70c53a9af003cf915b65a,cardinal,4,0,0_deg_north,cardinal,0,0,90,640,640,3,batch_0003,589,648
997166954934dfb4344036f5002127ef9c07b4d1,09265cdb1c624f0154be1e6dd42bc2a94382d393,-15.862721096045785,-47.621103472572955,-15.86274786200975,-47.62109562154003,2024-09,2024,38uNI_Ff-AgwByjKxy-fwQ,257.3857166438199,© Google,OK,14_4,219289.4925663635,8244493.645489403,439217b9d2e42747e69f2129fbc1517d7273dbec,cardinal,4,0,0_deg_north,cardinal,0,0,90,640,640,3,batch_0003,593,649
99cde467b01658fc199d7fef7a6497d0e3b615ad,da9d40f9e9fad090fe8ef4929a401d286c88de5e,-15.91210455046788,-48.06172094980855,-15.91208892609355,-48.06171033765528,2025-07,2025,uxxPe8QKx-uhE7i9iYQWAg,72.34648183759738,© Google,OK,4_3,172145.35169171757,8238383.82732074,3b1bd9ceb2417ff426600209da437d295ad7b7c9,cardinal,4,0,0_deg_north,cardinal,0,0,90,640,640,3,batch_0003,597,650
99cfb6579b6f1e6b1807d67b9d1e751ab266f95c,acb19930bf1b5aec3f65290cafbcebb668ba71b5,-15.78624202000041,-47.993353895977904,-15.78626071937693,-47.9933301629952,2024-05,2024,zuFiK29t5oc0d9K19cx2Fw,276.8370769654959,© Google,OK,6_5,179272.9287802185,8252428.373554222,31507b2f12b2a768b108afd19bf0a54eb115ae61,cardinal,4,0,0_deg_north,cardinal,0,0,90,640,640,3,batch_0003,601,651
9bb470eddfb17afff673192d68996eae3cfe657e,581b05eff59bfc2c1530a51c436cd81ce12aea2a,-15.82107931697317,-48.02757145530829,-15.82112767419403,-48.02758716963228,2024-09,2024,Kxjc6kgXj0c1YpCguz4k8g,193.9348731671131,© Google,OK,5_5,175659.30181722925,8248517.821982262,1324a8ad1f2c7987c5212a1786e11b8ab5bd99ad,cardinal,4,0,0_deg_north,cardinal,0,0,90,640,640,3,batch_0003,605,652
9bd5ae3e50aa0b7ab9750bfe52d5196523b33529,ba10087bb7b46304ea6f1251e492781bd1b86149,-16.03010244483772,-47.35269117154894,-16.03009489751067,-47.35264979553541,2024-10,2024,gWVdYqjNM9qRixCEg3s2xg,98.16998552764417,© Google,OK,19_0,248259.23052599642,8226307.02916678,3722e02aff2ba9f112cb53d531ca6f9085fe08d0,cardinal,4,0,0_deg_north,cardinal,0,0,90,640,640,3,batch_0003,609,653
9bdf8340e4468aeafbe959e743c969e8172a714a,359fa399fc9f74a99c7a681fd258a194bba7a677,-15.890195350056386,-47.81150430006306,-15.89021669834131,-47.81148023948911,2025-01,2025,2f80d8uD-6jnxGY9nv6EbQ,291.05724571130065,© Google,OK,9_3,198925.58949752053,8241186.88331217,a8016f2d4ed3a7b61f283195e22d7393cabdc25a,cardinal,4,0,0_deg_north,cardinal,0,0,90,640,640,3,batch_0003,613,654
9c9cd103b530ee1ddd16111ac8d22bec71cd88d1,30f3171e476c373796af93b83ac58823c7502f4b,-15.925737450000186,-48.051363850047835,-15.9257550146853,-48.05134890949584,2025-07,2025,HWjQ708_ZxHo4JzbzXZDKQ,341.6471579395492,© Google,OK,4_2,173277.38285679297,8236890.26221084,6dd481221335fd7ff2cecb972c68c15023cbfd0d,cardinal,4,0,0_deg_north,cardinal,0,0,90,640,640,3,batch_0003,617,655
9ca0da6e55dce83b6b8e7261fd96f5720a5a710c,840564de9c5f3bd657931de339b0f2e5cb590919,-16.049633658636004,-47.52617492509713,-16.04962338610023,-47.52621264081445,2024-10,2024,QeAmN_latxiTCizC5PZC0A,269.3862667916047,© Google,OK,16_0,229712.70509442303,8223926.297376333,84738df7a954a60230a67871fcb7f48b67f3461e,cardinal,4,0,0_deg_north,cardinal,0,0,90,640,640,3,batch_0003,621,656
9d4ff9c24e551f6e91845a14849f9acc72e12876,0ed01a72b3b7e82c743093ebc22e05483b71ba7f,-15.921439550004392,-48.10216705001121,-15.92145461522627,-48.10217601841563,2025-07,2025,_02TOrqgsDL0F5uJotU0ug,129.2492276001602,© Google,OK,3_2,167826.07720613416,8237285.967304725,a0c4cb132d57641b3c160c960632b979ecc66b47,cardinal,4,0,0_deg_north,cardinal,0,0,90,640,640,3,batch_0003,625,657
9dea146b3b141b413c0a2bca331a2aafc16f57d8,9c641afc3c293589c1cba0701eb9bba9a804355c,-15.815036950169311,-48.11271834985841,-15.81505435070098,-48.11269121760365,2024-07,2024,t5nJWsCLh09o9jT4DFWOUg,240.15960480125352,© Google,OK,3_5,166520.08877721438,8249053.531145311,5b9c2884766963c4acdbae9cfd3df975628eb69c,cardinal,4,0,0_deg_north,cardinal,0,0,90,640,640,3,batch_0003,629,658
9e5c7faa5579f21ae74b760255431f2c26576f77,17682a90c3cebbf58df521cf76acc327e40ba2aa,-15.842496349999688,-47.97162515000094,-15.84245852600013,-47.97162473227404,2024-06,2024,Z3ADw81IVrImlJ5M33zrLw,353.42078863513757,© Google,OK,6_4,181691.01495329724,8246231.785489264,ce04ba56576a80759ec5562287d6b7e7d9214e95,cardinal,4,0,0_deg_north,cardinal,0,0,90,640,640,3,batch_0003,633,659
9eccdc9af6f40c295d8e6dff0a6ab4980bb33461,3451ca5574fb9cf8026199962f4683998885def5,-15.845144446723141,-48.194661035707405,-15.84515345092022,-48.1946858463027,2026-02,2026,EuGrwuw2NX7edQ0R0sA1AA,332.0645484578472,© Google,OK,1_4,157784.2599191815,8245586.877813487,d83726a627d15d962d6d5e99cd601826ea854bdf,cardinal,4,0,0_deg_north,cardinal,0,0,90,640,640,3,batch_0003,637,660
9ff30c7a879ad4d1463ceeed57c45f4e7b00057e,27c00a14ada006c4f87dc80bd0bf97cfeb710ecc,-15.80621214446349,-47.86818532052059,-15.80622609916739,-47.86817856980462,2024-06,2024,AHX_gQfzXi-ZyGCvTnHaEA,198.63572399233436,© Google,OK,8_5,192724.27361856177,8250403.987825457,d9838307789c1299169efee83fbba9b0971a63b7,cardinal,4,0,0_deg_north,cardinal,0,0,90,640,640,3,batch_0003,641,661
a0d00c23e90283e7a6ff4f264d22af784b99e2f3,58090c68d028f0e6b2c3a80106fb13c04922870b,-15.642909000021525,-47.81467810001799,-15.64288545983768,-47.81472668491315,2024-09,2024,VZqQ4hAgEjrJVxmHvRll4A,105.31081100456738,© Google,OK,9_9,198219.69315606373,8268563.499128071,eea55ccaeb65a4b9ee328cb3b7e60486ab60d46a,cardinal,4,0,0_deg_north,cardinal,0,0,90,640,640,3,batch_0003,645,662
a132c60cd49002905cc47e8e3714e9c48b73f627,936fb3fc8152269afca9100552adda2fc3ca2142,-15.966890201534232,-47.499055148001126,-15.96687097700207,-47.49908863595696,2024-09,2024,yxADFAhZwJFPoEzvvmy-uA,230.19711169044285,© Google,OK,16_2,232505.70318912144,8233121.58291956,031cdf936e02f064b7566b6808c1802c6b62c9cb,cardinal,4,0,0_deg_north,cardinal,0,0,90,640,640,3,batch_0003,649,663
a204ed9227e4bc6c75caf6db80cf802e2e3ad1ac,6c16abf086923d86f051c83f265f4bce728f8645,-15.519651650009198,-47.56612738733038,-15.5196443029918,-47.56616193747772,2025-07,2025,4jA-JoFk-OFHQEaCjQd0OA,270.54346581095945,© Google,OK,15_12,224720.27761153044,8282546.6703308625,09c0dac8edcddea70f2e7f7c31d2ffbec04c1cd8,cardinal,4,0,0_deg_north,cardinal,0,0,90,640,640,3,batch_0003,653,664
a35e55ee12147e782cf8fc6b05f40a4580ba154d,e42cf9919686d28acf3e43b7c7a11b177408b57e,-15.814848050084649,-48.12706979995592,-15.8148686831902,-48.12708569218419,2026-01,2026,nnw-pMKMT7OdIv-4QFj2Zg,68.9626899046214,© Google,OK,3_5,164980.933540943,8249051.593023149,875b9bcf425b76ae5684d7aaee458bc1449416ee,cardinal,4,0,0_deg_north,cardinal,0,0,90,640,640,3,batch_0003,657,665
a3a291166679411468874fcf3fb2905d1a74eeb3,7e29d2e009f15ef9c14acee0b9257022af181610,-15.941786300477919,-48.237532649606784,-15.94177912661098,-48.23751398878535,2025-05,2025,zdo3Fc_rUTcGhN3hIpGK_Q,60.292878639210166,© Google,OK,0_2,153353.4626082668,8234811.858304594,f0e46605589d859c7ba680b18e45ec4643a09208,cardinal,4,0,0_deg_north,cardinal,0,0,90,640,640,3,batch_0003,661,666
a3b2674eaaa81dae768a3ce0f0a35227f0bbedee,c82e291f579e708dadca6c8dd526eb41b3324f25,-15.838585006029849,-47.56258710534672,-15.83857437181655,-47.56257732221075,2025-07,2025,lL6E02rsbwrpyd2OnoRV7Q,243.66131486181865,© Google,OK,15_4,225527.33662877767,8247243.282988567,11a57c89f352862072543d773d56c0e5544cfc29,cardinal,4,0,0_deg_north,cardinal,0,0,90,640,640,3,batch_0003,665,667
a423391c6dbf91f2a5a92cbb11b5acebcdefe16b,aa093fef2e2b58e66505546a48920cb40e0d0b1d,-15.813636302774556,-47.514370427262044,-15.81348464683041,-47.51429518471372,2025-07,2025,-j1QBLXCWdBa_qhch1RO9Q,353.57812298684416,© Google,OK,16_5,230661.50396434186,8250067.727857458,e3d6693a680642bbc8b5fb3b0b8e29ccd3ba45d7,cardinal,4,0,0_deg_north,cardinal,0,0,90,640,640,3,batch_0003,669,668
a44c5fef95e377b3ed646571f5c3a156ce922afd,ca3009b6b52daea6f9bcb29ee13eeb6ea584067d,-15.777900900001125,-47.986366850002824,-15.77794070045283,-47.98630068643818,2024-06,2024,6v0FEqlk5qIOJ_Yyti-SwQ,309.25690296351735,© Google,OK,6_6,180009.04148439594,8253362.725132202,4c7fe8321ce1138d35636e2e5dd2f7661cecc91f,cardinal,4,0,0_deg_north,cardinal,0,0,90,640,640,3,batch_0003,673,669
a8131d52dff1c75546265d25685de54e24cfb98e,0e2f6eb9fe88674258bfe392b429ad7a21d14d89,-15.881188537603595,-48.12604522640618,-15.88124142378075,-48.12603824020186,2025-02,2025,BQtXEHu2b1OcZSEHwmCMBQ,153.80708435191863,© Google,OK,3_3,165200.37949904418,8241705.752453572,14a631f93ffa07486949ce7e384cdfd748160807,cardinal,4,0,0_deg_north,cardinal,0,0,90,640,640,3,batch_0003,677,670
a9525572ee98a730c750a7165dbc7e88140de6a6,95ad9fa3c4c0353edd4798311972cd25db683209,-15.58396239994104,-47.49607606239224,-15.58395098463731,-47.49606651645533,2025-07,2025,Q1yHadz02bVvckokkA3yOg,167.01774894994244,© Google,OK,16_10,232322.3572891093,8275516.3768925145,bcbdabd0b05b0a68a3f6c02fc03227391bdc97a1,cardinal,4,0,0_deg_north,cardinal,0,0,90,640,640,3,batch_0003,681,671
accfdcf302517c0e85f9fa35c94b2285ae4a5a65,ce8e79641d4222329740fa4b181b3231e6e6df93,-15.788507862123977,-48.11218100506052,-15.78850537036807,-48.11219186864253,2024-11,2024,lVUsl_w6hNzCJmivcjufHA,290.5055937170402,© Google,OK,3_5,166534.2028690415,8251992.546311262,bc5f3307742acb7049a74113d8043c1122cb2c70,cardinal,4,0,0_deg_north,cardinal,0,0,90,640,640,3,batch_0003,685,672
ad2ac60b5ad935309c3d2130c1af4b21326ad54d,112c87875e2fbda669108339bba63757ce0fa991,-15.6291059014304,-47.517446653468866,-15.62909328423186,-47.5174307944835,2025-07,2025,4EdXqBeWB-Ne_FM6Y13xOQ,130.09182148238708,© Google,OK,16_9,230088.43466536427,8270491.913060255,b6f7b8288a0e1ec08db95de92643eac18f47babf,cardinal,4,0,0_deg_north,cardinal,0,0,90,640,640,3,batch_0003,689,673
ae2d77b66eaa8b88c98ad0edf2ccea81aaa90372,9ff2c46ce3da81443af2ccebfed27baeb64bce80,-15.835622550010848,-47.740037750006074,-15.83563715341879,-47.74003017037957,2024-12,2024,BpKkSiGAx-mJS1v_hoY_VQ,279.2579419884328,© Google,OK,11_4,206504.7141556623,8247330.922388521,55fe0cb1dd912ddf28d83937ed5a9103ebade693,cardinal,4,0,0_deg_north,cardinal,0,0,90,640,640,3,batch_0003,693,674
ae6c80213c151dc046f17ed3d344b273aee8a2b4,18dfe286c478eb2ad91dcfe7a445d2112aece896,-15.84037198895057,-47.581525799118914,-15.84039365158026,-47.58151817853616,2025-07,2025,kQ1TYfCl2P_DKsmz6fWp_Q,264.29928474932905,© Google,OK,14_4,223500.12011966165,8247020.56358038,b075d5f4072a09b247062f3f2a2a45b50e9e0356,cardinal,4,0,0_deg_north,cardinal,0,0,90,640,640,3,batch_0003,697,675
af6a49d24b0273a4ca97e8101671cdb7ffb525e7,24bb161532d849c617fbfe3d362f25f660c5f40f,-15.807994599997933,-48.13709890003102,-15.80797816163049,-48.13709024438862,2026-02,2026,xNhEiL4dC_GMhEL1uh7sFw,346.7460514469788,© Google,OK,2_5,163894.20942975584,8249794.60801224,6eb7b664324411663c2da3fe7d86e702d4a1809f,cardinal,4,0,0_deg_north,cardinal,0,0,90,640,640,3,batch_0003,701,676
afa188d0582dc03d61682812fefbf099e8383643,eb7cf589a44d7bbfd52af916639d293efb3776d7,-15.8599284000194,-48.07652020017641,-15.85992940652423,-48.07651264451037,2025-06,2025,Lr_tLVUYiC-shrXMWVHl0g,331.0115332388737,© Google,OK,4_4,170474.30641727566,8244139.013771272,4872bb2ab6f6ea111fffe6e2ff7ee5d167229ac2,cardinal,4,0,0_deg_north,cardinal,0,0,90,640,640,3,batch_0003,705,677
afa8fee43f84cbdecaad7c43ab783bdfa605e328,ca512ad4530eb7b01ae47eb4095afd132f11c029,-15.974502559841854,-47.48590769824198,-15.97447134751246,-47.48594196819461,2024-09,2024,hrL6WXJDQF8hV94cV_hjQA,93.52747928597114,© Google,OK,16_1,233923.80555447712,8232295.731320225,3baac80997bb7aaf7bdd8bb091362a30e5dec82f,cardinal,4,0,0_deg_north,cardinal,0,0,90,640,640,3,batch_0003,709,678
b0196ec88d6c681b2d977cfbc333ff1fd158480b,a9ef4e20425fb2b7d65e733054da273350174e59,-16.049640317569693,-47.57570885274455,-16.04961527789585,-47.5757120607853,2024-09,2024,F-af2sx4QiGDhGlKOkyK4A,89.29176413154148,© Google,OK,15_0,224409.83022463717,8223860.24257578,f453a444593c2244c44fffc9497398137238764c,cardinal,4,0,0_deg_north,cardinal,0,0,90,640,640,3,batch_0003,713,679
b03b9195b7a50c72bc182749d964e11b75bca419,fd96963170dd4464dbf39e81823c04dc2aca94c1,-15.730852687741363,-48.18442870908868,-15.73087202787886,-48.18438112837856,2026-02,2026,Te5BjKjQPKVKjyrLezwqhA,89.71168070350673,© Google,OK,1_7,158689.70242942925,8258262.403222529,c79bec660c1b86349f19158fffef4e2e5164c827,cardinal,4,0,0_deg_north,cardinal,0,0,90,640,640,3,batch_0003,717,680
b093e2432c7264cf9e344e0ad297c19863d9fc77,88734f3caa68c8f9fe39fe2e69de73077824408e,-16.022774789130338,-47.402115818927705,-16.02276552066893,-47.40207853609528,2024-10,2024,t-ojEkuUOOBpi9x907SWYA,278.1450988783482,© Google,OK,18_0,242958.72214352118,8227057.522117443,373e3f85cff872e4a3d61e7b3b1100595f34a76c,cardinal,4,0,0_deg_north,cardinal,0,0,90,640,640,3,batch_0003,721,681
b0b5ef232f452a49a2ac57a6f687339b923ff8d6,3f19138dc9653c51593429c671e32ebde4864c8f,-15.789171000001804,-48.01583899997836,-15.78911663225463,-48.01582539620836,2024-05,2024,ODjKVdNkBtsZFN8RciDv_A,179.00335433806455,© Google,OK,5_5,176866.47809618007,8252069.577624604,4dfafd9bc8ceb7d1f8fa2faf594bd2c706d03594,cardinal,4,0,0_deg_north,cardinal,0,0,90,640,640,3,batch_0003,725,682
b0ff624bb9c58fd9e356eafc044da96f719030ec,7531ea5846e6145b86b8e557736d580754b869fb,-15.605295300000046,-47.671793749999416,-15.60533215627354,-47.67181005606628,2025-07,2025,FiVSZTewsE2kn076oh5sQA,357.5030459258297,© Google,OK,12_10,213496.74694334986,8272925.9260071,0d5266d0b78f9799b42ffb6d930b0ce39bd615e3,cardinal,4,0,0_deg_north,cardinal,0,0,90,640,640,3,batch_0003,729,683
b16de79062c64f1bfc4c9a00f3eac99a8f8d4158,3951ce62b58d349b68de7d3c82536fba30a4983a,-15.819095267226627,-47.484633447781675,-15.81911516525213,-47.48460906026815,2025-07,2025,S-8s-uCetHGfYANvZEV_-Q,103.48684671167304,© Google,OK,16_5,233855.7888625527,8249501.3243869925,41d664212117ba43ab829cc6389d489abcfc5f6e,cardinal,4,0,0_deg_north,cardinal,0,0,90,640,640,3,batch_0003,733,684
b234fd99916ac2d8e403927a1b1e9db12fb94786,db46dbf8e2f1d5464285e6722280d873e05e41fa,-15.813634600004585,-47.9864849000761,-15.81364108569496,-47.98645908874001,2024-06,2024,d4GDOZf_sLgWdxgsNcAulQ,156.40378989454453,© Google,OK,6_5,180052.58150270567,8249405.348959183,b026a1d80dc977eb34a3a9824db1106b20bf16c9,cardinal,4,0,0_deg_north,cardinal,0,0,90,640,640,3,batch_0003,737,685
b2b5149cdc49b563eef7f9a162cd3f40f5b9fcfb,c9192a830527abfd62ca02502c4bf20fdcd9ab3a,-15.786553200039464,-48.12490104997974,-15.78652882788689,-48.12486851854407,2026-01,2026,VAlb2Z3q7JGoBHi3HnpDCA,69.15982176391475,© Google,OK,3_5,165166.8949163578,8252188.810269082,84b05bd8b5bc87d19544048e89f43b51d4ce12ef,cardinal,4,0,0_deg_north,cardinal,0,0,90,640,640,3,batch_0003,741,686
b43fb1f430d22f8162f5c8e37e7a35fdf1c6ba66,3fa4c1ce619ac21db7c16ef1fde695d1966b7036,-16.045320852059177,-47.913549147603845,-16.04532861474695,-47.91352507789988,2025-02,2025,Wl5R5OjGcD6byA9yY_8FlQ,52.35828532979371,© Google,OK,7_0,188230.54355452934,8223859.133161349,ba52daa2287970a2cf65d5fc80c9549fb413c74e,cardinal,4,0,0_deg_north,cardinal,0,0,90,640,640,3,batch_0003,745,687
b5e3d95e06b35a91bdb4c23fa0da300c43bd2733,a3d839417d4c0f7a6aba45da6ee6ff354e79054c,-15.970948650004322,-48.033614750025755,-15.97098149893478,-48.03361398520912,2025-05,2025,ABOo74--Tt4Qp8o0SrG6vw,146.0391317057721,© Google,OK,5_1,175252.29093643604,8231911.018301392,9466123448ad452be73743588ed679ecd03c132d,cardinal,4,0,0_deg_north,cardinal,0,0,90,640,640,3,batch_0003,749,688
b8277d970d3c6c3a26fd79a6c4fa812b8776e22c,f24a1adc3af2a359f7c9271203586184be8ea6d0,-15.8246684301879,-47.46185083585232,-15.82468281133483,-47.46187611390862,2025-07,2025,s2md_9y67OwCQHMJpCfRVQ,115.25235575425621,© Google,OK,17_5,236304.69892948985,8248913.124075746,d9943687446a90ac39d2e317873d6f767086787a,cardinal,4,0,0_deg_north,cardinal,0,0,90,640,640,3,batch_0003,753,689
b9e653fc2cf30367e2cdd72fd925b6329a721476,40c420b494b705d8abdf44ef4e17f0eaf451938c,-15.870349558557383,-47.92981458059974,-15.87034327651297,-47.92983908640674,2024-12,2024,gY5GKkgMB3cOqy9uWgCDzw,264.9303363823793,© Google,OK,7_4,186216.1029019361,8243210.476363871,432db8bb9e98a347f52f605bffeed1951b5a7bb8,cardinal,4,0,0_deg_north,cardinal,0,0,90,640,640,3,batch_0003,757,690
ba324c4d91762bac64a5b45c02b62c43ec37d087,25fec4fb7a5505b057a29c96d9a241866f9a1111,-15.97335894829625,-47.903416117200464,-15.97336990822476,-47.90344213966936,2025-05,2025,ikdNTX1Jwk_52ZsMktYZ2g,68.44938351152814,© Google,OK,8_1,189204.17419212547,8231843.133547727,a7e3e8d88e4bd45e5b9c82994801a510b565c5a3,cardinal,4,0,0_deg_north,cardinal,0,0,90,640,640,3,batch_0003,761,691
ba817f4ca334a02cf00fff0a69cfdf7e2b416225,9feda5fcc9e7c9355e20b884e3d874bb4b805264,-15.813967400030599,-47.56993575056771,-15.81400207066756,-47.56991378384688,2025-07,2025,ofuxntJvV25JyPJTVefT7A,160.1239338218299,© Google,OK,15_5,224706.4276451124,8249959.016699253,3e313ad15474c2ed11961f0528e1994b4ee70728,cardinal,4,0,0_deg_north,cardinal,0,0,90,640,640,3,batch_0003,765,692
bb370f5af6025382e2505ddb7d48bb549384e298,b940469de9ae488202d7ba25428ea38ec9cdf7af,-16.00926750000351,-48.002578100053995,-16.0092612930524,-48.00259121369881,2025-01,2025,VS3vMrFtNLorJqjqxw5Z7g,156.06131031771946,© Google,OK,5_1,178638.68782301227,8227715.668353723,a607c81106f8654132196c3160370bcbde9b3121,cardinal,4,0,0_deg_north,cardinal,0,0,90,640,640,3,batch_0003,769,693
bbfb691221678369d1ca745c06d6966bfa1df9e1,7d1516e06cae196a4cfbed0450f577e6ce1c4002,-15.83873102620966,-47.56274005392602,-15.83871199235667,-47.5627142215074,2025-07,2025,6FShYzIw9RWY8HvobQDrnQ,197.11488192723044,© Google,OK,15_4,225511.1427804723,8247226.91721148,243aeef47c60b89518bb0df283374bb615279ad8,cardinal,4,0,0_deg_north,cardinal,0,0,90,640,640,3,batch_0003,773,694
bd5c4243372c2c44e1f8b819a7974fedbec089df,0ec9547d16cf5a0a29ec6a7bafe6c8b57258fa97,-15.604764500014062,-47.65455424989202,-15.60474080622478,-47.65451804178759,2024-08,2024,He-SStBA4fFC0Vrsuklfsg,182.03877643631753,© Google,OK,13_10,215345.7927252536,8273007.838609372,8654866e3271b30f5d72b791086635ae10155758,cardinal,4,0,0_deg_north,cardinal,0,0,90,640,640,3,batch_0003,777,695
bfb9afbb185863bde86cf1091b0f4db2f02854ee,8a883506158ad5a5c8b425f995ea95a751b79f60,-15.834018050000248,-47.456832500017356,-15.83405249784425,-47.45681141091016,2025-07,2025,59uBC_8aF5ZewkVzBucRbQ,345.55970977051055,© Google,OK,17_5,236854.62220596572,8247884.421369174,29341e01732eaf2a9d1fc2071dc365593fbe2e5c,cardinal,4,0,0_deg_north,cardinal,0,0,90,640,640,3,batch_0003,781,696
c181e46a9171c0732529369b1a5ec30bef2f1637,4c2f7023191996494904ee6f02884b47eceb7095,-15.9219791500004,-48.05166590004801,-15.92195431078892,-48.05167767497179,2025-07,2025,MTMx5d_9lE3zxdpruUnUtw,341.1957417284039,© Google,OK,4_2,173238.92682698194,8237306.012708463,638c0900bf58c6f0c1becb1d51e7b75ab2115714,cardinal,4,0,0_deg_north,cardinal,0,0,90,640,640,3,batch_0003,785,697
ca5435264fa9880da2be13e4ecf7184b69790af9,06aca278541997b80e26b65a4decd746870596c2,-15.862193039602872,-47.471653151447306,-15.86217166424472,-47.47164468505665,2024-09,2024,xNdn34LhHu1uM2TnJeqwsQ,100.7063894243007,© Google,OK,17_4,235303.14350011863,8244746.769532516,ac5a2fa98ff33bbfa0f77bfb98c4a69af56ddc0e,cardinal,4,0,0_deg_north,cardinal,0,0,90,640,640,3,batch_0003,789,698
ca77145048f0527c7155e1642ed4e8b61f19dca0,c6d6748159b9ea0e6de8ba3ac22533be417269d7,-15.888017028524452,-47.80531050439927,-15.88802355789594,-47.80529802578494,2025-01,2025,1_Ypy_dBWS78wf-YTlBDcQ,103.1276333336786,© Google,OK,10_3,199586.08049897724,8241436.996663579,f04a13faa1d3c0cd877ee6ad65bb97d848459ab6,cardinal,4,0,0_deg_north,cardinal,0,0,90,640,640,3,batch_0003,793,699
ca9b8dc38af534c24a9b576b2f06cbb7500d097f,82f15f3b346fea88b5313413264a38922099ac7e,-15.527726021088942,-47.70839899260015,-15.52775080105014,-47.70836123239611,2025-07,2025,Z7IUuaet5LHrnZoDdrTxZg,281.6325164071222,© Google,OK,12_11,209459.94470547567,8281464.486456764,e89bcabbc2094a7fdfe5beb3cb6e0269517869af,cardinal,4,0,0_deg_north,cardinal,0,0,90,640,640,3,batch_0003,797,700
ccd4447427e7b167c089b6daf08cbd7c3311dc7d,6229267629078f5746ade512a2bb1b68960bb23b,-15.751417900061323,-47.77864209996618,-15.7514255681522,-47.7786869539974,2024-07,2024,bvAlds0Ocy2ThetmGir1YA,68.82134565228468,© Google,OK,10_6,202243.74176452355,8256599.9731131885,dedf2d454ef82ada3f9e1cf16e8f0e2e89575677,cardinal,4,0,0_deg_north,cardinal,0,0,90,640,640,3,batch_0003,801,701
ce5116df58d506189b684874b4fb49ae1151573d,16ac1f7b0892a8eab92b2bca435ce52d809ba355,-16.045537100002253,-48.03667744997998,-16.04554606129068,-48.03666577096209,2025-02,2025,qXsqHtTgXn2OHSiIU9i0Lw,0.8966019608828504,© Google,OK,5_0,175045.01840204338,8223645.765981315,4b7c5ec461268a9e2795a6f7e69015ceec5836b2,cardinal,4,0,0_deg_north,cardinal,0,0,90,640,640,3,batch_0003,805,702
cf60e44e00201d0412665124ad87a0ca8bcfaece,2d4f0c93297ca6281f8eeb3c937ebb50a66da7c0,-15.528352801416665,-47.68837399138617,-15.52832245381173,-47.68836020344897,2025-07,2025,UaBfq6-lxuK_-6bN1vSBJQ,256.9273477821482,© Google,OK,12_11,211610.33893349944,8281422.213679057,4ebd2691474b6484ca16c7426f62afa8d3e1d758,cardinal,4,0,0_deg_north,cardinal,0,0,90,640,640,3,batch_0003,809,703
d34e21b8967573664a390295ae53244fe82b8182,9991e361835b77001290892856e084e24453ad7b,-15.732318455450548,-48.09539140250066,-15.73231370993897,-48.0954087172146,2024-08,2024,HZ1fHZhTsSCVpV86Muj9aQ,276.05542462879174,© Google,OK,3_7,168243.2845651789,8258242.1233368665,ff6148fb14b2f09e093ac119d483e27e13b3d8eb,cardinal,4,0,0_deg_north,cardinal,0,0,90,640,640,3,batch_0003,813,704
d388b0ef6f2c6f7a458e46b168349b786799f643,b3376235ce83f48c96a3632262ffce9bfd48867d,-16.047179928247612,-48.03339969341917,-16.04715781550243,-48.03341346371922,2025-02,2025,tIn-ORS75pkGakAy1lzt9Q,270.4513693957367,© Google,OK,5_0,175398.7161724961,8223468.971784626,9c489903ec1279b450c18245f3e1886239a7c343,cardinal,4,0,0_deg_north,cardinal,0,0,90,640,640,3,batch_0003,817,705
d3aa116277068897a8319323775066ae75dee298,0d5bb88976f3882243e50a8837ecf8b584fe6cef,-15.923788393790298,-47.603608611348406,-15.92384191295393,-47.60371438656271,2024-05,2024,qIqpxWot4H13WjK8MS9a3A,163.26565760330342,© Google,OK,14_3,221248.42684068176,8237756.19650613,e9f821f9ce9fba7cc2de4a4e03ee853b4bbb53d3,cardinal,4,0,0_deg_north,cardinal,0,0,90,640,640,3,batch_0003,821,706
d4355a4673dee8d49028abb845cb6a15f3c2d0a2,a7cfa10810cf7b2e595a9ae794243271f93bfd93,-15.835260424283,-47.81111389739707,-15.83525798016356,-47.81111174351683,2024-12,2024,MvmVb_3MF_of7E-kHnBPiw,62.26833859294885,© Google,OK,9_4,198885.78455960378,8247270.231420857,eab5a3482673a87df1e632e02a4b32734a3d9bd5,cardinal,4,0,0_deg_north,cardinal,0,0,90,640,640,3,batch_0003,825,707
d55e7c8c4848a1dea82c4b4cddeabfcf1ad1b946,698b2fa179979205cc0546eea775f71d7b06ef19,-15.655948600000052,-47.85619490000303,-15.65598353632142,-47.85619204898584,2025-12,2025,YCEr3Ny9DnK2pkZ2q1QDKQ,341.3634032904905,© Google,OK,8_8,193784.6827397454,8267060.145815728,c166304a98bc84ea52c2300c90f0f0aeea1b50af,cardinal,4,0,0_deg_north,cardinal,0,0,90,640,640,3,batch_0003,829,708
d635ccf95f44bb6f83eb2ef371b68b2d8ad11290,87bf9c7ec6b63528e95dabaa0e04c50544ae0e59,-15.65343375002314,-47.756787549972294,-15.65341549513719,-47.75676799300694,2024-07,2024,zJRL1YsJMkYW00wWPhL_vg,51.73679432267318,© Google,OK,11_8,204445.82473220426,8267479.679105341,87adf8e9745fa7287cd89db68089aedfa8225372,cardinal,4,0,0_deg_north,cardinal,0,0,90,640,640,3,batch_0003,833,709
d68ce975610e9dd5da266aa8e7edb1106c25212a,967714746c1d56157550bd9c0f512991c5a68277,-15.54376351205425,-47.63841278132681,-15.54378325179912,-47.63842741837158,2025-07,2025,ytNGXoYoahU95aogoEyrCw,44.160498777440914,© Google,OK,13_11,216994.18091535353,8279782.867221635,7e242ed0ed97706f35219b32cb8b53e93a48676b,cardinal,4,0,0_deg_north,cardinal,0,0,90,640,640,3,batch_0003,837,710
d6d6cb4b50b8a0f63110e5678d4f649b0000b926,1e60cfd2fa003340b4a1d5e1cdcb9b5d7570ad9c,-16.031233900087596,-48.05693209980784,-16.03126898189348,-48.05692896345255,2025-05,2025,7nILGx5hJqeu2VBhs0GC-Q,31.684047968887697,© Google,OK,4_0,172852.44535176485,8225197.920744071,c9fa9d8e5450e2e2ce5b9a902776769dc13e27b2,cardinal,4,0,0_deg_north,cardinal,0,0,90,640,640,3,batch_0003,841,711
d70f762eb89006c91203ab16f65e96378a0c1939,abede3bb970090e9f3b5c3dc57d76f07fdd04e55,-15.881758286328846,-48.08403395488147,-15.88178530813857,-48.08402657911089,2025-06,2025,DsF38xk622B4gI-fI2UjiA,161.86669158133213,© Google,OK,4_3,169704.46678483213,8241709.499131207,cc71077ab68319b963b22ce05cababba031c4e13,cardinal,4,0,0_deg_north,cardinal,0,0,90,640,640,3,batch_0003,845,712
d93f6b9f7883cd804f979e57409b7a246c7762c5,b91c1a58bc839a5a17305293c64c3512b41a48ea,-16.011431201021082,-47.478671450532836,-16.01143704557704,-47.47871128567858,2024-10,2024,0KvHRJt39dCoVD5EkCBEjA,98.92554669054209,© Google,OK,17_1,234747.50034159934,8228216.873285747,7a2133c4de26d99c450e84d3cdb83abb0bc059fb,cardinal,4,0,0_deg_north,cardinal,0,0,90,640,640,3,batch_0003,849,713
da1a56f2fe3ab071296ba47fe740fd994abafd73,911fb10b1aa08dc118eb3c70805bc28f67a4cc30,-15.865447906154696,-48.02255615665033,-15.86540278377148,-48.02256758269489,2024-07,2024,k6zyaZFpMlejn9FCioD2bA,339.0515365379024,© Google,OK,5_4,176267.8463111159,8243611.9791748645,47329fd831686d8b54fbb17747f834fdd86e091f,cardinal,4,0,0_deg_north,cardinal,0,0,90,640,640,3,batch_0003,853,714
dc72e5cc00254f8c19d65b823066bb4eff7bdb26,53fc8b664a99dc53a90d859ac600f155872e30d2,-15.917703250081916,-48.05190764996447,-15.91771520050021,-48.05194817971656,2025-07,2025,f2VULgJwKQBVwqueI27s7A,71.66583577754825,© Google,OK,4_3,173206.09481258199,8237779.180863163,9b7927c9463f3da524de5ca31104e6a05990af5e,cardinal,4,0,0_deg_north,cardinal,0,0,90,640,640,3,batch_0003,857,715
defa535e361e581758878cbecf505f7bce4b2cc0,fba602ba0f2ee99a6009af6e084db4f1f672fe3c,-15.615109500026888,-48.198734000006404,-15.61509184203262,-48.19861500627542,2024-08,2024,RHDHCCWVqzPUIhzusDaO9w,270.16953898954307,© Google,OK,1_9,156961.53224629821,8271058.854437105,42533079a546174b242c6c0925ade6011a1cf489,cardinal,4,0,0_deg_north,cardinal,0,0,90,640,640,3,batch_0003,861,716
df06e357f821241cbeb6e1656937e544ff2bb919,cc00097ce592976794b0cc05927087c7089f2139,-16.00022804357037,-48.24356697530884,-16.0002247301076,-48.24351260032369,2025-05,2025,6EHY1maqQH4fIIVCBXeToA,22.647904678173116,© Google,OK,0_1,152807.7121629857,8228328.460708015,93946b370721c6752be715e574a2353af85a97fe,cardinal,4,0,0_deg_north,cardinal,0,0,90,640,640,3,batch_0003,865,717
df6e54b25ff59498c334932436ad5a71fe52dc7a,ebd7574119edd677f8059a0d4fa0030b6b9092fd,-15.66767785008181,-48.198575900057094,-15.66769437049205,-48.19859110680048,2024-08,2024,vz8nyJmISQeg0fXFfEzUdQ,281.449681689612,© Google,OK,1_8,157066.23125463031,8265236.680423063,412758dc67396498f5ceeb45683c49e11bb73642,cardinal,4,0,0_deg_north,cardinal,0,0,90,640,640,3,batch_0003,869,718
e028bdb5d4e89420b5f4c45bbbdcb823d31ed3f9,3915698bd42493490f932019decf036904059e72,-15.785504762843795,-47.545443946445275,-15.7854649345897,-47.54540132193883,2025-07,2025,aVUO2sEuMjWDufLQ7L7KhQ,353.2449105929583,© Google,OK,15_6,227293.3561299354,8253141.958297962,5e83c42894540aae64c544358cdadca72c23b23b,cardinal,4,0,0_deg_north,cardinal,0,0,90,640,640,3,batch_0003,873,719
e1a8ab24bc97d4fe5f0703a05de0623763b5a5a2,8b603118bf462257e5dedad21259230e3897b718,-15.702236974638113,-48.22784806980212,-15.7022415676274,-48.22781428439519,2024-08,2024,7G8lxPZtvnHdm3wh9zq1-Q,224.1748493169103,© Google,OK,1_7,153983.34822274838,8261361.208712784,495eb042da3e31aab0a500ee41c788bea27714ee,cardinal,4,0,0_deg_north,cardinal,0,0,90,640,640,3,batch_0003,877,720
e2f6dfc8134539aac9956261d774a2968405d8c3,77670e159d57658c3aaaf6bbf44c7381def2a780,-15.901792350084405,-48.036670399963576,-15.90179246122524,-48.03663324389074,2025-06,2025,c-IOSwf4VYZ2qbOnovgjRA,71.75246394001019,© Google,OK,5_3,174813.36379834803,8239565.074976092,e06f6340d90dac874b6c756e9cd051913f6375f0,cardinal,4,0,0_deg_north,cardinal,0,0,90,640,640,3,batch_0003,881,721
e4314f53a6a1aee14c9b167f485d4725edfe62c1,3a7045aab41c7eaa504bf60545d61cc993b300af,-15.941195600124018,-48.236402249901104,-15.94119457506036,-48.23635218636458,2025-07,2025,PeG8YERZPt1CH108lbUXaQ,60.99162116963077,© Google,OK,0_2,153473.5898396983,8234879.168965139,82655b73fa89e5e0d620d7bd82f2f03498db1844,cardinal,4,0,0_deg_north,cardinal,0,0,90,640,640,3,batch_0003,885,722
e593a5adf53f1fa7c327dc9a692b542ba4f7b61d,0836a58f0d5a67dfb434e698cfa682b05a73d0e7,-15.652437950231596,-47.57021650001607,-15.65248577666721,-47.57018904578455,2025-07,2025,vTojSs8sq-jSU_swkukNVQ,86.82976138483171,© Google,OK,15_9,224458.66831814792,8267841.143100502,c19583ab0fb9a3fd04deecaf458a230e9c98dfdc,cardinal,4,0,0_deg_north,cardinal,0,0,90,640,640,3,batch_0003,889,723
e5d24dbda741b5abac04ca13e26997385b2bb1b9,a62915efe039835cef6395b7740468d1fce2e707,-15.540481356422228,-47.63504284037712,-15.54045882877615,-47.63501850058238,2025-07,2025,imYWyahSUD0nrXh_p2MeKA,44.16087986060708,© Google,OK,13_11,217351.3921069646,8280150.700596254,6aa3f788e37a885cbebe4e09070e78aeb212d158,cardinal,4,0,0_deg_north,cardinal,0,0,90,640,640,3,batch_0003,893,724
e771e6c355430a5b45b674224237066e8cc3c539,b020371f5dc845b4305fb914a4df708f482b1c7b,-15.52711671348463,-47.498991882558315,-15.52711184372263,-47.49898552458892,2025-07,2025,kjHiOh2u1kVQstrslWdmLA,241.6761972079762,© Google,OK,16_11,231935.8438241742,8281805.565370077,b33296eb47516a97cecbcad4c24c7d5eb21b190f,cardinal,4,0,0_deg_north,cardinal,0,0,90,640,640,3,batch_0003,897,725
e93093d24fc0ab12def2c9de1e06e5d3e4fb696a,4ca6cb33f5105d13f1fbb93987b671ab96d1f2f3,-15.85875092478858,-47.488508011713606,-15.85884881917564,-47.48854986485208,2024-09,2024,XmPvwWXYqHmas3Ksq6KrSQ,257.60088065875976,© Google,OK,16_4,233492.61020580612,8245106.439407055,b3ee31c4c8ecbc2acf007ddbfdbfb7781eb2f4f7,cardinal,4,0,0_deg_north,cardinal,0,0,90,640,640,3,batch_0003,901,726
eca7ac5a00881e3ac19453e5ac4bdc5602582b6d,62dccee4fdc4457b6e9eb6934b6fa279e3042f8e,-16.018636752792318,-47.43017946676049,-16.01862832749101,-47.43017752089816,2024-10,2024,wh-AHFTJuRjABVafuIkfLg,98.05743748388954,© Google,OK,18_0,239948.843999637,8227480.608443977,39616141ef5f8d651997b23c92bbf03ca41f368b,cardinal,4,0,0_deg_north,cardinal,0,0,90,640,640,3,batch_0003,905,727
ecd0da2853baadb2a8e362ef4e5ffb7d3ac51d7f,835f40107a16dcc909264a3268466acd46242f8b,-15.924105650102362,-47.775514400311906,-15.92406631231589,-47.77553778418843,2024-07,2024,WnGqQO3waiS9gQ5a-jsIVQ,134.5703445961203,© Google,OK,10_2,202832.11385255397,8237483.703609861,470407c9a636699cbea9972fa1c2a2dcadbbbfb8,cardinal,4,0,0_deg_north,cardinal,0,0,90,640,640,3,batch_0003,909,728
ecf2e1875005475bf39343939122161cd7c0c18d,1ddfe4ae8a3db21a2783af319dfe5930cbb1c363,-15.91256600125116,-47.759429899367454,-15.91255929089575,-47.75941606719157,2025-01,2025,bvlKMQhNiKilgm0E_DjqvQ,70.23315900693761,© Google,OK,11_3,204538.4960879064,8238784.267837479,6ef1d72c1acf86e9a215a4dfe3bc2aa7311a23cc,cardinal,4,0,0_deg_north,cardinal,0,0,90,640,640,3,batch_0003,913,729
f159ba6cab7498d4e984442c71294a6a18e559e7,52435ada968e137b31d14df08ae5950d76c07e8a,-15.874161449999846,-47.640771450003676,-15.87412488880907,-47.64083132425905,2024-09,2024,HZ7jmMkqE1W4SpyQMXO17Q,349.9291773874166,© Google,OK,13_4,217197.82545686347,8243200.569041431,3d4e28ea0a5b41509dad4ea0dd5ec7c8d9d9bc13,cardinal,4,0,0_deg_north,cardinal,0,0,90,640,640,3,batch_0003,917,730
f15d3d599e22b4b051d70b2bbe9ed66b4e12df24,f30cdad47338572ec3b0ce0f3bf324c79dcea705,-16.017553699998853,-47.9915209000181,-16.01757391501226,-47.99148512820953,2025-01,2025,rkuqKYSNR7ZDdfpItKI8FA,348.16634490773725,© Google,OK,6_0,179836.2724321563,8226815.128435541,4a12458c3d2415bcb7585341324f33a94e0a0ffd,cardinal,4,0,0_deg_north,cardinal,0,0,90,640,640,3,batch_0003,921,731
f1dd792a0e11f18f18802e93124acc73ba8fbc9c,1b4a71e288a970b6adcdf3a4e5fce2f5aeb73923,-15.694168275004964,-47.834463350382144,-15.69418009942565,-47.83449189099837,2024-10,2024,wV2hs_PZMFKKAH_mirEMCw,104.31721807010544,© Google,OK,9_8,196172.79624320762,8262859.44523278,e446b7988a18c4b301541971da72d7be8498d8d8,cardinal,4,0,0_deg_north,cardinal,0,0,90,640,640,3,batch_0003,925,732
f22d62eb0cf739a606de3005189f9d0859dabfce,3ca6a287c8eb1a2c2786fe5cda1991978212fe16,-15.969979958428775,-47.894122345527364,-15.9699696511057,-47.89417377599741,2025-05,2025,QYQA1rZUZf2CauTn0WT3YQ,249.25337155972625,© Google,OK,8_1,190194.54413380963,8232231.178421678,a9c51cfa94c4cd9b5d9d8b0296f98f9cff11adda,cardinal,4,0,0_deg_north,cardinal,0,0,90,640,640,3,batch_0003,929,733
f258604bad48986d3ec2fd8a0daf689025a600d4,fdf7608c979bea25cef30f282f3d5724edb17c02,-15.646905170480037,-47.548941028944796,-15.64690042994404,-47.54894736115475,2025-07,2025,l73vW_mZOpEgnR6ez2mOJQ,250.88108154902122,© Google,OK,15_9,226733.46060787528,8268481.174929636,b660170997a695c335ed2afd51c23bfa15239d94,cardinal,4,0,0_deg_north,cardinal,0,0,90,640,640,3,batch_0003,933,734
f2988280ccca462568d792a2a47df2ebbc173a89,75dc1558ce6109c2c2eda2856e4ef520d5bc6288,-15.69497655290347,-47.35580525753643,-15.69497619757011,-47.35584102590643,2025-07,2025,go_Ah6Ft34-yg1GbwHM6bw,176.68619600614628,© Google,OK,19_8,247508.71949398864,8263399.378039249,213cfecea3d460e59ff504e0e09a5e3bd071f2e6,cardinal,4,0,0_deg_north,cardinal,0,0,90,640,640,3,batch_0003,937,735
f2d21af59843fd2404cbbeba3595490333311e7d,df968d4c949f0b03f1c4e093c4347f42903275d4,-16.034114150116533,-48.029685849525215,-16.03413815151013,-48.02970633345913,2025-02,2025,EsJpJ0JRYcNjAmmoUTzX1Q,193.46602524490646,© Google,OK,5_0,175775.28506832905,8224921.788570079,62f41a6d806edb70fb7d79e1ff2bd28b72009bbf,cardinal,4,0,0_deg_north,cardinal,0,0,90,640,640,3,batch_0003,941,736
f4132acba196c14341e8ae8a05e8af74f80cef06,6cd71ede39794167ce5471306fd27dfa7d0bb498,-16.051953000349222,-47.53698865681105,-16.05188420299377,-47.53682509983303,2024-10,2024,mqt4U2eybWMKo-rVGtYQRA,340.960967398601,© Google,OK,15_0,228558.19506676373,8223655.377985096,2a243327fcf85f5250a61b547341df228f6cd1de,cardinal,4,0,0_deg_north,cardinal,0,0,90,640,640,3,batch_0003,945,737
f438bde8911689b30c8257089fd8dc37152e97d8,2a72bc5693ad42b9d10cbd411bfa2a847c030577,-15.946830877820297,-47.68126123759929,-15.94687164449852,-47.68129800297708,2025-05,2025,afU2dvXSyMLDWd_r3yPVFA,280.8305532531896,© Google,OK,12_2,212962.34638598608,8235099.656450254,9d2839ad926ba381b8ada849347d8c871888a3f3,cardinal,4,0,0_deg_north,cardinal,0,0,90,640,640,3,batch_0003,949,738
f687349f5c1079013a62136fbc23e0d565ec6ca4,df9cdb05669af800742cec600d6751c8c3db7c33,-15.865713393620931,-47.791878107283736,-15.865657584342,-47.79184406520913,2025-01,2025,yr-LbE7Qa1-7F1h4YHy--A,83.60799275701224,© Google,OK,10_4,200992.55354589864,8243925.844420105,f4d849233097a2d5734c4d5eceedfe1a38a74a1a,cardinal,4,0,0_deg_north,cardinal,0,0,90,640,640,3,batch_0003,953,739
f6e8da60654510e2fd976ac4f9cf5f734f173be1,0119e1e7eefbd57e0fa8c8d8703fb8099ebcf109,-15.88093099829768,-48.11241491989531,-15.88095458122619,-48.1124520719019,2025-03,2025,4vcDo_qso3ERTreY_zfUCw,246.0763010648417,© Google,OK,3_3,166660.99430625793,8241756.063269207,1350a67273294c55d2dc919058ba71742d31445b,cardinal,4,0,0_deg_north,cardinal,0,0,90,640,640,3,batch_0003,957,740
f740c1a3fc37f1dc14850d31cbcfac46b13f9c6d,ef5a38e62104b305afd9e10d56e54fd4c0b6d158,-16.007365149997945,-47.98647275003333,-16.0073653864337,-47.98647359889792,2025-01,2025,WII2s1Y3eA049L1qj7GNYQ,168.07648383463547,© Google,OK,6_1,180360.72449136747,8227951.228490437,6f7407c2a95871c61aac6f52ce5a478d2250f96a,cardinal,4,0,0_deg_north,cardinal,0,0,90,640,640,3,batch_0003,961,741
f99fa1863f29caa42ae446ec03dc6922de44bc7b,a70289d37e066b9a244b015df7e2fdaa346ff552,-16.00795325008307,-47.999799699952405,-16.00797773179082,-47.99979663712075,2025-01,2025,cHOpQBzRMDyfN5bOoDde_g,67.83810474478425,© Google,OK,6_1,178934.1844213506,8227865.5168926325,8325f8d8cc9084b23d543219b2bd2f4376f90386,cardinal,4,0,0_deg_north,cardinal,0,0,90,640,640,3,batch_0003,965,742
f9a4e7e3bd4b3c465cbba970aacd854b65fdc9f2,9f9410af6af33abe6d65ef29391102ea65779e81,-15.694239696674305,-48.217874223180466,-15.69426064745198,-48.21784535239848,2024-08,2024,7Hi46UqEVXfDQClUqxOe-g,53.05543550240444,© Google,OK,1_7,155040.0111350074,8262263.3069726275,b0e881eeda5f567a640ce366f1e42c7c8f0fe1c1,cardinal,4,0,0_deg_north,cardinal,0,0,90,640,640,3,batch_0003,969,743
fa8898f4fbab47985cb60d97818cb76e329df39f,c7ec01141cbc47852475aec9ed532a7f7ebd7ec6,-15.830888050078757,-48.139241200119706,-15.83090144468287,-48.139209545785,2026-02,2026,PYm-ur2EIAVGl5pzg9SDHg,296.92306970977495,© Google,OK,2_4,163702.39863221455,8247255.612511714,7b152809b08c3958120b5be55d1c62cf4400dcf9,cardinal,4,0,0_deg_north,cardinal,0,0,90,640,640,3,batch_0003,973,744
faaee90e59315e7ada5c709411433c6822754463,5941ac8b85fcd9781892f61261d7e40201d63090,-15.55343695425586,-47.535275892759024,-15.55347317422485,-47.53530191232605,2025-07,2025,S2ufChZk04t66Yu55rZ9JA,221.458902378942,© Google,OK,15_11,228076.0863262819,8278846.001976186,5c84ac7481a01bc0dbe5540c75070d4c58f0cbf4,cardinal,4,0,0_deg_north,cardinal,0,0,90,640,640,3,batch_0003,977,745
fc51f52d4c5417a3c45d3c1e70ff937fd3acc0c2,880439084b40451530e1e9617d2b77095865d811,-15.845304800031444,-47.89875535118542,-15.8453062701271,-47.89875316864589,2024-12,2024,Z8Y0TSyAREJO-fLDxc_vyg,340.47876562341065,© Google,OK,8_4,189506.62568787247,8246030.133584041,230811535dbbd8e40f28abfbdaedafc653a7bed7,cardinal,4,0,0_deg_north,cardinal,0,0,90,640,640,3,batch_0003,981,746
fcb30d49c018fb09e825bf0c3d07a1bc4e893a44,a07ac5026b0050a7ec563842e7e07636ad03e581,-15.800989634153416,-47.80805615699056,-15.80098349237582,-47.80802173567423,2024-12,2024,XQPV4SiLnIu51RU_bG2jsw,283.93454133972216,© Google,OK,10_5,199162.8055015776,8251069.305859217,99f6067f1d8de2c29be9fcf909959f9d6cfb6d7e,cardinal,4,0,0_deg_north,cardinal,0,0,90,640,640,3,batch_0003,985,747
feae1058d96cbe6892a0aab474e3c72ae0f0e865,1fe170713a3435ef2bf8068e83454bdd49b290b3,-15.874723150000026,-48.08258875000527,-15.87471348648729,-48.08260906260833,2025-06,2025,wbWbkplDdA-oeXZWu9GKRw,161.19836408445164,© Google,OK,4_3,169847.89401527168,8242490.926357844,e9d4f60c2c48add8e7dfd450958737597e3553e0,cardinal,4,0,0_deg_north,cardinal,0,0,90,640,640,3,batch_0003,989,748
fed4dffffd74cb00a13a2abda3e7144629fd317e,3439dd81c9e84b9dda23f29b4cc0dbf079457e06,-15.842224388828704,-47.96624678585416,-15.84225097921919,-47.96622305258762,2024-06,2024,1ZHTjNPvjLAEoQ068Pyq4g,171.9766651232025,© Google,OK,6_4,182267.14008711468,8246270.065723554,7a7e2d14e01de7618fc055788d8703f3d5521983,cardinal,4,0,0_deg_north,cardinal,0,0,90,640,640,3,batch_0003,993,749
ff0ed5ea18145d3d9c85e340b6762331e6a64045,5278392b72d13949b5229e96f182ce0155de45fd,-15.894829550002955,-48.106446350054306,-15.89484291946803,-48.10645779170917,2025-06,2025,YaZTrkEXp9xB60qO7fiARA,156.24036009240524,© Google,OK,3_3,167323.6336790742,8240226.273575392,42b8a6432cdccecb0598a9bc861b932bf77d834e,cardinal,4,0,0_deg_north,cardinal,0,0,90,640,640,3,batch_0003,997,750
00ff57114e58eb023f5648c719cf27da9a65a65f,12fa7d623c50283d5f74904b0b15b3025e84f260,-15.881024150123432,-48.02073204992607,-15.88101204777731,-48.02076547986249,2024-06,2024,eVGsDqNyrFnMbl_4jhmyOg,66.99752977416998,© Google,OK,5_3,176488.2708430109,8241889.811979394,b7244465da746c5224a5cced2094873cb46c7621,cardinal,4,0,0_deg_north,cardinal,0,0,90,640,640,4,batch_0004,1,751
0137ebbb6441771a2a7bd1d6204dcdc0f0c57a2f,bebd796b4bd056c634c65fbe6081a654dcd7e1cc,-15.686764600070504,-47.425735649943775,-15.68669280127192,-47.4257509676012,2025-07,2025,oAUKb5RIOYQHpNKqYlAh-w,242.82773138648253,© Google,OK,18_8,239999.48725601716,8264223.717699315,19a3fa256706ede5ac0a9d2f499fc1fe36860e3c,cardinal,4,0,0_deg_north,cardinal,0,0,90,640,640,4,batch_0004,5,752
04b47be67908f2e3e287d76d63aa9b1a1544038c,1523ea8c809eed33d9ab17218e2f8dccfd07b27f,-15.820444200012574,-47.89955004998645,-15.82042729136935,-47.89952193429234,2024-05,2024,_3KFPCMENWK8W3u76n6qFA,54.37421503500527,© Google,OK,8_5,189383.39813764082,8248781.873865845,03342872cc5297f115e51bc741d7293fd1dd0fef,cardinal,4,0,0_deg_north,cardinal,0,0,90,640,640,4,batch_0004,9,753
05d9ae3a2c07d31a664f97f24cb05c9535f94c48,07a6ee37833178f04a42a2e33cbcd7117359fd14,-15.828331000000047,-48.08313760005832,-15.8283384832988,-48.08315030830482,2026-02,2026,ygyj3W9Gxv0SiX9P6oGctQ,161.5321232831321,© Google,OK,4_5,169713.4696190702,8247627.999473286,8290dcbe164723e264b3f4955e0e0e761d72e5cb,cardinal,4,0,0_deg_north,cardinal,0,0,90,640,640,4,batch_0004,13,754
0643d7acf8b9bfa960983b6dc17823fe0845db5f,ecf0042622c7e736cea8dddd786bf330d39c354b,-15.585197977483359,-47.35757707948205,-15.58519548807681,-47.35761228236819,2025-07,2025,-834g6umSZ1BvRSmS4r6lg,244.21833727788646,© Google,OK,19_10,247183.85076729313,8275548.804214654,d2c6a6bf181a04ccc533817f174d151d5fccab4a,cardinal,4,0,0_deg_north,cardinal,0,0,90,640,640,4,batch_0004,17,755
065df6db59750e15c41ae316c734588cb2bf72d9,2b01c30f9f00760af87e21ff6487cce6ad4b54a1,-15.835247677720028,-47.82144694279583,-15.83526264258243,-47.82140528207537,2025-07,2025,D6-rt1hj-w3JwfZog5KMYQ,93.36845831670087,© Google,OK,9_4,197778.16939107468,8247256.774895916,923c83974a08e206bd49742df4536b6d3a6eebcd,cardinal,4,0,0_deg_north,cardinal,0,0,90,640,640,4,batch_0004,21,756
082544905fc30fb6797c04338fc078dd67208aaf,15d1ef46e1cffb180b7e6e03ba7ed84eb877df38,-15.715728711947312,-47.39151431006319,-15.71573197364578,-47.39152566850633,2024-12,2024,UYC51WYRUTy1q0ufstuVvA,115.7955343242456,© Google,OK,18_7,243705.55589617367,8261059.295167077,0acee8d9f582102d1a00dab60898e141a4b4a32d,cardinal,4,0,0_deg_north,cardinal,0,0,90,640,640,4,batch_0004,25,757
097c53864b8dd7e0209ade29b00f6715a00a40e0,6e9bf59264ea6cab887c213677ffd85ba5ce79d1,-15.520338803970345,-47.523236762493624,-15.52033580374653,-47.52318183601891,2025-07,2025,NK7nVW4pZs4FUfOZNBTOZA,118.94565887471346,© Google,OK,16_11,229324.8285030594,8282525.3453419395,32791e94789a99cbb0c6573b686cd735f7f58c8d,cardinal,4,0,0_deg_north,cardinal,0,0,90,640,640,4,batch_0004,29,758
09fd2943f8d8df83a628dbe0de429a1f4150d165,d7cb1c8ecbf1c2b4b8468c9816568dbe1eee787f,-15.847813200006549,-47.96468429994369,-15.84784293397259,-47.96468512510594,2024-06,2024,kGszNGzU8or0aCyTnpTtOg,1.165089687846059,© Google,OK,6_4,182443.38732729643,8245653.53063936,776ddffe576c94ab557144c0a067aebf2235c6b3,cardinal,4,0,0_deg_north,cardinal,0,0,90,640,640,4,batch_0004,33,759
0a8812a2e9ccf07e51580d8708ad56500f764266,cd0c8ea9d7269d032c13b616c489302b115ee361,-15.922965050103251,-48.05734659994835,-15.92295899,-48.05737104605834,2025-07,2025,R9hIO-X8fvJnA3_B8ADOHA,249.74871317959347,© Google,OK,4_2,172631.7648462137,8237187.914235131,8f3fc2488243d81e7314ef9aca8d60a802df39a3,cardinal,4,0,0_deg_north,cardinal,0,0,90,640,640,4,batch_0004,37,760
0acab5b2faae21de25df0634942d658978c0f329,8ee1cc9c5b8af0de0dc63e742e6a2c06a0ff26b1,-15.87654770000064,-47.95995509999933,-15.87653602233078,-47.95994387529822,2024-06,2024,1EIFK5OxabsHmwqmfEZFXw,235.44082518382902,© Google,OK,6_3,182995.30511088268,8242478.650019962,477243ca6044a6ab1b64cc69f99652a7a55b96ad,cardinal,4,0,0_deg_north,cardinal,0,0,90,640,640,4,batch_0004,41,761
0c36939b5e1222e052d76456a186e28744707dfa,b87bbc42f1c93ca40877ed2dc3f5534b6666c480,-15.912474400000072,-47.935404599999686,-15.91248426890961,-47.93542554942224,2024-12,2024,tEY8FZ1X5nzHrzJ6FfVLBg,191.78271419592485,© Google,OK,7_3,185682.45931152816,8238537.277050325,3dc1bdd03d042c3ec2caa3425c76dee272711cbf,cardinal,4,0,0_deg_north,cardinal,0,0,90,640,640,4,batch_0004,45,762
0c49a5da54d10602e23ef7f2c2f6d31a1bcb79f5,e317da5144f5c059bfb89a7a971062f081660c5f,-15.791699977582976,-47.85421013332607,-15.79168681058656,-47.85418649122783,2024-06,2024,0Xwe_BEZ-_6fTlvsIGMn3w,22.804731715817873,© Google,OK,9_5,194200.7217213021,8252031.31908075,69250079ebb174307e73864783953ee24a98d0b3,cardinal,4,0,0_deg_north,cardinal,0,0,90,640,640,4,batch_0004,49,763
0cf958c93c77f4e7bc77c4b99911b3cedbf437e1,eab710201728853af08ea8fe3e6497cfe49a5931,-15.924446150018102,-48.11191899996548,-15.92443849029606,-48.11197310192273,2024-06,2024,N3ie9Zw0AHJu7y8XKILSog,36.12085903423035,© Google,OK,3_2,166785.94700738264,8236937.414273327,dbde48433684f7dace91d5485f36bc7c3449177c,cardinal,4,0,0_deg_north,cardinal,0,0,90,640,640,4,batch_0004,53,764
0d1385ed7ff4715d81eff997b0d6e4a93d30e04e,b44ee8abac540fbc14d754df6283a51713739932,-15.519514096293669,-47.53137393696178,-15.51956403819034,-47.53133113258404,2025-07,2025,WdpQHBtgVdyzvydaCx6FgA,242.2580602193811,© Google,OK,15_12,228450.3600616181,8282606.327395431,41ccc20fd476420965cde1988cae60ace06f238b,cardinal,4,0,0_deg_north,cardinal,0,0,90,640,640,4,batch_0004,57,765
0d1638b7ff7d1c9269cb1931829403f0b29ccc22,0b0971c062f0a536d97ce4fdd0cbfd98450270f2,-15.630457300339506,-47.51657454946576,-15.63047848588052,-47.5165970804095,2025-07,2025,kM_-Z54PhJRLVv7MyTIeRA,44.09932365144441,© Google,OK,16_9,230183.76180429733,8270343.417745065,2246d685233551bf7d642d2a1c9ca772f117cc8f,cardinal,4,0,0_deg_north,cardinal,0,0,90,640,640,4,batch_0004,61,766
0dc8676a9481171cfaf29cf69923b685de156566,84cf5ff4df648e25c31b5af90be5df7fa0c94054,-16.015841847627904,-47.38072654453688,-16.01584380485273,-47.38072570715181,2024-10,2024,0G3m91huQTOdNHMDXjW9Sg,331.1594791464945,© Google,OK,19_1,245239.83139738173,8227851.36878685,fec7ad3c16e89815439e4e2c07c2f455723bb887,cardinal,4,0,0_deg_north,cardinal,0,0,90,640,640,4,batch_0004,65,767
0e5c3d218625ad36a582a310cd967bb883f6e503,22dd782cc9ba135f380d4a5e6a5aa9138db2e3e2,-15.855075150019166,-47.967664849858615,-15.85510619700895,-47.96764657003135,2024-06,2024,ym9s9bBhHyxguKcJMi6Ejw,2.768375355941755,© Google,OK,6_4,182135.27445510807,8244844.82056732,ba07ca3d4da2b419a7ff2d7debba095a0fc8885a,cardinal,4,0,0_deg_north,cardinal,0,0,90,640,640,4,batch_0004,69,768
104a24a01c8a52ae46aeb63a374a332385f76adb,f2b5d64aa6ff043c535013654ce24bf38bf7ff2d,-15.89593095001906,-48.146091049984214,-15.89594514181448,-48.14611338710623,2025-08,2025,Nnf23xKVJYoj-WW1t5H6rQ,60.34618417394124,© Google,OK,2_3,163076.19865397995,8240040.72358525,4e21e3efa201c3b8f5bf523d0b0b0b0f9fddd82f,cardinal,4,0,0_deg_north,cardinal,0,0,90,640,640,4,batch_0004,73,769
106cafb15460bb00ccb0a4f59b71b9a10aaf1032,a0b43e7f8b52a92297b63158456b5709b771cbfa,-15.598534536199493,-47.67542517468901,-15.59868674869443,-47.67542977407415,2025-07,2025,f_CusCeYYVJE9RjmTSBOig,108.51105840477288,© Google,OK,12_10,213097.68904733722,8273669.544340192,20bf4fd740bf743e35422908b36f7157177be45a,cardinal,4,0,0_deg_north,cardinal,0,0,90,640,640,4,batch_0004,77,770
10b229a3ba8d1bdf03b6bf24e768e74dfd5c129f,e3f5f5a66026c28386804e8d36f09f7da8c46045,-15.793231800011705,-47.852445500026214,-15.79325351767584,-47.85240603113269,2024-05,2024,AU5jkqUTUYFta9rKxI13hA,306.9952453411144,© Google,OK,9_5,194392.21822499274,8251864.266714826,d7d0cbb1f0553db8f4e0604b39c776780633f68c,cardinal,4,0,0_deg_north,cardinal,0,0,90,640,640,4,batch_0004,81,771
1109110bd0bb6008fb61f75bd23d2932569abee7,a76a4d8a75b38d0aa3b314253bcccb7c0ea061ad,-15.812705694144373,-47.90098552768194,-15.81268066084353,-47.90093024750016,2024-05,2024,qYilb1kys_TyT1oq--5UzA,181.69759974067048,© Google,OK,8_5,189217.67293337552,8249636.665438021,3455d12f173c190162167f39eb1a953d6b5f0449,cardinal,4,0,0_deg_north,cardinal,0,0,90,640,640,4,batch_0004,85,772
1148827c75c2282f19ae4d3be5f90aa1aa9e12c4,135061e2c2f5e96ca0f685cfc8364075c8894c2b,-15.760064350081187,-47.82961359976316,-15.76002914394643,-47.82963084790735,2024-05,2024,O0RfZrysi4N6eqr9WEuPfg,23.057046211863863,© Google,OK,9_6,196790.76144730352,8255569.893757125,4b264856e3bd20068927cd93f124687320006ec0,cardinal,4,0,0_deg_north,cardinal,0,0,90,640,640,4,batch_0004,89,773
117f91b302ec7208a67e1db050469ae2b26c1bb8,d205571c7b1ae86f12b10244fe753d06b5cea3a1,-16.015825900010356,-48.0704021499912,-16.01583599984398,-48.070397614124,2025-05,2025,FaxiEBgXrph2Rpihum6nqg,60.014169393792656,© Google,OK,4_0,171384.46191062027,8226883.036943062,1df4405dff0fdb89096af6f6bc76fcc687d03f5e,cardinal,4,0,0_deg_north,cardinal,0,0,90,640,640,4,batch_0004,93,774
118517f0c12b14208b9e2bac28861680274a7ceb,bd7cd5a6b69f2b50df82654e8010acbf42e092c9,-15.81042115010721,-48.21024570014153,-15.81044608923155,-48.21020825027147,2026-02,2026,wMpBnql3IYI1rKnrd0gEuQ,293.553420355292,© Google,OK,1_5,156054.4822167435,8249407.358295139,69a8d490929ad9f3d640a762a253b7ee1033c73c,cardinal,4,0,0_deg_north,cardinal,0,0,90,640,640,4,batch_0004,97,775
11c0ed759dff582d2291bb430d987db3600e78cb,01939d3b0b79221a0a5f1fa4c41dd97a21816422,-15.635387000073061,-47.83521895001397,-15.63536716463742,-47.83524277441924,2024-07,2024,3BM7mS4BkPZYHYzHVFRXPg,269.63154802838505,© Google,OK,9_9,196004.71075014246,8269367.066809428,5cfe26936f5bd7f4b76d54eeda9bf5f8dcc95cb6,cardinal,4,0,0_deg_north,cardinal,0,0,90,640,640,4,batch_0004,101,776
1433526fcf4e82aab615e5e47a7804d59e3c43eb,ea3f1fb13efed633736f179109987497e87522d6,-15.633681300313983,-47.519854799514235,-15.63365291385541,-47.51985575700169,2025-07,2025,c_AT3-CX24QsjuxJsNdCkQ,44.632518713672155,© Google,OK,16_9,229836.10485505656,8269982.342189109,4d15a956b9b66e8629f95d9192039002ecced18b,cardinal,4,0,0_deg_north,cardinal,0,0,90,640,640,4,batch_0004,105,777
15c74bd2a544d246c3b5c6cf281509641d2e4221,475a5d38df836d0cd29e32220664fd5732ed5c14,-15.775403000010956,-48.12917719993029,-15.77538992114259,-48.12918126320773,2026-03,2026,w4nimTdeYTjAU4izdsCyCA,184.6978046128796,© Google,OK,3_6,164689.95383016983,8253416.921766929,3ee52ab8516bf4acf850b2d454f9f3dda46b49cf,cardinal,4,0,0_deg_north,cardinal,0,0,90,640,640,4,batch_0004,109,778
17513b0661d49ac450012dbe249b141256bb1227,bfdadbce84e9efcb432720ef3fb98a66c2379877,-15.89449175033173,-48.10617479976007,-15.89448296847399,-48.10614550684875,2025-06,2025,JfqHBE34NnHLmjoMmJf4WA,243.3223080161531,© Google,OK,3_3,167352.1829878344,8240264.118347272,d8bd5072040bf018a71dd688a23010b67dc42af2,cardinal,4,0,0_deg_north,cardinal,0,0,90,640,640,4,batch_0004,113,779
18426b8bf1a9277b25234adb304a7105085d4f81,4a810acd9b1b7af09f0a32f6ed41d1a431315ade,-15.767687049960564,-47.38373155169579,-15.76769756113514,-47.3837488363211,2025-07,2025,RLR8XcLPnBpEskW65F4koA,171.55667683039434,© Google,OK,19_6,244604.99108232197,8255317.242402485,028a9ec571950b49b24ab144254d1f21445ea82e,cardinal,4,0,0_deg_north,cardinal,0,0,90,640,640,4,batch_0004,117,780
1a15518e6fbf46b1c3cc3ab654bc58744a05ad51,d7fe8bec47993a24d363fd7b67f1f1231d78e1a1,-15.65318233270717,-47.75619808202115,-15.65315060231467,-47.75616886482751,2024-07,2024,2rl9GgO1tV_pM3cBGS5s_A,52.78942633285128,© Google,OK,11_8,204508.70173694091,8267508.337836922,22723c46e9b5087e800eafe2149e4b26bb34cb8b,cardinal,4,0,0_deg_north,cardinal,0,0,90,640,640,4,batch_0004,121,781
1a5b476f4840a37c52e18af406806ad4329f73a7,07a85fa8edc9fc70b7c7e5be0919d635a8a46c6d,-15.744316700001518,-47.82408115000434,-15.74431356405062,-47.82408867942896,2025-07,2025,iTtnbx-gvhV9Z5Yn5RqEmQ,312.78037970437026,© Google,OK,9_6,197360.65605806757,8257321.545213783,62afe37e927086514631451260115cb0fbfcc3b0,cardinal,4,0,0_deg_north,cardinal,0,0,90,640,640,4,batch_0004,125,782
1b389c7beb736c91c0f6d2547830450787b7663d,69a6d4aee41903cdd982b745b79da5764318f639,-15.906925050082029,-47.517190249936476,-15.90691708762569,-47.51715206433703,2024-09,2024,Wqt3_Hg9iEJtUlKMrpJ-yA,63.325746121660416,© Google,OK,16_3,230483.3583860546,8239736.628181139,16465017952612be0c5545526e12ec346b2e9fea,cardinal,4,0,0_deg_north,cardinal,0,0,90,640,640,4,batch_0004,129,783
1b622dd2dfd3a0f5fb47808fb60f8c05cf8db7eb,fb182948ea2aca7e225b760cc3e71fb00fb703dd,-15.805808185854527,-47.96093311689511,-15.80578816978082,-47.96097556092791,2024-06,2024,oUjwPUlOmY4bv6fhTcVfhA,278.2203228541287,© Google,OK,6_5,182779.8750509563,8250310.82154905,00ab4386b6a4c9b7f273879ea3585a33754a019f,cardinal,4,0,0_deg_north,cardinal,0,0,90,640,640,4,batch_0004,133,784
1c70ae94cdd00c774d0b9259ba657a6f09cd6d9a,8aa1cd84c0115906e2be27babedbda4968927151,-15.940290349092367,-47.95030993008056,-15.9402798661824,-47.95031219263195,2024-12,2024,zXfdJpPbDeo4wcrAK3XM7w,64.34593277377587,© Google,OK,7_2,184128.78363679477,8235434.449293907,7b822c2b03a9a2513b9cbdf03b15dc18a23d3609,cardinal,4,0,0_deg_north,cardinal,0,0,90,640,640,4,batch_0004,137,785
1d365b2f2f6716866358a3560fcbeb508f8e9489,c19fd4979c2457634b60c00f49956e30b950b69c,-15.863611331631315,-47.62095357363015,-15.86360757405535,-47.62094400918132,2024-09,2024,YxrYSMdJ-A44w5jx79H74A,149.52987375222247,© Google,OK,14_4,219306.78903048096,8244395.286550592,2d111615b3340600e3ff7c7f9b672c4e776470ea,cardinal,4,0,0_deg_north,cardinal,0,0,90,640,640,4,batch_0004,141,786
1e1f0b20ac0048bf839934bab773df13f2ec5f70,e6b4787089fdb7b70003e52fe78ed6ac92034011,-15.560257801203694,-47.54168804799272,-15.56029134808292,-47.54171642969968,2025-07,2025,l4lNOvC343elf006oWL30A,42.09787328508624,© Google,OK,15_11,227396.94431945286,8278082.728056733,02cf2dbcc1649f766ef929900765d1460a5313e9,cardinal,4,0,0_deg_north,cardinal,0,0,90,640,640,4,batch_0004,145,787
1f2f7477a941a8b4d7c350fcf878e81e6ce4006b,97af0417650957d237a627dee374eb6a6c6ff426,-15.879933400104429,-47.976593550068515,-15.87992802572433,-47.97658168038827,2024-06,2024,gX7-I0pz-2b914QuL8eOZw,101.03801194692277,© Google,OK,6_3,181217.32830378026,8242078.417195281,35f5dcba6101185641441b07b2d9fc1a2287d920,cardinal,4,0,0_deg_north,cardinal,0,0,90,640,640,4,batch_0004,149,788
1fa6b670a15300d8a5584af2b3edae981b7d6fff,b5ce710c5aa4abd790c2727110bedae3a70a0e37,-15.949342336436231,-47.85926273358665,-15.94937815914447,-47.8592915656197,2025-05,2025,9o_eR-k6ZDhSPoyp46WpxA,62.66152888144341,© Google,OK,8_2,193897.42168710587,8234568.04810094,ec47b6a8eb37ecea73de1c20dfa480dd92c7f81e,cardinal,4,0,0_deg_north,cardinal,0,0,90,640,640,4,batch_0004,153,789
201d220e4302a658f4b06ba27279e4d0700e0f83,abef42f5265fd493cf92b924704e356a493f4c4a,-16.049631500010836,-47.537586050201185,-16.04961810855134,-47.53758982006557,2024-10,2024,yXwUsUhPf0F9q-T-isDm7A,160.6691163376629,© Google,OK,15_0,228491.0928027303,8223911.601924183,590ea389cb9281414802f87836fe6aaddf60a301,cardinal,4,0,0_deg_north,cardinal,0,0,90,640,640,4,batch_0004,157,790
2346b8c7efe27c86c6a4271eefd8d61ea05e663b,13c1f9c89fe847c9e8db290e98258cccb15d0b6f,-15.661760300054148,-47.64756960088681,-15.66174939541738,-47.64757188591651,2025-07,2025,oTPn4AhgqoLN2GZeX15tcQ,158.57806380380683,© Google,OK,13_8,216173.86592930884,8266707.032398917,721ffa687bbddc0a78c4274c2c2af46b1b699cf0,cardinal,4,0,0_deg_north,cardinal,0,0,90,640,640,4,batch_0004,161,791
2395a23cba8c2576131391aaaaa856a664987f29,4866167bdd9eb201f81872f2b8a2252f5339be96,-15.642689550185017,-47.65796500002742,-15.64269094985674,-47.65793588301764,2024-08,2024,r6qQ9OaFNrhAEhyKV3xizQ,88.81470784317173,© Google,OK,13_9,215032.32105495705,8268804.4710409995,b3230b2fcdd7fe57ecb80a82463aa1c5687f3fad,cardinal,4,0,0_deg_north,cardinal,0,0,90,640,640,4,batch_0004,165,792
24405cf754ea349f461b4c3aa6d4be7d9cce0ee9,422ebea7a65d22e80c748418c2505431b8d93385,-15.769895300073928,-47.60355860016494,-15.76992980837066,-47.60373914677194,2025-07,2025,g8_Lo8MaT3PXmf8z_HirzA,307.79896636654576,© Google,OK,14_6,221042.22771134105,8254793.882728515,c7efaeae7a4a49510e6e6eee8764b510a86f8171,cardinal,4,0,0_deg_north,cardinal,0,0,90,640,640,4,batch_0004,169,793
25e5c74c142daccf04dcef4114b247c8a0ad8dac,c72fe3becf65fdacc7419d0f410e92aad70585c5,-15.71576358866593,-47.390166718054026,-15.71576188056683,-47.39013883259224,2025-07,2025,ooS9Wyk4WKjf6TLKq8xD6A,294.7224482047647,© Google,OK,18_7,243850.09066053026,8261057.06861292,db1634448bf9a9a1b70da14b16b3e78e2c79efd4,cardinal,4,0,0_deg_north,cardinal,0,0,90,640,640,4,batch_0004,173,794
26056d2ed8f4d0c2cf1e411ab6d81d7289cc1e44,c89c5bde74bd05dd688a3e368ef7ff40b4134eb9,-15.91024600492239,-47.76337439746635,-15.91026614370012,-47.76342214230608,2025-01,2025,hEoOEBoxuTSJHv9H-XrUwg,69.96405784940568,© Google,OK,11_3,204112.46604006042,8239035.557337765,d8244df424210e4487c17fbb92e27f81de1a45ac,cardinal,4,0,0_deg_north,cardinal,0,0,90,640,640,4,batch_0004,177,795
28cd5ad14fb33048dc0bfc221c6d6aca8658140f,caeb9576bf442fa8be08e892bffd35b46424c91d,-15.711068500085833,-47.36928949981712,-15.71106411777346,-47.36929114055044,2025-07,2025,WBw6Kpx1Sw0F7rdwdfsPAw,34.68796975687123,© Google,OK,19_7,246082.74200607662,8261601.978984293,d2910250e490a0829e2b62db2dfe9733235956cb,cardinal,4,0,0_deg_north,cardinal,0,0,90,640,640,4,batch_0004,181,796
28f4feb9812965bfb665746f5d3655c8ccbf8175,c7bee6c1d65cf20661e1b5639007913c9799168b,-16.007692550002453,-47.99768175004689,-16.0076536862522,-47.9977113826622,2025-01,2025,T0AjnlKAsCyLjt_lWrAYnw,337.36948481878767,© Google,OK,6_1,179160.62645402685,8227897.665183406,43b0cdc185a695b12b393d9fc0110275080bab76,cardinal,4,0,0_deg_north,cardinal,0,0,90,640,640,4,batch_0004,185,797
293a1e96fbed11bcbbcc0028929435ab9fe70b22,30ac7cb0e2be34b9571946e7a27bedbc00ae80a1,-15.772292350000084,-47.885188200000435,-15.77229142019903,-47.88517585585559,2024-06,2024,uGkFBx6tA-88kXlIqORMsw,143.34673142179312,© Google,OK,8_6,190849.88761978006,8254135.065910905,b9c6a3b564652555243bbc66066d8ddb9a79ba50,cardinal,4,0,0_deg_north,cardinal,0,0,90,640,640,4,batch_0004,189,798
2bcfba08334aeb8575e202881aa0122995e95909,37292d35986c702d29f0841be2a198454804ebf4,-15.76569495055024,-48.16753145005372,-15.76570721335686,-48.16754342662726,2026-03,2026,kHnF0HtfpSB6F9h6K9_AWg,359.2761693131173,© Google,OK,2_6,160560.32110462023,8254430.64521429,93dfd6295fd68c6d540ce44537f93ed2bc9a8e55,cardinal,4,0,0_deg_north,cardinal,0,0,90,640,640,4,batch_0004,193,799
2ccb2baa77dd612eafb7aebf3dd72e5b5ee3799d,3549d46df4830b782f4a2c6972e4e7a68e9ffbdb,-15.741082500077102,-47.76316964995633,-15.74107129250245,-47.7632018616409,2024-07,2024,kTnUdguV2MiSlPT0_J4gDQ,68.4332121091738,© Google,OK,10_7,203887.87097380977,8257766.131651992,aa8bd8c0bd85d822716359ca7a674f54504083d3,cardinal,4,0,0_deg_north,cardinal,0,0,90,640,640,4,batch_0004,197,800
2dab8736ffeb522746aa8dcc777bff5fed354585,4c5137166665f37888b7ff660175a2d8276bc66e,-15.958903050000789,-48.03688955000335,-15.95887515060167,-48.03693317449146,2025-05,2025,BXKA6JVEDTQ5WJ9QXrpFgg,320.3557783237735,© Google,OK,5_2,174881.97729980777,8233239.912800371,265c48dd7f32d357871003659fa53944c43c5d0b,cardinal,4,0,0_deg_north,cardinal,0,0,90,640,640,4,batch_0004,201,801
2e0e0ef3ae8b32901fefac918e7d4f861be8474e,fdda18cd7183d0337a871b91fa25df3c326202c9,-15.830359139297487,-48.13924218020617,-15.83040054344247,-48.13926206707454,2026-02,2026,5Kln6PyuSiR5UwooSWgy1Q,204.15434647122106,© Google,OK,2_4,163701.41709989452,8247314.190504167,c328245dd1681095d14efaf0a1cec503ef3f6d1c,cardinal,4,0,0_deg_north,cardinal,0,0,90,640,640,4,batch_0004,205,802
2fa674299226bab571e7b8991bd3bd4599c6a863,c5b79946867a6c52f1dbf7326321b617dc3621dc,-15.839931897959147,-47.92135372108657,-15.83993977026125,-47.92137771967541,2024-06,2024,_bFURDCYSp-2gT2IkSEIJg,51.80945420834521,© Google,OK,7_4,187075.9744085044,8246591.485589021,7eb372781408a2928bd8b3da5f0785752125b730,cardinal,4,0,0_deg_north,cardinal,0,0,90,640,640,4,batch_0004,209,803
2fd4a36fb0f63e8b7b9bf8c86ff6db2735d2300e,d6ad2bcd971f0590a34122ff1cfdf9782539ce26,-15.654768600028856,-48.1961489000132,-15.65481417655402,-48.19613331062319,2024-08,2024,J_q2Nhc7qNp2lZPjJv8EYQ,275.79701874371244,© Google,OK,1_8,157305.1193775544,8266670.426837871,7979b2989a184af1612000971b60a4cfcceb0986,cardinal,4,0,0_deg_north,cardinal,0,0,90,640,640,4,batch_0004,213,804
3020ad7df441a47d915bdfd0fb8201fb38a16182,8db0cda4ae670e3ad82bd63dd111e21c045b5172,-15.845352000033936,-47.886233901079386,-15.84530978530267,-47.88623582023699,2024-12,2024,uVOVfZa313rDGTjUyw84eA,340.0781821647996,© Google,OK,8_4,190848.87788323077,8246043.423706131,7a57a6b0fd39dc4266d95bd1a8285a0cd2ecdc52,cardinal,4,0,0_deg_north,cardinal,0,0,90,640,640,4,batch_0004,217,805
30d0da823638efa0331bb80cfb12609a17fcd9b0,8a90c7668a8cb46b030268e774c3e2c010e7e848,-15.968755938705305,-48.02404672082196,-15.96873519027751,-48.02408024622844,2025-05,2025,kOjTbnq2qAvdX8xG-JjQHg,274.61916205547533,© Google,OK,5_1,176273.8308242508,8232168.77604686,cb8c514eefe9c13fc221853dd15850f00223f375,cardinal,4,0,0_deg_north,cardinal,0,0,90,640,640,4,batch_0004,221,806
31fb993bd2df11c13bfc31ff0c96c13222c321cf,42211a3790d396dc0bf55cf0c57e70a8291b0b89,-15.740683817455341,-47.699360231099,-15.74065918792294,-47.69932693888867,2025-07,2025,P3IlAJos4sDaK6DxhyBABg,150.89395305550224,© Google,OK,12_7,210729.77204517665,8257898.829841611,93865c5f0a05e28ff192d4eee7e50f243c3baf12,cardinal,4,0,0_deg_north,cardinal,0,0,90,640,640,4,batch_0004,225,807
32b0113f340a317264987ce036a88b225761d8e3,41480b9b4a73b7edf5468eeae91028e06db742b5,-15.87733678187655,-48.01986609741404,-15.87734170289775,-48.0198374544979,2024-05,2024,TYc1D-rizjpCsck5s09PEg,97.35301324388834,© Google,OK,5_3,176575.1909518335,8242299.509004415,e5973db3c1481403d86c11d5712b733574d59054,cardinal,4,0,0_deg_north,cardinal,0,0,90,640,640,4,batch_0004,229,808
3444f149396264c45e033fa6982916f9f987edb6,75ee70f9efe96722cea16527ee7696a58f2ac385,-15.819337127672068,-47.811185947118055,-15.81931907425107,-47.81116469770723,2024-12,2024,H1S74mNb1aM32E-KH96nXA,280.5804577730809,© Google,OK,9_5,198854.44842836686,8249033.264298821,e7730e8b85137326fa01688ae9f4e1d09d71a0cc,cardinal,4,0,0_deg_north,cardinal,0,0,90,640,640,4,batch_0004,233,809
34735b763b53ea35a249ce040232d9e70bd92da2,cbfa9fdba92687ae6cd6dfc96f07e63ee6bcfc77,-15.93085937136634,-47.75465649745994,-15.93094403676555,-47.75484278544024,2025-01,2025,8WsrNC_mlBTcRp9hX4VbxA,329.99096528656673,© Google,OK,11_2,205076.6727378606,8236765.523103259,5360f529ba4d3928882ca07e892739de503800a5,cardinal,4,0,0_deg_north,cardinal,0,0,90,640,640,4,batch_0004,237,810
34ac14213380c5e2878bf75f078f44c8f74799ff,15f7a591acd514ee19b15742224205cb8b79d96d,-16.01577424999909,-47.99376825000593,-16.01576041332051,-47.99375879819527,2025-01,2025,lEqRpB0M43_7ZNBRsOvZVg,172.01510598977532,© Google,OK,6_0,179592.72211810478,8227008.718737522,3ead7035a5863db8caf7e234757712c2303e6c69,cardinal,4,0,0_deg_north,cardinal,0,0,90,640,640,4,batch_0004,241,811
353b336d329c38b75e5350cab6ae634144252950,676c785ee8576a25e3238b64ecdc4f24a788bbcf,-15.81372570004896,-47.635113903240494,-15.81371456213297,-47.63513178977769,2025-07,2025,shqveGQvnyzrW25mw7l6WA,343.81455182140314,© Google,OK,13_5,217719.9864550045,8249899.239042683,36d733865721e6e7ed48660b966eb213115d6a2d,cardinal,4,0,0_deg_north,cardinal,0,0,90,640,640,4,batch_0004,245,812
367e1fc6f0ec918bdf56fa63fb34c766ea002e8c,425f35168753a6b9c846dd703417784e6e8b8fa1,-15.821512250113491,-47.63312694997595,-15.82142879723339,-47.63292055488344,2025-07,2025,C5P4kH3tdpV0RZsonyS-yA,78.84166479069272,© Google,OK,13_5,217943.76908410335,8249039.838845317,73167b914db3a8d9ebf498e2a52cf32c98c1d57d,cardinal,4,0,0_deg_north,cardinal,0,0,90,640,640,4,batch_0004,249,813
37db2e9971d9eeeaff358a4bcc8fb722d0a16cee,fde445d3393b433460bd3e6b7a70ed40130877f4,-15.939355800006554,-47.94372225008592,-15.93932890676232,-47.94372753923146,2024-12,2024,o3Y4GQgBvFHcTPV3n9sSlg,155.25101655492378,© Google,OK,7_2,184833.15520793945,8235547.9195517115,32c334d6f68938c1396311bf16ecab227009f48d,cardinal,4,0,0_deg_north,cardinal,0,0,90,640,640,4,batch_0004,253,814
38704b3e17cba94d5284128ee07d182f24d63407,50d118b035bc2398869e05823f47e024b35ac058,-15.739881400015054,-47.761663000446845,-15.73985252840665,-47.76168332718436,2024-07,2024,ftGE2lRFBb4osc6rCNRybw,340.67631807854127,© Google,OK,11_7,204047.69660543508,8257901.23498252,440d0cac9c1aa85f7f2faa02adac5ce655c4ea29,cardinal,4,0,0_deg_north,cardinal,0,0,90,640,640,4,batch_0004,257,815
3b044ae5e523cbdabe0eacf8ccdee5cda25795ea,e18e91f0803bb74277d6423603bec4afc4d0e4f1,-15.965393550105288,-47.500371150644675,-15.96488040069703,-47.50044647515629,2024-09,2024,FF1YNLYzzaArz8XWHzAzJw,329.4576565854932,© Google,OK,16_2,232362.77409215277,8233285.575858036,56f97db86bff3229ddb9f7adaf3d703cc7fe25f0,cardinal,4,0,0_deg_north,cardinal,0,0,90,640,640,4,batch_0004,261,816
3bb18232ad6861eb18619bf0884b7ec8b7868a1a,78749191185288385af66eb2403a81a9d2bd9396,-15.797086000057588,-47.94394965005691,-15.79705641246533,-47.94397122184683,2024-06,2024,3Nc3mCnxE0GU8km-3mmuAA,108.18963878414104,© Google,OK,7_5,184587.25350396146,8251302.276813636,679a43a06f9a80ff0e6b18ac79ff9b77c29651e1,cardinal,4,0,0_deg_north,cardinal,0,0,90,640,640,4,batch_0004,265,817
3e571cca1f5fe23e0ec2cb7c29a978d6dccde962,3b13f8e928ab776bf8d773588b9ffc831529cf84,-16.049586598297193,-47.61676349811327,-16.04958119840997,-47.61674422037708,2024-09,2024,LvlaqXCICkCTILGz5yALmQ,289.3784638560566,© Google,OK,14_0,220014.49266630184,8223811.089323407,b8c61b3e3d0db6abb682607131260d7f0e85253d,cardinal,4,0,0_deg_north,cardinal,0,0,90,640,640,4,batch_0004,269,818
402309b21b6bf0fc7fc9ab16023328eb92f0ba95,d6edeb5cd6efddfc3f2dd2069964e907f4498b9d,-15.92912405001016,-47.602132849996195,-15.92915354864583,-47.60219413206809,2024-09,2024,9gTC1iqfjY53QRX6Tfv5tQ,254.30830990742862,© Google,OK,14_2,221413.8868713106,8237167.450963131,45ee5b3cf76af66a5af877664a31c9df078d1030,cardinal,4,0,0_deg_north,cardinal,0,0,90,640,640,4,batch_0004,273,819
406d0316cb686f8e576b47ded4e5d97046281a82,660dd362c7ac69b6c58340f8d689814ce0b83cf2,-15.718199347984195,-47.49249948517661,-15.7181834480224,-47.49249343764416,2025-07,2025,E53zpue1fD4NiE-YqdVFzw,295.655835598984,© Google,OK,16_7,232880.6264863084,8260660.7088445835,1396885e9dcd0d0cb3519b2ab2b40b867d810761,cardinal,4,0,0_deg_north,cardinal,0,0,90,640,640,4,batch_0004,277,820
419010d1e27b523e98db003428718101ce6c7697,2420cb8d4d803ffc998b01e50aa6defbb5328d3c,-15.661805450002145,-47.79304415002251,-15.66182385002308,-47.79304215571819,2024-07,2024,jJuF0Zj-xWJbreRauGEOag,334.032494860952,© Google,OK,10_8,200568.34051644447,8266501.860838175,54347cba31dec2fe0139bc0586142761700b16bb,cardinal,4,0,0_deg_north,cardinal,0,0,90,640,640,4,batch_0004,281,821
42caf162bf306f52d8d87bfe4ea40e1b9cc7c3ce,94f964b8c8d2b55ab195e7ba0c983db5a068a666,-16.01871170000822,-48.07243600001683,-16.01874705475952,-48.07240605685223,2025-05,2025,16kMFQneNzG6MyuGkVFeSQ,124.17847826703544,© Google,OK,4_0,171171.34075478348,8226560.20802978,f31dbd01f04371ea4a06d97c1368bd4127aceee8,cardinal,4,0,0_deg_north,cardinal,0,0,90,640,640,4,batch_0004,285,822
431a1a313f7283819b2bc601f6f238ee5506b048,41fe6ec531e5fd058944ca5488c9c938c159dcd4,-15.600243200002245,-47.67591255001424,-15.6002006693777,-47.67591190599094,2024-07,2024,N9-y1S8lwfXgbKG38XXprQ,148.6519741503453,© Google,OK,12_10,213047.76964494135,8273479.713618545,d11467ed708b8f40945c85f85ebd80d38ba75bb8,cardinal,4,0,0_deg_north,cardinal,0,0,90,640,640,4,batch_0004,289,823
436bc107b3ad3c62dc8ec250795ffdd5fb6d1e27,7b2e497191cb1bfef769cac8d4f9679d6d9287a9,-15.974716348141298,-48.189282024972194,-15.97473515657234,-48.18921588891553,2025-05,2025,oToOW8kZUdLk9a0Q0-1cXA,65.21893830752599,© Google,OK,1_1,158580.19198198483,8231244.245202485,f57a2870375d4a52300f69defdb2151c76d5c20f,cardinal,4,0,0_deg_north,cardinal,0,0,90,640,640,4,batch_0004,293,824
45cb73f250d2cd6cd33383a1ebe05ebf4baf76e8,f1d40ac828a5d87e5318d63e2d124c35672f6c87,-15.873580900032373,-48.06071249998437,-15.87359212178192,-48.06074739945615,2025-06,2025,XkC6NRvyXfUJjNbe_RlHjg,250.22172063216027,© Google,OK,4_4,172190.95487509758,8242651.848765097,13959fa9a0ed797daf90ff089ef6c85792e38e46,cardinal,4,0,0_deg_north,cardinal,0,0,90,640,640,4,batch_0004,297,825
46bef71e608eeeff7e09a415e211eaa935934c6f,d08cdc9031223601627d2b94df69848fde0c7f12,-16.008515264885283,-48.05001849606852,-16.008503647405,-48.050051118867,2025-05,2025,V4yUzAYSxEEynNFOqxWuRQ,123.3212602384202,© Google,OK,4_1,173555.92632891808,8227724.883996592,caf184e1b5ee449c17d238daea856cd6bb146d38,cardinal,4,0,0_deg_north,cardinal,0,0,90,640,640,4,batch_0004,301,826
478d7c94723503ea6b5c2c0175d5a90d131d4651,9904f500f31d3bd2fd8eb93276892cf499851983,-16.049823230641696,-47.92191602836852,-16.04983444225555,-47.92196293450944,2025-02,2025,STosHsmfoYIxEL8h0nMh6w,269.3534207727656,© Google,OK,7_0,187341.60422891902,8223347.927956645,46b4b0e0c522dee9ab458e61114c6315489c8e07,cardinal,4,0,0_deg_north,cardinal,0,0,90,640,640,4,batch_0004,305,827
48bfa2d209bcc8a1c1d4741c54b1e8ba859b6e18,ee85439f645510ef7a0aeae498f3be91c5e586d3,-15.858013972447688,-47.84386404974708,-15.85815373939948,-47.84391140690769,2024-12,2024,W6bCXo_9FiL8ykEb1v2JQg,247.45842707391282,© Google,OK,9_4,195409.45240516908,8244703.427191557,f4cbc3ebb67fb49c69b5b62ffb51d38f8bea429d,cardinal,4,0,0_deg_north,cardinal,0,0,90,640,640,4,batch_0004,309,828
49b3562259297c4f9384e0e108dcd72b1309d720,9f9de75ddad20e47fd495d1bee6ec8cc5f00631e,-15.809150750074481,-48.129651749964204,-15.80916057470731,-48.12964174505783,2024-07,2024,y7F8iE46BYYaEiWIxb11Kw,70.10679061762595,© Google,OK,3_5,164694.67895485763,8249678.468528497,b7209b2bf7acc108a201cc843a4dc505d134163c,cardinal,4,0,0_deg_north,cardinal,0,0,90,640,640,4,batch_0004,313,829
4ab4fcd66143ece4f0747898c84ee23be216af4d,c9f5e12c82f87b3467dc3dd201f089694e37db60,-15.878780196995637,-47.616560351033776,-15.87881492714457,-47.61655974897791,2024-09,2024,oevD39UcVyIOUeMBwZTi1w,343.94992011803464,© Google,OK,14_4,219798.55383383192,8242721.798161947,9cd0fc6ff2a6ebd4e63e7492142851d5d81db273,cardinal,4,0,0_deg_north,cardinal,0,0,90,640,640,4,batch_0004,317,830
4ae29e5c66e80697d11f55fc9b5047654b4039b6,1fb697fdddd3a290134033ec55182dede09a180b,-15.731112168197724,-48.15506110179496,-15.7311369138309,-48.15506753024061,2026-02,2026,DB9_FBtewEEgBJUTju3VzA,269.6326699100737,© Google,OK,2_7,161840.52862666032,8258280.966050867,21288b30ecbc803e2bef9e00d858d4a097f788ab,cardinal,4,0,0_deg_north,cardinal,0,0,90,640,640,4,batch_0004,321,831
4b4da345f1fb75b1d97b5440bbb9c16f36f97772,918e2b66d218e0a41532248cf1ba4d46ad31796b,-16.04977911543768,-47.45643781378742,-16.04976818790755,-47.45643760851758,2024-10,2024,7TLHZqQbFBoZx4-BnABCGQ,269.5352647242003,© Google,OK,17_0,237178.35242650387,8223999.997368929,15ce720a7e8679873e650cd3f4b3dadea227aa55,cardinal,4,0,0_deg_north,cardinal,0,0,90,640,640,4,batch_0004,325,832
4b63e068eddbe2ebaded70db68ba4a8edf0c2bad,eb46e2a1d74fe281020c84a4a86e373a4d1ea98e,-15.862469080478103,-47.621267015637656,-15.86248008951003,-47.62127628099556,2024-09,2024,CHqo9z7pyKESI7oNH9IYWQ,174.72400640708832,© Google,OK,14_4,219271.6180911541,8244521.327388142,ad619fb7836663cd85b5c9ab26db0940b574b182,cardinal,4,0,0_deg_north,cardinal,0,0,90,640,640,4,batch_0004,329,833
4b6f95a1bdfc4126f7f1b38645fa865c6e17530e,86c05ec9321f89b5881271171ba31c4d39b951a5,-15.935010000000288,-47.59791840042502,-15.93500687582951,-47.59793027127038,2024-09,2024,V961qlss2uUVx1Ij8Yiugw,345.92858192082224,© Google,OK,14_2,221873.46963164807,8236521.438044842,4f66c549f538302067aef83cfcbcdcf70038b389,cardinal,4,0,0_deg_north,cardinal,0,0,90,640,640,4,batch_0004,333,834
4b8508a4b803abf4523e7bbc61a55057c675f1ed,18af43444f261bc15d340224df2a4044e9d04e2f,-15.868326350008715,-48.03725314999095,-15.86833254616839,-48.03726033903292,2025-07,2025,XJ68uKxbtOMs6Rx7W-XlDg,235.06422445787433,© Google,OK,5_4,174697.08281473356,8243270.4056337895,3ef8ebce9dbd9ad6961aa257fb4a7fc6c102f964,cardinal,4,0,0_deg_north,cardinal,0,0,90,640,640,4,batch_0004,337,835
4bd7aab6185c77886c2edc64ea6d7529dc59c0ec,87943571eefae38dcf0213da22d89a743a6b0ba3,-15.61598100000613,-47.682584999967844,-15.6159928856625,-47.68259473668159,2024-07,2024,THbV3LQ8B_RlVKuJ8RR9uw,188.34241812759106,© Google,OK,12_9,212353.76350374715,8271728.294442836,c8a7271a6538271eaa98b8ddb5a8e97db614c381,cardinal,4,0,0_deg_north,cardinal,0,0,90,640,640,4,batch_0004,341,836
4d13690225f2474f38c40decc5da846da9fb7fb9,c751dd2d2129d45f475620f4673ac752d21003fc,-15.830532550008959,-48.12424469999114,-15.83050618292535,-48.1242151735627,2024-07,2024,vk9HJII8d3rPFvth82NGnA,236.04777577782775,© Google,OK,3_4,165309.71158080548,8247318.98514633,596e250c09f07a058d4c641cab013a9133ee81fc,cardinal,4,0,0_deg_north,cardinal,0,0,90,640,640,4,batch_0004,345,837
4dd1a196f41caa1a982171114624c75b572126c8,3603dd8f64585e41d0fd04a05cdb7a0d5611bd12,-16.049702368026793,-47.48326620279389,-16.04968266258427,-47.48325178248407,2024-10,2024,U7G8WhjcLbMZIPHHDeIE0A,89.43567861915359,© Google,OK,17_0,234306.27552846246,8223974.244058518,814380c5cae5e1869bdaa8ab065816b446538685,cardinal,4,0,0_deg_north,cardinal,0,0,90,640,640,4,batch_0004,349,838
4e55f7a4e90eac599e70021b2f67bf6ec5c15711,5cc192c645be309a92fe6f1d995ee38bfba7e64f,-15.662932082518406,-47.373974369552776,-15.66292571482217,-47.37399256869738,2024-12,2024,YodEu5BWQyhl13sNCMkECg,224.4244868060607,© Google,OK,19_8,245520.68887592468,8266924.704625329,aa5f1159284a3766fac3268cd9e226564733f01b,cardinal,4,0,0_deg_north,cardinal,0,0,90,640,640,4,batch_0004,353,839
4ede448d9fb3be95aded3a16fc08505f5cd3fd34,ab65869c37a158519c80b3409a8ab49de580d2d5,-15.519321188414983,-47.53090337472155,-15.5193358215393,-47.53090607101794,2025-07,2025,z5Kkb1oCxDaJqqb9WtFMhg,273.2345853016689,© Google,OK,15_12,228500.61474429598,8282628.280219284,2a2010ba4b7ea6f668a8fa39040c7187b1c0e529,cardinal,4,0,0_deg_north,cardinal,0,0,90,640,640,4,batch_0004,357,840
4ef495ab1250acceb88168c57381ee2b2750c020,973a1a34a75719f71952a9f16c873b3f7fc481e6,-15.932935400045887,-48.10603690011208,-15.93293779768867,-48.1060398469664,2024-06,2024,zuFlryPwIvvsi8RARu1AMw,128.19403923110025,© Google,OK,3_2,167430.3133932662,8236006.60015586,736400bc5d991ffff397286ba4643ad0f6e161a5,cardinal,4,0,0_deg_north,cardinal,0,0,90,640,640,4,batch_0004,361,841
4f43dd1ccc021b29927a0a6c85c3ee21d250b069,d71612490b7e6fb992e58f0d6798d3801e625cc1,-16.0071234000915,-47.98996434998174,-16.00712363449673,-47.98993362783117,2025-01,2025,3X8ov69jpdW0drvlUXLOZg,78.54747543184385,© Google,OK,6_1,179986.34673635536,8227972.616882725,54b4a296f28c0493f786a3fc14ded321c18f4649,cardinal,4,0,0_deg_north,cardinal,0,0,90,640,640,4,batch_0004,365,842
4fe6b552927b8295c425853589d26e33e675625a,82c4a0825217c880e6bc1d3bf877fb8448e50062,-15.887033550102675,-48.14430669992439,-15.88698677169584,-48.14428176117691,2024-06,2024,xcRncS_7UmjvR6N3tNSzWQ,62.86628032925938,© Google,OK,2_3,163252.63108276005,8241029.042391835,cbb73633a095030a7fc97d2e02869194d925316d,cardinal,4,0,0_deg_north,cardinal,0,0,90,640,640,4,batch_0004,369,843
50b843e6c8870e78d36b65be9955d3447d650c71,bc0475e88ba79fda0ef35f3a158dc0fe7ffe75fb,-16.041591950019374,-48.02873895000259,-16.04155217806902,-48.02874790047487,2025-02,2025,vrhhFjdK-HhMCWDkJheWkw,87.8226934847589,© Google,OK,5_0,175888.80480674186,8224095.128762294,51112a6008989da3a68261320ada4e8233a26b8a,cardinal,4,0,0_deg_north,cardinal,0,0,90,640,640,4,batch_0004,373,844
52a7548bf45543001aa452fc26514449e98240f7,daced1c72cab356316035d6231df5a040db93828,-15.675558993834013,-47.824374023693196,-15.67562234187926,-47.82427206793998,2024-07,2024,OLo0CrTHOCVK0EraaP_pLQ,309.350445399734,© Google,OK,9_8,197227.5468615315,8264934.460424337,208b1ceb7481d61b474e9de56897f05457b74176,cardinal,4,0,0_deg_north,cardinal,0,0,90,640,640,4,batch_0004,377,845
530beeb1cde379f7c12424d72f4ab93a3a1cad4d,a8593f5919cad2f57aef5568feddd9a5432e591d,-15.901454504026287,-47.77002407901546,-15.90144709680961,-47.7700394179169,2025-01,2025,moS9hqNaGpPAp_XVsivBVQ,219.99024306030256,© Google,OK,10_3,203387.07123148238,8239999.5498368265,62595c1c3fe33c7375ff361f2b92940e2c86e7c6,cardinal,4,0,0_deg_north,cardinal,0,0,90,640,640,4,batch_0004,381,846
5378fa185f6ff5e62194bcbf474529feca849522,71d5961b808b57eaecbd6848ced661f6940cb6a5,-15.523460808430068,-47.600681647104494,-15.52351311156524,-47.60067294621555,2025-07,2025,HjpAk1I_Xk28zVGSxbrq4Q,255.04775108532772,© Google,OK,14_11,221016.43428517441,8282080.188982796,3b794a8ebe4da6d2854831b7c394f8b9e538d9ee,cardinal,4,0,0_deg_north,cardinal,0,0,90,640,640,4,batch_0004,385,847
53bd9086ac362408eeb193345b45b0e01233e0b4,fe9261c815c50744c5f69f77f05ce60d0feae1c8,-15.987528301138255,-48.04521159843103,-15.98748231588493,-48.04518914630135,2025-05,2025,GTZEVBZlm06r_YBSk8iyHQ,226.92124308835764,© Google,OK,5_1,174036.74500988817,8230056.70675556,21e1a744e2e28f0a9f4847d49c7bb560d94e5053,cardinal,4,0,0_deg_north,cardinal,0,0,90,640,640,4,batch_0004,389,848
5431a6aac3c59a83f34730b553ee72901a71a796,be5284b9b2f8885b4c8ed4fbbc88009fb2c8f18f,-15.72571695365905,-48.18650148772076,-15.7256931864687,-48.18646093969325,2026-02,2026,Ygpi6dKLkDGm8DpEsMDTuw,179.78668945264153,© Google,OK,1_7,158458.75857549495,8258827.875251646,a5944fdd839884a87a1caf169a8efb7c7237d234,cardinal,4,0,0_deg_north,cardinal,0,0,90,640,640,4,batch_0004,393,849
54e036ab19d06d45217c55d7f7316e18c0323c11,34e9f74542c9e1af5e485778f25edc389d009748,-16.00690175730398,-47.50939366100063,-16.00686811488182,-47.50939151326539,2024-10,2024,CggYJOWIUxxA0xm_J13iXQ,277.96008120314605,© Google,OK,16_1,231451.94948074667,8228678.785001608,24905961a7dc1dba3153a7bd30b0ea8aa68fe2fd,cardinal,4,0,0_deg_north,cardinal,0,0,90,640,640,4,batch_0004,397,850
57cadb5f4c2936743f48b062931a57413878bf3a,a30f51db569f6cdc4827c6053c78228188370f7f,-15.795454200025722,-47.9430325499067,-15.79548984483661,-47.94305932445072,2024-06,2024,QXEaCO5JscTrMvzyGhYAOQ,196.50048111272443,© Google,OK,7_5,184683.0561999978,8251484.3548516,1b573d37428c56521b492503bd906a919ad986de,cardinal,4,0,0_deg_north,cardinal,0,0,90,640,640,4,batch_0004,401,851
59099ba7cb35775b5a789d7d3fa36ecf14d05c92,ead9c5f184540ae6acb328e5caf0c7a457b93786,-15.77930614495404,-48.234126286541965,-15.77934213323124,-48.23415802518002,2024-08,2024,6LOB6LrAi24T7nsSH3tETw,12.338418403240347,© Google,OK,0_6,153440.58612519837,8252814.487399533,bce4e6d3fd825154c087030474ff122cdf96d1f7,cardinal,4,0,0_deg_north,cardinal,0,0,90,640,640,4,batch_0004,405,852
5ab7535145c67f4b4444ba252a5bfe19a3241d76,154e08d93580a246db6de148faee93db7e89dfca,-15.78609672281125,-48.00121357051716,-15.78611680091573,-48.00121892900921,2025-02,2025,IrOmJ2JrUxcgh7atVPDwqg,267.64991450961236,© Google,OK,5_5,178429.9033150007,8252432.458680194,5ef5411441f88fb66c781640a0dee65cc252ed75,cardinal,4,0,0_deg_north,cardinal,0,0,90,640,640,4,batch_0004,409,853
5b24d4f434c6682093bac593ad7d07d074b235f9,6f124c236c4ac13d594752b28bd3d78f6e9d9be4,-16.011723050018762,-48.007132000080254,-16.01169368330171,-48.0071525943361,2025-01,2025,wjtQjJEVvLcKseR_PuGl1w,140.62655659113955,© Google,OK,5_0,178154.8491931188,8227436.667488537,76ddc49b7c8d4ec7f57c850d6e4bdb4ccf3e735a,cardinal,4,0,0_deg_north,cardinal,0,0,90,640,640,4,batch_0004,413,854
5ce1af821fa340fdd59589af7c92d5dc635c2e32,8cb17707bce7cbbd73abb8f9ca8bf7123ebf4960,-16.02039366599872,-47.4181971983328,-16.02040050203055,-47.4182202239,2024-10,2024,STTgNTbPgYYep4nKpEyUOw,277.90795604358607,© Google,OK,18_0,241233.97320758714,8227301.107462165,9da35503ae7f0f634fba57cdeb887c46f22b4319,cardinal,4,0,0_deg_north,cardinal,0,0,90,640,640,4,batch_0004,417,855
5d1aabb77d2e648c7b7a8b0e75d31f7a649e1c94,cb2b0a91b92c614155a1b6567a4474f72edbe058,-15.610785200132588,-47.6330665500366,-15.61080954502262,-47.6330605654739,2024-09,2024,o6tWYMHJyXarVfcA9IBfrA,272.278937073071,© Google,OK,13_9,217659.62082174496,8272369.919192869,078355e8abeda275a40da2d58fe41bd945efedb6,cardinal,4,0,0_deg_north,cardinal,0,0,90,640,640,4,batch_0004,421,856
5e2ff8e6264e75f38511ce8c6980b20f6de61074,badc6b0f91ece6773eacb72524a4bc7b054c4fec,-15.989336829469883,-48.04058906119685,-15.98932964543547,-48.04055478879717,2025-05,2025,Iy-NJEaBi0xnWfz2C4FCjg,301.8258762804607,© Google,OK,5_1,174534.8749072831,8229863.667394746,627657216f946bb82099092c95e24ca03efb28ec,cardinal,4,0,0_deg_north,cardinal,0,0,90,640,640,4,batch_0004,425,857
6133d46818445f74ef879f88fa0b32324b4b86d2,aae31df81c072f7921cf286269e504590b744cf0,-15.891810255284096,-48.2441529216488,-15.89182414562361,-48.24414574214845,2025-05,2025,r9YmsD7bEo0g3vmtkkZVfg,49.96839550836466,© Google,OK,0_3,152557.92491896145,8240336.439579776,e950d3e4d7ee4262749c5b29bf4488732a9a5a0d,cardinal,4,0,0_deg_north,cardinal,0,0,90,640,640,4,batch_0004,429,858
625d2bb91770c42d8324a6149df2eff9e08d2c11,e0c656b62ca4bf25c1f60efa6a0a0ee5caea77bf,-15.932396950119267,-47.58241709943561,-15.93237845683479,-47.58242522684093,2024-09,2024,HyQbaaZ0ul9uQB1OC_tHHg,10.901897054564861,© Google,OK,14_2,223530.38163968784,8236831.351849858,7ac28357b60f2366974e46ccf20decf153d99b13,cardinal,4,0,0_deg_north,cardinal,0,0,90,640,640,4,batch_0004,433,859
6339cf051a11f88b9c09d095bb108bf9fe31b112,01614a36a45139e047a7cf289e58f2564c3946ef,-15.719574586842327,-47.91065320001839,-15.71961307365537,-47.91065899745354,2026-02,2026,jupjBvSFhLZ5wX0BtAC3PA,354.76368459531034,© Google,OK,7_7,188038.7395040717,8259935.166218798,e9723fafba6254ce98777d991d43cf9382dbc662,cardinal,4,0,0_deg_north,cardinal,0,0,90,640,640,4,batch_0004,437,860
647d7c233a44eb87b59ca247cf2813f4a2cd1181,5ea4d390028821445a625e12c38f883c398b5420,-15.921605700234013,-48.05394379990483,-15.92161257685833,-48.05397750045807,2025-07,2025,Raopw9kFJykfwwX459nq8A,252.4377597003167,© Google,OK,4_2,172994.21482679367,8237343.800117152,9320a70ab6c152293eb4a2664f6591820a80a132,cardinal,4,0,0_deg_north,cardinal,0,0,90,640,640,4,batch_0004,441,861
65cada50922c0e4fab9de549c674dcba8a079ac1,bc2bf8884540486e2e57a73744ce46434d578b98,-15.771045248135941,-47.866308083019995,-15.7710205929834,-47.86635300284372,2024-06,2024,eWrBd4hMJR6-tzEHaVczwg,15.342985083132097,© Google,OK,8_6,192872.4808138626,8254300.801642224,36c1329e11e9ebdc91d70f8305c1d0612dd8a813,cardinal,4,0,0_deg_north,cardinal,0,0,90,640,640,4,batch_0004,445,862
68768192a3a898a347a411f0f298399519e72872,4f94a2175e40c35bb6501a15e46cf1a954b742fc,-16.00850625000067,-47.55166605001706,-16.0084673511389,-47.55167166058889,2025-05,2025,mXeNODXv6Ho1M49RyrfhOQ,162.0870112975426,© Google,OK,15_1,226927.73056625607,8228445.991247589,e7d3abf4f4ceea3345d4c9382568a641c6b5ee96,cardinal,4,0,0_deg_north,cardinal,0,0,90,640,640,4,batch_0004,449,863
68f5ea5f8a54f4807c95fe6dbe0cb230db3df8ab,dc9aa6a9c26cd75799308d90c643a423450fcee7,-15.66537835005905,-48.202198250025916,-15.66539295843931,-48.20220186768914,2024-08,2024,BYgmRt45tjqCxA5AgWVl7w,275.3285209695092,© Google,OK,1_8,156673.66706295134,8265485.502550457,95bf78b4fd2f6d828ae93e2db81a85fa84ea6dcb,cardinal,4,0,0_deg_north,cardinal,0,0,90,640,640,4,batch_0004,453,864
69262b4b971a3b56a03534dd784a0b2a7b89d916,1d341bd1b610b2f7265f657019b2f088203bd51e,-15.982749271958404,-47.92921454327272,-15.98277499861589,-47.92924600959357,2025-05,2025,MAbas_3X6Trmn8ukll3fuw,69.32756252045918,© Google,OK,7_1,186455.1842279645,8230764.525666363,e579d1ebdf0439dd47266ac8d8c73939e4a75fd8,cardinal,4,0,0_deg_north,cardinal,0,0,90,640,640,4,batch_0004,457,865
69967f997f54c146d8abfd77b538009f5e37b563,d98a6739e37e35ca77db3ff8fefd13c992915920,-16.013809900084397,-48.002518749917016,-16.01385542201164,-48.00254479750313,2025-01,2025,iWd2S91kxtXx54xttY0aDQ,56.641314974068806,© Google,OK,5_0,178652.32303506046,8227212.715421296,bfce8696db8cf9cd6885474a1c9f163a8de306f4,cardinal,4,0,0_deg_north,cardinal,0,0,90,640,640,4,batch_0004,461,866
69ebf8cfd00bb6427622cc0c315a8fd7e8acea11,958daf5770def3fc6d652bfb65d7c454d2a9146e,-16.04972337342984,-47.473064303616724,-16.04967931103261,-47.47305944046375,2024-10,2024,g3uxotOHbnlGnZMvxiCakg,89.43840335581528,© Google,OK,17_0,235398.42132459162,8223984.986504123,f9d7ac500e4c4ac7e67a3d5610eea7f4eb967d55,cardinal,4,0,0_deg_north,cardinal,0,0,90,640,640,4,batch_0004,465,867
69fb85d82f07e983272c6a113f334b7313567617,c0da02113c0367fbe74c3e003b2667774307a7e4,-15.946113995132066,-48.23425552103723,-15.94613544462941,-48.23421367530246,2025-05,2025,_6-yNrkbHIZSmIDfnf_MUA,154.65291826178026,© Google,OK,0_2,153712.1087438246,8234337.95654285,2a4ae36e45ef2782d3a5181cb6cfa10991404d36,cardinal,4,0,0_deg_north,cardinal,0,0,90,640,640,4,batch_0004,469,868
6acb70311a414a92b1d0770ee088d2cf0f9b188c,8d4c3603e1cc6f7c7f7c5a28b4aaadf1e8553cd6,-15.64228850001064,-47.77917690010297,-15.64225932154001,-47.77918244923492,2024-07,2024,509Zsmipilhj5KE4SzZxFQ,153.29831482740738,© Google,OK,10_9,202027.69912852085,8268682.378637096,db6ca9343a2faa7317ac22e2fe58ee3e91bf39c8,cardinal,4,0,0_deg_north,cardinal,0,0,90,640,640,4,batch_0004,473,869
6b985ec2337997275c78577a1efee13f607aaca5,8045a31108d606e8720b7c9da6a297d251e18519,-16.037405750285263,-47.98941115005177,-16.03740305547766,-47.98938984240034,2025-02,2025,Qg4Ix-fg72l-oUjoW0JIuA,269.1819044370025,© Google,OK,6_0,180093.94015616653,8224619.904575616,02771184f5a3178a6df07ef6490cdc2bb1d3f6af,cardinal,4,0,0_deg_north,cardinal,0,0,90,640,640,4,batch_0004,477,870
6cceb374da33390386a7e0b78d8955dcf808a48e,99393a8da5ce0d0089ffdf1cdc4e70533318979d,-15.907292837114023,-47.515625310811586,-15.90729507863044,-47.51566780076345,2024-09,2024,0nT4uAC6MvrdBkzpHjkeBQ,246.52929235276997,© Google,OK,16_3,230651.4995533055,8239697.931796372,9ac9f7c8f8e65b8b2f792cfc879dbeaa2206e642,cardinal,4,0,0_deg_north,cardinal,0,0,90,640,640,4,batch_0004,481,871
6e5afee2e541847fa904d8e0ebeffa2b4d88fde3,5c903bfc096ee6b76c278fb9e80b045a6722f9a1,-15.580713081224296,-47.415541200376936,-15.58067417500882,-47.41555416616477,2024-08,2024,GhIgdJvPf1U5iGxhdtzhrg,264.523299527713,© Google,OK,18_10,240959.27310484275,8275975.621919464,5c716feb497f43742f3f1432c62f16c5819e754c,cardinal,4,0,0_deg_north,cardinal,0,0,90,640,640,4,batch_0004,485,872
6e8d9534a2b2fb8ea0f29dc8bba5c20bfbeb4efd,2d4786f0ad0ed357ab1ce2196c934b5e3d8a7cfd,-15.67898575004516,-47.693147350131746,-15.67902298480994,-47.69312623294677,2025-07,2025,wHjwc-iB-8JXhiEWvIjS8g,313.78312799406547,© Google,OK,12_8,211308.97738290898,8264738.33655151,29b37c731515c3af12c59f890b94c105d18e8cca,cardinal,4,0,0_deg_north,cardinal,0,0,90,640,640,4,batch_0004,489,873
7047c7e90d2268154c85930b074f5797df0c3ec7,4339daae61d8c030264a97e5e19239248b4b7a09,-15.953277142789746,-47.86410778702524,-15.95330479527737,-47.86414604297873,2025-05,2025,LdqVwVs5CPjU78_93RRmsg,48.19838536773871,© Google,OK,8_2,193384.34893876384,8234125.208679088,b32a0b84eb023b0eac610464f3193b9e2a45a6e6,cardinal,4,0,0_deg_north,cardinal,0,0,90,640,640,4,batch_0004,493,874
723a78728a818d2def4357979fc6372531cf9969,fe04927c4ac2ab52f2438183c9956f9b38568e3d,-15.964477907412109,-47.879192912860816,-15.96445478665808,-47.87916601762629,2025-05,2025,T95-Easn-0vCCiaAPbGJ8w,242.58668970760985,© Google,OK,8_2,191785.41009852145,8232862.627876579,3dda70b331bc795c205ec720026d483253277840,cardinal,4,0,0_deg_north,cardinal,0,0,90,640,640,4,batch_0004,497,875
77fd5fe2fc8bef71c1ccea8b6d2ead63686f8543,98091a18071f1e63b87c470225f33151356421ed,-15.983810409510925,-47.82061390052557,-15.9838121588924,-47.82059801402323,2025-01,2025,GUWK8QBXrGX-5TT0UPVrug,271.7079652798342,© Google,OK,9_1,198089.6334318295,8230807.884782547,7d5cd07a5acdcfdca45b37de1e276800eddfeed8,cardinal,4,0,0_deg_north,cardinal,0,0,90,640,640,4,batch_0004,501,876
7a76d629aa945756f3f72d460c7c1ff241b5a540,0c868103096aace9f1182ac9946daa86481b9992,-15.72844910083118,-47.603008800036584,-15.72846070642733,-47.60297631259282,2025-07,2025,ThKk1kwPyNQvY08A076NFA,86.08416202580365,© Google,OK,14_7,221044.5493204748,8259383.116387704,16d7f8649ebcb7115c9662673524b906da1d5736,cardinal,4,0,0_deg_north,cardinal,0,0,90,640,640,4,batch_0004,505,877
7a9f3efda24926099ce1ad5712ac13102dad3b13,c0dbd3f9612683c9908e4cd9627a8cefe8dc7a99,-15.643542358662193,-47.75940359569176,-15.64355578396767,-47.75943766470324,2025-07,2025,GG0Iwj3z8uRdialyt5umrQ,64.38525924204501,© Google,OK,11_9,204150.93454525372,8268571.218526491,1003bba27418b28031839e534213ad18f054ac49,cardinal,4,0,0_deg_north,cardinal,0,0,90,640,640,4,batch_0004,509,878
7be95124f3bfeae63c7eb854ac59d12f17c6fa9a,c6aefdbb8fb80fa02bac82f4e8dcb6262254dd09,-15.793266541466112,-47.874962689121546,-15.79325348156678,-47.87496500891521,2024-06,2024,R4pReTQYhCfp6EY9dIfJ_A,7.954401178698004,© Google,OK,8_5,191978.07406971115,8251827.5511360355,d76e6536cea6331ccb94f95f557ccf362d5c613c,cardinal,4,0,0_deg_north,cardinal,0,0,90,640,640,4,batch_0004,513,879
7bef930fd529a27580aba5d1b4de73f186585902,e790419927881cf67f3e7cc8aaa11770d7df34f5,-15.763202650454371,-47.49513860160582,-15.76321998508717,-47.4951248729224,2025-07,2025,nGpkNeOFBzXhwpXlCvmxrA,139.00800258112258,© Google,OK,16_6,232656.53530951368,8255675.419510734,14c30d6a72965c51a109f1951448e3f2170abbcc,cardinal,4,0,0_deg_north,cardinal,0,0,90,640,640,4,batch_0004,517,880
7c5a03c70113a7eb71162b5fbe8bd5f21cfecce8,b8516dd95d6ff4ac298c872d56177448c7a8b613,-15.859398000248511,-47.93318101279452,-15.85939031619084,-47.93317609648611,2025-01,2025,GP-HAvv1WkOaVztfwUiXWQ,289.561719374439,© Google,OK,7_4,185838.30024588597,8244418.169085978,bf619210aacbbadb57f952770e0285f112453f90,cardinal,4,0,0_deg_north,cardinal,0,0,90,640,640,4,batch_0004,521,881
7c6ca01763391814cb58ddb3995ccf952275f3fe,1fa3304c4509e6a1daf6b090da0d4e0589288f67,-16.007838460526813,-48.00239741523597,-16.00786446695425,-48.00240728786898,2025-01,2025,UAS1St48S4yfdeHs5Ui9qQ,66.97713525584078,© Google,OK,5_1,178655.75218109373,8227874.206243568,d931a61079327091989357744be58f8a115ddb56,cardinal,4,0,0_deg_north,cardinal,0,0,90,640,640,4,batch_0004,525,882
7ca423892199c99941d24261a84447c2a4c57ac5,d1627f55839868d383cadf89639622d977abc9f1,-15.976433950012753,-48.041610850099694,-15.97644433339747,-48.04160481884175,2024-08,2024,FLKknxQPsCjV7jN0EQ-Pdg,149.6610006721984,© Google,OK,5_1,174404.50717600484,8231291.026973423,883430aa45497cb482858d3839602916f049f6ec,cardinal,4,0,0_deg_north,cardinal,0,0,90,640,640,4,batch_0004,529,883
7cd37dd0d4383814be4434fbf16de0735341c334,fc9b09942e848d6fe8822d58180796b3fa8dbdde,-15.913478500850548,-47.46419887565533,-15.91348146346054,-47.46420727871926,2024-09,2024,7D4nneQ1iO1aoVoWft7dLA,76.48760314466112,© Google,OK,17_3,236168.75256798285,8239078.8329964215,ba803299890a29d5c6d208187e3e3e8ea8fb9047,cardinal,4,0,0_deg_north,cardinal,0,0,90,640,640,4,batch_0004,533,884
7d71f86955123df78653159b4303e9a34af3f2f8,d204962e5226f4d768412389066564de38bdeb78,-15.929287948255237,-47.7560951751019,-15.92917676190123,-47.75593205981527,2025-01,2025,xW5j9DJn6V8GuiJNwH-rIA,311.2986750694043,© Google,OK,11_2,204920.24222740627,8236937.48003234,bd2161ddda14dbce01cf2d36da0e40c5e60a70b2,cardinal,4,0,0_deg_north,cardinal,0,0,90,640,640,4,batch_0004,537,885
7db627fbc7e70a2f0a42110ee7c9646ec2c79f5a,120244e6628841d22a5111524067ab7efe776150,-15.924093466224134,-48.05635358189069,-15.9240788004529,-48.05634613431207,2025-07,2025,0pC4Zp_a6foPFJ6YQgif9A,71.82699340180274,© Google,OK,4_2,172740.0102052821,8237064.503096102,ebef918523dc47715741835e3ff0048121a77a7c,cardinal,4,0,0_deg_north,cardinal,0,0,90,640,640,4,batch_0004,541,886
7e1fbd26e1598d55d5da140200487e96ef13e65f,b846331df1a2bad2addf64da5c56e2322b8dc5ca,-15.700032841219048,-47.45613537099613,-15.70001228720268,-47.45615059953261,2025-07,2025,pxNLB76QENTxefd_fknNmQ,110.4299875955292,© Google,OK,17_8,236756.4535033436,8262717.365575727,a4ea82fac1273615e35a8a6d693d991206a839bc,cardinal,4,0,0_deg_north,cardinal,0,0,90,640,640,4,batch_0004,545,887
7ec7bd06c238036fe8b9b0d2c115662cb5dcbaee,235f69990fc615ef255ea9f0f6225dee8ca81b0a,-15.889231007953757,-48.12393335950686,-15.88922169418701,-48.12395756551162,2025-03,2025,YKaDoo4-DM2VyZfSD6w5yg,332.4999105950356,© Google,OK,3_3,165440.05894960903,8240818.397885031,f6201adca2395f1253155209b33327e485fd887b,cardinal,4,0,0_deg_north,cardinal,0,0,90,640,640,4,batch_0004,549,888
7f55f1d9ab132c310c40aafb9be5c6b401d12d3f,828ea70e3c546348788d646f4cd38521f452bcf4,-15.679459550253132,-48.20072680007691,-15.67948254947474,-48.20068322322407,2024-08,2024,thBpeveq5VWai9dYaS4TCw,91.90832073858952,© Google,OK,1_8,156855.13190964286,8263928.258912971,8007ba5bbd7979cab5531595f74b4a1689ef3a2f,cardinal,4,0,0_deg_north,cardinal,0,0,90,640,640,4,batch_0004,553,889
7f96999e470893747ed1cb3687954b5c65366bdd,ea9787333c15b2cc57b89197f268ff084bbf472b,-15.87722610000605,-48.09943680001175,-15.87725987632808,-48.09940572920904,2025-06,2025,U29jstMkLRTDXPXWSlPRZg,122.80908137883851,© Google,OK,3_3,168046.0328572748,8242187.043502384,5f8d9a432a443f76eca8ea18ab697fe7ade055f4,cardinal,4,0,0_deg_north,cardinal,0,0,90,640,640,4,batch_0004,557,890
81634c99cc28941b5bcd5d4e0bbbca9e3429fb95,3d12bc7f2e75a252091e17f7db5deb2d7990ce80,-16.024178200133775,-48.02145144986672,-16.02421908475115,-48.02148064202,2025-02,2025,oLbd0RQq5CRRy7lHRafozQ,236.2602120320306,© Google,OK,5_0,176641.15753788917,8226035.031309515,188f381499d6ee81a327b86fecfed24be87894d5,cardinal,4,0,0_deg_north,cardinal,0,0,90,640,640,4,batch_0004,561,891
8202caddef493e078027289826c4c1d610718f96,713bb8552f6270f59de4ca0bd9e2683bb11396d4,-15.582012287852862,-47.73559989547278,-15.5820286015056,-47.73558711108147,2025-07,2025,XNFaXi1cGBNjs8E0qrX0MA,172.6520865486288,© Google,OK,11_10,206617.1131601366,8275416.8206716515,984daed23e576a67866f6ba03f3fef25bfb23f20,cardinal,4,0,0_deg_north,cardinal,0,0,90,640,640,4,batch_0004,565,892
83f9da15a471989b3ca0e22e556133a97c2de809,223d1b2bc054463aab124787021de7f580dc218d,-15.938648150000386,-47.59063200001008,-15.93871454543198,-47.59058764171364,2024-09,2024,0HTEAeQqHxvwcx2kjNBOeA,341.797642473269,© Google,OK,14_2,222658.99247895557,8236128.366075909,b0830e6388a2bac88db4f4b3189687b166cd94dc,cardinal,4,0,0_deg_north,cardinal,0,0,90,640,640,4,batch_0004,569,893
86c029b382c5c93dbf93d859eb086ec66493f477,f46936d18e20abef3c8d3c8ead42409d55ec3e75,-15.645579800033676,-47.825352299956855,-15.64561749938127,-47.82535304831923,2024-07,2024,uIMXQuB2FxzhvRgWa9SZ1A,229.548922376533,© Google,OK,9_9,197078.3800622681,8268252.559050184,52f624613dfdb8115815b2755e3a18fa590955cf,cardinal,4,0,0_deg_north,cardinal,0,0,90,640,640,4,batch_0004,573,894
87e1f377dadd5c4ae34aee40fad88b8a5ef25df2,54a9076ed2842e59b3958ebf12c61843078d0df8,-16.02061460000049,-47.80113709999425,-16.02063816277148,-47.80115428072433,2025-07,2025,L1XN55SFMBJeN94nDyY5Tw,358.444094407908,© Google,OK,10_0,200230.76656666235,8226760.858260768,5a7afd88836e891de4fa2368bbf1222957f529c8,cardinal,4,0,0_deg_north,cardinal,0,0,90,640,640,4,batch_0004,577,895
87e6eb68ceb44863b1191fe512efa0ddbd16a7c3,982b23f7d2d632bc75aa9f61fd2c36e150617ed4,-15.822513350015267,-47.98309075039724,-15.82248559488064,-47.98311241053143,2024-06,2024,ck1eUb8MFrbkT8rbtiYzuQ,158.60988159468494,© Google,OK,6_5,180430.45179596878,8248427.27652825,7355ba92838aefdfea9feb7a4335c544673cb42f,cardinal,4,0,0_deg_north,cardinal,0,0,90,640,640,4,batch_0004,581,896
88d7ded9648cf752e5cd267872cc4953fc923d02,5e3f3c28cef9b23d36d4fbc1be54b20befb99b16,-15.796864350005206,-47.6399326503595,-15.79686437076782,-47.63992304232816,2025-07,2025,6GvgygLGwFBczxut4OR14A,163.81295166307137,© Google,OK,13_5,217180.03312038502,8251759.528479706,b2f38b7afd5bc3635811c6e27e025023cb899e9b,cardinal,4,0,0_deg_north,cardinal,0,0,90,640,640,4,batch_0004,585,897
894f164999b395940d07c953add62d55f0daa295,89e4261c974e77e7fd0940a5097756bdd92d0563,-15.920810818017557,-48.17953619123874,-15.92077838898572,-48.17953746977056,2025-07,2025,7UA65ihIx5GiRPnzXkb6Pg,10.34644412368853,© Google,OK,2_2,159533.29161883384,8237230.7897504205,eca7570541b30ff856da857ad20a0048b031d6a5,cardinal,4,0,0_deg_north,cardinal,0,0,90,640,640,4,batch_0004,589,898
89da5d12f2a28ac78178060ea20c9940c266f749,06f5af8b44ee886901796ed941905f0477260c3d,-16.007695551343165,-48.002033332605215,-16.00771633634522,-48.00202477254176,2025-01,2025,LFv6L31x62F05ZIpVqkX8Q,67.34085319919252,© Google,OK,5_1,178694.5212332017,8227890.596651443,6361fcb9d71d7394cdabba07a19e4b2d465079f5,cardinal,4,0,0_deg_north,cardinal,0,0,90,640,640,4,batch_0004,593,899
8abb6f0a70465a2dde901c54ab5f41dc212d694a,900c88e745b0462fca3a922776d7863d2dfe56e9,-15.752887814306417,-47.662704739921814,-15.75277654200259,-47.66252978016045,2025-07,2025,9k_2kmsq5knLBIfVULGPLg,151.07754791778603,© Google,OK,13_6,214677.36599589116,8256597.6029849285,0f5013089fa391fec3c3c9e367a2ba01b2b88c18,cardinal,4,0,0_deg_north,cardinal,0,0,90,640,640,4,batch_0004,597,900
8b814901a1571fe40dbfb03dc59e51c1c46714cd,de8ee6a7b42f16de4a172e30ea1eb76cb137fa37,-15.584651017360677,-47.57166227567225,-15.58467442509649,-47.57162761471771,2025-07,2025,bhFMsDH558QnSSf-ysZ-Rw,309.43282608768413,© Google,OK,15_10,224212.83646939334,8275343.719449203,1887113f41290db75fd587828e134a51d0100d8e,cardinal,4,0,0_deg_north,cardinal,0,0,90,640,640,4,batch_0004,601,901
8d67fb839603e58f7052e27fa9854cdbcccfd4ae,b0768f96088f60d186f04f14caf11a1b28af6c3a,-15.76711719734656,-47.52051660579054,-15.76709323124604,-47.52049025697892,2025-07,2025,3CUoBc4E27_IbgfmLJkHSQ,351.9908515772135,© Google,OK,16_6,229941.0749517792,8255209.692635296,69f83c942ec31a940ea991357774ff80d936f255,cardinal,4,0,0_deg_north,cardinal,0,0,90,640,640,4,batch_0004,605,902
8dcb1737479b6d6dcb90c63da204b19dc42f4fbc,e94d97abf0371eb3341e26056b87725ed89613c8,-15.741045950013133,-47.85638695001847,-15.74106694125563,-47.85637351260321,2024-06,2024,8y-umJinBnU7iYQbIEGhmg,115.92054057552373,© Google,OK,8_7,193891.29025391155,8257637.075806417,d678b36945bd72a5b6984caf5cca75b1eb4778f8,cardinal,4,0,0_deg_north,cardinal,0,0,90,640,640,4,batch_0004,609,903
8e5e0c92b4fe28ab708e41e05e198f588b8c6127,1427c3cea1ea1e75c2f984c31825245c527aeb65,-15.928809000027762,-47.39753345006274,-15.92879751599422,-47.39765452324227,2024-10,2024,sEMyU6aDzi4ETiygTm4Srw,128.9423067366574,© Google,OK,18_2,243329.44062732538,8237464.923222173,4a5f6cd7b157a3d74a115f6ba597e67e29820172,cardinal,4,0,0_deg_north,cardinal,0,0,90,640,640,4,batch_0004,613,904
8f7d768f58a0b29fe6b4bd6e2491ef36cd158ee4,bab0fa9da2a97d4a60e7399e21190dcb6d22ce90,-15.596907890806424,-47.60887181389429,-15.59694606489767,-47.60885703231276,2025-07,2025,zmbbvhwZur8LXZ44V4Nq5A,72.57629916909556,© Google,OK,14_10,220236.71311556446,8273938.243233334,8fbf3560aa80a4ab12665683c3f308013ae9ff4d,cardinal,4,0,0_deg_north,cardinal,0,0,90,640,640,4,batch_0004,617,905
8f8729a215823d43913c15f379ce1b6c35cd5411,3dff7eb71e1954d20e03a433edee1f7cafea4534,-15.856315500224964,-47.99734704964789,-15.85634228536268,-47.99735271133501,2024-06,2024,dEBKKAc8kdxcmD1hs64J0Q,222.94052547205652,© Google,OK,6_4,178955.52451290507,8244662.170252877,a590bf28692763754207b2fc1b483ef36bdaea22,cardinal,4,0,0_deg_north,cardinal,0,0,90,640,640,4,batch_0004,621,906
8f9a35eb3b019503bd83602c87ce749e060076eb,dd44a266ef972bb8b632285c17a562ea3ab612d9,-15.936302417757092,-47.74987891156282,-15.93626459716783,-47.74989340056043,2025-01,2025,pqkA0ss3kOKmHXmAlS7goQ,54.39711408633907,© Google,OK,11_2,205596.46109389217,8236169.607873548,64b687e49b512f1b2efdb0b68dd91c807fce9d4b,cardinal,4,0,0_deg_north,cardinal,0,0,90,640,640,4,batch_0004,625,907
913a5084cd0eccce4da2076c71896f12c3c09b78,eefdbfa9fdc16be3a2afd5f6749f0ce84da2d8f3,-15.682752721015865,-47.836827315529426,-15.68277699514863,-47.83688640507597,2024-12,2024,w3YK5_sUgMroRlve9TncUQ,17.179237540454913,© Google,OK,9_8,195902.28669863797,8264120.067727753,c2f2ac341901e81a41be616eb3fb262d9c9e1c9d,cardinal,4,0,0_deg_north,cardinal,0,0,90,640,640,4,batch_0004,629,908
93724c9385d396ff6c6f913716ceb21bd2f9b87c,3ba1ec75a25b8e0fcd6e368a72ff43a400c44737,-15.603700050000564,-47.67217450001544,-15.60365803169608,-47.67217014598761,2025-07,2025,E66NCDa-cjbBTs1tpyyFJA,340.8932610686569,© Google,OK,12_10,213453.6752733727,8273102.0297049,e7e89537fd3cc124c5e4b3a4ba95dc73043858ba,cardinal,4,0,0_deg_north,cardinal,0,0,90,640,640,4,batch_0004,633,909
964db6c40ef015ff9f77f2bb72621c954e51a81b,2ca5fc225decad7cd38498b51c4f36a553e73cac,-15.802177798284418,-47.54368871891201,-15.80215604393664,-47.54365342399598,2025-07,2025,5cwIpWVI3IYyVGRY-ifG4A,353.5309183991116,© Google,OK,15_5,227503.8275005342,8251298.430236062,e9b30e91fcde36a8c5e822b7104ea8ad2c265e0a,cardinal,4,0,0_deg_north,cardinal,0,0,90,640,640,4,batch_0004,637,910
976f1ca5a1b029ac0cf13197cf7b36cef2e15e29,4adc75292c45f4a8ae3747ae563e68c1660a4322,-16.016066050100243,-47.38079670004823,-16.01605326413914,-47.38079242433739,2024-10,2024,ZtxQzV14X2Nk2gfUbJjNtw,98.12177583619938,© Google,OK,19_1,245232.60510698683,8227826.464280124,63a3934157d3e0256dd424235ee29d8bdd12ab4b,cardinal,4,0,0_deg_north,cardinal,0,0,90,640,640,4,batch_0004,641,911
97f4d032d6ce43d08d22de6984e0c7563d003f6b,973240a12997d654417a7853b61204bb2f7a41b9,-15.660094428091814,-47.59432745137294,-15.66011387001483,-47.59433335802176,2025-07,2025,Q9kNODyk27TIBu1JEPXdSg,101.77435613253405,© Google,OK,14_8,221882.6934825822,8266962.03496045,803ea8c1866fd77d87c333a8038c635a63559276,cardinal,4,0,0_deg_north,cardinal,0,0,90,640,640,4,batch_0004,645,912
9b018516251b9335fc525e883dd6ee4b9d9d1eb7,a6e235be692879c5c7d99fa67eb4308a18150359,-15.762897400245802,-47.738880771384224,-15.76292439885497,-47.73888946924929,2025-12,2025,P4UZmjcjvFk5nLobrXQ-XA,111.46530270558604,© Google,OK,11_6,206523.84208195037,8255384.729848714,49b71bc748434ac253ef12d0bd7f3c343fd349ae,cardinal,4,0,0_deg_north,cardinal,0,0,90,640,640,4,batch_0004,649,913
9c7f3c7409e244bd681f67be69bb1cb193b2763d,b874b8bac7ca72c7ea6ef800770c391af211b834,-15.939829700028794,-47.949266149979884,-15.93982180598053,-47.94926643882484,2024-12,2024,t4cVxqE6bWdsXNrzwwvguQ,244.3964674174551,© Google,OK,7_2,184239.89730265792,8235487.043884719,a35463ced308d1b7807e0dbaa5d967c9d08a8f6b,cardinal,4,0,0_deg_north,cardinal,0,0,90,640,640,4,batch_0004,653,914
9da76fc8ce4884aadb99856e30b26e7cbeb4fb7e,344951ddc7596879d787dee4f260206126fd4527,-16.013417650181466,-47.380975650488566,-16.01384439820436,-47.3807551433911,2024-10,2024,Z8x2jBY6G140fVLsXvKEbw,313.3544239905194,© Google,OK,19_1,245210.08330678055,8228119.412138874,b545a706095b1ebb3e5cd8e095d1756b350b1b09,cardinal,4,0,0_deg_north,cardinal,0,0,90,640,640,4,batch_0004,657,915
9e2b249df763ead72272f820128b1c6ea24f58b2,73697db7aa68df2fd0e2d8a07c1e2bf1a00eee2d,-15.841311200004178,-48.12949349999465,-15.84127519029368,-48.12947276738908,2026-01,2026,16Gi416PDCqJSyVk0azRlw,228.83818122934787,© Google,OK,3_4,164764.756629593,8246116.817219035,401dce0bb63cd8e4aee612bfff259e99710e575d,cardinal,4,0,0_deg_north,cardinal,0,0,90,640,640,4,batch_0004,661,916
9e684fdfd59da75f4579ae3801519672e7e1e2ed,2444b0d2d9532426da0c030925ec875957dec02a,-16.049642365072863,-47.57042755237133,-16.04960706549894,-47.57045673584283,2024-09,2024,65z1IUTQ5SCsvHbSjNpD2A,269.3320657416502,© Google,OK,15_0,224975.23408167023,8223867.040641827,172d23978101747c58ad9b3c27150604f0bde635,cardinal,4,0,0_deg_north,cardinal,0,0,90,640,640,4,batch_0004,665,917
9f0f45abde5d41a89b5c9ca3f756ee10d33d93b2,d83cfea09fd89bbddcacf69ff20391084b550278,-16.01010003902534,-48.04958650132526,-16.01008192781229,-48.04961348476942,2025-05,2025,R2zRIMso_4fBVTOrN0pA_w,211.0778411644124,© Google,OK,4_1,173604.77894876988,8227550.052755216,5f023d2f6f3720a6f542b2e87f74dd0ebec2945b,cardinal,4,0,0_deg_north,cardinal,0,0,90,640,640,4,batch_0004,669,918
a07dc35a93a8c523fde4f4687d93e145616fc80b,53b880f08d5daef40ccb174fdc9b691114699734,-15.526214258413486,-47.61179539681094,-15.5262678154375,-47.6117869829188,2025-07,2025,VxX0GNRwh57fUyyx0XgDug,74.00779153223402,© Google,OK,14_11,219827.2370227534,8281760.825139668,8770a996d30181cc10ba7e4ec2ef938298163a0d,cardinal,4,0,0_deg_north,cardinal,0,0,90,640,640,4,batch_0004,673,919
a107e974f8c0b473909d08cd170d4ebadfdb68df,77a7bd1660c6eb9a72bbb27f80701b795c56c2ba,-15.649208700070941,-47.80658409966728,-15.64920762632792,-47.80659395860605,2024-07,2024,VU_d0c2CcO6vORMgjihpLQ,190.49346881409065,© Google,OK,10_9,199097.3254243073,8267877.460371058,06ba059a60828b56d0a1ddcf0aa20c386e898c91,cardinal,4,0,0_deg_north,cardinal,0,0,90,640,640,4,batch_0004,677,920
a18587644c698d490c21ffa3e9eacec2dc75fb5a,16d486b43c472555f61f47535b6f703c6a107707,-15.932511300560929,-47.940261349045635,-15.93253425951347,-47.94029495666057,2024-12,2024,d9RSxrdEz3dTejDah4nDGg,40.441698574206825,© Google,OK,7_2,185193.2828323626,8236311.102003576,3184aa6324ff8898c4ba790a6ccbeb169626e305,cardinal,4,0,0_deg_north,cardinal,0,0,90,640,640,4,batch_0004,681,921
a28cee671eeba4b569b88c9c69d231b00ffa8dbb,3965e39a2a253b53a369fc13fef8213b0473370b,-15.920190100000388,-48.049074950273514,-15.92016448742777,-48.04909852776353,2025-05,2025,pkWw_RLNMN5JOxksMBw-Vg,341.87682741182294,© Google,OK,4_2,173513.68522176717,8237508.204880806,b4e9f93dd5d8fb8c841fba0060928965c6dbaba4,cardinal,4,0,0_deg_north,cardinal,0,0,90,640,640,4,batch_0004,685,922
a36e55031b318a275139f7b56e7fb362c577a228,0a39bfa7394f2ac08172d393e3d5723187ca813e,-15.80875065000012,-48.042767699998464,-15.80875835774199,-48.04278098272599,2024-09,2024,aXhVSFUiKmnRWvRoIOsAoA,358.80021085279293,© Google,OK,5_5,174010.25420721588,8249859.623899766,82e7d0e289888148e3a93049f0183c7d2769e2f7,cardinal,4,0,0_deg_north,cardinal,0,0,90,640,640,4,batch_0004,689,923
a39e590f03f972fa57bc7d7b511b4c439752a27f,6914de7f56d890e1bb733908971ee10cdaf1c70d,-16.01462535010235,-47.38197930025301,-16.01463843401641,-47.38194149749525,2024-10,2024,WAhCKjcU9Zvs8xmfkbvhtw,311.26511040487094,© Google,OK,19_1,245104.16335984506,8227984.491541175,edf48a16b69feb7c1b10d35c1b867717dd45bcfb,cardinal,4,0,0_deg_north,cardinal,0,0,90,640,640,4,batch_0004,693,924
a43bc4667e7755e7c2c9c1d9a8cb8bf5d1a1ee01,802fa99c6a827fdaafe6e140d2a88f17a1eb188f,-15.80336193530642,-47.79429587711422,-15.8033857210853,-47.79428989734501,2025-07,2025,6VP9Btxsf2DeheFgyIRIEw,49.26719030226325,© Google,OK,10_5,200641.4905006719,8250826.286638484,9d2e37b8552c93d9e5ce9b0feb97c8281f2d357d,cardinal,4,0,0_deg_north,cardinal,0,0,90,640,640,4,batch_0004,697,925
a46748e3113823eccc2151ecfde4269add0f61f9,a287fbf55439825c1093b229ed1c197146fb0459,-15.794305402440177,-47.64065566299331,-15.79425848776858,-47.64066328679097,2025-07,2025,KE2sdO3sFQlnGSse1LCueA,344.03148124019214,© Google,OK,13_5,217098.9718303777,8252041.864643146,dad932baf3f7dd9e85bb3c980a260ba9e40a2b2d,cardinal,4,0,0_deg_north,cardinal,0,0,90,640,640,4,batch_0004,701,926
a527567ce953edfd19d1983cb532f8f2433722ed,15e494b6aee3adbe98f90df2dccd9e008bf053f8,-15.937100900000637,-47.95041090001003,-15.93710023471509,-47.95041852882023,2024-12,2024,cSpASf7zk_A36GLEBseBeA,336.5863187374901,© Google,OK,7_2,184112.96625506846,8235787.493452262,e7aecf359763535583f3d4b70063dfab2af4d471,cardinal,4,0,0_deg_north,cardinal,0,0,90,640,640,4,batch_0004,705,927
a546319060540d3ede84a5cbc4c9e0ca16f9b942,7725d46c933f68b80590d77cbce4838e21c112a8,-15.821848316791506,-47.75342882652658,-15.82168846501501,-47.75344322565215,2024-12,2024,dCsRvbosF-z4QQ60y1ErMA,148.80322732901487,© Google,OK,11_5,205049.39669914087,8248837.244987115,e081c8bef3ae54a76e3ec2837533e0e1aac92109,cardinal,4,0,0_deg_north,cardinal,0,0,90,640,640,4,batch_0004,709,928
a5822a76c7be1d5d6dd3dfca987116f27f06a067,b04686d6bdd8889b471059b7dbe1c56476d65faf,-15.528655964856796,-47.682821639210545,-15.52863682159076,-47.68285969297175,2025-07,2025,nDRQiLmEdrdnLzlBwmXMPQ,89.34121859513247,© Google,OK,12_11,212206.75289162365,8281396.133540515,8680642cd15796d4576bd2d1b34086c9d829b7bd,cardinal,4,0,0_deg_north,cardinal,0,0,90,640,640,4,batch_0004,713,929
a584c4868eac4f7365ef292ba842f62b7bf42905,7a0753bc9a0846317204a21322093bdbfef12cf0,-15.654277250460405,-47.78319565124302,-15.65427822619447,-47.78316908835386,2025-07,2025,QkYEwmnCm8a-l9Fo7XL4JQ,153.2687153908054,© Google,OK,10_8,201613.9396308062,8267349.298243693,d2592b57a03c86d28b4b994408ed0b0127cc1efc,cardinal,4,0,0_deg_north,cardinal,0,0,90,640,640,4,batch_0004,717,930
a6007092d9647046ffe87ba2f459001dfdcbb5e4,53a3a403a17979dc71b3dcbfc076f00e06889646,-16.011625300060167,-47.477427650028986,-16.01162142068699,-47.47738440069119,2024-10,2024,237xZZZyFqwPjCtgox4k6Q,277.9425167532903,© Google,OK,17_1,234880.93167432488,8228196.975705138,369425f9e92c6052879fc5dd26e16a3d4ce058df,cardinal,4,0,0_deg_north,cardinal,0,0,90,640,640,4,batch_0004,721,931
a61c1fefe592b060ed6def0002c15e50f385eeb2,dcd69e069b88c98d93980aafebb32e17de3a4d44,-15.713947300119177,-47.43146204033867,-15.71396270966439,-47.43145653923995,2025-07,2025,JKJYKLBE2oUhO21y0_M1Ig,176.81708282609597,© Google,OK,18_7,239419.9684320706,8261207.632002595,cf0b371b73f5f57b901b81074e787bbd0ff222ad,cardinal,4,0,0_deg_north,cardinal,0,0,90,640,640,4,batch_0004,725,932
a850b3a54a44ad32d7c897e37bb021f34d7244e1,3c40d7374e066c8330a821d52d6634cb7c65184f,-15.800830682390274,-48.048604842508254,-15.80081261827062,-48.04858062489864,2024-10,2024,K08mkgLRJcBk34h2r3Tc1A,47.59565293269479,© Google,OK,4_5,173371.6575643358,8250727.662673708,25362f087c96a3b796815fe2a8d106e8a790519b,cardinal,4,0,0_deg_north,cardinal,0,0,90,640,640,4,batch_0004,729,933
a9666f4ad6546388bf76fd48deca62a7f636f600,32c0d63b05f3c78fb52827fb3c0f53e5b17da5c6,-15.715161153594876,-47.37015433147323,-15.71512478540027,-47.37012571210866,2025-07,2025,shUTcuSHEQUtJM0YDkr6Dw,9.33698765549561,© Google,OK,19_7,245995.09061828,8261147.912375299,5e9cfb7a781feb5b7a257e320670aae11b537f33,cardinal,4,0,0_deg_north,cardinal,0,0,90,640,640,4,batch_0004,733,934
a9c41f1570af76320d0bb7f9aef7cc64fa464e65,c4850dcd28ab7384384a7267fba9c8a1ae9961b4,-16.049786014676688,-47.42281871756435,-16.04977395527169,-47.42282095271333,2024-10,2024,xtVc777NfNbQqp5lcB3-ww,89.5022575774565,© Google,OK,18_0,240777.21120399586,8224041.625606354,c3809371a44f285c85487fab4f25b2564c1d5c9a,cardinal,4,0,0_deg_north,cardinal,0,0,90,640,640,4,batch_0004,737,935
aaf3f8cb0f381870c9cb55aec2ffd1b03851a5d5,e0c1dd2d9ecb040e42a30d11568ad316f714250b,-16.049826050007884,-48.05102365002608,-16.04980019559232,-48.05102672884314,2025-02,2025,-a8ndJmkmUUcdxgO6JE5oA,315.2748363042174,© Google,OK,4_0,173515.59425989896,8223148.187689938,b85ce0ac39a482d38678f4ed885897e330841d02,cardinal,4,0,0_deg_north,cardinal,0,0,90,640,640,4,batch_0004,741,936
ab422e885b1ecd07f6f3309ff6229a8b6c34816b,03128de0c0cb978ac6549902e1250472dce987b8,-15.865276564067148,-48.05607250315689,-15.86529993081412,-48.05606448374673,2025-06,2025,uN-4KgaaO6NJA1NSx4AMCw,274.90935517723733,© Google,OK,4_4,172674.88598983455,8243578.805214325,bd642c2be73d136e5eb13d0f27fb856de6cf5454,cardinal,4,0,0_deg_north,cardinal,0,0,90,640,640,4,batch_0004,745,937
ad97deebb38a400d6bb61737d49317a89b68f6de,ecef10d124f97aa343088eb5049134f5ebf610e6,-15.86240036635586,-47.59115701503725,-15.86240847986631,-47.59114746052718,2024-09,2024,aDL4CKV1jMjYJTRvGObXQA,106.15533566947947,© Google,OK,14_4,222498.09244316432,8244569.078563492,d334b78207f7a00f8e3d7ee28d77deaa0a57f550,cardinal,4,0,0_deg_north,cardinal,0,0,90,640,640,4,batch_0004,749,938
b1c9f57db50ae5d306612a8e639e457be9aadf58,98c3e1de294a57354d95313a77bafea6ab57ca9a,-15.706263300045702,-47.91155260007235,-15.70626816684982,-47.9115524566565,2026-02,2026,Na-tUqPiOR5d8zVl4t-zzA,118.48536784389582,© Google,OK,7_7,187921.96823201297,8261407.852980349,7fff1491b103a1b6fa64e69913a855508853f67c,cardinal,4,0,0_deg_north,cardinal,0,0,90,640,640,4,batch_0004,753,939
b62f6ce6e54948041e7dc77c7977df7b5e3c2911,c982932f5bbf1c971370beffaa62da61e8100e69,-15.624259253270674,-47.35878698512269,-15.62425653054727,-47.35877734643419,2024-12,2024,-4Q8mhA-dXsqqa43mK6KoQ,336.32870491791437,© Google,OK,19_9,247101.95270278514,8271223.629979572,12dedb25c9db81a388c1ea8965544be0255427bd,cardinal,4,0,0_deg_north,cardinal,0,0,90,640,640,4,batch_0004,757,940
b70a8559edf6eca7eed870c2dbdc9ac63b63c429,154dce359d904022692fde0371ef689223886970,-16.03886542392649,-47.80900906258752,-16.0388170800626,-47.80904054540439,2025-07,2025,WUSvuHrvWG_L9R7WRYK8Bg,205.40324984851472,© Google,OK,10_0,199415.1383733483,8224728.577043836,9a282f71123c76c546a01da15da24c0e20f26d5e,cardinal,4,0,0_deg_north,cardinal,0,0,90,640,640,4,batch_0004,761,941
b778af3a50621eb0c26bb307da2f75f28e147c82,c9d16a9782d32c3c1cde785ff0b92558f7a82693,-15.937555100089138,-48.038559549945354,-15.93754700244319,-48.03855676226951,2025-05,2025,VGFwiH5EJ3gqm9Dfw3a9ew,66.58770201407455,© Google,OK,5_2,174668.56630133325,8235601.522691861,a1bc37ae1e61502bd0e022b09462a5adc96f2ec5,cardinal,4,0,0_deg_north,cardinal,0,0,90,640,640,4,batch_0004,765,942
b7a16542b9705801aff79984ca844416dc2bc21b,df4b574e70be95e2bf6159e5de005b6636b422bb,-15.807972800005773,-47.63675805038838,-15.8080029697549,-47.63674023736962,2025-07,2025,RynUhqXU765bX3KCiOXWMQ,343.8167128700836,© Google,OK,13_5,217535.76275301943,8250533.948686779,fb97a9602a6026fd8ac95755d9f6c2487eb1e7a6,cardinal,4,0,0_deg_north,cardinal,0,0,90,640,640,4,batch_0004,769,943
b7b4ed59ba48e422dde5c26abb97700ca84dd5d6,c7486b67ad0865e8be7781e5aaa3c2bb37e9671e,-15.582218841763883,-47.43181219801478,-15.58235144158728,-47.43182933977776,2024-11,2024,az8HvHT50VZlyc2-Vver7g,153.68671013644038,© Google,OK,18_10,239215.3856226345,8275789.092650523,e538145d06650036c578331f1697f0d7611acd35,cardinal,4,0,0_deg_north,cardinal,0,0,90,640,640,4,batch_0004,773,944
bb3bdd2645d45cce3bc9bd082216b96d505c12d9,306e25be9d6b6d5d295f6121c74a7dd91a4261bf,-15.872058300000344,-47.93340135000145,-15.87201589099626,-47.93342690346352,2024-12,2024,zbfdwXzHrkbpsu3h-obIMQ,320.2502222625974,© Google,OK,7_4,185834.32331093468,8243015.871168796,1c740c69b00205c407bd2cffed51139c039896a3,cardinal,4,0,0_deg_north,cardinal,0,0,90,640,640,4,batch_0004,777,945
bce992d15fc6039108afe1e9768c3dd93cc1071c,4ccf4ca1c3e3f66d23c97e4981897a76b0d2c4cd,-15.974086277371356,-47.58466250882378,-15.97406676706269,-47.58457448540143,2025-05,2025,DzAKFC3nuerAm59ZWxE3rg,128.99750989740465,© Google,OK,14_1,223347.1177068686,8232212.938988285,147ce0726019903482bea6a5239486f46ae4a232,cardinal,4,0,0_deg_north,cardinal,0,0,90,640,640,4,batch_0004,781,946
c0092ba5b20a68fd1aab04001908eda3d195e4fe,5d68c184c65a7f86c1bbc822e426f393ae6848fc,-15.882849300001826,-48.10222574999856,-15.88283353875746,-48.10221259908928,2025-06,2025,bSMwsx2W7IieLsx_rvOBlA,61.510324300809444,© Google,OK,3_3,167756.31829305482,8241559.831598975,fd59dc1fefe6fab23026ccf0a276c60122e75f52,cardinal,4,0,0_deg_north,cardinal,0,0,90,640,640,4,batch_0004,785,947
c1cf8bc38d8701f163ec46b7cfacb67ac6c2a321,5e03806311c0e78c5a258773d0caaa05b90b7943,-15.714651650002113,-47.39080244998195,-15.71461400957849,-47.39082324146383,2024-12,2024,QGEg9LtiKJbN1imZqY9kcA,359.7285808708579,© Google,OK,18_7,243780.53448004284,8261179.3830950055,431d1037d55e1ce8a508b2546f3d04404b5bfb1c,cardinal,4,0,0_deg_north,cardinal,0,0,90,640,640,4,batch_0004,789,948
c35dbf4ad1bff8bfce970bec17f814e304fb6367,6fdb2c5f145464e07c072cd62a91ebc4bfcbd5b5,-15.646547619474426,-47.765936440512775,-15.64657642690231,-47.76597835301384,2025-07,2025,BynvvTP9P5H33d2JPW5s9g,64.03917535844897,© Google,OK,10_9,203454.38402999614,8268229.350607667,cea634dcc3368396820d286219901c227dc13fe4,cardinal,4,0,0_deg_north,cardinal,0,0,90,640,640,4,batch_0004,793,949
c3e702e9b95ab3b547e428d4fd74ace2fd216c4b,b5bf7a8451218d363e9684ee0aec544121e154dd,-15.781300700000035,-48.14029630000163,-15.78133374446452,-48.14028885715607,2024-07,2024,ilii5EchyISUR26eVlZZCg,159.0425577757344,© Google,OK,2_6,163507.19810217677,8252745.967479081,d56c6a7bdb28df9f1011654065b0dd71abb43d09,cardinal,4,0,0_deg_north,cardinal,0,0,90,640,640,4,batch_0004,797,950
c5d17dc80c2a147e0fd7265be067b67f1a88675c,8012f26a80c9fe0f7741c94d9b42df92047a9457,-15.76185705005422,-47.60269744998084,-15.76195007153909,-47.60257227832107,2025-07,2025,iscnvkXbhN-mT1AqJvEGsg,254.8408164044139,© Google,OK,14_6,221123.55852680505,8255684.938372343,4c61eb6e4c9fd4af8d5d2e41382a066bf9d17782,cardinal,4,0,0_deg_north,cardinal,0,0,90,640,640,4,batch_0004,801,951
c610780cbb1283b98f58a361f2766e58ac01ca6a,59086786ffa8e475f0b55c1911a85c498b139a54,-15.93813030000039,-47.58809830001258,-15.93820467853677,-47.58806886845395,2024-09,2024,lRyHH7Gl7FDMKdU4clnM_Q,162.7290431712485,© Google,OK,14_2,222929.68484689988,8236189.067971759,11c464017bf7aab794eedd53dca60b15f3560830,cardinal,4,0,0_deg_north,cardinal,0,0,90,640,640,4,batch_0004,805,952
c6538047182dd5e2eb31fa79603091e9df7f9d81,d19383eb32c1bbd0cf6c83bd8735a50628f70a1d,-15.909301975767262,-47.74128328198199,-15.90933290972635,-47.74126041596441,2025-01,2025,THJF8O5to0l8_T5TUijeIg,271.72675866267343,© Google,OK,11_3,206478.04506906605,8239171.275618231,004c8eedb55c13050f2afad8d8412a6a6876ddd3,cardinal,4,0,0_deg_north,cardinal,0,0,90,640,640,4,batch_0004,809,953
c6dc6364668dd0e91622750a9feb0305f1420a6a,103c54f7117f9e5715bcdcb79c5b0749ff20db15,-15.581631208133775,-47.527144401265126,-15.58165897115869,-47.52713708807522,2024-08,2024,upgSRXQSD9lI1s9e31_jXw,269.2550846133242,© Google,OK,16_10,228985.69763512863,8275735.162859239,9fb1e2e55af25d4967ee8374eb89f166fe4ec4f4,cardinal,4,0,0_deg_north,cardinal,0,0,90,640,640,4,batch_0004,813,954
ca02a20aea38f97d736c1efeb3f3818456a28ce5,c8baa24b9657289e4700489e519e7a62d4ce4e0a,-15.909556600056113,-48.06561679997701,-15.90957270322216,-48.06566103152174,2025-07,2025,wj94URvLBDvduVqte9CjEA,252.31991602748,© Google,OK,4_3,171723.69335970999,8238659.883850473,e58e0958811ac6afd1fab6d112bc3d2dced8801f,cardinal,4,0,0_deg_north,cardinal,0,0,90,640,640,4,batch_0004,817,955
cbe7e412bf2efb926bb9d0525955aa8208bdab1f,05bee3d8fdae6139cdb2d855ac989ccc5984bb02,-15.889792750009537,-48.05562459999596,-15.88977822122465,-48.05562347125774,2025-06,2025,UcMhsDWRHKgvvx3EDgszTg,251.93108038195845,© Google,OK,4_3,172762.55099019755,8240864.38866249,9331b5ef8b7b95064790d9dae6efdd0443a00510,cardinal,4,0,0_deg_north,cardinal,0,0,90,640,640,4,batch_0004,821,956
cd6077917cfce799ca4b5143b53fd3845855da7f,e0c3ee500401ec6ad4b26974031c3767c8b4f071,-15.714955357182415,-47.39552776167033,-15.71494424437097,-47.39555830660664,2024-12,2024,ibaCyIvpETCtkILYpvo1Uw,279.1440442797728,© Google,OK,18_7,243274.25601636284,8261140.02917165,52866d5f7963b6305bd0188346f3f39d5a399b98,cardinal,4,0,0_deg_north,cardinal,0,0,90,640,640,4,batch_0004,825,957
ce35c08462d8faf1b496c54b89b028674cbfd9a0,9aa2b61e59d62a0329f837530a9e1e55ad41967f,-15.73302770274694,-48.088763851235115,-15.7330193305071,-48.08876886384104,2026-02,2026,O_Vq9eguQpp29Xih6JJNkw,95.84269682261461,© Google,OK,4_7,168955.35105077355,8258173.987290573,122ef6c943889e910de21a789ea96d829a662655,cardinal,4,0,0_deg_north,cardinal,0,0,90,640,640,4,batch_0004,829,958
ceb05f5c20136725515721bd06a58f2a7121df5c,cdabeda6464fc2c8884a211e5f1f4e56a40670c6,-15.797555173388535,-48.05817388441651,-15.79756497348473,-48.0582039147225,2024-09,2024,AuLm_u71kvLHBpA3vWTKKw,70.22257002245021,© Google,OK,4_5,172340.31702239957,8251075.513851152,7e6b8d366dcb0b2da70a966a5be1e0f27cd80409,cardinal,4,0,0_deg_north,cardinal,0,0,90,640,640,4,batch_0004,833,959
ceb28d2043c470547efafc96c512d718e10f344d,f0be971bdc2dda9d85f3c10cae5f97d679900ae0,-15.742644600003356,-47.513495649991725,-15.74266157292437,-47.51349342882177,2025-07,2025,H7_OgG2iOOBo-bwNgFaP5w,209.48663464264067,© Google,OK,16_7,230661.45371630922,8257927.881244088,db764a9b1c708e754d24d3bc90a8a4feed31813d,cardinal,4,0,0_deg_north,cardinal,0,0,90,640,640,4,batch_0004,837,960
d284984301b641ed2a2db961d55041524ca7a062,460469b7e19011bda59989d8450f0db4891d64e3,-15.997460400003717,-47.99370905002783,-15.99773467932763,-47.99369001679173,2025-01,2025,OP6pNzULc3qtUdXIHR3dcg,149.43835055432402,© Google,OK,6_1,179569.81463782414,8229036.950034374,7e0805a4b7419fddea1e73be73dfd401b67a296d,cardinal,4,0,0_deg_north,cardinal,0,0,90,640,640,4,batch_0004,841,961
d3db86d18d238f2b77d7d39c4d8ea6abb108a0dc,3b7368ef94f7d4fab1cf394472b7cfae062f71ee,-15.65109160088622,-47.808780550560144,-15.65108881557316,-47.80874934731302,2024-09,2024,1sJGvs-H3SMk-pP7mRNNTw,100.78034718238307,© Google,OK,9_9,198864.43407918615,8267665.858157477,cde0d3be3c182040b2eba86e6246a4086645547e,cardinal,4,0,0_deg_north,cardinal,0,0,90,640,640,4,batch_0004,845,962
d49165bce605dcda43f7a9f60245a7ce3357df5f,3362a5d37690f9c7ccbc2f03203a37168974334a,-16.048954729841004,-47.617166131315074,-16.04892429700691,-47.6171651748257,2024-09,2024,kyX7_4RLf0r_UiacVx4bIw,357.7469212208221,© Google,OK,14_0,219970.5025502799,8223880.500925243,6d31dbd861a8548da6893d54985839f2bcfcb539,cardinal,4,0,0_deg_north,cardinal,0,0,90,640,640,4,batch_0004,849,963
d5215385daeb62c0cf664a641f02a788f7c67cf7,5822dc6f308f01edb10db130125e1b069a960044,-15.555658979832783,-47.650806431875125,-15.55570860808357,-47.65069293921304,2025-07,2025,Jwh5b6fj2vJDYluL8ixozA,44.1707059990775,© Google,OK,13_11,215680.3219429154,8278449.431392469,b9ae51221fb4c71f9d79e0ae38b03159069f6cf3,cardinal,4,0,0_deg_north,cardinal,0,0,90,640,640,4,batch_0004,853,964
d52ec6e17ec90a3294e38f09a2fd43158ce38f4b,c7e999d50e10ffea6fbbc452ba91b90b78867bff,-15.897538245750692,-47.794853542379805,-15.89751365230666,-47.79483102120614,2025-01,2025,YVoOfcxEB5V2z4uo6sETjQ,53.59327003573928,© Google,OK,10_3,200720.74689745312,8240397.754102045,9ef778921c7b536cf0253a3e4d8c2f61aa10ff22,cardinal,4,0,0_deg_north,cardinal,0,0,90,640,640,4,batch_0004,857,965
d5674b1121a6ca4ee2d3209fcaad538f13bc376e,7a6c1fcf00ebe6ad7af3e2b6572c283c9a15cdaa,-15.80762304999876,-48.14235395007222,-15.80757866216805,-48.14235939752691,2026-01,2026,zYE7Mt3Yb2jhucv6MvD4Bg,342.67869474729594,© Google,OK,2_5,163330.08903711056,8249827.338577012,2731d0f753ae6c6617cc462b6b59c7cff99d0237,cardinal,4,0,0_deg_north,cardinal,0,0,90,640,640,4,batch_0004,861,966
dae77a13eacc2c6ce3e2f4a906accb9603bb2a90,4af1a7f24824059ae777a18b9b6e4ef5b11bb92c,-15.584432800195183,-47.355056149911896,-15.58439844296265,-47.35502311252166,2025-07,2025,Elihzqfw9V3NPjLIE2oSVw,72.5202123958995,© Google,OK,19_10,247453.37952121967,8275636.492394505,8b76b2a6ef1c5c2ae8ec2f5e69a15a49ea640134,cardinal,4,0,0_deg_north,cardinal,0,0,90,640,640,4,batch_0004,865,967
db29602c121b952c9362551b725ccece6cff01cd,a665d982a939c77ecec742ac050e53dc80645f32,-15.740018250009815,-47.76098400008388,-15.74002147722609,-47.7609824740126,2024-07,2024,rZL8UImSdczpQr8OkXgs-A,332.1778050348673,© Google,OK,11_7,204120.70797538533,8257887.035346188,221bd8d8990e694b96dd5276d9785eed6b2a4d6a,cardinal,4,0,0_deg_north,cardinal,0,0,90,640,640,4,batch_0004,869,968
db53fe93fcb5a5563f6cffad44e43083b1cb4d07,012b460ab38a12d3fc8939d16a6415bf1f7dbe19,-15.804478666793369,-47.93239463467077,-15.80447069849384,-47.93242813696391,2024-05,2024,BZ8BCsencfRQPDjECOG-DA,145.5042266792111,© Google,OK,7_5,185837.5979225741,8250500.948353087,f1bd0eb01d257626d10932038ef8e81bfcada3c1,cardinal,4,0,0_deg_north,cardinal,0,0,90,640,640,4,batch_0004,873,969
dd29151f99e8fc3f8e2e186e69c2103be6627377,b7ee360fd9cfea68655070f4517e7b4c362fa16b,-15.940087400023023,-48.143622199905174,-15.94005001101593,-48.14364394695667,2025-06,2025,c6Bml-vBssaryRXkk2b2CQ,12.900126513621041,© Google,OK,2_2,163414.48994058828,8235154.108845713,945ba1b2fb80645dd53079a5849a460234aa8e8d,cardinal,4,0,0_deg_north,cardinal,0,0,90,640,640,4,batch_0004,877,970
dd40a3dd8df1bf8e767d7697615415e56e490ff6,7805792282d03af592212ef4adff16205bd66429,-16.049202997791166,-47.61721714486429,-16.04919602103189,-47.61720667755949,2024-09,2024,0NWAdlRpmaXJiPjvs0-YzA,270.17931837165594,© Google,OK,14_0,219965.38836227558,8223852.945313444,482ec86ba654ca467b083b1afa19c99838b13718,cardinal,4,0,0_deg_north,cardinal,0,0,90,640,640,4,batch_0004,881,971
de7b9d536dc6398178b6b0f66a510f4a8e80d5fd,a38f898a5774742513103fff3d0e220ba3cefdf6,-15.715841887392093,-47.57456977071943,-15.71585553311904,-47.57457596074761,2025-07,2025,QNSh69mV3jsHqTaLQ373kQ,62.864581130835965,© Google,OK,15_7,224077.02793938812,8260816.20661382,591cc9e0251934bcf7b322145c2a313ee5b63a89,cardinal,4,0,0_deg_north,cardinal,0,0,90,640,640,4,batch_0004,885,972
e033ac2349f43eff3fb0defe9e1c635a89f81aa8,300cf2f9059b249ece168d0b25d09d8ff747a681,-16.016493850019874,-47.37980364989624,-16.0164847766459,-47.37978786535209,2024-10,2024,ouvFLwaOk7nFYz6mNgOqqQ,189.17008554725845,© Google,OK,19_1,245339.46591623488,8227780.327869389,325dabb28f833f2e71f2f3215f0f295f549f1cee,cardinal,4,0,0_deg_north,cardinal,0,0,90,640,640,4,batch_0004,889,973
e0fd3b52cb1d191533b34905a49e6ad6acc2308c,13fddc4f74159a70aaadafacb3978a6015f41903,-15.74896608217422,-47.75004854918241,-15.74898440911738,-47.75006441934198,2024-06,2024,jxK6kMQ1ozHCd336ImwzDQ,22.63437913917069,© Google,OK,11_6,205306.2871655859,8256911.630856468,f17511f14186ad810bfd0a67538783855f43ad79,cardinal,4,0,0_deg_north,cardinal,0,0,90,640,640,4,batch_0004,893,974
e107592c16607f221c96d4f901f28ea13fb18266,6eabd006bed590d8533c7cfcd8f89f6eccaae267,-15.816002638001036,-47.89166619386346,-15.81599027497554,-47.89166654442011,2024-05,2024,zJIr3y0_pkBOqYyD8e-d0w,228.04386094528178,© Google,OK,8_5,190221.80625300406,8249285.358012822,a5711882cbe73960caeb941e27aeff26a826be1d,cardinal,4,0,0_deg_north,cardinal,0,0,90,640,640,4,batch_0004,897,975
e526f6929cf0d598ea3f738988f7c1fbf2695890,007a0c1fe64cee5ebe9a39b5db6ac6e8464aeeaf,-16.026054950006984,-48.05777394994166,-16.02602839729514,-48.05777431149667,2025-05,2025,u1aSjnwsubL-UqCupGobvA,181.49829516780449,© Google,OK,4_0,172753.81882257666,8225770.15555975,3dff74fe3dc5c6758bc12e66bd37704d691e2701,cardinal,4,0,0_deg_north,cardinal,0,0,90,640,640,4,batch_0004,901,976
e6216cdf5ae4fee152d39e726f98c62901586c8b,67b56842a5791c218a6086fcba4244d73521b277,-15.822537999997872,-47.56776845387964,-15.82251332247473,-47.56778679486318,2025-07,2025,ju2XtZ9jL2T0W2EuKeULrQ,166.1878596079468,© Google,OK,15_5,224950.32263701077,8249013.02426281,844c393ee867359b6b4f9ec380853adb0ebd85d1,cardinal,4,0,0_deg_north,cardinal,0,0,90,640,640,4,batch_0004,905,977
e6491d673f7a3e2923b7d0fe4ef26be4efe97634,e5ae758cae47dc7228f3ff629728348dec75804a,-15.822076500757218,-47.80334324620956,-15.8220635444421,-47.80330741524043,2024-12,2024,ENALp5Gwnh_KTYe43JzAMQ,10.509856693390281,© Google,OK,10_5,199699.21513885882,8248741.182290556,23e8d403656b4489dc7818032453e1f4d8b02073,cardinal,4,0,0_deg_north,cardinal,0,0,90,640,640,4,batch_0004,909,978
e70a3be90f354898541a97166347197ca38920f3,7eee968a8f321951bfda9fd4e644b0a3468ec81d,-15.89751790824304,-47.41357655560435,-15.89749499079559,-47.41355987087872,2024-09,2024,eVkgUgOSoT0jjEAJh8oXfg,282.8016233526913,© Google,OK,18_3,241571.03145367483,8240908.958090132,2d4c100904a01508d13b1081a349ea1b9818f60f,cardinal,4,0,0_deg_north,cardinal,0,0,90,640,640,4,batch_0004,913,979
ea03c9fd4a259cc2234bf5104d4246572cdc69fd,c967ea349e4abd293fb01f54fbae4600f228edda,-15.801994195244799,-47.891425445255415,-15.80197051308254,-47.89144075300117,2024-05,2024,FF8gZWlm0y0sTOahzcC6iQ,318.9476787679141,© Google,OK,8_5,190226.27123469918,8250836.914703566,de693901532de91e35d583149a72d9a4a54c5112,cardinal,4,0,0_deg_north,cardinal,0,0,90,640,640,4,batch_0004,917,980
ea4352dda85565f8bb39f2d38c3360912f16b876,f20ca71ff1e7b7731001d0655afa663a20ef6ce5,-15.943768050381127,-47.96339825626658,-15.94377207263043,-47.96340657423153,2024-12,2024,HQR08BzTpdTk7MziTE3VrA,212.99216100084035,© Google,OK,6_2,182731.90799050173,8235029.43362931,575f9afffd93ddc37bea50bf9e2c879fef490118,cardinal,4,0,0_deg_north,cardinal,0,0,90,640,640,4,batch_0004,921,981
ea8bbfc17eb85e97e2c6c37d03214f95efd6f7d2,5e73b408f30a43493e44a5669c8c9b34815aaa2f,-15.842850626936547,-47.62677231059609,-15.84281698639827,-47.62675415231023,2024-09,2024,3RlwhrJJOUhgVFcKKj71Iw,259.09277670529224,© Google,OK,13_4,218654.44657753318,8246685.94617906,386d48493a8f0b9c0feb9e21085cee4d41802e1e,cardinal,4,0,0_deg_north,cardinal,0,0,90,640,640,4,batch_0004,925,982
eb90bf781358f2ef806d71d3e764e7be717d8e76,7166d3de78370d8cb30ef3dfc41956c15b2bd3e7,-15.52840466009772,-47.63980335160039,-15.52837813752875,-47.63985133850314,2025-07,2025,I3HuNoRq_-Zu2UXGOrDcpw,89.1007870383609,© Google,OK,13_11,216823.93340127068,8281481.417856866,52c9334709ace6bf67b7ec2fcb5cb5c534b68725,cardinal,4,0,0_deg_north,cardinal,0,0,90,640,640,4,batch_0004,929,983
ebcb59e2ee1347249b0eb3343d7311bb21eae6aa,7f4abf0685b1f84443a8ea547e2b662b3aed5d64,-15.820312300066739,-47.97827624996414,-15.82028888065426,-47.97824507995097,2024-06,2024,uIrlpcICoMhavlWKNEZ63w,248.81365359998372,© Google,OK,6_5,180943.15592043876,8248678.350720312,088ed3b7c8d00574a6b984ae5a8d0b8495d0635e,cardinal,4,0,0_deg_north,cardinal,0,0,90,640,640,4,batch_0004,933,984
f066bf152e5d646565e57be897a62f7dc8cb96bc,6b2e0365b37253a29a343485451d132466400c25,-15.718911949838038,-48.086864148605876,-15.71890613502883,-48.08683908510969,2026-02,2026,v-zYa8jIJPeLVTD2bMBzIg,175.13063051102318,© Google,OK,4_7,169136.27435309006,8259740.2823850075,96908cfcf958aa452c486cd329b06cde2fd8714e,cardinal,4,0,0_deg_north,cardinal,0,0,90,640,640,4,batch_0004,937,985
f1c29c67c204d9ef25b51be97e0928806e7166b7,22fb67a2ac45c0f771a1a3dca3f26b07ee2d3f64,-15.554855351424305,-47.64981309779941,-15.5548666675925,-47.6498426120265,2025-07,2025,iSpY2VI_FmmRJc_bfsW4og,44.216432549464045,© Google,OK,13_11,215785.8260533012,8278539.726073979,fb9b1beb669291bed594e757972e61a61980414b,cardinal,4,0,0_deg_north,cardinal,0,0,90,640,640,4,batch_0004,941,986
f2d763e512945cb07f563403709fd7344c7f29c1,c9de73651c2e686322aa39e2265bcd6cbdad3b57,-15.781702899997502,-48.13589740008399,-15.78167064490083,-48.13594650485599,2026-01,2026,_FdWEOdUksW_HGIJd0B6cA,343.7934286764486,© Google,OK,3_6,163979.62236383063,8252708.4563662335,21e67724c11a4a456201ed397e02b092c3b3fc0a,cardinal,4,0,0_deg_north,cardinal,0,0,90,640,640,4,batch_0004,945,987
f2ea9471eb421ef62414f8507103f8a6c8abe00d,7c3eeae1a6e8dd1c2115375c51cd6c907a261cbe,-15.662973595999405,-47.802584958373856,-15.66299464292,-47.80253740111273,2025-07,2025,GTYm5HYiXyTd5-LDhf3Pog,261.4617590271944,© Google,OK,10_8,199546.51532565578,8266359.014485967,cf3c7f8b0c6ecf636d340650ec57c0fdf1ad67a2,cardinal,4,0,0_deg_north,cardinal,0,0,90,640,640,4,batch_0004,949,988
f3083440c7ae8509493d340bb314881dbfc50e54,b3fb658e8557018dfb341f100746ab22e21f0fde,-15.797991250004353,-47.63961060029971,-15.79797540141097,-47.63960499343583,2025-07,2025,sEpgAAbxKj22vaJyPepVTg,343.81470913465114,© Google,OK,13_5,217216.1216635519,8251635.199211797,12e1722f2c55258324f6f610f17748daaf921c9b,cardinal,4,0,0_deg_north,cardinal,0,0,90,640,640,4,batch_0004,953,989
f429dabdead5d5f35f54a373a89a9e26292ff876,a7c63751c9a6e6a7a0295a8186d399e67254df6b,-15.77996080001217,-47.99369785005185,-15.77997174276993,-47.99367505117934,2024-09,2024,CaKVkSX4cuKdOSLzq--YWQ,140.42049086273326,© Google,OK,6_6,179226.1517682722,8253123.442670944,2cead23cc2dbf32b1f8ac69d492bf7621fe2a911,cardinal,4,0,0_deg_north,cardinal,0,0,90,640,640,4,batch_0004,957,990
f5d8f56aa0197d74a817f41e26d5ccb8ab60074a,3fafffbf1265009c5aa315710d26cd4b34622d9f,-15.952359514464245,-47.67431691033544,-15.95237177155992,-47.67433810004454,2025-05,2025,2cZA2hcXhhkrtdfp_ezWew,338.1034973510872,© Google,OK,12_2,213714.07810784728,8234497.101431664,3399e60f38c253f4c32f7c3d34507c5a1535c1f0,cardinal,4,0,0_deg_north,cardinal,0,0,90,640,640,4,batch_0004,961,991
f7b106928220ad1887d0ecdeb85ad33e89f1592c,658bdf2d76aa2ecdeb51b0f20792da6ae7d5ee5a,-15.749216800087646,-47.76270124998069,-15.74921529048191,-47.76270493530281,2024-07,2024,NatUC4hPLFdkKIKhl2f9lw,78.31782423840644,© Google,OK,11_6,203949.89376760603,8256866.140915282,e27aa28bf64d50cea59f9de58871f83f781c32eb,cardinal,4,0,0_deg_north,cardinal,0,0,90,640,640,4,batch_0004,965,992
f99646d1c97bcf1d9145fd45859fc34ca1339361,d426502d7c58da09a81499cb6134ea58b7a618aa,-16.037506857006967,-47.98172193629201,-16.03743381302798,-47.98173397383601,2025-02,2025,BUO6FQq_HSDIyJhzehPzEw,90.61482957013081,© Google,OK,6_0,180917.58253614808,8224620.5731785875,8af543908c16daa468d977e4211e7ad18dd46aef,cardinal,4,0,0_deg_north,cardinal,0,0,90,640,640,4,batch_0004,969,993
f9c336916e44944742277b716be68f2935f8fa9e,75f597cd5e277a8351cfcf2b2c35e2c38704f255,-16.011668577073284,-48.116573258017965,-16.01164593288686,-48.1166107975478,2025-05,2025,CU73BQkLpMtqUppI5B69NQ,129.87633161844417,© Google,OK,3_0,166431.86497084907,8227269.7327352725,c06ee567505d60371a034ec1c7db25d9296a7d11,cardinal,4,0,0_deg_north,cardinal,0,0,90,640,640,4,batch_0004,973,994
f9d82f9722f7256a43c1a39d5a1e6c863e31356b,b5559d7ad2ac43ec4be013db0512e8a14bbcec2a,-16.048934092361716,-47.61724331384729,-16.0489468550783,-47.61725290849137,2024-09,2024,LDCzqbuEM4axn8Mi3OtcGw,191.4573446103118,© Google,OK,14_0,219962.21045829286,8223882.681346776,65d4167fc99a446f8b606f72dbb978fbe6c97ecf,cardinal,4,0,0_deg_north,cardinal,0,0,90,640,640,4,batch_0004,977,995
fa140897d312478aeab4e562207168b938936248,c48ae748e298be5c7d50b7d906f6e5fe0609c1d8,-15.780115400073216,-47.93267455006788,-15.78012599558765,-47.9326604434501,2024-05,2024,8PMRhP2oh3GN-adocOwZcw,106.98072212979005,© Google,OK,7_6,185769.9714302457,8253198.436667433,3740cf9d95c63f0b6f8a2aaa002121f5584cae56,cardinal,4,0,0_deg_north,cardinal,0,0,90,640,640,4,batch_0004,981,996
fa3d74f7699b686831a18e4490414a1159acfe1a,5bb76c5fdd7736b5c25ccb8557923e83e765cedf,-16.049640057105897,-47.586257396712035,-16.04961145734867,-47.58630417143883,2024-09,2024,japf_GnK1VXDRjWpALqm-g,89.2859268049921,© Google,OK,14_0,223280.5266688421,8223846.197325555,27fe68996fe4c8fa217036f3f238207ab283744a,cardinal,4,0,0_deg_north,cardinal,0,0,90,640,640,4,batch_0004,985,997
fbdac1f99882345aa1f5964f41692b837b45c548,6ef1e0e4c00e03ec67e035beafff413055e87996,-16.04967935000719,-47.537280850158396,-16.04962897148055,-47.53729412192208,2024-09,2024,dN92B-2fdvJW_G2kluSKJA,341.61468413353344,© Google,OK,15_0,228523.83078184127,8223906.704883313,4cca626a7f22cddfba9a6023f725536dc1cefc4b,cardinal,4,0,0_deg_north,cardinal,0,0,90,640,640,4,batch_0004,989,998
fd338ffe8c150d251785bb4c482b2c81dbd8cbbe,fbfacfeaa08b945dd9ad066f3385f8b4bb1d3a42,-15.87094745014476,-47.8216307002753,-15.87097413655823,-47.82159619541599,2024-12,2024,LQARgdACy83t51_cN7i-Hg,303.2027809284468,© Google,OK,9_4,197811.694666362,8243303.549435867,cac052853473aa75c8987d1fc82d0d86d7bfc83c,cardinal,4,0,0_deg_north,cardinal,0,0,90,640,640,4,batch_0004,993,999
ff2c05a625cf3eaa28532a5c1ae0ed66141ac1c4,50d722eb9095702f271ddc0472fb18836a90a074,-15.839064300064281,-48.11217819992919,-15.83905448309442,-48.11214656992077,2026-01,2026,Rl7hzalU0gh3TfwP39s0nA,53.23112203824428,© Google,OK,3_4,166617.4681379229,8246393.297403919,fa33c5028ca30726c6d71a81a95196d46ae3ccdd,cardinal,4,0,0_deg_north,cardinal,0,0,90,640,640,4,batch_0004,997,1000
