location_id,candidate_id,requested_lat,requested_lng,pano_lat,pano_lng,capture_date,capture_year,pano_id,road_heading,copyright,metadata_status,cell_id,x_m,y_m,image_id,heading_set,images_per_location,direction_index,direction_label,heading_strategy,image_heading,image_pitch,image_fov,image_width,image_height,batch_number,batch_id,batch_location_index,image_file,image_url,image_downloaded,download_status,download_error
0247045b7241dd3af6aa8c0a3791a333177b8e9e,a013a92cd86a9c466c3b932e767f08cc874ba8ac,-15.780048573455383,-47.79115578316595,-15.78004624269344,-47.79118588369622,2024-06,2024,TJfNFlQSEsWIqY88fXCMow,72.68922987222795,© Google,OK,10_6,200943.8738780545,8253412.129499357,53e49011f82d194dd163a0c564ef4990bc36c2d9,cardinal,4,0,0_deg_north,cardinal,0,0,90,640,640,1,batch_0001,1,datasets/df_2024_proportional/batch_0001/images/53e49011f82d194dd163a0c564ef4990bc36c2d9.jpg,https://raw.githubusercontent.com/GUIA-DD/dataset-streetview/refs/heads/main/datasets/df_2024_proportional/batch_0001/images/53e49011f82d194dd163a0c564ef4990bc36c2d9.jpg,True,downloaded,
0247045b7241dd3af6aa8c0a3791a333177b8e9e,a013a92cd86a9c466c3b932e767f08cc874ba8ac,-15.780048573455383,-47.79115578316595,-15.78004624269344,-47.79118588369622,2024-06,2024,TJfNFlQSEsWIqY88fXCMow,72.68922987222795,© Google,OK,10_6,200943.8738780545,8253412.129499357,ddbbdb8558b5b2f414ee1ad25f033f6195a6091b,cardinal,4,1,90_deg_east,cardinal,90,0,90,640,640,1,batch_0001,2,datasets/df_2024_proportional/batch_0001/images/ddbbdb8558b5b2f414ee1ad25f033f6195a6091b.jpg,https://raw.githubusercontent.com/GUIA-DD/dataset-streetview/refs/heads/main/datasets/df_2024_proportional/batch_0001/images/ddbbdb8558b5b2f414ee1ad25f033f6195a6091b.jpg,True,downloaded,
0247045b7241dd3af6aa8c0a3791a333177b8e9e,a013a92cd86a9c466c3b932e767f08cc874ba8ac,-15.780048573455383,-47.79115578316595,-15.78004624269344,-47.79118588369622,2024-06,2024,TJfNFlQSEsWIqY88fXCMow,72.68922987222795,© Google,OK,10_6,200943.8738780545,8253412.129499357,0711018c74456c374b708a8144ef42496141481a,cardinal,4,2,180_deg_south,cardinal,180,0,90,640,640,1,batch_0001,3,datasets/df_2024_proportional/batch_0001/images/0711018c74456c374b708a8144ef42496141481a.jpg,https://raw.githubusercontent.com/GUIA-DD/dataset-streetview/refs/heads/main/datasets/df_2024_proportional/batch_0001/images/0711018c74456c374b708a8144ef42496141481a.jpg,True,downloaded,
0247045b7241dd3af6aa8c0a3791a333177b8e9e,a013a92cd86a9c466c3b932e767f08cc874ba8ac,-15.780048573455383,-47.79115578316595,-15.78004624269344,-47.79118588369622,2024-06,2024,TJfNFlQSEsWIqY88fXCMow,72.68922987222795,© Google,OK,10_6,200943.8738780545,8253412.129499357,841fbc558691c10310404a5b2ab6918e94fffb2e,cardinal,4,3,270_deg_west,cardinal,270,0,90,640,640,1,batch_0001,4,datasets/df_2024_proportional/batch_0001/images/841fbc558691c10310404a5b2ab6918e94fffb2e.jpg,https://raw.githubusercontent.com/GUIA-DD/dataset-streetview/refs/heads/main/datasets/df_2024_proportional/batch_0001/images/841fbc558691c10310404a5b2ab6918e94fffb2e.jpg,True,downloaded,
038f1e3521515d99b34721d2c480d49249237d0a,e24dce6dd2c92d9fcea888056267f156d43ae408,-15.84718166123982,-47.84124888866619,-15.84715953640551,-47.84114463180433,2024-12,2024,ZiqXHXxqiPnLNLfqIzlkMg,226.15051871644496,© Google,OK,9_4,195673.4833397419,8245906.686540997,9301a6bc3d57a919bf315703f0e3b03095432898,cardinal,4,0,0_deg_north,cardinal,0,0,90,640,640,1,batch_0001,5,datasets/df_2024_proportional/batch_0001/images/9301a6bc3d57a919bf315703f0e3b03095432898.jpg,https://raw.githubusercontent.com/GUIA-DD/dataset-streetview/refs/heads/main/datasets/df_2024_proportional/batch_0001/images/9301a6bc3d57a919bf315703f0e3b03095432898.jpg,True,downloaded,
038f1e3521515d99b34721d2c480d49249237d0a,e24dce6dd2c92d9fcea888056267f156d43ae408,-15.84718166123982,-47.84124888866619,-15.84715953640551,-47.84114463180433,2024-12,2024,ZiqXHXxqiPnLNLfqIzlkMg,226.15051871644496,© Google,OK,9_4,195673.4833397419,8245906.686540997,53c5b3649d9d4dd1080317a1fd2d01ba94590e6a,cardinal,4,1,90_deg_east,cardinal,90,0,90,640,640,1,batch_0001,6,datasets/df_2024_proportional/batch_0001/images/53c5b3649d9d4dd1080317a1fd2d01ba94590e6a.jpg,https://raw.githubusercontent.com/GUIA-DD/dataset-streetview/refs/heads/main/datasets/df_2024_proportional/batch_0001/images/53c5b3649d9d4dd1080317a1fd2d01ba94590e6a.jpg,True,downloaded,
038f1e3521515d99b34721d2c480d49249237d0a,e24dce6dd2c92d9fcea888056267f156d43ae408,-15.84718166123982,-47.84124888866619,-15.84715953640551,-47.84114463180433,2024-12,2024,ZiqXHXxqiPnLNLfqIzlkMg,226.15051871644496,© Google,OK,9_4,195673.4833397419,8245906.686540997,d7b0128c99b4cf34d5b247ac850c0cea7936aa42,cardinal,4,2,180_deg_south,cardinal,180,0,90,640,640,1,batch_0001,7,datasets/df_2024_proportional/batch_0001/images/d7b0128c99b4cf34d5b247ac850c0cea7936aa42.jpg,https://raw.githubusercontent.com/GUIA-DD/dataset-streetview/refs/heads/main/datasets/df_2024_proportional/batch_0001/images/d7b0128c99b4cf34d5b247ac850c0cea7936aa42.jpg,True,downloaded,
038f1e3521515d99b34721d2c480d49249237d0a,e24dce6dd2c92d9fcea888056267f156d43ae408,-15.84718166123982,-47.84124888866619,-15.84715953640551,-47.84114463180433,2024-12,2024,ZiqXHXxqiPnLNLfqIzlkMg,226.15051871644496,© Google,OK,9_4,195673.4833397419,8245906.686540997,3bb4bb990a16647007df9041eba94b8d9e027f1f,cardinal,4,3,270_deg_west,cardinal,270,0,90,640,640,1,batch_0001,8,datasets/df_2024_proportional/batch_0001/images/3bb4bb990a16647007df9041eba94b8d9e027f1f.jpg,https://raw.githubusercontent.com/GUIA-DD/dataset-streetview/refs/heads/main/datasets/df_2024_proportional/batch_0001/images/3bb4bb990a16647007df9041eba94b8d9e027f1f.jpg,True,downloaded,
03b281f712acacaac55097a278d085c89dc69c58,5bba5d90dbbb8b5935c723c0f6ec21c2383af481,-15.71764347415502,-47.86333927233109,-15.71763247533713,-47.86337439392425,2025-07,2025,AvHKN72krMeWRbBnclvV8g,285.39061489252276,© Google,OK,8_7,193110.56560979603,8260218.336082271,f613978ffb3ceae3e174a9abb20b7a8eefc2c6ea,cardinal,4,0,0_deg_north,cardinal,0,0,90,640,640,1,batch_0001,9,datasets/df_2024_proportional/batch_0001/images/f613978ffb3ceae3e174a9abb20b7a8eefc2c6ea.jpg,https://raw.githubusercontent.com/GUIA-DD/dataset-streetview/refs/heads/main/datasets/df_2024_proportional/batch_0001/images/f613978ffb3ceae3e174a9abb20b7a8eefc2c6ea.jpg,True,downloaded,
03b281f712acacaac55097a278d085c89dc69c58,5bba5d90dbbb8b5935c723c0f6ec21c2383af481,-15.71764347415502,-47.86333927233109,-15.71763247533713,-47.86337439392425,2025-07,2025,AvHKN72krMeWRbBnclvV8g,285.39061489252276,© Google,OK,8_7,193110.56560979603,8260218.336082271,f1ada84ef19036cf50ecc969156febe8c05de6a6,cardinal,4,1,90_deg_east,cardinal,90,0,90,640,640,1,batch_0001,10,datasets/df_2024_proportional/batch_0001/images/f1ada84ef19036cf50ecc969156febe8c05de6a6.jpg,https://raw.githubusercontent.com/GUIA-DD/dataset-streetview/refs/heads/main/datasets/df_2024_proportional/batch_0001/images/f1ada84ef19036cf50ecc969156febe8c05de6a6.jpg,True,downloaded,
03b281f712acacaac55097a278d085c89dc69c58,5bba5d90dbbb8b5935c723c0f6ec21c2383af481,-15.71764347415502,-47.86333927233109,-15.71763247533713,-47.86337439392425,2025-07,2025,AvHKN72krMeWRbBnclvV8g,285.39061489252276,© Google,OK,8_7,193110.56560979603,8260218.336082271,09af7941dbce1faf3d30fab040d81f9ef0a261f9,cardinal,4,2,180_deg_south,cardinal,180,0,90,640,640,1,batch_0001,11,datasets/df_2024_proportional/batch_0001/images/09af7941dbce1faf3d30fab040d81f9ef0a261f9.jpg,https://raw.githubusercontent.com/GUIA-DD/dataset-streetview/refs/heads/main/datasets/df_2024_proportional/batch_0001/images/09af7941dbce1faf3d30fab040d81f9ef0a261f9.jpg,True,downloaded,
03b281f712acacaac55097a278d085c89dc69c58,5bba5d90dbbb8b5935c723c0f6ec21c2383af481,-15.71764347415502,-47.86333927233109,-15.71763247533713,-47.86337439392425,2025-07,2025,AvHKN72krMeWRbBnclvV8g,285.39061489252276,© Google,OK,8_7,193110.56560979603,8260218.336082271,82f60aff5a038cf88d43bcb047a98ea78f1f2c81,cardinal,4,3,270_deg_west,cardinal,270,0,90,640,640,1,batch_0001,12,datasets/df_2024_proportional/batch_0001/images/82f60aff5a038cf88d43bcb047a98ea78f1f2c81.jpg,https://raw.githubusercontent.com/GUIA-DD/dataset-streetview/refs/heads/main/datasets/df_2024_proportional/batch_0001/images/82f60aff5a038cf88d43bcb047a98ea78f1f2c81.jpg,True,downloaded,
03feb506e81eaea63e88981072e7b83725c97f1b,4764fc9cc3bfff1b5494428a669b43eecd48cad0,-15.79474300014736,-48.124278549917506,-15.79475218292918,-48.12431071615482,2026-01,2026,2GPz36Czu-z41FFWRQw0Cw,247.84271707001963,© Google,OK,3_5,165247.12545078062,8251282.753044648,686acc2a4b4d1dbfc8ab15ee7b3ccd86e0c69851,cardinal,4,0,0_deg_north,cardinal,0,0,90,640,640,1,batch_0001,13,datasets/df_2024_proportional/batch_0001/images/686acc2a4b4d1dbfc8ab15ee7b3ccd86e0c69851.jpg,https://raw.githubusercontent.com/GUIA-DD/dataset-streetview/refs/heads/main/datasets/df_2024_proportional/batch_0001/images/686acc2a4b4d1dbfc8ab15ee7b3ccd86e0c69851.jpg,True,downloaded,
03feb506e81eaea63e88981072e7b83725c97f1b,4764fc9cc3bfff1b5494428a669b43eecd48cad0,-15.79474300014736,-48.124278549917506,-15.79475218292918,-48.12431071615482,2026-01,2026,2GPz36Czu-z41FFWRQw0Cw,247.84271707001963,© Google,OK,3_5,165247.12545078062,8251282.753044648,6be49858c26b5493899c835686f35a7cf48cd328,cardinal,4,1,90_deg_east,cardinal,90,0,90,640,640,1,batch_0001,14,datasets/df_2024_proportional/batch_0001/images/6be49858c26b5493899c835686f35a7cf48cd328.jpg,https://raw.githubusercontent.com/GUIA-DD/dataset-streetview/refs/heads/main/datasets/df_2024_proportional/batch_0001/images/6be49858c26b5493899c835686f35a7cf48cd328.jpg,True,downloaded,
03feb506e81eaea63e88981072e7b83725c97f1b,4764fc9cc3bfff1b5494428a669b43eecd48cad0,-15.79474300014736,-48.124278549917506,-15.79475218292918,-48.12431071615482,2026-01,2026,2GPz36Czu-z41FFWRQw0Cw,247.84271707001963,© Google,OK,3_5,165247.12545078062,8251282.753044648,cdbbb7c5ba73baf79eeb731dc5e590a8ecbaf8ab,cardinal,4,2,180_deg_south,cardinal,180,0,90,640,640,1,batch_0001,15,datasets/df_2024_proportional/batch_0001/images/cdbbb7c5ba73baf79eeb731dc5e590a8ecbaf8ab.jpg,https://raw.githubusercontent.com/GUIA-DD/dataset-streetview/refs/heads/main/datasets/df_2024_proportional/batch_0001/images/cdbbb7c5ba73baf79eeb731dc5e590a8ecbaf8ab.jpg,True,downloaded,
03feb506e81eaea63e88981072e7b83725c97f1b,4764fc9cc3bfff1b5494428a669b43eecd48cad0,-15.79474300014736,-48.124278549917506,-15.79475218292918,-48.12431071615482,2026-01,2026,2GPz36Czu-z41FFWRQw0Cw,247.84271707001963,© Google,OK,3_5,165247.12545078062,8251282.753044648,1b736f9fff4de68c184a3f86632f8ac4dd65f6c7,cardinal,4,3,270_deg_west,cardinal,270,0,90,640,640,1,batch_0001,16,datasets/df_2024_proportional/batch_0001/images/1b736f9fff4de68c184a3f86632f8ac4dd65f6c7.jpg,https://raw.githubusercontent.com/GUIA-DD/dataset-streetview/refs/heads/main/datasets/df_2024_proportional/batch_0001/images/1b736f9fff4de68c184a3f86632f8ac4dd65f6c7.jpg,True,downloaded,
040f38d58cda78641e8093cca61c1cdc33eb6c23,4e8c6973598f61a96ee58978d687544f916e25e1,-15.779843600002659,-47.99382765000085,-15.77983375737078,-47.9938166199928,2024-09,2024,vP0matOC8Ttlc6_rd9f5-Q,272.7977579880235,© Google,OK,6_6,179212.04828038608,8253136.2236522585,82169c12a6b1c4ad6ecefbd0e8ad4421089c2304,cardinal,4,0,0_deg_north,cardinal,0,0,90,640,640,1,batch_0001,17,datasets/df_2024_proportional/batch_0001/images/82169c12a6b1c4ad6ecefbd0e8ad4421089c2304.jpg,https://raw.githubusercontent.com/GUIA-DD/dataset-streetview/refs/heads/main/datasets/df_2024_proportional/batch_0001/images/82169c12a6b1c4ad6ecefbd0e8ad4421089c2304.jpg,True,downloaded,
040f38d58cda78641e8093cca61c1cdc33eb6c23,4e8c6973598f61a96ee58978d687544f916e25e1,-15.779843600002659,-47.99382765000085,-15.77983375737078,-47.9938166199928,2024-09,2024,vP0matOC8Ttlc6_rd9f5-Q,272.7977579880235,© Google,OK,6_6,179212.04828038608,8253136.2236522585,214e212717bebbee4370b26e265d52dd027753b6,cardinal,4,1,90_deg_east,cardinal,90,0,90,640,640,1,batch_0001,18,datasets/df_2024_proportional/batch_0001/images/214e212717bebbee4370b26e265d52dd027753b6.jpg,https://raw.githubusercontent.com/GUIA-DD/dataset-streetview/refs/heads/main/datasets/df_2024_proportional/batch_0001/images/214e212717bebbee4370b26e265d52dd027753b6.jpg,True,downloaded,
040f38d58cda78641e8093cca61c1cdc33eb6c23,4e8c6973598f61a96ee58978d687544f916e25e1,-15.779843600002659,-47.99382765000085,-15.77983375737078,-47.9938166199928,2024-09,2024,vP0matOC8Ttlc6_rd9f5-Q,272.7977579880235,© Google,OK,6_6,179212.04828038608,8253136.2236522585,f93a71fc20b8294b06781bb74b0b14d028784ecd,cardinal,4,2,180_deg_south,cardinal,180,0,90,640,640,1,batch_0001,19,datasets/df_2024_proportional/batch_0001/images/f93a71fc20b8294b06781bb74b0b14d028784ecd.jpg,https://raw.githubusercontent.com/GUIA-DD/dataset-streetview/refs/heads/main/datasets/df_2024_proportional/batch_0001/images/f93a71fc20b8294b06781bb74b0b14d028784ecd.jpg,True,downloaded,
040f38d58cda78641e8093cca61c1cdc33eb6c23,4e8c6973598f61a96ee58978d687544f916e25e1,-15.779843600002659,-47.99382765000085,-15.77983375737078,-47.9938166199928,2024-09,2024,vP0matOC8Ttlc6_rd9f5-Q,272.7977579880235,© Google,OK,6_6,179212.04828038608,8253136.2236522585,32d252aad29972eef4928387beef4027ed02a9e9,cardinal,4,3,270_deg_west,cardinal,270,0,90,640,640,1,batch_0001,20,datasets/df_2024_proportional/batch_0001/images/32d252aad29972eef4928387beef4027ed02a9e9.jpg,https://raw.githubusercontent.com/GUIA-DD/dataset-streetview/refs/heads/main/datasets/df_2024_proportional/batch_0001/images/32d252aad29972eef4928387beef4027ed02a9e9.jpg,True,downloaded,
04c9534f45b0cbc13eee11713343cdfe781d9c5d,8eb8958b959e2e547d8deb54d4a7aec762c1478b,-15.633585026177629,-47.8356024706366,-15.63356620699295,-47.83558913088069,2024-08,2024,MTQse_BbZc0X_K5uNibNgw,269.98255612347737,© Google,OK,9_9,195960.89689028997,8269566.04532452,a157400fc69854ed02527c1c9e1294e9e52411fd,cardinal,4,0,0_deg_north,cardinal,0,0,90,640,640,1,batch_0001,21,datasets/df_2024_proportional/batch_0001/images/a157400fc69854ed02527c1c9e1294e9e52411fd.jpg,https://raw.githubusercontent.com/GUIA-DD/dataset-streetview/refs/heads/main/datasets/df_2024_proportional/batch_0001/images/a157400fc69854ed02527c1c9e1294e9e52411fd.jpg,True,downloaded,
04c9534f45b0cbc13eee11713343cdfe781d9c5d,8eb8958b959e2e547d8deb54d4a7aec762c1478b,-15.633585026177629,-47.8356024706366,-15.63356620699295,-47.83558913088069,2024-08,2024,MTQse_BbZc0X_K5uNibNgw,269.98255612347737,© Google,OK,9_9,195960.89689028997,8269566.04532452,162c1082f2cce8edfc94e9bdcd9ae8d3a41230cb,cardinal,4,1,90_deg_east,cardinal,90,0,90,640,640,1,batch_0001,22,datasets/df_2024_proportional/batch_0001/images/162c1082f2cce8edfc94e9bdcd9ae8d3a41230cb.jpg,https://raw.githubusercontent.com/GUIA-DD/dataset-streetview/refs/heads/main/datasets/df_2024_proportional/batch_0001/images/162c1082f2cce8edfc94e9bdcd9ae8d3a41230cb.jpg,True,downloaded,
04c9534f45b0cbc13eee11713343cdfe781d9c5d,8eb8958b959e2e547d8deb54d4a7aec762c1478b,-15.633585026177629,-47.8356024706366,-15.63356620699295,-47.83558913088069,2024-08,2024,MTQse_BbZc0X_K5uNibNgw,269.98255612347737,© Google,OK,9_9,195960.89689028997,8269566.04532452,c7cacebd82d0e0d5b78e9924c3c333f46a36b23e,cardinal,4,2,180_deg_south,cardinal,180,0,90,640,640,1,batch_0001,23,datasets/df_2024_proportional/batch_0001/images/c7cacebd82d0e0d5b78e9924c3c333f46a36b23e.jpg,https://raw.githubusercontent.com/GUIA-DD/dataset-streetview/refs/heads/main/datasets/df_2024_proportional/batch_0001/images/c7cacebd82d0e0d5b78e9924c3c333f46a36b23e.jpg,True,downloaded,
04c9534f45b0cbc13eee11713343cdfe781d9c5d,8eb8958b959e2e547d8deb54d4a7aec762c1478b,-15.633585026177629,-47.8356024706366,-15.63356620699295,-47.83558913088069,2024-08,2024,MTQse_BbZc0X_K5uNibNgw,269.98255612347737,© Google,OK,9_9,195960.89689028997,8269566.04532452,d2450576689e42d1f697f3e821bc051c16161a4b,cardinal,4,3,270_deg_west,cardinal,270,0,90,640,640,1,batch_0001,24,datasets/df_2024_proportional/batch_0001/images/d2450576689e42d1f697f3e821bc051c16161a4b.jpg,https://raw.githubusercontent.com/GUIA-DD/dataset-streetview/refs/heads/main/datasets/df_2024_proportional/batch_0001/images/d2450576689e42d1f697f3e821bc051c16161a4b.jpg,True,downloaded,
04fbbfa0d214a5e005e40e013b94cf7a48038df4,6d352672b148392f6aa1ed7926671f66d2b1caca,-15.868708400020514,-48.017619300114234,-15.86870770818915,-48.01763217296375,2024-06,2024,WAN2m3jvmFx00aeGPXQeRw,324.99715499579577,© Google,OK,5_4,176802.23399485307,8243258.529993181,7b91f082c0e9cedb65147189e2e7fdc6866a1c5c,cardinal,4,0,0_deg_north,cardinal,0,0,90,640,640,1,batch_0001,25,datasets/df_2024_proportional/batch_0001/images/7b91f082c0e9cedb65147189e2e7fdc6866a1c5c.jpg,https://raw.githubusercontent.com/GUIA-DD/dataset-streetview/refs/heads/main/datasets/df_2024_proportional/batch_0001/images/7b91f082c0e9cedb65147189e2e7fdc6866a1c5c.jpg,True,downloaded,
04fbbfa0d214a5e005e40e013b94cf7a48038df4,6d352672b148392f6aa1ed7926671f66d2b1caca,-15.868708400020514,-48.017619300114234,-15.86870770818915,-48.01763217296375,2024-06,2024,WAN2m3jvmFx00aeGPXQeRw,324.99715499579577,© Google,OK,5_4,176802.23399485307,8243258.529993181,3831b48b846229bebf6aa7df41cf703721aca0d5,cardinal,4,1,90_deg_east,cardinal,90,0,90,640,640,1,batch_0001,26,datasets/df_2024_proportional/batch_0001/images/3831b48b846229bebf6aa7df41cf703721aca0d5.jpg,https://raw.githubusercontent.com/GUIA-DD/dataset-streetview/refs/heads/main/datasets/df_2024_proportional/batch_0001/images/3831b48b846229bebf6aa7df41cf703721aca0d5.jpg,True,downloaded,
04fbbfa0d214a5e005e40e013b94cf7a48038df4,6d352672b148392f6aa1ed7926671f66d2b1caca,-15.868708400020514,-48.017619300114234,-15.86870770818915,-48.01763217296375,2024-06,2024,WAN2m3jvmFx00aeGPXQeRw,324.99715499579577,© Google,OK,5_4,176802.23399485307,8243258.529993181,c9ccdf9ba7a878699eefb3925bb8eb9c180bdb2c,cardinal,4,2,180_deg_south,cardinal,180,0,90,640,640,1,batch_0001,27,datasets/df_2024_proportional/batch_0001/images/c9ccdf9ba7a878699eefb3925bb8eb9c180bdb2c.jpg,https://raw.githubusercontent.com/GUIA-DD/dataset-streetview/refs/heads/main/datasets/df_2024_proportional/batch_0001/images/c9ccdf9ba7a878699eefb3925bb8eb9c180bdb2c.jpg,True,downloaded,
04fbbfa0d214a5e005e40e013b94cf7a48038df4,6d352672b148392f6aa1ed7926671f66d2b1caca,-15.868708400020514,-48.017619300114234,-15.86870770818915,-48.01763217296375,2024-06,2024,WAN2m3jvmFx00aeGPXQeRw,324.99715499579577,© Google,OK,5_4,176802.23399485307,8243258.529993181,7ec6758bc4235bf956cb7579fd70a48e8a25df5f,cardinal,4,3,270_deg_west,cardinal,270,0,90,640,640,1,batch_0001,28,datasets/df_2024_proportional/batch_0001/images/7ec6758bc4235bf956cb7579fd70a48e8a25df5f.jpg,https://raw.githubusercontent.com/GUIA-DD/dataset-streetview/refs/heads/main/datasets/df_2024_proportional/batch_0001/images/7ec6758bc4235bf956cb7579fd70a48e8a25df5f.jpg,True,downloaded,
07a0528f253744e6a2c715f0e7be5c5ed8d58a85,1d173b73bf003980fbb26c073531138504820dc6,-15.880927500151392,-48.120026349886224,-15.88093688350221,-48.12003858922463,2025-03,2025,FWcv_6UN3D6B7GvGqU_PlA,62.50070210610362,© Google,OK,3_3,165845.11657915948,8241744.296072256,7ea126730995f1b3bc4db96ef18b8e8c12890e85,cardinal,4,0,0_deg_north,cardinal,0,0,90,640,640,1,batch_0001,29,datasets/df_2024_proportional/batch_0001/images/7ea126730995f1b3bc4db96ef18b8e8c12890e85.jpg,https://raw.githubusercontent.com/GUIA-DD/dataset-streetview/refs/heads/main/datasets/df_2024_proportional/batch_0001/images/7ea126730995f1b3bc4db96ef18b8e8c12890e85.jpg,True,downloaded,
07a0528f253744e6a2c715f0e7be5c5ed8d58a85,1d173b73bf003980fbb26c073531138504820dc6,-15.880927500151392,-48.120026349886224,-15.88093688350221,-48.12003858922463,2025-03,2025,FWcv_6UN3D6B7GvGqU_PlA,62.50070210610362,© Google,OK,3_3,165845.11657915948,8241744.296072256,66db3c1323175863d19ec36555314e29e6d840ce,cardinal,4,1,90_deg_east,cardinal,90,0,90,640,640,1,batch_0001,30,datasets/df_2024_proportional/batch_0001/images/66db3c1323175863d19ec36555314e29e6d840ce.jpg,https://raw.githubusercontent.com/GUIA-DD/dataset-streetview/refs/heads/main/datasets/df_2024_proportional/batch_0001/images/66db3c1323175863d19ec36555314e29e6d840ce.jpg,True,downloaded,
07a0528f253744e6a2c715f0e7be5c5ed8d58a85,1d173b73bf003980fbb26c073531138504820dc6,-15.880927500151392,-48.120026349886224,-15.88093688350221,-48.12003858922463,2025-03,2025,FWcv_6UN3D6B7GvGqU_PlA,62.50070210610362,© Google,OK,3_3,165845.11657915948,8241744.296072256,f87055bd54ec26093e3477c33c71b311be7cf08f,cardinal,4,2,180_deg_south,cardinal,180,0,90,640,640,1,batch_0001,31,datasets/df_2024_proportional/batch_0001/images/f87055bd54ec26093e3477c33c71b311be7cf08f.jpg,https://raw.githubusercontent.com/GUIA-DD/dataset-streetview/refs/heads/main/datasets/df_2024_proportional/batch_0001/images/f87055bd54ec26093e3477c33c71b311be7cf08f.jpg,True,downloaded,
07a0528f253744e6a2c715f0e7be5c5ed8d58a85,1d173b73bf003980fbb26c073531138504820dc6,-15.880927500151392,-48.120026349886224,-15.88093688350221,-48.12003858922463,2025-03,2025,FWcv_6UN3D6B7GvGqU_PlA,62.50070210610362,© Google,OK,3_3,165845.11657915948,8241744.296072256,e8716356e97982a0fb3befb13390b7a0b055f0b1,cardinal,4,3,270_deg_west,cardinal,270,0,90,640,640,1,batch_0001,32,datasets/df_2024_proportional/batch_0001/images/e8716356e97982a0fb3befb13390b7a0b055f0b1.jpg,https://raw.githubusercontent.com/GUIA-DD/dataset-streetview/refs/heads/main/datasets/df_2024_proportional/batch_0001/images/e8716356e97982a0fb3befb13390b7a0b055f0b1.jpg,True,downloaded,
08149742430043d0930b494daf376d7a4bd5b839,bf1fd9fe2276677f67eee473aaef821d1d2d4f2f,-15.653186900547738,-48.19536020023551,-15.65320646794428,-48.19541105304275,2024-08,2024,ACMrOCNDW7nwVktblSiP-g,95.11847422830454,© Google,OK,1_8,157387.12114964597,8266846.889551979,90ff37561724b520c292b1cc2589c8cf42cfc74f,cardinal,4,0,0_deg_north,cardinal,0,0,90,640,640,1,batch_0001,33,datasets/df_2024_proportional/batch_0001/images/90ff37561724b520c292b1cc2589c8cf42cfc74f.jpg,https://raw.githubusercontent.com/GUIA-DD/dataset-streetview/refs/heads/main/datasets/df_2024_proportional/batch_0001/images/90ff37561724b520c292b1cc2589c8cf42cfc74f.jpg,True,downloaded,
08149742430043d0930b494daf376d7a4bd5b839,bf1fd9fe2276677f67eee473aaef821d1d2d4f2f,-15.653186900547738,-48.19536020023551,-15.65320646794428,-48.19541105304275,2024-08,2024,ACMrOCNDW7nwVktblSiP-g,95.11847422830454,© Google,OK,1_8,157387.12114964597,8266846.889551979,7ceb6db071695a09d520becbe46ee8389f4c1ed7,cardinal,4,1,90_deg_east,cardinal,90,0,90,640,640,1,batch_0001,34,datasets/df_2024_proportional/batch_0001/images/7ceb6db071695a09d520becbe46ee8389f4c1ed7.jpg,https://raw.githubusercontent.com/GUIA-DD/dataset-streetview/refs/heads/main/datasets/df_2024_proportional/batch_0001/images/7ceb6db071695a09d520becbe46ee8389f4c1ed7.jpg,True,downloaded,
08149742430043d0930b494daf376d7a4bd5b839,bf1fd9fe2276677f67eee473aaef821d1d2d4f2f,-15.653186900547738,-48.19536020023551,-15.65320646794428,-48.19541105304275,2024-08,2024,ACMrOCNDW7nwVktblSiP-g,95.11847422830454,© Google,OK,1_8,157387.12114964597,8266846.889551979,b8a4b26f5a15dc05b4ff19bdddfa39732026ada7,cardinal,4,2,180_deg_south,cardinal,180,0,90,640,640,1,batch_0001,35,datasets/df_2024_proportional/batch_0001/images/b8a4b26f5a15dc05b4ff19bdddfa39732026ada7.jpg,https://raw.githubusercontent.com/GUIA-DD/dataset-streetview/refs/heads/main/datasets/df_2024_proportional/batch_0001/images/b8a4b26f5a15dc05b4ff19bdddfa39732026ada7.jpg,True,downloaded,
08149742430043d0930b494daf376d7a4bd5b839,bf1fd9fe2276677f67eee473aaef821d1d2d4f2f,-15.653186900547738,-48.19536020023551,-15.65320646794428,-48.19541105304275,2024-08,2024,ACMrOCNDW7nwVktblSiP-g,95.11847422830454,© Google,OK,1_8,157387.12114964597,8266846.889551979,7f3666e776f57484e73447c74dcc7ea394a2c524,cardinal,4,3,270_deg_west,cardinal,270,0,90,640,640,1,batch_0001,36,datasets/df_2024_proportional/batch_0001/images/7f3666e776f57484e73447c74dcc7ea394a2c524.jpg,https://raw.githubusercontent.com/GUIA-DD/dataset-streetview/refs/heads/main/datasets/df_2024_proportional/batch_0001/images/7f3666e776f57484e73447c74dcc7ea394a2c524.jpg,True,downloaded,
081b9ee8c270009116d72b61e7e6cce3c09bdb42,8686ea741c53d362d5edc87f3a418f9783f3059e,-15.823182915414229,-48.113243059825024,-15.82320747261937,-48.11325124840735,2024-07,2024,HwOiWQ7LL6KU1nLxGhDOGg,152.220742532496,© Google,OK,3_5,166477.20345124407,8248150.509883991,ab2aee5f7d37268860642fb28948c4f49770f324,cardinal,4,0,0_deg_north,cardinal,0,0,90,640,640,1,batch_0001,37,datasets/df_2024_proportional/batch_0001/images/ab2aee5f7d37268860642fb28948c4f49770f324.jpg,https://raw.githubusercontent.com/GUIA-DD/dataset-streetview/refs/heads/main/datasets/df_2024_proportional/batch_0001/images/ab2aee5f7d37268860642fb28948c4f49770f324.jpg,True,downloaded,
081b9ee8c270009116d72b61e7e6cce3c09bdb42,8686ea741c53d362d5edc87f3a418f9783f3059e,-15.823182915414229,-48.113243059825024,-15.82320747261937,-48.11325124840735,2024-07,2024,HwOiWQ7LL6KU1nLxGhDOGg,152.220742532496,© Google,OK,3_5,166477.20345124407,8248150.509883991,6ef335825411cce7dbec24f58958f89f9a3bde93,cardinal,4,1,90_deg_east,cardinal,90,0,90,640,640,1,batch_0001,38,datasets/df_2024_proportional/batch_0001/images/6ef335825411cce7dbec24f58958f89f9a3bde93.jpg,https://raw.githubusercontent.com/GUIA-DD/dataset-streetview/refs/heads/main/datasets/df_2024_proportional/batch_0001/images/6ef335825411cce7dbec24f58958f89f9a3bde93.jpg,True,downloaded,
081b9ee8c270009116d72b61e7e6cce3c09bdb42,8686ea741c53d362d5edc87f3a418f9783f3059e,-15.823182915414229,-48.113243059825024,-15.82320747261937,-48.11325124840735,2024-07,2024,HwOiWQ7LL6KU1nLxGhDOGg,152.220742532496,© Google,OK,3_5,166477.20345124407,8248150.509883991,b805fbff72ca7fdc254fd452c00910a3ecde6da0,cardinal,4,2,180_deg_south,cardinal,180,0,90,640,640,1,batch_0001,39,datasets/df_2024_proportional/batch_0001/images/b805fbff72ca7fdc254fd452c00910a3ecde6da0.jpg,https://raw.githubusercontent.com/GUIA-DD/dataset-streetview/refs/heads/main/datasets/df_2024_proportional/batch_0001/images/b805fbff72ca7fdc254fd452c00910a3ecde6da0.jpg,True,downloaded,
081b9ee8c270009116d72b61e7e6cce3c09bdb42,8686ea741c53d362d5edc87f3a418f9783f3059e,-15.823182915414229,-48.113243059825024,-15.82320747261937,-48.11325124840735,2024-07,2024,HwOiWQ7LL6KU1nLxGhDOGg,152.220742532496,© Google,OK,3_5,166477.20345124407,8248150.509883991,951e26896318217f9d63fefadfac21a96fb0c774,cardinal,4,3,270_deg_west,cardinal,270,0,90,640,640,1,batch_0001,40,datasets/df_2024_proportional/batch_0001/images/951e26896318217f9d63fefadfac21a96fb0c774.jpg,https://raw.githubusercontent.com/GUIA-DD/dataset-streetview/refs/heads/main/datasets/df_2024_proportional/batch_0001/images/951e26896318217f9d63fefadfac21a96fb0c774.jpg,True,downloaded,
08741814b43ba8bf7e48fe92d047560110b35dcc,06fa62b36a58736c5dfc290abf87bbe01b7616b0,-15.748222600507894,-47.7494261491968,-15.74821254314198,-47.74942722106348,2024-06,2024,5z6nlNgPPpWFgs265F9m5A,43.289543501508305,© Google,OK,11_6,205371.95419219634,8256994.820128572,547b01c25f4fb9b9d158290a05da04b9cc5801c1,cardinal,4,0,0_deg_north,cardinal,0,0,90,640,640,1,batch_0001,41,datasets/df_2024_proportional/batch_0001/images/547b01c25f4fb9b9d158290a05da04b9cc5801c1.jpg,https://raw.githubusercontent.com/GUIA-DD/dataset-streetview/refs/heads/main/datasets/df_2024_proportional/batch_0001/images/547b01c25f4fb9b9d158290a05da04b9cc5801c1.jpg,True,downloaded,
08741814b43ba8bf7e48fe92d047560110b35dcc,06fa62b36a58736c5dfc290abf87bbe01b7616b0,-15.748222600507894,-47.7494261491968,-15.74821254314198,-47.74942722106348,2024-06,2024,5z6nlNgPPpWFgs265F9m5A,43.289543501508305,© Google,OK,11_6,205371.95419219634,8256994.820128572,7383d3dca33b5397cca1e1fb41bb6293b6323fe6,cardinal,4,1,90_deg_east,cardinal,90,0,90,640,640,1,batch_0001,42,datasets/df_2024_proportional/batch_0001/images/7383d3dca33b5397cca1e1fb41bb6293b6323fe6.jpg,https://raw.githubusercontent.com/GUIA-DD/dataset-streetview/refs/heads/main/datasets/df_2024_proportional/batch_0001/images/7383d3dca33b5397cca1e1fb41bb6293b6323fe6.jpg,True,downloaded,
08741814b43ba8bf7e48fe92d047560110b35dcc,06fa62b36a58736c5dfc290abf87bbe01b7616b0,-15.748222600507894,-47.7494261491968,-15.74821254314198,-47.74942722106348,2024-06,2024,5z6nlNgPPpWFgs265F9m5A,43.289543501508305,© Google,OK,11_6,205371.95419219634,8256994.820128572,01381a1a5056822079a4e5c17cc8a2e5585dcfb3,cardinal,4,2,180_deg_south,cardinal,180,0,90,640,640,1,batch_0001,43,datasets/df_2024_proportional/batch_0001/images/01381a1a5056822079a4e5c17cc8a2e5585dcfb3.jpg,https://raw.githubusercontent.com/GUIA-DD/dataset-streetview/refs/heads/main/datasets/df_2024_proportional/batch_0001/images/01381a1a5056822079a4e5c17cc8a2e5585dcfb3.jpg,True,downloaded,
08741814b43ba8bf7e48fe92d047560110b35dcc,06fa62b36a58736c5dfc290abf87bbe01b7616b0,-15.748222600507894,-47.7494261491968,-15.74821254314198,-47.74942722106348,2024-06,2024,5z6nlNgPPpWFgs265F9m5A,43.289543501508305,© Google,OK,11_6,205371.95419219634,8256994.820128572,d8fc0c2e57dd3978cf80e813a965ed4847fc708c,cardinal,4,3,270_deg_west,cardinal,270,0,90,640,640,1,batch_0001,44,datasets/df_2024_proportional/batch_0001/images/d8fc0c2e57dd3978cf80e813a965ed4847fc708c.jpg,https://raw.githubusercontent.com/GUIA-DD/dataset-streetview/refs/heads/main/datasets/df_2024_proportional/batch_0001/images/d8fc0c2e57dd3978cf80e813a965ed4847fc708c.jpg,True,downloaded,
093ff971a477a9224e0ed9bdffeee94be9b3e89e,18f1d4716c3264cf301f0b4e403a1152dda75c9b,-15.92485220003825,-48.10869304991154,-15.92488392186361,-48.10871844558127,2025-07,2025,c8aEW2hESVWwQQH-pbe0rg,29.692494806864744,© Google,OK,3_2,167132.33148271832,8236897.597290944,2591390ff5ddb62162529d48fe4b810eb9f25e02,cardinal,4,0,0_deg_north,cardinal,0,0,90,640,640,1,batch_0001,45,datasets/df_2024_proportional/batch_0001/images/2591390ff5ddb62162529d48fe4b810eb9f25e02.jpg,https://raw.githubusercontent.com/GUIA-DD/dataset-streetview/refs/heads/main/datasets/df_2024_proportional/batch_0001/images/2591390ff5ddb62162529d48fe4b810eb9f25e02.jpg,True,downloaded,
093ff971a477a9224e0ed9bdffeee94be9b3e89e,18f1d4716c3264cf301f0b4e403a1152dda75c9b,-15.92485220003825,-48.10869304991154,-15.92488392186361,-48.10871844558127,2025-07,2025,c8aEW2hESVWwQQH-pbe0rg,29.692494806864744,© Google,OK,3_2,167132.33148271832,8236897.597290944,9813b8412d364b898eca63f3abf10fe848da8b08,cardinal,4,1,90_deg_east,cardinal,90,0,90,640,640,1,batch_0001,46,datasets/df_2024_proportional/batch_0001/images/9813b8412d364b898eca63f3abf10fe848da8b08.jpg,https://raw.githubusercontent.com/GUIA-DD/dataset-streetview/refs/heads/main/datasets/df_2024_proportional/batch_0001/images/9813b8412d364b898eca63f3abf10fe848da8b08.jpg,True,downloaded,
093ff971a477a9224e0ed9bdffeee94be9b3e89e,18f1d4716c3264cf301f0b4e403a1152dda75c9b,-15.92485220003825,-48.10869304991154,-15.92488392186361,-48.10871844558127,2025-07,2025,c8aEW2hESVWwQQH-pbe0rg,29.692494806864744,© Google,OK,3_2,167132.33148271832,8236897.597290944,0a96d0a0b061c2d5c5d8089a0c9233e696a5f8bd,cardinal,4,2,180_deg_south,cardinal,180,0,90,640,640,1,batch_0001,47,datasets/df_2024_proportional/batch_0001/images/0a96d0a0b061c2d5c5d8089a0c9233e696a5f8bd.jpg,https://raw.githubusercontent.com/GUIA-DD/dataset-streetview/refs/heads/main/datasets/df_2024_proportional/batch_0001/images/0a96d0a0b061c2d5c5d8089a0c9233e696a5f8bd.jpg,True,downloaded,
093ff971a477a9224e0ed9bdffeee94be9b3e89e,18f1d4716c3264cf301f0b4e403a1152dda75c9b,-15.92485220003825,-48.10869304991154,-15.92488392186361,-48.10871844558127,2025-07,2025,c8aEW2hESVWwQQH-pbe0rg,29.692494806864744,© Google,OK,3_2,167132.33148271832,8236897.597290944,f9624c1964b87888573ca91bf44139f39053cd22,cardinal,4,3,270_deg_west,cardinal,270,0,90,640,640,1,batch_0001,48,datasets/df_2024_proportional/batch_0001/images/f9624c1964b87888573ca91bf44139f39053cd22.jpg,https://raw.githubusercontent.com/GUIA-DD/dataset-streetview/refs/heads/main/datasets/df_2024_proportional/batch_0001/images/f9624c1964b87888573ca91bf44139f39053cd22.jpg,True,downloaded,
0a39ebb4e144dea19f1095b73d21416438ba1cbf,8a6155c229276bf563364b03269c263c2dc8c38c,-15.793831900004223,-48.13454940006379,-15.79383259077119,-48.13455316387974,2026-01,2026,bvkiRQYK1IFFdZnel6utGw,154.7627034508333,© Google,OK,3_5,164144.20371169664,8251367.270331998,de73301b106fcee81395f7e019a3c0a56ebaa4fc,cardinal,4,0,0_deg_north,cardinal,0,0,90,640,640,1,batch_0001,49,datasets/df_2024_proportional/batch_0001/images/de73301b106fcee81395f7e019a3c0a56ebaa4fc.jpg,https://raw.githubusercontent.com/GUIA-DD/dataset-streetview/refs/heads/main/datasets/df_2024_proportional/batch_0001/images/de73301b106fcee81395f7e019a3c0a56ebaa4fc.jpg,True,downloaded,
0a39ebb4e144dea19f1095b73d21416438ba1cbf,8a6155c229276bf563364b03269c263c2dc8c38c,-15.793831900004223,-48.13454940006379,-15.79383259077119,-48.13455316387974,2026-01,2026,bvkiRQYK1IFFdZnel6utGw,154.7627034508333,© Google,OK,3_5,164144.20371169664,8251367.270331998,bb7ce8e775c4ad1fce53845d342860ce318defdf,cardinal,4,1,90_deg_east,cardinal,90,0,90,640,640,1,batch_0001,50,datasets/df_2024_proportional/batch_0001/images/bb7ce8e775c4ad1fce53845d342860ce318defdf.jpg,https://raw.githubusercontent.com/GUIA-DD/dataset-streetview/refs/heads/main/datasets/df_2024_proportional/batch_0001/images/bb7ce8e775c4ad1fce53845d342860ce318defdf.jpg,True,downloaded,
0a39ebb4e144dea19f1095b73d21416438ba1cbf,8a6155c229276bf563364b03269c263c2dc8c38c,-15.793831900004223,-48.13454940006379,-15.79383259077119,-48.13455316387974,2026-01,2026,bvkiRQYK1IFFdZnel6utGw,154.7627034508333,© Google,OK,3_5,164144.20371169664,8251367.270331998,8acf7225db44a6b451205efe4ed03834a295748b,cardinal,4,2,180_deg_south,cardinal,180,0,90,640,640,1,batch_0001,51,datasets/df_2024_proportional/batch_0001/images/8acf7225db44a6b451205efe4ed03834a295748b.jpg,https://raw.githubusercontent.com/GUIA-DD/dataset-streetview/refs/heads/main/datasets/df_2024_proportional/batch_0001/images/8acf7225db44a6b451205efe4ed03834a295748b.jpg,True,downloaded,
0a39ebb4e144dea19f1095b73d21416438ba1cbf,8a6155c229276bf563364b03269c263c2dc8c38c,-15.793831900004223,-48.13454940006379,-15.79383259077119,-48.13455316387974,2026-01,2026,bvkiRQYK1IFFdZnel6utGw,154.7627034508333,© Google,OK,3_5,164144.20371169664,8251367.270331998,40d483162ac4514110014bbad6959f207c7cf1b3,cardinal,4,3,270_deg_west,cardinal,270,0,90,640,640,1,batch_0001,52,datasets/df_2024_proportional/batch_0001/images/40d483162ac4514110014bbad6959f207c7cf1b3.jpg,https://raw.githubusercontent.com/GUIA-DD/dataset-streetview/refs/heads/main/datasets/df_2024_proportional/batch_0001/images/40d483162ac4514110014bbad6959f207c7cf1b3.jpg,True,downloaded,
10596bf3b90f15167592ae17ac5e8453e0da7d14,6ba9d53fbb9ebf6f68859d16ef16591fab6bc008,-15.900038499998965,-48.06904760001291,-15.90002941235015,-48.06907340294379,2025-07,2025,4a9928nT52WUTWTzjntQxw,168.36856160189902,© Google,OK,4_3,171340.52294839176,8239708.606103221,07fc8830db1ba76edd9c543c050d9ecc2fe7e0dc,cardinal,4,0,0_deg_north,cardinal,0,0,90,640,640,1,batch_0001,53,datasets/df_2024_proportional/batch_0001/images/07fc8830db1ba76edd9c543c050d9ecc2fe7e0dc.jpg,https://raw.githubusercontent.com/GUIA-DD/dataset-streetview/refs/heads/main/datasets/df_2024_proportional/batch_0001/images/07fc8830db1ba76edd9c543c050d9ecc2fe7e0dc.jpg,True,downloaded,
10596bf3b90f15167592ae17ac5e8453e0da7d14,6ba9d53fbb9ebf6f68859d16ef16591fab6bc008,-15.900038499998965,-48.06904760001291,-15.90002941235015,-48.06907340294379,2025-07,2025,4a9928nT52WUTWTzjntQxw,168.36856160189902,© Google,OK,4_3,171340.52294839176,8239708.606103221,d5350a37ade15be4120253fe78358113bdffe270,cardinal,4,1,90_deg_east,cardinal,90,0,90,640,640,1,batch_0001,54,datasets/df_2024_proportional/batch_0001/images/d5350a37ade15be4120253fe78358113bdffe270.jpg,https://raw.githubusercontent.com/GUIA-DD/dataset-streetview/refs/heads/main/datasets/df_2024_proportional/batch_0001/images/d5350a37ade15be4120253fe78358113bdffe270.jpg,True,downloaded,
10596bf3b90f15167592ae17ac5e8453e0da7d14,6ba9d53fbb9ebf6f68859d16ef16591fab6bc008,-15.900038499998965,-48.06904760001291,-15.90002941235015,-48.06907340294379,2025-07,2025,4a9928nT52WUTWTzjntQxw,168.36856160189902,© Google,OK,4_3,171340.52294839176,8239708.606103221,15e06c1bf98e2747c25eb62262d0d50ba155f94f,cardinal,4,2,180_deg_south,cardinal,180,0,90,640,640,1,batch_0001,55,datasets/df_2024_proportional/batch_0001/images/15e06c1bf98e2747c25eb62262d0d50ba155f94f.jpg,https://raw.githubusercontent.com/GUIA-DD/dataset-streetview/refs/heads/main/datasets/df_2024_proportional/batch_0001/images/15e06c1bf98e2747c25eb62262d0d50ba155f94f.jpg,True,downloaded,
10596bf3b90f15167592ae17ac5e8453e0da7d14,6ba9d53fbb9ebf6f68859d16ef16591fab6bc008,-15.900038499998965,-48.06904760001291,-15.90002941235015,-48.06907340294379,2025-07,2025,4a9928nT52WUTWTzjntQxw,168.36856160189902,© Google,OK,4_3,171340.52294839176,8239708.606103221,7453caead53849f8b2796181f88bface91164419,cardinal,4,3,270_deg_west,cardinal,270,0,90,640,640,1,batch_0001,56,datasets/df_2024_proportional/batch_0001/images/7453caead53849f8b2796181f88bface91164419.jpg,https://raw.githubusercontent.com/GUIA-DD/dataset-streetview/refs/heads/main/datasets/df_2024_proportional/batch_0001/images/7453caead53849f8b2796181f88bface91164419.jpg,True,downloaded,
11563774a431ea481f451a37d869f434d6324ede,a7fe70c58f212f370e865d8e293ecbddd482a4c0,-15.862666850147702,-48.07156474988917,-15.86264843828401,-48.0715523043789,2025-06,2025,5Eb5-Fp5oV5GV0vIZgpP3g,242.63635831682546,© Google,OK,4_4,171009.96811666447,8243843.528987903,55b314e59502747f61befe8895ead4cfc3239ec2,cardinal,4,0,0_deg_north,cardinal,0,0,90,640,640,1,batch_0001,57,datasets/df_2024_proportional/batch_0001/images/55b314e59502747f61befe8895ead4cfc3239ec2.jpg,https://raw.githubusercontent.com/GUIA-DD/dataset-streetview/refs/heads/main/datasets/df_2024_proportional/batch_0001/images/55b314e59502747f61befe8895ead4cfc3239ec2.jpg,True,downloaded,
11563774a431ea481f451a37d869f434d6324ede,a7fe70c58f212f370e865d8e293ecbddd482a4c0,-15.862666850147702,-48.07156474988917,-15.86264843828401,-48.0715523043789,2025-06,2025,5Eb5-Fp5oV5GV0vIZgpP3g,242.63635831682546,© Google,OK,4_4,171009.96811666447,8243843.528987903,225c07c66252b833d0f4544c0272271ae71e8418,cardinal,4,1,90_deg_east,cardinal,90,0,90,640,640,1,batch_0001,58,datasets/df_2024_proportional/batch_0001/images/225c07c66252b833d0f4544c0272271ae71e8418.jpg,https://raw.githubusercontent.com/GUIA-DD/dataset-streetview/refs/heads/main/datasets/df_2024_proportional/batch_0001/images/225c07c66252b833d0f4544c0272271ae71e8418.jpg,True,downloaded,
11563774a431ea481f451a37d869f434d6324ede,a7fe70c58f212f370e865d8e293ecbddd482a4c0,-15.862666850147702,-48.07156474988917,-15.86264843828401,-48.0715523043789,2025-06,2025,5Eb5-Fp5oV5GV0vIZgpP3g,242.63635831682546,© Google,OK,4_4,171009.96811666447,8243843.528987903,53a51be542fab96da2be6708c41682c56451d157,cardinal,4,2,180_deg_south,cardinal,180,0,90,640,640,1,batch_0001,59,datasets/df_2024_proportional/batch_0001/images/53a51be542fab96da2be6708c41682c56451d157.jpg,https://raw.githubusercontent.com/GUIA-DD/dataset-streetview/refs/heads/main/datasets/df_2024_proportional/batch_0001/images/53a51be542fab96da2be6708c41682c56451d157.jpg,True,downloaded,
11563774a431ea481f451a37d869f434d6324ede,a7fe70c58f212f370e865d8e293ecbddd482a4c0,-15.862666850147702,-48.07156474988917,-15.86264843828401,-48.0715523043789,2025-06,2025,5Eb5-Fp5oV5GV0vIZgpP3g,242.63635831682546,© Google,OK,4_4,171009.96811666447,8243843.528987903,f3a5ce8d90cef5bdeb4bdc489ca9f4d23fd342dd,cardinal,4,3,270_deg_west,cardinal,270,0,90,640,640,1,batch_0001,60,datasets/df_2024_proportional/batch_0001/images/f3a5ce8d90cef5bdeb4bdc489ca9f4d23fd342dd.jpg,https://raw.githubusercontent.com/GUIA-DD/dataset-streetview/refs/heads/main/datasets/df_2024_proportional/batch_0001/images/f3a5ce8d90cef5bdeb4bdc489ca9f4d23fd342dd.jpg,True,downloaded,
1246ea37caa62eb93c55da8c253de043f97b2c16,d3adfbf1c03bb801299fe3acd670ebc1cbfd06da,-15.997126310019896,-48.07753681933384,-15.99712626337899,-48.07753672858006,2025-07,2025,2IZ456-N3Bg1CIVWuPZVnw,182.223026433459,© Google,OK,4_1,170589.53018543727,8228942.708543255,baa5291b0b4dc2d8e160aeb998912da5504ed439,cardinal,4,0,0_deg_north,cardinal,0,0,90,640,640,1,batch_0001,61,datasets/df_2024_proportional/batch_0001/images/baa5291b0b4dc2d8e160aeb998912da5504ed439.jpg,https://raw.githubusercontent.com/GUIA-DD/dataset-streetview/refs/heads/main/datasets/df_2024_proportional/batch_0001/images/baa5291b0b4dc2d8e160aeb998912da5504ed439.jpg,True,downloaded,
1246ea37caa62eb93c55da8c253de043f97b2c16,d3adfbf1c03bb801299fe3acd670ebc1cbfd06da,-15.997126310019896,-48.07753681933384,-15.99712626337899,-48.07753672858006,2025-07,2025,2IZ456-N3Bg1CIVWuPZVnw,182.223026433459,© Google,OK,4_1,170589.53018543727,8228942.708543255,3ede3da3c0596b23e71ab878217bb7c4b82ad8db,cardinal,4,1,90_deg_east,cardinal,90,0,90,640,640,1,batch_0001,62,datasets/df_2024_proportional/batch_0001/images/3ede3da3c0596b23e71ab878217bb7c4b82ad8db.jpg,https://raw.githubusercontent.com/GUIA-DD/dataset-streetview/refs/heads/main/datasets/df_2024_proportional/batch_0001/images/3ede3da3c0596b23e71ab878217bb7c4b82ad8db.jpg,True,downloaded,
1246ea37caa62eb93c55da8c253de043f97b2c16,d3adfbf1c03bb801299fe3acd670ebc1cbfd06da,-15.997126310019896,-48.07753681933384,-15.99712626337899,-48.07753672858006,2025-07,2025,2IZ456-N3Bg1CIVWuPZVnw,182.223026433459,© Google,OK,4_1,170589.53018543727,8228942.708543255,2c3ef08328c1eab9c7c6810bcc2eff6b387f49b1,cardinal,4,2,180_deg_south,cardinal,180,0,90,640,640,1,batch_0001,63,datasets/df_2024_proportional/batch_0001/images/2c3ef08328c1eab9c7c6810bcc2eff6b387f49b1.jpg,https://raw.githubusercontent.com/GUIA-DD/dataset-streetview/refs/heads/main/datasets/df_2024_proportional/batch_0001/images/2c3ef08328c1eab9c7c6810bcc2eff6b387f49b1.jpg,True,downloaded,
1246ea37caa62eb93c55da8c253de043f97b2c16,d3adfbf1c03bb801299fe3acd670ebc1cbfd06da,-15.997126310019896,-48.07753681933384,-15.99712626337899,-48.07753672858006,2025-07,2025,2IZ456-N3Bg1CIVWuPZVnw,182.223026433459,© Google,OK,4_1,170589.53018543727,8228942.708543255,e22558911f21d4e98f2f4d603145546dce42bbbb,cardinal,4,3,270_deg_west,cardinal,270,0,90,640,640,1,batch_0001,64,datasets/df_2024_proportional/batch_0001/images/e22558911f21d4e98f2f4d603145546dce42bbbb.jpg,https://raw.githubusercontent.com/GUIA-DD/dataset-streetview/refs/heads/main/datasets/df_2024_proportional/batch_0001/images/e22558911f21d4e98f2f4d603145546dce42bbbb.jpg,True,downloaded,
127145ecd7cf2943eaa284b64bd896eb78f9510c,e7baaf7242ee4077a3bd8e0fc209226df7694905,-15.908849149999892,-48.08000510004336,-15.90882558848504,-48.08002979749552,2025-07,2025,c4gIJSVy8C7auOe3LPXHpw,161.99423718084873,© Google,OK,4_3,170180.52386131117,8238715.54256252,793e7c5294c54ca1009b9439060061f8c2332953,cardinal,4,0,0_deg_north,cardinal,0,0,90,640,640,1,batch_0001,65,datasets/df_2024_proportional/batch_0001/images/793e7c5294c54ca1009b9439060061f8c2332953.jpg,https://raw.githubusercontent.com/GUIA-DD/dataset-streetview/refs/heads/main/datasets/df_2024_proportional/batch_0001/images/793e7c5294c54ca1009b9439060061f8c2332953.jpg,True,downloaded,
127145ecd7cf2943eaa284b64bd896eb78f9510c,e7baaf7242ee4077a3bd8e0fc209226df7694905,-15.908849149999892,-48.08000510004336,-15.90882558848504,-48.08002979749552,2025-07,2025,c4gIJSVy8C7auOe3LPXHpw,161.99423718084873,© Google,OK,4_3,170180.52386131117,8238715.54256252,f7a63ceed93f9847445cfc272957409ba00d74aa,cardinal,4,1,90_deg_east,cardinal,90,0,90,640,640,1,batch_0001,66,datasets/df_2024_proportional/batch_0001/images/f7a63ceed93f9847445cfc272957409ba00d74aa.jpg,https://raw.githubusercontent.com/GUIA-DD/dataset-streetview/refs/heads/main/datasets/df_2024_proportional/batch_0001/images/f7a63ceed93f9847445cfc272957409ba00d74aa.jpg,True,downloaded,
127145ecd7cf2943eaa284b64bd896eb78f9510c,e7baaf7242ee4077a3bd8e0fc209226df7694905,-15.908849149999892,-48.08000510004336,-15.90882558848504,-48.08002979749552,2025-07,2025,c4gIJSVy8C7auOe3LPXHpw,161.99423718084873,© Google,OK,4_3,170180.52386131117,8238715.54256252,8198539452d37df37c19bc9df7a6d7be8b5e3898,cardinal,4,2,180_deg_south,cardinal,180,0,90,640,640,1,batch_0001,67,datasets/df_2024_proportional/batch_0001/images/8198539452d37df37c19bc9df7a6d7be8b5e3898.jpg,https://raw.githubusercontent.com/GUIA-DD/dataset-streetview/refs/heads/main/datasets/df_2024_proportional/batch_0001/images/8198539452d37df37c19bc9df7a6d7be8b5e3898.jpg,True,downloaded,
127145ecd7cf2943eaa284b64bd896eb78f9510c,e7baaf7242ee4077a3bd8e0fc209226df7694905,-15.908849149999892,-48.08000510004336,-15.90882558848504,-48.08002979749552,2025-07,2025,c4gIJSVy8C7auOe3LPXHpw,161.99423718084873,© Google,OK,4_3,170180.52386131117,8238715.54256252,8119c13cb90932997945806fae53b9bba4d17903,cardinal,4,3,270_deg_west,cardinal,270,0,90,640,640,1,batch_0001,68,datasets/df_2024_proportional/batch_0001/images/8119c13cb90932997945806fae53b9bba4d17903.jpg,https://raw.githubusercontent.com/GUIA-DD/dataset-streetview/refs/heads/main/datasets/df_2024_proportional/batch_0001/images/8119c13cb90932997945806fae53b9bba4d17903.jpg,True,downloaded,
12b1cbc0abdb2ce6763f613d6f4460ba876f975b,cb20a8f4082b185d9f2e65aaacded8eafe162d7d,-15.916557050025693,-48.096138750082936,-15.91657448640681,-48.09613918351516,2024-06,2024,PtZDdZOY3RR_m_vnis0EHg,134.47236942998418,© Google,OK,3_3,168464.09133742942,8237836.308637444,342e66d64a6ed9fca6d0309e0b9b3b0f6d868e1f,cardinal,4,0,0_deg_north,cardinal,0,0,90,640,640,1,batch_0001,69,datasets/df_2024_proportional/batch_0001/images/342e66d64a6ed9fca6d0309e0b9b3b0f6d868e1f.jpg,https://raw.githubusercontent.com/GUIA-DD/dataset-streetview/refs/heads/main/datasets/df_2024_proportional/batch_0001/images/342e66d64a6ed9fca6d0309e0b9b3b0f6d868e1f.jpg,True,downloaded,
12b1cbc0abdb2ce6763f613d6f4460ba876f975b,cb20a8f4082b185d9f2e65aaacded8eafe162d7d,-15.916557050025693,-48.096138750082936,-15.91657448640681,-48.09613918351516,2024-06,2024,PtZDdZOY3RR_m_vnis0EHg,134.47236942998418,© Google,OK,3_3,168464.09133742942,8237836.308637444,3161003254157086ab1f7d395564d01999e1eee2,cardinal,4,1,90_deg_east,cardinal,90,0,90,640,640,1,batch_0001,70,datasets/df_2024_proportional/batch_0001/images/3161003254157086ab1f7d395564d01999e1eee2.jpg,https://raw.githubusercontent.com/GUIA-DD/dataset-streetview/refs/heads/main/datasets/df_2024_proportional/batch_0001/images/3161003254157086ab1f7d395564d01999e1eee2.jpg,True,downloaded,
12b1cbc0abdb2ce6763f613d6f4460ba876f975b,cb20a8f4082b185d9f2e65aaacded8eafe162d7d,-15.916557050025693,-48.096138750082936,-15.91657448640681,-48.09613918351516,2024-06,2024,PtZDdZOY3RR_m_vnis0EHg,134.47236942998418,© Google,OK,3_3,168464.09133742942,8237836.308637444,3d965de3b953e93f7d2716e929ad100c765e1713,cardinal,4,2,180_deg_south,cardinal,180,0,90,640,640,1,batch_0001,71,datasets/df_2024_proportional/batch_0001/images/3d965de3b953e93f7d2716e929ad100c765e1713.jpg,https://raw.githubusercontent.com/GUIA-DD/dataset-streetview/refs/heads/main/datasets/df_2024_proportional/batch_0001/images/3d965de3b953e93f7d2716e929ad100c765e1713.jpg,True,downloaded,
12b1cbc0abdb2ce6763f613d6f4460ba876f975b,cb20a8f4082b185d9f2e65aaacded8eafe162d7d,-15.916557050025693,-48.096138750082936,-15.91657448640681,-48.09613918351516,2024-06,2024,PtZDdZOY3RR_m_vnis0EHg,134.47236942998418,© Google,OK,3_3,168464.09133742942,8237836.308637444,a58fc095fe762b04fc96882580b37dc1febb7aee,cardinal,4,3,270_deg_west,cardinal,270,0,90,640,640,1,batch_0001,72,datasets/df_2024_proportional/batch_0001/images/a58fc095fe762b04fc96882580b37dc1febb7aee.jpg,https://raw.githubusercontent.com/GUIA-DD/dataset-streetview/refs/heads/main/datasets/df_2024_proportional/batch_0001/images/a58fc095fe762b04fc96882580b37dc1febb7aee.jpg,True,downloaded,
12e7fbabe68693eaa0388190450d6ea5f5b37366,addae02b7af1ddf2c6756d2a5f12baa25bf98ec5,-15.933689166268323,-48.040031697931546,-15.93370192967356,-48.03997917223045,2025-05,2025,3f3gdpVxkjVzX-oSkjouig,69.83248698825378,© Google,OK,5_2,174504.5774254976,8236027.363376988,68563001e4ccf785f10f2a792cd601e5270703dd,cardinal,4,0,0_deg_north,cardinal,0,0,90,640,640,1,batch_0001,73,datasets/df_2024_proportional/batch_0001/images/68563001e4ccf785f10f2a792cd601e5270703dd.jpg,https://raw.githubusercontent.com/GUIA-DD/dataset-streetview/refs/heads/main/datasets/df_2024_proportional/batch_0001/images/68563001e4ccf785f10f2a792cd601e5270703dd.jpg,True,downloaded,
12e7fbabe68693eaa0388190450d6ea5f5b37366,addae02b7af1ddf2c6756d2a5f12baa25bf98ec5,-15.933689166268323,-48.040031697931546,-15.93370192967356,-48.03997917223045,2025-05,2025,3f3gdpVxkjVzX-oSkjouig,69.83248698825378,© Google,OK,5_2,174504.5774254976,8236027.363376988,96994d9896febb9c2d647b76578536b105bcf361,cardinal,4,1,90_deg_east,cardinal,90,0,90,640,640,1,batch_0001,74,datasets/df_2024_proportional/batch_0001/images/96994d9896febb9c2d647b76578536b105bcf361.jpg,https://raw.githubusercontent.com/GUIA-DD/dataset-streetview/refs/heads/main/datasets/df_2024_proportional/batch_0001/images/96994d9896febb9c2d647b76578536b105bcf361.jpg,True,downloaded,
12e7fbabe68693eaa0388190450d6ea5f5b37366,addae02b7af1ddf2c6756d2a5f12baa25bf98ec5,-15.933689166268323,-48.040031697931546,-15.93370192967356,-48.03997917223045,2025-05,2025,3f3gdpVxkjVzX-oSkjouig,69.83248698825378,© Google,OK,5_2,174504.5774254976,8236027.363376988,e4bd7e0d626e1104a28a516e2cb3ca8a0411a825,cardinal,4,2,180_deg_south,cardinal,180,0,90,640,640,1,batch_0001,75,datasets/df_2024_proportional/batch_0001/images/e4bd7e0d626e1104a28a516e2cb3ca8a0411a825.jpg,https://raw.githubusercontent.com/GUIA-DD/dataset-streetview/refs/heads/main/datasets/df_2024_proportional/batch_0001/images/e4bd7e0d626e1104a28a516e2cb3ca8a0411a825.jpg,True,downloaded,
12e7fbabe68693eaa0388190450d6ea5f5b37366,addae02b7af1ddf2c6756d2a5f12baa25bf98ec5,-15.933689166268323,-48.040031697931546,-15.93370192967356,-48.03997917223045,2025-05,2025,3f3gdpVxkjVzX-oSkjouig,69.83248698825378,© Google,OK,5_2,174504.5774254976,8236027.363376988,a5de728f2172439a9607ff1da5118f50c33e9273,cardinal,4,3,270_deg_west,cardinal,270,0,90,640,640,1,batch_0001,76,datasets/df_2024_proportional/batch_0001/images/a5de728f2172439a9607ff1da5118f50c33e9273.jpg,https://raw.githubusercontent.com/GUIA-DD/dataset-streetview/refs/heads/main/datasets/df_2024_proportional/batch_0001/images/a5de728f2172439a9607ff1da5118f50c33e9273.jpg,True,downloaded,
15511b4b75e9231355d834c1c76de08608700332,5e354bb78aa426410036ed96be24aa7e01e74c3b,-15.81847545164087,-48.063188299229004,-15.81848825694657,-48.06320359187146,2024-08,2024,-wP2ATLky40vZc7HLyGlkw,70.56013659066339,© Google,OK,4_5,171836.39827649208,8248750.805444503,461da1b1e0253569c489211a2a09ee265f825e99,cardinal,4,0,0_deg_north,cardinal,0,0,90,640,640,1,batch_0001,77,datasets/df_2024_proportional/batch_0001/images/461da1b1e0253569c489211a2a09ee265f825e99.jpg,https://raw.githubusercontent.com/GUIA-DD/dataset-streetview/refs/heads/main/datasets/df_2024_proportional/batch_0001/images/461da1b1e0253569c489211a2a09ee265f825e99.jpg,True,downloaded,
15511b4b75e9231355d834c1c76de08608700332,5e354bb78aa426410036ed96be24aa7e01e74c3b,-15.81847545164087,-48.063188299229004,-15.81848825694657,-48.06320359187146,2024-08,2024,-wP2ATLky40vZc7HLyGlkw,70.56013659066339,© Google,OK,4_5,171836.39827649208,8248750.805444503,2f96bf783b9e5b3647ce24acc4d34b638cad1873,cardinal,4,1,90_deg_east,cardinal,90,0,90,640,640,1,batch_0001,78,datasets/df_2024_proportional/batch_0001/images/2f96bf783b9e5b3647ce24acc4d34b638cad1873.jpg,https://raw.githubusercontent.com/GUIA-DD/dataset-streetview/refs/heads/main/datasets/df_2024_proportional/batch_0001/images/2f96bf783b9e5b3647ce24acc4d34b638cad1873.jpg,True,downloaded,
15511b4b75e9231355d834c1c76de08608700332,5e354bb78aa426410036ed96be24aa7e01e74c3b,-15.81847545164087,-48.063188299229004,-15.81848825694657,-48.06320359187146,2024-08,2024,-wP2ATLky40vZc7HLyGlkw,70.56013659066339,© Google,OK,4_5,171836.39827649208,8248750.805444503,8289f6805f1ca4e1afc2d361ae511d10f6eaed5e,cardinal,4,2,180_deg_south,cardinal,180,0,90,640,640,1,batch_0001,79,datasets/df_2024_proportional/batch_0001/images/8289f6805f1ca4e1afc2d361ae511d10f6eaed5e.jpg,https://raw.githubusercontent.com/GUIA-DD/dataset-streetview/refs/heads/main/datasets/df_2024_proportional/batch_0001/images/8289f6805f1ca4e1afc2d361ae511d10f6eaed5e.jpg,True,downloaded,
15511b4b75e9231355d834c1c76de08608700332,5e354bb78aa426410036ed96be24aa7e01e74c3b,-15.81847545164087,-48.063188299229004,-15.81848825694657,-48.06320359187146,2024-08,2024,-wP2ATLky40vZc7HLyGlkw,70.56013659066339,© Google,OK,4_5,171836.39827649208,8248750.805444503,615547c48b2213237a6779f7ae3db0f711c10ecd,cardinal,4,3,270_deg_west,cardinal,270,0,90,640,640,1,batch_0001,80,datasets/df_2024_proportional/batch_0001/images/615547c48b2213237a6779f7ae3db0f711c10ecd.jpg,https://raw.githubusercontent.com/GUIA-DD/dataset-streetview/refs/heads/main/datasets/df_2024_proportional/batch_0001/images/615547c48b2213237a6779f7ae3db0f711c10ecd.jpg,True,downloaded,
15d1369d39aa6225c4eb0a69c33f106cb7d47c86,66c7d0e4b8ee8f0c197ec029c946d7de9f4a6ef9,-15.791344430799105,-47.828872967798546,-15.79131603856499,-47.82887544726254,2024-09,2024,XowZ3JaS3ahAkk-mexXZ6g,5.3430826814675605,© Google,OK,9_5,196916.71048768397,8252107.382505279,3771c48c379a23ceb35821b4c4cad6687a9bc266,cardinal,4,0,0_deg_north,cardinal,0,0,90,640,640,1,batch_0001,81,datasets/df_2024_proportional/batch_0001/images/3771c48c379a23ceb35821b4c4cad6687a9bc266.jpg,https://raw.githubusercontent.com/GUIA-DD/dataset-streetview/refs/heads/main/datasets/df_2024_proportional/batch_0001/images/3771c48c379a23ceb35821b4c4cad6687a9bc266.jpg,True,downloaded,
15d1369d39aa6225c4eb0a69c33f106cb7d47c86,66c7d0e4b8ee8f0c197ec029c946d7de9f4a6ef9,-15.791344430799105,-47.828872967798546,-15.79131603856499,-47.82887544726254,2024-09,2024,XowZ3JaS3ahAkk-mexXZ6g,5.3430826814675605,© Google,OK,9_5,196916.71048768397,8252107.382505279,63a9ef70e2bfd694e7ce5c62db0a1c53f8ccc44a,cardinal,4,1,90_deg_east,cardinal,90,0,90,640,640,1,batch_0001,82,datasets/df_2024_proportional/batch_0001/images/63a9ef70e2bfd694e7ce5c62db0a1c53f8ccc44a.jpg,https://raw.githubusercontent.com/GUIA-DD/dataset-streetview/refs/heads/main/datasets/df_2024_proportional/batch_0001/images/63a9ef70e2bfd694e7ce5c62db0a1c53f8ccc44a.jpg,True,downloaded,
15d1369d39aa6225c4eb0a69c33f106cb7d47c86,66c7d0e4b8ee8f0c197ec029c946d7de9f4a6ef9,-15.791344430799105,-47.828872967798546,-15.79131603856499,-47.82887544726254,2024-09,2024,XowZ3JaS3ahAkk-mexXZ6g,5.3430826814675605,© Google,OK,9_5,196916.71048768397,8252107.382505279,c414a39b8ad6d60539c5217a259d91cd2c950743,cardinal,4,2,180_deg_south,cardinal,180,0,90,640,640,1,batch_0001,83,datasets/df_2024_proportional/batch_0001/images/c414a39b8ad6d60539c5217a259d91cd2c950743.jpg,https://raw.githubusercontent.com/GUIA-DD/dataset-streetview/refs/heads/main/datasets/df_2024_proportional/batch_0001/images/c414a39b8ad6d60539c5217a259d91cd2c950743.jpg,True,downloaded,
15d1369d39aa6225c4eb0a69c33f106cb7d47c86,66c7d0e4b8ee8f0c197ec029c946d7de9f4a6ef9,-15.791344430799105,-47.828872967798546,-15.79131603856499,-47.82887544726254,2024-09,2024,XowZ3JaS3ahAkk-mexXZ6g,5.3430826814675605,© Google,OK,9_5,196916.71048768397,8252107.382505279,1606a49189fd94e8ea1d47d2c1256ae0ecbe3c65,cardinal,4,3,270_deg_west,cardinal,270,0,90,640,640,1,batch_0001,84,datasets/df_2024_proportional/batch_0001/images/1606a49189fd94e8ea1d47d2c1256ae0ecbe3c65.jpg,https://raw.githubusercontent.com/GUIA-DD/dataset-streetview/refs/heads/main/datasets/df_2024_proportional/batch_0001/images/1606a49189fd94e8ea1d47d2c1256ae0ecbe3c65.jpg,True,downloaded,
15d745794719937443b4c9310ccf248e87b45eaf,bf3ad1f4f5ebd296986c6695a5e1478625cfd6c7,-15.870210746878934,-47.93103774687824,-15.87020965111524,-47.93100751830229,2024-12,2024,t_LJFaDp2e3U6j61_HoMsg,265.4882399828378,© Google,OK,7_4,186084.78837173842,8243224.012740285,af9819af71dd570ada48edbfee2af9fcbfdc5e25,cardinal,4,0,0_deg_north,cardinal,0,0,90,640,640,1,batch_0001,85,datasets/df_2024_proportional/batch_0001/images/af9819af71dd570ada48edbfee2af9fcbfdc5e25.jpg,https://raw.githubusercontent.com/GUIA-DD/dataset-streetview/refs/heads/main/datasets/df_2024_proportional/batch_0001/images/af9819af71dd570ada48edbfee2af9fcbfdc5e25.jpg,True,downloaded,
15d745794719937443b4c9310ccf248e87b45eaf,bf3ad1f4f5ebd296986c6695a5e1478625cfd6c7,-15.870210746878934,-47.93103774687824,-15.87020965111524,-47.93100751830229,2024-12,2024,t_LJFaDp2e3U6j61_HoMsg,265.4882399828378,© Google,OK,7_4,186084.78837173842,8243224.012740285,38810b4afccdc9e79730eb90d90601ef6156fb75,cardinal,4,1,90_deg_east,cardinal,90,0,90,640,640,1,batch_0001,86,datasets/df_2024_proportional/batch_0001/images/38810b4afccdc9e79730eb90d90601ef6156fb75.jpg,https://raw.githubusercontent.com/GUIA-DD/dataset-streetview/refs/heads/main/datasets/df_2024_proportional/batch_0001/images/38810b4afccdc9e79730eb90d90601ef6156fb75.jpg,True,downloaded,
15d745794719937443b4c9310ccf248e87b45eaf,bf3ad1f4f5ebd296986c6695a5e1478625cfd6c7,-15.870210746878934,-47.93103774687824,-15.87020965111524,-47.93100751830229,2024-12,2024,t_LJFaDp2e3U6j61_HoMsg,265.4882399828378,© Google,OK,7_4,186084.78837173842,8243224.012740285,93044589185cb7eb684f7059f554b468dd2d0f34,cardinal,4,2,180_deg_south,cardinal,180,0,90,640,640,1,batch_0001,87,datasets/df_2024_proportional/batch_0001/images/93044589185cb7eb684f7059f554b468dd2d0f34.jpg,https://raw.githubusercontent.com/GUIA-DD/dataset-streetview/refs/heads/main/datasets/df_2024_proportional/batch_0001/images/93044589185cb7eb684f7059f554b468dd2d0f34.jpg,True,downloaded,
15d745794719937443b4c9310ccf248e87b45eaf,bf3ad1f4f5ebd296986c6695a5e1478625cfd6c7,-15.870210746878934,-47.93103774687824,-15.87020965111524,-47.93100751830229,2024-12,2024,t_LJFaDp2e3U6j61_HoMsg,265.4882399828378,© Google,OK,7_4,186084.78837173842,8243224.012740285,97287da53f877609e040e4fbc23a70eb3f7a0765,cardinal,4,3,270_deg_west,cardinal,270,0,90,640,640,1,batch_0001,88,datasets/df_2024_proportional/batch_0001/images/97287da53f877609e040e4fbc23a70eb3f7a0765.jpg,https://raw.githubusercontent.com/GUIA-DD/dataset-streetview/refs/heads/main/datasets/df_2024_proportional/batch_0001/images/97287da53f877609e040e4fbc23a70eb3f7a0765.jpg,True,downloaded,
172943f013c498ff4556608c6c1775ae85b9468f,f5d8d0e84d40bb87b7d3d818b6c7212e387dce65,-15.893327304371574,-48.09768149397273,-15.89332283944831,-48.09763104359239,2025-06,2025,8sBfX_7EmzPB2q_PpFbjvg,252.014664290955,© Google,OK,3_3,168260.60034330928,8240406.593563127,b89ff12f77292a797b412a1ef2b8e9b34b95bbe2,cardinal,4,0,0_deg_north,cardinal,0,0,90,640,640,1,batch_0001,89,datasets/df_2024_proportional/batch_0001/images/b89ff12f77292a797b412a1ef2b8e9b34b95bbe2.jpg,https://raw.githubusercontent.com/GUIA-DD/dataset-streetview/refs/heads/main/datasets/df_2024_proportional/batch_0001/images/b89ff12f77292a797b412a1ef2b8e9b34b95bbe2.jpg,True,downloaded,
172943f013c498ff4556608c6c1775ae85b9468f,f5d8d0e84d40bb87b7d3d818b6c7212e387dce65,-15.893327304371574,-48.09768149397273,-15.89332283944831,-48.09763104359239,2025-06,2025,8sBfX_7EmzPB2q_PpFbjvg,252.014664290955,© Google,OK,3_3,168260.60034330928,8240406.593563127,859860e8c0de26bd2f48cfaccf64b09d46b3a661,cardinal,4,1,90_deg_east,cardinal,90,0,90,640,640,1,batch_0001,90,datasets/df_2024_proportional/batch_0001/images/859860e8c0de26bd2f48cfaccf64b09d46b3a661.jpg,https://raw.githubusercontent.com/GUIA-DD/dataset-streetview/refs/heads/main/datasets/df_2024_proportional/batch_0001/images/859860e8c0de26bd2f48cfaccf64b09d46b3a661.jpg,True,downloaded,
172943f013c498ff4556608c6c1775ae85b9468f,f5d8d0e84d40bb87b7d3d818b6c7212e387dce65,-15.893327304371574,-48.09768149397273,-15.89332283944831,-48.09763104359239,2025-06,2025,8sBfX_7EmzPB2q_PpFbjvg,252.014664290955,© Google,OK,3_3,168260.60034330928,8240406.593563127,5b208b04c49cfeab4c5436510307090fe6342a86,cardinal,4,2,180_deg_south,cardinal,180,0,90,640,640,1,batch_0001,91,datasets/df_2024_proportional/batch_0001/images/5b208b04c49cfeab4c5436510307090fe6342a86.jpg,https://raw.githubusercontent.com/GUIA-DD/dataset-streetview/refs/heads/main/datasets/df_2024_proportional/batch_0001/images/5b208b04c49cfeab4c5436510307090fe6342a86.jpg,True,downloaded,
172943f013c498ff4556608c6c1775ae85b9468f,f5d8d0e84d40bb87b7d3d818b6c7212e387dce65,-15.893327304371574,-48.09768149397273,-15.89332283944831,-48.09763104359239,2025-06,2025,8sBfX_7EmzPB2q_PpFbjvg,252.014664290955,© Google,OK,3_3,168260.60034330928,8240406.593563127,7e1c0cf5f899e94a22c663104dc05c24e64bed5e,cardinal,4,3,270_deg_west,cardinal,270,0,90,640,640,1,batch_0001,92,datasets/df_2024_proportional/batch_0001/images/7e1c0cf5f899e94a22c663104dc05c24e64bed5e.jpg,https://raw.githubusercontent.com/GUIA-DD/dataset-streetview/refs/heads/main/datasets/df_2024_proportional/batch_0001/images/7e1c0cf5f899e94a22c663104dc05c24e64bed5e.jpg,True,downloaded,
176db0d307d4431388b98d172baea93f7be0f0cc,1b053d90adb948b1ee5c2eafbb65669231de87fa,-15.786251902518664,-48.00071955033024,-15.78625118713579,-48.00071033154796,2025-02,2025,cbDTYhfQVOuoLW3-AMhang,87.72762743344154,© Google,OK,5_5,178483.12255923983,8252416.02922429,d6a89cb4bc32f2d72bb5b03b8e0ec94ee71d282e,cardinal,4,0,0_deg_north,cardinal,0,0,90,640,640,1,batch_0001,93,datasets/df_2024_proportional/batch_0001/images/d6a89cb4bc32f2d72bb5b03b8e0ec94ee71d282e.jpg,https://raw.githubusercontent.com/GUIA-DD/dataset-streetview/refs/heads/main/datasets/df_2024_proportional/batch_0001/images/d6a89cb4bc32f2d72bb5b03b8e0ec94ee71d282e.jpg,True,downloaded,
176db0d307d4431388b98d172baea93f7be0f0cc,1b053d90adb948b1ee5c2eafbb65669231de87fa,-15.786251902518664,-48.00071955033024,-15.78625118713579,-48.00071033154796,2025-02,2025,cbDTYhfQVOuoLW3-AMhang,87.72762743344154,© Google,OK,5_5,178483.12255923983,8252416.02922429,fda8480ab33ed44b05cb081e7b769f51e7c45e6e,cardinal,4,1,90_deg_east,cardinal,90,0,90,640,640,1,batch_0001,94,datasets/df_2024_proportional/batch_0001/images/fda8480ab33ed44b05cb081e7b769f51e7c45e6e.jpg,https://raw.githubusercontent.com/GUIA-DD/dataset-streetview/refs/heads/main/datasets/df_2024_proportional/batch_0001/images/fda8480ab33ed44b05cb081e7b769f51e7c45e6e.jpg,True,downloaded,
176db0d307d4431388b98d172baea93f7be0f0cc,1b053d90adb948b1ee5c2eafbb65669231de87fa,-15.786251902518664,-48.00071955033024,-15.78625118713579,-48.00071033154796,2025-02,2025,cbDTYhfQVOuoLW3-AMhang,87.72762743344154,© Google,OK,5_5,178483.12255923983,8252416.02922429,3a035e3ff377063967a8e3216512fef3d86e787c,cardinal,4,2,180_deg_south,cardinal,180,0,90,640,640,1,batch_0001,95,datasets/df_2024_proportional/batch_0001/images/3a035e3ff377063967a8e3216512fef3d86e787c.jpg,https://raw.githubusercontent.com/GUIA-DD/dataset-streetview/refs/heads/main/datasets/df_2024_proportional/batch_0001/images/3a035e3ff377063967a8e3216512fef3d86e787c.jpg,True,downloaded,
176db0d307d4431388b98d172baea93f7be0f0cc,1b053d90adb948b1ee5c2eafbb65669231de87fa,-15.786251902518664,-48.00071955033024,-15.78625118713579,-48.00071033154796,2025-02,2025,cbDTYhfQVOuoLW3-AMhang,87.72762743344154,© Google,OK,5_5,178483.12255923983,8252416.02922429,853fb88ae3b24e9e9ab9e26fa8c201e34a75ff64,cardinal,4,3,270_deg_west,cardinal,270,0,90,640,640,1,batch_0001,96,datasets/df_2024_proportional/batch_0001/images/853fb88ae3b24e9e9ab9e26fa8c201e34a75ff64.jpg,https://raw.githubusercontent.com/GUIA-DD/dataset-streetview/refs/heads/main/datasets/df_2024_proportional/batch_0001/images/853fb88ae3b24e9e9ab9e26fa8c201e34a75ff64.jpg,True,downloaded,
17ac5eaf4078160e23a6a6d9d4f2b31bed056288,748667792e56bcac0b1aaf174e35fd509006a4e0,-15.884108700002995,-48.01425110006146,-15.88414273714732,-48.01423251283227,2024-06,2024,2ajAIkcjlKtc7OvHvuFoHg,337.433303965294,© Google,OK,5_3,177187.83368052237,8241558.2356050145,553e0858aed9375889f24006d1fe11b061ddfde2,cardinal,4,0,0_deg_north,cardinal,0,0,90,640,640,1,batch_0001,97,datasets/df_2024_proportional/batch_0001/images/553e0858aed9375889f24006d1fe11b061ddfde2.jpg,https://raw.githubusercontent.com/GUIA-DD/dataset-streetview/refs/heads/main/datasets/df_2024_proportional/batch_0001/images/553e0858aed9375889f24006d1fe11b061ddfde2.jpg,True,downloaded,
17ac5eaf4078160e23a6a6d9d4f2b31bed056288,748667792e56bcac0b1aaf174e35fd509006a4e0,-15.884108700002995,-48.01425110006146,-15.88414273714732,-48.01423251283227,2024-06,2024,2ajAIkcjlKtc7OvHvuFoHg,337.433303965294,© Google,OK,5_3,177187.83368052237,8241558.2356050145,dcbe99b20813daa770ba383bee67eaba7d68933f,cardinal,4,1,90_deg_east,cardinal,90,0,90,640,640,1,batch_0001,98,datasets/df_2024_proportional/batch_0001/images/dcbe99b20813daa770ba383bee67eaba7d68933f.jpg,https://raw.githubusercontent.com/GUIA-DD/dataset-streetview/refs/heads/main/datasets/df_2024_proportional/batch_0001/images/dcbe99b20813daa770ba383bee67eaba7d68933f.jpg,True,downloaded,
17ac5eaf4078160e23a6a6d9d4f2b31bed056288,748667792e56bcac0b1aaf174e35fd509006a4e0,-15.884108700002995,-48.01425110006146,-15.88414273714732,-48.01423251283227,2024-06,2024,2ajAIkcjlKtc7OvHvuFoHg,337.433303965294,© Google,OK,5_3,177187.83368052237,8241558.2356050145,5d0cad79bc040b8dd83f8243ba2fbb50e5c80d19,cardinal,4,2,180_deg_south,cardinal,180,0,90,640,640,1,batch_0001,99,datasets/df_2024_proportional/batch_0001/images/5d0cad79bc040b8dd83f8243ba2fbb50e5c80d19.jpg,https://raw.githubusercontent.com/GUIA-DD/dataset-streetview/refs/heads/main/datasets/df_2024_proportional/batch_0001/images/5d0cad79bc040b8dd83f8243ba2fbb50e5c80d19.jpg,True,downloaded,
17ac5eaf4078160e23a6a6d9d4f2b31bed056288,748667792e56bcac0b1aaf174e35fd509006a4e0,-15.884108700002995,-48.01425110006146,-15.88414273714732,-48.01423251283227,2024-06,2024,2ajAIkcjlKtc7OvHvuFoHg,337.433303965294,© Google,OK,5_3,177187.83368052237,8241558.2356050145,da3e8ba22e041e154e08b6b9d00bcf88182fb760,cardinal,4,3,270_deg_west,cardinal,270,0,90,640,640,1,batch_0001,100,datasets/df_2024_proportional/batch_0001/images/da3e8ba22e041e154e08b6b9d00bcf88182fb760.jpg,https://raw.githubusercontent.com/GUIA-DD/dataset-streetview/refs/heads/main/datasets/df_2024_proportional/batch_0001/images/da3e8ba22e041e154e08b6b9d00bcf88182fb760.jpg,True,downloaded,
17b6383320a8bc3603c951b9ccc7358a5f3b5ed4,3cd013d9cdc42f09a4bdd40bb3c7f4a3e43f94eb,-15.680244854094413,-47.83252279813164,-15.68024969629928,-47.83249543968132,2025-07,2025,O3S32ka3WKh6_37bKIK2cw,71.38533695076079,© Google,OK,9_8,196360.32545612747,8264403.937838577,330b0a5b7db39b05d4970d47d250f66ad9c98450,cardinal,4,0,0_deg_north,cardinal,0,0,90,640,640,1,batch_0001,101,datasets/df_2024_proportional/batch_0001/images/330b0a5b7db39b05d4970d47d250f66ad9c98450.jpg,https://raw.githubusercontent.com/GUIA-DD/dataset-streetview/refs/heads/main/datasets/df_2024_proportional/batch_0001/images/330b0a5b7db39b05d4970d47d250f66ad9c98450.jpg,True,downloaded,
17b6383320a8bc3603c951b9ccc7358a5f3b5ed4,3cd013d9cdc42f09a4bdd40bb3c7f4a3e43f94eb,-15.680244854094413,-47.83252279813164,-15.68024969629928,-47.83249543968132,2025-07,2025,O3S32ka3WKh6_37bKIK2cw,71.38533695076079,© Google,OK,9_8,196360.32545612747,8264403.937838577,74b25a5821d5051b8a2aec3d542f66e181fdf3aa,cardinal,4,1,90_deg_east,cardinal,90,0,90,640,640,1,batch_0001,102,datasets/df_2024_proportional/batch_0001/images/74b25a5821d5051b8a2aec3d542f66e181fdf3aa.jpg,https://raw.githubusercontent.com/GUIA-DD/dataset-streetview/refs/heads/main/datasets/df_2024_proportional/batch_0001/images/74b25a5821d5051b8a2aec3d542f66e181fdf3aa.jpg,True,downloaded,
17b6383320a8bc3603c951b9ccc7358a5f3b5ed4,3cd013d9cdc42f09a4bdd40bb3c7f4a3e43f94eb,-15.680244854094413,-47.83252279813164,-15.68024969629928,-47.83249543968132,2025-07,2025,O3S32ka3WKh6_37bKIK2cw,71.38533695076079,© Google,OK,9_8,196360.32545612747,8264403.937838577,b13bcb8e902b1c76d345faf06bfa90b0aee05e80,cardinal,4,2,180_deg_south,cardinal,180,0,90,640,640,1,batch_0001,103,datasets/df_2024_proportional/batch_0001/images/b13bcb8e902b1c76d345faf06bfa90b0aee05e80.jpg,https://raw.githubusercontent.com/GUIA-DD/dataset-streetview/refs/heads/main/datasets/df_2024_proportional/batch_0001/images/b13bcb8e902b1c76d345faf06bfa90b0aee05e80.jpg,True,downloaded,
17b6383320a8bc3603c951b9ccc7358a5f3b5ed4,3cd013d9cdc42f09a4bdd40bb3c7f4a3e43f94eb,-15.680244854094413,-47.83252279813164,-15.68024969629928,-47.83249543968132,2025-07,2025,O3S32ka3WKh6_37bKIK2cw,71.38533695076079,© Google,OK,9_8,196360.32545612747,8264403.937838577,4d8d6ee9f87f7a0a7f0ffb1cd42e55b902f30260,cardinal,4,3,270_deg_west,cardinal,270,0,90,640,640,1,batch_0001,104,datasets/df_2024_proportional/batch_0001/images/4d8d6ee9f87f7a0a7f0ffb1cd42e55b902f30260.jpg,https://raw.githubusercontent.com/GUIA-DD/dataset-streetview/refs/heads/main/datasets/df_2024_proportional/batch_0001/images/4d8d6ee9f87f7a0a7f0ffb1cd42e55b902f30260.jpg,True,downloaded,
18efda46feba7536e7e879e71bcb2966850c3e31,835a7305feac89215d4b17c3ed4d9443e179ff8c,-15.870875550006545,-48.096832000092625,-15.87087310505296,-48.09684747113166,2025-03,2025,u9aupDuC23ltcEQW5zWcRA,154.67927896993524,© Google,OK,3_4,168314.83500040052,8242894.511448979,1c8dde532c8ac80b30769d5f6f1605a5968c76c4,cardinal,4,0,0_deg_north,cardinal,0,0,90,640,640,1,batch_0001,105,datasets/df_2024_proportional/batch_0001/images/1c8dde532c8ac80b30769d5f6f1605a5968c76c4.jpg,https://raw.githubusercontent.com/GUIA-DD/dataset-streetview/refs/heads/main/datasets/df_2024_proportional/batch_0001/images/1c8dde532c8ac80b30769d5f6f1605a5968c76c4.jpg,True,downloaded,
18efda46feba7536e7e879e71bcb2966850c3e31,835a7305feac89215d4b17c3ed4d9443e179ff8c,-15.870875550006545,-48.096832000092625,-15.87087310505296,-48.09684747113166,2025-03,2025,u9aupDuC23ltcEQW5zWcRA,154.67927896993524,© Google,OK,3_4,168314.83500040052,8242894.511448979,ddd3c6f7d6103cb7d58734b0d5cbee16e9be1fb3,cardinal,4,1,90_deg_east,cardinal,90,0,90,640,640,1,batch_0001,106,datasets/df_2024_proportional/batch_0001/images/ddd3c6f7d6103cb7d58734b0d5cbee16e9be1fb3.jpg,https://raw.githubusercontent.com/GUIA-DD/dataset-streetview/refs/heads/main/datasets/df_2024_proportional/batch_0001/images/ddd3c6f7d6103cb7d58734b0d5cbee16e9be1fb3.jpg,True,downloaded,
18efda46feba7536e7e879e71bcb2966850c3e31,835a7305feac89215d4b17c3ed4d9443e179ff8c,-15.870875550006545,-48.096832000092625,-15.87087310505296,-48.09684747113166,2025-03,2025,u9aupDuC23ltcEQW5zWcRA,154.67927896993524,© Google,OK,3_4,168314.83500040052,8242894.511448979,715d46c6f37e458ab8cecbc2f4af87ee0f18ee63,cardinal,4,2,180_deg_south,cardinal,180,0,90,640,640,1,batch_0001,107,datasets/df_2024_proportional/batch_0001/images/715d46c6f37e458ab8cecbc2f4af87ee0f18ee63.jpg,https://raw.githubusercontent.com/GUIA-DD/dataset-streetview/refs/heads/main/datasets/df_2024_proportional/batch_0001/images/715d46c6f37e458ab8cecbc2f4af87ee0f18ee63.jpg,True,downloaded,
18efda46feba7536e7e879e71bcb2966850c3e31,835a7305feac89215d4b17c3ed4d9443e179ff8c,-15.870875550006545,-48.096832000092625,-15.87087310505296,-48.09684747113166,2025-03,2025,u9aupDuC23ltcEQW5zWcRA,154.67927896993524,© Google,OK,3_4,168314.83500040052,8242894.511448979,f1b9b2b0c97e7ea0d4f608a8b73140fe367913da,cardinal,4,3,270_deg_west,cardinal,270,0,90,640,640,1,batch_0001,108,datasets/df_2024_proportional/batch_0001/images/f1b9b2b0c97e7ea0d4f608a8b73140fe367913da.jpg,https://raw.githubusercontent.com/GUIA-DD/dataset-streetview/refs/heads/main/datasets/df_2024_proportional/batch_0001/images/f1b9b2b0c97e7ea0d4f608a8b73140fe367913da.jpg,True,downloaded,
19119babafce5240907fc6d4cd457c67a1bc2ed9,adb070e6ff9506d6e368f3ad0517b529d857c52f,-15.791855000000128,-48.13679180001546,-15.79188180987678,-48.13677884352145,2026-01,2026,i76nLkOJ2aV1UCTiwa4y3w,340.33743665797823,© Google,OK,2_5,163900.46692330987,8251582.63550187,2250ef4a58d0ee69f8eb799278ddd8a849f90619,cardinal,4,0,0_deg_north,cardinal,0,0,90,640,640,1,batch_0001,109,datasets/df_2024_proportional/batch_0001/images/2250ef4a58d0ee69f8eb799278ddd8a849f90619.jpg,https://raw.githubusercontent.com/GUIA-DD/dataset-streetview/refs/heads/main/datasets/df_2024_proportional/batch_0001/images/2250ef4a58d0ee69f8eb799278ddd8a849f90619.jpg,True,downloaded,
19119babafce5240907fc6d4cd457c67a1bc2ed9,adb070e6ff9506d6e368f3ad0517b529d857c52f,-15.791855000000128,-48.13679180001546,-15.79188180987678,-48.13677884352145,2026-01,2026,i76nLkOJ2aV1UCTiwa4y3w,340.33743665797823,© Google,OK,2_5,163900.46692330987,8251582.63550187,076981b7afe9e8243ec8c0fa1ef5760f0f4541ec,cardinal,4,1,90_deg_east,cardinal,90,0,90,640,640,1,batch_0001,110,datasets/df_2024_proportional/batch_0001/images/076981b7afe9e8243ec8c0fa1ef5760f0f4541ec.jpg,https://raw.githubusercontent.com/GUIA-DD/dataset-streetview/refs/heads/main/datasets/df_2024_proportional/batch_0001/images/076981b7afe9e8243ec8c0fa1ef5760f0f4541ec.jpg,True,downloaded,
19119babafce5240907fc6d4cd457c67a1bc2ed9,adb070e6ff9506d6e368f3ad0517b529d857c52f,-15.791855000000128,-48.13679180001546,-15.79188180987678,-48.13677884352145,2026-01,2026,i76nLkOJ2aV1UCTiwa4y3w,340.33743665797823,© Google,OK,2_5,163900.46692330987,8251582.63550187,647c393c19ecaef5003e699f2f6144517f01908b,cardinal,4,2,180_deg_south,cardinal,180,0,90,640,640,1,batch_0001,111,datasets/df_2024_proportional/batch_0001/images/647c393c19ecaef5003e699f2f6144517f01908b.jpg,https://raw.githubusercontent.com/GUIA-DD/dataset-streetview/refs/heads/main/datasets/df_2024_proportional/batch_0001/images/647c393c19ecaef5003e699f2f6144517f01908b.jpg,True,downloaded,
19119babafce5240907fc6d4cd457c67a1bc2ed9,adb070e6ff9506d6e368f3ad0517b529d857c52f,-15.791855000000128,-48.13679180001546,-15.79188180987678,-48.13677884352145,2026-01,2026,i76nLkOJ2aV1UCTiwa4y3w,340.33743665797823,© Google,OK,2_5,163900.46692330987,8251582.63550187,c3d667e857775732bc3011a13415012a41bc91cc,cardinal,4,3,270_deg_west,cardinal,270,0,90,640,640,1,batch_0001,112,datasets/df_2024_proportional/batch_0001/images/c3d667e857775732bc3011a13415012a41bc91cc.jpg,https://raw.githubusercontent.com/GUIA-DD/dataset-streetview/refs/heads/main/datasets/df_2024_proportional/batch_0001/images/c3d667e857775732bc3011a13415012a41bc91cc.jpg,True,downloaded,
1b3301101a6a7d6cc439d47889d4031baf071aee,37cf9192330fd813bab7109e43f22c6bf37f1a62,-15.828687550176532,-47.92887449978418,-15.82868028389146,-47.92889157082369,2024-10,2024,uPoC8sGkZEvnshfgumINvA,230.76160090114323,© Google,OK,7_5,186252.39420359826,8247825.402911204,1bdb2c3a80275f325ef7123476a5cdfbb082ec43,cardinal,4,0,0_deg_north,cardinal,0,0,90,640,640,1,batch_0001,113,datasets/df_2024_proportional/batch_0001/images/1bdb2c3a80275f325ef7123476a5cdfbb082ec43.jpg,https://raw.githubusercontent.com/GUIA-DD/dataset-streetview/refs/heads/main/datasets/df_2024_proportional/batch_0001/images/1bdb2c3a80275f325ef7123476a5cdfbb082ec43.jpg,True,downloaded,
1b3301101a6a7d6cc439d47889d4031baf071aee,37cf9192330fd813bab7109e43f22c6bf37f1a62,-15.828687550176532,-47.92887449978418,-15.82868028389146,-47.92889157082369,2024-10,2024,uPoC8sGkZEvnshfgumINvA,230.76160090114323,© Google,OK,7_5,186252.39420359826,8247825.402911204,9f8f6337e780dbd4ce34968bf2f20c08d095d9b0,cardinal,4,1,90_deg_east,cardinal,90,0,90,640,640,1,batch_0001,114,datasets/df_2024_proportional/batch_0001/images/9f8f6337e780dbd4ce34968bf2f20c08d095d9b0.jpg,https://raw.githubusercontent.com/GUIA-DD/dataset-streetview/refs/heads/main/datasets/df_2024_proportional/batch_0001/images/9f8f6337e780dbd4ce34968bf2f20c08d095d9b0.jpg,True,downloaded,
1b3301101a6a7d6cc439d47889d4031baf071aee,37cf9192330fd813bab7109e43f22c6bf37f1a62,-15.828687550176532,-47.92887449978418,-15.82868028389146,-47.92889157082369,2024-10,2024,uPoC8sGkZEvnshfgumINvA,230.76160090114323,© Google,OK,7_5,186252.39420359826,8247825.402911204,22a58b6437a334d897c06ee7eccd666faa4ba4c3,cardinal,4,2,180_deg_south,cardinal,180,0,90,640,640,1,batch_0001,115,datasets/df_2024_proportional/batch_0001/images/22a58b6437a334d897c06ee7eccd666faa4ba4c3.jpg,https://raw.githubusercontent.com/GUIA-DD/dataset-streetview/refs/heads/main/datasets/df_2024_proportional/batch_0001/images/22a58b6437a334d897c06ee7eccd666faa4ba4c3.jpg,True,downloaded,
1b3301101a6a7d6cc439d47889d4031baf071aee,37cf9192330fd813bab7109e43f22c6bf37f1a62,-15.828687550176532,-47.92887449978418,-15.82868028389146,-47.92889157082369,2024-10,2024,uPoC8sGkZEvnshfgumINvA,230.76160090114323,© Google,OK,7_5,186252.39420359826,8247825.402911204,70c2e4406219eed5d15d528bb4408378696f96b2,cardinal,4,3,270_deg_west,cardinal,270,0,90,640,640,1,batch_0001,116,datasets/df_2024_proportional/batch_0001/images/70c2e4406219eed5d15d528bb4408378696f96b2.jpg,https://raw.githubusercontent.com/GUIA-DD/dataset-streetview/refs/heads/main/datasets/df_2024_proportional/batch_0001/images/70c2e4406219eed5d15d528bb4408378696f96b2.jpg,True,downloaded,
1d5514706359ae61516b64b4b9477d6ecd79d8d1,98be2074376acd4973955d249dfa6ddd346a38c3,-15.827819850131005,-48.106794949895544,-15.82783481368063,-48.1067646248936,2024-10,2024,_Mp5WDxMcmA0QN4iiAW0xw,61.24299026660783,© Google,OK,3_5,167176.17451705298,8247647.202359844,746dce7e5de38f0a826567e1710bf4249015fcfc,cardinal,4,0,0_deg_north,cardinal,0,0,90,640,640,1,batch_0001,117,datasets/df_2024_proportional/batch_0001/images/746dce7e5de38f0a826567e1710bf4249015fcfc.jpg,https://raw.githubusercontent.com/GUIA-DD/dataset-streetview/refs/heads/main/datasets/df_2024_proportional/batch_0001/images/746dce7e5de38f0a826567e1710bf4249015fcfc.jpg,True,downloaded,
1d5514706359ae61516b64b4b9477d6ecd79d8d1,98be2074376acd4973955d249dfa6ddd346a38c3,-15.827819850131005,-48.106794949895544,-15.82783481368063,-48.1067646248936,2024-10,2024,_Mp5WDxMcmA0QN4iiAW0xw,61.24299026660783,© Google,OK,3_5,167176.17451705298,8247647.202359844,f3af65766df93fa1dd9186c7b7790019248c07ee,cardinal,4,1,90_deg_east,cardinal,90,0,90,640,640,1,batch_0001,118,datasets/df_2024_proportional/batch_0001/images/f3af65766df93fa1dd9186c7b7790019248c07ee.jpg,https://raw.githubusercontent.com/GUIA-DD/dataset-streetview/refs/heads/main/datasets/df_2024_proportional/batch_0001/images/f3af65766df93fa1dd9186c7b7790019248c07ee.jpg,True,downloaded,
1d5514706359ae61516b64b4b9477d6ecd79d8d1,98be2074376acd4973955d249dfa6ddd346a38c3,-15.827819850131005,-48.106794949895544,-15.82783481368063,-48.1067646248936,2024-10,2024,_Mp5WDxMcmA0QN4iiAW0xw,61.24299026660783,© Google,OK,3_5,167176.17451705298,8247647.202359844,abb69669daaafb05069ec15f3c66542fb8e9c02d,cardinal,4,2,180_deg_south,cardinal,180,0,90,640,640,1,batch_0001,119,datasets/df_2024_proportional/batch_0001/images/abb69669daaafb05069ec15f3c66542fb8e9c02d.jpg,https://raw.githubusercontent.com/GUIA-DD/dataset-streetview/refs/heads/main/datasets/df_2024_proportional/batch_0001/images/abb69669daaafb05069ec15f3c66542fb8e9c02d.jpg,True,downloaded,
1d5514706359ae61516b64b4b9477d6ecd79d8d1,98be2074376acd4973955d249dfa6ddd346a38c3,-15.827819850131005,-48.106794949895544,-15.82783481368063,-48.1067646248936,2024-10,2024,_Mp5WDxMcmA0QN4iiAW0xw,61.24299026660783,© Google,OK,3_5,167176.17451705298,8247647.202359844,24ec92c71e4551ca769486c2cb4de8f804b6ee61,cardinal,4,3,270_deg_west,cardinal,270,0,90,640,640,1,batch_0001,120,datasets/df_2024_proportional/batch_0001/images/24ec92c71e4551ca769486c2cb4de8f804b6ee61.jpg,https://raw.githubusercontent.com/GUIA-DD/dataset-streetview/refs/heads/main/datasets/df_2024_proportional/batch_0001/images/24ec92c71e4551ca769486c2cb4de8f804b6ee61.jpg,True,downloaded,
1e87c1955fc0071677c5c1367426bd127765b1f9,1ad63c4912c5d4c130ce5597018dbc984da95887,-15.630808624632088,-47.673083394787774,-15.63078920112506,-47.67327176745292,2025-07,2025,kbxSWpJs0ZCZxHrJy6xYFA,354.93895608293326,© Google,OK,12_9,213393.87397529665,8270099.500209128,2c81b17e631ce91e4a16961baee125eba259dd25,cardinal,4,0,0_deg_north,cardinal,0,0,90,640,640,1,batch_0001,121,datasets/df_2024_proportional/batch_0001/images/2c81b17e631ce91e4a16961baee125eba259dd25.jpg,https://raw.githubusercontent.com/GUIA-DD/dataset-streetview/refs/heads/main/datasets/df_2024_proportional/batch_0001/images/2c81b17e631ce91e4a16961baee125eba259dd25.jpg,True,downloaded,
1e87c1955fc0071677c5c1367426bd127765b1f9,1ad63c4912c5d4c130ce5597018dbc984da95887,-15.630808624632088,-47.673083394787774,-15.63078920112506,-47.67327176745292,2025-07,2025,kbxSWpJs0ZCZxHrJy6xYFA,354.93895608293326,© Google,OK,12_9,213393.87397529665,8270099.500209128,c6e3815508bfd2207dc23253ded627abe1e479c8,cardinal,4,1,90_deg_east,cardinal,90,0,90,640,640,1,batch_0001,122,datasets/df_2024_proportional/batch_0001/images/c6e3815508bfd2207dc23253ded627abe1e479c8.jpg,https://raw.githubusercontent.com/GUIA-DD/dataset-streetview/refs/heads/main/datasets/df_2024_proportional/batch_0001/images/c6e3815508bfd2207dc23253ded627abe1e479c8.jpg,True,downloaded,
1e87c1955fc0071677c5c1367426bd127765b1f9,1ad63c4912c5d4c130ce5597018dbc984da95887,-15.630808624632088,-47.673083394787774,-15.63078920112506,-47.67327176745292,2025-07,2025,kbxSWpJs0ZCZxHrJy6xYFA,354.93895608293326,© Google,OK,12_9,213393.87397529665,8270099.500209128,0eb13826cc098a205ba10b75f3aba6d8a2ed7d3d,cardinal,4,2,180_deg_south,cardinal,180,0,90,640,640,1,batch_0001,123,datasets/df_2024_proportional/batch_0001/images/0eb13826cc098a205ba10b75f3aba6d8a2ed7d3d.jpg,https://raw.githubusercontent.com/GUIA-DD/dataset-streetview/refs/heads/main/datasets/df_2024_proportional/batch_0001/images/0eb13826cc098a205ba10b75f3aba6d8a2ed7d3d.jpg,True,downloaded,
1e87c1955fc0071677c5c1367426bd127765b1f9,1ad63c4912c5d4c130ce5597018dbc984da95887,-15.630808624632088,-47.673083394787774,-15.63078920112506,-47.67327176745292,2025-07,2025,kbxSWpJs0ZCZxHrJy6xYFA,354.93895608293326,© Google,OK,12_9,213393.87397529665,8270099.500209128,eaa8bcc72a743e9e7a3c862c9655717ddd73944c,cardinal,4,3,270_deg_west,cardinal,270,0,90,640,640,1,batch_0001,124,datasets/df_2024_proportional/batch_0001/images/eaa8bcc72a743e9e7a3c862c9655717ddd73944c.jpg,https://raw.githubusercontent.com/GUIA-DD/dataset-streetview/refs/heads/main/datasets/df_2024_proportional/batch_0001/images/eaa8bcc72a743e9e7a3c862c9655717ddd73944c.jpg,True,downloaded,
1ec3c35d37f1be0c757e8126c362fbf0711f06ae,58144f506d32886b9fff6975e6f7220bfa2ceedc,-15.80757603652579,-47.99150710523031,-15.80753586991992,-47.99151022104326,2024-09,2024,VCoeseiKW5hblO5-eEvh-A,186.91797967795904,© Google,OK,6_5,179504.57151051133,8250068.623597967,e0d7eea78a364b0634104a49c8b87e54760d957d,cardinal,4,0,0_deg_north,cardinal,0,0,90,640,640,1,batch_0001,125,datasets/df_2024_proportional/batch_0001/images/e0d7eea78a364b0634104a49c8b87e54760d957d.jpg,https://raw.githubusercontent.com/GUIA-DD/dataset-streetview/refs/heads/main/datasets/df_2024_proportional/batch_0001/images/e0d7eea78a364b0634104a49c8b87e54760d957d.jpg,True,downloaded,
1ec3c35d37f1be0c757e8126c362fbf0711f06ae,58144f506d32886b9fff6975e6f7220bfa2ceedc,-15.80757603652579,-47.99150710523031,-15.80753586991992,-47.99151022104326,2024-09,2024,VCoeseiKW5hblO5-eEvh-A,186.91797967795904,© Google,OK,6_5,179504.57151051133,8250068.623597967,7b337b559402af6d7044b74d98586321721f844e,cardinal,4,1,90_deg_east,cardinal,90,0,90,640,640,1,batch_0001,126,datasets/df_2024_proportional/batch_0001/images/7b337b559402af6d7044b74d98586321721f844e.jpg,https://raw.githubusercontent.com/GUIA-DD/dataset-streetview/refs/heads/main/datasets/df_2024_proportional/batch_0001/images/7b337b559402af6d7044b74d98586321721f844e.jpg,True,downloaded,
1ec3c35d37f1be0c757e8126c362fbf0711f06ae,58144f506d32886b9fff6975e6f7220bfa2ceedc,-15.80757603652579,-47.99150710523031,-15.80753586991992,-47.99151022104326,2024-09,2024,VCoeseiKW5hblO5-eEvh-A,186.91797967795904,© Google,OK,6_5,179504.57151051133,8250068.623597967,b8859de28fb6092a2e430d9274a0c2a9db22780b,cardinal,4,2,180_deg_south,cardinal,180,0,90,640,640,1,batch_0001,127,datasets/df_2024_proportional/batch_0001/images/b8859de28fb6092a2e430d9274a0c2a9db22780b.jpg,https://raw.githubusercontent.com/GUIA-DD/dataset-streetview/refs/heads/main/datasets/df_2024_proportional/batch_0001/images/b8859de28fb6092a2e430d9274a0c2a9db22780b.jpg,True,downloaded,
1ec3c35d37f1be0c757e8126c362fbf0711f06ae,58144f506d32886b9fff6975e6f7220bfa2ceedc,-15.80757603652579,-47.99150710523031,-15.80753586991992,-47.99151022104326,2024-09,2024,VCoeseiKW5hblO5-eEvh-A,186.91797967795904,© Google,OK,6_5,179504.57151051133,8250068.623597967,874bd0e985e1cddac2f2490cd154d17840e6c19a,cardinal,4,3,270_deg_west,cardinal,270,0,90,640,640,1,batch_0001,128,datasets/df_2024_proportional/batch_0001/images/874bd0e985e1cddac2f2490cd154d17840e6c19a.jpg,https://raw.githubusercontent.com/GUIA-DD/dataset-streetview/refs/heads/main/datasets/df_2024_proportional/batch_0001/images/874bd0e985e1cddac2f2490cd154d17840e6c19a.jpg,True,downloaded,
20a28419778a2e6599eb8d41aea00a72e1f235bd,2e4ba4a7f3da27abf51a66ebd12a0a6266de1aeb,-15.743321500016048,-47.77323180029436,-15.74328773140915,-47.77321746687465,2024-07,2024,tCRy2QreprycV2WQLmXPwg,158.42532259027467,© Google,OK,10_6,202812.10742965303,8257504.0684465375,b6184eb61177ec9b8e508d51752ab5411f8ae651,cardinal,4,0,0_deg_north,cardinal,0,0,90,640,640,1,batch_0001,129,datasets/df_2024_proportional/batch_0001/images/b6184eb61177ec9b8e508d51752ab5411f8ae651.jpg,https://raw.githubusercontent.com/GUIA-DD/dataset-streetview/refs/heads/main/datasets/df_2024_proportional/batch_0001/images/b6184eb61177ec9b8e508d51752ab5411f8ae651.jpg,True,downloaded,
20a28419778a2e6599eb8d41aea00a72e1f235bd,2e4ba4a7f3da27abf51a66ebd12a0a6266de1aeb,-15.743321500016048,-47.77323180029436,-15.74328773140915,-47.77321746687465,2024-07,2024,tCRy2QreprycV2WQLmXPwg,158.42532259027467,© Google,OK,10_6,202812.10742965303,8257504.0684465375,330c842d8a8cacde1570e258dda96451d5730521,cardinal,4,1,90_deg_east,cardinal,90,0,90,640,640,1,batch_0001,130,datasets/df_2024_proportional/batch_0001/images/330c842d8a8cacde1570e258dda96451d5730521.jpg,https://raw.githubusercontent.com/GUIA-DD/dataset-streetview/refs/heads/main/datasets/df_2024_proportional/batch_0001/images/330c842d8a8cacde1570e258dda96451d5730521.jpg,True,downloaded,
20a28419778a2e6599eb8d41aea00a72e1f235bd,2e4ba4a7f3da27abf51a66ebd12a0a6266de1aeb,-15.743321500016048,-47.77323180029436,-15.74328773140915,-47.77321746687465,2024-07,2024,tCRy2QreprycV2WQLmXPwg,158.42532259027467,© Google,OK,10_6,202812.10742965303,8257504.0684465375,fb36194a7aaf401f6d6113a2c6b3ce4ebaca36d6,cardinal,4,2,180_deg_south,cardinal,180,0,90,640,640,1,batch_0001,131,datasets/df_2024_proportional/batch_0001/images/fb36194a7aaf401f6d6113a2c6b3ce4ebaca36d6.jpg,https://raw.githubusercontent.com/GUIA-DD/dataset-streetview/refs/heads/main/datasets/df_2024_proportional/batch_0001/images/fb36194a7aaf401f6d6113a2c6b3ce4ebaca36d6.jpg,True,downloaded,
20a28419778a2e6599eb8d41aea00a72e1f235bd,2e4ba4a7f3da27abf51a66ebd12a0a6266de1aeb,-15.743321500016048,-47.77323180029436,-15.74328773140915,-47.77321746687465,2024-07,2024,tCRy2QreprycV2WQLmXPwg,158.42532259027467,© Google,OK,10_6,202812.10742965303,8257504.0684465375,76e0ef22adf928b0902075653156193b4d0c6610,cardinal,4,3,270_deg_west,cardinal,270,0,90,640,640,1,batch_0001,132,datasets/df_2024_proportional/batch_0001/images/76e0ef22adf928b0902075653156193b4d0c6610.jpg,https://raw.githubusercontent.com/GUIA-DD/dataset-streetview/refs/heads/main/datasets/df_2024_proportional/batch_0001/images/76e0ef22adf928b0902075653156193b4d0c6610.jpg,True,downloaded,
23045872499f69f14124efd8170915a3208ed1ec,4858bc3f5f1deb4f025e0629be0056fc5c87fe88,-15.848848800659525,-48.11957795330802,-15.84886345916782,-48.1195462938805,2026-01,2026,Tkpo0pAsfllQfbjU5McH-Q,322.74447051728,© Google,OK,3_4,165840.24646395625,8245297.843181284,a59f19103084988074d689c673978170787d2d7c,cardinal,4,0,0_deg_north,cardinal,0,0,90,640,640,1,batch_0001,133,datasets/df_2024_proportional/batch_0001/images/a59f19103084988074d689c673978170787d2d7c.jpg,https://raw.githubusercontent.com/GUIA-DD/dataset-streetview/refs/heads/main/datasets/df_2024_proportional/batch_0001/images/a59f19103084988074d689c673978170787d2d7c.jpg,True,downloaded,
23045872499f69f14124efd8170915a3208ed1ec,4858bc3f5f1deb4f025e0629be0056fc5c87fe88,-15.848848800659525,-48.11957795330802,-15.84886345916782,-48.1195462938805,2026-01,2026,Tkpo0pAsfllQfbjU5McH-Q,322.74447051728,© Google,OK,3_4,165840.24646395625,8245297.843181284,35cf4b7c95097af48ed45308942c5aaa0e6cb6e3,cardinal,4,1,90_deg_east,cardinal,90,0,90,640,640,1,batch_0001,134,datasets/df_2024_proportional/batch_0001/images/35cf4b7c95097af48ed45308942c5aaa0e6cb6e3.jpg,https://raw.githubusercontent.com/GUIA-DD/dataset-streetview/refs/heads/main/datasets/df_2024_proportional/batch_0001/images/35cf4b7c95097af48ed45308942c5aaa0e6cb6e3.jpg,True,downloaded,
23045872499f69f14124efd8170915a3208ed1ec,4858bc3f5f1deb4f025e0629be0056fc5c87fe88,-15.848848800659525,-48.11957795330802,-15.84886345916782,-48.1195462938805,2026-01,2026,Tkpo0pAsfllQfbjU5McH-Q,322.74447051728,© Google,OK,3_4,165840.24646395625,8245297.843181284,63b38b5b4700cf9ac4f5d90bf25371ebab489ad3,cardinal,4,2,180_deg_south,cardinal,180,0,90,640,640,1,batch_0001,135,datasets/df_2024_proportional/batch_0001/images/63b38b5b4700cf9ac4f5d90bf25371ebab489ad3.jpg,https://raw.githubusercontent.com/GUIA-DD/dataset-streetview/refs/heads/main/datasets/df_2024_proportional/batch_0001/images/63b38b5b4700cf9ac4f5d90bf25371ebab489ad3.jpg,True,downloaded,
23045872499f69f14124efd8170915a3208ed1ec,4858bc3f5f1deb4f025e0629be0056fc5c87fe88,-15.848848800659525,-48.11957795330802,-15.84886345916782,-48.1195462938805,2026-01,2026,Tkpo0pAsfllQfbjU5McH-Q,322.74447051728,© Google,OK,3_4,165840.24646395625,8245297.843181284,e95682968f634f576f2987e816c9bdf2c8140b6b,cardinal,4,3,270_deg_west,cardinal,270,0,90,640,640,1,batch_0001,136,datasets/df_2024_proportional/batch_0001/images/e95682968f634f576f2987e816c9bdf2c8140b6b.jpg,https://raw.githubusercontent.com/GUIA-DD/dataset-streetview/refs/heads/main/datasets/df_2024_proportional/batch_0001/images/e95682968f634f576f2987e816c9bdf2c8140b6b.jpg,True,downloaded,
24599fb13bc210908aacfe7933f6f49e9e3a2380,e55988bd7f2b40e55c7734e315e41c99bbe2e593,-15.855277300093572,-48.07184979994426,-15.85525301723178,-48.07182941858139,2025-06,2025,gUJXsZlur8hMBYz8W_HOkQ,66.96696095790908,© Google,OK,4_4,170967.40986002525,8244661.467903484,53977294fafdaa568389b01e01cf09144a25018c,cardinal,4,0,0_deg_north,cardinal,0,0,90,640,640,1,batch_0001,137,datasets/df_2024_proportional/batch_0001/images/53977294fafdaa568389b01e01cf09144a25018c.jpg,https://raw.githubusercontent.com/GUIA-DD/dataset-streetview/refs/heads/main/datasets/df_2024_proportional/batch_0001/images/53977294fafdaa568389b01e01cf09144a25018c.jpg,True,downloaded,
24599fb13bc210908aacfe7933f6f49e9e3a2380,e55988bd7f2b40e55c7734e315e41c99bbe2e593,-15.855277300093572,-48.07184979994426,-15.85525301723178,-48.07182941858139,2025-06,2025,gUJXsZlur8hMBYz8W_HOkQ,66.96696095790908,© Google,OK,4_4,170967.40986002525,8244661.467903484,b4bb5d022aac5b3e1f1b56c2a3210655181c4105,cardinal,4,1,90_deg_east,cardinal,90,0,90,640,640,1,batch_0001,138,datasets/df_2024_proportional/batch_0001/images/b4bb5d022aac5b3e1f1b56c2a3210655181c4105.jpg,https://raw.githubusercontent.com/GUIA-DD/dataset-streetview/refs/heads/main/datasets/df_2024_proportional/batch_0001/images/b4bb5d022aac5b3e1f1b56c2a3210655181c4105.jpg,True,downloaded,
24599fb13bc210908aacfe7933f6f49e9e3a2380,e55988bd7f2b40e55c7734e315e41c99bbe2e593,-15.855277300093572,-48.07184979994426,-15.85525301723178,-48.07182941858139,2025-06,2025,gUJXsZlur8hMBYz8W_HOkQ,66.96696095790908,© Google,OK,4_4,170967.40986002525,8244661.467903484,49f50550f0be5738e056ce67d0a1e613dfb347de,cardinal,4,2,180_deg_south,cardinal,180,0,90,640,640,1,batch_0001,139,datasets/df_2024_proportional/batch_0001/images/49f50550f0be5738e056ce67d0a1e613dfb347de.jpg,https://raw.githubusercontent.com/GUIA-DD/dataset-streetview/refs/heads/main/datasets/df_2024_proportional/batch_0001/images/49f50550f0be5738e056ce67d0a1e613dfb347de.jpg,True,downloaded,
24599fb13bc210908aacfe7933f6f49e9e3a2380,e55988bd7f2b40e55c7734e315e41c99bbe2e593,-15.855277300093572,-48.07184979994426,-15.85525301723178,-48.07182941858139,2025-06,2025,gUJXsZlur8hMBYz8W_HOkQ,66.96696095790908,© Google,OK,4_4,170967.40986002525,8244661.467903484,6aae0cc9cec4a571df3991069bc92557d65629a5,cardinal,4,3,270_deg_west,cardinal,270,0,90,640,640,1,batch_0001,140,datasets/df_2024_proportional/batch_0001/images/6aae0cc9cec4a571df3991069bc92557d65629a5.jpg,https://raw.githubusercontent.com/GUIA-DD/dataset-streetview/refs/heads/main/datasets/df_2024_proportional/batch_0001/images/6aae0cc9cec4a571df3991069bc92557d65629a5.jpg,True,downloaded,
277405964fab2b11b5a484b0aab885663091ccd7,125bb1af28bc012e3efb1041a07fdc980d44dc4b,-15.864334950010841,-48.03500360010856,-15.86436989473307,-48.03498165095763,2024-07,2024,hU0CepCnTxxAklJ97esEDg,152.24489097425075,© Google,OK,5_4,174931.80489734584,8243715.934488222,10117ff21b4a91314d0a52d1ed8591c3aa273cf6,cardinal,4,0,0_deg_north,cardinal,0,0,90,640,640,1,batch_0001,141,datasets/df_2024_proportional/batch_0001/images/10117ff21b4a91314d0a52d1ed8591c3aa273cf6.jpg,https://raw.githubusercontent.com/GUIA-DD/dataset-streetview/refs/heads/main/datasets/df_2024_proportional/batch_0001/images/10117ff21b4a91314d0a52d1ed8591c3aa273cf6.jpg,True,downloaded,
277405964fab2b11b5a484b0aab885663091ccd7,125bb1af28bc012e3efb1041a07fdc980d44dc4b,-15.864334950010841,-48.03500360010856,-15.86436989473307,-48.03498165095763,2024-07,2024,hU0CepCnTxxAklJ97esEDg,152.24489097425075,© Google,OK,5_4,174931.80489734584,8243715.934488222,0a33c8ea5cac9edffd321c6368011c0bd0458dba,cardinal,4,1,90_deg_east,cardinal,90,0,90,640,640,1,batch_0001,142,datasets/df_2024_proportional/batch_0001/images/0a33c8ea5cac9edffd321c6368011c0bd0458dba.jpg,https://raw.githubusercontent.com/GUIA-DD/dataset-streetview/refs/heads/main/datasets/df_2024_proportional/batch_0001/images/0a33c8ea5cac9edffd321c6368011c0bd0458dba.jpg,True,downloaded,
277405964fab2b11b5a484b0aab885663091ccd7,125bb1af28bc012e3efb1041a07fdc980d44dc4b,-15.864334950010841,-48.03500360010856,-15.86436989473307,-48.03498165095763,2024-07,2024,hU0CepCnTxxAklJ97esEDg,152.24489097425075,© Google,OK,5_4,174931.80489734584,8243715.934488222,9247c0de30c5d6a4f117ecfef7cd723d747b45ab,cardinal,4,2,180_deg_south,cardinal,180,0,90,640,640,1,batch_0001,143,datasets/df_2024_proportional/batch_0001/images/9247c0de30c5d6a4f117ecfef7cd723d747b45ab.jpg,https://raw.githubusercontent.com/GUIA-DD/dataset-streetview/refs/heads/main/datasets/df_2024_proportional/batch_0001/images/9247c0de30c5d6a4f117ecfef7cd723d747b45ab.jpg,True,downloaded,
277405964fab2b11b5a484b0aab885663091ccd7,125bb1af28bc012e3efb1041a07fdc980d44dc4b,-15.864334950010841,-48.03500360010856,-15.86436989473307,-48.03498165095763,2024-07,2024,hU0CepCnTxxAklJ97esEDg,152.24489097425075,© Google,OK,5_4,174931.80489734584,8243715.934488222,ffb854e889c10eee7e150a569e2dee36e3189ea9,cardinal,4,3,270_deg_west,cardinal,270,0,90,640,640,1,batch_0001,144,datasets/df_2024_proportional/batch_0001/images/ffb854e889c10eee7e150a569e2dee36e3189ea9.jpg,https://raw.githubusercontent.com/GUIA-DD/dataset-streetview/refs/heads/main/datasets/df_2024_proportional/batch_0001/images/ffb854e889c10eee7e150a569e2dee36e3189ea9.jpg,True,downloaded,
27af7e69ad7ff8b8ff42e3fe65fae562e3c8196a,7d7740aea7f29210ae103fcd5b3d7cabe7f71de0,-16.0180846777978,-48.05084568530422,-16.0180527658147,-48.05086927112767,2025-05,2025,_DnAPiuMlCZzlXvF1f7x6w,278.7013918060121,© Google,OK,4_0,173482.9028216944,8226663.78344702,99469241eb64746f1d5a9178115bbc0b32dd18ce,cardinal,4,0,0_deg_north,cardinal,0,0,90,640,640,1,batch_0001,145,datasets/df_2024_proportional/batch_0001/images/99469241eb64746f1d5a9178115bbc0b32dd18ce.jpg,https://raw.githubusercontent.com/GUIA-DD/dataset-streetview/refs/heads/main/datasets/df_2024_proportional/batch_0001/images/99469241eb64746f1d5a9178115bbc0b32dd18ce.jpg,True,downloaded,
27af7e69ad7ff8b8ff42e3fe65fae562e3c8196a,7d7740aea7f29210ae103fcd5b3d7cabe7f71de0,-16.0180846777978,-48.05084568530422,-16.0180527658147,-48.05086927112767,2025-05,2025,_DnAPiuMlCZzlXvF1f7x6w,278.7013918060121,© Google,OK,4_0,173482.9028216944,8226663.78344702,bf876c71fd17ccd03414636579beb21bf83e4049,cardinal,4,1,90_deg_east,cardinal,90,0,90,640,640,1,batch_0001,146,datasets/df_2024_proportional/batch_0001/images/bf876c71fd17ccd03414636579beb21bf83e4049.jpg,https://raw.githubusercontent.com/GUIA-DD/dataset-streetview/refs/heads/main/datasets/df_2024_proportional/batch_0001/images/bf876c71fd17ccd03414636579beb21bf83e4049.jpg,True,downloaded,
27af7e69ad7ff8b8ff42e3fe65fae562e3c8196a,7d7740aea7f29210ae103fcd5b3d7cabe7f71de0,-16.0180846777978,-48.05084568530422,-16.0180527658147,-48.05086927112767,2025-05,2025,_DnAPiuMlCZzlXvF1f7x6w,278.7013918060121,© Google,OK,4_0,173482.9028216944,8226663.78344702,35ac6e20d4495c06af1936a3d1a39599ec72191f,cardinal,4,2,180_deg_south,cardinal,180,0,90,640,640,1,batch_0001,147,datasets/df_2024_proportional/batch_0001/images/35ac6e20d4495c06af1936a3d1a39599ec72191f.jpg,https://raw.githubusercontent.com/GUIA-DD/dataset-streetview/refs/heads/main/datasets/df_2024_proportional/batch_0001/images/35ac6e20d4495c06af1936a3d1a39599ec72191f.jpg,True,downloaded,
27af7e69ad7ff8b8ff42e3fe65fae562e3c8196a,7d7740aea7f29210ae103fcd5b3d7cabe7f71de0,-16.0180846777978,-48.05084568530422,-16.0180527658147,-48.05086927112767,2025-05,2025,_DnAPiuMlCZzlXvF1f7x6w,278.7013918060121,© Google,OK,4_0,173482.9028216944,8226663.78344702,575497ed7f86475755a878f24f3f3a45b3c8f357,cardinal,4,3,270_deg_west,cardinal,270,0,90,640,640,1,batch_0001,148,datasets/df_2024_proportional/batch_0001/images/575497ed7f86475755a878f24f3f3a45b3c8f357.jpg,https://raw.githubusercontent.com/GUIA-DD/dataset-streetview/refs/heads/main/datasets/df_2024_proportional/batch_0001/images/575497ed7f86475755a878f24f3f3a45b3c8f357.jpg,True,downloaded,
28ee9765f69eabfb928bbaa151ef6d21fcfbb70b,20bb40631616c907acf653b43a7db15ad4226a15,-15.884340252796878,-48.12236282086652,-15.88435031147391,-48.12238701639001,2025-03,2025,CEVlgrZN6Awp7pU57tJNig,63.18624910415435,© Google,OK,3_3,165600.3110748096,8241362.583194926,a573f12145d40d1cfe78a576b0ce9de78c28a124,cardinal,4,0,0_deg_north,cardinal,0,0,90,640,640,1,batch_0001,149,datasets/df_2024_proportional/batch_0001/images/a573f12145d40d1cfe78a576b0ce9de78c28a124.jpg,https://raw.githubusercontent.com/GUIA-DD/dataset-streetview/refs/heads/main/datasets/df_2024_proportional/batch_0001/images/a573f12145d40d1cfe78a576b0ce9de78c28a124.jpg,True,downloaded,
28ee9765f69eabfb928bbaa151ef6d21fcfbb70b,20bb40631616c907acf653b43a7db15ad4226a15,-15.884340252796878,-48.12236282086652,-15.88435031147391,-48.12238701639001,2025-03,2025,CEVlgrZN6Awp7pU57tJNig,63.18624910415435,© Google,OK,3_3,165600.3110748096,8241362.583194926,07a5e196d5f78f0b2a122d53f49ecc36de7ff148,cardinal,4,1,90_deg_east,cardinal,90,0,90,640,640,1,batch_0001,150,datasets/df_2024_proportional/batch_0001/images/07a5e196d5f78f0b2a122d53f49ecc36de7ff148.jpg,https://raw.githubusercontent.com/GUIA-DD/dataset-streetview/refs/heads/main/datasets/df_2024_proportional/batch_0001/images/07a5e196d5f78f0b2a122d53f49ecc36de7ff148.jpg,True,downloaded,
28ee9765f69eabfb928bbaa151ef6d21fcfbb70b,20bb40631616c907acf653b43a7db15ad4226a15,-15.884340252796878,-48.12236282086652,-15.88435031147391,-48.12238701639001,2025-03,2025,CEVlgrZN6Awp7pU57tJNig,63.18624910415435,© Google,OK,3_3,165600.3110748096,8241362.583194926,9eb25527dd010a9630239f22d3611125cd9d4628,cardinal,4,2,180_deg_south,cardinal,180,0,90,640,640,1,batch_0001,151,datasets/df_2024_proportional/batch_0001/images/9eb25527dd010a9630239f22d3611125cd9d4628.jpg,https://raw.githubusercontent.com/GUIA-DD/dataset-streetview/refs/heads/main/datasets/df_2024_proportional/batch_0001/images/9eb25527dd010a9630239f22d3611125cd9d4628.jpg,True,downloaded,
28ee9765f69eabfb928bbaa151ef6d21fcfbb70b,20bb40631616c907acf653b43a7db15ad4226a15,-15.884340252796878,-48.12236282086652,-15.88435031147391,-48.12238701639001,2025-03,2025,CEVlgrZN6Awp7pU57tJNig,63.18624910415435,© Google,OK,3_3,165600.3110748096,8241362.583194926,192c9abd4bf37b11dfbf38d26f4dcd9ba58c39bd,cardinal,4,3,270_deg_west,cardinal,270,0,90,640,640,1,batch_0001,152,datasets/df_2024_proportional/batch_0001/images/192c9abd4bf37b11dfbf38d26f4dcd9ba58c39bd.jpg,https://raw.githubusercontent.com/GUIA-DD/dataset-streetview/refs/heads/main/datasets/df_2024_proportional/batch_0001/images/192c9abd4bf37b11dfbf38d26f4dcd9ba58c39bd.jpg,True,downloaded,
2938085ecc7b523718e073ef344c11b03e621195,c30aa59868be9fde27d48d7f00051e3fb3524f70,-15.67195085000027,-47.6460577000031,-15.67197864238055,-47.64604405578493,2024-08,2024,759IOiMq6kNi0_tAm7spXg,155.7715478458432,© Google,OK,13_8,216350.12522503958,8265580.83475771,4de8d4eab3af83ae223f5719875d60e19d6f32d5,cardinal,4,0,0_deg_north,cardinal,0,0,90,640,640,1,batch_0001,153,datasets/df_2024_proportional/batch_0001/images/4de8d4eab3af83ae223f5719875d60e19d6f32d5.jpg,https://raw.githubusercontent.com/GUIA-DD/dataset-streetview/refs/heads/main/datasets/df_2024_proportional/batch_0001/images/4de8d4eab3af83ae223f5719875d60e19d6f32d5.jpg,True,downloaded,
2938085ecc7b523718e073ef344c11b03e621195,c30aa59868be9fde27d48d7f00051e3fb3524f70,-15.67195085000027,-47.6460577000031,-15.67197864238055,-47.64604405578493,2024-08,2024,759IOiMq6kNi0_tAm7spXg,155.7715478458432,© Google,OK,13_8,216350.12522503958,8265580.83475771,51062225f5426a377c3dae5ef27552ec4b9d0dec,cardinal,4,1,90_deg_east,cardinal,90,0,90,640,640,1,batch_0001,154,datasets/df_2024_proportional/batch_0001/images/51062225f5426a377c3dae5ef27552ec4b9d0dec.jpg,https://raw.githubusercontent.com/GUIA-DD/dataset-streetview/refs/heads/main/datasets/df_2024_proportional/batch_0001/images/51062225f5426a377c3dae5ef27552ec4b9d0dec.jpg,True,downloaded,
2938085ecc7b523718e073ef344c11b03e621195,c30aa59868be9fde27d48d7f00051e3fb3524f70,-15.67195085000027,-47.6460577000031,-15.67197864238055,-47.64604405578493,2024-08,2024,759IOiMq6kNi0_tAm7spXg,155.7715478458432,© Google,OK,13_8,216350.12522503958,8265580.83475771,068ce8a29023694cc1f22c85cc0e65901765da8c,cardinal,4,2,180_deg_south,cardinal,180,0,90,640,640,1,batch_0001,155,datasets/df_2024_proportional/batch_0001/images/068ce8a29023694cc1f22c85cc0e65901765da8c.jpg,https://raw.githubusercontent.com/GUIA-DD/dataset-streetview/refs/heads/main/datasets/df_2024_proportional/batch_0001/images/068ce8a29023694cc1f22c85cc0e65901765da8c.jpg,True,downloaded,
2938085ecc7b523718e073ef344c11b03e621195,c30aa59868be9fde27d48d7f00051e3fb3524f70,-15.67195085000027,-47.6460577000031,-15.67197864238055,-47.64604405578493,2024-08,2024,759IOiMq6kNi0_tAm7spXg,155.7715478458432,© Google,OK,13_8,216350.12522503958,8265580.83475771,c01294b273c60438ddac435e1ed187b4d416c33e,cardinal,4,3,270_deg_west,cardinal,270,0,90,640,640,1,batch_0001,156,datasets/df_2024_proportional/batch_0001/images/c01294b273c60438ddac435e1ed187b4d416c33e.jpg,https://raw.githubusercontent.com/GUIA-DD/dataset-streetview/refs/heads/main/datasets/df_2024_proportional/batch_0001/images/c01294b273c60438ddac435e1ed187b4d416c33e.jpg,True,downloaded,
297ce388db62b75d8e4439840974f272fa60cce3,43b7da94eb5a0224ed8594cdc0e110b6e7da58c7,-15.937966099970083,-48.07959749772901,-15.93792991785234,-48.07959790055824,2024-06,2024,TBClteieHbTc0gnNNZdD1g,177.667802078213,© Google,OK,4_2,170271.80642412917,8235491.472813189,e4c06e87e0d3e8094b60c567ec6ba48a9afaf238,cardinal,4,0,0_deg_north,cardinal,0,0,90,640,640,1,batch_0001,157,datasets/df_2024_proportional/batch_0001/images/e4c06e87e0d3e8094b60c567ec6ba48a9afaf238.jpg,https://raw.githubusercontent.com/GUIA-DD/dataset-streetview/refs/heads/main/datasets/df_2024_proportional/batch_0001/images/e4c06e87e0d3e8094b60c567ec6ba48a9afaf238.jpg,True,downloaded,
297ce388db62b75d8e4439840974f272fa60cce3,43b7da94eb5a0224ed8594cdc0e110b6e7da58c7,-15.937966099970083,-48.07959749772901,-15.93792991785234,-48.07959790055824,2024-06,2024,TBClteieHbTc0gnNNZdD1g,177.667802078213,© Google,OK,4_2,170271.80642412917,8235491.472813189,2f6bb7851112673cadd65cfc03a6b188e915f2b8,cardinal,4,1,90_deg_east,cardinal,90,0,90,640,640,1,batch_0001,158,datasets/df_2024_proportional/batch_0001/images/2f6bb7851112673cadd65cfc03a6b188e915f2b8.jpg,https://raw.githubusercontent.com/GUIA-DD/dataset-streetview/refs/heads/main/datasets/df_2024_proportional/batch_0001/images/2f6bb7851112673cadd65cfc03a6b188e915f2b8.jpg,True,downloaded,
297ce388db62b75d8e4439840974f272fa60cce3,43b7da94eb5a0224ed8594cdc0e110b6e7da58c7,-15.937966099970083,-48.07959749772901,-15.93792991785234,-48.07959790055824,2024-06,2024,TBClteieHbTc0gnNNZdD1g,177.667802078213,© Google,OK,4_2,170271.80642412917,8235491.472813189,76d7ef7077825c893a6638e17e4f5f65f8ab696b,cardinal,4,2,180_deg_south,cardinal,180,0,90,640,640,1,batch_0001,159,datasets/df_2024_proportional/batch_0001/images/76d7ef7077825c893a6638e17e4f5f65f8ab696b.jpg,https://raw.githubusercontent.com/GUIA-DD/dataset-streetview/refs/heads/main/datasets/df_2024_proportional/batch_0001/images/76d7ef7077825c893a6638e17e4f5f65f8ab696b.jpg,True,downloaded,
297ce388db62b75d8e4439840974f272fa60cce3,43b7da94eb5a0224ed8594cdc0e110b6e7da58c7,-15.937966099970083,-48.07959749772901,-15.93792991785234,-48.07959790055824,2024-06,2024,TBClteieHbTc0gnNNZdD1g,177.667802078213,© Google,OK,4_2,170271.80642412917,8235491.472813189,78c5c39b8d3b996e34458cdd84ab821f0b91fcc3,cardinal,4,3,270_deg_west,cardinal,270,0,90,640,640,1,batch_0001,160,datasets/df_2024_proportional/batch_0001/images/78c5c39b8d3b996e34458cdd84ab821f0b91fcc3.jpg,https://raw.githubusercontent.com/GUIA-DD/dataset-streetview/refs/heads/main/datasets/df_2024_proportional/batch_0001/images/78c5c39b8d3b996e34458cdd84ab821f0b91fcc3.jpg,True,downloaded,
299761746a51a484697501f4f0b5d7e3924cb02b,6124607f86d1306b4a681afe45337c0fb817144b,-15.878660850001157,-48.11467035004804,-15.87868721631303,-48.11467509964677,2025-03,2025,KyNcU3RyFVyGO_yIcn-fLw,339.12001085950664,© Google,OK,3_3,166415.49090508037,8242003.890950831,c70d52b1834eb30cfa5c3c164bf45fd0b58c3c7c,cardinal,4,0,0_deg_north,cardinal,0,0,90,640,640,1,batch_0001,161,datasets/df_2024_proportional/batch_0001/images/c70d52b1834eb30cfa5c3c164bf45fd0b58c3c7c.jpg,https://raw.githubusercontent.com/GUIA-DD/dataset-streetview/refs/heads/main/datasets/df_2024_proportional/batch_0001/images/c70d52b1834eb30cfa5c3c164bf45fd0b58c3c7c.jpg,True,downloaded,
299761746a51a484697501f4f0b5d7e3924cb02b,6124607f86d1306b4a681afe45337c0fb817144b,-15.878660850001157,-48.11467035004804,-15.87868721631303,-48.11467509964677,2025-03,2025,KyNcU3RyFVyGO_yIcn-fLw,339.12001085950664,© Google,OK,3_3,166415.49090508037,8242003.890950831,984a0207ac4e95d93930cea5909c993c0a32495a,cardinal,4,1,90_deg_east,cardinal,90,0,90,640,640,1,batch_0001,162,datasets/df_2024_proportional/batch_0001/images/984a0207ac4e95d93930cea5909c993c0a32495a.jpg,https://raw.githubusercontent.com/GUIA-DD/dataset-streetview/refs/heads/main/datasets/df_2024_proportional/batch_0001/images/984a0207ac4e95d93930cea5909c993c0a32495a.jpg,True,downloaded,
299761746a51a484697501f4f0b5d7e3924cb02b,6124607f86d1306b4a681afe45337c0fb817144b,-15.878660850001157,-48.11467035004804,-15.87868721631303,-48.11467509964677,2025-03,2025,KyNcU3RyFVyGO_yIcn-fLw,339.12001085950664,© Google,OK,3_3,166415.49090508037,8242003.890950831,e341f00c9785f4a8d3ecd21ddae0d58fb6df755e,cardinal,4,2,180_deg_south,cardinal,180,0,90,640,640,1,batch_0001,163,datasets/df_2024_proportional/batch_0001/images/e341f00c9785f4a8d3ecd21ddae0d58fb6df755e.jpg,https://raw.githubusercontent.com/GUIA-DD/dataset-streetview/refs/heads/main/datasets/df_2024_proportional/batch_0001/images/e341f00c9785f4a8d3ecd21ddae0d58fb6df755e.jpg,True,downloaded,
299761746a51a484697501f4f0b5d7e3924cb02b,6124607f86d1306b4a681afe45337c0fb817144b,-15.878660850001157,-48.11467035004804,-15.87868721631303,-48.11467509964677,2025-03,2025,KyNcU3RyFVyGO_yIcn-fLw,339.12001085950664,© Google,OK,3_3,166415.49090508037,8242003.890950831,cb2cffe97bf30174c2b247d69f256ffb47590be1,cardinal,4,3,270_deg_west,cardinal,270,0,90,640,640,1,batch_0001,164,datasets/df_2024_proportional/batch_0001/images/cb2cffe97bf30174c2b247d69f256ffb47590be1.jpg,https://raw.githubusercontent.com/GUIA-DD/dataset-streetview/refs/heads/main/datasets/df_2024_proportional/batch_0001/images/cb2cffe97bf30174c2b247d69f256ffb47590be1.jpg,True,downloaded,
2a2834b05d46c009f74b2ad63e19007a4239e799,bef679d2bc585b359fa489e104e5b173d8daed46,-15.9977079503853,-48.055535349161254,-15.99773021275951,-48.05556891248254,2025-05,2025,koB0u4YBooq1z5pZIKspGQ,211.9200044985352,© Google,OK,4_1,172947.36463649114,8228913.090092508,95dbc02891940f348be4b3d434cd10aa0da7d665,cardinal,4,0,0_deg_north,cardinal,0,0,90,640,640,1,batch_0001,165,datasets/df_2024_proportional/batch_0001/images/95dbc02891940f348be4b3d434cd10aa0da7d665.jpg,https://raw.githubusercontent.com/GUIA-DD/dataset-streetview/refs/heads/main/datasets/df_2024_proportional/batch_0001/images/95dbc02891940f348be4b3d434cd10aa0da7d665.jpg,True,downloaded,
2a2834b05d46c009f74b2ad63e19007a4239e799,bef679d2bc585b359fa489e104e5b173d8daed46,-15.9977079503853,-48.055535349161254,-15.99773021275951,-48.05556891248254,2025-05,2025,koB0u4YBooq1z5pZIKspGQ,211.9200044985352,© Google,OK,4_1,172947.36463649114,8228913.090092508,ba3c49b4b535e674e1114a5e28a9eac3b0985360,cardinal,4,1,90_deg_east,cardinal,90,0,90,640,640,1,batch_0001,166,datasets/df_2024_proportional/batch_0001/images/ba3c49b4b535e674e1114a5e28a9eac3b0985360.jpg,https://raw.githubusercontent.com/GUIA-DD/dataset-streetview/refs/heads/main/datasets/df_2024_proportional/batch_0001/images/ba3c49b4b535e674e1114a5e28a9eac3b0985360.jpg,True,downloaded,
2a2834b05d46c009f74b2ad63e19007a4239e799,bef679d2bc585b359fa489e104e5b173d8daed46,-15.9977079503853,-48.055535349161254,-15.99773021275951,-48.05556891248254,2025-05,2025,koB0u4YBooq1z5pZIKspGQ,211.9200044985352,© Google,OK,4_1,172947.36463649114,8228913.090092508,13ee218dc3dd2860d9c810af34089739c938c346,cardinal,4,2,180_deg_south,cardinal,180,0,90,640,640,1,batch_0001,167,datasets/df_2024_proportional/batch_0001/images/13ee218dc3dd2860d9c810af34089739c938c346.jpg,https://raw.githubusercontent.com/GUIA-DD/dataset-streetview/refs/heads/main/datasets/df_2024_proportional/batch_0001/images/13ee218dc3dd2860d9c810af34089739c938c346.jpg,True,downloaded,
2a2834b05d46c009f74b2ad63e19007a4239e799,bef679d2bc585b359fa489e104e5b173d8daed46,-15.9977079503853,-48.055535349161254,-15.99773021275951,-48.05556891248254,2025-05,2025,koB0u4YBooq1z5pZIKspGQ,211.9200044985352,© Google,OK,4_1,172947.36463649114,8228913.090092508,7d719bf0d59728922cdd1ffd8a4acf4e893d90cf,cardinal,4,3,270_deg_west,cardinal,270,0,90,640,640,1,batch_0001,168,datasets/df_2024_proportional/batch_0001/images/7d719bf0d59728922cdd1ffd8a4acf4e893d90cf.jpg,https://raw.githubusercontent.com/GUIA-DD/dataset-streetview/refs/heads/main/datasets/df_2024_proportional/batch_0001/images/7d719bf0d59728922cdd1ffd8a4acf4e893d90cf.jpg,True,downloaded,
2a9208ed8a299af8265e815e03fff1858aec40b1,a47e03f117fdc7f6795a5f0a92ab93a3e26cc240,-15.903814200002602,-47.77900340000561,-15.90383331625718,-47.77901073424164,2025-01,2025,jeR9SxeEvi7jIY9io5sJcw,306.43180661546455,© Google,OK,10_3,202428.40029454645,8239725.497475911,4129dfe41b3b4fce207c34ef7a485ac2bbd6cded,cardinal,4,0,0_deg_north,cardinal,0,0,90,640,640,1,batch_0001,169,datasets/df_2024_proportional/batch_0001/images/4129dfe41b3b4fce207c34ef7a485ac2bbd6cded.jpg,https://raw.githubusercontent.com/GUIA-DD/dataset-streetview/refs/heads/main/datasets/df_2024_proportional/batch_0001/images/4129dfe41b3b4fce207c34ef7a485ac2bbd6cded.jpg,True,downloaded,
2a9208ed8a299af8265e815e03fff1858aec40b1,a47e03f117fdc7f6795a5f0a92ab93a3e26cc240,-15.903814200002602,-47.77900340000561,-15.90383331625718,-47.77901073424164,2025-01,2025,jeR9SxeEvi7jIY9io5sJcw,306.43180661546455,© Google,OK,10_3,202428.40029454645,8239725.497475911,28371781f81e6ea8f256cf69906029d8317e75ab,cardinal,4,1,90_deg_east,cardinal,90,0,90,640,640,1,batch_0001,170,datasets/df_2024_proportional/batch_0001/images/28371781f81e6ea8f256cf69906029d8317e75ab.jpg,https://raw.githubusercontent.com/GUIA-DD/dataset-streetview/refs/heads/main/datasets/df_2024_proportional/batch_0001/images/28371781f81e6ea8f256cf69906029d8317e75ab.jpg,True,downloaded,
2a9208ed8a299af8265e815e03fff1858aec40b1,a47e03f117fdc7f6795a5f0a92ab93a3e26cc240,-15.903814200002602,-47.77900340000561,-15.90383331625718,-47.77901073424164,2025-01,2025,jeR9SxeEvi7jIY9io5sJcw,306.43180661546455,© Google,OK,10_3,202428.40029454645,8239725.497475911,7a2f57f2b280e3bfcf1ee181fccfe1e9260230d1,cardinal,4,2,180_deg_south,cardinal,180,0,90,640,640,1,batch_0001,171,datasets/df_2024_proportional/batch_0001/images/7a2f57f2b280e3bfcf1ee181fccfe1e9260230d1.jpg,https://raw.githubusercontent.com/GUIA-DD/dataset-streetview/refs/heads/main/datasets/df_2024_proportional/batch_0001/images/7a2f57f2b280e3bfcf1ee181fccfe1e9260230d1.jpg,True,downloaded,
2a9208ed8a299af8265e815e03fff1858aec40b1,a47e03f117fdc7f6795a5f0a92ab93a3e26cc240,-15.903814200002602,-47.77900340000561,-15.90383331625718,-47.77901073424164,2025-01,2025,jeR9SxeEvi7jIY9io5sJcw,306.43180661546455,© Google,OK,10_3,202428.40029454645,8239725.497475911,0e92c927c2866325bc4a2635c776fef2ad1316cd,cardinal,4,3,270_deg_west,cardinal,270,0,90,640,640,1,batch_0001,172,datasets/df_2024_proportional/batch_0001/images/0e92c927c2866325bc4a2635c776fef2ad1316cd.jpg,https://raw.githubusercontent.com/GUIA-DD/dataset-streetview/refs/heads/main/datasets/df_2024_proportional/batch_0001/images/0e92c927c2866325bc4a2635c776fef2ad1316cd.jpg,True,downloaded,
2d52b4de1050a88aeec92ae90e7b3c7fd6e4a67a,1bd823ab39e25c70c0763a40eb45802c38178dad,-15.797712455709409,-48.0899365049917,-15.79770416854511,-48.08995794537176,2025-02,2025,ejV1fKRg0ZF3qHbSQbok0w,305.02427359713124,© Google,OK,4_5,168934.63736097352,8251008.2980880905,9fc90e4b64bc796f4840f3ef4f041a79c026a8d5,cardinal,4,0,0_deg_north,cardinal,0,0,90,640,640,1,batch_0001,173,datasets/df_2024_proportional/batch_0001/images/9fc90e4b64bc796f4840f3ef4f041a79c026a8d5.jpg,https://raw.githubusercontent.com/GUIA-DD/dataset-streetview/refs/heads/main/datasets/df_2024_proportional/batch_0001/images/9fc90e4b64bc796f4840f3ef4f041a79c026a8d5.jpg,True,downloaded,
2d52b4de1050a88aeec92ae90e7b3c7fd6e4a67a,1bd823ab39e25c70c0763a40eb45802c38178dad,-15.797712455709409,-48.0899365049917,-15.79770416854511,-48.08995794537176,2025-02,2025,ejV1fKRg0ZF3qHbSQbok0w,305.02427359713124,© Google,OK,4_5,168934.63736097352,8251008.2980880905,cda91b72a631ef63d54e553b49252db1bea6d543,cardinal,4,1,90_deg_east,cardinal,90,0,90,640,640,1,batch_0001,174,datasets/df_2024_proportional/batch_0001/images/cda91b72a631ef63d54e553b49252db1bea6d543.jpg,https://raw.githubusercontent.com/GUIA-DD/dataset-streetview/refs/heads/main/datasets/df_2024_proportional/batch_0001/images/cda91b72a631ef63d54e553b49252db1bea6d543.jpg,True,downloaded,
2d52b4de1050a88aeec92ae90e7b3c7fd6e4a67a,1bd823ab39e25c70c0763a40eb45802c38178dad,-15.797712455709409,-48.0899365049917,-15.79770416854511,-48.08995794537176,2025-02,2025,ejV1fKRg0ZF3qHbSQbok0w,305.02427359713124,© Google,OK,4_5,168934.63736097352,8251008.2980880905,d9fee89499905774014453034f7cbd78fad3daf5,cardinal,4,2,180_deg_south,cardinal,180,0,90,640,640,1,batch_0001,175,datasets/df_2024_proportional/batch_0001/images/d9fee89499905774014453034f7cbd78fad3daf5.jpg,https://raw.githubusercontent.com/GUIA-DD/dataset-streetview/refs/heads/main/datasets/df_2024_proportional/batch_0001/images/d9fee89499905774014453034f7cbd78fad3daf5.jpg,True,downloaded,
2d52b4de1050a88aeec92ae90e7b3c7fd6e4a67a,1bd823ab39e25c70c0763a40eb45802c38178dad,-15.797712455709409,-48.0899365049917,-15.79770416854511,-48.08995794537176,2025-02,2025,ejV1fKRg0ZF3qHbSQbok0w,305.02427359713124,© Google,OK,4_5,168934.63736097352,8251008.2980880905,21afd5759ca5776660218e64d3cfeff5cf684390,cardinal,4,3,270_deg_west,cardinal,270,0,90,640,640,1,batch_0001,176,datasets/df_2024_proportional/batch_0001/images/21afd5759ca5776660218e64d3cfeff5cf684390.jpg,https://raw.githubusercontent.com/GUIA-DD/dataset-streetview/refs/heads/main/datasets/df_2024_proportional/batch_0001/images/21afd5759ca5776660218e64d3cfeff5cf684390.jpg,True,downloaded,
2d862f822ef3954567b0ffff78573380a1d158e7,c739b41871355d0edf6476234532f9674d6e56b3,-15.87838509999974,-48.07661200001046,-15.87835899097262,-48.07663474931452,2024-06,2024,yWioH-6VwoZsiYpFMjMNuQ,344.05768720487123,© Google,OK,4_3,170494.50815964412,8242094.794391232,fcdf6fc29a91637dab477a9f3f25f9a9d111f33b,cardinal,4,0,0_deg_north,cardinal,0,0,90,640,640,1,batch_0001,177,datasets/df_2024_proportional/batch_0001/images/fcdf6fc29a91637dab477a9f3f25f9a9d111f33b.jpg,https://raw.githubusercontent.com/GUIA-DD/dataset-streetview/refs/heads/main/datasets/df_2024_proportional/batch_0001/images/fcdf6fc29a91637dab477a9f3f25f9a9d111f33b.jpg,True,downloaded,
2d862f822ef3954567b0ffff78573380a1d158e7,c739b41871355d0edf6476234532f9674d6e56b3,-15.87838509999974,-48.07661200001046,-15.87835899097262,-48.07663474931452,2024-06,2024,yWioH-6VwoZsiYpFMjMNuQ,344.05768720487123,© Google,OK,4_3,170494.50815964412,8242094.794391232,776cb91f647e85b4ea25baa66790a042ba6585b5,cardinal,4,1,90_deg_east,cardinal,90,0,90,640,640,1,batch_0001,178,datasets/df_2024_proportional/batch_0001/images/776cb91f647e85b4ea25baa66790a042ba6585b5.jpg,https://raw.githubusercontent.com/GUIA-DD/dataset-streetview/refs/heads/main/datasets/df_2024_proportional/batch_0001/images/776cb91f647e85b4ea25baa66790a042ba6585b5.jpg,True,downloaded,
2d862f822ef3954567b0ffff78573380a1d158e7,c739b41871355d0edf6476234532f9674d6e56b3,-15.87838509999974,-48.07661200001046,-15.87835899097262,-48.07663474931452,2024-06,2024,yWioH-6VwoZsiYpFMjMNuQ,344.05768720487123,© Google,OK,4_3,170494.50815964412,8242094.794391232,0717c215efeac3ca406b2aa3fd466bf09a16f2db,cardinal,4,2,180_deg_south,cardinal,180,0,90,640,640,1,batch_0001,179,datasets/df_2024_proportional/batch_0001/images/0717c215efeac3ca406b2aa3fd466bf09a16f2db.jpg,https://raw.githubusercontent.com/GUIA-DD/dataset-streetview/refs/heads/main/datasets/df_2024_proportional/batch_0001/images/0717c215efeac3ca406b2aa3fd466bf09a16f2db.jpg,True,downloaded,
2d862f822ef3954567b0ffff78573380a1d158e7,c739b41871355d0edf6476234532f9674d6e56b3,-15.87838509999974,-48.07661200001046,-15.87835899097262,-48.07663474931452,2024-06,2024,yWioH-6VwoZsiYpFMjMNuQ,344.05768720487123,© Google,OK,4_3,170494.50815964412,8242094.794391232,679d26f8d9345673c825488fe086c5cf8c07056d,cardinal,4,3,270_deg_west,cardinal,270,0,90,640,640,1,batch_0001,180,datasets/df_2024_proportional/batch_0001/images/679d26f8d9345673c825488fe086c5cf8c07056d.jpg,https://raw.githubusercontent.com/GUIA-DD/dataset-streetview/refs/heads/main/datasets/df_2024_proportional/batch_0001/images/679d26f8d9345673c825488fe086c5cf8c07056d.jpg,True,downloaded,
2f44fbe17d92041de28c2ea2bc825abd7fa891f0,8912960cfccb8e7d26b2b2a4ce1e40e1df45bfdb,-15.896680649999734,-48.05372015003489,-15.89668473950092,-48.05372877800222,2025-06,2025,BRiZuPwl_dYBqH_gVL2dbA,342.6719270680896,© Google,OK,4_3,172977.814901243,8240104.550603317,40510c9d3d637146d8f4383ac9018221b536f764,cardinal,4,0,0_deg_north,cardinal,0,0,90,640,640,1,batch_0001,181,datasets/df_2024_proportional/batch_0001/images/40510c9d3d637146d8f4383ac9018221b536f764.jpg,https://raw.githubusercontent.com/GUIA-DD/dataset-streetview/refs/heads/main/datasets/df_2024_proportional/batch_0001/images/40510c9d3d637146d8f4383ac9018221b536f764.jpg,True,downloaded,
2f44fbe17d92041de28c2ea2bc825abd7fa891f0,8912960cfccb8e7d26b2b2a4ce1e40e1df45bfdb,-15.896680649999734,-48.05372015003489,-15.89668473950092,-48.05372877800222,2025-06,2025,BRiZuPwl_dYBqH_gVL2dbA,342.6719270680896,© Google,OK,4_3,172977.814901243,8240104.550603317,6555ababd09ab62ac5af1fd9342e30e9b5369168,cardinal,4,1,90_deg_east,cardinal,90,0,90,640,640,1,batch_0001,182,datasets/df_2024_proportional/batch_0001/images/6555ababd09ab62ac5af1fd9342e30e9b5369168.jpg,https://raw.githubusercontent.com/GUIA-DD/dataset-streetview/refs/heads/main/datasets/df_2024_proportional/batch_0001/images/6555ababd09ab62ac5af1fd9342e30e9b5369168.jpg,True,downloaded,
2f44fbe17d92041de28c2ea2bc825abd7fa891f0,8912960cfccb8e7d26b2b2a4ce1e40e1df45bfdb,-15.896680649999734,-48.05372015003489,-15.89668473950092,-48.05372877800222,2025-06,2025,BRiZuPwl_dYBqH_gVL2dbA,342.6719270680896,© Google,OK,4_3,172977.814901243,8240104.550603317,93aee9b6f4b467fb1f2e03a491e3509628c44c5d,cardinal,4,2,180_deg_south,cardinal,180,0,90,640,640,1,batch_0001,183,datasets/df_2024_proportional/batch_0001/images/93aee9b6f4b467fb1f2e03a491e3509628c44c5d.jpg,https://raw.githubusercontent.com/GUIA-DD/dataset-streetview/refs/heads/main/datasets/df_2024_proportional/batch_0001/images/93aee9b6f4b467fb1f2e03a491e3509628c44c5d.jpg,True,downloaded,
2f44fbe17d92041de28c2ea2bc825abd7fa891f0,8912960cfccb8e7d26b2b2a4ce1e40e1df45bfdb,-15.896680649999734,-48.05372015003489,-15.89668473950092,-48.05372877800222,2025-06,2025,BRiZuPwl_dYBqH_gVL2dbA,342.6719270680896,© Google,OK,4_3,172977.814901243,8240104.550603317,823c47b74bc4605ec7f6af0f0bb296d8ad2bddfa,cardinal,4,3,270_deg_west,cardinal,270,0,90,640,640,1,batch_0001,184,datasets/df_2024_proportional/batch_0001/images/823c47b74bc4605ec7f6af0f0bb296d8ad2bddfa.jpg,https://raw.githubusercontent.com/GUIA-DD/dataset-streetview/refs/heads/main/datasets/df_2024_proportional/batch_0001/images/823c47b74bc4605ec7f6af0f0bb296d8ad2bddfa.jpg,True,downloaded,
2fb9ed34aac24ba048246d875368c94f4fc92b17,e6d833f4fbc1d15b7bc448c61daef3840df869b9,-15.578175803044768,-47.46417370247278,-15.57818598048372,-47.46420181604067,2024-08,2024,PSUoLJzX7is0pP3Wz512PA,289.3206477235397,© Google,OK,17_10,235737.97167989405,8276196.774829843,7dba3b987b21475e37e1b885d7f2f5780c45368f,cardinal,4,0,0_deg_north,cardinal,0,0,90,640,640,1,batch_0001,185,datasets/df_2024_proportional/batch_0001/images/7dba3b987b21475e37e1b885d7f2f5780c45368f.jpg,https://raw.githubusercontent.com/GUIA-DD/dataset-streetview/refs/heads/main/datasets/df_2024_proportional/batch_0001/images/7dba3b987b21475e37e1b885d7f2f5780c45368f.jpg,True,downloaded,
2fb9ed34aac24ba048246d875368c94f4fc92b17,e6d833f4fbc1d15b7bc448c61daef3840df869b9,-15.578175803044768,-47.46417370247278,-15.57818598048372,-47.46420181604067,2024-08,2024,PSUoLJzX7is0pP3Wz512PA,289.3206477235397,© Google,OK,17_10,235737.97167989405,8276196.774829843,76c5c3e35b36b70e2a43c0747ecdf66560e0db93,cardinal,4,1,90_deg_east,cardinal,90,0,90,640,640,1,batch_0001,186,datasets/df_2024_proportional/batch_0001/images/76c5c3e35b36b70e2a43c0747ecdf66560e0db93.jpg,https://raw.githubusercontent.com/GUIA-DD/dataset-streetview/refs/heads/main/datasets/df_2024_proportional/batch_0001/images/76c5c3e35b36b70e2a43c0747ecdf66560e0db93.jpg,True,downloaded,
2fb9ed34aac24ba048246d875368c94f4fc92b17,e6d833f4fbc1d15b7bc448c61daef3840df869b9,-15.578175803044768,-47.46417370247278,-15.57818598048372,-47.46420181604067,2024-08,2024,PSUoLJzX7is0pP3Wz512PA,289.3206477235397,© Google,OK,17_10,235737.97167989405,8276196.774829843,8602e8f7e8fc71195b032aa0a0bcfa2106730483,cardinal,4,2,180_deg_south,cardinal,180,0,90,640,640,1,batch_0001,187,datasets/df_2024_proportional/batch_0001/images/8602e8f7e8fc71195b032aa0a0bcfa2106730483.jpg,https://raw.githubusercontent.com/GUIA-DD/dataset-streetview/refs/heads/main/datasets/df_2024_proportional/batch_0001/images/8602e8f7e8fc71195b032aa0a0bcfa2106730483.jpg,True,downloaded,
2fb9ed34aac24ba048246d875368c94f4fc92b17,e6d833f4fbc1d15b7bc448c61daef3840df869b9,-15.578175803044768,-47.46417370247278,-15.57818598048372,-47.46420181604067,2024-08,2024,PSUoLJzX7is0pP3Wz512PA,289.3206477235397,© Google,OK,17_10,235737.97167989405,8276196.774829843,ce05c74ad7f223aac1a0efcb80ed839f2fa4f21e,cardinal,4,3,270_deg_west,cardinal,270,0,90,640,640,1,batch_0001,188,datasets/df_2024_proportional/batch_0001/images/ce05c74ad7f223aac1a0efcb80ed839f2fa4f21e.jpg,https://raw.githubusercontent.com/GUIA-DD/dataset-streetview/refs/heads/main/datasets/df_2024_proportional/batch_0001/images/ce05c74ad7f223aac1a0efcb80ed839f2fa4f21e.jpg,True,downloaded,
2fd4a36fb0f63e8b7b9bf8c86ff6db2735d2300e,d6ad2bcd971f0590a34122ff1cfdf9782539ce26,-15.654768600028856,-48.1961489000132,-15.65481417655402,-48.19613331062319,2024-08,2024,J_q2Nhc7qNp2lZPjJv8EYQ,275.79701874371244,© Google,OK,1_8,157305.1193775544,8266670.426837871,7979b2989a184af1612000971b60a4cfcceb0986,cardinal,4,0,0_deg_north,cardinal,0,0,90,640,640,1,batch_0001,189,datasets/df_2024_proportional/batch_0001/images/7979b2989a184af1612000971b60a4cfcceb0986.jpg,https://raw.githubusercontent.com/GUIA-DD/dataset-streetview/refs/heads/main/datasets/df_2024_proportional/batch_0001/images/7979b2989a184af1612000971b60a4cfcceb0986.jpg,True,downloaded,
2fd4a36fb0f63e8b7b9bf8c86ff6db2735d2300e,d6ad2bcd971f0590a34122ff1cfdf9782539ce26,-15.654768600028856,-48.1961489000132,-15.65481417655402,-48.19613331062319,2024-08,2024,J_q2Nhc7qNp2lZPjJv8EYQ,275.79701874371244,© Google,OK,1_8,157305.1193775544,8266670.426837871,9915f428ba603ecd753c7155f06ea51eed9d69a8,cardinal,4,1,90_deg_east,cardinal,90,0,90,640,640,1,batch_0001,190,datasets/df_2024_proportional/batch_0001/images/9915f428ba603ecd753c7155f06ea51eed9d69a8.jpg,https://raw.githubusercontent.com/GUIA-DD/dataset-streetview/refs/heads/main/datasets/df_2024_proportional/batch_0001/images/9915f428ba603ecd753c7155f06ea51eed9d69a8.jpg,True,downloaded,
2fd4a36fb0f63e8b7b9bf8c86ff6db2735d2300e,d6ad2bcd971f0590a34122ff1cfdf9782539ce26,-15.654768600028856,-48.1961489000132,-15.65481417655402,-48.19613331062319,2024-08,2024,J_q2Nhc7qNp2lZPjJv8EYQ,275.79701874371244,© Google,OK,1_8,157305.1193775544,8266670.426837871,e62090a473dd46471f50079d6f89bea049754650,cardinal,4,2,180_deg_south,cardinal,180,0,90,640,640,1,batch_0001,191,datasets/df_2024_proportional/batch_0001/images/e62090a473dd46471f50079d6f89bea049754650.jpg,https://raw.githubusercontent.com/GUIA-DD/dataset-streetview/refs/heads/main/datasets/df_2024_proportional/batch_0001/images/e62090a473dd46471f50079d6f89bea049754650.jpg,True,downloaded,
2fd4a36fb0f63e8b7b9bf8c86ff6db2735d2300e,d6ad2bcd971f0590a34122ff1cfdf9782539ce26,-15.654768600028856,-48.1961489000132,-15.65481417655402,-48.19613331062319,2024-08,2024,J_q2Nhc7qNp2lZPjJv8EYQ,275.79701874371244,© Google,OK,1_8,157305.1193775544,8266670.426837871,36f364509d9607add141563e3e014640c8018ff7,cardinal,4,3,270_deg_west,cardinal,270,0,90,640,640,1,batch_0001,192,datasets/df_2024_proportional/batch_0001/images/36f364509d9607add141563e3e014640c8018ff7.jpg,https://raw.githubusercontent.com/GUIA-DD/dataset-streetview/refs/heads/main/datasets/df_2024_proportional/batch_0001/images/36f364509d9607add141563e3e014640c8018ff7.jpg,True,downloaded,
31067745ca221149d24a1000948367ff7a51091a,5f2b3de737266f08800b20840c41c0d78d146ad2,-16.004991200087346,-47.9903924499793,-16.00500930856403,-47.99042368185388,2025-01,2025,n9bA3rArQFI01qTjtvScMw,77.47674618645964,© Google,OK,6_1,179937.09063725188,8228208.083029276,d47305b0e687ea9aa6a942163dae2bf1270be448,cardinal,4,0,0_deg_north,cardinal,0,0,90,640,640,1,batch_0001,193,datasets/df_2024_proportional/batch_0001/images/d47305b0e687ea9aa6a942163dae2bf1270be448.jpg,https://raw.githubusercontent.com/GUIA-DD/dataset-streetview/refs/heads/main/datasets/df_2024_proportional/batch_0001/images/d47305b0e687ea9aa6a942163dae2bf1270be448.jpg,True,downloaded,
31067745ca221149d24a1000948367ff7a51091a,5f2b3de737266f08800b20840c41c0d78d146ad2,-16.004991200087346,-47.9903924499793,-16.00500930856403,-47.99042368185388,2025-01,2025,n9bA3rArQFI01qTjtvScMw,77.47674618645964,© Google,OK,6_1,179937.09063725188,8228208.083029276,f5bcf9f195e368bd7c80450ccab23bc8cecefe84,cardinal,4,1,90_deg_east,cardinal,90,0,90,640,640,1,batch_0001,194,datasets/df_2024_proportional/batch_0001/images/f5bcf9f195e368bd7c80450ccab23bc8cecefe84.jpg,https://raw.githubusercontent.com/GUIA-DD/dataset-streetview/refs/heads/main/datasets/df_2024_proportional/batch_0001/images/f5bcf9f195e368bd7c80450ccab23bc8cecefe84.jpg,True,downloaded,
31067745ca221149d24a1000948367ff7a51091a,5f2b3de737266f08800b20840c41c0d78d146ad2,-16.004991200087346,-47.9903924499793,-16.00500930856403,-47.99042368185388,2025-01,2025,n9bA3rArQFI01qTjtvScMw,77.47674618645964,© Google,OK,6_1,179937.09063725188,8228208.083029276,c8b049b7093c23dea403b6f8d14bc4a7dd4be8d0,cardinal,4,2,180_deg_south,cardinal,180,0,90,640,640,1,batch_0001,195,datasets/df_2024_proportional/batch_0001/images/c8b049b7093c23dea403b6f8d14bc4a7dd4be8d0.jpg,https://raw.githubusercontent.com/GUIA-DD/dataset-streetview/refs/heads/main/datasets/df_2024_proportional/batch_0001/images/c8b049b7093c23dea403b6f8d14bc4a7dd4be8d0.jpg,True,downloaded,
31067745ca221149d24a1000948367ff7a51091a,5f2b3de737266f08800b20840c41c0d78d146ad2,-16.004991200087346,-47.9903924499793,-16.00500930856403,-47.99042368185388,2025-01,2025,n9bA3rArQFI01qTjtvScMw,77.47674618645964,© Google,OK,6_1,179937.09063725188,8228208.083029276,3ce50708d80287ac835737ba2cb8e09505c8c566,cardinal,4,3,270_deg_west,cardinal,270,0,90,640,640,1,batch_0001,196,datasets/df_2024_proportional/batch_0001/images/3ce50708d80287ac835737ba2cb8e09505c8c566.jpg,https://raw.githubusercontent.com/GUIA-DD/dataset-streetview/refs/heads/main/datasets/df_2024_proportional/batch_0001/images/3ce50708d80287ac835737ba2cb8e09505c8c566.jpg,True,downloaded,
31102768506a0f08230e861724aba3c3ef0008bc,501d978f434278d2f0b0c784d9f654b85d238b09,-15.879979000089152,-48.00767294999904,-15.87998749875293,-48.00766956919721,2024-06,2024,F0ug50rVmIgA1u4qpLB7gA,83.82268539104784,© Google,OK,5_3,177886.30157705882,8242025.724245059,a524f01d02793b45a27395402f011d6980be903a,cardinal,4,0,0_deg_north,cardinal,0,0,90,640,640,1,batch_0001,197,datasets/df_2024_proportional/batch_0001/images/a524f01d02793b45a27395402f011d6980be903a.jpg,https://raw.githubusercontent.com/GUIA-DD/dataset-streetview/refs/heads/main/datasets/df_2024_proportional/batch_0001/images/a524f01d02793b45a27395402f011d6980be903a.jpg,True,downloaded,
31102768506a0f08230e861724aba3c3ef0008bc,501d978f434278d2f0b0c784d9f654b85d238b09,-15.879979000089152,-48.00767294999904,-15.87998749875293,-48.00766956919721,2024-06,2024,F0ug50rVmIgA1u4qpLB7gA,83.82268539104784,© Google,OK,5_3,177886.30157705882,8242025.724245059,be1140816eb42df6382c66ccb5d5fd62a992b1f3,cardinal,4,1,90_deg_east,cardinal,90,0,90,640,640,1,batch_0001,198,datasets/df_2024_proportional/batch_0001/images/be1140816eb42df6382c66ccb5d5fd62a992b1f3.jpg,https://raw.githubusercontent.com/GUIA-DD/dataset-streetview/refs/heads/main/datasets/df_2024_proportional/batch_0001/images/be1140816eb42df6382c66ccb5d5fd62a992b1f3.jpg,True,downloaded,
31102768506a0f08230e861724aba3c3ef0008bc,501d978f434278d2f0b0c784d9f654b85d238b09,-15.879979000089152,-48.00767294999904,-15.87998749875293,-48.00766956919721,2024-06,2024,F0ug50rVmIgA1u4qpLB7gA,83.82268539104784,© Google,OK,5_3,177886.30157705882,8242025.724245059,bae112367a1ec0ef952df96bbb142e6c6cb7fe45,cardinal,4,2,180_deg_south,cardinal,180,0,90,640,640,1,batch_0001,199,datasets/df_2024_proportional/batch_0001/images/bae112367a1ec0ef952df96bbb142e6c6cb7fe45.jpg,https://raw.githubusercontent.com/GUIA-DD/dataset-streetview/refs/heads/main/datasets/df_2024_proportional/batch_0001/images/bae112367a1ec0ef952df96bbb142e6c6cb7fe45.jpg,True,downloaded,
31102768506a0f08230e861724aba3c3ef0008bc,501d978f434278d2f0b0c784d9f654b85d238b09,-15.879979000089152,-48.00767294999904,-15.87998749875293,-48.00766956919721,2024-06,2024,F0ug50rVmIgA1u4qpLB7gA,83.82268539104784,© Google,OK,5_3,177886.30157705882,8242025.724245059,585e38dcc37d80bd1e33666aa0745fa3ac803a0d,cardinal,4,3,270_deg_west,cardinal,270,0,90,640,640,1,batch_0001,200,datasets/df_2024_proportional/batch_0001/images/585e38dcc37d80bd1e33666aa0745fa3ac803a0d.jpg,https://raw.githubusercontent.com/GUIA-DD/dataset-streetview/refs/heads/main/datasets/df_2024_proportional/batch_0001/images/585e38dcc37d80bd1e33666aa0745fa3ac803a0d.jpg,True,downloaded,
32da0119c13d29cd994222dfb4d12c66de1e5ad1,352441cb477bea8b48bf72567327b73677837773,-15.879121600007423,-48.111670900113864,-15.87912394514012,-48.1116669966523,2025-03,2025,CURZnxjQXuF-xDV8kldugQ,155.13154633252395,© Google,OK,3_3,166737.76487324995,8241957.64600299,124eab5c8ec87dbed0f8a1a61b7e920a5983b209,cardinal,4,0,0_deg_north,cardinal,0,0,90,640,640,1,batch_0001,201,datasets/df_2024_proportional/batch_0001/images/124eab5c8ec87dbed0f8a1a61b7e920a5983b209.jpg,https://raw.githubusercontent.com/GUIA-DD/dataset-streetview/refs/heads/main/datasets/df_2024_proportional/batch_0001/images/124eab5c8ec87dbed0f8a1a61b7e920a5983b209.jpg,True,downloaded,
32da0119c13d29cd994222dfb4d12c66de1e5ad1,352441cb477bea8b48bf72567327b73677837773,-15.879121600007423,-48.111670900113864,-15.87912394514012,-48.1116669966523,2025-03,2025,CURZnxjQXuF-xDV8kldugQ,155.13154633252395,© Google,OK,3_3,166737.76487324995,8241957.64600299,f303dd1a55492b4317a4414d5d9864e9a0c279d4,cardinal,4,1,90_deg_east,cardinal,90,0,90,640,640,1,batch_0001,202,datasets/df_2024_proportional/batch_0001/images/f303dd1a55492b4317a4414d5d9864e9a0c279d4.jpg,https://raw.githubusercontent.com/GUIA-DD/dataset-streetview/refs/heads/main/datasets/df_2024_proportional/batch_0001/images/f303dd1a55492b4317a4414d5d9864e9a0c279d4.jpg,True,downloaded,
32da0119c13d29cd994222dfb4d12c66de1e5ad1,352441cb477bea8b48bf72567327b73677837773,-15.879121600007423,-48.111670900113864,-15.87912394514012,-48.1116669966523,2025-03,2025,CURZnxjQXuF-xDV8kldugQ,155.13154633252395,© Google,OK,3_3,166737.76487324995,8241957.64600299,acdc3b2fb4aa794712ab67bb0779b8bf97e8a69b,cardinal,4,2,180_deg_south,cardinal,180,0,90,640,640,1,batch_0001,203,datasets/df_2024_proportional/batch_0001/images/acdc3b2fb4aa794712ab67bb0779b8bf97e8a69b.jpg,https://raw.githubusercontent.com/GUIA-DD/dataset-streetview/refs/heads/main/datasets/df_2024_proportional/batch_0001/images/acdc3b2fb4aa794712ab67bb0779b8bf97e8a69b.jpg,True,downloaded,
32da0119c13d29cd994222dfb4d12c66de1e5ad1,352441cb477bea8b48bf72567327b73677837773,-15.879121600007423,-48.111670900113864,-15.87912394514012,-48.1116669966523,2025-03,2025,CURZnxjQXuF-xDV8kldugQ,155.13154633252395,© Google,OK,3_3,166737.76487324995,8241957.64600299,4f314845ffd127f69d5bcc1d0316473db1b12da2,cardinal,4,3,270_deg_west,cardinal,270,0,90,640,640,1,batch_0001,204,datasets/df_2024_proportional/batch_0001/images/4f314845ffd127f69d5bcc1d0316473db1b12da2.jpg,https://raw.githubusercontent.com/GUIA-DD/dataset-streetview/refs/heads/main/datasets/df_2024_proportional/batch_0001/images/4f314845ffd127f69d5bcc1d0316473db1b12da2.jpg,True,downloaded,
345a225b84d1a57f3f786509205566d02920e10a,3afdd7b0118113d7723b1e07162b2610c98c4e06,-15.84419706310908,-48.045100820471355,-15.84419714048084,-48.04509926662644,2024-10,2024,dtHnU7ffIzEtw_F9KykLCQ,162.0155384069994,© Google,OK,4_4,173817.04517755148,8245930.4284104565,751b3316f9228d169959572154a4cf2031e4bf11,cardinal,4,0,0_deg_north,cardinal,0,0,90,640,640,1,batch_0001,205,datasets/df_2024_proportional/batch_0001/images/751b3316f9228d169959572154a4cf2031e4bf11.jpg,https://raw.githubusercontent.com/GUIA-DD/dataset-streetview/refs/heads/main/datasets/df_2024_proportional/batch_0001/images/751b3316f9228d169959572154a4cf2031e4bf11.jpg,True,downloaded,
345a225b84d1a57f3f786509205566d02920e10a,3afdd7b0118113d7723b1e07162b2610c98c4e06,-15.84419706310908,-48.045100820471355,-15.84419714048084,-48.04509926662644,2024-10,2024,dtHnU7ffIzEtw_F9KykLCQ,162.0155384069994,© Google,OK,4_4,173817.04517755148,8245930.4284104565,b8341861e2424c7057a574511a1639ff64a5e01b,cardinal,4,1,90_deg_east,cardinal,90,0,90,640,640,1,batch_0001,206,datasets/df_2024_proportional/batch_0001/images/b8341861e2424c7057a574511a1639ff64a5e01b.jpg,https://raw.githubusercontent.com/GUIA-DD/dataset-streetview/refs/heads/main/datasets/df_2024_proportional/batch_0001/images/b8341861e2424c7057a574511a1639ff64a5e01b.jpg,True,downloaded,
345a225b84d1a57f3f786509205566d02920e10a,3afdd7b0118113d7723b1e07162b2610c98c4e06,-15.84419706310908,-48.045100820471355,-15.84419714048084,-48.04509926662644,2024-10,2024,dtHnU7ffIzEtw_F9KykLCQ,162.0155384069994,© Google,OK,4_4,173817.04517755148,8245930.4284104565,fb6b020cb07e6e7d4563eb0d32f2f27a1b91c296,cardinal,4,2,180_deg_south,cardinal,180,0,90,640,640,1,batch_0001,207,datasets/df_2024_proportional/batch_0001/images/fb6b020cb07e6e7d4563eb0d32f2f27a1b91c296.jpg,https://raw.githubusercontent.com/GUIA-DD/dataset-streetview/refs/heads/main/datasets/df_2024_proportional/batch_0001/images/fb6b020cb07e6e7d4563eb0d32f2f27a1b91c296.jpg,True,downloaded,
345a225b84d1a57f3f786509205566d02920e10a,3afdd7b0118113d7723b1e07162b2610c98c4e06,-15.84419706310908,-48.045100820471355,-15.84419714048084,-48.04509926662644,2024-10,2024,dtHnU7ffIzEtw_F9KykLCQ,162.0155384069994,© Google,OK,4_4,173817.04517755148,8245930.4284104565,674eb71a9c09e20d1567fffebcbec2149ccb5639,cardinal,4,3,270_deg_west,cardinal,270,0,90,640,640,1,batch_0001,208,datasets/df_2024_proportional/batch_0001/images/674eb71a9c09e20d1567fffebcbec2149ccb5639.jpg,https://raw.githubusercontent.com/GUIA-DD/dataset-streetview/refs/heads/main/datasets/df_2024_proportional/batch_0001/images/674eb71a9c09e20d1567fffebcbec2149ccb5639.jpg,True,downloaded,
3474f6143c0565612b1ccd336e8019a4b0b3b9e1,e9910bb49831da6663fa520f86e014a61863c858,-15.64708625001226,-47.777997250133204,-15.64706950870622,-47.77798956471277,2024-07,2024,VfusdyiflPKA5sVTLwulsw,334.4487272825269,© Google,OK,10_9,202161.2131158891,8268152.814820963,72dd4dbf58a60a39f3f629a7d87650e31003ce83,cardinal,4,0,0_deg_north,cardinal,0,0,90,640,640,1,batch_0001,209,datasets/df_2024_proportional/batch_0001/images/72dd4dbf58a60a39f3f629a7d87650e31003ce83.jpg,https://raw.githubusercontent.com/GUIA-DD/dataset-streetview/refs/heads/main/datasets/df_2024_proportional/batch_0001/images/72dd4dbf58a60a39f3f629a7d87650e31003ce83.jpg,True,downloaded,
3474f6143c0565612b1ccd336e8019a4b0b3b9e1,e9910bb49831da6663fa520f86e014a61863c858,-15.64708625001226,-47.777997250133204,-15.64706950870622,-47.77798956471277,2024-07,2024,VfusdyiflPKA5sVTLwulsw,334.4487272825269,© Google,OK,10_9,202161.2131158891,8268152.814820963,e542c3dd293cf36842ef358773334d194937c0fd,cardinal,4,1,90_deg_east,cardinal,90,0,90,640,640,1,batch_0001,210,datasets/df_2024_proportional/batch_0001/images/e542c3dd293cf36842ef358773334d194937c0fd.jpg,https://raw.githubusercontent.com/GUIA-DD/dataset-streetview/refs/heads/main/datasets/df_2024_proportional/batch_0001/images/e542c3dd293cf36842ef358773334d194937c0fd.jpg,True,downloaded,
3474f6143c0565612b1ccd336e8019a4b0b3b9e1,e9910bb49831da6663fa520f86e014a61863c858,-15.64708625001226,-47.777997250133204,-15.64706950870622,-47.77798956471277,2024-07,2024,VfusdyiflPKA5sVTLwulsw,334.4487272825269,© Google,OK,10_9,202161.2131158891,8268152.814820963,f7c7239c487205bc433ce84da420715ecae82eb1,cardinal,4,2,180_deg_south,cardinal,180,0,90,640,640,1,batch_0001,211,datasets/df_2024_proportional/batch_0001/images/f7c7239c487205bc433ce84da420715ecae82eb1.jpg,https://raw.githubusercontent.com/GUIA-DD/dataset-streetview/refs/heads/main/datasets/df_2024_proportional/batch_0001/images/f7c7239c487205bc433ce84da420715ecae82eb1.jpg,True,downloaded,
3474f6143c0565612b1ccd336e8019a4b0b3b9e1,e9910bb49831da6663fa520f86e014a61863c858,-15.64708625001226,-47.777997250133204,-15.64706950870622,-47.77798956471277,2024-07,2024,VfusdyiflPKA5sVTLwulsw,334.4487272825269,© Google,OK,10_9,202161.2131158891,8268152.814820963,93930affd2d12f7e1e96f2afbe1d80a2d08c48a2,cardinal,4,3,270_deg_west,cardinal,270,0,90,640,640,1,batch_0001,212,datasets/df_2024_proportional/batch_0001/images/93930affd2d12f7e1e96f2afbe1d80a2d08c48a2.jpg,https://raw.githubusercontent.com/GUIA-DD/dataset-streetview/refs/heads/main/datasets/df_2024_proportional/batch_0001/images/93930affd2d12f7e1e96f2afbe1d80a2d08c48a2.jpg,True,downloaded,
36eb981841e01afc9cfe72c18940823d504f83ac,a763b235c14093a76805c2fc0ff90ad94b73aaa1,-15.62612000000067,-47.644283499994586,-15.62608309223545,-47.64430504464601,2024-09,2024,v0mGKaz0qTEZKpn5Ih2hog,181.28985232555397,© Google,OK,13_9,216477.21787745133,8270657.246640951,b8c7cf6c0772d75b44a122e5f556f7cbe02045fb,cardinal,4,0,0_deg_north,cardinal,0,0,90,640,640,1,batch_0001,213,datasets/df_2024_proportional/batch_0001/images/b8c7cf6c0772d75b44a122e5f556f7cbe02045fb.jpg,https://raw.githubusercontent.com/GUIA-DD/dataset-streetview/refs/heads/main/datasets/df_2024_proportional/batch_0001/images/b8c7cf6c0772d75b44a122e5f556f7cbe02045fb.jpg,True,downloaded,
36eb981841e01afc9cfe72c18940823d504f83ac,a763b235c14093a76805c2fc0ff90ad94b73aaa1,-15.62612000000067,-47.644283499994586,-15.62608309223545,-47.64430504464601,2024-09,2024,v0mGKaz0qTEZKpn5Ih2hog,181.28985232555397,© Google,OK,13_9,216477.21787745133,8270657.246640951,755756b4cb5b92c3a182c2db0963c8b1076796a1,cardinal,4,1,90_deg_east,cardinal,90,0,90,640,640,1,batch_0001,214,datasets/df_2024_proportional/batch_0001/images/755756b4cb5b92c3a182c2db0963c8b1076796a1.jpg,https://raw.githubusercontent.com/GUIA-DD/dataset-streetview/refs/heads/main/datasets/df_2024_proportional/batch_0001/images/755756b4cb5b92c3a182c2db0963c8b1076796a1.jpg,True,downloaded,
36eb981841e01afc9cfe72c18940823d504f83ac,a763b235c14093a76805c2fc0ff90ad94b73aaa1,-15.62612000000067,-47.644283499994586,-15.62608309223545,-47.64430504464601,2024-09,2024,v0mGKaz0qTEZKpn5Ih2hog,181.28985232555397,© Google,OK,13_9,216477.21787745133,8270657.246640951,b108a46fbf92f9419a9f4db541cb7a37dbff72ea,cardinal,4,2,180_deg_south,cardinal,180,0,90,640,640,1,batch_0001,215,datasets/df_2024_proportional/batch_0001/images/b108a46fbf92f9419a9f4db541cb7a37dbff72ea.jpg,https://raw.githubusercontent.com/GUIA-DD/dataset-streetview/refs/heads/main/datasets/df_2024_proportional/batch_0001/images/b108a46fbf92f9419a9f4db541cb7a37dbff72ea.jpg,True,downloaded,
36eb981841e01afc9cfe72c18940823d504f83ac,a763b235c14093a76805c2fc0ff90ad94b73aaa1,-15.62612000000067,-47.644283499994586,-15.62608309223545,-47.64430504464601,2024-09,2024,v0mGKaz0qTEZKpn5Ih2hog,181.28985232555397,© Google,OK,13_9,216477.21787745133,8270657.246640951,e983b8ccd3db136871fac5634583ceecad036bdb,cardinal,4,3,270_deg_west,cardinal,270,0,90,640,640,1,batch_0001,216,datasets/df_2024_proportional/batch_0001/images/e983b8ccd3db136871fac5634583ceecad036bdb.jpg,https://raw.githubusercontent.com/GUIA-DD/dataset-streetview/refs/heads/main/datasets/df_2024_proportional/batch_0001/images/e983b8ccd3db136871fac5634583ceecad036bdb.jpg,True,downloaded,
3877c16d41001745b89a14b97acc1487411991ad,c884c520dcd395fb018e618f25cd156faa66ef32,-15.765444550000462,-47.79221974999516,-15.76543281806595,-47.79230647629824,2024-06,2024,SxHbSIn4l4fN0_9eDG77ww,359.16361794288116,© Google,OK,10_6,200808.3607715131,8255027.6455419585,d6b020139589564156111d865f71c98fbbd8be6c,cardinal,4,0,0_deg_north,cardinal,0,0,90,640,640,1,batch_0001,217,datasets/df_2024_proportional/batch_0001/images/d6b020139589564156111d865f71c98fbbd8be6c.jpg,https://raw.githubusercontent.com/GUIA-DD/dataset-streetview/refs/heads/main/datasets/df_2024_proportional/batch_0001/images/d6b020139589564156111d865f71c98fbbd8be6c.jpg,True,downloaded,
3877c16d41001745b89a14b97acc1487411991ad,c884c520dcd395fb018e618f25cd156faa66ef32,-15.765444550000462,-47.79221974999516,-15.76543281806595,-47.79230647629824,2024-06,2024,SxHbSIn4l4fN0_9eDG77ww,359.16361794288116,© Google,OK,10_6,200808.3607715131,8255027.6455419585,09f99e3c480665240cd697f983292884ef8842f7,cardinal,4,1,90_deg_east,cardinal,90,0,90,640,640,1,batch_0001,218,datasets/df_2024_proportional/batch_0001/images/09f99e3c480665240cd697f983292884ef8842f7.jpg,https://raw.githubusercontent.com/GUIA-DD/dataset-streetview/refs/heads/main/datasets/df_2024_proportional/batch_0001/images/09f99e3c480665240cd697f983292884ef8842f7.jpg,True,downloaded,
3877c16d41001745b89a14b97acc1487411991ad,c884c520dcd395fb018e618f25cd156faa66ef32,-15.765444550000462,-47.79221974999516,-15.76543281806595,-47.79230647629824,2024-06,2024,SxHbSIn4l4fN0_9eDG77ww,359.16361794288116,© Google,OK,10_6,200808.3607715131,8255027.6455419585,bbdb53897ff959eb26b3c272962a9618ea525cd8,cardinal,4,2,180_deg_south,cardinal,180,0,90,640,640,1,batch_0001,219,datasets/df_2024_proportional/batch_0001/images/bbdb53897ff959eb26b3c272962a9618ea525cd8.jpg,https://raw.githubusercontent.com/GUIA-DD/dataset-streetview/refs/heads/main/datasets/df_2024_proportional/batch_0001/images/bbdb53897ff959eb26b3c272962a9618ea525cd8.jpg,True,downloaded,
3877c16d41001745b89a14b97acc1487411991ad,c884c520dcd395fb018e618f25cd156faa66ef32,-15.765444550000462,-47.79221974999516,-15.76543281806595,-47.79230647629824,2024-06,2024,SxHbSIn4l4fN0_9eDG77ww,359.16361794288116,© Google,OK,10_6,200808.3607715131,8255027.6455419585,a1fb21afdf511a44c9544441fbf7990006024684,cardinal,4,3,270_deg_west,cardinal,270,0,90,640,640,1,batch_0001,220,datasets/df_2024_proportional/batch_0001/images/a1fb21afdf511a44c9544441fbf7990006024684.jpg,https://raw.githubusercontent.com/GUIA-DD/dataset-streetview/refs/heads/main/datasets/df_2024_proportional/batch_0001/images/a1fb21afdf511a44c9544441fbf7990006024684.jpg,True,downloaded,
38982aa70170b38b31714f86a348569bbb1aea95,eb3820b8747b775a39cc5ae88506230b97e39bec,-15.800276900012731,-47.94288580001095,-15.800245036895,-47.94286495548382,2024-06,2024,pUe100DS148I17Q5e5maEA,105.56948580244546,© Google,OK,7_5,184706.2653988674,8250950.520916859,f077a79513774ef405b96b272411ca220617d55f,cardinal,4,0,0_deg_north,cardinal,0,0,90,640,640,1,batch_0001,221,datasets/df_2024_proportional/batch_0001/images/f077a79513774ef405b96b272411ca220617d55f.jpg,https://raw.githubusercontent.com/GUIA-DD/dataset-streetview/refs/heads/main/datasets/df_2024_proportional/batch_0001/images/f077a79513774ef405b96b272411ca220617d55f.jpg,True,downloaded,
38982aa70170b38b31714f86a348569bbb1aea95,eb3820b8747b775a39cc5ae88506230b97e39bec,-15.800276900012731,-47.94288580001095,-15.800245036895,-47.94286495548382,2024-06,2024,pUe100DS148I17Q5e5maEA,105.56948580244546,© Google,OK,7_5,184706.2653988674,8250950.520916859,ae89ce0d1eeae5e300014995537e8c57413bdc37,cardinal,4,1,90_deg_east,cardinal,90,0,90,640,640,1,batch_0001,222,datasets/df_2024_proportional/batch_0001/images/ae89ce0d1eeae5e300014995537e8c57413bdc37.jpg,https://raw.githubusercontent.com/GUIA-DD/dataset-streetview/refs/heads/main/datasets/df_2024_proportional/batch_0001/images/ae89ce0d1eeae5e300014995537e8c57413bdc37.jpg,True,downloaded,
38982aa70170b38b31714f86a348569bbb1aea95,eb3820b8747b775a39cc5ae88506230b97e39bec,-15.800276900012731,-47.94288580001095,-15.800245036895,-47.94286495548382,2024-06,2024,pUe100DS148I17Q5e5maEA,105.56948580244546,© Google,OK,7_5,184706.2653988674,8250950.520916859,cc33d05dc019c10cfe719182f5271589311d51bf,cardinal,4,2,180_deg_south,cardinal,180,0,90,640,640,1,batch_0001,223,datasets/df_2024_proportional/batch_0001/images/cc33d05dc019c10cfe719182f5271589311d51bf.jpg,https://raw.githubusercontent.com/GUIA-DD/dataset-streetview/refs/heads/main/datasets/df_2024_proportional/batch_0001/images/cc33d05dc019c10cfe719182f5271589311d51bf.jpg,True,downloaded,
38982aa70170b38b31714f86a348569bbb1aea95,eb3820b8747b775a39cc5ae88506230b97e39bec,-15.800276900012731,-47.94288580001095,-15.800245036895,-47.94286495548382,2024-06,2024,pUe100DS148I17Q5e5maEA,105.56948580244546,© Google,OK,7_5,184706.2653988674,8250950.520916859,5c9caf62aa2b0af78be16f58569762cab4be8698,cardinal,4,3,270_deg_west,cardinal,270,0,90,640,640,1,batch_0001,224,datasets/df_2024_proportional/batch_0001/images/5c9caf62aa2b0af78be16f58569762cab4be8698.jpg,https://raw.githubusercontent.com/GUIA-DD/dataset-streetview/refs/heads/main/datasets/df_2024_proportional/batch_0001/images/5c9caf62aa2b0af78be16f58569762cab4be8698.jpg,True,downloaded,
38c4632a8e17aa558796cdda5746610e1212c642,73703cbe139ebaf1a1b1fb7b1f97d9ca8338449a,-15.941244851330547,-47.5825614496501,-15.94125241506222,-47.58250592744952,2024-09,2024,ZKm0f3nm9faf1s54qMhZ_w,77.52284935844456,© Google,OK,14_2,223527.05039012764,8235851.61009206,4d498a05e166311ba2c1dc65048aacd3b5610af7,cardinal,4,0,0_deg_north,cardinal,0,0,90,640,640,1,batch_0001,225,datasets/df_2024_proportional/batch_0001/images/4d498a05e166311ba2c1dc65048aacd3b5610af7.jpg,https://raw.githubusercontent.com/GUIA-DD/dataset-streetview/refs/heads/main/datasets/df_2024_proportional/batch_0001/images/4d498a05e166311ba2c1dc65048aacd3b5610af7.jpg,True,downloaded,
38c4632a8e17aa558796cdda5746610e1212c642,73703cbe139ebaf1a1b1fb7b1f97d9ca8338449a,-15.941244851330547,-47.5825614496501,-15.94125241506222,-47.58250592744952,2024-09,2024,ZKm0f3nm9faf1s54qMhZ_w,77.52284935844456,© Google,OK,14_2,223527.05039012764,8235851.61009206,1138d70c3ddc5b26d5cffe86373a2ae6137103ba,cardinal,4,1,90_deg_east,cardinal,90,0,90,640,640,1,batch_0001,226,datasets/df_2024_proportional/batch_0001/images/1138d70c3ddc5b26d5cffe86373a2ae6137103ba.jpg,https://raw.githubusercontent.com/GUIA-DD/dataset-streetview/refs/heads/main/datasets/df_2024_proportional/batch_0001/images/1138d70c3ddc5b26d5cffe86373a2ae6137103ba.jpg,True,downloaded,
38c4632a8e17aa558796cdda5746610e1212c642,73703cbe139ebaf1a1b1fb7b1f97d9ca8338449a,-15.941244851330547,-47.5825614496501,-15.94125241506222,-47.58250592744952,2024-09,2024,ZKm0f3nm9faf1s54qMhZ_w,77.52284935844456,© Google,OK,14_2,223527.05039012764,8235851.61009206,250afc5237d89d5116dd9c8e50ef355ed20f8102,cardinal,4,2,180_deg_south,cardinal,180,0,90,640,640,1,batch_0001,227,datasets/df_2024_proportional/batch_0001/images/250afc5237d89d5116dd9c8e50ef355ed20f8102.jpg,https://raw.githubusercontent.com/GUIA-DD/dataset-streetview/refs/heads/main/datasets/df_2024_proportional/batch_0001/images/250afc5237d89d5116dd9c8e50ef355ed20f8102.jpg,True,downloaded,
38c4632a8e17aa558796cdda5746610e1212c642,73703cbe139ebaf1a1b1fb7b1f97d9ca8338449a,-15.941244851330547,-47.5825614496501,-15.94125241506222,-47.58250592744952,2024-09,2024,ZKm0f3nm9faf1s54qMhZ_w,77.52284935844456,© Google,OK,14_2,223527.05039012764,8235851.61009206,7c74e0764345350fe83be0cc4cee36afcb7672c9,cardinal,4,3,270_deg_west,cardinal,270,0,90,640,640,1,batch_0001,228,datasets/df_2024_proportional/batch_0001/images/7c74e0764345350fe83be0cc4cee36afcb7672c9.jpg,https://raw.githubusercontent.com/GUIA-DD/dataset-streetview/refs/heads/main/datasets/df_2024_proportional/batch_0001/images/7c74e0764345350fe83be0cc4cee36afcb7672c9.jpg,True,downloaded,
3942a7761a22128eb6451f597c569dc0343c71c0,00ec1f2c20950b4fc55eb64749c78a087350e766,-15.828239423039905,-48.123855051924146,-15.82820887269109,-48.1238429303235,2026-01,2026,AOOHpDqBujVL9VNuvoig9Q,316.3088647789936,© Google,OK,3_5,165347.7078939418,8247573.579451512,fd837eb321f69c11af2280f9f4487e4a1fc58d76,cardinal,4,0,0_deg_north,cardinal,0,0,90,640,640,1,batch_0001,229,datasets/df_2024_proportional/batch_0001/images/fd837eb321f69c11af2280f9f4487e4a1fc58d76.jpg,https://raw.githubusercontent.com/GUIA-DD/dataset-streetview/refs/heads/main/datasets/df_2024_proportional/batch_0001/images/fd837eb321f69c11af2280f9f4487e4a1fc58d76.jpg,True,downloaded,
3942a7761a22128eb6451f597c569dc0343c71c0,00ec1f2c20950b4fc55eb64749c78a087350e766,-15.828239423039905,-48.123855051924146,-15.82820887269109,-48.1238429303235,2026-01,2026,AOOHpDqBujVL9VNuvoig9Q,316.3088647789936,© Google,OK,3_5,165347.7078939418,8247573.579451512,6a89bb3e32caad4c7bd4e069683a1e31c18c9720,cardinal,4,1,90_deg_east,cardinal,90,0,90,640,640,1,batch_0001,230,datasets/df_2024_proportional/batch_0001/images/6a89bb3e32caad4c7bd4e069683a1e31c18c9720.jpg,https://raw.githubusercontent.com/GUIA-DD/dataset-streetview/refs/heads/main/datasets/df_2024_proportional/batch_0001/images/6a89bb3e32caad4c7bd4e069683a1e31c18c9720.jpg,True,downloaded,
3942a7761a22128eb6451f597c569dc0343c71c0,00ec1f2c20950b4fc55eb64749c78a087350e766,-15.828239423039905,-48.123855051924146,-15.82820887269109,-48.1238429303235,2026-01,2026,AOOHpDqBujVL9VNuvoig9Q,316.3088647789936,© Google,OK,3_5,165347.7078939418,8247573.579451512,a23a11224907f7795362841c752245613097ab88,cardinal,4,2,180_deg_south,cardinal,180,0,90,640,640,1,batch_0001,231,datasets/df_2024_proportional/batch_0001/images/a23a11224907f7795362841c752245613097ab88.jpg,https://raw.githubusercontent.com/GUIA-DD/dataset-streetview/refs/heads/main/datasets/df_2024_proportional/batch_0001/images/a23a11224907f7795362841c752245613097ab88.jpg,True,downloaded,
3942a7761a22128eb6451f597c569dc0343c71c0,00ec1f2c20950b4fc55eb64749c78a087350e766,-15.828239423039905,-48.123855051924146,-15.82820887269109,-48.1238429303235,2026-01,2026,AOOHpDqBujVL9VNuvoig9Q,316.3088647789936,© Google,OK,3_5,165347.7078939418,8247573.579451512,18a6e820a42dc617446c6f08ede76e3b759fb271,cardinal,4,3,270_deg_west,cardinal,270,0,90,640,640,1,batch_0001,232,datasets/df_2024_proportional/batch_0001/images/18a6e820a42dc617446c6f08ede76e3b759fb271.jpg,https://raw.githubusercontent.com/GUIA-DD/dataset-streetview/refs/heads/main/datasets/df_2024_proportional/batch_0001/images/18a6e820a42dc617446c6f08ede76e3b759fb271.jpg,True,downloaded,
395d519812e88bc29707b9492e4bc8486eedba41,edebef75ed3ba92884226a1150b7e8da83873d7c,-15.619304000001486,-47.65006749998844,-15.61932847932071,-47.65009576372643,2025-07,2025,CFavRn_LC4RUhiDa9oE_tA,1.9574858383788927,© Google,OK,13_9,215847.2648759876,8271404.13475734,099bf7acd54626d313ce1d3aef3961152558e26a,cardinal,4,0,0_deg_north,cardinal,0,0,90,640,640,1,batch_0001,233,datasets/df_2024_proportional/batch_0001/images/099bf7acd54626d313ce1d3aef3961152558e26a.jpg,https://raw.githubusercontent.com/GUIA-DD/dataset-streetview/refs/heads/main/datasets/df_2024_proportional/batch_0001/images/099bf7acd54626d313ce1d3aef3961152558e26a.jpg,True,downloaded,
395d519812e88bc29707b9492e4bc8486eedba41,edebef75ed3ba92884226a1150b7e8da83873d7c,-15.619304000001486,-47.65006749998844,-15.61932847932071,-47.65009576372643,2025-07,2025,CFavRn_LC4RUhiDa9oE_tA,1.9574858383788927,© Google,OK,13_9,215847.2648759876,8271404.13475734,2d497c4ab01ae47109e46671a547f1f75b98161d,cardinal,4,1,90_deg_east,cardinal,90,0,90,640,640,1,batch_0001,234,datasets/df_2024_proportional/batch_0001/images/2d497c4ab01ae47109e46671a547f1f75b98161d.jpg,https://raw.githubusercontent.com/GUIA-DD/dataset-streetview/refs/heads/main/datasets/df_2024_proportional/batch_0001/images/2d497c4ab01ae47109e46671a547f1f75b98161d.jpg,True,downloaded,
395d519812e88bc29707b9492e4bc8486eedba41,edebef75ed3ba92884226a1150b7e8da83873d7c,-15.619304000001486,-47.65006749998844,-15.61932847932071,-47.65009576372643,2025-07,2025,CFavRn_LC4RUhiDa9oE_tA,1.9574858383788927,© Google,OK,13_9,215847.2648759876,8271404.13475734,921ae4b5d921f567138766b1f3057f6450ae81e2,cardinal,4,2,180_deg_south,cardinal,180,0,90,640,640,1,batch_0001,235,datasets/df_2024_proportional/batch_0001/images/921ae4b5d921f567138766b1f3057f6450ae81e2.jpg,https://raw.githubusercontent.com/GUIA-DD/dataset-streetview/refs/heads/main/datasets/df_2024_proportional/batch_0001/images/921ae4b5d921f567138766b1f3057f6450ae81e2.jpg,True,downloaded,
395d519812e88bc29707b9492e4bc8486eedba41,edebef75ed3ba92884226a1150b7e8da83873d7c,-15.619304000001486,-47.65006749998844,-15.61932847932071,-47.65009576372643,2025-07,2025,CFavRn_LC4RUhiDa9oE_tA,1.9574858383788927,© Google,OK,13_9,215847.2648759876,8271404.13475734,01dc9fd67ecf32d6415fb397f817138c3807c92a,cardinal,4,3,270_deg_west,cardinal,270,0,90,640,640,1,batch_0001,236,datasets/df_2024_proportional/batch_0001/images/01dc9fd67ecf32d6415fb397f817138c3807c92a.jpg,https://raw.githubusercontent.com/GUIA-DD/dataset-streetview/refs/heads/main/datasets/df_2024_proportional/batch_0001/images/01dc9fd67ecf32d6415fb397f817138c3807c92a.jpg,True,downloaded,
398f60f8514c9f56349e4059112b1c7cae4473c7,adbfa9b0e7712f77946a250e54469b2d044637a7,-15.715781779896671,-47.88191455069896,-15.71578281986354,-47.8818907185734,2025-02,2025,Yow9u6Xy1cJbV9D-jH5_oA,306.2055760696116,© Google,OK,8_7,191115.43887795342,8260397.4023613045,c9aa8662b1a55b59b11370f7f789d912080237fc,cardinal,4,0,0_deg_north,cardinal,0,0,90,640,640,1,batch_0001,237,datasets/df_2024_proportional/batch_0001/images/c9aa8662b1a55b59b11370f7f789d912080237fc.jpg,https://raw.githubusercontent.com/GUIA-DD/dataset-streetview/refs/heads/main/datasets/df_2024_proportional/batch_0001/images/c9aa8662b1a55b59b11370f7f789d912080237fc.jpg,True,downloaded,
398f60f8514c9f56349e4059112b1c7cae4473c7,adbfa9b0e7712f77946a250e54469b2d044637a7,-15.715781779896671,-47.88191455069896,-15.71578281986354,-47.8818907185734,2025-02,2025,Yow9u6Xy1cJbV9D-jH5_oA,306.2055760696116,© Google,OK,8_7,191115.43887795342,8260397.4023613045,171588e778eff540509c9cf0d870d2827cfc546c,cardinal,4,1,90_deg_east,cardinal,90,0,90,640,640,1,batch_0001,238,datasets/df_2024_proportional/batch_0001/images/171588e778eff540509c9cf0d870d2827cfc546c.jpg,https://raw.githubusercontent.com/GUIA-DD/dataset-streetview/refs/heads/main/datasets/df_2024_proportional/batch_0001/images/171588e778eff540509c9cf0d870d2827cfc546c.jpg,True,downloaded,
398f60f8514c9f56349e4059112b1c7cae4473c7,adbfa9b0e7712f77946a250e54469b2d044637a7,-15.715781779896671,-47.88191455069896,-15.71578281986354,-47.8818907185734,2025-02,2025,Yow9u6Xy1cJbV9D-jH5_oA,306.2055760696116,© Google,OK,8_7,191115.43887795342,8260397.4023613045,2e5279b7464477de26245eaf734e12885e19cebf,cardinal,4,2,180_deg_south,cardinal,180,0,90,640,640,1,batch_0001,239,datasets/df_2024_proportional/batch_0001/images/2e5279b7464477de26245eaf734e12885e19cebf.jpg,https://raw.githubusercontent.com/GUIA-DD/dataset-streetview/refs/heads/main/datasets/df_2024_proportional/batch_0001/images/2e5279b7464477de26245eaf734e12885e19cebf.jpg,True,downloaded,
398f60f8514c9f56349e4059112b1c7cae4473c7,adbfa9b0e7712f77946a250e54469b2d044637a7,-15.715781779896671,-47.88191455069896,-15.71578281986354,-47.8818907185734,2025-02,2025,Yow9u6Xy1cJbV9D-jH5_oA,306.2055760696116,© Google,OK,8_7,191115.43887795342,8260397.4023613045,66b265291e26abe908c2c121189726c3e7aa80f4,cardinal,4,3,270_deg_west,cardinal,270,0,90,640,640,1,batch_0001,240,datasets/df_2024_proportional/batch_0001/images/66b265291e26abe908c2c121189726c3e7aa80f4.jpg,https://raw.githubusercontent.com/GUIA-DD/dataset-streetview/refs/heads/main/datasets/df_2024_proportional/batch_0001/images/66b265291e26abe908c2c121189726c3e7aa80f4.jpg,True,downloaded,
3b779e773a89acb08029c373dd26613d23607b0e,321c305aeada01dd5fac4d5bcfd580bcc6297e5c,-16.030113156337084,-48.0758812741399,-16.03008369918626,-48.0758854707507,2025-05,2025,b4WK81pesDvwxlcRD6N8Dg,199.7741334972354,© Google,OK,4_0,170821.03765011593,8225292.0182317365,29a2cff68e88b41d3a8fef4216dd180d53787746,cardinal,4,0,0_deg_north,cardinal,0,0,90,640,640,1,batch_0001,241,datasets/df_2024_proportional/batch_0001/images/29a2cff68e88b41d3a8fef4216dd180d53787746.jpg,https://raw.githubusercontent.com/GUIA-DD/dataset-streetview/refs/heads/main/datasets/df_2024_proportional/batch_0001/images/29a2cff68e88b41d3a8fef4216dd180d53787746.jpg,True,downloaded,
3b779e773a89acb08029c373dd26613d23607b0e,321c305aeada01dd5fac4d5bcfd580bcc6297e5c,-16.030113156337084,-48.0758812741399,-16.03008369918626,-48.0758854707507,2025-05,2025,b4WK81pesDvwxlcRD6N8Dg,199.7741334972354,© Google,OK,4_0,170821.03765011593,8225292.0182317365,0181e6984489ba4a0096b5c6dedb5089a4225741,cardinal,4,1,90_deg_east,cardinal,90,0,90,640,640,1,batch_0001,242,datasets/df_2024_proportional/batch_0001/images/0181e6984489ba4a0096b5c6dedb5089a4225741.jpg,https://raw.githubusercontent.com/GUIA-DD/dataset-streetview/refs/heads/main/datasets/df_2024_proportional/batch_0001/images/0181e6984489ba4a0096b5c6dedb5089a4225741.jpg,True,downloaded,
3b779e773a89acb08029c373dd26613d23607b0e,321c305aeada01dd5fac4d5bcfd580bcc6297e5c,-16.030113156337084,-48.0758812741399,-16.03008369918626,-48.0758854707507,2025-05,2025,b4WK81pesDvwxlcRD6N8Dg,199.7741334972354,© Google,OK,4_0,170821.03765011593,8225292.0182317365,26045c9af730460009931525fa30589035509cef,cardinal,4,2,180_deg_south,cardinal,180,0,90,640,640,1,batch_0001,243,datasets/df_2024_proportional/batch_0001/images/26045c9af730460009931525fa30589035509cef.jpg,https://raw.githubusercontent.com/GUIA-DD/dataset-streetview/refs/heads/main/datasets/df_2024_proportional/batch_0001/images/26045c9af730460009931525fa30589035509cef.jpg,True,downloaded,
3b779e773a89acb08029c373dd26613d23607b0e,321c305aeada01dd5fac4d5bcfd580bcc6297e5c,-16.030113156337084,-48.0758812741399,-16.03008369918626,-48.0758854707507,2025-05,2025,b4WK81pesDvwxlcRD6N8Dg,199.7741334972354,© Google,OK,4_0,170821.03765011593,8225292.0182317365,8d772ee669fb0baae0128c6700540552767fc122,cardinal,4,3,270_deg_west,cardinal,270,0,90,640,640,1,batch_0001,244,datasets/df_2024_proportional/batch_0001/images/8d772ee669fb0baae0128c6700540552767fc122.jpg,https://raw.githubusercontent.com/GUIA-DD/dataset-streetview/refs/heads/main/datasets/df_2024_proportional/batch_0001/images/8d772ee669fb0baae0128c6700540552767fc122.jpg,True,downloaded,
3da2f55ebc46901e51e0466c4e1be687b8e83f4e,081f24283269b34d22c5c1032a3913d3ad638cf5,-15.920071700296658,-48.050415949870505,-15.92005892959955,-48.05039606844324,2025-07,2025,zauSHDX6pRWYiciIVIzXJA,251.58759452495667,© Google,OK,4_2,173369.78702707798,8237519.217201281,bf5f280b0675c600953f8da783c4221034dc23e3,cardinal,4,0,0_deg_north,cardinal,0,0,90,640,640,1,batch_0001,245,datasets/df_2024_proportional/batch_0001/images/bf5f280b0675c600953f8da783c4221034dc23e3.jpg,https://raw.githubusercontent.com/GUIA-DD/dataset-streetview/refs/heads/main/datasets/df_2024_proportional/batch_0001/images/bf5f280b0675c600953f8da783c4221034dc23e3.jpg,True,downloaded,
3da2f55ebc46901e51e0466c4e1be687b8e83f4e,081f24283269b34d22c5c1032a3913d3ad638cf5,-15.920071700296658,-48.050415949870505,-15.92005892959955,-48.05039606844324,2025-07,2025,zauSHDX6pRWYiciIVIzXJA,251.58759452495667,© Google,OK,4_2,173369.78702707798,8237519.217201281,08b5c7c2124f1cd62a431364b728390d0be7a7aa,cardinal,4,1,90_deg_east,cardinal,90,0,90,640,640,1,batch_0001,246,datasets/df_2024_proportional/batch_0001/images/08b5c7c2124f1cd62a431364b728390d0be7a7aa.jpg,https://raw.githubusercontent.com/GUIA-DD/dataset-streetview/refs/heads/main/datasets/df_2024_proportional/batch_0001/images/08b5c7c2124f1cd62a431364b728390d0be7a7aa.jpg,True,downloaded,
3da2f55ebc46901e51e0466c4e1be687b8e83f4e,081f24283269b34d22c5c1032a3913d3ad638cf5,-15.920071700296658,-48.050415949870505,-15.92005892959955,-48.05039606844324,2025-07,2025,zauSHDX6pRWYiciIVIzXJA,251.58759452495667,© Google,OK,4_2,173369.78702707798,8237519.217201281,0165711a595e7152075cc7756ec14a9d03c026a4,cardinal,4,2,180_deg_south,cardinal,180,0,90,640,640,1,batch_0001,247,datasets/df_2024_proportional/batch_0001/images/0165711a595e7152075cc7756ec14a9d03c026a4.jpg,https://raw.githubusercontent.com/GUIA-DD/dataset-streetview/refs/heads/main/datasets/df_2024_proportional/batch_0001/images/0165711a595e7152075cc7756ec14a9d03c026a4.jpg,True,downloaded,
3da2f55ebc46901e51e0466c4e1be687b8e83f4e,081f24283269b34d22c5c1032a3913d3ad638cf5,-15.920071700296658,-48.050415949870505,-15.92005892959955,-48.05039606844324,2025-07,2025,zauSHDX6pRWYiciIVIzXJA,251.58759452495667,© Google,OK,4_2,173369.78702707798,8237519.217201281,ad2ad2e6e5281f266da9b0818054ce0438b8d99a,cardinal,4,3,270_deg_west,cardinal,270,0,90,640,640,1,batch_0001,248,datasets/df_2024_proportional/batch_0001/images/ad2ad2e6e5281f266da9b0818054ce0438b8d99a.jpg,https://raw.githubusercontent.com/GUIA-DD/dataset-streetview/refs/heads/main/datasets/df_2024_proportional/batch_0001/images/ad2ad2e6e5281f266da9b0818054ce0438b8d99a.jpg,True,downloaded,
3db678d146d1ef9f2ad8672bf3a10918ae890965,db99faee503028d610b1d912fcc97d7c6142700c,-15.846547287213404,-47.89833562574913,-15.84654180974828,-47.89834257129085,2024-12,2024,RGC9o0_OuYBPEIWRzaWrsg,70.11932843560598,© Google,OK,8_4,189553.5185114178,8245893.169780065,1f30bc68fe2973c140081e180aafddc5f1138437,cardinal,4,0,0_deg_north,cardinal,0,0,90,640,640,1,batch_0001,249,datasets/df_2024_proportional/batch_0001/images/1f30bc68fe2973c140081e180aafddc5f1138437.jpg,https://raw.githubusercontent.com/GUIA-DD/dataset-streetview/refs/heads/main/datasets/df_2024_proportional/batch_0001/images/1f30bc68fe2973c140081e180aafddc5f1138437.jpg,True,downloaded,
3db678d146d1ef9f2ad8672bf3a10918ae890965,db99faee503028d610b1d912fcc97d7c6142700c,-15.846547287213404,-47.89833562574913,-15.84654180974828,-47.89834257129085,2024-12,2024,RGC9o0_OuYBPEIWRzaWrsg,70.11932843560598,© Google,OK,8_4,189553.5185114178,8245893.169780065,34fa3610b31ba8187a867f706f8c5546f763ddbd,cardinal,4,1,90_deg_east,cardinal,90,0,90,640,640,1,batch_0001,250,datasets/df_2024_proportional/batch_0001/images/34fa3610b31ba8187a867f706f8c5546f763ddbd.jpg,https://raw.githubusercontent.com/GUIA-DD/dataset-streetview/refs/heads/main/datasets/df_2024_proportional/batch_0001/images/34fa3610b31ba8187a867f706f8c5546f763ddbd.jpg,True,downloaded,
3db678d146d1ef9f2ad8672bf3a10918ae890965,db99faee503028d610b1d912fcc97d7c6142700c,-15.846547287213404,-47.89833562574913,-15.84654180974828,-47.89834257129085,2024-12,2024,RGC9o0_OuYBPEIWRzaWrsg,70.11932843560598,© Google,OK,8_4,189553.5185114178,8245893.169780065,981079bcd49557f3772fdad92eb8ab5d1ea369fb,cardinal,4,2,180_deg_south,cardinal,180,0,90,640,640,1,batch_0001,251,datasets/df_2024_proportional/batch_0001/images/981079bcd49557f3772fdad92eb8ab5d1ea369fb.jpg,https://raw.githubusercontent.com/GUIA-DD/dataset-streetview/refs/heads/main/datasets/df_2024_proportional/batch_0001/images/981079bcd49557f3772fdad92eb8ab5d1ea369fb.jpg,True,downloaded,
3db678d146d1ef9f2ad8672bf3a10918ae890965,db99faee503028d610b1d912fcc97d7c6142700c,-15.846547287213404,-47.89833562574913,-15.84654180974828,-47.89834257129085,2024-12,2024,RGC9o0_OuYBPEIWRzaWrsg,70.11932843560598,© Google,OK,8_4,189553.5185114178,8245893.169780065,f2fe753c9a6596d5777d2de488e8597ba341cffa,cardinal,4,3,270_deg_west,cardinal,270,0,90,640,640,1,batch_0001,252,datasets/df_2024_proportional/batch_0001/images/f2fe753c9a6596d5777d2de488e8597ba341cffa.jpg,https://raw.githubusercontent.com/GUIA-DD/dataset-streetview/refs/heads/main/datasets/df_2024_proportional/batch_0001/images/f2fe753c9a6596d5777d2de488e8597ba341cffa.jpg,True,downloaded,
3dc9d8632ae0ce414aadedfee69f4965b4987451,219532680af9c4c9d784abb0ab8ca3df43df967e,-15.800194150181168,-48.09432690036826,-15.80017836043257,-48.09432477372367,2024-07,2024,eOAdJhrVY9R8g2j1YYO1bw,303.84860482719813,© Google,OK,3_5,168467.89000775496,8250726.52451762,f4f984dafc9db90e303d9c7a5c22f919dd3d441a,cardinal,4,0,0_deg_north,cardinal,0,0,90,640,640,1,batch_0001,253,datasets/df_2024_proportional/batch_0001/images/f4f984dafc9db90e303d9c7a5c22f919dd3d441a.jpg,https://raw.githubusercontent.com/GUIA-DD/dataset-streetview/refs/heads/main/datasets/df_2024_proportional/batch_0001/images/f4f984dafc9db90e303d9c7a5c22f919dd3d441a.jpg,True,downloaded,
3dc9d8632ae0ce414aadedfee69f4965b4987451,219532680af9c4c9d784abb0ab8ca3df43df967e,-15.800194150181168,-48.09432690036826,-15.80017836043257,-48.09432477372367,2024-07,2024,eOAdJhrVY9R8g2j1YYO1bw,303.84860482719813,© Google,OK,3_5,168467.89000775496,8250726.52451762,49e85e25b3e4674c1b894b017e9a3b18d6c17434,cardinal,4,1,90_deg_east,cardinal,90,0,90,640,640,1,batch_0001,254,datasets/df_2024_proportional/batch_0001/images/49e85e25b3e4674c1b894b017e9a3b18d6c17434.jpg,https://raw.githubusercontent.com/GUIA-DD/dataset-streetview/refs/heads/main/datasets/df_2024_proportional/batch_0001/images/49e85e25b3e4674c1b894b017e9a3b18d6c17434.jpg,True,downloaded,
3dc9d8632ae0ce414aadedfee69f4965b4987451,219532680af9c4c9d784abb0ab8ca3df43df967e,-15.800194150181168,-48.09432690036826,-15.80017836043257,-48.09432477372367,2024-07,2024,eOAdJhrVY9R8g2j1YYO1bw,303.84860482719813,© Google,OK,3_5,168467.89000775496,8250726.52451762,c2936f9e5ed4683f50e169d9cbddfeab5d2c6153,cardinal,4,2,180_deg_south,cardinal,180,0,90,640,640,1,batch_0001,255,datasets/df_2024_proportional/batch_0001/images/c2936f9e5ed4683f50e169d9cbddfeab5d2c6153.jpg,https://raw.githubusercontent.com/GUIA-DD/dataset-streetview/refs/heads/main/datasets/df_2024_proportional/batch_0001/images/c2936f9e5ed4683f50e169d9cbddfeab5d2c6153.jpg,True,downloaded,
3dc9d8632ae0ce414aadedfee69f4965b4987451,219532680af9c4c9d784abb0ab8ca3df43df967e,-15.800194150181168,-48.09432690036826,-15.80017836043257,-48.09432477372367,2024-07,2024,eOAdJhrVY9R8g2j1YYO1bw,303.84860482719813,© Google,OK,3_5,168467.89000775496,8250726.52451762,7b79ea1f3260c5db306b44a67b80ff607aa1541d,cardinal,4,3,270_deg_west,cardinal,270,0,90,640,640,1,batch_0001,256,datasets/df_2024_proportional/batch_0001/images/7b79ea1f3260c5db306b44a67b80ff607aa1541d.jpg,https://raw.githubusercontent.com/GUIA-DD/dataset-streetview/refs/heads/main/datasets/df_2024_proportional/batch_0001/images/7b79ea1f3260c5db306b44a67b80ff607aa1541d.jpg,True,downloaded,
3eb2d7b51b69752d7ad25d2fad0e46abd22192c1,d5de8ea7ceb9fecf80c5f411cb4069013d4abd5c,-15.937596400006752,-47.585463449973986,-15.93766889380083,-47.58542150765516,2024-09,2024,YZdUVsVCG2RWzva0HtbCzg,16.007050871049678,© Google,OK,14_2,223211.19112183613,8236251.677608198,9607ab0e0cbedfc4ae30bf197e6d6f0b60e30e6f,cardinal,4,0,0_deg_north,cardinal,0,0,90,640,640,1,batch_0001,257,datasets/df_2024_proportional/batch_0001/images/9607ab0e0cbedfc4ae30bf197e6d6f0b60e30e6f.jpg,https://raw.githubusercontent.com/GUIA-DD/dataset-streetview/refs/heads/main/datasets/df_2024_proportional/batch_0001/images/9607ab0e0cbedfc4ae30bf197e6d6f0b60e30e6f.jpg,True,downloaded,
3eb2d7b51b69752d7ad25d2fad0e46abd22192c1,d5de8ea7ceb9fecf80c5f411cb4069013d4abd5c,-15.937596400006752,-47.585463449973986,-15.93766889380083,-47.58542150765516,2024-09,2024,YZdUVsVCG2RWzva0HtbCzg,16.007050871049678,© Google,OK,14_2,223211.19112183613,8236251.677608198,58ceb923c85d2aea714e7acb792ec86df70e6179,cardinal,4,1,90_deg_east,cardinal,90,0,90,640,640,1,batch_0001,258,datasets/df_2024_proportional/batch_0001/images/58ceb923c85d2aea714e7acb792ec86df70e6179.jpg,https://raw.githubusercontent.com/GUIA-DD/dataset-streetview/refs/heads/main/datasets/df_2024_proportional/batch_0001/images/58ceb923c85d2aea714e7acb792ec86df70e6179.jpg,True,downloaded,
3eb2d7b51b69752d7ad25d2fad0e46abd22192c1,d5de8ea7ceb9fecf80c5f411cb4069013d4abd5c,-15.937596400006752,-47.585463449973986,-15.93766889380083,-47.58542150765516,2024-09,2024,YZdUVsVCG2RWzva0HtbCzg,16.007050871049678,© Google,OK,14_2,223211.19112183613,8236251.677608198,9777200bc29c9f6cb0d7df82efa80d9e4c35fbc4,cardinal,4,2,180_deg_south,cardinal,180,0,90,640,640,1,batch_0001,259,datasets/df_2024_proportional/batch_0001/images/9777200bc29c9f6cb0d7df82efa80d9e4c35fbc4.jpg,https://raw.githubusercontent.com/GUIA-DD/dataset-streetview/refs/heads/main/datasets/df_2024_proportional/batch_0001/images/9777200bc29c9f6cb0d7df82efa80d9e4c35fbc4.jpg,True,downloaded,
3eb2d7b51b69752d7ad25d2fad0e46abd22192c1,d5de8ea7ceb9fecf80c5f411cb4069013d4abd5c,-15.937596400006752,-47.585463449973986,-15.93766889380083,-47.58542150765516,2024-09,2024,YZdUVsVCG2RWzva0HtbCzg,16.007050871049678,© Google,OK,14_2,223211.19112183613,8236251.677608198,075f5b8ea1a75724885a647cf04bb9e8277f9e3b,cardinal,4,3,270_deg_west,cardinal,270,0,90,640,640,1,batch_0001,260,datasets/df_2024_proportional/batch_0001/images/075f5b8ea1a75724885a647cf04bb9e8277f9e3b.jpg,https://raw.githubusercontent.com/GUIA-DD/dataset-streetview/refs/heads/main/datasets/df_2024_proportional/batch_0001/images/075f5b8ea1a75724885a647cf04bb9e8277f9e3b.jpg,True,downloaded,
3f738078c69c4f97289990c3de2c6270b4a7d7f4,b0b04df74ae42bef1dbe3ef720c4688ad4293231,-15.643725500000352,-47.64543994999545,-15.64374524829291,-47.64544227739457,2024-07,2024,5fDakRgovXX3z23BiLWyeg,357.45364290274443,© Google,OK,13_9,216377.41813650896,8268706.558575583,ae9a94c2d85ef6e4fafe8061326492a5f7c7cfbb,cardinal,4,0,0_deg_north,cardinal,0,0,90,640,640,1,batch_0001,261,datasets/df_2024_proportional/batch_0001/images/ae9a94c2d85ef6e4fafe8061326492a5f7c7cfbb.jpg,https://raw.githubusercontent.com/GUIA-DD/dataset-streetview/refs/heads/main/datasets/df_2024_proportional/batch_0001/images/ae9a94c2d85ef6e4fafe8061326492a5f7c7cfbb.jpg,True,downloaded,
3f738078c69c4f97289990c3de2c6270b4a7d7f4,b0b04df74ae42bef1dbe3ef720c4688ad4293231,-15.643725500000352,-47.64543994999545,-15.64374524829291,-47.64544227739457,2024-07,2024,5fDakRgovXX3z23BiLWyeg,357.45364290274443,© Google,OK,13_9,216377.41813650896,8268706.558575583,ca4a16d3d4255372835a66897c4f5faf648ee511,cardinal,4,1,90_deg_east,cardinal,90,0,90,640,640,1,batch_0001,262,datasets/df_2024_proportional/batch_0001/images/ca4a16d3d4255372835a66897c4f5faf648ee511.jpg,https://raw.githubusercontent.com/GUIA-DD/dataset-streetview/refs/heads/main/datasets/df_2024_proportional/batch_0001/images/ca4a16d3d4255372835a66897c4f5faf648ee511.jpg,True,downloaded,
3f738078c69c4f97289990c3de2c6270b4a7d7f4,b0b04df74ae42bef1dbe3ef720c4688ad4293231,-15.643725500000352,-47.64543994999545,-15.64374524829291,-47.64544227739457,2024-07,2024,5fDakRgovXX3z23BiLWyeg,357.45364290274443,© Google,OK,13_9,216377.41813650896,8268706.558575583,b73362b09cd3c9d2a171ec58a4cf2495b72c3fca,cardinal,4,2,180_deg_south,cardinal,180,0,90,640,640,1,batch_0001,263,datasets/df_2024_proportional/batch_0001/images/b73362b09cd3c9d2a171ec58a4cf2495b72c3fca.jpg,https://raw.githubusercontent.com/GUIA-DD/dataset-streetview/refs/heads/main/datasets/df_2024_proportional/batch_0001/images/b73362b09cd3c9d2a171ec58a4cf2495b72c3fca.jpg,True,downloaded,
3f738078c69c4f97289990c3de2c6270b4a7d7f4,b0b04df74ae42bef1dbe3ef720c4688ad4293231,-15.643725500000352,-47.64543994999545,-15.64374524829291,-47.64544227739457,2024-07,2024,5fDakRgovXX3z23BiLWyeg,357.45364290274443,© Google,OK,13_9,216377.41813650896,8268706.558575583,ff800b1c83d51b112a32f06dcfd298fcffe8ae27,cardinal,4,3,270_deg_west,cardinal,270,0,90,640,640,1,batch_0001,264,datasets/df_2024_proportional/batch_0001/images/ff800b1c83d51b112a32f06dcfd298fcffe8ae27.jpg,https://raw.githubusercontent.com/GUIA-DD/dataset-streetview/refs/heads/main/datasets/df_2024_proportional/batch_0001/images/ff800b1c83d51b112a32f06dcfd298fcffe8ae27.jpg,True,downloaded,
40dc75816ddce39c543d7831fa3509c781f1ad77,0e753e78a416e72b0113e46ca4a41155b3bb282c,-15.809242750011782,-48.060263701151726,-15.80927912402679,-48.06025647711863,2024-08,2024,iBnnGTqxecK9-RWp1me0nQ,340.77519887084355,© Google,OK,4_5,172135.07286394294,8249777.879766265,a6dd60ced3626f8d9bbe66e71091ad307305cff5,cardinal,4,0,0_deg_north,cardinal,0,0,90,640,640,1,batch_0001,265,datasets/df_2024_proportional/batch_0001/images/a6dd60ced3626f8d9bbe66e71091ad307305cff5.jpg,https://raw.githubusercontent.com/GUIA-DD/dataset-streetview/refs/heads/main/datasets/df_2024_proportional/batch_0001/images/a6dd60ced3626f8d9bbe66e71091ad307305cff5.jpg,True,downloaded,
40dc75816ddce39c543d7831fa3509c781f1ad77,0e753e78a416e72b0113e46ca4a41155b3bb282c,-15.809242750011782,-48.060263701151726,-15.80927912402679,-48.06025647711863,2024-08,2024,iBnnGTqxecK9-RWp1me0nQ,340.77519887084355,© Google,OK,4_5,172135.07286394294,8249777.879766265,291ec7e60095a46af7a2c18bfc73f237312e5733,cardinal,4,1,90_deg_east,cardinal,90,0,90,640,640,1,batch_0001,266,datasets/df_2024_proportional/batch_0001/images/291ec7e60095a46af7a2c18bfc73f237312e5733.jpg,https://raw.githubusercontent.com/GUIA-DD/dataset-streetview/refs/heads/main/datasets/df_2024_proportional/batch_0001/images/291ec7e60095a46af7a2c18bfc73f237312e5733.jpg,True,downloaded,
40dc75816ddce39c543d7831fa3509c781f1ad77,0e753e78a416e72b0113e46ca4a41155b3bb282c,-15.809242750011782,-48.060263701151726,-15.80927912402679,-48.06025647711863,2024-08,2024,iBnnGTqxecK9-RWp1me0nQ,340.77519887084355,© Google,OK,4_5,172135.07286394294,8249777.879766265,ad926081d4454ed71b3d0d00fcf4ece569c93911,cardinal,4,2,180_deg_south,cardinal,180,0,90,640,640,1,batch_0001,267,datasets/df_2024_proportional/batch_0001/images/ad926081d4454ed71b3d0d00fcf4ece569c93911.jpg,https://raw.githubusercontent.com/GUIA-DD/dataset-streetview/refs/heads/main/datasets/df_2024_proportional/batch_0001/images/ad926081d4454ed71b3d0d00fcf4ece569c93911.jpg,True,downloaded,
40dc75816ddce39c543d7831fa3509c781f1ad77,0e753e78a416e72b0113e46ca4a41155b3bb282c,-15.809242750011782,-48.060263701151726,-15.80927912402679,-48.06025647711863,2024-08,2024,iBnnGTqxecK9-RWp1me0nQ,340.77519887084355,© Google,OK,4_5,172135.07286394294,8249777.879766265,af9d7fa4e2475e41fedfbf84b822e5d73324804e,cardinal,4,3,270_deg_west,cardinal,270,0,90,640,640,1,batch_0001,268,datasets/df_2024_proportional/batch_0001/images/af9d7fa4e2475e41fedfbf84b822e5d73324804e.jpg,https://raw.githubusercontent.com/GUIA-DD/dataset-streetview/refs/heads/main/datasets/df_2024_proportional/batch_0001/images/af9d7fa4e2475e41fedfbf84b822e5d73324804e.jpg,True,downloaded,
40fec7ffaa83d6a77a84fd49e2f94f04d71ae14b,203bbfeffc9ec769eddd65c51d60a1f526aaa9cb,-15.900903749999605,-48.03661040002533,-15.90045728819164,-48.03684315731339,2025-06,2025,813RDq1hoFxw45USX0fsTg,163.55851639044414,© Google,OK,5_3,174818.36379987866,8239663.577745389,5d1833f2836643c4697c9389bfa522ea2427930e,cardinal,4,0,0_deg_north,cardinal,0,0,90,640,640,1,batch_0001,269,datasets/df_2024_proportional/batch_0001/images/5d1833f2836643c4697c9389bfa522ea2427930e.jpg,https://raw.githubusercontent.com/GUIA-DD/dataset-streetview/refs/heads/main/datasets/df_2024_proportional/batch_0001/images/5d1833f2836643c4697c9389bfa522ea2427930e.jpg,True,downloaded,
40fec7ffaa83d6a77a84fd49e2f94f04d71ae14b,203bbfeffc9ec769eddd65c51d60a1f526aaa9cb,-15.900903749999605,-48.03661040002533,-15.90045728819164,-48.03684315731339,2025-06,2025,813RDq1hoFxw45USX0fsTg,163.55851639044414,© Google,OK,5_3,174818.36379987866,8239663.577745389,9c23b6c1637dafea71956fc5f40e072c78533ff6,cardinal,4,1,90_deg_east,cardinal,90,0,90,640,640,1,batch_0001,270,datasets/df_2024_proportional/batch_0001/images/9c23b6c1637dafea71956fc5f40e072c78533ff6.jpg,https://raw.githubusercontent.com/GUIA-DD/dataset-streetview/refs/heads/main/datasets/df_2024_proportional/batch_0001/images/9c23b6c1637dafea71956fc5f40e072c78533ff6.jpg,True,downloaded,
40fec7ffaa83d6a77a84fd49e2f94f04d71ae14b,203bbfeffc9ec769eddd65c51d60a1f526aaa9cb,-15.900903749999605,-48.03661040002533,-15.90045728819164,-48.03684315731339,2025-06,2025,813RDq1hoFxw45USX0fsTg,163.55851639044414,© Google,OK,5_3,174818.36379987866,8239663.577745389,805e048767666db468b6315f5efc4c1c6eae4332,cardinal,4,2,180_deg_south,cardinal,180,0,90,640,640,1,batch_0001,271,datasets/df_2024_proportional/batch_0001/images/805e048767666db468b6315f5efc4c1c6eae4332.jpg,https://raw.githubusercontent.com/GUIA-DD/dataset-streetview/refs/heads/main/datasets/df_2024_proportional/batch_0001/images/805e048767666db468b6315f5efc4c1c6eae4332.jpg,True,downloaded,
40fec7ffaa83d6a77a84fd49e2f94f04d71ae14b,203bbfeffc9ec769eddd65c51d60a1f526aaa9cb,-15.900903749999605,-48.03661040002533,-15.90045728819164,-48.03684315731339,2025-06,2025,813RDq1hoFxw45USX0fsTg,163.55851639044414,© Google,OK,5_3,174818.36379987866,8239663.577745389,741aeae98e00851dfca54b21a0d5c3a6a7ce85ca,cardinal,4,3,270_deg_west,cardinal,270,0,90,640,640,1,batch_0001,272,datasets/df_2024_proportional/batch_0001/images/741aeae98e00851dfca54b21a0d5c3a6a7ce85ca.jpg,https://raw.githubusercontent.com/GUIA-DD/dataset-streetview/refs/heads/main/datasets/df_2024_proportional/batch_0001/images/741aeae98e00851dfca54b21a0d5c3a6a7ce85ca.jpg,True,downloaded,
41a1200511f60e3aa1b6f22797b1c1fc72d6766c,c6215d07ca545ad95dc15438dd9c245563289979,-15.896734050000985,-47.78700485001048,-15.89676515068552,-47.78700077511666,2025-01,2025,UIVLYe0t1uu3s-fIIXhjZw,334.5017475509187,© Google,OK,10_3,201560.58361471232,8240498.029666078,e99cad92f330ab57adad2691d390589906e76210,cardinal,4,0,0_deg_north,cardinal,0,0,90,640,640,1,batch_0001,273,datasets/df_2024_proportional/batch_0001/images/e99cad92f330ab57adad2691d390589906e76210.jpg,https://raw.githubusercontent.com/GUIA-DD/dataset-streetview/refs/heads/main/datasets/df_2024_proportional/batch_0001/images/e99cad92f330ab57adad2691d390589906e76210.jpg,True,downloaded,
41a1200511f60e3aa1b6f22797b1c1fc72d6766c,c6215d07ca545ad95dc15438dd9c245563289979,-15.896734050000985,-47.78700485001048,-15.89676515068552,-47.78700077511666,2025-01,2025,UIVLYe0t1uu3s-fIIXhjZw,334.5017475509187,© Google,OK,10_3,201560.58361471232,8240498.029666078,e055f6dd750e67da0862f50abe7eab0cb638a185,cardinal,4,1,90_deg_east,cardinal,90,0,90,640,640,1,batch_0001,274,datasets/df_2024_proportional/batch_0001/images/e055f6dd750e67da0862f50abe7eab0cb638a185.jpg,https://raw.githubusercontent.com/GUIA-DD/dataset-streetview/refs/heads/main/datasets/df_2024_proportional/batch_0001/images/e055f6dd750e67da0862f50abe7eab0cb638a185.jpg,True,downloaded,
41a1200511f60e3aa1b6f22797b1c1fc72d6766c,c6215d07ca545ad95dc15438dd9c245563289979,-15.896734050000985,-47.78700485001048,-15.89676515068552,-47.78700077511666,2025-01,2025,UIVLYe0t1uu3s-fIIXhjZw,334.5017475509187,© Google,OK,10_3,201560.58361471232,8240498.029666078,42e8efbf3ea0791fc4b4948f6545688879210980,cardinal,4,2,180_deg_south,cardinal,180,0,90,640,640,1,batch_0001,275,datasets/df_2024_proportional/batch_0001/images/42e8efbf3ea0791fc4b4948f6545688879210980.jpg,https://raw.githubusercontent.com/GUIA-DD/dataset-streetview/refs/heads/main/datasets/df_2024_proportional/batch_0001/images/42e8efbf3ea0791fc4b4948f6545688879210980.jpg,True,downloaded,
41a1200511f60e3aa1b6f22797b1c1fc72d6766c,c6215d07ca545ad95dc15438dd9c245563289979,-15.896734050000985,-47.78700485001048,-15.89676515068552,-47.78700077511666,2025-01,2025,UIVLYe0t1uu3s-fIIXhjZw,334.5017475509187,© Google,OK,10_3,201560.58361471232,8240498.029666078,79db12fe1c349d65567cb3f33c962e1f6642b213,cardinal,4,3,270_deg_west,cardinal,270,0,90,640,640,1,batch_0001,276,datasets/df_2024_proportional/batch_0001/images/79db12fe1c349d65567cb3f33c962e1f6642b213.jpg,https://raw.githubusercontent.com/GUIA-DD/dataset-streetview/refs/heads/main/datasets/df_2024_proportional/batch_0001/images/79db12fe1c349d65567cb3f33c962e1f6642b213.jpg,True,downloaded,
41b7f3f89d5d58ad8e035842371cdc9df9efa5ff,5c4a1e5582c55d62c30c1152f30c9d56c3a5317b,-15.600940400042965,-47.68241604996599,-15.60089832325909,-47.68238704073537,2025-07,2025,qKcRu25I7TVFrXflr6cXOA,62.31163785792095,© Google,OK,12_10,212350.89912757193,8273393.7413856555,f363bb6f5128d3d46b05fff620a8b682485fabb3,cardinal,4,0,0_deg_north,cardinal,0,0,90,640,640,1,batch_0001,277,datasets/df_2024_proportional/batch_0001/images/f363bb6f5128d3d46b05fff620a8b682485fabb3.jpg,https://raw.githubusercontent.com/GUIA-DD/dataset-streetview/refs/heads/main/datasets/df_2024_proportional/batch_0001/images/f363bb6f5128d3d46b05fff620a8b682485fabb3.jpg,True,downloaded,
41b7f3f89d5d58ad8e035842371cdc9df9efa5ff,5c4a1e5582c55d62c30c1152f30c9d56c3a5317b,-15.600940400042965,-47.68241604996599,-15.60089832325909,-47.68238704073537,2025-07,2025,qKcRu25I7TVFrXflr6cXOA,62.31163785792095,© Google,OK,12_10,212350.89912757193,8273393.7413856555,aaba10e2a867df03e073e3bbecbbf7fa2cbae6ee,cardinal,4,1,90_deg_east,cardinal,90,0,90,640,640,1,batch_0001,278,datasets/df_2024_proportional/batch_0001/images/aaba10e2a867df03e073e3bbecbbf7fa2cbae6ee.jpg,https://raw.githubusercontent.com/GUIA-DD/dataset-streetview/refs/heads/main/datasets/df_2024_proportional/batch_0001/images/aaba10e2a867df03e073e3bbecbbf7fa2cbae6ee.jpg,True,downloaded,
41b7f3f89d5d58ad8e035842371cdc9df9efa5ff,5c4a1e5582c55d62c30c1152f30c9d56c3a5317b,-15.600940400042965,-47.68241604996599,-15.60089832325909,-47.68238704073537,2025-07,2025,qKcRu25I7TVFrXflr6cXOA,62.31163785792095,© Google,OK,12_10,212350.89912757193,8273393.7413856555,ebce17abe01c0ea82d0918aae35c789b413faae4,cardinal,4,2,180_deg_south,cardinal,180,0,90,640,640,1,batch_0001,279,datasets/df_2024_proportional/batch_0001/images/ebce17abe01c0ea82d0918aae35c789b413faae4.jpg,https://raw.githubusercontent.com/GUIA-DD/dataset-streetview/refs/heads/main/datasets/df_2024_proportional/batch_0001/images/ebce17abe01c0ea82d0918aae35c789b413faae4.jpg,True,downloaded,
41b7f3f89d5d58ad8e035842371cdc9df9efa5ff,5c4a1e5582c55d62c30c1152f30c9d56c3a5317b,-15.600940400042965,-47.68241604996599,-15.60089832325909,-47.68238704073537,2025-07,2025,qKcRu25I7TVFrXflr6cXOA,62.31163785792095,© Google,OK,12_10,212350.89912757193,8273393.7413856555,34664e2ac322de7193a4759d96279fc4681df29b,cardinal,4,3,270_deg_west,cardinal,270,0,90,640,640,1,batch_0001,280,datasets/df_2024_proportional/batch_0001/images/34664e2ac322de7193a4759d96279fc4681df29b.jpg,https://raw.githubusercontent.com/GUIA-DD/dataset-streetview/refs/heads/main/datasets/df_2024_proportional/batch_0001/images/34664e2ac322de7193a4759d96279fc4681df29b.jpg,True,downloaded,
4493d6cc7e268c293d1578aac5777b6950148d2e,98ad3e497af1be29fe47ab4b029c34f42bfd3391,-15.79201306545952,-47.87340120044615,-15.79199761168369,-47.87340119776331,2024-06,2024,PwxRcjhbVBqTUylIkjHgxA,197.26303510965033,© Google,OK,8_5,192143.59543860742,8251968.638354978,64ff8ca40529f1cb6a9d31f11a92b85a6a61d057,cardinal,4,0,0_deg_north,cardinal,0,0,90,640,640,1,batch_0001,281,datasets/df_2024_proportional/batch_0001/images/64ff8ca40529f1cb6a9d31f11a92b85a6a61d057.jpg,https://raw.githubusercontent.com/GUIA-DD/dataset-streetview/refs/heads/main/datasets/df_2024_proportional/batch_0001/images/64ff8ca40529f1cb6a9d31f11a92b85a6a61d057.jpg,True,downloaded,
4493d6cc7e268c293d1578aac5777b6950148d2e,98ad3e497af1be29fe47ab4b029c34f42bfd3391,-15.79201306545952,-47.87340120044615,-15.79199761168369,-47.87340119776331,2024-06,2024,PwxRcjhbVBqTUylIkjHgxA,197.26303510965033,© Google,OK,8_5,192143.59543860742,8251968.638354978,ea287c99efe813df8af4221c77be49b0a137e27f,cardinal,4,1,90_deg_east,cardinal,90,0,90,640,640,1,batch_0001,282,datasets/df_2024_proportional/batch_0001/images/ea287c99efe813df8af4221c77be49b0a137e27f.jpg,https://raw.githubusercontent.com/GUIA-DD/dataset-streetview/refs/heads/main/datasets/df_2024_proportional/batch_0001/images/ea287c99efe813df8af4221c77be49b0a137e27f.jpg,True,downloaded,
4493d6cc7e268c293d1578aac5777b6950148d2e,98ad3e497af1be29fe47ab4b029c34f42bfd3391,-15.79201306545952,-47.87340120044615,-15.79199761168369,-47.87340119776331,2024-06,2024,PwxRcjhbVBqTUylIkjHgxA,197.26303510965033,© Google,OK,8_5,192143.59543860742,8251968.638354978,a4fbcfc63f72234eadd176b936d701d8ed069979,cardinal,4,2,180_deg_south,cardinal,180,0,90,640,640,1,batch_0001,283,datasets/df_2024_proportional/batch_0001/images/a4fbcfc63f72234eadd176b936d701d8ed069979.jpg,https://raw.githubusercontent.com/GUIA-DD/dataset-streetview/refs/heads/main/datasets/df_2024_proportional/batch_0001/images/a4fbcfc63f72234eadd176b936d701d8ed069979.jpg,True,downloaded,
4493d6cc7e268c293d1578aac5777b6950148d2e,98ad3e497af1be29fe47ab4b029c34f42bfd3391,-15.79201306545952,-47.87340120044615,-15.79199761168369,-47.87340119776331,2024-06,2024,PwxRcjhbVBqTUylIkjHgxA,197.26303510965033,© Google,OK,8_5,192143.59543860742,8251968.638354978,dcdbabd578ea69fc5df6058b477b2a0d612293cf,cardinal,4,3,270_deg_west,cardinal,270,0,90,640,640,1,batch_0001,284,datasets/df_2024_proportional/batch_0001/images/dcdbabd578ea69fc5df6058b477b2a0d612293cf.jpg,https://raw.githubusercontent.com/GUIA-DD/dataset-streetview/refs/heads/main/datasets/df_2024_proportional/batch_0001/images/dcdbabd578ea69fc5df6058b477b2a0d612293cf.jpg,True,downloaded,
47d648188d890af53135d0be0a820034a322f528,74ac42bf8c3b73bd2aab24ee127f57b015b61dbc,-16.030968500120235,-48.03001844969431,-16.03096955288991,-48.03001923466777,2025-02,2025,WolN02l4ds6GhfonqMAycw,26.942691916877934,© Google,OK,5_0,175734.5702172889,8225269.638574576,e70c2c842215cef7c8633ae042e4f96671150a43,cardinal,4,0,0_deg_north,cardinal,0,0,90,640,640,1,batch_0001,285,datasets/df_2024_proportional/batch_0001/images/e70c2c842215cef7c8633ae042e4f96671150a43.jpg,https://raw.githubusercontent.com/GUIA-DD/dataset-streetview/refs/heads/main/datasets/df_2024_proportional/batch_0001/images/e70c2c842215cef7c8633ae042e4f96671150a43.jpg,True,downloaded,
47d648188d890af53135d0be0a820034a322f528,74ac42bf8c3b73bd2aab24ee127f57b015b61dbc,-16.030968500120235,-48.03001844969431,-16.03096955288991,-48.03001923466777,2025-02,2025,WolN02l4ds6GhfonqMAycw,26.942691916877934,© Google,OK,5_0,175734.5702172889,8225269.638574576,80321ad3bde53aa2f5c9cad71b98fba4d74e0a88,cardinal,4,1,90_deg_east,cardinal,90,0,90,640,640,1,batch_0001,286,datasets/df_2024_proportional/batch_0001/images/80321ad3bde53aa2f5c9cad71b98fba4d74e0a88.jpg,https://raw.githubusercontent.com/GUIA-DD/dataset-streetview/refs/heads/main/datasets/df_2024_proportional/batch_0001/images/80321ad3bde53aa2f5c9cad71b98fba4d74e0a88.jpg,True,downloaded,
47d648188d890af53135d0be0a820034a322f528,74ac42bf8c3b73bd2aab24ee127f57b015b61dbc,-16.030968500120235,-48.03001844969431,-16.03096955288991,-48.03001923466777,2025-02,2025,WolN02l4ds6GhfonqMAycw,26.942691916877934,© Google,OK,5_0,175734.5702172889,8225269.638574576,8e5ad1141ea67ef1d53f74333053f95183042a33,cardinal,4,2,180_deg_south,cardinal,180,0,90,640,640,1,batch_0001,287,datasets/df_2024_proportional/batch_0001/images/8e5ad1141ea67ef1d53f74333053f95183042a33.jpg,https://raw.githubusercontent.com/GUIA-DD/dataset-streetview/refs/heads/main/datasets/df_2024_proportional/batch_0001/images/8e5ad1141ea67ef1d53f74333053f95183042a33.jpg,True,downloaded,
47d648188d890af53135d0be0a820034a322f528,74ac42bf8c3b73bd2aab24ee127f57b015b61dbc,-16.030968500120235,-48.03001844969431,-16.03096955288991,-48.03001923466777,2025-02,2025,WolN02l4ds6GhfonqMAycw,26.942691916877934,© Google,OK,5_0,175734.5702172889,8225269.638574576,837d634be67a64fbe2e950600575ad5e6a0c3b5a,cardinal,4,3,270_deg_west,cardinal,270,0,90,640,640,1,batch_0001,288,datasets/df_2024_proportional/batch_0001/images/837d634be67a64fbe2e950600575ad5e6a0c3b5a.jpg,https://raw.githubusercontent.com/GUIA-DD/dataset-streetview/refs/heads/main/datasets/df_2024_proportional/batch_0001/images/837d634be67a64fbe2e950600575ad5e6a0c3b5a.jpg,True,downloaded,
487df5aed0d9b1991a2b7a07a432e0aa7a617e69,68d0ba1e7dafb688304ecf97eb375cf5416a8214,-15.871628250060182,-48.10326644988768,-15.8716549487865,-48.10330048784035,2025-03,2025,5PFxtR3RGwEKVHPOldv-4A,36.81058933909734,© Google,OK,3_4,167626.33464425217,8242800.932545108,2aca1c32105b3d42e7dabe79e325941e0d223e24,cardinal,4,0,0_deg_north,cardinal,0,0,90,640,640,1,batch_0001,289,datasets/df_2024_proportional/batch_0001/images/2aca1c32105b3d42e7dabe79e325941e0d223e24.jpg,https://raw.githubusercontent.com/GUIA-DD/dataset-streetview/refs/heads/main/datasets/df_2024_proportional/batch_0001/images/2aca1c32105b3d42e7dabe79e325941e0d223e24.jpg,True,downloaded,
487df5aed0d9b1991a2b7a07a432e0aa7a617e69,68d0ba1e7dafb688304ecf97eb375cf5416a8214,-15.871628250060182,-48.10326644988768,-15.8716549487865,-48.10330048784035,2025-03,2025,5PFxtR3RGwEKVHPOldv-4A,36.81058933909734,© Google,OK,3_4,167626.33464425217,8242800.932545108,8c64d8d8a4595421b347e4ddf4b6585ab6239add,cardinal,4,1,90_deg_east,cardinal,90,0,90,640,640,1,batch_0001,290,datasets/df_2024_proportional/batch_0001/images/8c64d8d8a4595421b347e4ddf4b6585ab6239add.jpg,https://raw.githubusercontent.com/GUIA-DD/dataset-streetview/refs/heads/main/datasets/df_2024_proportional/batch_0001/images/8c64d8d8a4595421b347e4ddf4b6585ab6239add.jpg,True,downloaded,
487df5aed0d9b1991a2b7a07a432e0aa7a617e69,68d0ba1e7dafb688304ecf97eb375cf5416a8214,-15.871628250060182,-48.10326644988768,-15.8716549487865,-48.10330048784035,2025-03,2025,5PFxtR3RGwEKVHPOldv-4A,36.81058933909734,© Google,OK,3_4,167626.33464425217,8242800.932545108,cad25bdbfd610414cbaf06a1f774c154b3b4d2be,cardinal,4,2,180_deg_south,cardinal,180,0,90,640,640,1,batch_0001,291,datasets/df_2024_proportional/batch_0001/images/cad25bdbfd610414cbaf06a1f774c154b3b4d2be.jpg,https://raw.githubusercontent.com/GUIA-DD/dataset-streetview/refs/heads/main/datasets/df_2024_proportional/batch_0001/images/cad25bdbfd610414cbaf06a1f774c154b3b4d2be.jpg,True,downloaded,
487df5aed0d9b1991a2b7a07a432e0aa7a617e69,68d0ba1e7dafb688304ecf97eb375cf5416a8214,-15.871628250060182,-48.10326644988768,-15.8716549487865,-48.10330048784035,2025-03,2025,5PFxtR3RGwEKVHPOldv-4A,36.81058933909734,© Google,OK,3_4,167626.33464425217,8242800.932545108,22800af46fd2274d7a511019a71b0c336ac07f01,cardinal,4,3,270_deg_west,cardinal,270,0,90,640,640,1,batch_0001,292,datasets/df_2024_proportional/batch_0001/images/22800af46fd2274d7a511019a71b0c336ac07f01.jpg,https://raw.githubusercontent.com/GUIA-DD/dataset-streetview/refs/heads/main/datasets/df_2024_proportional/batch_0001/images/22800af46fd2274d7a511019a71b0c336ac07f01.jpg,True,downloaded,
4932f387c7f190438e3ac89c70a10ec7bee956ae,d8259aae4d5c67e9cfdcfcc834d89a03947ac27a,-15.851172650062347,-48.12069589992854,-15.85114796927592,-48.12069688404893,2024-07,2024,CWW7aaPgdJDOPqCnENMzxw,52.10095626630897,© Google,OK,3_4,165724.22644652083,8245038.684336499,09cb5a44c269ffcfad2bea1021d1eeff8d790fa7,cardinal,4,0,0_deg_north,cardinal,0,0,90,640,640,1,batch_0001,293,datasets/df_2024_proportional/batch_0001/images/09cb5a44c269ffcfad2bea1021d1eeff8d790fa7.jpg,https://raw.githubusercontent.com/GUIA-DD/dataset-streetview/refs/heads/main/datasets/df_2024_proportional/batch_0001/images/09cb5a44c269ffcfad2bea1021d1eeff8d790fa7.jpg,True,downloaded,
4932f387c7f190438e3ac89c70a10ec7bee956ae,d8259aae4d5c67e9cfdcfcc834d89a03947ac27a,-15.851172650062347,-48.12069589992854,-15.85114796927592,-48.12069688404893,2024-07,2024,CWW7aaPgdJDOPqCnENMzxw,52.10095626630897,© Google,OK,3_4,165724.22644652083,8245038.684336499,b0078aee3627b761cae0edf46d84add36fc6fb4b,cardinal,4,1,90_deg_east,cardinal,90,0,90,640,640,1,batch_0001,294,datasets/df_2024_proportional/batch_0001/images/b0078aee3627b761cae0edf46d84add36fc6fb4b.jpg,https://raw.githubusercontent.com/GUIA-DD/dataset-streetview/refs/heads/main/datasets/df_2024_proportional/batch_0001/images/b0078aee3627b761cae0edf46d84add36fc6fb4b.jpg,True,downloaded,
4932f387c7f190438e3ac89c70a10ec7bee956ae,d8259aae4d5c67e9cfdcfcc834d89a03947ac27a,-15.851172650062347,-48.12069589992854,-15.85114796927592,-48.12069688404893,2024-07,2024,CWW7aaPgdJDOPqCnENMzxw,52.10095626630897,© Google,OK,3_4,165724.22644652083,8245038.684336499,0847abbaf46010a40dd7aa77e3ed1fe96a719700,cardinal,4,2,180_deg_south,cardinal,180,0,90,640,640,1,batch_0001,295,datasets/df_2024_proportional/batch_0001/images/0847abbaf46010a40dd7aa77e3ed1fe96a719700.jpg,https://raw.githubusercontent.com/GUIA-DD/dataset-streetview/refs/heads/main/datasets/df_2024_proportional/batch_0001/images/0847abbaf46010a40dd7aa77e3ed1fe96a719700.jpg,True,downloaded,
4932f387c7f190438e3ac89c70a10ec7bee956ae,d8259aae4d5c67e9cfdcfcc834d89a03947ac27a,-15.851172650062347,-48.12069589992854,-15.85114796927592,-48.12069688404893,2024-07,2024,CWW7aaPgdJDOPqCnENMzxw,52.10095626630897,© Google,OK,3_4,165724.22644652083,8245038.684336499,eabb449c8dd845dea24b350ce181d8b553e24183,cardinal,4,3,270_deg_west,cardinal,270,0,90,640,640,1,batch_0001,296,datasets/df_2024_proportional/batch_0001/images/eabb449c8dd845dea24b350ce181d8b553e24183.jpg,https://raw.githubusercontent.com/GUIA-DD/dataset-streetview/refs/heads/main/datasets/df_2024_proportional/batch_0001/images/eabb449c8dd845dea24b350ce181d8b553e24183.jpg,True,downloaded,
4941ec1dfcf764673f5b2cc4562b4169eda375f3,450f2d638751720be1c21a382f7a72dffb901a33,-15.86937825838912,-47.771794988803684,-15.86938083031244,-47.77181922832235,2024-07,2024,VKQdNcyBzk-Acpk5awnHWA,19.982209503762768,© Google,OK,10_4,203150.2504682288,8243548.647509588,85cdde2542b228269a2b5896199d43d03e95ff45,cardinal,4,0,0_deg_north,cardinal,0,0,90,640,640,1,batch_0001,297,datasets/df_2024_proportional/batch_0001/images/85cdde2542b228269a2b5896199d43d03e95ff45.jpg,https://raw.githubusercontent.com/GUIA-DD/dataset-streetview/refs/heads/main/datasets/df_2024_proportional/batch_0001/images/85cdde2542b228269a2b5896199d43d03e95ff45.jpg,True,downloaded,
4941ec1dfcf764673f5b2cc4562b4169eda375f3,450f2d638751720be1c21a382f7a72dffb901a33,-15.86937825838912,-47.771794988803684,-15.86938083031244,-47.77181922832235,2024-07,2024,VKQdNcyBzk-Acpk5awnHWA,19.982209503762768,© Google,OK,10_4,203150.2504682288,8243548.647509588,8c21d48111e1a8a2db2d06134ab1e5d07898e48f,cardinal,4,1,90_deg_east,cardinal,90,0,90,640,640,1,batch_0001,298,datasets/df_2024_proportional/batch_0001/images/8c21d48111e1a8a2db2d06134ab1e5d07898e48f.jpg,https://raw.githubusercontent.com/GUIA-DD/dataset-streetview/refs/heads/main/datasets/df_2024_proportional/batch_0001/images/8c21d48111e1a8a2db2d06134ab1e5d07898e48f.jpg,True,downloaded,
4941ec1dfcf764673f5b2cc4562b4169eda375f3,450f2d638751720be1c21a382f7a72dffb901a33,-15.86937825838912,-47.771794988803684,-15.86938083031244,-47.77181922832235,2024-07,2024,VKQdNcyBzk-Acpk5awnHWA,19.982209503762768,© Google,OK,10_4,203150.2504682288,8243548.647509588,b38ed095c8fdcfa6162a6d87b03de96f4867e3b3,cardinal,4,2,180_deg_south,cardinal,180,0,90,640,640,1,batch_0001,299,datasets/df_2024_proportional/batch_0001/images/b38ed095c8fdcfa6162a6d87b03de96f4867e3b3.jpg,https://raw.githubusercontent.com/GUIA-DD/dataset-streetview/refs/heads/main/datasets/df_2024_proportional/batch_0001/images/b38ed095c8fdcfa6162a6d87b03de96f4867e3b3.jpg,True,downloaded,
4941ec1dfcf764673f5b2cc4562b4169eda375f3,450f2d638751720be1c21a382f7a72dffb901a33,-15.86937825838912,-47.771794988803684,-15.86938083031244,-47.77181922832235,2024-07,2024,VKQdNcyBzk-Acpk5awnHWA,19.982209503762768,© Google,OK,10_4,203150.2504682288,8243548.647509588,e5daa47eb0a085f5027462c796fbf3ddd91f986a,cardinal,4,3,270_deg_west,cardinal,270,0,90,640,640,1,batch_0001,300,datasets/df_2024_proportional/batch_0001/images/e5daa47eb0a085f5027462c796fbf3ddd91f986a.jpg,https://raw.githubusercontent.com/GUIA-DD/dataset-streetview/refs/heads/main/datasets/df_2024_proportional/batch_0001/images/e5daa47eb0a085f5027462c796fbf3ddd91f986a.jpg,True,downloaded,
4aed8677c56239a022f361e2f292120df3ee27fc,6f341e71363b44c2dcd738a96bba9ef5117a2f6b,-15.845902701225477,-47.87957440293297,-15.84593086857224,-47.87954169753261,2024-12,2024,l8ZUr6iN1O2rl01Aw4ckIw,128.50805267843796,© Google,OK,8_4,191563.54489717778,8245992.258442038,1aeac4e4a5015e7a872c9c9824cbffea60d8595f,cardinal,4,0,0_deg_north,cardinal,0,0,90,640,640,1,batch_0001,301,datasets/df_2024_proportional/batch_0001/images/1aeac4e4a5015e7a872c9c9824cbffea60d8595f.jpg,https://raw.githubusercontent.com/GUIA-DD/dataset-streetview/refs/heads/main/datasets/df_2024_proportional/batch_0001/images/1aeac4e4a5015e7a872c9c9824cbffea60d8595f.jpg,True,downloaded,
4aed8677c56239a022f361e2f292120df3ee27fc,6f341e71363b44c2dcd738a96bba9ef5117a2f6b,-15.845902701225477,-47.87957440293297,-15.84593086857224,-47.87954169753261,2024-12,2024,l8ZUr6iN1O2rl01Aw4ckIw,128.50805267843796,© Google,OK,8_4,191563.54489717778,8245992.258442038,247709c51c64bceca39e7d7188ca2e257b31e292,cardinal,4,1,90_deg_east,cardinal,90,0,90,640,640,1,batch_0001,302,datasets/df_2024_proportional/batch_0001/images/247709c51c64bceca39e7d7188ca2e257b31e292.jpg,https://raw.githubusercontent.com/GUIA-DD/dataset-streetview/refs/heads/main/datasets/df_2024_proportional/batch_0001/images/247709c51c64bceca39e7d7188ca2e257b31e292.jpg,True,downloaded,
4aed8677c56239a022f361e2f292120df3ee27fc,6f341e71363b44c2dcd738a96bba9ef5117a2f6b,-15.845902701225477,-47.87957440293297,-15.84593086857224,-47.87954169753261,2024-12,2024,l8ZUr6iN1O2rl01Aw4ckIw,128.50805267843796,© Google,OK,8_4,191563.54489717778,8245992.258442038,cee946bc6ffe56d7af37d7fef0ab31ccf5f679d7,cardinal,4,2,180_deg_south,cardinal,180,0,90,640,640,1,batch_0001,303,datasets/df_2024_proportional/batch_0001/images/cee946bc6ffe56d7af37d7fef0ab31ccf5f679d7.jpg,https://raw.githubusercontent.com/GUIA-DD/dataset-streetview/refs/heads/main/datasets/df_2024_proportional/batch_0001/images/cee946bc6ffe56d7af37d7fef0ab31ccf5f679d7.jpg,True,downloaded,
4aed8677c56239a022f361e2f292120df3ee27fc,6f341e71363b44c2dcd738a96bba9ef5117a2f6b,-15.845902701225477,-47.87957440293297,-15.84593086857224,-47.87954169753261,2024-12,2024,l8ZUr6iN1O2rl01Aw4ckIw,128.50805267843796,© Google,OK,8_4,191563.54489717778,8245992.258442038,e789895357560b3c2d197d76872477cd4b7a4f55,cardinal,4,3,270_deg_west,cardinal,270,0,90,640,640,1,batch_0001,304,datasets/df_2024_proportional/batch_0001/images/e789895357560b3c2d197d76872477cd4b7a4f55.jpg,https://raw.githubusercontent.com/GUIA-DD/dataset-streetview/refs/heads/main/datasets/df_2024_proportional/batch_0001/images/e789895357560b3c2d197d76872477cd4b7a4f55.jpg,True,downloaded,
4c136d8e2d9bae27386397e06b8640393a8af145,9e9106b2f687099a5d0fc528bb5668964a72f08b,-15.871274200193636,-48.01086084967506,-15.87130558280255,-48.01089173961931,2024-06,2024,07fxjqPM_rNn44Qz00shig,220.63492034848582,© Google,OK,5_4,177530.74657831612,8242984.813699932,d0195373bf3ee29e95f917bbbfd15a0614f640af,cardinal,4,0,0_deg_north,cardinal,0,0,90,640,640,1,batch_0001,305,datasets/df_2024_proportional/batch_0001/images/d0195373bf3ee29e95f917bbbfd15a0614f640af.jpg,https://raw.githubusercontent.com/GUIA-DD/dataset-streetview/refs/heads/main/datasets/df_2024_proportional/batch_0001/images/d0195373bf3ee29e95f917bbbfd15a0614f640af.jpg,True,downloaded,
4c136d8e2d9bae27386397e06b8640393a8af145,9e9106b2f687099a5d0fc528bb5668964a72f08b,-15.871274200193636,-48.01086084967506,-15.87130558280255,-48.01089173961931,2024-06,2024,07fxjqPM_rNn44Qz00shig,220.63492034848582,© Google,OK,5_4,177530.74657831612,8242984.813699932,4e15c25906f53bf1376b574648fc89dac0671bb0,cardinal,4,1,90_deg_east,cardinal,90,0,90,640,640,1,batch_0001,306,datasets/df_2024_proportional/batch_0001/images/4e15c25906f53bf1376b574648fc89dac0671bb0.jpg,https://raw.githubusercontent.com/GUIA-DD/dataset-streetview/refs/heads/main/datasets/df_2024_proportional/batch_0001/images/4e15c25906f53bf1376b574648fc89dac0671bb0.jpg,True,downloaded,
4c136d8e2d9bae27386397e06b8640393a8af145,9e9106b2f687099a5d0fc528bb5668964a72f08b,-15.871274200193636,-48.01086084967506,-15.87130558280255,-48.01089173961931,2024-06,2024,07fxjqPM_rNn44Qz00shig,220.63492034848582,© Google,OK,5_4,177530.74657831612,8242984.813699932,bec686397725d801378ab0e7c8883344d9327389,cardinal,4,2,180_deg_south,cardinal,180,0,90,640,640,1,batch_0001,307,datasets/df_2024_proportional/batch_0001/images/bec686397725d801378ab0e7c8883344d9327389.jpg,https://raw.githubusercontent.com/GUIA-DD/dataset-streetview/refs/heads/main/datasets/df_2024_proportional/batch_0001/images/bec686397725d801378ab0e7c8883344d9327389.jpg,True,downloaded,
4c136d8e2d9bae27386397e06b8640393a8af145,9e9106b2f687099a5d0fc528bb5668964a72f08b,-15.871274200193636,-48.01086084967506,-15.87130558280255,-48.01089173961931,2024-06,2024,07fxjqPM_rNn44Qz00shig,220.63492034848582,© Google,OK,5_4,177530.74657831612,8242984.813699932,726ab85ac03e884633d29712d5ebfa2f03a1cda6,cardinal,4,3,270_deg_west,cardinal,270,0,90,640,640,1,batch_0001,308,datasets/df_2024_proportional/batch_0001/images/726ab85ac03e884633d29712d5ebfa2f03a1cda6.jpg,https://raw.githubusercontent.com/GUIA-DD/dataset-streetview/refs/heads/main/datasets/df_2024_proportional/batch_0001/images/726ab85ac03e884633d29712d5ebfa2f03a1cda6.jpg,True,downloaded,
4c208e184dd165b27b5c54907cf6a407cf430af8,2ae875a1cae9a5f14d19cb453c00675a0701cb17,-15.848503750004236,-47.95354205000153,-15.84847310659672,-47.95357132658219,2024-06,2024,lTOr7cDX-6mMLoeCi32Q7Q,93.88206370582711,© Google,OK,6_4,183638.85388366767,8245593.920504526,639706b58dd06a1240ef0d2cfa0bbe3a98b7ba88,cardinal,4,0,0_deg_north,cardinal,0,0,90,640,640,1,batch_0001,309,datasets/df_2024_proportional/batch_0001/images/639706b58dd06a1240ef0d2cfa0bbe3a98b7ba88.jpg,https://raw.githubusercontent.com/GUIA-DD/dataset-streetview/refs/heads/main/datasets/df_2024_proportional/batch_0001/images/639706b58dd06a1240ef0d2cfa0bbe3a98b7ba88.jpg,True,downloaded,
4c208e184dd165b27b5c54907cf6a407cf430af8,2ae875a1cae9a5f14d19cb453c00675a0701cb17,-15.848503750004236,-47.95354205000153,-15.84847310659672,-47.95357132658219,2024-06,2024,lTOr7cDX-6mMLoeCi32Q7Q,93.88206370582711,© Google,OK,6_4,183638.85388366767,8245593.920504526,ea4e4612b6230028a6226494155800f3f76167a4,cardinal,4,1,90_deg_east,cardinal,90,0,90,640,640,1,batch_0001,310,datasets/df_2024_proportional/batch_0001/images/ea4e4612b6230028a6226494155800f3f76167a4.jpg,https://raw.githubusercontent.com/GUIA-DD/dataset-streetview/refs/heads/main/datasets/df_2024_proportional/batch_0001/images/ea4e4612b6230028a6226494155800f3f76167a4.jpg,True,downloaded,
4c208e184dd165b27b5c54907cf6a407cf430af8,2ae875a1cae9a5f14d19cb453c00675a0701cb17,-15.848503750004236,-47.95354205000153,-15.84847310659672,-47.95357132658219,2024-06,2024,lTOr7cDX-6mMLoeCi32Q7Q,93.88206370582711,© Google,OK,6_4,183638.85388366767,8245593.920504526,ae67af392bb477227e84eeaef7961b23e8abcd84,cardinal,4,2,180_deg_south,cardinal,180,0,90,640,640,1,batch_0001,311,datasets/df_2024_proportional/batch_0001/images/ae67af392bb477227e84eeaef7961b23e8abcd84.jpg,https://raw.githubusercontent.com/GUIA-DD/dataset-streetview/refs/heads/main/datasets/df_2024_proportional/batch_0001/images/ae67af392bb477227e84eeaef7961b23e8abcd84.jpg,True,downloaded,
4c208e184dd165b27b5c54907cf6a407cf430af8,2ae875a1cae9a5f14d19cb453c00675a0701cb17,-15.848503750004236,-47.95354205000153,-15.84847310659672,-47.95357132658219,2024-06,2024,lTOr7cDX-6mMLoeCi32Q7Q,93.88206370582711,© Google,OK,6_4,183638.85388366767,8245593.920504526,b168fb395924e01d099aba064d5d9e305648a3a1,cardinal,4,3,270_deg_west,cardinal,270,0,90,640,640,1,batch_0001,312,datasets/df_2024_proportional/batch_0001/images/b168fb395924e01d099aba064d5d9e305648a3a1.jpg,https://raw.githubusercontent.com/GUIA-DD/dataset-streetview/refs/heads/main/datasets/df_2024_proportional/batch_0001/images/b168fb395924e01d099aba064d5d9e305648a3a1.jpg,True,downloaded,
4cfd29e8e367a187418322cc6318a8504851698e,ee5fe02ed33a96db0a6a74529c4527ff5a13cd94,-15.823056192830178,-47.89803635663909,-15.82312153541721,-47.89798773381916,2024-05,2024,F687CTh41h-UeNsdiI-q5w,138.88453529166364,© Google,OK,8_5,189549.66453794859,8248494.877719855,bc30f5da342d8d2fcd1c94490f35739e050105da,cardinal,4,0,0_deg_north,cardinal,0,0,90,640,640,1,batch_0001,313,datasets/df_2024_proportional/batch_0001/images/bc30f5da342d8d2fcd1c94490f35739e050105da.jpg,https://raw.githubusercontent.com/GUIA-DD/dataset-streetview/refs/heads/main/datasets/df_2024_proportional/batch_0001/images/bc30f5da342d8d2fcd1c94490f35739e050105da.jpg,True,downloaded,
4cfd29e8e367a187418322cc6318a8504851698e,ee5fe02ed33a96db0a6a74529c4527ff5a13cd94,-15.823056192830178,-47.89803635663909,-15.82312153541721,-47.89798773381916,2024-05,2024,F687CTh41h-UeNsdiI-q5w,138.88453529166364,© Google,OK,8_5,189549.66453794859,8248494.877719855,7da91fca52583ff27d2b7786bd5250e47194d774,cardinal,4,1,90_deg_east,cardinal,90,0,90,640,640,1,batch_0001,314,datasets/df_2024_proportional/batch_0001/images/7da91fca52583ff27d2b7786bd5250e47194d774.jpg,https://raw.githubusercontent.com/GUIA-DD/dataset-streetview/refs/heads/main/datasets/df_2024_proportional/batch_0001/images/7da91fca52583ff27d2b7786bd5250e47194d774.jpg,True,downloaded,
4cfd29e8e367a187418322cc6318a8504851698e,ee5fe02ed33a96db0a6a74529c4527ff5a13cd94,-15.823056192830178,-47.89803635663909,-15.82312153541721,-47.89798773381916,2024-05,2024,F687CTh41h-UeNsdiI-q5w,138.88453529166364,© Google,OK,8_5,189549.66453794859,8248494.877719855,5946818370602991ae2aa0310b16860785c5eaf5,cardinal,4,2,180_deg_south,cardinal,180,0,90,640,640,1,batch_0001,315,datasets/df_2024_proportional/batch_0001/images/5946818370602991ae2aa0310b16860785c5eaf5.jpg,https://raw.githubusercontent.com/GUIA-DD/dataset-streetview/refs/heads/main/datasets/df_2024_proportional/batch_0001/images/5946818370602991ae2aa0310b16860785c5eaf5.jpg,True,downloaded,
4cfd29e8e367a187418322cc6318a8504851698e,ee5fe02ed33a96db0a6a74529c4527ff5a13cd94,-15.823056192830178,-47.89803635663909,-15.82312153541721,-47.89798773381916,2024-05,2024,F687CTh41h-UeNsdiI-q5w,138.88453529166364,© Google,OK,8_5,189549.66453794859,8248494.877719855,ecf0347a11e8c520e788d9f8f470acb585f5a2ff,cardinal,4,3,270_deg_west,cardinal,270,0,90,640,640,1,batch_0001,316,datasets/df_2024_proportional/batch_0001/images/ecf0347a11e8c520e788d9f8f470acb585f5a2ff.jpg,https://raw.githubusercontent.com/GUIA-DD/dataset-streetview/refs/heads/main/datasets/df_2024_proportional/batch_0001/images/ecf0347a11e8c520e788d9f8f470acb585f5a2ff.jpg,True,downloaded,
4e9594051f418ea2daf1eba1b316d7e567b9f4fa,0017625411aac86172d16213439ce331f73a5a32,-15.916082750079541,-48.04545534996137,-15.91607581235064,-48.04548450952215,2025-07,2025,yFTeIFfjHPMXw4wZhIouLA,70.1869397300384,© Google,OK,4_3,173894.93676345798,8237968.747145975,610dbe454111c1528c99dc55e0f1c50811bdf7fb,cardinal,4,0,0_deg_north,cardinal,0,0,90,640,640,1,batch_0001,317,datasets/df_2024_proportional/batch_0001/images/610dbe454111c1528c99dc55e0f1c50811bdf7fb.jpg,https://raw.githubusercontent.com/GUIA-DD/dataset-streetview/refs/heads/main/datasets/df_2024_proportional/batch_0001/images/610dbe454111c1528c99dc55e0f1c50811bdf7fb.jpg,True,downloaded,
4e9594051f418ea2daf1eba1b316d7e567b9f4fa,0017625411aac86172d16213439ce331f73a5a32,-15.916082750079541,-48.04545534996137,-15.91607581235064,-48.04548450952215,2025-07,2025,yFTeIFfjHPMXw4wZhIouLA,70.1869397300384,© Google,OK,4_3,173894.93676345798,8237968.747145975,5b9848ade4af291f9ccd4ba063fdc225216a217d,cardinal,4,1,90_deg_east,cardinal,90,0,90,640,640,1,batch_0001,318,datasets/df_2024_proportional/batch_0001/images/5b9848ade4af291f9ccd4ba063fdc225216a217d.jpg,https://raw.githubusercontent.com/GUIA-DD/dataset-streetview/refs/heads/main/datasets/df_2024_proportional/batch_0001/images/5b9848ade4af291f9ccd4ba063fdc225216a217d.jpg,True,downloaded,
4e9594051f418ea2daf1eba1b316d7e567b9f4fa,0017625411aac86172d16213439ce331f73a5a32,-15.916082750079541,-48.04545534996137,-15.91607581235064,-48.04548450952215,2025-07,2025,yFTeIFfjHPMXw4wZhIouLA,70.1869397300384,© Google,OK,4_3,173894.93676345798,8237968.747145975,f3e9cd10e29ddd71bb5766ee8fe8b58d9920bfce,cardinal,4,2,180_deg_south,cardinal,180,0,90,640,640,1,batch_0001,319,datasets/df_2024_proportional/batch_0001/images/f3e9cd10e29ddd71bb5766ee8fe8b58d9920bfce.jpg,https://raw.githubusercontent.com/GUIA-DD/dataset-streetview/refs/heads/main/datasets/df_2024_proportional/batch_0001/images/f3e9cd10e29ddd71bb5766ee8fe8b58d9920bfce.jpg,True,downloaded,
4e9594051f418ea2daf1eba1b316d7e567b9f4fa,0017625411aac86172d16213439ce331f73a5a32,-15.916082750079541,-48.04545534996137,-15.91607581235064,-48.04548450952215,2025-07,2025,yFTeIFfjHPMXw4wZhIouLA,70.1869397300384,© Google,OK,4_3,173894.93676345798,8237968.747145975,b49879eef0a31bb63218a08ddf66188f66ffbba4,cardinal,4,3,270_deg_west,cardinal,270,0,90,640,640,1,batch_0001,320,datasets/df_2024_proportional/batch_0001/images/b49879eef0a31bb63218a08ddf66188f66ffbba4.jpg,https://raw.githubusercontent.com/GUIA-DD/dataset-streetview/refs/heads/main/datasets/df_2024_proportional/batch_0001/images/b49879eef0a31bb63218a08ddf66188f66ffbba4.jpg,True,downloaded,
4eb7ac745dab4330c917ea926c9cba1eec7b5504,036ac7bdfdc11203f1b2ec2176244522dd9f21c6,-16.017142050076835,-48.07866299983024,-16.0171073249094,-48.07865879215972,2025-05,2025,PNBE7WoTf9-7vt-IQLshyQ,31.369379571989978,© Google,OK,4_0,170501.76644499085,8226724.158737086,2d23cd5187886f5fcabc418989b90e56ce513021,cardinal,4,0,0_deg_north,cardinal,0,0,90,640,640,1,batch_0001,321,datasets/df_2024_proportional/batch_0001/images/2d23cd5187886f5fcabc418989b90e56ce513021.jpg,https://raw.githubusercontent.com/GUIA-DD/dataset-streetview/refs/heads/main/datasets/df_2024_proportional/batch_0001/images/2d23cd5187886f5fcabc418989b90e56ce513021.jpg,True,downloaded,
4eb7ac745dab4330c917ea926c9cba1eec7b5504,036ac7bdfdc11203f1b2ec2176244522dd9f21c6,-16.017142050076835,-48.07866299983024,-16.0171073249094,-48.07865879215972,2025-05,2025,PNBE7WoTf9-7vt-IQLshyQ,31.369379571989978,© Google,OK,4_0,170501.76644499085,8226724.158737086,a0829134c7126fbdc05f2554352db6d6735a28c2,cardinal,4,1,90_deg_east,cardinal,90,0,90,640,640,1,batch_0001,322,datasets/df_2024_proportional/batch_0001/images/a0829134c7126fbdc05f2554352db6d6735a28c2.jpg,https://raw.githubusercontent.com/GUIA-DD/dataset-streetview/refs/heads/main/datasets/df_2024_proportional/batch_0001/images/a0829134c7126fbdc05f2554352db6d6735a28c2.jpg,True,downloaded,
4eb7ac745dab4330c917ea926c9cba1eec7b5504,036ac7bdfdc11203f1b2ec2176244522dd9f21c6,-16.017142050076835,-48.07866299983024,-16.0171073249094,-48.07865879215972,2025-05,2025,PNBE7WoTf9-7vt-IQLshyQ,31.369379571989978,© Google,OK,4_0,170501.76644499085,8226724.158737086,17f6787dbb8a6ffd3c22afa9560c61fa62c50454,cardinal,4,2,180_deg_south,cardinal,180,0,90,640,640,1,batch_0001,323,datasets/df_2024_proportional/batch_0001/images/17f6787dbb8a6ffd3c22afa9560c61fa62c50454.jpg,https://raw.githubusercontent.com/GUIA-DD/dataset-streetview/refs/heads/main/datasets/df_2024_proportional/batch_0001/images/17f6787dbb8a6ffd3c22afa9560c61fa62c50454.jpg,True,downloaded,
4eb7ac745dab4330c917ea926c9cba1eec7b5504,036ac7bdfdc11203f1b2ec2176244522dd9f21c6,-16.017142050076835,-48.07866299983024,-16.0171073249094,-48.07865879215972,2025-05,2025,PNBE7WoTf9-7vt-IQLshyQ,31.369379571989978,© Google,OK,4_0,170501.76644499085,8226724.158737086,19d018d94411c6a56e1bb413620e2bf3a55a6822,cardinal,4,3,270_deg_west,cardinal,270,0,90,640,640,1,batch_0001,324,datasets/df_2024_proportional/batch_0001/images/19d018d94411c6a56e1bb413620e2bf3a55a6822.jpg,https://raw.githubusercontent.com/GUIA-DD/dataset-streetview/refs/heads/main/datasets/df_2024_proportional/batch_0001/images/19d018d94411c6a56e1bb413620e2bf3a55a6822.jpg,True,downloaded,
50dd2c02d270840b8f3e2094c438431271802118,f9cbfff66729884efbc11b0ed0716685db53b2db,-15.822720300001272,-48.060831650216485,-15.82268454364361,-48.06085705729979,2024-08,2024,SdXjHmmidLx-VWYqWqN4-w,161.20961750472986,© Google,OK,4_5,172095.92877326795,8248284.3815348465,f9bcfab354c87bb3a53f74a493829d9f28a67720,cardinal,4,0,0_deg_north,cardinal,0,0,90,640,640,1,batch_0001,325,datasets/df_2024_proportional/batch_0001/images/f9bcfab354c87bb3a53f74a493829d9f28a67720.jpg,https://raw.githubusercontent.com/GUIA-DD/dataset-streetview/refs/heads/main/datasets/df_2024_proportional/batch_0001/images/f9bcfab354c87bb3a53f74a493829d9f28a67720.jpg,True,downloaded,
50dd2c02d270840b8f3e2094c438431271802118,f9cbfff66729884efbc11b0ed0716685db53b2db,-15.822720300001272,-48.060831650216485,-15.82268454364361,-48.06085705729979,2024-08,2024,SdXjHmmidLx-VWYqWqN4-w,161.20961750472986,© Google,OK,4_5,172095.92877326795,8248284.3815348465,4b76818b4fd2bc292848b34a66093dc1b38b30ed,cardinal,4,1,90_deg_east,cardinal,90,0,90,640,640,1,batch_0001,326,datasets/df_2024_proportional/batch_0001/images/4b76818b4fd2bc292848b34a66093dc1b38b30ed.jpg,https://raw.githubusercontent.com/GUIA-DD/dataset-streetview/refs/heads/main/datasets/df_2024_proportional/batch_0001/images/4b76818b4fd2bc292848b34a66093dc1b38b30ed.jpg,True,downloaded,
50dd2c02d270840b8f3e2094c438431271802118,f9cbfff66729884efbc11b0ed0716685db53b2db,-15.822720300001272,-48.060831650216485,-15.82268454364361,-48.06085705729979,2024-08,2024,SdXjHmmidLx-VWYqWqN4-w,161.20961750472986,© Google,OK,4_5,172095.92877326795,8248284.3815348465,a6bfbc7f55eff9e3e2f219a10ea6a18d4c69a720,cardinal,4,2,180_deg_south,cardinal,180,0,90,640,640,1,batch_0001,327,datasets/df_2024_proportional/batch_0001/images/a6bfbc7f55eff9e3e2f219a10ea6a18d4c69a720.jpg,https://raw.githubusercontent.com/GUIA-DD/dataset-streetview/refs/heads/main/datasets/df_2024_proportional/batch_0001/images/a6bfbc7f55eff9e3e2f219a10ea6a18d4c69a720.jpg,True,downloaded,
50dd2c02d270840b8f3e2094c438431271802118,f9cbfff66729884efbc11b0ed0716685db53b2db,-15.822720300001272,-48.060831650216485,-15.82268454364361,-48.06085705729979,2024-08,2024,SdXjHmmidLx-VWYqWqN4-w,161.20961750472986,© Google,OK,4_5,172095.92877326795,8248284.3815348465,7236077a0eecf7ba5270c04a7b5ea0b75adcd5fe,cardinal,4,3,270_deg_west,cardinal,270,0,90,640,640,1,batch_0001,328,datasets/df_2024_proportional/batch_0001/images/7236077a0eecf7ba5270c04a7b5ea0b75adcd5fe.jpg,https://raw.githubusercontent.com/GUIA-DD/dataset-streetview/refs/heads/main/datasets/df_2024_proportional/batch_0001/images/7236077a0eecf7ba5270c04a7b5ea0b75adcd5fe.jpg,True,downloaded,
516be2ac94cb51b399fcf73ba0c146a0dcee9e54,08501f26678896a507833cd69ecb188bcb7e208a,-15.887360300027812,-47.953642200164154,-15.88737399627593,-47.95360478522284,2024-12,2024,byMlKPxBjo2JW4MabiBHBw,326.2595345140536,© Google,OK,6_3,183688.82327654315,8241290.83288797,0e264ab048e2b951511ec343acb6810dc08cbcd8,cardinal,4,0,0_deg_north,cardinal,0,0,90,640,640,1,batch_0001,329,datasets/df_2024_proportional/batch_0001/images/0e264ab048e2b951511ec343acb6810dc08cbcd8.jpg,https://raw.githubusercontent.com/GUIA-DD/dataset-streetview/refs/heads/main/datasets/df_2024_proportional/batch_0001/images/0e264ab048e2b951511ec343acb6810dc08cbcd8.jpg,True,downloaded,
516be2ac94cb51b399fcf73ba0c146a0dcee9e54,08501f26678896a507833cd69ecb188bcb7e208a,-15.887360300027812,-47.953642200164154,-15.88737399627593,-47.95360478522284,2024-12,2024,byMlKPxBjo2JW4MabiBHBw,326.2595345140536,© Google,OK,6_3,183688.82327654315,8241290.83288797,2660e61c23bdf263596b325b5da79c2b007bc441,cardinal,4,1,90_deg_east,cardinal,90,0,90,640,640,1,batch_0001,330,datasets/df_2024_proportional/batch_0001/images/2660e61c23bdf263596b325b5da79c2b007bc441.jpg,https://raw.githubusercontent.com/GUIA-DD/dataset-streetview/refs/heads/main/datasets/df_2024_proportional/batch_0001/images/2660e61c23bdf263596b325b5da79c2b007bc441.jpg,True,downloaded,
516be2ac94cb51b399fcf73ba0c146a0dcee9e54,08501f26678896a507833cd69ecb188bcb7e208a,-15.887360300027812,-47.953642200164154,-15.88737399627593,-47.95360478522284,2024-12,2024,byMlKPxBjo2JW4MabiBHBw,326.2595345140536,© Google,OK,6_3,183688.82327654315,8241290.83288797,5291096bc2c24b0cfe49112e82e9dd67383156b4,cardinal,4,2,180_deg_south,cardinal,180,0,90,640,640,1,batch_0001,331,datasets/df_2024_proportional/batch_0001/images/5291096bc2c24b0cfe49112e82e9dd67383156b4.jpg,https://raw.githubusercontent.com/GUIA-DD/dataset-streetview/refs/heads/main/datasets/df_2024_proportional/batch_0001/images/5291096bc2c24b0cfe49112e82e9dd67383156b4.jpg,True,downloaded,
516be2ac94cb51b399fcf73ba0c146a0dcee9e54,08501f26678896a507833cd69ecb188bcb7e208a,-15.887360300027812,-47.953642200164154,-15.88737399627593,-47.95360478522284,2024-12,2024,byMlKPxBjo2JW4MabiBHBw,326.2595345140536,© Google,OK,6_3,183688.82327654315,8241290.83288797,dc4c41d3625f6876dbc56ebf41b6091feecd01d8,cardinal,4,3,270_deg_west,cardinal,270,0,90,640,640,1,batch_0001,332,datasets/df_2024_proportional/batch_0001/images/dc4c41d3625f6876dbc56ebf41b6091feecd01d8.jpg,https://raw.githubusercontent.com/GUIA-DD/dataset-streetview/refs/heads/main/datasets/df_2024_proportional/batch_0001/images/dc4c41d3625f6876dbc56ebf41b6091feecd01d8.jpg,True,downloaded,
51b143df35a18fc8b6326d14bef25f47983fc1e2,54b042db93c2082ba90759f1eafd880c5e339aeb,-15.833739750067407,-47.92009200013343,-15.83374578647552,-47.92006155694902,2024-05,2024,eXx04TAcwH2UMuEieFKoGQ,123.82155674099151,© Google,OK,7_4,187201.68010319505,8247279.0624490045,6463d8141e110afed693a8fac96aace4899aad4c,cardinal,4,0,0_deg_north,cardinal,0,0,90,640,640,1,batch_0001,333,datasets/df_2024_proportional/batch_0001/images/6463d8141e110afed693a8fac96aace4899aad4c.jpg,https://raw.githubusercontent.com/GUIA-DD/dataset-streetview/refs/heads/main/datasets/df_2024_proportional/batch_0001/images/6463d8141e110afed693a8fac96aace4899aad4c.jpg,True,downloaded,
51b143df35a18fc8b6326d14bef25f47983fc1e2,54b042db93c2082ba90759f1eafd880c5e339aeb,-15.833739750067407,-47.92009200013343,-15.83374578647552,-47.92006155694902,2024-05,2024,eXx04TAcwH2UMuEieFKoGQ,123.82155674099151,© Google,OK,7_4,187201.68010319505,8247279.0624490045,abc651cd1c3aeeceac87017e07c95415f12e93f4,cardinal,4,1,90_deg_east,cardinal,90,0,90,640,640,1,batch_0001,334,datasets/df_2024_proportional/batch_0001/images/abc651cd1c3aeeceac87017e07c95415f12e93f4.jpg,https://raw.githubusercontent.com/GUIA-DD/dataset-streetview/refs/heads/main/datasets/df_2024_proportional/batch_0001/images/abc651cd1c3aeeceac87017e07c95415f12e93f4.jpg,True,downloaded,
51b143df35a18fc8b6326d14bef25f47983fc1e2,54b042db93c2082ba90759f1eafd880c5e339aeb,-15.833739750067407,-47.92009200013343,-15.83374578647552,-47.92006155694902,2024-05,2024,eXx04TAcwH2UMuEieFKoGQ,123.82155674099151,© Google,OK,7_4,187201.68010319505,8247279.0624490045,0f85b5e86b54bf3ad298085d92290a1f94c3cdf4,cardinal,4,2,180_deg_south,cardinal,180,0,90,640,640,1,batch_0001,335,datasets/df_2024_proportional/batch_0001/images/0f85b5e86b54bf3ad298085d92290a1f94c3cdf4.jpg,https://raw.githubusercontent.com/GUIA-DD/dataset-streetview/refs/heads/main/datasets/df_2024_proportional/batch_0001/images/0f85b5e86b54bf3ad298085d92290a1f94c3cdf4.jpg,True,downloaded,
51b143df35a18fc8b6326d14bef25f47983fc1e2,54b042db93c2082ba90759f1eafd880c5e339aeb,-15.833739750067407,-47.92009200013343,-15.83374578647552,-47.92006155694902,2024-05,2024,eXx04TAcwH2UMuEieFKoGQ,123.82155674099151,© Google,OK,7_4,187201.68010319505,8247279.0624490045,08f31949dc15262f08170982c27dfb978ed79ada,cardinal,4,3,270_deg_west,cardinal,270,0,90,640,640,1,batch_0001,336,datasets/df_2024_proportional/batch_0001/images/08f31949dc15262f08170982c27dfb978ed79ada.jpg,https://raw.githubusercontent.com/GUIA-DD/dataset-streetview/refs/heads/main/datasets/df_2024_proportional/batch_0001/images/08f31949dc15262f08170982c27dfb978ed79ada.jpg,True,downloaded,
5279c212c560c7f9813d10496b4fc55ddfc0e6e2,a52f38ce2e5446a5dccfe9f5b67a5a7bde5080b9,-15.796226551473994,-48.133333107131605,-15.79623466843222,-48.13337439178755,2026-02,2026,bto8gIIZ77-YDYp871e4ZQ,66.69205317914377,© Google,OK,3_5,164278.58861999676,8251103.996149672,c8f97d455292acb164618f50cecae973ffe32524,cardinal,4,0,0_deg_north,cardinal,0,0,90,640,640,1,batch_0001,337,datasets/df_2024_proportional/batch_0001/images/c8f97d455292acb164618f50cecae973ffe32524.jpg,https://raw.githubusercontent.com/GUIA-DD/dataset-streetview/refs/heads/main/datasets/df_2024_proportional/batch_0001/images/c8f97d455292acb164618f50cecae973ffe32524.jpg,True,downloaded,
5279c212c560c7f9813d10496b4fc55ddfc0e6e2,a52f38ce2e5446a5dccfe9f5b67a5a7bde5080b9,-15.796226551473994,-48.133333107131605,-15.79623466843222,-48.13337439178755,2026-02,2026,bto8gIIZ77-YDYp871e4ZQ,66.69205317914377,© Google,OK,3_5,164278.58861999676,8251103.996149672,bb025332612988c109aca2ab4fd465db77ede870,cardinal,4,1,90_deg_east,cardinal,90,0,90,640,640,1,batch_0001,338,datasets/df_2024_proportional/batch_0001/images/bb025332612988c109aca2ab4fd465db77ede870.jpg,https://raw.githubusercontent.com/GUIA-DD/dataset-streetview/refs/heads/main/datasets/df_2024_proportional/batch_0001/images/bb025332612988c109aca2ab4fd465db77ede870.jpg,True,downloaded,
5279c212c560c7f9813d10496b4fc55ddfc0e6e2,a52f38ce2e5446a5dccfe9f5b67a5a7bde5080b9,-15.796226551473994,-48.133333107131605,-15.79623466843222,-48.13337439178755,2026-02,2026,bto8gIIZ77-YDYp871e4ZQ,66.69205317914377,© Google,OK,3_5,164278.58861999676,8251103.996149672,e47bebfb8eba6b5de34f57ecfc6eaccdd39d6411,cardinal,4,2,180_deg_south,cardinal,180,0,90,640,640,1,batch_0001,339,datasets/df_2024_proportional/batch_0001/images/e47bebfb8eba6b5de34f57ecfc6eaccdd39d6411.jpg,https://raw.githubusercontent.com/GUIA-DD/dataset-streetview/refs/heads/main/datasets/df_2024_proportional/batch_0001/images/e47bebfb8eba6b5de34f57ecfc6eaccdd39d6411.jpg,True,downloaded,
5279c212c560c7f9813d10496b4fc55ddfc0e6e2,a52f38ce2e5446a5dccfe9f5b67a5a7bde5080b9,-15.796226551473994,-48.133333107131605,-15.79623466843222,-48.13337439178755,2026-02,2026,bto8gIIZ77-YDYp871e4ZQ,66.69205317914377,© Google,OK,3_5,164278.58861999676,8251103.996149672,6e306d484c79a4d14a1e6d780ef60c48ba41fbc4,cardinal,4,3,270_deg_west,cardinal,270,0,90,640,640,1,batch_0001,340,datasets/df_2024_proportional/batch_0001/images/6e306d484c79a4d14a1e6d780ef60c48ba41fbc4.jpg,https://raw.githubusercontent.com/GUIA-DD/dataset-streetview/refs/heads/main/datasets/df_2024_proportional/batch_0001/images/6e306d484c79a4d14a1e6d780ef60c48ba41fbc4.jpg,True,downloaded,
52d38c4c074c73c503439029259e4182c2bf29cb,561eedf0d8341b10dd1c287c65e21894c343f2ca,-15.80869041368673,-48.13711455350957,-15.80870615172603,-48.13712889490115,2026-02,2026,szERcCMcBumX9i06m8KwNw,252.9273090495492,© Google,OK,2_5,163893.6815463726,8249717.518283047,644330c38328cde5b32de9047f652a3b55dc5056,cardinal,4,0,0_deg_north,cardinal,0,0,90,640,640,1,batch_0001,341,datasets/df_2024_proportional/batch_0001/images/644330c38328cde5b32de9047f652a3b55dc5056.jpg,https://raw.githubusercontent.com/GUIA-DD/dataset-streetview/refs/heads/main/datasets/df_2024_proportional/batch_0001/images/644330c38328cde5b32de9047f652a3b55dc5056.jpg,True,downloaded,
52d38c4c074c73c503439029259e4182c2bf29cb,561eedf0d8341b10dd1c287c65e21894c343f2ca,-15.80869041368673,-48.13711455350957,-15.80870615172603,-48.13712889490115,2026-02,2026,szERcCMcBumX9i06m8KwNw,252.9273090495492,© Google,OK,2_5,163893.6815463726,8249717.518283047,a9d9499b3be1355aeef2b5262018e4da97705cdc,cardinal,4,1,90_deg_east,cardinal,90,0,90,640,640,1,batch_0001,342,datasets/df_2024_proportional/batch_0001/images/a9d9499b3be1355aeef2b5262018e4da97705cdc.jpg,https://raw.githubusercontent.com/GUIA-DD/dataset-streetview/refs/heads/main/datasets/df_2024_proportional/batch_0001/images/a9d9499b3be1355aeef2b5262018e4da97705cdc.jpg,True,downloaded,
52d38c4c074c73c503439029259e4182c2bf29cb,561eedf0d8341b10dd1c287c65e21894c343f2ca,-15.80869041368673,-48.13711455350957,-15.80870615172603,-48.13712889490115,2026-02,2026,szERcCMcBumX9i06m8KwNw,252.9273090495492,© Google,OK,2_5,163893.6815463726,8249717.518283047,3be152f1b3cd023eda16d3294292bd3b92ee785a,cardinal,4,2,180_deg_south,cardinal,180,0,90,640,640,1,batch_0001,343,datasets/df_2024_proportional/batch_0001/images/3be152f1b3cd023eda16d3294292bd3b92ee785a.jpg,https://raw.githubusercontent.com/GUIA-DD/dataset-streetview/refs/heads/main/datasets/df_2024_proportional/batch_0001/images/3be152f1b3cd023eda16d3294292bd3b92ee785a.jpg,True,downloaded,
52d38c4c074c73c503439029259e4182c2bf29cb,561eedf0d8341b10dd1c287c65e21894c343f2ca,-15.80869041368673,-48.13711455350957,-15.80870615172603,-48.13712889490115,2026-02,2026,szERcCMcBumX9i06m8KwNw,252.9273090495492,© Google,OK,2_5,163893.6815463726,8249717.518283047,3dc06b15a46e7febac488c34061da5c3dd72a732,cardinal,4,3,270_deg_west,cardinal,270,0,90,640,640,1,batch_0001,344,datasets/df_2024_proportional/batch_0001/images/3dc06b15a46e7febac488c34061da5c3dd72a732.jpg,https://raw.githubusercontent.com/GUIA-DD/dataset-streetview/refs/heads/main/datasets/df_2024_proportional/batch_0001/images/3dc06b15a46e7febac488c34061da5c3dd72a732.jpg,True,downloaded,
53ddeccbff884439c25254724cbb70adc5592e93,017015f80b683097436242d016423ab956958262,-15.730649513323518,-47.78078514492387,-15.73065943088566,-47.78078896364511,2024-07,2024,YdMoYVfZe60p5pfWoC5PZg,68.9843601018438,© Google,OK,10_7,201983.6387717832,8258896.4971180735,24803ee1338b8932d4f65f41becca1c951b79958,cardinal,4,0,0_deg_north,cardinal,0,0,90,640,640,1,batch_0001,345,datasets/df_2024_proportional/batch_0001/images/24803ee1338b8932d4f65f41becca1c951b79958.jpg,https://raw.githubusercontent.com/GUIA-DD/dataset-streetview/refs/heads/main/datasets/df_2024_proportional/batch_0001/images/24803ee1338b8932d4f65f41becca1c951b79958.jpg,True,downloaded,
53ddeccbff884439c25254724cbb70adc5592e93,017015f80b683097436242d016423ab956958262,-15.730649513323518,-47.78078514492387,-15.73065943088566,-47.78078896364511,2024-07,2024,YdMoYVfZe60p5pfWoC5PZg,68.9843601018438,© Google,OK,10_7,201983.6387717832,8258896.4971180735,780a57aaf5bbeb2eb40add810ddab032f36c0116,cardinal,4,1,90_deg_east,cardinal,90,0,90,640,640,1,batch_0001,346,datasets/df_2024_proportional/batch_0001/images/780a57aaf5bbeb2eb40add810ddab032f36c0116.jpg,https://raw.githubusercontent.com/GUIA-DD/dataset-streetview/refs/heads/main/datasets/df_2024_proportional/batch_0001/images/780a57aaf5bbeb2eb40add810ddab032f36c0116.jpg,True,downloaded,
53ddeccbff884439c25254724cbb70adc5592e93,017015f80b683097436242d016423ab956958262,-15.730649513323518,-47.78078514492387,-15.73065943088566,-47.78078896364511,2024-07,2024,YdMoYVfZe60p5pfWoC5PZg,68.9843601018438,© Google,OK,10_7,201983.6387717832,8258896.4971180735,f7de7e6467c44ce17df985cb6dd13e59db8b0fa6,cardinal,4,2,180_deg_south,cardinal,180,0,90,640,640,1,batch_0001,347,datasets/df_2024_proportional/batch_0001/images/f7de7e6467c44ce17df985cb6dd13e59db8b0fa6.jpg,https://raw.githubusercontent.com/GUIA-DD/dataset-streetview/refs/heads/main/datasets/df_2024_proportional/batch_0001/images/f7de7e6467c44ce17df985cb6dd13e59db8b0fa6.jpg,True,downloaded,
53ddeccbff884439c25254724cbb70adc5592e93,017015f80b683097436242d016423ab956958262,-15.730649513323518,-47.78078514492387,-15.73065943088566,-47.78078896364511,2024-07,2024,YdMoYVfZe60p5pfWoC5PZg,68.9843601018438,© Google,OK,10_7,201983.6387717832,8258896.4971180735,0cf28b3d47050f45a25c8fbac8e142bda06eefc0,cardinal,4,3,270_deg_west,cardinal,270,0,90,640,640,1,batch_0001,348,datasets/df_2024_proportional/batch_0001/images/0cf28b3d47050f45a25c8fbac8e142bda06eefc0.jpg,https://raw.githubusercontent.com/GUIA-DD/dataset-streetview/refs/heads/main/datasets/df_2024_proportional/batch_0001/images/0cf28b3d47050f45a25c8fbac8e142bda06eefc0.jpg,True,downloaded,
5581fe53f2c5beec106d3630056df3d5b5dd0f85,39f440566c7b6767a70510319dc02b365fbffb1a,-15.890805350664296,-47.777976499397624,-15.89080948018649,-47.77798790857469,2025-01,2025,dfCyUDl1FauZmqTh5X4wMg,239.1443417281725,© Google,OK,10_3,202519.288306472,8241167.36181304,19149d368ef8f42938f89a1be6dad0993ab6ea13,cardinal,4,0,0_deg_north,cardinal,0,0,90,640,640,1,batch_0001,349,datasets/df_2024_proportional/batch_0001/images/19149d368ef8f42938f89a1be6dad0993ab6ea13.jpg,https://raw.githubusercontent.com/GUIA-DD/dataset-streetview/refs/heads/main/datasets/df_2024_proportional/batch_0001/images/19149d368ef8f42938f89a1be6dad0993ab6ea13.jpg,True,downloaded,
5581fe53f2c5beec106d3630056df3d5b5dd0f85,39f440566c7b6767a70510319dc02b365fbffb1a,-15.890805350664296,-47.777976499397624,-15.89080948018649,-47.77798790857469,2025-01,2025,dfCyUDl1FauZmqTh5X4wMg,239.1443417281725,© Google,OK,10_3,202519.288306472,8241167.36181304,a68a58c265dd121596409fdf3ad5d82c7134a13a,cardinal,4,1,90_deg_east,cardinal,90,0,90,640,640,1,batch_0001,350,datasets/df_2024_proportional/batch_0001/images/a68a58c265dd121596409fdf3ad5d82c7134a13a.jpg,https://raw.githubusercontent.com/GUIA-DD/dataset-streetview/refs/heads/main/datasets/df_2024_proportional/batch_0001/images/a68a58c265dd121596409fdf3ad5d82c7134a13a.jpg,True,downloaded,
5581fe53f2c5beec106d3630056df3d5b5dd0f85,39f440566c7b6767a70510319dc02b365fbffb1a,-15.890805350664296,-47.777976499397624,-15.89080948018649,-47.77798790857469,2025-01,2025,dfCyUDl1FauZmqTh5X4wMg,239.1443417281725,© Google,OK,10_3,202519.288306472,8241167.36181304,a4241f65789fcdab63579310fb059fbcbdf1cac4,cardinal,4,2,180_deg_south,cardinal,180,0,90,640,640,1,batch_0001,351,datasets/df_2024_proportional/batch_0001/images/a4241f65789fcdab63579310fb059fbcbdf1cac4.jpg,https://raw.githubusercontent.com/GUIA-DD/dataset-streetview/refs/heads/main/datasets/df_2024_proportional/batch_0001/images/a4241f65789fcdab63579310fb059fbcbdf1cac4.jpg,True,downloaded,
5581fe53f2c5beec106d3630056df3d5b5dd0f85,39f440566c7b6767a70510319dc02b365fbffb1a,-15.890805350664296,-47.777976499397624,-15.89080948018649,-47.77798790857469,2025-01,2025,dfCyUDl1FauZmqTh5X4wMg,239.1443417281725,© Google,OK,10_3,202519.288306472,8241167.36181304,c3781e559c374af62f1ece17c8ae28254c8c82cc,cardinal,4,3,270_deg_west,cardinal,270,0,90,640,640,1,batch_0001,352,datasets/df_2024_proportional/batch_0001/images/c3781e559c374af62f1ece17c8ae28254c8c82cc.jpg,https://raw.githubusercontent.com/GUIA-DD/dataset-streetview/refs/heads/main/datasets/df_2024_proportional/batch_0001/images/c3781e559c374af62f1ece17c8ae28254c8c82cc.jpg,True,downloaded,
573d441ba37138df51d603587e91ebb71aa8a0d2,d99fb6f0862242b1df147a70072448e7640fbba4,-15.9098617499997,-48.04718725003809,-15.90982467539974,-48.0472045180128,2025-07,2025,yVUw2Q9XO37Ji_8TFMzYdQ,342.7724609206041,© Google,OK,4_3,173699.28076234867,8238654.998417191,ff9a1ad8811dc6c9d52c99c36161676033a9a5c1,cardinal,4,0,0_deg_north,cardinal,0,0,90,640,640,1,batch_0001,353,datasets/df_2024_proportional/batch_0001/images/ff9a1ad8811dc6c9d52c99c36161676033a9a5c1.jpg,https://raw.githubusercontent.com/GUIA-DD/dataset-streetview/refs/heads/main/datasets/df_2024_proportional/batch_0001/images/ff9a1ad8811dc6c9d52c99c36161676033a9a5c1.jpg,True,downloaded,
573d441ba37138df51d603587e91ebb71aa8a0d2,d99fb6f0862242b1df147a70072448e7640fbba4,-15.9098617499997,-48.04718725003809,-15.90982467539974,-48.0472045180128,2025-07,2025,yVUw2Q9XO37Ji_8TFMzYdQ,342.7724609206041,© Google,OK,4_3,173699.28076234867,8238654.998417191,a9c71cc659610b09a91180d2ebe6bc5e7120b13c,cardinal,4,1,90_deg_east,cardinal,90,0,90,640,640,1,batch_0001,354,datasets/df_2024_proportional/batch_0001/images/a9c71cc659610b09a91180d2ebe6bc5e7120b13c.jpg,https://raw.githubusercontent.com/GUIA-DD/dataset-streetview/refs/heads/main/datasets/df_2024_proportional/batch_0001/images/a9c71cc659610b09a91180d2ebe6bc5e7120b13c.jpg,True,downloaded,
573d441ba37138df51d603587e91ebb71aa8a0d2,d99fb6f0862242b1df147a70072448e7640fbba4,-15.9098617499997,-48.04718725003809,-15.90982467539974,-48.0472045180128,2025-07,2025,yVUw2Q9XO37Ji_8TFMzYdQ,342.7724609206041,© Google,OK,4_3,173699.28076234867,8238654.998417191,c90946a6656d7972241f11823b1a8cf3b81b1e33,cardinal,4,2,180_deg_south,cardinal,180,0,90,640,640,1,batch_0001,355,datasets/df_2024_proportional/batch_0001/images/c90946a6656d7972241f11823b1a8cf3b81b1e33.jpg,https://raw.githubusercontent.com/GUIA-DD/dataset-streetview/refs/heads/main/datasets/df_2024_proportional/batch_0001/images/c90946a6656d7972241f11823b1a8cf3b81b1e33.jpg,True,downloaded,
573d441ba37138df51d603587e91ebb71aa8a0d2,d99fb6f0862242b1df147a70072448e7640fbba4,-15.9098617499997,-48.04718725003809,-15.90982467539974,-48.0472045180128,2025-07,2025,yVUw2Q9XO37Ji_8TFMzYdQ,342.7724609206041,© Google,OK,4_3,173699.28076234867,8238654.998417191,38f12989a5c36b1951c8653de1392bf263659279,cardinal,4,3,270_deg_west,cardinal,270,0,90,640,640,1,batch_0001,356,datasets/df_2024_proportional/batch_0001/images/38f12989a5c36b1951c8653de1392bf263659279.jpg,https://raw.githubusercontent.com/GUIA-DD/dataset-streetview/refs/heads/main/datasets/df_2024_proportional/batch_0001/images/38f12989a5c36b1951c8653de1392bf263659279.jpg,True,downloaded,
57a0f44d6a9b37813a5dd2d60803e9ed6e66ae65,c19ca2606749a196fee8ca9dbb6599c877657805,-15.605248800073374,-47.64413534943158,-15.60524922205898,-47.6441460818134,2024-08,2024,tWFEMquYHgN1H51lVoWy9Q,181.9123961184525,© Google,OK,13_10,216464.38709276463,8272968.136273488,d6637e7401b2cc933d2378d8c31ec1a80acf00d2,cardinal,4,0,0_deg_north,cardinal,0,0,90,640,640,1,batch_0001,357,datasets/df_2024_proportional/batch_0001/images/d6637e7401b2cc933d2378d8c31ec1a80acf00d2.jpg,https://raw.githubusercontent.com/GUIA-DD/dataset-streetview/refs/heads/main/datasets/df_2024_proportional/batch_0001/images/d6637e7401b2cc933d2378d8c31ec1a80acf00d2.jpg,True,downloaded,
57a0f44d6a9b37813a5dd2d60803e9ed6e66ae65,c19ca2606749a196fee8ca9dbb6599c877657805,-15.605248800073374,-47.64413534943158,-15.60524922205898,-47.6441460818134,2024-08,2024,tWFEMquYHgN1H51lVoWy9Q,181.9123961184525,© Google,OK,13_10,216464.38709276463,8272968.136273488,025049a157369382d07771134b114e754b478820,cardinal,4,1,90_deg_east,cardinal,90,0,90,640,640,1,batch_0001,358,datasets/df_2024_proportional/batch_0001/images/025049a157369382d07771134b114e754b478820.jpg,https://raw.githubusercontent.com/GUIA-DD/dataset-streetview/refs/heads/main/datasets/df_2024_proportional/batch_0001/images/025049a157369382d07771134b114e754b478820.jpg,True,downloaded,
57a0f44d6a9b37813a5dd2d60803e9ed6e66ae65,c19ca2606749a196fee8ca9dbb6599c877657805,-15.605248800073374,-47.64413534943158,-15.60524922205898,-47.6441460818134,2024-08,2024,tWFEMquYHgN1H51lVoWy9Q,181.9123961184525,© Google,OK,13_10,216464.38709276463,8272968.136273488,fefa43fbb27df28bf5355c0e540813a77b1d7da5,cardinal,4,2,180_deg_south,cardinal,180,0,90,640,640,1,batch_0001,359,datasets/df_2024_proportional/batch_0001/images/fefa43fbb27df28bf5355c0e540813a77b1d7da5.jpg,https://raw.githubusercontent.com/GUIA-DD/dataset-streetview/refs/heads/main/datasets/df_2024_proportional/batch_0001/images/fefa43fbb27df28bf5355c0e540813a77b1d7da5.jpg,True,downloaded,
57a0f44d6a9b37813a5dd2d60803e9ed6e66ae65,c19ca2606749a196fee8ca9dbb6599c877657805,-15.605248800073374,-47.64413534943158,-15.60524922205898,-47.6441460818134,2024-08,2024,tWFEMquYHgN1H51lVoWy9Q,181.9123961184525,© Google,OK,13_10,216464.38709276463,8272968.136273488,5125ce5ccec48a0fe46acfe9ac886fb21f837670,cardinal,4,3,270_deg_west,cardinal,270,0,90,640,640,1,batch_0001,360,datasets/df_2024_proportional/batch_0001/images/5125ce5ccec48a0fe46acfe9ac886fb21f837670.jpg,https://raw.githubusercontent.com/GUIA-DD/dataset-streetview/refs/heads/main/datasets/df_2024_proportional/batch_0001/images/5125ce5ccec48a0fe46acfe9ac886fb21f837670.jpg,True,downloaded,
57e2ee7cf9d9f1fda5b094d274b5c831b9ebdd30,0a2aed11d7d307b65d609628ee64df77933e25a0,-15.781214450025077,-47.98818240003309,-15.78124041260124,-47.9881704831197,2024-06,2024,PeT8vrtEc_3qEkh1Sb6s8g,114.13347043995454,© Google,OK,6_6,179819.5619006793,8252993.015590515,f24b402c69a0e0115a7eca81168c7820c6d3e228,cardinal,4,0,0_deg_north,cardinal,0,0,90,640,640,1,batch_0001,361,datasets/df_2024_proportional/batch_0001/images/f24b402c69a0e0115a7eca81168c7820c6d3e228.jpg,https://raw.githubusercontent.com/GUIA-DD/dataset-streetview/refs/heads/main/datasets/df_2024_proportional/batch_0001/images/f24b402c69a0e0115a7eca81168c7820c6d3e228.jpg,True,downloaded,
57e2ee7cf9d9f1fda5b094d274b5c831b9ebdd30,0a2aed11d7d307b65d609628ee64df77933e25a0,-15.781214450025077,-47.98818240003309,-15.78124041260124,-47.9881704831197,2024-06,2024,PeT8vrtEc_3qEkh1Sb6s8g,114.13347043995454,© Google,OK,6_6,179819.5619006793,8252993.015590515,b6e4497620b15fb8fd49a0cf1b204d13d095ebe0,cardinal,4,1,90_deg_east,cardinal,90,0,90,640,640,1,batch_0001,362,datasets/df_2024_proportional/batch_0001/images/b6e4497620b15fb8fd49a0cf1b204d13d095ebe0.jpg,https://raw.githubusercontent.com/GUIA-DD/dataset-streetview/refs/heads/main/datasets/df_2024_proportional/batch_0001/images/b6e4497620b15fb8fd49a0cf1b204d13d095ebe0.jpg,True,downloaded,
57e2ee7cf9d9f1fda5b094d274b5c831b9ebdd30,0a2aed11d7d307b65d609628ee64df77933e25a0,-15.781214450025077,-47.98818240003309,-15.78124041260124,-47.9881704831197,2024-06,2024,PeT8vrtEc_3qEkh1Sb6s8g,114.13347043995454,© Google,OK,6_6,179819.5619006793,8252993.015590515,893a8b55f08d07ca19057cc3d4007429f3c84c72,cardinal,4,2,180_deg_south,cardinal,180,0,90,640,640,1,batch_0001,363,datasets/df_2024_proportional/batch_0001/images/893a8b55f08d07ca19057cc3d4007429f3c84c72.jpg,https://raw.githubusercontent.com/GUIA-DD/dataset-streetview/refs/heads/main/datasets/df_2024_proportional/batch_0001/images/893a8b55f08d07ca19057cc3d4007429f3c84c72.jpg,True,downloaded,
57e2ee7cf9d9f1fda5b094d274b5c831b9ebdd30,0a2aed11d7d307b65d609628ee64df77933e25a0,-15.781214450025077,-47.98818240003309,-15.78124041260124,-47.9881704831197,2024-06,2024,PeT8vrtEc_3qEkh1Sb6s8g,114.13347043995454,© Google,OK,6_6,179819.5619006793,8252993.015590515,ef27db4f5c893303e175789adbbcb5fa1e554d16,cardinal,4,3,270_deg_west,cardinal,270,0,90,640,640,1,batch_0001,364,datasets/df_2024_proportional/batch_0001/images/ef27db4f5c893303e175789adbbcb5fa1e554d16.jpg,https://raw.githubusercontent.com/GUIA-DD/dataset-streetview/refs/heads/main/datasets/df_2024_proportional/batch_0001/images/ef27db4f5c893303e175789adbbcb5fa1e554d16.jpg,True,downloaded,
58be1fb61d3e46b66e183d16b3ce94d1fdb7ef06,0ca4f6d0a06a2bf5adc82f368f40ac7721d42bf4,-15.81059915000022,-47.8888876500082,-15.8105819889746,-47.88882049571326,2024-05,2024,Yg5o-rHyXRUXdJlTDw0RJw,160.4530831622445,© Google,OK,8_5,190511.45409677076,8249887.802154523,0bb5004df78ae3809ee07aab55849b1f7978c179,cardinal,4,0,0_deg_north,cardinal,0,0,90,640,640,1,batch_0001,365,datasets/df_2024_proportional/batch_0001/images/0bb5004df78ae3809ee07aab55849b1f7978c179.jpg,https://raw.githubusercontent.com/GUIA-DD/dataset-streetview/refs/heads/main/datasets/df_2024_proportional/batch_0001/images/0bb5004df78ae3809ee07aab55849b1f7978c179.jpg,True,downloaded,
58be1fb61d3e46b66e183d16b3ce94d1fdb7ef06,0ca4f6d0a06a2bf5adc82f368f40ac7721d42bf4,-15.81059915000022,-47.8888876500082,-15.8105819889746,-47.88882049571326,2024-05,2024,Yg5o-rHyXRUXdJlTDw0RJw,160.4530831622445,© Google,OK,8_5,190511.45409677076,8249887.802154523,80777fe1cb3f5f7e5c7418190b8f8d706fc8b32c,cardinal,4,1,90_deg_east,cardinal,90,0,90,640,640,1,batch_0001,366,datasets/df_2024_proportional/batch_0001/images/80777fe1cb3f5f7e5c7418190b8f8d706fc8b32c.jpg,https://raw.githubusercontent.com/GUIA-DD/dataset-streetview/refs/heads/main/datasets/df_2024_proportional/batch_0001/images/80777fe1cb3f5f7e5c7418190b8f8d706fc8b32c.jpg,True,downloaded,
58be1fb61d3e46b66e183d16b3ce94d1fdb7ef06,0ca4f6d0a06a2bf5adc82f368f40ac7721d42bf4,-15.81059915000022,-47.8888876500082,-15.8105819889746,-47.88882049571326,2024-05,2024,Yg5o-rHyXRUXdJlTDw0RJw,160.4530831622445,© Google,OK,8_5,190511.45409677076,8249887.802154523,5c8f99c1479f199754f334704e6f3e7e692be594,cardinal,4,2,180_deg_south,cardinal,180,0,90,640,640,1,batch_0001,367,datasets/df_2024_proportional/batch_0001/images/5c8f99c1479f199754f334704e6f3e7e692be594.jpg,https://raw.githubusercontent.com/GUIA-DD/dataset-streetview/refs/heads/main/datasets/df_2024_proportional/batch_0001/images/5c8f99c1479f199754f334704e6f3e7e692be594.jpg,True,downloaded,
58be1fb61d3e46b66e183d16b3ce94d1fdb7ef06,0ca4f6d0a06a2bf5adc82f368f40ac7721d42bf4,-15.81059915000022,-47.8888876500082,-15.8105819889746,-47.88882049571326,2024-05,2024,Yg5o-rHyXRUXdJlTDw0RJw,160.4530831622445,© Google,OK,8_5,190511.45409677076,8249887.802154523,e4a7c6de90188f53f9e786934488bf42c0748e3d,cardinal,4,3,270_deg_west,cardinal,270,0,90,640,640,1,batch_0001,368,datasets/df_2024_proportional/batch_0001/images/e4a7c6de90188f53f9e786934488bf42c0748e3d.jpg,https://raw.githubusercontent.com/GUIA-DD/dataset-streetview/refs/heads/main/datasets/df_2024_proportional/batch_0001/images/e4a7c6de90188f53f9e786934488bf42c0748e3d.jpg,True,downloaded,
58ef1d324a4e875d8cbbba584c632d415a42d63e,492a8c99a356724bac9a74d65c0d97bc7defbdda,-15.76487020013316,-47.78050289996784,-15.76487137440208,-47.78052585029218,2024-06,2024,8jDv_r3kXjmMUheQ5C51hQ,257.6822280901364,© Google,OK,10_6,202063.85228275353,8255107.85311909,6ecd707aeaa1f66be6a47b6f4b3c7812a0035a04,cardinal,4,0,0_deg_north,cardinal,0,0,90,640,640,1,batch_0001,369,datasets/df_2024_proportional/batch_0001/images/6ecd707aeaa1f66be6a47b6f4b3c7812a0035a04.jpg,https://raw.githubusercontent.com/GUIA-DD/dataset-streetview/refs/heads/main/datasets/df_2024_proportional/batch_0001/images/6ecd707aeaa1f66be6a47b6f4b3c7812a0035a04.jpg,True,downloaded,
58ef1d324a4e875d8cbbba584c632d415a42d63e,492a8c99a356724bac9a74d65c0d97bc7defbdda,-15.76487020013316,-47.78050289996784,-15.76487137440208,-47.78052585029218,2024-06,2024,8jDv_r3kXjmMUheQ5C51hQ,257.6822280901364,© Google,OK,10_6,202063.85228275353,8255107.85311909,bc83c08fbf5d710079258d3566707c1c3b360ecc,cardinal,4,1,90_deg_east,cardinal,90,0,90,640,640,1,batch_0001,370,datasets/df_2024_proportional/batch_0001/images/bc83c08fbf5d710079258d3566707c1c3b360ecc.jpg,https://raw.githubusercontent.com/GUIA-DD/dataset-streetview/refs/heads/main/datasets/df_2024_proportional/batch_0001/images/bc83c08fbf5d710079258d3566707c1c3b360ecc.jpg,True,downloaded,
58ef1d324a4e875d8cbbba584c632d415a42d63e,492a8c99a356724bac9a74d65c0d97bc7defbdda,-15.76487020013316,-47.78050289996784,-15.76487137440208,-47.78052585029218,2024-06,2024,8jDv_r3kXjmMUheQ5C51hQ,257.6822280901364,© Google,OK,10_6,202063.85228275353,8255107.85311909,28b742d8394867a96839adfeda1d8a5c11d12f7c,cardinal,4,2,180_deg_south,cardinal,180,0,90,640,640,1,batch_0001,371,datasets/df_2024_proportional/batch_0001/images/28b742d8394867a96839adfeda1d8a5c11d12f7c.jpg,https://raw.githubusercontent.com/GUIA-DD/dataset-streetview/refs/heads/main/datasets/df_2024_proportional/batch_0001/images/28b742d8394867a96839adfeda1d8a5c11d12f7c.jpg,True,downloaded,
58ef1d324a4e875d8cbbba584c632d415a42d63e,492a8c99a356724bac9a74d65c0d97bc7defbdda,-15.76487020013316,-47.78050289996784,-15.76487137440208,-47.78052585029218,2024-06,2024,8jDv_r3kXjmMUheQ5C51hQ,257.6822280901364,© Google,OK,10_6,202063.85228275353,8255107.85311909,80748bb3c44a39506888b6de00463ae0c50d1997,cardinal,4,3,270_deg_west,cardinal,270,0,90,640,640,1,batch_0001,372,datasets/df_2024_proportional/batch_0001/images/80748bb3c44a39506888b6de00463ae0c50d1997.jpg,https://raw.githubusercontent.com/GUIA-DD/dataset-streetview/refs/heads/main/datasets/df_2024_proportional/batch_0001/images/80748bb3c44a39506888b6de00463ae0c50d1997.jpg,True,downloaded,
5a0383fe7207452ebf00d7ecb475925c742ca64d,6da5975733a59634f20eb6db5d4fbfcb1a17dd37,-15.783364103756075,-47.869736535555816,-15.78336178562303,-47.86976349313129,2024-06,2024,0kDWqoJx2B24a-FTbZc2Ow,114.01545722669245,© Google,OK,8_6,192523.44780680427,8252931.713294083,f0687846156f9b900f0221e828c72474319a0caa,cardinal,4,0,0_deg_north,cardinal,0,0,90,640,640,1,batch_0001,373,datasets/df_2024_proportional/batch_0001/images/f0687846156f9b900f0221e828c72474319a0caa.jpg,https://raw.githubusercontent.com/GUIA-DD/dataset-streetview/refs/heads/main/datasets/df_2024_proportional/batch_0001/images/f0687846156f9b900f0221e828c72474319a0caa.jpg,True,downloaded,
5a0383fe7207452ebf00d7ecb475925c742ca64d,6da5975733a59634f20eb6db5d4fbfcb1a17dd37,-15.783364103756075,-47.869736535555816,-15.78336178562303,-47.86976349313129,2024-06,2024,0kDWqoJx2B24a-FTbZc2Ow,114.01545722669245,© Google,OK,8_6,192523.44780680427,8252931.713294083,0c87e5613d06eae94db821a618f60f1805026616,cardinal,4,1,90_deg_east,cardinal,90,0,90,640,640,1,batch_0001,374,datasets/df_2024_proportional/batch_0001/images/0c87e5613d06eae94db821a618f60f1805026616.jpg,https://raw.githubusercontent.com/GUIA-DD/dataset-streetview/refs/heads/main/datasets/df_2024_proportional/batch_0001/images/0c87e5613d06eae94db821a618f60f1805026616.jpg,True,downloaded,
5a0383fe7207452ebf00d7ecb475925c742ca64d,6da5975733a59634f20eb6db5d4fbfcb1a17dd37,-15.783364103756075,-47.869736535555816,-15.78336178562303,-47.86976349313129,2024-06,2024,0kDWqoJx2B24a-FTbZc2Ow,114.01545722669245,© Google,OK,8_6,192523.44780680427,8252931.713294083,703036aeaf7b362c24f304d5cb9b83258e307495,cardinal,4,2,180_deg_south,cardinal,180,0,90,640,640,1,batch_0001,375,datasets/df_2024_proportional/batch_0001/images/703036aeaf7b362c24f304d5cb9b83258e307495.jpg,https://raw.githubusercontent.com/GUIA-DD/dataset-streetview/refs/heads/main/datasets/df_2024_proportional/batch_0001/images/703036aeaf7b362c24f304d5cb9b83258e307495.jpg,True,downloaded,
5a0383fe7207452ebf00d7ecb475925c742ca64d,6da5975733a59634f20eb6db5d4fbfcb1a17dd37,-15.783364103756075,-47.869736535555816,-15.78336178562303,-47.86976349313129,2024-06,2024,0kDWqoJx2B24a-FTbZc2Ow,114.01545722669245,© Google,OK,8_6,192523.44780680427,8252931.713294083,b773144de2e7fac634f939f968033d7d69a02a11,cardinal,4,3,270_deg_west,cardinal,270,0,90,640,640,1,batch_0001,376,datasets/df_2024_proportional/batch_0001/images/b773144de2e7fac634f939f968033d7d69a02a11.jpg,https://raw.githubusercontent.com/GUIA-DD/dataset-streetview/refs/heads/main/datasets/df_2024_proportional/batch_0001/images/b773144de2e7fac634f939f968033d7d69a02a11.jpg,True,downloaded,
5b3d23c17c401c1c4dda44c084609c5f8f4579ff,d082a4cf349a4daa165ae02b610e7877f3b2ce4e,-15.876655350002348,-48.07718325019094,-15.87661424813179,-48.07719925106341,2025-06,2025,u__EzVAyeK9wG1i4vhMrNg,340.543727994958,© Google,OK,4_3,170430.45927974992,8242285.463423713,14c14487d91c57b5fb7afb3ab7ea525855dab36f,cardinal,4,0,0_deg_north,cardinal,0,0,90,640,640,1,batch_0001,377,datasets/df_2024_proportional/batch_0001/images/14c14487d91c57b5fb7afb3ab7ea525855dab36f.jpg,https://raw.githubusercontent.com/GUIA-DD/dataset-streetview/refs/heads/main/datasets/df_2024_proportional/batch_0001/images/14c14487d91c57b5fb7afb3ab7ea525855dab36f.jpg,True,downloaded,
5b3d23c17c401c1c4dda44c084609c5f8f4579ff,d082a4cf349a4daa165ae02b610e7877f3b2ce4e,-15.876655350002348,-48.07718325019094,-15.87661424813179,-48.07719925106341,2025-06,2025,u__EzVAyeK9wG1i4vhMrNg,340.543727994958,© Google,OK,4_3,170430.45927974992,8242285.463423713,b908d4c22ba0136a23e57e27f73da8a40e40f9d3,cardinal,4,1,90_deg_east,cardinal,90,0,90,640,640,1,batch_0001,378,datasets/df_2024_proportional/batch_0001/images/b908d4c22ba0136a23e57e27f73da8a40e40f9d3.jpg,https://raw.githubusercontent.com/GUIA-DD/dataset-streetview/refs/heads/main/datasets/df_2024_proportional/batch_0001/images/b908d4c22ba0136a23e57e27f73da8a40e40f9d3.jpg,True,downloaded,
5b3d23c17c401c1c4dda44c084609c5f8f4579ff,d082a4cf349a4daa165ae02b610e7877f3b2ce4e,-15.876655350002348,-48.07718325019094,-15.87661424813179,-48.07719925106341,2025-06,2025,u__EzVAyeK9wG1i4vhMrNg,340.543727994958,© Google,OK,4_3,170430.45927974992,8242285.463423713,2b21caae719f58c40fba6ae2d0b0b605dd18c116,cardinal,4,2,180_deg_south,cardinal,180,0,90,640,640,1,batch_0001,379,datasets/df_2024_proportional/batch_0001/images/2b21caae719f58c40fba6ae2d0b0b605dd18c116.jpg,https://raw.githubusercontent.com/GUIA-DD/dataset-streetview/refs/heads/main/datasets/df_2024_proportional/batch_0001/images/2b21caae719f58c40fba6ae2d0b0b605dd18c116.jpg,True,downloaded,
5b3d23c17c401c1c4dda44c084609c5f8f4579ff,d082a4cf349a4daa165ae02b610e7877f3b2ce4e,-15.876655350002348,-48.07718325019094,-15.87661424813179,-48.07719925106341,2025-06,2025,u__EzVAyeK9wG1i4vhMrNg,340.543727994958,© Google,OK,4_3,170430.45927974992,8242285.463423713,d6073d5c8a1402745b2bbe5be72399a796d6a7c9,cardinal,4,3,270_deg_west,cardinal,270,0,90,640,640,1,batch_0001,380,datasets/df_2024_proportional/batch_0001/images/d6073d5c8a1402745b2bbe5be72399a796d6a7c9.jpg,https://raw.githubusercontent.com/GUIA-DD/dataset-streetview/refs/heads/main/datasets/df_2024_proportional/batch_0001/images/d6073d5c8a1402745b2bbe5be72399a796d6a7c9.jpg,True,downloaded,
5c5997fa205067cb664beeb175a34ed8ff6eac8e,69c3d91480a7cfac172c79f9cac14725e19e020e,-15.79968955000782,-48.01647134996907,-15.79973947079214,-48.01648521732469,2024-09,2024,xKY5GydPTJATiZgAt37D7w,194.07348251933968,© Google,OK,5_5,176815.3790578387,8250903.74019796,0af66f1151e7d6b70512c1e0cff871b77c499be1,cardinal,4,0,0_deg_north,cardinal,0,0,90,640,640,1,batch_0001,381,datasets/df_2024_proportional/batch_0001/images/0af66f1151e7d6b70512c1e0cff871b77c499be1.jpg,https://raw.githubusercontent.com/GUIA-DD/dataset-streetview/refs/heads/main/datasets/df_2024_proportional/batch_0001/images/0af66f1151e7d6b70512c1e0cff871b77c499be1.jpg,True,downloaded,
5c5997fa205067cb664beeb175a34ed8ff6eac8e,69c3d91480a7cfac172c79f9cac14725e19e020e,-15.79968955000782,-48.01647134996907,-15.79973947079214,-48.01648521732469,2024-09,2024,xKY5GydPTJATiZgAt37D7w,194.07348251933968,© Google,OK,5_5,176815.3790578387,8250903.74019796,0b4db982313486039ecd6c9137b44af3849f3a68,cardinal,4,1,90_deg_east,cardinal,90,0,90,640,640,1,batch_0001,382,datasets/df_2024_proportional/batch_0001/images/0b4db982313486039ecd6c9137b44af3849f3a68.jpg,https://raw.githubusercontent.com/GUIA-DD/dataset-streetview/refs/heads/main/datasets/df_2024_proportional/batch_0001/images/0b4db982313486039ecd6c9137b44af3849f3a68.jpg,True,downloaded,
5c5997fa205067cb664beeb175a34ed8ff6eac8e,69c3d91480a7cfac172c79f9cac14725e19e020e,-15.79968955000782,-48.01647134996907,-15.79973947079214,-48.01648521732469,2024-09,2024,xKY5GydPTJATiZgAt37D7w,194.07348251933968,© Google,OK,5_5,176815.3790578387,8250903.74019796,0c1e521bfb3b69ed507add699a462f68b475e971,cardinal,4,2,180_deg_south,cardinal,180,0,90,640,640,1,batch_0001,383,datasets/df_2024_proportional/batch_0001/images/0c1e521bfb3b69ed507add699a462f68b475e971.jpg,https://raw.githubusercontent.com/GUIA-DD/dataset-streetview/refs/heads/main/datasets/df_2024_proportional/batch_0001/images/0c1e521bfb3b69ed507add699a462f68b475e971.jpg,True,downloaded,
5c5997fa205067cb664beeb175a34ed8ff6eac8e,69c3d91480a7cfac172c79f9cac14725e19e020e,-15.79968955000782,-48.01647134996907,-15.79973947079214,-48.01648521732469,2024-09,2024,xKY5GydPTJATiZgAt37D7w,194.07348251933968,© Google,OK,5_5,176815.3790578387,8250903.74019796,4d5dce1b503ea1dff83d295212f9ae6bcc33c6e8,cardinal,4,3,270_deg_west,cardinal,270,0,90,640,640,1,batch_0001,384,datasets/df_2024_proportional/batch_0001/images/4d5dce1b503ea1dff83d295212f9ae6bcc33c6e8.jpg,https://raw.githubusercontent.com/GUIA-DD/dataset-streetview/refs/heads/main/datasets/df_2024_proportional/batch_0001/images/4d5dce1b503ea1dff83d295212f9ae6bcc33c6e8.jpg,True,downloaded,
5d00115fe83dbaa3edf5b294d2ca4e526a3b8129,4fc4a5a3188023940e4e68fad9b98927af7107df,-15.920028650168916,-48.10017680041141,-15.92003751343004,-48.10018365877992,2024-06,2024,DmU22G67sK1-fr5Sf4lUqw,308.1412047875203,© Google,OK,3_2,168037.04568149857,8237445.397613009,e5ca3807a95d3600de2cbc47796b591f46a913e2,cardinal,4,0,0_deg_north,cardinal,0,0,90,640,640,1,batch_0001,385,datasets/df_2024_proportional/batch_0001/images/e5ca3807a95d3600de2cbc47796b591f46a913e2.jpg,https://raw.githubusercontent.com/GUIA-DD/dataset-streetview/refs/heads/main/datasets/df_2024_proportional/batch_0001/images/e5ca3807a95d3600de2cbc47796b591f46a913e2.jpg,True,downloaded,
5d00115fe83dbaa3edf5b294d2ca4e526a3b8129,4fc4a5a3188023940e4e68fad9b98927af7107df,-15.920028650168916,-48.10017680041141,-15.92003751343004,-48.10018365877992,2024-06,2024,DmU22G67sK1-fr5Sf4lUqw,308.1412047875203,© Google,OK,3_2,168037.04568149857,8237445.397613009,5c3ccca4d76f279831e9c19b13f33163bf04db4d,cardinal,4,1,90_deg_east,cardinal,90,0,90,640,640,1,batch_0001,386,datasets/df_2024_proportional/batch_0001/images/5c3ccca4d76f279831e9c19b13f33163bf04db4d.jpg,https://raw.githubusercontent.com/GUIA-DD/dataset-streetview/refs/heads/main/datasets/df_2024_proportional/batch_0001/images/5c3ccca4d76f279831e9c19b13f33163bf04db4d.jpg,True,downloaded,
5d00115fe83dbaa3edf5b294d2ca4e526a3b8129,4fc4a5a3188023940e4e68fad9b98927af7107df,-15.920028650168916,-48.10017680041141,-15.92003751343004,-48.10018365877992,2024-06,2024,DmU22G67sK1-fr5Sf4lUqw,308.1412047875203,© Google,OK,3_2,168037.04568149857,8237445.397613009,386c49b6890c1c64067a592d3fb508f41b2cfbe5,cardinal,4,2,180_deg_south,cardinal,180,0,90,640,640,1,batch_0001,387,datasets/df_2024_proportional/batch_0001/images/386c49b6890c1c64067a592d3fb508f41b2cfbe5.jpg,https://raw.githubusercontent.com/GUIA-DD/dataset-streetview/refs/heads/main/datasets/df_2024_proportional/batch_0001/images/386c49b6890c1c64067a592d3fb508f41b2cfbe5.jpg,True,downloaded,
5d00115fe83dbaa3edf5b294d2ca4e526a3b8129,4fc4a5a3188023940e4e68fad9b98927af7107df,-15.920028650168916,-48.10017680041141,-15.92003751343004,-48.10018365877992,2024-06,2024,DmU22G67sK1-fr5Sf4lUqw,308.1412047875203,© Google,OK,3_2,168037.04568149857,8237445.397613009,1663e976c33cc5735fa42e6ec8b9639f617705a2,cardinal,4,3,270_deg_west,cardinal,270,0,90,640,640,1,batch_0001,388,datasets/df_2024_proportional/batch_0001/images/1663e976c33cc5735fa42e6ec8b9639f617705a2.jpg,https://raw.githubusercontent.com/GUIA-DD/dataset-streetview/refs/heads/main/datasets/df_2024_proportional/batch_0001/images/1663e976c33cc5735fa42e6ec8b9639f617705a2.jpg,True,downloaded,
5e4fe19d2f2ea8e85ea600684621f22deb83bd2d,23cf7332a880b4d81b1fa58e48f0fe9d2790ed92,-15.901002449999952,-48.06241280001346,-15.90098001863237,-48.06243452029309,2025-07,2025,1GlLsRogDwNUWB5NBPFs1A,162.26268360533044,© Google,OK,4_3,172053.1779494712,8239612.283736764,febd2202c33ea5dd7b960130b19cf47239af72d4,cardinal,4,0,0_deg_north,cardinal,0,0,90,640,640,1,batch_0001,389,datasets/df_2024_proportional/batch_0001/images/febd2202c33ea5dd7b960130b19cf47239af72d4.jpg,https://raw.githubusercontent.com/GUIA-DD/dataset-streetview/refs/heads/main/datasets/df_2024_proportional/batch_0001/images/febd2202c33ea5dd7b960130b19cf47239af72d4.jpg,True,downloaded,
5e4fe19d2f2ea8e85ea600684621f22deb83bd2d,23cf7332a880b4d81b1fa58e48f0fe9d2790ed92,-15.901002449999952,-48.06241280001346,-15.90098001863237,-48.06243452029309,2025-07,2025,1GlLsRogDwNUWB5NBPFs1A,162.26268360533044,© Google,OK,4_3,172053.1779494712,8239612.283736764,e62676970d746ecf4840dc815a6497b70a1cf261,cardinal,4,1,90_deg_east,cardinal,90,0,90,640,640,1,batch_0001,390,datasets/df_2024_proportional/batch_0001/images/e62676970d746ecf4840dc815a6497b70a1cf261.jpg,https://raw.githubusercontent.com/GUIA-DD/dataset-streetview/refs/heads/main/datasets/df_2024_proportional/batch_0001/images/e62676970d746ecf4840dc815a6497b70a1cf261.jpg,True,downloaded,
5e4fe19d2f2ea8e85ea600684621f22deb83bd2d,23cf7332a880b4d81b1fa58e48f0fe9d2790ed92,-15.901002449999952,-48.06241280001346,-15.90098001863237,-48.06243452029309,2025-07,2025,1GlLsRogDwNUWB5NBPFs1A,162.26268360533044,© Google,OK,4_3,172053.1779494712,8239612.283736764,96eda328e49b4d4ba277a3a43dd6b80d2d3ff778,cardinal,4,2,180_deg_south,cardinal,180,0,90,640,640,1,batch_0001,391,datasets/df_2024_proportional/batch_0001/images/96eda328e49b4d4ba277a3a43dd6b80d2d3ff778.jpg,https://raw.githubusercontent.com/GUIA-DD/dataset-streetview/refs/heads/main/datasets/df_2024_proportional/batch_0001/images/96eda328e49b4d4ba277a3a43dd6b80d2d3ff778.jpg,True,downloaded,
5e4fe19d2f2ea8e85ea600684621f22deb83bd2d,23cf7332a880b4d81b1fa58e48f0fe9d2790ed92,-15.901002449999952,-48.06241280001346,-15.90098001863237,-48.06243452029309,2025-07,2025,1GlLsRogDwNUWB5NBPFs1A,162.26268360533044,© Google,OK,4_3,172053.1779494712,8239612.283736764,bed22f1ea8c9a8ef99e53bd2e0e3b71f743783f8,cardinal,4,3,270_deg_west,cardinal,270,0,90,640,640,1,batch_0001,392,datasets/df_2024_proportional/batch_0001/images/bed22f1ea8c9a8ef99e53bd2e0e3b71f743783f8.jpg,https://raw.githubusercontent.com/GUIA-DD/dataset-streetview/refs/heads/main/datasets/df_2024_proportional/batch_0001/images/bed22f1ea8c9a8ef99e53bd2e0e3b71f743783f8.jpg,True,downloaded,
5eb2281179ea4059e90f3d300365a756d5319834,9d37ca8233fafcc179b4b2a48b4c5fab34c89780,-15.89020005007118,-47.76427030106065,-15.89017819230197,-47.76429138310934,2025-01,2025,oh7SpTlRJKRRZn1GBfPY-A,157.37057998873885,© Google,OK,11_3,203987.11346836446,8241253.847896898,6d270a216fafe364a62ee21c9a672a02419e05e0,cardinal,4,0,0_deg_north,cardinal,0,0,90,640,640,1,batch_0001,393,datasets/df_2024_proportional/batch_0001/images/6d270a216fafe364a62ee21c9a672a02419e05e0.jpg,https://raw.githubusercontent.com/GUIA-DD/dataset-streetview/refs/heads/main/datasets/df_2024_proportional/batch_0001/images/6d270a216fafe364a62ee21c9a672a02419e05e0.jpg,True,downloaded,
5eb2281179ea4059e90f3d300365a756d5319834,9d37ca8233fafcc179b4b2a48b4c5fab34c89780,-15.89020005007118,-47.76427030106065,-15.89017819230197,-47.76429138310934,2025-01,2025,oh7SpTlRJKRRZn1GBfPY-A,157.37057998873885,© Google,OK,11_3,203987.11346836446,8241253.847896898,021641cc6a50f058dce44de4d07cf0f17730a978,cardinal,4,1,90_deg_east,cardinal,90,0,90,640,640,1,batch_0001,394,datasets/df_2024_proportional/batch_0001/images/021641cc6a50f058dce44de4d07cf0f17730a978.jpg,https://raw.githubusercontent.com/GUIA-DD/dataset-streetview/refs/heads/main/datasets/df_2024_proportional/batch_0001/images/021641cc6a50f058dce44de4d07cf0f17730a978.jpg,True,downloaded,
5eb2281179ea4059e90f3d300365a756d5319834,9d37ca8233fafcc179b4b2a48b4c5fab34c89780,-15.89020005007118,-47.76427030106065,-15.89017819230197,-47.76429138310934,2025-01,2025,oh7SpTlRJKRRZn1GBfPY-A,157.37057998873885,© Google,OK,11_3,203987.11346836446,8241253.847896898,4b6caa5520ff731b199373cfe861f76dd6780125,cardinal,4,2,180_deg_south,cardinal,180,0,90,640,640,1,batch_0001,395,datasets/df_2024_proportional/batch_0001/images/4b6caa5520ff731b199373cfe861f76dd6780125.jpg,https://raw.githubusercontent.com/GUIA-DD/dataset-streetview/refs/heads/main/datasets/df_2024_proportional/batch_0001/images/4b6caa5520ff731b199373cfe861f76dd6780125.jpg,True,downloaded,
5eb2281179ea4059e90f3d300365a756d5319834,9d37ca8233fafcc179b4b2a48b4c5fab34c89780,-15.89020005007118,-47.76427030106065,-15.89017819230197,-47.76429138310934,2025-01,2025,oh7SpTlRJKRRZn1GBfPY-A,157.37057998873885,© Google,OK,11_3,203987.11346836446,8241253.847896898,f4d567c78628fda50325952992920a6c7b220d4b,cardinal,4,3,270_deg_west,cardinal,270,0,90,640,640,1,batch_0001,396,datasets/df_2024_proportional/batch_0001/images/f4d567c78628fda50325952992920a6c7b220d4b.jpg,https://raw.githubusercontent.com/GUIA-DD/dataset-streetview/refs/heads/main/datasets/df_2024_proportional/batch_0001/images/f4d567c78628fda50325952992920a6c7b220d4b.jpg,True,downloaded,
5ffad7c5901147b3a72e61708a9c4463df1378a2,284d63368e066bde517c8d2b106d603fcfb295f5,-16.027928700010232,-48.05785479992438,-16.0278907448566,-48.05785679626108,2025-05,2025,LWz5smCgT2G9WE23GYiE9g,2.7833343304883535,© Google,OK,4_0,172748.21983399297,8225562.511458205,94f75d8083d7ff0a49732346e78c9b1492249f2c,cardinal,4,0,0_deg_north,cardinal,0,0,90,640,640,1,batch_0001,397,datasets/df_2024_proportional/batch_0001/images/94f75d8083d7ff0a49732346e78c9b1492249f2c.jpg,https://raw.githubusercontent.com/GUIA-DD/dataset-streetview/refs/heads/main/datasets/df_2024_proportional/batch_0001/images/94f75d8083d7ff0a49732346e78c9b1492249f2c.jpg,True,downloaded,
5ffad7c5901147b3a72e61708a9c4463df1378a2,284d63368e066bde517c8d2b106d603fcfb295f5,-16.027928700010232,-48.05785479992438,-16.0278907448566,-48.05785679626108,2025-05,2025,LWz5smCgT2G9WE23GYiE9g,2.7833343304883535,© Google,OK,4_0,172748.21983399297,8225562.511458205,e069eaa176138e37fa0749bdf094a81eee307caf,cardinal,4,1,90_deg_east,cardinal,90,0,90,640,640,1,batch_0001,398,datasets/df_2024_proportional/batch_0001/images/e069eaa176138e37fa0749bdf094a81eee307caf.jpg,https://raw.githubusercontent.com/GUIA-DD/dataset-streetview/refs/heads/main/datasets/df_2024_proportional/batch_0001/images/e069eaa176138e37fa0749bdf094a81eee307caf.jpg,True,downloaded,
5ffad7c5901147b3a72e61708a9c4463df1378a2,284d63368e066bde517c8d2b106d603fcfb295f5,-16.027928700010232,-48.05785479992438,-16.0278907448566,-48.05785679626108,2025-05,2025,LWz5smCgT2G9WE23GYiE9g,2.7833343304883535,© Google,OK,4_0,172748.21983399297,8225562.511458205,8b6015048a37cbd116203822e5c70e15ebe3b233,cardinal,4,2,180_deg_south,cardinal,180,0,90,640,640,1,batch_0001,399,datasets/df_2024_proportional/batch_0001/images/8b6015048a37cbd116203822e5c70e15ebe3b233.jpg,https://raw.githubusercontent.com/GUIA-DD/dataset-streetview/refs/heads/main/datasets/df_2024_proportional/batch_0001/images/8b6015048a37cbd116203822e5c70e15ebe3b233.jpg,True,downloaded,
5ffad7c5901147b3a72e61708a9c4463df1378a2,284d63368e066bde517c8d2b106d603fcfb295f5,-16.027928700010232,-48.05785479992438,-16.0278907448566,-48.05785679626108,2025-05,2025,LWz5smCgT2G9WE23GYiE9g,2.7833343304883535,© Google,OK,4_0,172748.21983399297,8225562.511458205,b897004737cc7d0ed2e2815d9ca267f824976820,cardinal,4,3,270_deg_west,cardinal,270,0,90,640,640,1,batch_0001,400,datasets/df_2024_proportional/batch_0001/images/b897004737cc7d0ed2e2815d9ca267f824976820.jpg,https://raw.githubusercontent.com/GUIA-DD/dataset-streetview/refs/heads/main/datasets/df_2024_proportional/batch_0001/images/b897004737cc7d0ed2e2815d9ca267f824976820.jpg,True,downloaded,
6131d62c4fcf683635b52fe98b1bfae3129b8628,36e31e6c19d46e8eebf3a5d0d2583dee2be16c00,-15.853982136514993,-48.07134747447407,-15.85396970574846,-48.07136163307388,2025-06,2025,1Ol9wH_le2Cqz9PkV1jbbQ,334.8782655667262,© Google,OK,4_4,171019.15654475073,8244805.695676109,dfa9c55dcc361e8a93565c2a28d0d8e6c4391e82,cardinal,4,0,0_deg_north,cardinal,0,0,90,640,640,1,batch_0001,401,datasets/df_2024_proportional/batch_0001/images/dfa9c55dcc361e8a93565c2a28d0d8e6c4391e82.jpg,https://raw.githubusercontent.com/GUIA-DD/dataset-streetview/refs/heads/main/datasets/df_2024_proportional/batch_0001/images/dfa9c55dcc361e8a93565c2a28d0d8e6c4391e82.jpg,True,downloaded,
6131d62c4fcf683635b52fe98b1bfae3129b8628,36e31e6c19d46e8eebf3a5d0d2583dee2be16c00,-15.853982136514993,-48.07134747447407,-15.85396970574846,-48.07136163307388,2025-06,2025,1Ol9wH_le2Cqz9PkV1jbbQ,334.8782655667262,© Google,OK,4_4,171019.15654475073,8244805.695676109,506be2229233496905440b9dbcd2944425b05fb7,cardinal,4,1,90_deg_east,cardinal,90,0,90,640,640,1,batch_0001,402,datasets/df_2024_proportional/batch_0001/images/506be2229233496905440b9dbcd2944425b05fb7.jpg,https://raw.githubusercontent.com/GUIA-DD/dataset-streetview/refs/heads/main/datasets/df_2024_proportional/batch_0001/images/506be2229233496905440b9dbcd2944425b05fb7.jpg,True,downloaded,
6131d62c4fcf683635b52fe98b1bfae3129b8628,36e31e6c19d46e8eebf3a5d0d2583dee2be16c00,-15.853982136514993,-48.07134747447407,-15.85396970574846,-48.07136163307388,2025-06,2025,1Ol9wH_le2Cqz9PkV1jbbQ,334.8782655667262,© Google,OK,4_4,171019.15654475073,8244805.695676109,71bd1f0491008e3a6fceb177af12ff171c1bbebf,cardinal,4,2,180_deg_south,cardinal,180,0,90,640,640,1,batch_0001,403,datasets/df_2024_proportional/batch_0001/images/71bd1f0491008e3a6fceb177af12ff171c1bbebf.jpg,https://raw.githubusercontent.com/GUIA-DD/dataset-streetview/refs/heads/main/datasets/df_2024_proportional/batch_0001/images/71bd1f0491008e3a6fceb177af12ff171c1bbebf.jpg,True,downloaded,
6131d62c4fcf683635b52fe98b1bfae3129b8628,36e31e6c19d46e8eebf3a5d0d2583dee2be16c00,-15.853982136514993,-48.07134747447407,-15.85396970574846,-48.07136163307388,2025-06,2025,1Ol9wH_le2Cqz9PkV1jbbQ,334.8782655667262,© Google,OK,4_4,171019.15654475073,8244805.695676109,58abec8a7a2947d7849171e405edb3947726127a,cardinal,4,3,270_deg_west,cardinal,270,0,90,640,640,1,batch_0001,404,datasets/df_2024_proportional/batch_0001/images/58abec8a7a2947d7849171e405edb3947726127a.jpg,https://raw.githubusercontent.com/GUIA-DD/dataset-streetview/refs/heads/main/datasets/df_2024_proportional/batch_0001/images/58abec8a7a2947d7849171e405edb3947726127a.jpg,True,downloaded,
62c8434cb0ea0a0b9e57d4ee2fcc174f84155ea9,93fda9d41436a37e93591d2ea72d38b19094c028,-15.851823350139597,-47.91206049975152,-15.85183831126138,-47.91207673602295,2025-01,2025,LCCpSLn5LQ-6MQcmxb0mvQ,218.97853983922997,© Google,OK,7_4,188090.45440498,8245288.5357991075,709ff9b1cfe04209f330cabb05ba97a570cc60d6,cardinal,4,0,0_deg_north,cardinal,0,0,90,640,640,1,batch_0001,405,datasets/df_2024_proportional/batch_0001/images/709ff9b1cfe04209f330cabb05ba97a570cc60d6.jpg,https://raw.githubusercontent.com/GUIA-DD/dataset-streetview/refs/heads/main/datasets/df_2024_proportional/batch_0001/images/709ff9b1cfe04209f330cabb05ba97a570cc60d6.jpg,True,downloaded,
62c8434cb0ea0a0b9e57d4ee2fcc174f84155ea9,93fda9d41436a37e93591d2ea72d38b19094c028,-15.851823350139597,-47.91206049975152,-15.85183831126138,-47.91207673602295,2025-01,2025,LCCpSLn5LQ-6MQcmxb0mvQ,218.97853983922997,© Google,OK,7_4,188090.45440498,8245288.5357991075,e2a9ccfe7cf902a8ba695aa526688cbdec4a6e5c,cardinal,4,1,90_deg_east,cardinal,90,0,90,640,640,1,batch_0001,406,datasets/df_2024_proportional/batch_0001/images/e2a9ccfe7cf902a8ba695aa526688cbdec4a6e5c.jpg,https://raw.githubusercontent.com/GUIA-DD/dataset-streetview/refs/heads/main/datasets/df_2024_proportional/batch_0001/images/e2a9ccfe7cf902a8ba695aa526688cbdec4a6e5c.jpg,True,downloaded,
62c8434cb0ea0a0b9e57d4ee2fcc174f84155ea9,93fda9d41436a37e93591d2ea72d38b19094c028,-15.851823350139597,-47.91206049975152,-15.85183831126138,-47.91207673602295,2025-01,2025,LCCpSLn5LQ-6MQcmxb0mvQ,218.97853983922997,© Google,OK,7_4,188090.45440498,8245288.5357991075,319001696d6173f426b228f863f1ef7924d6a0ab,cardinal,4,2,180_deg_south,cardinal,180,0,90,640,640,1,batch_0001,407,datasets/df_2024_proportional/batch_0001/images/319001696d6173f426b228f863f1ef7924d6a0ab.jpg,https://raw.githubusercontent.com/GUIA-DD/dataset-streetview/refs/heads/main/datasets/df_2024_proportional/batch_0001/images/319001696d6173f426b228f863f1ef7924d6a0ab.jpg,True,downloaded,
62c8434cb0ea0a0b9e57d4ee2fcc174f84155ea9,93fda9d41436a37e93591d2ea72d38b19094c028,-15.851823350139597,-47.91206049975152,-15.85183831126138,-47.91207673602295,2025-01,2025,LCCpSLn5LQ-6MQcmxb0mvQ,218.97853983922997,© Google,OK,7_4,188090.45440498,8245288.5357991075,75052da35a431a5fb867ca0f9b49df2d5b792d44,cardinal,4,3,270_deg_west,cardinal,270,0,90,640,640,1,batch_0001,408,datasets/df_2024_proportional/batch_0001/images/75052da35a431a5fb867ca0f9b49df2d5b792d44.jpg,https://raw.githubusercontent.com/GUIA-DD/dataset-streetview/refs/heads/main/datasets/df_2024_proportional/batch_0001/images/75052da35a431a5fb867ca0f9b49df2d5b792d44.jpg,True,downloaded,
62e65c02cb880649e64641b3bde9d201025d90db,3f8c19e4cbcbd337d5662f91876325df4c3fde2a,-15.904394298328443,-48.053953895457774,-15.90442012741609,-48.05396115602048,2025-07,2025,96dCnLOS9rKnY1m2lcXDSw,161.82845300770472,© Google,OK,4_3,172965.24975354542,8239249.913639795,1968e080ec1ae6baed32a5d08c3c9578867a2972,cardinal,4,0,0_deg_north,cardinal,0,0,90,640,640,1,batch_0001,409,datasets/df_2024_proportional/batch_0001/images/1968e080ec1ae6baed32a5d08c3c9578867a2972.jpg,https://raw.githubusercontent.com/GUIA-DD/dataset-streetview/refs/heads/main/datasets/df_2024_proportional/batch_0001/images/1968e080ec1ae6baed32a5d08c3c9578867a2972.jpg,True,downloaded,
62e65c02cb880649e64641b3bde9d201025d90db,3f8c19e4cbcbd337d5662f91876325df4c3fde2a,-15.904394298328443,-48.053953895457774,-15.90442012741609,-48.05396115602048,2025-07,2025,96dCnLOS9rKnY1m2lcXDSw,161.82845300770472,© Google,OK,4_3,172965.24975354542,8239249.913639795,1624a3096c42e9035e4ae57f326470b86712c25e,cardinal,4,1,90_deg_east,cardinal,90,0,90,640,640,1,batch_0001,410,datasets/df_2024_proportional/batch_0001/images/1624a3096c42e9035e4ae57f326470b86712c25e.jpg,https://raw.githubusercontent.com/GUIA-DD/dataset-streetview/refs/heads/main/datasets/df_2024_proportional/batch_0001/images/1624a3096c42e9035e4ae57f326470b86712c25e.jpg,True,downloaded,
62e65c02cb880649e64641b3bde9d201025d90db,3f8c19e4cbcbd337d5662f91876325df4c3fde2a,-15.904394298328443,-48.053953895457774,-15.90442012741609,-48.05396115602048,2025-07,2025,96dCnLOS9rKnY1m2lcXDSw,161.82845300770472,© Google,OK,4_3,172965.24975354542,8239249.913639795,328766018961d5a85112179b8d884ae70fc6b007,cardinal,4,2,180_deg_south,cardinal,180,0,90,640,640,1,batch_0001,411,datasets/df_2024_proportional/batch_0001/images/328766018961d5a85112179b8d884ae70fc6b007.jpg,https://raw.githubusercontent.com/GUIA-DD/dataset-streetview/refs/heads/main/datasets/df_2024_proportional/batch_0001/images/328766018961d5a85112179b8d884ae70fc6b007.jpg,True,downloaded,
62e65c02cb880649e64641b3bde9d201025d90db,3f8c19e4cbcbd337d5662f91876325df4c3fde2a,-15.904394298328443,-48.053953895457774,-15.90442012741609,-48.05396115602048,2025-07,2025,96dCnLOS9rKnY1m2lcXDSw,161.82845300770472,© Google,OK,4_3,172965.24975354542,8239249.913639795,b20766d9f322fac60ac356cba6d769d28669cfca,cardinal,4,3,270_deg_west,cardinal,270,0,90,640,640,1,batch_0001,412,datasets/df_2024_proportional/batch_0001/images/b20766d9f322fac60ac356cba6d769d28669cfca.jpg,https://raw.githubusercontent.com/GUIA-DD/dataset-streetview/refs/heads/main/datasets/df_2024_proportional/batch_0001/images/b20766d9f322fac60ac356cba6d769d28669cfca.jpg,True,downloaded,
632359be5e540154b33d9f99cf58774a1d0f16fa,1d21002c6866a0339c1440ed1db44429a2627974,-15.805578867257069,-47.89348992921302,-15.80554985861141,-47.89355121957338,2024-05,2024,fa4eUhkywwNqh76oIi-g7g,49.48114686554582,© Google,OK,8_5,190010.3949990214,8250436.926150988,61a061fedfca16af89481a2f43df91874c8204c8,cardinal,4,0,0_deg_north,cardinal,0,0,90,640,640,1,batch_0001,413,datasets/df_2024_proportional/batch_0001/images/61a061fedfca16af89481a2f43df91874c8204c8.jpg,https://raw.githubusercontent.com/GUIA-DD/dataset-streetview/refs/heads/main/datasets/df_2024_proportional/batch_0001/images/61a061fedfca16af89481a2f43df91874c8204c8.jpg,True,downloaded,
632359be5e540154b33d9f99cf58774a1d0f16fa,1d21002c6866a0339c1440ed1db44429a2627974,-15.805578867257069,-47.89348992921302,-15.80554985861141,-47.89355121957338,2024-05,2024,fa4eUhkywwNqh76oIi-g7g,49.48114686554582,© Google,OK,8_5,190010.3949990214,8250436.926150988,bb5c9f5c80cf615eab82fc8b7824a9b8f02c2bf2,cardinal,4,1,90_deg_east,cardinal,90,0,90,640,640,1,batch_0001,414,datasets/df_2024_proportional/batch_0001/images/bb5c9f5c80cf615eab82fc8b7824a9b8f02c2bf2.jpg,https://raw.githubusercontent.com/GUIA-DD/dataset-streetview/refs/heads/main/datasets/df_2024_proportional/batch_0001/images/bb5c9f5c80cf615eab82fc8b7824a9b8f02c2bf2.jpg,True,downloaded,
632359be5e540154b33d9f99cf58774a1d0f16fa,1d21002c6866a0339c1440ed1db44429a2627974,-15.805578867257069,-47.89348992921302,-15.80554985861141,-47.89355121957338,2024-05,2024,fa4eUhkywwNqh76oIi-g7g,49.48114686554582,© Google,OK,8_5,190010.3949990214,8250436.926150988,ee966aa07cfc333a64944175782cbd314d52eafe,cardinal,4,2,180_deg_south,cardinal,180,0,90,640,640,1,batch_0001,415,datasets/df_2024_proportional/batch_0001/images/ee966aa07cfc333a64944175782cbd314d52eafe.jpg,https://raw.githubusercontent.com/GUIA-DD/dataset-streetview/refs/heads/main/datasets/df_2024_proportional/batch_0001/images/ee966aa07cfc333a64944175782cbd314d52eafe.jpg,True,downloaded,
632359be5e540154b33d9f99cf58774a1d0f16fa,1d21002c6866a0339c1440ed1db44429a2627974,-15.805578867257069,-47.89348992921302,-15.80554985861141,-47.89355121957338,2024-05,2024,fa4eUhkywwNqh76oIi-g7g,49.48114686554582,© Google,OK,8_5,190010.3949990214,8250436.926150988,55d44c6778773b6db9028e594269fa811feff3e0,cardinal,4,3,270_deg_west,cardinal,270,0,90,640,640,1,batch_0001,416,datasets/df_2024_proportional/batch_0001/images/55d44c6778773b6db9028e594269fa811feff3e0.jpg,https://raw.githubusercontent.com/GUIA-DD/dataset-streetview/refs/heads/main/datasets/df_2024_proportional/batch_0001/images/55d44c6778773b6db9028e594269fa811feff3e0.jpg,True,downloaded,
6350cda60fc5a8acc750e3f5e7b65dfa3184156c,6ac30a936b96df01cd1ccd49453062f1f0ed6d0f,-15.86475620000025,-48.034318400002654,-15.86473442504428,-48.03433869773828,2024-07,2024,kg902ShsXnz0Sgiy3_11PQ,152.57089160737095,© Google,OK,5_4,175005.92900531687,8243670.347176792,73a019e585310c002d1c040faa99eb4d0a7b3967,cardinal,4,0,0_deg_north,cardinal,0,0,90,640,640,1,batch_0001,417,datasets/df_2024_proportional/batch_0001/images/73a019e585310c002d1c040faa99eb4d0a7b3967.jpg,https://raw.githubusercontent.com/GUIA-DD/dataset-streetview/refs/heads/main/datasets/df_2024_proportional/batch_0001/images/73a019e585310c002d1c040faa99eb4d0a7b3967.jpg,True,downloaded,
6350cda60fc5a8acc750e3f5e7b65dfa3184156c,6ac30a936b96df01cd1ccd49453062f1f0ed6d0f,-15.86475620000025,-48.034318400002654,-15.86473442504428,-48.03433869773828,2024-07,2024,kg902ShsXnz0Sgiy3_11PQ,152.57089160737095,© Google,OK,5_4,175005.92900531687,8243670.347176792,ff64a27d5928ff00041e010bfb283c4822af5e07,cardinal,4,1,90_deg_east,cardinal,90,0,90,640,640,1,batch_0001,418,datasets/df_2024_proportional/batch_0001/images/ff64a27d5928ff00041e010bfb283c4822af5e07.jpg,https://raw.githubusercontent.com/GUIA-DD/dataset-streetview/refs/heads/main/datasets/df_2024_proportional/batch_0001/images/ff64a27d5928ff00041e010bfb283c4822af5e07.jpg,True,downloaded,
6350cda60fc5a8acc750e3f5e7b65dfa3184156c,6ac30a936b96df01cd1ccd49453062f1f0ed6d0f,-15.86475620000025,-48.034318400002654,-15.86473442504428,-48.03433869773828,2024-07,2024,kg902ShsXnz0Sgiy3_11PQ,152.57089160737095,© Google,OK,5_4,175005.92900531687,8243670.347176792,153607ccf311dd6046192ca62af96a01bc57e1f0,cardinal,4,2,180_deg_south,cardinal,180,0,90,640,640,1,batch_0001,419,datasets/df_2024_proportional/batch_0001/images/153607ccf311dd6046192ca62af96a01bc57e1f0.jpg,https://raw.githubusercontent.com/GUIA-DD/dataset-streetview/refs/heads/main/datasets/df_2024_proportional/batch_0001/images/153607ccf311dd6046192ca62af96a01bc57e1f0.jpg,True,downloaded,
6350cda60fc5a8acc750e3f5e7b65dfa3184156c,6ac30a936b96df01cd1ccd49453062f1f0ed6d0f,-15.86475620000025,-48.034318400002654,-15.86473442504428,-48.03433869773828,2024-07,2024,kg902ShsXnz0Sgiy3_11PQ,152.57089160737095,© Google,OK,5_4,175005.92900531687,8243670.347176792,525bdce38a44be0aa5fff741271a6c0c0f6d37ee,cardinal,4,3,270_deg_west,cardinal,270,0,90,640,640,1,batch_0001,420,datasets/df_2024_proportional/batch_0001/images/525bdce38a44be0aa5fff741271a6c0c0f6d37ee.jpg,https://raw.githubusercontent.com/GUIA-DD/dataset-streetview/refs/heads/main/datasets/df_2024_proportional/batch_0001/images/525bdce38a44be0aa5fff741271a6c0c0f6d37ee.jpg,True,downloaded,
636d9e96d113c2bb60d894936597253f60e67aab,6c02e7d4fda94e2fa2885d4c1c1135b2e63f81e9,-15.948931050118576,-48.06430554990768,-15.9489643588793,-48.06433678533654,2025-07,2025,2y-ZurnzvmZJIy8wQse73w,61.92351040928301,© Google,OK,4_2,171928.29009779423,8234301.261902535,fef45e1e59025e569ebdad48219790980f057d02,cardinal,4,0,0_deg_north,cardinal,0,0,90,640,640,1,batch_0001,421,datasets/df_2024_proportional/batch_0001/images/fef45e1e59025e569ebdad48219790980f057d02.jpg,https://raw.githubusercontent.com/GUIA-DD/dataset-streetview/refs/heads/main/datasets/df_2024_proportional/batch_0001/images/fef45e1e59025e569ebdad48219790980f057d02.jpg,True,downloaded,
636d9e96d113c2bb60d894936597253f60e67aab,6c02e7d4fda94e2fa2885d4c1c1135b2e63f81e9,-15.948931050118576,-48.06430554990768,-15.9489643588793,-48.06433678533654,2025-07,2025,2y-ZurnzvmZJIy8wQse73w,61.92351040928301,© Google,OK,4_2,171928.29009779423,8234301.261902535,7118c1bb2828c41ee5c56a53b1668139302cd618,cardinal,4,1,90_deg_east,cardinal,90,0,90,640,640,1,batch_0001,422,datasets/df_2024_proportional/batch_0001/images/7118c1bb2828c41ee5c56a53b1668139302cd618.jpg,https://raw.githubusercontent.com/GUIA-DD/dataset-streetview/refs/heads/main/datasets/df_2024_proportional/batch_0001/images/7118c1bb2828c41ee5c56a53b1668139302cd618.jpg,True,downloaded,
636d9e96d113c2bb60d894936597253f60e67aab,6c02e7d4fda94e2fa2885d4c1c1135b2e63f81e9,-15.948931050118576,-48.06430554990768,-15.9489643588793,-48.06433678533654,2025-07,2025,2y-ZurnzvmZJIy8wQse73w,61.92351040928301,© Google,OK,4_2,171928.29009779423,8234301.261902535,71dc3c14447310919e921bf7a1512c0d1804e5bb,cardinal,4,2,180_deg_south,cardinal,180,0,90,640,640,1,batch_0001,423,datasets/df_2024_proportional/batch_0001/images/71dc3c14447310919e921bf7a1512c0d1804e5bb.jpg,https://raw.githubusercontent.com/GUIA-DD/dataset-streetview/refs/heads/main/datasets/df_2024_proportional/batch_0001/images/71dc3c14447310919e921bf7a1512c0d1804e5bb.jpg,True,downloaded,
636d9e96d113c2bb60d894936597253f60e67aab,6c02e7d4fda94e2fa2885d4c1c1135b2e63f81e9,-15.948931050118576,-48.06430554990768,-15.9489643588793,-48.06433678533654,2025-07,2025,2y-ZurnzvmZJIy8wQse73w,61.92351040928301,© Google,OK,4_2,171928.29009779423,8234301.261902535,34248afebf2b18a16dc0d61c1a43404277d25725,cardinal,4,3,270_deg_west,cardinal,270,0,90,640,640,1,batch_0001,424,datasets/df_2024_proportional/batch_0001/images/34248afebf2b18a16dc0d61c1a43404277d25725.jpg,https://raw.githubusercontent.com/GUIA-DD/dataset-streetview/refs/heads/main/datasets/df_2024_proportional/batch_0001/images/34248afebf2b18a16dc0d61c1a43404277d25725.jpg,True,downloaded,
644f82189789aa69838eb75540956c8430c0e191,b422b319b75cfbf30df8acacbab59bb632422341,-15.710815481906666,-47.88565884583004,-15.71080768597339,-47.88569105082935,2024-05,2024,l_DGoRF6lIojz0HaULNYiw,115.96607969016941,© Google,OK,8_7,190706.32521342364,8260941.8511929875,4191396275a41968b53e3720f94692efc65a5b86,cardinal,4,0,0_deg_north,cardinal,0,0,90,640,640,1,batch_0001,425,datasets/df_2024_proportional/batch_0001/images/4191396275a41968b53e3720f94692efc65a5b86.jpg,https://raw.githubusercontent.com/GUIA-DD/dataset-streetview/refs/heads/main/datasets/df_2024_proportional/batch_0001/images/4191396275a41968b53e3720f94692efc65a5b86.jpg,True,downloaded,
644f82189789aa69838eb75540956c8430c0e191,b422b319b75cfbf30df8acacbab59bb632422341,-15.710815481906666,-47.88565884583004,-15.71080768597339,-47.88569105082935,2024-05,2024,l_DGoRF6lIojz0HaULNYiw,115.96607969016941,© Google,OK,8_7,190706.32521342364,8260941.8511929875,33a89e39a426ca612a21ca1c40108fa3f795df8a,cardinal,4,1,90_deg_east,cardinal,90,0,90,640,640,1,batch_0001,426,datasets/df_2024_proportional/batch_0001/images/33a89e39a426ca612a21ca1c40108fa3f795df8a.jpg,https://raw.githubusercontent.com/GUIA-DD/dataset-streetview/refs/heads/main/datasets/df_2024_proportional/batch_0001/images/33a89e39a426ca612a21ca1c40108fa3f795df8a.jpg,True,downloaded,
644f82189789aa69838eb75540956c8430c0e191,b422b319b75cfbf30df8acacbab59bb632422341,-15.710815481906666,-47.88565884583004,-15.71080768597339,-47.88569105082935,2024-05,2024,l_DGoRF6lIojz0HaULNYiw,115.96607969016941,© Google,OK,8_7,190706.32521342364,8260941.8511929875,523c890d0d0d3974a52cc04cec1d881cb576c683,cardinal,4,2,180_deg_south,cardinal,180,0,90,640,640,1,batch_0001,427,datasets/df_2024_proportional/batch_0001/images/523c890d0d0d3974a52cc04cec1d881cb576c683.jpg,https://raw.githubusercontent.com/GUIA-DD/dataset-streetview/refs/heads/main/datasets/df_2024_proportional/batch_0001/images/523c890d0d0d3974a52cc04cec1d881cb576c683.jpg,True,downloaded,
644f82189789aa69838eb75540956c8430c0e191,b422b319b75cfbf30df8acacbab59bb632422341,-15.710815481906666,-47.88565884583004,-15.71080768597339,-47.88569105082935,2024-05,2024,l_DGoRF6lIojz0HaULNYiw,115.96607969016941,© Google,OK,8_7,190706.32521342364,8260941.8511929875,d9e67d4ffc8ae97cb48595a9c9fa5bd660a5c4fc,cardinal,4,3,270_deg_west,cardinal,270,0,90,640,640,1,batch_0001,428,datasets/df_2024_proportional/batch_0001/images/d9e67d4ffc8ae97cb48595a9c9fa5bd660a5c4fc.jpg,https://raw.githubusercontent.com/GUIA-DD/dataset-streetview/refs/heads/main/datasets/df_2024_proportional/batch_0001/images/d9e67d4ffc8ae97cb48595a9c9fa5bd660a5c4fc.jpg,True,downloaded,
646ec431a719c3d7f1653ddcb471b3ea0627f59b,9782cdf7e39289f198dd85026b18f54460e07530,-15.825937650017245,-48.14219270002902,-15.82591359839308,-48.14221728645547,2026-02,2026,9MGY4YjIH52EOfo2qouD5A,119.26348145825119,© Google,OK,2_5,163377.73166506208,8247799.158763267,d30c1db457d723d4b189465420599318f2076ac6,cardinal,4,0,0_deg_north,cardinal,0,0,90,640,640,1,batch_0001,429,datasets/df_2024_proportional/batch_0001/images/d30c1db457d723d4b189465420599318f2076ac6.jpg,https://raw.githubusercontent.com/GUIA-DD/dataset-streetview/refs/heads/main/datasets/df_2024_proportional/batch_0001/images/d30c1db457d723d4b189465420599318f2076ac6.jpg,True,downloaded,
646ec431a719c3d7f1653ddcb471b3ea0627f59b,9782cdf7e39289f198dd85026b18f54460e07530,-15.825937650017245,-48.14219270002902,-15.82591359839308,-48.14221728645547,2026-02,2026,9MGY4YjIH52EOfo2qouD5A,119.26348145825119,© Google,OK,2_5,163377.73166506208,8247799.158763267,fa77305db780541fc1b8669bea23137f3d34e223,cardinal,4,1,90_deg_east,cardinal,90,0,90,640,640,1,batch_0001,430,datasets/df_2024_proportional/batch_0001/images/fa77305db780541fc1b8669bea23137f3d34e223.jpg,https://raw.githubusercontent.com/GUIA-DD/dataset-streetview/refs/heads/main/datasets/df_2024_proportional/batch_0001/images/fa77305db780541fc1b8669bea23137f3d34e223.jpg,True,downloaded,
646ec431a719c3d7f1653ddcb471b3ea0627f59b,9782cdf7e39289f198dd85026b18f54460e07530,-15.825937650017245,-48.14219270002902,-15.82591359839308,-48.14221728645547,2026-02,2026,9MGY4YjIH52EOfo2qouD5A,119.26348145825119,© Google,OK,2_5,163377.73166506208,8247799.158763267,d9602e3ff249ae4f8aa2a41005f25c3e5e37a261,cardinal,4,2,180_deg_south,cardinal,180,0,90,640,640,1,batch_0001,431,datasets/df_2024_proportional/batch_0001/images/d9602e3ff249ae4f8aa2a41005f25c3e5e37a261.jpg,https://raw.githubusercontent.com/GUIA-DD/dataset-streetview/refs/heads/main/datasets/df_2024_proportional/batch_0001/images/d9602e3ff249ae4f8aa2a41005f25c3e5e37a261.jpg,True,downloaded,
646ec431a719c3d7f1653ddcb471b3ea0627f59b,9782cdf7e39289f198dd85026b18f54460e07530,-15.825937650017245,-48.14219270002902,-15.82591359839308,-48.14221728645547,2026-02,2026,9MGY4YjIH52EOfo2qouD5A,119.26348145825119,© Google,OK,2_5,163377.73166506208,8247799.158763267,d735781836a21d62703670a9a77aaab96c94803c,cardinal,4,3,270_deg_west,cardinal,270,0,90,640,640,1,batch_0001,432,datasets/df_2024_proportional/batch_0001/images/d735781836a21d62703670a9a77aaab96c94803c.jpg,https://raw.githubusercontent.com/GUIA-DD/dataset-streetview/refs/heads/main/datasets/df_2024_proportional/batch_0001/images/d735781836a21d62703670a9a77aaab96c94803c.jpg,True,downloaded,
64ed44b985e5c72d69392cc9c019f5df56e49c91,38aa00d48b273b75a9b688dc26c51b4c9d435086,-15.839621508277048,-48.03789220706598,-15.83963367358676,-48.03790166295044,2024-10,2024,5G6QK8MES1-GKVXVTxKTjg,307.80667330216966,© Google,OK,5_4,174582.492022694,8246448.364233372,0fe136c269ca2091d201db9ace1f4247f51f6af4,cardinal,4,0,0_deg_north,cardinal,0,0,90,640,640,1,batch_0001,433,datasets/df_2024_proportional/batch_0001/images/0fe136c269ca2091d201db9ace1f4247f51f6af4.jpg,https://raw.githubusercontent.com/GUIA-DD/dataset-streetview/refs/heads/main/datasets/df_2024_proportional/batch_0001/images/0fe136c269ca2091d201db9ace1f4247f51f6af4.jpg,True,downloaded,
64ed44b985e5c72d69392cc9c019f5df56e49c91,38aa00d48b273b75a9b688dc26c51b4c9d435086,-15.839621508277048,-48.03789220706598,-15.83963367358676,-48.03790166295044,2024-10,2024,5G6QK8MES1-GKVXVTxKTjg,307.80667330216966,© Google,OK,5_4,174582.492022694,8246448.364233372,6532d56aef2019dfce3f1fb4bc8c60b6807360a3,cardinal,4,1,90_deg_east,cardinal,90,0,90,640,640,1,batch_0001,434,datasets/df_2024_proportional/batch_0001/images/6532d56aef2019dfce3f1fb4bc8c60b6807360a3.jpg,https://raw.githubusercontent.com/GUIA-DD/dataset-streetview/refs/heads/main/datasets/df_2024_proportional/batch_0001/images/6532d56aef2019dfce3f1fb4bc8c60b6807360a3.jpg,True,downloaded,
64ed44b985e5c72d69392cc9c019f5df56e49c91,38aa00d48b273b75a9b688dc26c51b4c9d435086,-15.839621508277048,-48.03789220706598,-15.83963367358676,-48.03790166295044,2024-10,2024,5G6QK8MES1-GKVXVTxKTjg,307.80667330216966,© Google,OK,5_4,174582.492022694,8246448.364233372,1919e344abd8365f6c042beca32b5a7b56717955,cardinal,4,2,180_deg_south,cardinal,180,0,90,640,640,1,batch_0001,435,datasets/df_2024_proportional/batch_0001/images/1919e344abd8365f6c042beca32b5a7b56717955.jpg,https://raw.githubusercontent.com/GUIA-DD/dataset-streetview/refs/heads/main/datasets/df_2024_proportional/batch_0001/images/1919e344abd8365f6c042beca32b5a7b56717955.jpg,True,downloaded,
64ed44b985e5c72d69392cc9c019f5df56e49c91,38aa00d48b273b75a9b688dc26c51b4c9d435086,-15.839621508277048,-48.03789220706598,-15.83963367358676,-48.03790166295044,2024-10,2024,5G6QK8MES1-GKVXVTxKTjg,307.80667330216966,© Google,OK,5_4,174582.492022694,8246448.364233372,60aa32462646c401c1738caa3556b8a3b87cfdbd,cardinal,4,3,270_deg_west,cardinal,270,0,90,640,640,1,batch_0001,436,datasets/df_2024_proportional/batch_0001/images/60aa32462646c401c1738caa3556b8a3b87cfdbd.jpg,https://raw.githubusercontent.com/GUIA-DD/dataset-streetview/refs/heads/main/datasets/df_2024_proportional/batch_0001/images/60aa32462646c401c1738caa3556b8a3b87cfdbd.jpg,True,downloaded,
66fc8752c254c6f145dd31c5fa062ae0b9b43e61,311a55f85925372bce9ba73b694a9e009021add7,-15.7523197678886,-47.89672238912077,-15.75229817455258,-47.8966826342696,2024-06,2024,oFC6c6j4qDfIsMd8igVFVg,72.29514760221382,© Google,OK,8_6,189582.68789584655,8256329.720837121,2f765721975b1b0a67f2a0e942880fdacb4d36b9,cardinal,4,0,0_deg_north,cardinal,0,0,90,640,640,1,batch_0001,437,datasets/df_2024_proportional/batch_0001/images/2f765721975b1b0a67f2a0e942880fdacb4d36b9.jpg,https://raw.githubusercontent.com/GUIA-DD/dataset-streetview/refs/heads/main/datasets/df_2024_proportional/batch_0001/images/2f765721975b1b0a67f2a0e942880fdacb4d36b9.jpg,True,downloaded,
66fc8752c254c6f145dd31c5fa062ae0b9b43e61,311a55f85925372bce9ba73b694a9e009021add7,-15.7523197678886,-47.89672238912077,-15.75229817455258,-47.8966826342696,2024-06,2024,oFC6c6j4qDfIsMd8igVFVg,72.29514760221382,© Google,OK,8_6,189582.68789584655,8256329.720837121,6b4c9a414c4ee56c3c2c671a6ce8d90c656788a7,cardinal,4,1,90_deg_east,cardinal,90,0,90,640,640,1,batch_0001,438,datasets/df_2024_proportional/batch_0001/images/6b4c9a414c4ee56c3c2c671a6ce8d90c656788a7.jpg,https://raw.githubusercontent.com/GUIA-DD/dataset-streetview/refs/heads/main/datasets/df_2024_proportional/batch_0001/images/6b4c9a414c4ee56c3c2c671a6ce8d90c656788a7.jpg,True,downloaded,
66fc8752c254c6f145dd31c5fa062ae0b9b43e61,311a55f85925372bce9ba73b694a9e009021add7,-15.7523197678886,-47.89672238912077,-15.75229817455258,-47.8966826342696,2024-06,2024,oFC6c6j4qDfIsMd8igVFVg,72.29514760221382,© Google,OK,8_6,189582.68789584655,8256329.720837121,f9053017dba2f614abe3ab2c7b66b00a0fd26042,cardinal,4,2,180_deg_south,cardinal,180,0,90,640,640,1,batch_0001,439,datasets/df_2024_proportional/batch_0001/images/f9053017dba2f614abe3ab2c7b66b00a0fd26042.jpg,https://raw.githubusercontent.com/GUIA-DD/dataset-streetview/refs/heads/main/datasets/df_2024_proportional/batch_0001/images/f9053017dba2f614abe3ab2c7b66b00a0fd26042.jpg,True,downloaded,
66fc8752c254c6f145dd31c5fa062ae0b9b43e61,311a55f85925372bce9ba73b694a9e009021add7,-15.7523197678886,-47.89672238912077,-15.75229817455258,-47.8966826342696,2024-06,2024,oFC6c6j4qDfIsMd8igVFVg,72.29514760221382,© Google,OK,8_6,189582.68789584655,8256329.720837121,dd3ab9cae99bb5d107c118f8d767a1b351512815,cardinal,4,3,270_deg_west,cardinal,270,0,90,640,640,1,batch_0001,440,datasets/df_2024_proportional/batch_0001/images/dd3ab9cae99bb5d107c118f8d767a1b351512815.jpg,https://raw.githubusercontent.com/GUIA-DD/dataset-streetview/refs/heads/main/datasets/df_2024_proportional/batch_0001/images/dd3ab9cae99bb5d107c118f8d767a1b351512815.jpg,True,downloaded,
6789521054aa6b88294fca623eb8ba5946f6734e,e18a2e58d29ca6bb683fce643b68f31fc5bf0065,-15.909404800786051,-48.09407379950483,-15.90940263344832,-48.09405837261242,2025-07,2025,rn8oFF513L1uHKdRV98HtQ,65.97259731126202,© Google,OK,3_3,168673.65135803897,8238631.713462573,b90e8cb01f9f2f01b85042fe1baf62673d114f80,cardinal,4,0,0_deg_north,cardinal,0,0,90,640,640,1,batch_0001,441,datasets/df_2024_proportional/batch_0001/images/b90e8cb01f9f2f01b85042fe1baf62673d114f80.jpg,https://raw.githubusercontent.com/GUIA-DD/dataset-streetview/refs/heads/main/datasets/df_2024_proportional/batch_0001/images/b90e8cb01f9f2f01b85042fe1baf62673d114f80.jpg,True,downloaded,
6789521054aa6b88294fca623eb8ba5946f6734e,e18a2e58d29ca6bb683fce643b68f31fc5bf0065,-15.909404800786051,-48.09407379950483,-15.90940263344832,-48.09405837261242,2025-07,2025,rn8oFF513L1uHKdRV98HtQ,65.97259731126202,© Google,OK,3_3,168673.65135803897,8238631.713462573,08d1650682b4182db9d0b240c1d20c8dadb1022e,cardinal,4,1,90_deg_east,cardinal,90,0,90,640,640,1,batch_0001,442,datasets/df_2024_proportional/batch_0001/images/08d1650682b4182db9d0b240c1d20c8dadb1022e.jpg,https://raw.githubusercontent.com/GUIA-DD/dataset-streetview/refs/heads/main/datasets/df_2024_proportional/batch_0001/images/08d1650682b4182db9d0b240c1d20c8dadb1022e.jpg,True,downloaded,
6789521054aa6b88294fca623eb8ba5946f6734e,e18a2e58d29ca6bb683fce643b68f31fc5bf0065,-15.909404800786051,-48.09407379950483,-15.90940263344832,-48.09405837261242,2025-07,2025,rn8oFF513L1uHKdRV98HtQ,65.97259731126202,© Google,OK,3_3,168673.65135803897,8238631.713462573,380d282973d08d3074546c12d54530230bb66f8a,cardinal,4,2,180_deg_south,cardinal,180,0,90,640,640,1,batch_0001,443,datasets/df_2024_proportional/batch_0001/images/380d282973d08d3074546c12d54530230bb66f8a.jpg,https://raw.githubusercontent.com/GUIA-DD/dataset-streetview/refs/heads/main/datasets/df_2024_proportional/batch_0001/images/380d282973d08d3074546c12d54530230bb66f8a.jpg,True,downloaded,
6789521054aa6b88294fca623eb8ba5946f6734e,e18a2e58d29ca6bb683fce643b68f31fc5bf0065,-15.909404800786051,-48.09407379950483,-15.90940263344832,-48.09405837261242,2025-07,2025,rn8oFF513L1uHKdRV98HtQ,65.97259731126202,© Google,OK,3_3,168673.65135803897,8238631.713462573,be7edb77ad993de687b628cde75e78c64f2e3442,cardinal,4,3,270_deg_west,cardinal,270,0,90,640,640,1,batch_0001,444,datasets/df_2024_proportional/batch_0001/images/be7edb77ad993de687b628cde75e78c64f2e3442.jpg,https://raw.githubusercontent.com/GUIA-DD/dataset-streetview/refs/heads/main/datasets/df_2024_proportional/batch_0001/images/be7edb77ad993de687b628cde75e78c64f2e3442.jpg,True,downloaded,
682824b13847fae2d77ab5772fec72aca2b0f214,ac117ea61a9b85a4071b8e3cc5aefc87371c842a,-15.792113500038868,-47.84824109984561,-15.79208430183573,-47.84823057380301,2024-05,2024,CtdyKcBZ6vDQbaytRhdtHA,14.380625377509451,© Google,OK,9_5,194841.31481709005,8251994.204101831,34b453ec35b1a63820e624547ec0ed343db4231a,cardinal,4,0,0_deg_north,cardinal,0,0,90,640,640,1,batch_0001,445,datasets/df_2024_proportional/batch_0001/images/34b453ec35b1a63820e624547ec0ed343db4231a.jpg,https://raw.githubusercontent.com/GUIA-DD/dataset-streetview/refs/heads/main/datasets/df_2024_proportional/batch_0001/images/34b453ec35b1a63820e624547ec0ed343db4231a.jpg,True,downloaded,
682824b13847fae2d77ab5772fec72aca2b0f214,ac117ea61a9b85a4071b8e3cc5aefc87371c842a,-15.792113500038868,-47.84824109984561,-15.79208430183573,-47.84823057380301,2024-05,2024,CtdyKcBZ6vDQbaytRhdtHA,14.380625377509451,© Google,OK,9_5,194841.31481709005,8251994.204101831,b17da3b55dfa7bf24c48891085b084fc5610659c,cardinal,4,1,90_deg_east,cardinal,90,0,90,640,640,1,batch_0001,446,datasets/df_2024_proportional/batch_0001/images/b17da3b55dfa7bf24c48891085b084fc5610659c.jpg,https://raw.githubusercontent.com/GUIA-DD/dataset-streetview/refs/heads/main/datasets/df_2024_proportional/batch_0001/images/b17da3b55dfa7bf24c48891085b084fc5610659c.jpg,True,downloaded,
682824b13847fae2d77ab5772fec72aca2b0f214,ac117ea61a9b85a4071b8e3cc5aefc87371c842a,-15.792113500038868,-47.84824109984561,-15.79208430183573,-47.84823057380301,2024-05,2024,CtdyKcBZ6vDQbaytRhdtHA,14.380625377509451,© Google,OK,9_5,194841.31481709005,8251994.204101831,2b9362131971d3fb184e1542d49d213baf54df3f,cardinal,4,2,180_deg_south,cardinal,180,0,90,640,640,1,batch_0001,447,datasets/df_2024_proportional/batch_0001/images/2b9362131971d3fb184e1542d49d213baf54df3f.jpg,https://raw.githubusercontent.com/GUIA-DD/dataset-streetview/refs/heads/main/datasets/df_2024_proportional/batch_0001/images/2b9362131971d3fb184e1542d49d213baf54df3f.jpg,True,downloaded,
682824b13847fae2d77ab5772fec72aca2b0f214,ac117ea61a9b85a4071b8e3cc5aefc87371c842a,-15.792113500038868,-47.84824109984561,-15.79208430183573,-47.84823057380301,2024-05,2024,CtdyKcBZ6vDQbaytRhdtHA,14.380625377509451,© Google,OK,9_5,194841.31481709005,8251994.204101831,cc8b166169207370fe20421f53a17ec00921ff90,cardinal,4,3,270_deg_west,cardinal,270,0,90,640,640,1,batch_0001,448,datasets/df_2024_proportional/batch_0001/images/cc8b166169207370fe20421f53a17ec00921ff90.jpg,https://raw.githubusercontent.com/GUIA-DD/dataset-streetview/refs/heads/main/datasets/df_2024_proportional/batch_0001/images/cc8b166169207370fe20421f53a17ec00921ff90.jpg,True,downloaded,
69f82f6eb8052d29de3e0edc1bcbfdd5df38bc53,62ddbf66b5ff3ea6a1ed485353a5a98e8696d721,-15.791037462327195,-48.1384097382802,-15.79098584801734,-48.13839126613053,2026-01,2026,9kEf4_rDTGMgFKxcr8HKXw,185.14691397783966,© Google,OK,2_5,163725.6089589682,8251670.593274778,54121ddd7c429f5e23d5d39eb2363b739c98e350,cardinal,4,0,0_deg_north,cardinal,0,0,90,640,640,1,batch_0001,449,datasets/df_2024_proportional/batch_0001/images/54121ddd7c429f5e23d5d39eb2363b739c98e350.jpg,https://raw.githubusercontent.com/GUIA-DD/dataset-streetview/refs/heads/main/datasets/df_2024_proportional/batch_0001/images/54121ddd7c429f5e23d5d39eb2363b739c98e350.jpg,True,downloaded,
69f82f6eb8052d29de3e0edc1bcbfdd5df38bc53,62ddbf66b5ff3ea6a1ed485353a5a98e8696d721,-15.791037462327195,-48.1384097382802,-15.79098584801734,-48.13839126613053,2026-01,2026,9kEf4_rDTGMgFKxcr8HKXw,185.14691397783966,© Google,OK,2_5,163725.6089589682,8251670.593274778,7218fcf53907ff2c24b1ef7a1d579edfad3a6548,cardinal,4,1,90_deg_east,cardinal,90,0,90,640,640,1,batch_0001,450,datasets/df_2024_proportional/batch_0001/images/7218fcf53907ff2c24b1ef7a1d579edfad3a6548.jpg,https://raw.githubusercontent.com/GUIA-DD/dataset-streetview/refs/heads/main/datasets/df_2024_proportional/batch_0001/images/7218fcf53907ff2c24b1ef7a1d579edfad3a6548.jpg,True,downloaded,
69f82f6eb8052d29de3e0edc1bcbfdd5df38bc53,62ddbf66b5ff3ea6a1ed485353a5a98e8696d721,-15.791037462327195,-48.1384097382802,-15.79098584801734,-48.13839126613053,2026-01,2026,9kEf4_rDTGMgFKxcr8HKXw,185.14691397783966,© Google,OK,2_5,163725.6089589682,8251670.593274778,59bdfadbe1c8b985aace627c84d45463755a479c,cardinal,4,2,180_deg_south,cardinal,180,0,90,640,640,1,batch_0001,451,datasets/df_2024_proportional/batch_0001/images/59bdfadbe1c8b985aace627c84d45463755a479c.jpg,https://raw.githubusercontent.com/GUIA-DD/dataset-streetview/refs/heads/main/datasets/df_2024_proportional/batch_0001/images/59bdfadbe1c8b985aace627c84d45463755a479c.jpg,True,downloaded,
69f82f6eb8052d29de3e0edc1bcbfdd5df38bc53,62ddbf66b5ff3ea6a1ed485353a5a98e8696d721,-15.791037462327195,-48.1384097382802,-15.79098584801734,-48.13839126613053,2026-01,2026,9kEf4_rDTGMgFKxcr8HKXw,185.14691397783966,© Google,OK,2_5,163725.6089589682,8251670.593274778,39e2d99a528a72483e1f3e790e47e1c7fba035a9,cardinal,4,3,270_deg_west,cardinal,270,0,90,640,640,1,batch_0001,452,datasets/df_2024_proportional/batch_0001/images/39e2d99a528a72483e1f3e790e47e1c7fba035a9.jpg,https://raw.githubusercontent.com/GUIA-DD/dataset-streetview/refs/heads/main/datasets/df_2024_proportional/batch_0001/images/39e2d99a528a72483e1f3e790e47e1c7fba035a9.jpg,True,downloaded,
6b2bc146094742ff72361b9b7797c84e7af67e7f,f901cf7971a1b75fe946a85ecf4e6e26a166af4e,-15.841231350001708,-47.98568279999863,-15.84126299211705,-47.98564902005533,2024-06,2024,gRluz7Y0Ait0rJgW4y5zUA,61.30709873814107,© Google,OK,6_4,180182.05364785434,8246350.466760148,c72f18af79655fbec7429f172a59b6ccd7e6fbf2,cardinal,4,0,0_deg_north,cardinal,0,0,90,640,640,1,batch_0001,453,datasets/df_2024_proportional/batch_0001/images/c72f18af79655fbec7429f172a59b6ccd7e6fbf2.jpg,https://raw.githubusercontent.com/GUIA-DD/dataset-streetview/refs/heads/main/datasets/df_2024_proportional/batch_0001/images/c72f18af79655fbec7429f172a59b6ccd7e6fbf2.jpg,True,downloaded,
6b2bc146094742ff72361b9b7797c84e7af67e7f,f901cf7971a1b75fe946a85ecf4e6e26a166af4e,-15.841231350001708,-47.98568279999863,-15.84126299211705,-47.98564902005533,2024-06,2024,gRluz7Y0Ait0rJgW4y5zUA,61.30709873814107,© Google,OK,6_4,180182.05364785434,8246350.466760148,510433114d18f9382356e6d0c404a82491475c29,cardinal,4,1,90_deg_east,cardinal,90,0,90,640,640,1,batch_0001,454,datasets/df_2024_proportional/batch_0001/images/510433114d18f9382356e6d0c404a82491475c29.jpg,https://raw.githubusercontent.com/GUIA-DD/dataset-streetview/refs/heads/main/datasets/df_2024_proportional/batch_0001/images/510433114d18f9382356e6d0c404a82491475c29.jpg,True,downloaded,
6b2bc146094742ff72361b9b7797c84e7af67e7f,f901cf7971a1b75fe946a85ecf4e6e26a166af4e,-15.841231350001708,-47.98568279999863,-15.84126299211705,-47.98564902005533,2024-06,2024,gRluz7Y0Ait0rJgW4y5zUA,61.30709873814107,© Google,OK,6_4,180182.05364785434,8246350.466760148,4aae877b7b85aa2376a8a6b19c7b3cf54db9e183,cardinal,4,2,180_deg_south,cardinal,180,0,90,640,640,1,batch_0001,455,datasets/df_2024_proportional/batch_0001/images/4aae877b7b85aa2376a8a6b19c7b3cf54db9e183.jpg,https://raw.githubusercontent.com/GUIA-DD/dataset-streetview/refs/heads/main/datasets/df_2024_proportional/batch_0001/images/4aae877b7b85aa2376a8a6b19c7b3cf54db9e183.jpg,True,downloaded,
6b2bc146094742ff72361b9b7797c84e7af67e7f,f901cf7971a1b75fe946a85ecf4e6e26a166af4e,-15.841231350001708,-47.98568279999863,-15.84126299211705,-47.98564902005533,2024-06,2024,gRluz7Y0Ait0rJgW4y5zUA,61.30709873814107,© Google,OK,6_4,180182.05364785434,8246350.466760148,e10c9f33e460fcd6ac0a222babb65dab931d1e58,cardinal,4,3,270_deg_west,cardinal,270,0,90,640,640,1,batch_0001,456,datasets/df_2024_proportional/batch_0001/images/e10c9f33e460fcd6ac0a222babb65dab931d1e58.jpg,https://raw.githubusercontent.com/GUIA-DD/dataset-streetview/refs/heads/main/datasets/df_2024_proportional/batch_0001/images/e10c9f33e460fcd6ac0a222babb65dab931d1e58.jpg,True,downloaded,
6bb2a91cbb3f43d60b7e9929d78b987d4134b5a8,9f3e06a2255208845dd30ee7efbdcb0c71c1bb88,-15.90779440005609,-48.059803699976996,-15.90779261526145,-48.05981800332625,2025-07,2025,M93yH-X2-KNyNgk--zNoQA,72.3217453501295,© Google,OK,4_3,172343.82665089317,8238864.182438981,b6d4aa046a2581e0f0f44fc08ae5955e70f07859,cardinal,4,0,0_deg_north,cardinal,0,0,90,640,640,1,batch_0001,457,datasets/df_2024_proportional/batch_0001/images/b6d4aa046a2581e0f0f44fc08ae5955e70f07859.jpg,https://raw.githubusercontent.com/GUIA-DD/dataset-streetview/refs/heads/main/datasets/df_2024_proportional/batch_0001/images/b6d4aa046a2581e0f0f44fc08ae5955e70f07859.jpg,True,downloaded,
6bb2a91cbb3f43d60b7e9929d78b987d4134b5a8,9f3e06a2255208845dd30ee7efbdcb0c71c1bb88,-15.90779440005609,-48.059803699976996,-15.90779261526145,-48.05981800332625,2025-07,2025,M93yH-X2-KNyNgk--zNoQA,72.3217453501295,© Google,OK,4_3,172343.82665089317,8238864.182438981,0610876f0224123f247655d4b77bd3b42ae3c44e,cardinal,4,1,90_deg_east,cardinal,90,0,90,640,640,1,batch_0001,458,datasets/df_2024_proportional/batch_0001/images/0610876f0224123f247655d4b77bd3b42ae3c44e.jpg,https://raw.githubusercontent.com/GUIA-DD/dataset-streetview/refs/heads/main/datasets/df_2024_proportional/batch_0001/images/0610876f0224123f247655d4b77bd3b42ae3c44e.jpg,True,downloaded,
6bb2a91cbb3f43d60b7e9929d78b987d4134b5a8,9f3e06a2255208845dd30ee7efbdcb0c71c1bb88,-15.90779440005609,-48.059803699976996,-15.90779261526145,-48.05981800332625,2025-07,2025,M93yH-X2-KNyNgk--zNoQA,72.3217453501295,© Google,OK,4_3,172343.82665089317,8238864.182438981,87880f89766a3e8b911ad731e2d5376d95182411,cardinal,4,2,180_deg_south,cardinal,180,0,90,640,640,1,batch_0001,459,datasets/df_2024_proportional/batch_0001/images/87880f89766a3e8b911ad731e2d5376d95182411.jpg,https://raw.githubusercontent.com/GUIA-DD/dataset-streetview/refs/heads/main/datasets/df_2024_proportional/batch_0001/images/87880f89766a3e8b911ad731e2d5376d95182411.jpg,True,downloaded,
6bb2a91cbb3f43d60b7e9929d78b987d4134b5a8,9f3e06a2255208845dd30ee7efbdcb0c71c1bb88,-15.90779440005609,-48.059803699976996,-15.90779261526145,-48.05981800332625,2025-07,2025,M93yH-X2-KNyNgk--zNoQA,72.3217453501295,© Google,OK,4_3,172343.82665089317,8238864.182438981,6495b6dea928cf3153ad18dea74f03cac3c02ca0,cardinal,4,3,270_deg_west,cardinal,270,0,90,640,640,1,batch_0001,460,datasets/df_2024_proportional/batch_0001/images/6495b6dea928cf3153ad18dea74f03cac3c02ca0.jpg,https://raw.githubusercontent.com/GUIA-DD/dataset-streetview/refs/heads/main/datasets/df_2024_proportional/batch_0001/images/6495b6dea928cf3153ad18dea74f03cac3c02ca0.jpg,True,downloaded,
6c7b301d55e4c986fae107f9c9faa8cafdc18b88,87c193a6ec092ee20774c0bcd6cd7a946ba9ca1f,-15.81933450007495,-47.87975930070217,-15.81934384618605,-47.87973312107618,2024-12,2024,4ZDnQzMrx3JyJnTlWEQwkw,152.51327167539137,© Google,OK,8_5,191503.34904475676,8248933.95024755,71f1410e70a9fa2c7ba6b911778dc95499cd63e6,cardinal,4,0,0_deg_north,cardinal,0,0,90,640,640,1,batch_0001,461,datasets/df_2024_proportional/batch_0001/images/71f1410e70a9fa2c7ba6b911778dc95499cd63e6.jpg,https://raw.githubusercontent.com/GUIA-DD/dataset-streetview/refs/heads/main/datasets/df_2024_proportional/batch_0001/images/71f1410e70a9fa2c7ba6b911778dc95499cd63e6.jpg,True,downloaded,
6c7b301d55e4c986fae107f9c9faa8cafdc18b88,87c193a6ec092ee20774c0bcd6cd7a946ba9ca1f,-15.81933450007495,-47.87975930070217,-15.81934384618605,-47.87973312107618,2024-12,2024,4ZDnQzMrx3JyJnTlWEQwkw,152.51327167539137,© Google,OK,8_5,191503.34904475676,8248933.95024755,143116c8ac952a46e86f469836c84feee84e76ba,cardinal,4,1,90_deg_east,cardinal,90,0,90,640,640,1,batch_0001,462,datasets/df_2024_proportional/batch_0001/images/143116c8ac952a46e86f469836c84feee84e76ba.jpg,https://raw.githubusercontent.com/GUIA-DD/dataset-streetview/refs/heads/main/datasets/df_2024_proportional/batch_0001/images/143116c8ac952a46e86f469836c84feee84e76ba.jpg,True,downloaded,
6c7b301d55e4c986fae107f9c9faa8cafdc18b88,87c193a6ec092ee20774c0bcd6cd7a946ba9ca1f,-15.81933450007495,-47.87975930070217,-15.81934384618605,-47.87973312107618,2024-12,2024,4ZDnQzMrx3JyJnTlWEQwkw,152.51327167539137,© Google,OK,8_5,191503.34904475676,8248933.95024755,62751f166bcf3922fe39ea36802f2ac741de031e,cardinal,4,2,180_deg_south,cardinal,180,0,90,640,640,1,batch_0001,463,datasets/df_2024_proportional/batch_0001/images/62751f166bcf3922fe39ea36802f2ac741de031e.jpg,https://raw.githubusercontent.com/GUIA-DD/dataset-streetview/refs/heads/main/datasets/df_2024_proportional/batch_0001/images/62751f166bcf3922fe39ea36802f2ac741de031e.jpg,True,downloaded,
6c7b301d55e4c986fae107f9c9faa8cafdc18b88,87c193a6ec092ee20774c0bcd6cd7a946ba9ca1f,-15.81933450007495,-47.87975930070217,-15.81934384618605,-47.87973312107618,2024-12,2024,4ZDnQzMrx3JyJnTlWEQwkw,152.51327167539137,© Google,OK,8_5,191503.34904475676,8248933.95024755,ae113e5f87c2e931cf811438519ab5bb370f3b73,cardinal,4,3,270_deg_west,cardinal,270,0,90,640,640,1,batch_0001,464,datasets/df_2024_proportional/batch_0001/images/ae113e5f87c2e931cf811438519ab5bb370f3b73.jpg,https://raw.githubusercontent.com/GUIA-DD/dataset-streetview/refs/heads/main/datasets/df_2024_proportional/batch_0001/images/ae113e5f87c2e931cf811438519ab5bb370f3b73.jpg,True,downloaded,
6d64b49c18329127281aec85127c33b5fa4712d6,84526f5f7bb54878167f073078eff3d751fc7c0b,-15.792695372404104,-47.97511858712813,-15.7926780760496,-47.97515437447646,2024-06,2024,cFrwitUBYG0jhDKhGQXehw,103.59913381736506,© Google,OK,6_5,181238.39467518838,8251741.459718072,a56e67ee22e2ffcb8cda78b7375dacad40c12442,cardinal,4,0,0_deg_north,cardinal,0,0,90,640,640,1,batch_0001,465,datasets/df_2024_proportional/batch_0001/images/a56e67ee22e2ffcb8cda78b7375dacad40c12442.jpg,https://raw.githubusercontent.com/GUIA-DD/dataset-streetview/refs/heads/main/datasets/df_2024_proportional/batch_0001/images/a56e67ee22e2ffcb8cda78b7375dacad40c12442.jpg,True,downloaded,
6d64b49c18329127281aec85127c33b5fa4712d6,84526f5f7bb54878167f073078eff3d751fc7c0b,-15.792695372404104,-47.97511858712813,-15.7926780760496,-47.97515437447646,2024-06,2024,cFrwitUBYG0jhDKhGQXehw,103.59913381736506,© Google,OK,6_5,181238.39467518838,8251741.459718072,ff747dd6d833332a03ea859b821dcafb76f76943,cardinal,4,1,90_deg_east,cardinal,90,0,90,640,640,1,batch_0001,466,datasets/df_2024_proportional/batch_0001/images/ff747dd6d833332a03ea859b821dcafb76f76943.jpg,https://raw.githubusercontent.com/GUIA-DD/dataset-streetview/refs/heads/main/datasets/df_2024_proportional/batch_0001/images/ff747dd6d833332a03ea859b821dcafb76f76943.jpg,True,downloaded,
6d64b49c18329127281aec85127c33b5fa4712d6,84526f5f7bb54878167f073078eff3d751fc7c0b,-15.792695372404104,-47.97511858712813,-15.7926780760496,-47.97515437447646,2024-06,2024,cFrwitUBYG0jhDKhGQXehw,103.59913381736506,© Google,OK,6_5,181238.39467518838,8251741.459718072,27a13de747c8793a36c7da92c7bbc57149f965a9,cardinal,4,2,180_deg_south,cardinal,180,0,90,640,640,1,batch_0001,467,datasets/df_2024_proportional/batch_0001/images/27a13de747c8793a36c7da92c7bbc57149f965a9.jpg,https://raw.githubusercontent.com/GUIA-DD/dataset-streetview/refs/heads/main/datasets/df_2024_proportional/batch_0001/images/27a13de747c8793a36c7da92c7bbc57149f965a9.jpg,True,downloaded,
6d64b49c18329127281aec85127c33b5fa4712d6,84526f5f7bb54878167f073078eff3d751fc7c0b,-15.792695372404104,-47.97511858712813,-15.7926780760496,-47.97515437447646,2024-06,2024,cFrwitUBYG0jhDKhGQXehw,103.59913381736506,© Google,OK,6_5,181238.39467518838,8251741.459718072,0da300695272ad254505bcbbc833f8678027d2fd,cardinal,4,3,270_deg_west,cardinal,270,0,90,640,640,1,batch_0001,468,datasets/df_2024_proportional/batch_0001/images/0da300695272ad254505bcbbc833f8678027d2fd.jpg,https://raw.githubusercontent.com/GUIA-DD/dataset-streetview/refs/heads/main/datasets/df_2024_proportional/batch_0001/images/0da300695272ad254505bcbbc833f8678027d2fd.jpg,True,downloaded,
7062b26c787598e4757a7a5d2b62539fbcfb0039,e21e74957208e014fca71be0a7aaf952eeb7b610,-15.891099875870689,-48.11848006738387,-15.89109981494188,-48.11849860915609,2025-06,2025,8UnlbZQIUWw8tTwvwkEoZA,322.7774046112348,© Google,OK,3_3,166027.6651817884,8240620.1403474035,a0b9da9b96862e7899dac6cb7b47830a7fe5be6e,cardinal,4,0,0_deg_north,cardinal,0,0,90,640,640,1,batch_0001,469,datasets/df_2024_proportional/batch_0001/images/a0b9da9b96862e7899dac6cb7b47830a7fe5be6e.jpg,https://raw.githubusercontent.com/GUIA-DD/dataset-streetview/refs/heads/main/datasets/df_2024_proportional/batch_0001/images/a0b9da9b96862e7899dac6cb7b47830a7fe5be6e.jpg,True,downloaded,
7062b26c787598e4757a7a5d2b62539fbcfb0039,e21e74957208e014fca71be0a7aaf952eeb7b610,-15.891099875870689,-48.11848006738387,-15.89109981494188,-48.11849860915609,2025-06,2025,8UnlbZQIUWw8tTwvwkEoZA,322.7774046112348,© Google,OK,3_3,166027.6651817884,8240620.1403474035,7635071b76b1290becc2f2261829f6d820c6fa36,cardinal,4,1,90_deg_east,cardinal,90,0,90,640,640,1,batch_0001,470,datasets/df_2024_proportional/batch_0001/images/7635071b76b1290becc2f2261829f6d820c6fa36.jpg,https://raw.githubusercontent.com/GUIA-DD/dataset-streetview/refs/heads/main/datasets/df_2024_proportional/batch_0001/images/7635071b76b1290becc2f2261829f6d820c6fa36.jpg,True,downloaded,
7062b26c787598e4757a7a5d2b62539fbcfb0039,e21e74957208e014fca71be0a7aaf952eeb7b610,-15.891099875870689,-48.11848006738387,-15.89109981494188,-48.11849860915609,2025-06,2025,8UnlbZQIUWw8tTwvwkEoZA,322.7774046112348,© Google,OK,3_3,166027.6651817884,8240620.1403474035,495a55294fe463815d0e0a1ca8dac52e95ddd62a,cardinal,4,2,180_deg_south,cardinal,180,0,90,640,640,1,batch_0001,471,datasets/df_2024_proportional/batch_0001/images/495a55294fe463815d0e0a1ca8dac52e95ddd62a.jpg,https://raw.githubusercontent.com/GUIA-DD/dataset-streetview/refs/heads/main/datasets/df_2024_proportional/batch_0001/images/495a55294fe463815d0e0a1ca8dac52e95ddd62a.jpg,True,downloaded,
7062b26c787598e4757a7a5d2b62539fbcfb0039,e21e74957208e014fca71be0a7aaf952eeb7b610,-15.891099875870689,-48.11848006738387,-15.89109981494188,-48.11849860915609,2025-06,2025,8UnlbZQIUWw8tTwvwkEoZA,322.7774046112348,© Google,OK,3_3,166027.6651817884,8240620.1403474035,67c1df3f765a2f7b0722af14f86d3bddc27dcc50,cardinal,4,3,270_deg_west,cardinal,270,0,90,640,640,1,batch_0001,472,datasets/df_2024_proportional/batch_0001/images/67c1df3f765a2f7b0722af14f86d3bddc27dcc50.jpg,https://raw.githubusercontent.com/GUIA-DD/dataset-streetview/refs/heads/main/datasets/df_2024_proportional/batch_0001/images/67c1df3f765a2f7b0722af14f86d3bddc27dcc50.jpg,True,downloaded,
707e3ee493eeda734daede95c6642b092c1d4074,5104a7b14a8f01bac9372757e90ffedf0d1c347b,-15.866998800525002,-48.09999574917713,-15.86702264871469,-48.10002726919567,2025-03,2025,p-Wrzqn86MT6mQNcM-asVg,222.5931360622785,© Google,OK,3_4,167969.34117826997,8243318.848236334,501b26dff4235265fb58d7a92797e1f0c5d557da,cardinal,4,0,0_deg_north,cardinal,0,0,90,640,640,1,batch_0001,473,datasets/df_2024_proportional/batch_0001/images/501b26dff4235265fb58d7a92797e1f0c5d557da.jpg,https://raw.githubusercontent.com/GUIA-DD/dataset-streetview/refs/heads/main/datasets/df_2024_proportional/batch_0001/images/501b26dff4235265fb58d7a92797e1f0c5d557da.jpg,True,downloaded,
707e3ee493eeda734daede95c6642b092c1d4074,5104a7b14a8f01bac9372757e90ffedf0d1c347b,-15.866998800525002,-48.09999574917713,-15.86702264871469,-48.10002726919567,2025-03,2025,p-Wrzqn86MT6mQNcM-asVg,222.5931360622785,© Google,OK,3_4,167969.34117826997,8243318.848236334,3f930c6c16a90458fe5e2f297a3dc9b9d71349c4,cardinal,4,1,90_deg_east,cardinal,90,0,90,640,640,1,batch_0001,474,datasets/df_2024_proportional/batch_0001/images/3f930c6c16a90458fe5e2f297a3dc9b9d71349c4.jpg,https://raw.githubusercontent.com/GUIA-DD/dataset-streetview/refs/heads/main/datasets/df_2024_proportional/batch_0001/images/3f930c6c16a90458fe5e2f297a3dc9b9d71349c4.jpg,True,downloaded,
707e3ee493eeda734daede95c6642b092c1d4074,5104a7b14a8f01bac9372757e90ffedf0d1c347b,-15.866998800525002,-48.09999574917713,-15.86702264871469,-48.10002726919567,2025-03,2025,p-Wrzqn86MT6mQNcM-asVg,222.5931360622785,© Google,OK,3_4,167969.34117826997,8243318.848236334,3e5ebc03549c67c1e4496a395873414415682532,cardinal,4,2,180_deg_south,cardinal,180,0,90,640,640,1,batch_0001,475,datasets/df_2024_proportional/batch_0001/images/3e5ebc03549c67c1e4496a395873414415682532.jpg,https://raw.githubusercontent.com/GUIA-DD/dataset-streetview/refs/heads/main/datasets/df_2024_proportional/batch_0001/images/3e5ebc03549c67c1e4496a395873414415682532.jpg,True,downloaded,
707e3ee493eeda734daede95c6642b092c1d4074,5104a7b14a8f01bac9372757e90ffedf0d1c347b,-15.866998800525002,-48.09999574917713,-15.86702264871469,-48.10002726919567,2025-03,2025,p-Wrzqn86MT6mQNcM-asVg,222.5931360622785,© Google,OK,3_4,167969.34117826997,8243318.848236334,11691794c6e686476f7fada7baf0302ba8e00db3,cardinal,4,3,270_deg_west,cardinal,270,0,90,640,640,1,batch_0001,476,datasets/df_2024_proportional/batch_0001/images/11691794c6e686476f7fada7baf0302ba8e00db3.jpg,https://raw.githubusercontent.com/GUIA-DD/dataset-streetview/refs/heads/main/datasets/df_2024_proportional/batch_0001/images/11691794c6e686476f7fada7baf0302ba8e00db3.jpg,True,downloaded,
710557aa30026c8334324c69bbb9b9278fd77845,b531067257b347e69e2405e4d11c7e9d9fcf08f2,-15.89303300007795,-48.10755004994362,-15.89303165696965,-48.10756227813956,2025-06,2025,tJvYXkWjb7rAXeKx0pDrWw,63.320060091576515,© Google,OK,3_3,167202.37840183204,8240423.487684114,7aab0ad08d1b093684cb26080137aa271da8aaf2,cardinal,4,0,0_deg_north,cardinal,0,0,90,640,640,1,batch_0001,477,datasets/df_2024_proportional/batch_0001/images/7aab0ad08d1b093684cb26080137aa271da8aaf2.jpg,https://raw.githubusercontent.com/GUIA-DD/dataset-streetview/refs/heads/main/datasets/df_2024_proportional/batch_0001/images/7aab0ad08d1b093684cb26080137aa271da8aaf2.jpg,True,downloaded,
710557aa30026c8334324c69bbb9b9278fd77845,b531067257b347e69e2405e4d11c7e9d9fcf08f2,-15.89303300007795,-48.10755004994362,-15.89303165696965,-48.10756227813956,2025-06,2025,tJvYXkWjb7rAXeKx0pDrWw,63.320060091576515,© Google,OK,3_3,167202.37840183204,8240423.487684114,47cd2db43e6edbdbbbb22847eaaad5f6a2bce318,cardinal,4,1,90_deg_east,cardinal,90,0,90,640,640,1,batch_0001,478,datasets/df_2024_proportional/batch_0001/images/47cd2db43e6edbdbbbb22847eaaad5f6a2bce318.jpg,https://raw.githubusercontent.com/GUIA-DD/dataset-streetview/refs/heads/main/datasets/df_2024_proportional/batch_0001/images/47cd2db43e6edbdbbbb22847eaaad5f6a2bce318.jpg,True,downloaded,
710557aa30026c8334324c69bbb9b9278fd77845,b531067257b347e69e2405e4d11c7e9d9fcf08f2,-15.89303300007795,-48.10755004994362,-15.89303165696965,-48.10756227813956,2025-06,2025,tJvYXkWjb7rAXeKx0pDrWw,63.320060091576515,© Google,OK,3_3,167202.37840183204,8240423.487684114,2aab44745782af8fb624e60b206e5def46a600d0,cardinal,4,2,180_deg_south,cardinal,180,0,90,640,640,1,batch_0001,479,datasets/df_2024_proportional/batch_0001/images/2aab44745782af8fb624e60b206e5def46a600d0.jpg,https://raw.githubusercontent.com/GUIA-DD/dataset-streetview/refs/heads/main/datasets/df_2024_proportional/batch_0001/images/2aab44745782af8fb624e60b206e5def46a600d0.jpg,True,downloaded,
710557aa30026c8334324c69bbb9b9278fd77845,b531067257b347e69e2405e4d11c7e9d9fcf08f2,-15.89303300007795,-48.10755004994362,-15.89303165696965,-48.10756227813956,2025-06,2025,tJvYXkWjb7rAXeKx0pDrWw,63.320060091576515,© Google,OK,3_3,167202.37840183204,8240423.487684114,e4b0c574c737a2aa9591b473e2cabf1167adaaf2,cardinal,4,3,270_deg_west,cardinal,270,0,90,640,640,1,batch_0001,480,datasets/df_2024_proportional/batch_0001/images/e4b0c574c737a2aa9591b473e2cabf1167adaaf2.jpg,https://raw.githubusercontent.com/GUIA-DD/dataset-streetview/refs/heads/main/datasets/df_2024_proportional/batch_0001/images/e4b0c574c737a2aa9591b473e2cabf1167adaaf2.jpg,True,downloaded,
714124a650be1b91c29a3c9b7e1cf43629982e96,fa1f92d842d7ecc57245de0b4847e50c027c7339,-15.851859700000594,-48.010155800002984,-15.85181473930737,-48.0101780036661,2024-06,2024,5MXiwgRAcSiuRWrZyDsSYA,323.291311749237,© Google,OK,5_4,177575.41674947404,8245135.9370331755,d13e8f3a37ffea80a7001ce0e5cc27a3b60deab7,cardinal,4,0,0_deg_north,cardinal,0,0,90,640,640,1,batch_0001,481,datasets/df_2024_proportional/batch_0001/images/d13e8f3a37ffea80a7001ce0e5cc27a3b60deab7.jpg,https://raw.githubusercontent.com/GUIA-DD/dataset-streetview/refs/heads/main/datasets/df_2024_proportional/batch_0001/images/d13e8f3a37ffea80a7001ce0e5cc27a3b60deab7.jpg,True,downloaded,
714124a650be1b91c29a3c9b7e1cf43629982e96,fa1f92d842d7ecc57245de0b4847e50c027c7339,-15.851859700000594,-48.010155800002984,-15.85181473930737,-48.0101780036661,2024-06,2024,5MXiwgRAcSiuRWrZyDsSYA,323.291311749237,© Google,OK,5_4,177575.41674947404,8245135.9370331755,e675f21547556046ec134060813639bb112f4da5,cardinal,4,1,90_deg_east,cardinal,90,0,90,640,640,1,batch_0001,482,datasets/df_2024_proportional/batch_0001/images/e675f21547556046ec134060813639bb112f4da5.jpg,https://raw.githubusercontent.com/GUIA-DD/dataset-streetview/refs/heads/main/datasets/df_2024_proportional/batch_0001/images/e675f21547556046ec134060813639bb112f4da5.jpg,True,downloaded,
714124a650be1b91c29a3c9b7e1cf43629982e96,fa1f92d842d7ecc57245de0b4847e50c027c7339,-15.851859700000594,-48.010155800002984,-15.85181473930737,-48.0101780036661,2024-06,2024,5MXiwgRAcSiuRWrZyDsSYA,323.291311749237,© Google,OK,5_4,177575.41674947404,8245135.9370331755,9f60ecda1f1c1960aa5f03b148536faa2b5b68b8,cardinal,4,2,180_deg_south,cardinal,180,0,90,640,640,1,batch_0001,483,datasets/df_2024_proportional/batch_0001/images/9f60ecda1f1c1960aa5f03b148536faa2b5b68b8.jpg,https://raw.githubusercontent.com/GUIA-DD/dataset-streetview/refs/heads/main/datasets/df_2024_proportional/batch_0001/images/9f60ecda1f1c1960aa5f03b148536faa2b5b68b8.jpg,True,downloaded,
714124a650be1b91c29a3c9b7e1cf43629982e96,fa1f92d842d7ecc57245de0b4847e50c027c7339,-15.851859700000594,-48.010155800002984,-15.85181473930737,-48.0101780036661,2024-06,2024,5MXiwgRAcSiuRWrZyDsSYA,323.291311749237,© Google,OK,5_4,177575.41674947404,8245135.9370331755,6056b19842f276e196b047f16e5dd8f7ee225fad,cardinal,4,3,270_deg_west,cardinal,270,0,90,640,640,1,batch_0001,484,datasets/df_2024_proportional/batch_0001/images/6056b19842f276e196b047f16e5dd8f7ee225fad.jpg,https://raw.githubusercontent.com/GUIA-DD/dataset-streetview/refs/heads/main/datasets/df_2024_proportional/batch_0001/images/6056b19842f276e196b047f16e5dd8f7ee225fad.jpg,True,downloaded,
72ae23b717d80e8cfe2dcdb2d1e44b92db75f770,67b9a0e05585272db3c8f49572a01f8f486d614a,-15.816483250032622,-48.14678054984831,-15.8165275706892,-48.14675555095603,2024-07,2024,ace04tyIHIUBYAXsz89EFA,10.133018269978015,© Google,OK,2_5,162870.11763639117,8248838.917473339,7f23ae6346220b326dd95cd9e67b91118f390f6e,cardinal,4,0,0_deg_north,cardinal,0,0,90,640,640,1,batch_0001,485,datasets/df_2024_proportional/batch_0001/images/7f23ae6346220b326dd95cd9e67b91118f390f6e.jpg,https://raw.githubusercontent.com/GUIA-DD/dataset-streetview/refs/heads/main/datasets/df_2024_proportional/batch_0001/images/7f23ae6346220b326dd95cd9e67b91118f390f6e.jpg,True,downloaded,
72ae23b717d80e8cfe2dcdb2d1e44b92db75f770,67b9a0e05585272db3c8f49572a01f8f486d614a,-15.816483250032622,-48.14678054984831,-15.8165275706892,-48.14675555095603,2024-07,2024,ace04tyIHIUBYAXsz89EFA,10.133018269978015,© Google,OK,2_5,162870.11763639117,8248838.917473339,636b4b968c5127832e88403f57c6e139c4c143b5,cardinal,4,1,90_deg_east,cardinal,90,0,90,640,640,1,batch_0001,486,datasets/df_2024_proportional/batch_0001/images/636b4b968c5127832e88403f57c6e139c4c143b5.jpg,https://raw.githubusercontent.com/GUIA-DD/dataset-streetview/refs/heads/main/datasets/df_2024_proportional/batch_0001/images/636b4b968c5127832e88403f57c6e139c4c143b5.jpg,True,downloaded,
72ae23b717d80e8cfe2dcdb2d1e44b92db75f770,67b9a0e05585272db3c8f49572a01f8f486d614a,-15.816483250032622,-48.14678054984831,-15.8165275706892,-48.14675555095603,2024-07,2024,ace04tyIHIUBYAXsz89EFA,10.133018269978015,© Google,OK,2_5,162870.11763639117,8248838.917473339,44b5d0aae943ebe31844c69b45112f7d1ac17ee9,cardinal,4,2,180_deg_south,cardinal,180,0,90,640,640,1,batch_0001,487,datasets/df_2024_proportional/batch_0001/images/44b5d0aae943ebe31844c69b45112f7d1ac17ee9.jpg,https://raw.githubusercontent.com/GUIA-DD/dataset-streetview/refs/heads/main/datasets/df_2024_proportional/batch_0001/images/44b5d0aae943ebe31844c69b45112f7d1ac17ee9.jpg,True,downloaded,
72ae23b717d80e8cfe2dcdb2d1e44b92db75f770,67b9a0e05585272db3c8f49572a01f8f486d614a,-15.816483250032622,-48.14678054984831,-15.8165275706892,-48.14675555095603,2024-07,2024,ace04tyIHIUBYAXsz89EFA,10.133018269978015,© Google,OK,2_5,162870.11763639117,8248838.917473339,6cec425886664d29c02d0032587862e2b8ab6474,cardinal,4,3,270_deg_west,cardinal,270,0,90,640,640,1,batch_0001,488,datasets/df_2024_proportional/batch_0001/images/6cec425886664d29c02d0032587862e2b8ab6474.jpg,https://raw.githubusercontent.com/GUIA-DD/dataset-streetview/refs/heads/main/datasets/df_2024_proportional/batch_0001/images/6cec425886664d29c02d0032587862e2b8ab6474.jpg,True,downloaded,
75bcdcd9685e1793c3ad8bb31e56757ad3aa4d5c,7100532c3730cf64b3e221cf4c6070c31dac7d6b,-15.887066850028297,-48.14397755008531,-15.88704686556238,-48.14394765624878,2024-06,2024,86SvzwsN7apPJGNl_S63AA,312.7757644961463,© Google,OK,2_3,163287.96796589822,8241025.884758001,46a235976445d136345cfad9a7d16f8f2a7444fb,cardinal,4,0,0_deg_north,cardinal,0,0,90,640,640,1,batch_0001,489,datasets/df_2024_proportional/batch_0001/images/46a235976445d136345cfad9a7d16f8f2a7444fb.jpg,https://raw.githubusercontent.com/GUIA-DD/dataset-streetview/refs/heads/main/datasets/df_2024_proportional/batch_0001/images/46a235976445d136345cfad9a7d16f8f2a7444fb.jpg,True,downloaded,
75bcdcd9685e1793c3ad8bb31e56757ad3aa4d5c,7100532c3730cf64b3e221cf4c6070c31dac7d6b,-15.887066850028297,-48.14397755008531,-15.88704686556238,-48.14394765624878,2024-06,2024,86SvzwsN7apPJGNl_S63AA,312.7757644961463,© Google,OK,2_3,163287.96796589822,8241025.884758001,f7d235e13fadfb29e862ec524d5540940095ee30,cardinal,4,1,90_deg_east,cardinal,90,0,90,640,640,1,batch_0001,490,datasets/df_2024_proportional/batch_0001/images/f7d235e13fadfb29e862ec524d5540940095ee30.jpg,https://raw.githubusercontent.com/GUIA-DD/dataset-streetview/refs/heads/main/datasets/df_2024_proportional/batch_0001/images/f7d235e13fadfb29e862ec524d5540940095ee30.jpg,True,downloaded,
75bcdcd9685e1793c3ad8bb31e56757ad3aa4d5c,7100532c3730cf64b3e221cf4c6070c31dac7d6b,-15.887066850028297,-48.14397755008531,-15.88704686556238,-48.14394765624878,2024-06,2024,86SvzwsN7apPJGNl_S63AA,312.7757644961463,© Google,OK,2_3,163287.96796589822,8241025.884758001,719d1f56359c53afca1027ab3e40dedfadda3b3c,cardinal,4,2,180_deg_south,cardinal,180,0,90,640,640,1,batch_0001,491,datasets/df_2024_proportional/batch_0001/images/719d1f56359c53afca1027ab3e40dedfadda3b3c.jpg,https://raw.githubusercontent.com/GUIA-DD/dataset-streetview/refs/heads/main/datasets/df_2024_proportional/batch_0001/images/719d1f56359c53afca1027ab3e40dedfadda3b3c.jpg,True,downloaded,
75bcdcd9685e1793c3ad8bb31e56757ad3aa4d5c,7100532c3730cf64b3e221cf4c6070c31dac7d6b,-15.887066850028297,-48.14397755008531,-15.88704686556238,-48.14394765624878,2024-06,2024,86SvzwsN7apPJGNl_S63AA,312.7757644961463,© Google,OK,2_3,163287.96796589822,8241025.884758001,09954d8ce963dc72a8adbd5c85916daaf3c5f6db,cardinal,4,3,270_deg_west,cardinal,270,0,90,640,640,1,batch_0001,492,datasets/df_2024_proportional/batch_0001/images/09954d8ce963dc72a8adbd5c85916daaf3c5f6db.jpg,https://raw.githubusercontent.com/GUIA-DD/dataset-streetview/refs/heads/main/datasets/df_2024_proportional/batch_0001/images/09954d8ce963dc72a8adbd5c85916daaf3c5f6db.jpg,True,downloaded,
76c051cc228dd9eb69e10f133b5d5c7eb5772594,c290b146f8084eb1f45bbccc40a48845020e932b,-15.758503417249601,-47.88855563345419,-15.75849962333782,-47.88858611667004,2024-06,2024,WJFcrE6dpv96EL0LYdU6TA,87.44212894619818,© Google,OK,8_6,190467.86946289515,8255657.002846046,578fe0b7812eaa65be77b6aa7ebe1592d15431f5,cardinal,4,0,0_deg_north,cardinal,0,0,90,640,640,1,batch_0001,493,datasets/df_2024_proportional/batch_0001/images/578fe0b7812eaa65be77b6aa7ebe1592d15431f5.jpg,https://raw.githubusercontent.com/GUIA-DD/dataset-streetview/refs/heads/main/datasets/df_2024_proportional/batch_0001/images/578fe0b7812eaa65be77b6aa7ebe1592d15431f5.jpg,True,downloaded,
76c051cc228dd9eb69e10f133b5d5c7eb5772594,c290b146f8084eb1f45bbccc40a48845020e932b,-15.758503417249601,-47.88855563345419,-15.75849962333782,-47.88858611667004,2024-06,2024,WJFcrE6dpv96EL0LYdU6TA,87.44212894619818,© Google,OK,8_6,190467.86946289515,8255657.002846046,b32b80abe730c2d96549aa6ea7324d9766045b93,cardinal,4,1,90_deg_east,cardinal,90,0,90,640,640,1,batch_0001,494,datasets/df_2024_proportional/batch_0001/images/b32b80abe730c2d96549aa6ea7324d9766045b93.jpg,https://raw.githubusercontent.com/GUIA-DD/dataset-streetview/refs/heads/main/datasets/df_2024_proportional/batch_0001/images/b32b80abe730c2d96549aa6ea7324d9766045b93.jpg,True,downloaded,
76c051cc228dd9eb69e10f133b5d5c7eb5772594,c290b146f8084eb1f45bbccc40a48845020e932b,-15.758503417249601,-47.88855563345419,-15.75849962333782,-47.88858611667004,2024-06,2024,WJFcrE6dpv96EL0LYdU6TA,87.44212894619818,© Google,OK,8_6,190467.86946289515,8255657.002846046,76ec95565a8ad3fc2c9151fe5a49c4c3782d3d40,cardinal,4,2,180_deg_south,cardinal,180,0,90,640,640,1,batch_0001,495,datasets/df_2024_proportional/batch_0001/images/76ec95565a8ad3fc2c9151fe5a49c4c3782d3d40.jpg,https://raw.githubusercontent.com/GUIA-DD/dataset-streetview/refs/heads/main/datasets/df_2024_proportional/batch_0001/images/76ec95565a8ad3fc2c9151fe5a49c4c3782d3d40.jpg,True,downloaded,
76c051cc228dd9eb69e10f133b5d5c7eb5772594,c290b146f8084eb1f45bbccc40a48845020e932b,-15.758503417249601,-47.88855563345419,-15.75849962333782,-47.88858611667004,2024-06,2024,WJFcrE6dpv96EL0LYdU6TA,87.44212894619818,© Google,OK,8_6,190467.86946289515,8255657.002846046,41ec99da0c28a418cdda52fd98fe9936be0704a3,cardinal,4,3,270_deg_west,cardinal,270,0,90,640,640,1,batch_0001,496,datasets/df_2024_proportional/batch_0001/images/41ec99da0c28a418cdda52fd98fe9936be0704a3.jpg,https://raw.githubusercontent.com/GUIA-DD/dataset-streetview/refs/heads/main/datasets/df_2024_proportional/batch_0001/images/41ec99da0c28a418cdda52fd98fe9936be0704a3.jpg,True,downloaded,
782c721ce1f431ef8ca334dffd829f0b7686742b,4cdede25a587bda3e425c184f45de8aeba30fdc3,-15.629740850025092,-47.657563600473324,-15.62972992922658,-47.657567177807,2024-08,2024,b6WwpdrW04g_rF-RCv_E_A,159.3122964872784,© Google,OK,13_9,215057.44747593795,8270238.601775399,4bdfe5081450050e1a2400e010e264b4ea544587,cardinal,4,0,0_deg_north,cardinal,0,0,90,640,640,1,batch_0001,497,datasets/df_2024_proportional/batch_0001/images/4bdfe5081450050e1a2400e010e264b4ea544587.jpg,https://raw.githubusercontent.com/GUIA-DD/dataset-streetview/refs/heads/main/datasets/df_2024_proportional/batch_0001/images/4bdfe5081450050e1a2400e010e264b4ea544587.jpg,True,downloaded,
782c721ce1f431ef8ca334dffd829f0b7686742b,4cdede25a587bda3e425c184f45de8aeba30fdc3,-15.629740850025092,-47.657563600473324,-15.62972992922658,-47.657567177807,2024-08,2024,b6WwpdrW04g_rF-RCv_E_A,159.3122964872784,© Google,OK,13_9,215057.44747593795,8270238.601775399,6132e2137b711a2370d66b6a9867ef2db3a52e54,cardinal,4,1,90_deg_east,cardinal,90,0,90,640,640,1,batch_0001,498,datasets/df_2024_proportional/batch_0001/images/6132e2137b711a2370d66b6a9867ef2db3a52e54.jpg,https://raw.githubusercontent.com/GUIA-DD/dataset-streetview/refs/heads/main/datasets/df_2024_proportional/batch_0001/images/6132e2137b711a2370d66b6a9867ef2db3a52e54.jpg,True,downloaded,
782c721ce1f431ef8ca334dffd829f0b7686742b,4cdede25a587bda3e425c184f45de8aeba30fdc3,-15.629740850025092,-47.657563600473324,-15.62972992922658,-47.657567177807,2024-08,2024,b6WwpdrW04g_rF-RCv_E_A,159.3122964872784,© Google,OK,13_9,215057.44747593795,8270238.601775399,d41b70ad7fcd393771ebdef9bbecc792663684f5,cardinal,4,2,180_deg_south,cardinal,180,0,90,640,640,1,batch_0001,499,datasets/df_2024_proportional/batch_0001/images/d41b70ad7fcd393771ebdef9bbecc792663684f5.jpg,https://raw.githubusercontent.com/GUIA-DD/dataset-streetview/refs/heads/main/datasets/df_2024_proportional/batch_0001/images/d41b70ad7fcd393771ebdef9bbecc792663684f5.jpg,True,downloaded,
782c721ce1f431ef8ca334dffd829f0b7686742b,4cdede25a587bda3e425c184f45de8aeba30fdc3,-15.629740850025092,-47.657563600473324,-15.62972992922658,-47.657567177807,2024-08,2024,b6WwpdrW04g_rF-RCv_E_A,159.3122964872784,© Google,OK,13_9,215057.44747593795,8270238.601775399,7931ef941cb9c28032e480f3533243896411a4e8,cardinal,4,3,270_deg_west,cardinal,270,0,90,640,640,1,batch_0001,500,datasets/df_2024_proportional/batch_0001/images/7931ef941cb9c28032e480f3533243896411a4e8.jpg,https://raw.githubusercontent.com/GUIA-DD/dataset-streetview/refs/heads/main/datasets/df_2024_proportional/batch_0001/images/7931ef941cb9c28032e480f3533243896411a4e8.jpg,True,downloaded,
7a2f33d26e1ad076cff8b07a0b96ef4ceeba200e,670b148a772124cb4414df06b0758cc8a7a06d2b,-15.809226900769836,-48.09630790154237,-15.8092063140405,-48.09634932882339,2024-07,2024,uQJ2WtwHHqr1p0jMmxP_fg,123.5063222165714,© Google,OK,3_5,168270.20331496638,8249723.010200992,f195e290d1c420cbe3e0add8bb34898891401e87,cardinal,4,0,0_deg_north,cardinal,0,0,90,640,640,1,batch_0001,501,datasets/df_2024_proportional/batch_0001/images/f195e290d1c420cbe3e0add8bb34898891401e87.jpg,https://raw.githubusercontent.com/GUIA-DD/dataset-streetview/refs/heads/main/datasets/df_2024_proportional/batch_0001/images/f195e290d1c420cbe3e0add8bb34898891401e87.jpg,True,downloaded,
7a2f33d26e1ad076cff8b07a0b96ef4ceeba200e,670b148a772124cb4414df06b0758cc8a7a06d2b,-15.809226900769836,-48.09630790154237,-15.8092063140405,-48.09634932882339,2024-07,2024,uQJ2WtwHHqr1p0jMmxP_fg,123.5063222165714,© Google,OK,3_5,168270.20331496638,8249723.010200992,8f3f66d5e549caa8579c45997cdf03e815dbe61a,cardinal,4,1,90_deg_east,cardinal,90,0,90,640,640,1,batch_0001,502,datasets/df_2024_proportional/batch_0001/images/8f3f66d5e549caa8579c45997cdf03e815dbe61a.jpg,https://raw.githubusercontent.com/GUIA-DD/dataset-streetview/refs/heads/main/datasets/df_2024_proportional/batch_0001/images/8f3f66d5e549caa8579c45997cdf03e815dbe61a.jpg,True,downloaded,
7a2f33d26e1ad076cff8b07a0b96ef4ceeba200e,670b148a772124cb4414df06b0758cc8a7a06d2b,-15.809226900769836,-48.09630790154237,-15.8092063140405,-48.09634932882339,2024-07,2024,uQJ2WtwHHqr1p0jMmxP_fg,123.5063222165714,© Google,OK,3_5,168270.20331496638,8249723.010200992,9fb7c7aaa84f3186f2a242fa8ed7d7c75fb41f16,cardinal,4,2,180_deg_south,cardinal,180,0,90,640,640,1,batch_0001,503,datasets/df_2024_proportional/batch_0001/images/9fb7c7aaa84f3186f2a242fa8ed7d7c75fb41f16.jpg,https://raw.githubusercontent.com/GUIA-DD/dataset-streetview/refs/heads/main/datasets/df_2024_proportional/batch_0001/images/9fb7c7aaa84f3186f2a242fa8ed7d7c75fb41f16.jpg,True,downloaded,
7a2f33d26e1ad076cff8b07a0b96ef4ceeba200e,670b148a772124cb4414df06b0758cc8a7a06d2b,-15.809226900769836,-48.09630790154237,-15.8092063140405,-48.09634932882339,2024-07,2024,uQJ2WtwHHqr1p0jMmxP_fg,123.5063222165714,© Google,OK,3_5,168270.20331496638,8249723.010200992,a779638ec6bae02b27d765d9e85302d7659fc871,cardinal,4,3,270_deg_west,cardinal,270,0,90,640,640,1,batch_0001,504,datasets/df_2024_proportional/batch_0001/images/a779638ec6bae02b27d765d9e85302d7659fc871.jpg,https://raw.githubusercontent.com/GUIA-DD/dataset-streetview/refs/heads/main/datasets/df_2024_proportional/batch_0001/images/a779638ec6bae02b27d765d9e85302d7659fc871.jpg,True,downloaded,
7ae7d9c5930c1acab71fd8683c3287e9a747ba58,3f862a9eb9d48b389ee7007fa6bdb614641d8ad2,-15.882666000000441,-47.820250699999306,-15.88263871776975,-47.82021822934508,2025-01,2025,0ZYwGNNXhOn-eaKZ_bJpiA,43.0491532501156,© Google,OK,9_3,197977.07814521124,8242007.971235197,9ab12d80bf66f884cca566d30080b84ecd30ab93,cardinal,4,0,0_deg_north,cardinal,0,0,90,640,640,1,batch_0001,505,datasets/df_2024_proportional/batch_0001/images/9ab12d80bf66f884cca566d30080b84ecd30ab93.jpg,https://raw.githubusercontent.com/GUIA-DD/dataset-streetview/refs/heads/main/datasets/df_2024_proportional/batch_0001/images/9ab12d80bf66f884cca566d30080b84ecd30ab93.jpg,True,downloaded,
7ae7d9c5930c1acab71fd8683c3287e9a747ba58,3f862a9eb9d48b389ee7007fa6bdb614641d8ad2,-15.882666000000441,-47.820250699999306,-15.88263871776975,-47.82021822934508,2025-01,2025,0ZYwGNNXhOn-eaKZ_bJpiA,43.0491532501156,© Google,OK,9_3,197977.07814521124,8242007.971235197,82bf03b9601b0d8c1cbf141729a5d4e41fded2af,cardinal,4,1,90_deg_east,cardinal,90,0,90,640,640,1,batch_0001,506,datasets/df_2024_proportional/batch_0001/images/82bf03b9601b0d8c1cbf141729a5d4e41fded2af.jpg,https://raw.githubusercontent.com/GUIA-DD/dataset-streetview/refs/heads/main/datasets/df_2024_proportional/batch_0001/images/82bf03b9601b0d8c1cbf141729a5d4e41fded2af.jpg,True,downloaded,
7ae7d9c5930c1acab71fd8683c3287e9a747ba58,3f862a9eb9d48b389ee7007fa6bdb614641d8ad2,-15.882666000000441,-47.820250699999306,-15.88263871776975,-47.82021822934508,2025-01,2025,0ZYwGNNXhOn-eaKZ_bJpiA,43.0491532501156,© Google,OK,9_3,197977.07814521124,8242007.971235197,8dbbdc6b6d2fac18fbd0cf2f9899ac71ff342b8d,cardinal,4,2,180_deg_south,cardinal,180,0,90,640,640,1,batch_0001,507,datasets/df_2024_proportional/batch_0001/images/8dbbdc6b6d2fac18fbd0cf2f9899ac71ff342b8d.jpg,https://raw.githubusercontent.com/GUIA-DD/dataset-streetview/refs/heads/main/datasets/df_2024_proportional/batch_0001/images/8dbbdc6b6d2fac18fbd0cf2f9899ac71ff342b8d.jpg,True,downloaded,
7ae7d9c5930c1acab71fd8683c3287e9a747ba58,3f862a9eb9d48b389ee7007fa6bdb614641d8ad2,-15.882666000000441,-47.820250699999306,-15.88263871776975,-47.82021822934508,2025-01,2025,0ZYwGNNXhOn-eaKZ_bJpiA,43.0491532501156,© Google,OK,9_3,197977.07814521124,8242007.971235197,62284c4f453daee8807277f0c2d6f389d1e65a5e,cardinal,4,3,270_deg_west,cardinal,270,0,90,640,640,1,batch_0001,508,datasets/df_2024_proportional/batch_0001/images/62284c4f453daee8807277f0c2d6f389d1e65a5e.jpg,https://raw.githubusercontent.com/GUIA-DD/dataset-streetview/refs/heads/main/datasets/df_2024_proportional/batch_0001/images/62284c4f453daee8807277f0c2d6f389d1e65a5e.jpg,True,downloaded,
7b23cb5e44ead0be6151f52c7cc636842ecb7ea8,c1b5796cfd82ef6446e97cd7e55691111c43c543,-16.033934050094217,-48.03269835001768,-16.03392171862648,-48.0326864188512,2025-02,2025,kGKgKXe7qN9KCs5ZNVkn9A,269.2648534524571,© Google,OK,5_0,175452.35069182332,8224937.014973398,1cf43606261a3d0c9474732bbd8fb615a8a7d74e,cardinal,4,0,0_deg_north,cardinal,0,0,90,640,640,1,batch_0001,509,datasets/df_2024_proportional/batch_0001/images/1cf43606261a3d0c9474732bbd8fb615a8a7d74e.jpg,https://raw.githubusercontent.com/GUIA-DD/dataset-streetview/refs/heads/main/datasets/df_2024_proportional/batch_0001/images/1cf43606261a3d0c9474732bbd8fb615a8a7d74e.jpg,True,downloaded,
7b23cb5e44ead0be6151f52c7cc636842ecb7ea8,c1b5796cfd82ef6446e97cd7e55691111c43c543,-16.033934050094217,-48.03269835001768,-16.03392171862648,-48.0326864188512,2025-02,2025,kGKgKXe7qN9KCs5ZNVkn9A,269.2648534524571,© Google,OK,5_0,175452.35069182332,8224937.014973398,abb94bd62a8e56082c178930510801a302efb5d3,cardinal,4,1,90_deg_east,cardinal,90,0,90,640,640,1,batch_0001,510,datasets/df_2024_proportional/batch_0001/images/abb94bd62a8e56082c178930510801a302efb5d3.jpg,https://raw.githubusercontent.com/GUIA-DD/dataset-streetview/refs/heads/main/datasets/df_2024_proportional/batch_0001/images/abb94bd62a8e56082c178930510801a302efb5d3.jpg,True,downloaded,
7b23cb5e44ead0be6151f52c7cc636842ecb7ea8,c1b5796cfd82ef6446e97cd7e55691111c43c543,-16.033934050094217,-48.03269835001768,-16.03392171862648,-48.0326864188512,2025-02,2025,kGKgKXe7qN9KCs5ZNVkn9A,269.2648534524571,© Google,OK,5_0,175452.35069182332,8224937.014973398,4d28decfc173255e1b767c9ce01952caf0d1b925,cardinal,4,2,180_deg_south,cardinal,180,0,90,640,640,1,batch_0001,511,datasets/df_2024_proportional/batch_0001/images/4d28decfc173255e1b767c9ce01952caf0d1b925.jpg,https://raw.githubusercontent.com/GUIA-DD/dataset-streetview/refs/heads/main/datasets/df_2024_proportional/batch_0001/images/4d28decfc173255e1b767c9ce01952caf0d1b925.jpg,True,downloaded,
7b23cb5e44ead0be6151f52c7cc636842ecb7ea8,c1b5796cfd82ef6446e97cd7e55691111c43c543,-16.033934050094217,-48.03269835001768,-16.03392171862648,-48.0326864188512,2025-02,2025,kGKgKXe7qN9KCs5ZNVkn9A,269.2648534524571,© Google,OK,5_0,175452.35069182332,8224937.014973398,dd65a3953cc2280222f4294359bb9a84584ac3eb,cardinal,4,3,270_deg_west,cardinal,270,0,90,640,640,1,batch_0001,512,datasets/df_2024_proportional/batch_0001/images/dd65a3953cc2280222f4294359bb9a84584ac3eb.jpg,https://raw.githubusercontent.com/GUIA-DD/dataset-streetview/refs/heads/main/datasets/df_2024_proportional/batch_0001/images/dd65a3953cc2280222f4294359bb9a84584ac3eb.jpg,True,downloaded,
7e708d41420843c65e1437fe2cfacc9224e76d11,c27729b5f6ecd4d67581266b20515bf3245c81f7,-15.859854700013484,-47.956257749929456,-15.85985359961662,-47.956276105946,2024-12,2024,Tr_hW3cwjhr3ftZzVTdC8A,8.091380115054278,© Google,OK,6_4,183365.48158892497,8244332.822320219,7541e50d17a1bbdd99fa404d0396cb081e2f8842,cardinal,4,0,0_deg_north,cardinal,0,0,90,640,640,1,batch_0001,513,datasets/df_2024_proportional/batch_0001/images/7541e50d17a1bbdd99fa404d0396cb081e2f8842.jpg,https://raw.githubusercontent.com/GUIA-DD/dataset-streetview/refs/heads/main/datasets/df_2024_proportional/batch_0001/images/7541e50d17a1bbdd99fa404d0396cb081e2f8842.jpg,True,downloaded,
7e708d41420843c65e1437fe2cfacc9224e76d11,c27729b5f6ecd4d67581266b20515bf3245c81f7,-15.859854700013484,-47.956257749929456,-15.85985359961662,-47.956276105946,2024-12,2024,Tr_hW3cwjhr3ftZzVTdC8A,8.091380115054278,© Google,OK,6_4,183365.48158892497,8244332.822320219,e106e7b463738a22a21740e2372cd67c6ebd366c,cardinal,4,1,90_deg_east,cardinal,90,0,90,640,640,1,batch_0001,514,datasets/df_2024_proportional/batch_0001/images/e106e7b463738a22a21740e2372cd67c6ebd366c.jpg,https://raw.githubusercontent.com/GUIA-DD/dataset-streetview/refs/heads/main/datasets/df_2024_proportional/batch_0001/images/e106e7b463738a22a21740e2372cd67c6ebd366c.jpg,True,downloaded,
7e708d41420843c65e1437fe2cfacc9224e76d11,c27729b5f6ecd4d67581266b20515bf3245c81f7,-15.859854700013484,-47.956257749929456,-15.85985359961662,-47.956276105946,2024-12,2024,Tr_hW3cwjhr3ftZzVTdC8A,8.091380115054278,© Google,OK,6_4,183365.48158892497,8244332.822320219,47174a0e68a2c13d8b396db437e486b9a4615fa1,cardinal,4,2,180_deg_south,cardinal,180,0,90,640,640,1,batch_0001,515,datasets/df_2024_proportional/batch_0001/images/47174a0e68a2c13d8b396db437e486b9a4615fa1.jpg,https://raw.githubusercontent.com/GUIA-DD/dataset-streetview/refs/heads/main/datasets/df_2024_proportional/batch_0001/images/47174a0e68a2c13d8b396db437e486b9a4615fa1.jpg,True,downloaded,
7e708d41420843c65e1437fe2cfacc9224e76d11,c27729b5f6ecd4d67581266b20515bf3245c81f7,-15.859854700013484,-47.956257749929456,-15.85985359961662,-47.956276105946,2024-12,2024,Tr_hW3cwjhr3ftZzVTdC8A,8.091380115054278,© Google,OK,6_4,183365.48158892497,8244332.822320219,bf6d217d4376232e79ddeebd01beb6fdad8c923f,cardinal,4,3,270_deg_west,cardinal,270,0,90,640,640,1,batch_0001,516,datasets/df_2024_proportional/batch_0001/images/bf6d217d4376232e79ddeebd01beb6fdad8c923f.jpg,https://raw.githubusercontent.com/GUIA-DD/dataset-streetview/refs/heads/main/datasets/df_2024_proportional/batch_0001/images/bf6d217d4376232e79ddeebd01beb6fdad8c923f.jpg,True,downloaded,
7eeecf7307436acca6b6c55ca5785f5c679c366d,3111b31e1653e82f33bc04f8a2373ece8d4a514e,-15.668407550231374,-48.19888145016457,-15.66844451077459,-48.19885688472815,2024-08,2024,BNJkwWssFoKYdv_KITFYHw,101.74787045332484,© Google,OK,1_8,157034.6624631409,8265155.364376611,cbbbd37d225b8984f09aed93081b24ccc495e9a9,cardinal,4,0,0_deg_north,cardinal,0,0,90,640,640,1,batch_0001,517,datasets/df_2024_proportional/batch_0001/images/cbbbd37d225b8984f09aed93081b24ccc495e9a9.jpg,https://raw.githubusercontent.com/GUIA-DD/dataset-streetview/refs/heads/main/datasets/df_2024_proportional/batch_0001/images/cbbbd37d225b8984f09aed93081b24ccc495e9a9.jpg,True,downloaded,
7eeecf7307436acca6b6c55ca5785f5c679c366d,3111b31e1653e82f33bc04f8a2373ece8d4a514e,-15.668407550231374,-48.19888145016457,-15.66844451077459,-48.19885688472815,2024-08,2024,BNJkwWssFoKYdv_KITFYHw,101.74787045332484,© Google,OK,1_8,157034.6624631409,8265155.364376611,dcd9b17dbc3bf948d2fb23dfc76f6fab88821bf9,cardinal,4,1,90_deg_east,cardinal,90,0,90,640,640,1,batch_0001,518,datasets/df_2024_proportional/batch_0001/images/dcd9b17dbc3bf948d2fb23dfc76f6fab88821bf9.jpg,https://raw.githubusercontent.com/GUIA-DD/dataset-streetview/refs/heads/main/datasets/df_2024_proportional/batch_0001/images/dcd9b17dbc3bf948d2fb23dfc76f6fab88821bf9.jpg,True,downloaded,
7eeecf7307436acca6b6c55ca5785f5c679c366d,3111b31e1653e82f33bc04f8a2373ece8d4a514e,-15.668407550231374,-48.19888145016457,-15.66844451077459,-48.19885688472815,2024-08,2024,BNJkwWssFoKYdv_KITFYHw,101.74787045332484,© Google,OK,1_8,157034.6624631409,8265155.364376611,99ff813ab32114de46da6de7b2c5aeb39ad5f939,cardinal,4,2,180_deg_south,cardinal,180,0,90,640,640,1,batch_0001,519,datasets/df_2024_proportional/batch_0001/images/99ff813ab32114de46da6de7b2c5aeb39ad5f939.jpg,https://raw.githubusercontent.com/GUIA-DD/dataset-streetview/refs/heads/main/datasets/df_2024_proportional/batch_0001/images/99ff813ab32114de46da6de7b2c5aeb39ad5f939.jpg,True,downloaded,
7eeecf7307436acca6b6c55ca5785f5c679c366d,3111b31e1653e82f33bc04f8a2373ece8d4a514e,-15.668407550231374,-48.19888145016457,-15.66844451077459,-48.19885688472815,2024-08,2024,BNJkwWssFoKYdv_KITFYHw,101.74787045332484,© Google,OK,1_8,157034.6624631409,8265155.364376611,cc444ead6c76c12b41ffb978b47bba02910aa7a3,cardinal,4,3,270_deg_west,cardinal,270,0,90,640,640,1,batch_0001,520,datasets/df_2024_proportional/batch_0001/images/cc444ead6c76c12b41ffb978b47bba02910aa7a3.jpg,https://raw.githubusercontent.com/GUIA-DD/dataset-streetview/refs/heads/main/datasets/df_2024_proportional/batch_0001/images/cc444ead6c76c12b41ffb978b47bba02910aa7a3.jpg,True,downloaded,
81a69c9fb792af47c64b2ab9ed124c96d377f557,7189e1c862681fb3c18deb59f7189d0cdac7fdd5,-15.770265615704977,-47.880796850332004,-15.77026475497981,-47.88076989740436,2024-06,2024,0uL8Xr_9pwW2PWXtQgSNPA,147.40417522368216,© Google,OK,8_6,191317.69515682015,8254365.936320672,1e31c71928e77bb33eee73f9ab5555d75df94e87,cardinal,4,0,0_deg_north,cardinal,0,0,90,640,640,1,batch_0001,521,datasets/df_2024_proportional/batch_0001/images/1e31c71928e77bb33eee73f9ab5555d75df94e87.jpg,https://raw.githubusercontent.com/GUIA-DD/dataset-streetview/refs/heads/main/datasets/df_2024_proportional/batch_0001/images/1e31c71928e77bb33eee73f9ab5555d75df94e87.jpg,True,downloaded,
81a69c9fb792af47c64b2ab9ed124c96d377f557,7189e1c862681fb3c18deb59f7189d0cdac7fdd5,-15.770265615704977,-47.880796850332004,-15.77026475497981,-47.88076989740436,2024-06,2024,0uL8Xr_9pwW2PWXtQgSNPA,147.40417522368216,© Google,OK,8_6,191317.69515682015,8254365.936320672,a239921a1da6292ec83101f7f8e960b7bac13be0,cardinal,4,1,90_deg_east,cardinal,90,0,90,640,640,1,batch_0001,522,datasets/df_2024_proportional/batch_0001/images/a239921a1da6292ec83101f7f8e960b7bac13be0.jpg,https://raw.githubusercontent.com/GUIA-DD/dataset-streetview/refs/heads/main/datasets/df_2024_proportional/batch_0001/images/a239921a1da6292ec83101f7f8e960b7bac13be0.jpg,True,downloaded,
81a69c9fb792af47c64b2ab9ed124c96d377f557,7189e1c862681fb3c18deb59f7189d0cdac7fdd5,-15.770265615704977,-47.880796850332004,-15.77026475497981,-47.88076989740436,2024-06,2024,0uL8Xr_9pwW2PWXtQgSNPA,147.40417522368216,© Google,OK,8_6,191317.69515682015,8254365.936320672,9bb2413c6a40c11b958f00c9b1ca99621ca1d3ee,cardinal,4,2,180_deg_south,cardinal,180,0,90,640,640,1,batch_0001,523,datasets/df_2024_proportional/batch_0001/images/9bb2413c6a40c11b958f00c9b1ca99621ca1d3ee.jpg,https://raw.githubusercontent.com/GUIA-DD/dataset-streetview/refs/heads/main/datasets/df_2024_proportional/batch_0001/images/9bb2413c6a40c11b958f00c9b1ca99621ca1d3ee.jpg,True,downloaded,
81a69c9fb792af47c64b2ab9ed124c96d377f557,7189e1c862681fb3c18deb59f7189d0cdac7fdd5,-15.770265615704977,-47.880796850332004,-15.77026475497981,-47.88076989740436,2024-06,2024,0uL8Xr_9pwW2PWXtQgSNPA,147.40417522368216,© Google,OK,8_6,191317.69515682015,8254365.936320672,a49e69229e3e8f0b5d4c0b387ec356e87bf917ff,cardinal,4,3,270_deg_west,cardinal,270,0,90,640,640,1,batch_0001,524,datasets/df_2024_proportional/batch_0001/images/a49e69229e3e8f0b5d4c0b387ec356e87bf917ff.jpg,https://raw.githubusercontent.com/GUIA-DD/dataset-streetview/refs/heads/main/datasets/df_2024_proportional/batch_0001/images/a49e69229e3e8f0b5d4c0b387ec356e87bf917ff.jpg,True,downloaded,
82b78b3bae0fe5ff9299d3229c5cdb897c4367a2,708a52c35d54a2c89f91172752ae46b77ec1942e,-15.887391938032563,-48.09528816695035,-15.8873638306718,-48.09528028460104,2025-06,2025,VFb4m99gEFY0ExKsYlM1mA,223.5502045593421,© Google,OK,3_3,168507.38930492167,8241067.744896582,ad459679b3a31049cb13efd8e7d358c8e1dff1ed,cardinal,4,0,0_deg_north,cardinal,0,0,90,640,640,1,batch_0001,525,datasets/df_2024_proportional/batch_0001/images/ad459679b3a31049cb13efd8e7d358c8e1dff1ed.jpg,https://raw.githubusercontent.com/GUIA-DD/dataset-streetview/refs/heads/main/datasets/df_2024_proportional/batch_0001/images/ad459679b3a31049cb13efd8e7d358c8e1dff1ed.jpg,True,downloaded,
82b78b3bae0fe5ff9299d3229c5cdb897c4367a2,708a52c35d54a2c89f91172752ae46b77ec1942e,-15.887391938032563,-48.09528816695035,-15.8873638306718,-48.09528028460104,2025-06,2025,VFb4m99gEFY0ExKsYlM1mA,223.5502045593421,© Google,OK,3_3,168507.38930492167,8241067.744896582,19d0e37cf4defd66b6dccb6c0dd2a8a113d87289,cardinal,4,1,90_deg_east,cardinal,90,0,90,640,640,1,batch_0001,526,datasets/df_2024_proportional/batch_0001/images/19d0e37cf4defd66b6dccb6c0dd2a8a113d87289.jpg,https://raw.githubusercontent.com/GUIA-DD/dataset-streetview/refs/heads/main/datasets/df_2024_proportional/batch_0001/images/19d0e37cf4defd66b6dccb6c0dd2a8a113d87289.jpg,True,downloaded,
82b78b3bae0fe5ff9299d3229c5cdb897c4367a2,708a52c35d54a2c89f91172752ae46b77ec1942e,-15.887391938032563,-48.09528816695035,-15.8873638306718,-48.09528028460104,2025-06,2025,VFb4m99gEFY0ExKsYlM1mA,223.5502045593421,© Google,OK,3_3,168507.38930492167,8241067.744896582,d8640ae080dceb8817d035d478f20ea99970fcd0,cardinal,4,2,180_deg_south,cardinal,180,0,90,640,640,1,batch_0001,527,datasets/df_2024_proportional/batch_0001/images/d8640ae080dceb8817d035d478f20ea99970fcd0.jpg,https://raw.githubusercontent.com/GUIA-DD/dataset-streetview/refs/heads/main/datasets/df_2024_proportional/batch_0001/images/d8640ae080dceb8817d035d478f20ea99970fcd0.jpg,True,downloaded,
82b78b3bae0fe5ff9299d3229c5cdb897c4367a2,708a52c35d54a2c89f91172752ae46b77ec1942e,-15.887391938032563,-48.09528816695035,-15.8873638306718,-48.09528028460104,2025-06,2025,VFb4m99gEFY0ExKsYlM1mA,223.5502045593421,© Google,OK,3_3,168507.38930492167,8241067.744896582,8dbeaae777ccb70d5a445c9cb8f92f8b8f9bee30,cardinal,4,3,270_deg_west,cardinal,270,0,90,640,640,1,batch_0001,528,datasets/df_2024_proportional/batch_0001/images/8dbeaae777ccb70d5a445c9cb8f92f8b8f9bee30.jpg,https://raw.githubusercontent.com/GUIA-DD/dataset-streetview/refs/heads/main/datasets/df_2024_proportional/batch_0001/images/8dbeaae777ccb70d5a445c9cb8f92f8b8f9bee30.jpg,True,downloaded,
8311aa0a25478680f5c8f4cbc34d84909d6fb6ff,65697b31eb46654671a382aaadd229b78ca30ff0,-15.949093217589136,-48.00193410946311,-15.94912156087521,-48.00197692051962,2024-06,2024,7v_oiaVmrXL5bYWjoFlfUA,226.40893735225518,© Google,OK,5_2,178611.46115627052,8234380.607071833,a416ce731d500a07a09982449f5c443c980bc458,cardinal,4,0,0_deg_north,cardinal,0,0,90,640,640,1,batch_0001,529,datasets/df_2024_proportional/batch_0001/images/a416ce731d500a07a09982449f5c443c980bc458.jpg,https://raw.githubusercontent.com/GUIA-DD/dataset-streetview/refs/heads/main/datasets/df_2024_proportional/batch_0001/images/a416ce731d500a07a09982449f5c443c980bc458.jpg,True,downloaded,
8311aa0a25478680f5c8f4cbc34d84909d6fb6ff,65697b31eb46654671a382aaadd229b78ca30ff0,-15.949093217589136,-48.00193410946311,-15.94912156087521,-48.00197692051962,2024-06,2024,7v_oiaVmrXL5bYWjoFlfUA,226.40893735225518,© Google,OK,5_2,178611.46115627052,8234380.607071833,bb2a7242bd865fb8c9b0a274b9e8c9619631972b,cardinal,4,1,90_deg_east,cardinal,90,0,90,640,640,1,batch_0001,530,datasets/df_2024_proportional/batch_0001/images/bb2a7242bd865fb8c9b0a274b9e8c9619631972b.jpg,https://raw.githubusercontent.com/GUIA-DD/dataset-streetview/refs/heads/main/datasets/df_2024_proportional/batch_0001/images/bb2a7242bd865fb8c9b0a274b9e8c9619631972b.jpg,True,downloaded,
8311aa0a25478680f5c8f4cbc34d84909d6fb6ff,65697b31eb46654671a382aaadd229b78ca30ff0,-15.949093217589136,-48.00193410946311,-15.94912156087521,-48.00197692051962,2024-06,2024,7v_oiaVmrXL5bYWjoFlfUA,226.40893735225518,© Google,OK,5_2,178611.46115627052,8234380.607071833,d450540e330f767519629087ec5b189f983b7adf,cardinal,4,2,180_deg_south,cardinal,180,0,90,640,640,1,batch_0001,531,datasets/df_2024_proportional/batch_0001/images/d450540e330f767519629087ec5b189f983b7adf.jpg,https://raw.githubusercontent.com/GUIA-DD/dataset-streetview/refs/heads/main/datasets/df_2024_proportional/batch_0001/images/d450540e330f767519629087ec5b189f983b7adf.jpg,True,downloaded,
8311aa0a25478680f5c8f4cbc34d84909d6fb6ff,65697b31eb46654671a382aaadd229b78ca30ff0,-15.949093217589136,-48.00193410946311,-15.94912156087521,-48.00197692051962,2024-06,2024,7v_oiaVmrXL5bYWjoFlfUA,226.40893735225518,© Google,OK,5_2,178611.46115627052,8234380.607071833,0efb777b308be7523cc1e9c0eb1aa83fd11008f0,cardinal,4,3,270_deg_west,cardinal,270,0,90,640,640,1,batch_0001,532,datasets/df_2024_proportional/batch_0001/images/0efb777b308be7523cc1e9c0eb1aa83fd11008f0.jpg,https://raw.githubusercontent.com/GUIA-DD/dataset-streetview/refs/heads/main/datasets/df_2024_proportional/batch_0001/images/0efb777b308be7523cc1e9c0eb1aa83fd11008f0.jpg,True,downloaded,
84d555f43f2a5d018b5aa978ae7638458c74c928,071bf99d6b5c3972df1baa2f1675e4acfe581b3a,-15.890998050001729,-48.04488345020823,-15.89103799250672,-48.04488039360134,2025-06,2025,RKwpLvSC2nMwXPAFyUamMw,341.20432950374925,© Google,OK,4_3,173915.7311393663,8240747.701337231,f444c85b9f51b1c20085a2b83cc5a7ae2cd2883b,cardinal,4,0,0_deg_north,cardinal,0,0,90,640,640,1,batch_0001,533,datasets/df_2024_proportional/batch_0001/images/f444c85b9f51b1c20085a2b83cc5a7ae2cd2883b.jpg,https://raw.githubusercontent.com/GUIA-DD/dataset-streetview/refs/heads/main/datasets/df_2024_proportional/batch_0001/images/f444c85b9f51b1c20085a2b83cc5a7ae2cd2883b.jpg,True,downloaded,
84d555f43f2a5d018b5aa978ae7638458c74c928,071bf99d6b5c3972df1baa2f1675e4acfe581b3a,-15.890998050001729,-48.04488345020823,-15.89103799250672,-48.04488039360134,2025-06,2025,RKwpLvSC2nMwXPAFyUamMw,341.20432950374925,© Google,OK,4_3,173915.7311393663,8240747.701337231,71e453f609a5243ceb38b3a75d5e802a74cd4d39,cardinal,4,1,90_deg_east,cardinal,90,0,90,640,640,1,batch_0001,534,datasets/df_2024_proportional/batch_0001/images/71e453f609a5243ceb38b3a75d5e802a74cd4d39.jpg,https://raw.githubusercontent.com/GUIA-DD/dataset-streetview/refs/heads/main/datasets/df_2024_proportional/batch_0001/images/71e453f609a5243ceb38b3a75d5e802a74cd4d39.jpg,True,downloaded,
84d555f43f2a5d018b5aa978ae7638458c74c928,071bf99d6b5c3972df1baa2f1675e4acfe581b3a,-15.890998050001729,-48.04488345020823,-15.89103799250672,-48.04488039360134,2025-06,2025,RKwpLvSC2nMwXPAFyUamMw,341.20432950374925,© Google,OK,4_3,173915.7311393663,8240747.701337231,8570843e47483bdebfb84f54a32bbc8461c82635,cardinal,4,2,180_deg_south,cardinal,180,0,90,640,640,1,batch_0001,535,datasets/df_2024_proportional/batch_0001/images/8570843e47483bdebfb84f54a32bbc8461c82635.jpg,https://raw.githubusercontent.com/GUIA-DD/dataset-streetview/refs/heads/main/datasets/df_2024_proportional/batch_0001/images/8570843e47483bdebfb84f54a32bbc8461c82635.jpg,True,downloaded,
84d555f43f2a5d018b5aa978ae7638458c74c928,071bf99d6b5c3972df1baa2f1675e4acfe581b3a,-15.890998050001729,-48.04488345020823,-15.89103799250672,-48.04488039360134,2025-06,2025,RKwpLvSC2nMwXPAFyUamMw,341.20432950374925,© Google,OK,4_3,173915.7311393663,8240747.701337231,fb000f306fd6fdbdf4dbfc3406bf9374b8c28ccf,cardinal,4,3,270_deg_west,cardinal,270,0,90,640,640,1,batch_0001,536,datasets/df_2024_proportional/batch_0001/images/fb000f306fd6fdbdf4dbfc3406bf9374b8c28ccf.jpg,https://raw.githubusercontent.com/GUIA-DD/dataset-streetview/refs/heads/main/datasets/df_2024_proportional/batch_0001/images/fb000f306fd6fdbdf4dbfc3406bf9374b8c28ccf.jpg,True,downloaded,
85e89877a9ca65a4bb73d6163b10949e17f851b6,b78788a4ec7e06a85cdd953fc1944d7ce127d896,-16.003745300003576,-48.06124759996929,-16.00374405059073,-48.06124279132219,2024-11,2024,SKXxAia4XKvIeWwZKiN1Sw,1.2475045031075287,© Google,OK,4_1,172345.30781614874,8228235.446882321,07c85ae96a04c9ca08d873fb9e21a7eb1ac62f9a,cardinal,4,0,0_deg_north,cardinal,0,0,90,640,640,1,batch_0001,537,datasets/df_2024_proportional/batch_0001/images/07c85ae96a04c9ca08d873fb9e21a7eb1ac62f9a.jpg,https://raw.githubusercontent.com/GUIA-DD/dataset-streetview/refs/heads/main/datasets/df_2024_proportional/batch_0001/images/07c85ae96a04c9ca08d873fb9e21a7eb1ac62f9a.jpg,True,downloaded,
85e89877a9ca65a4bb73d6163b10949e17f851b6,b78788a4ec7e06a85cdd953fc1944d7ce127d896,-16.003745300003576,-48.06124759996929,-16.00374405059073,-48.06124279132219,2024-11,2024,SKXxAia4XKvIeWwZKiN1Sw,1.2475045031075287,© Google,OK,4_1,172345.30781614874,8228235.446882321,ff330f3ec0815b8416cf04030b8119c3c282f7a5,cardinal,4,1,90_deg_east,cardinal,90,0,90,640,640,1,batch_0001,538,datasets/df_2024_proportional/batch_0001/images/ff330f3ec0815b8416cf04030b8119c3c282f7a5.jpg,https://raw.githubusercontent.com/GUIA-DD/dataset-streetview/refs/heads/main/datasets/df_2024_proportional/batch_0001/images/ff330f3ec0815b8416cf04030b8119c3c282f7a5.jpg,True,downloaded,
85e89877a9ca65a4bb73d6163b10949e17f851b6,b78788a4ec7e06a85cdd953fc1944d7ce127d896,-16.003745300003576,-48.06124759996929,-16.00374405059073,-48.06124279132219,2024-11,2024,SKXxAia4XKvIeWwZKiN1Sw,1.2475045031075287,© Google,OK,4_1,172345.30781614874,8228235.446882321,5b7eb5524dd4ef506fa631a434c5cfd0301e7004,cardinal,4,2,180_deg_south,cardinal,180,0,90,640,640,1,batch_0001,539,datasets/df_2024_proportional/batch_0001/images/5b7eb5524dd4ef506fa631a434c5cfd0301e7004.jpg,https://raw.githubusercontent.com/GUIA-DD/dataset-streetview/refs/heads/main/datasets/df_2024_proportional/batch_0001/images/5b7eb5524dd4ef506fa631a434c5cfd0301e7004.jpg,True,downloaded,
85e89877a9ca65a4bb73d6163b10949e17f851b6,b78788a4ec7e06a85cdd953fc1944d7ce127d896,-16.003745300003576,-48.06124759996929,-16.00374405059073,-48.06124279132219,2024-11,2024,SKXxAia4XKvIeWwZKiN1Sw,1.2475045031075287,© Google,OK,4_1,172345.30781614874,8228235.446882321,304795cb0273ca29d58124c923d03dc5e66b28da,cardinal,4,3,270_deg_west,cardinal,270,0,90,640,640,1,batch_0001,540,datasets/df_2024_proportional/batch_0001/images/304795cb0273ca29d58124c923d03dc5e66b28da.jpg,https://raw.githubusercontent.com/GUIA-DD/dataset-streetview/refs/heads/main/datasets/df_2024_proportional/batch_0001/images/304795cb0273ca29d58124c923d03dc5e66b28da.jpg,True,downloaded,
891653b3aa9e9f4d73883c6df9fdd76bea9fb6ec,eb7fd22cc085b1244430eb8a6c7b56d1e238b32f,-15.91755039999999,-48.05215160004995,-15.91759201301523,-48.05214112798712,2025-07,2025,c1rAbxPMiim1rf8IiHYWOw,161.99916519690592,© Google,OK,4_3,173179.704293133,8237795.726401305,9092df43589c551d026e872a6aec48fc84eaf82c,cardinal,4,0,0_deg_north,cardinal,0,0,90,640,640,1,batch_0001,541,datasets/df_2024_proportional/batch_0001/images/9092df43589c551d026e872a6aec48fc84eaf82c.jpg,https://raw.githubusercontent.com/GUIA-DD/dataset-streetview/refs/heads/main/datasets/df_2024_proportional/batch_0001/images/9092df43589c551d026e872a6aec48fc84eaf82c.jpg,True,downloaded,
891653b3aa9e9f4d73883c6df9fdd76bea9fb6ec,eb7fd22cc085b1244430eb8a6c7b56d1e238b32f,-15.91755039999999,-48.05215160004995,-15.91759201301523,-48.05214112798712,2025-07,2025,c1rAbxPMiim1rf8IiHYWOw,161.99916519690592,© Google,OK,4_3,173179.704293133,8237795.726401305,75da181f33091fbd47a35fdac52ebdbc555a4a48,cardinal,4,1,90_deg_east,cardinal,90,0,90,640,640,1,batch_0001,542,datasets/df_2024_proportional/batch_0001/images/75da181f33091fbd47a35fdac52ebdbc555a4a48.jpg,https://raw.githubusercontent.com/GUIA-DD/dataset-streetview/refs/heads/main/datasets/df_2024_proportional/batch_0001/images/75da181f33091fbd47a35fdac52ebdbc555a4a48.jpg,True,downloaded,
891653b3aa9e9f4d73883c6df9fdd76bea9fb6ec,eb7fd22cc085b1244430eb8a6c7b56d1e238b32f,-15.91755039999999,-48.05215160004995,-15.91759201301523,-48.05214112798712,2025-07,2025,c1rAbxPMiim1rf8IiHYWOw,161.99916519690592,© Google,OK,4_3,173179.704293133,8237795.726401305,75bb1fea70d9290ca37134371dc71da2a4ccbd76,cardinal,4,2,180_deg_south,cardinal,180,0,90,640,640,1,batch_0001,543,datasets/df_2024_proportional/batch_0001/images/75bb1fea70d9290ca37134371dc71da2a4ccbd76.jpg,https://raw.githubusercontent.com/GUIA-DD/dataset-streetview/refs/heads/main/datasets/df_2024_proportional/batch_0001/images/75bb1fea70d9290ca37134371dc71da2a4ccbd76.jpg,True,downloaded,
891653b3aa9e9f4d73883c6df9fdd76bea9fb6ec,eb7fd22cc085b1244430eb8a6c7b56d1e238b32f,-15.91755039999999,-48.05215160004995,-15.91759201301523,-48.05214112798712,2025-07,2025,c1rAbxPMiim1rf8IiHYWOw,161.99916519690592,© Google,OK,4_3,173179.704293133,8237795.726401305,5d1e550bd2a48d15f77703d367f7b986f1e66739,cardinal,4,3,270_deg_west,cardinal,270,0,90,640,640,1,batch_0001,544,datasets/df_2024_proportional/batch_0001/images/5d1e550bd2a48d15f77703d367f7b986f1e66739.jpg,https://raw.githubusercontent.com/GUIA-DD/dataset-streetview/refs/heads/main/datasets/df_2024_proportional/batch_0001/images/5d1e550bd2a48d15f77703d367f7b986f1e66739.jpg,True,downloaded,
8a6dba09947d3d01e2ba211bbf67fc0fbe3fc8e0,9348c8b5ed4bbe32a0829b4394cd1f63cb5e3343,-15.603287750075511,-47.64589479943487,-15.60323889604106,-47.64591121940958,2024-08,2024,egbFebDSPpbHR-_SfI0M2g,2.373340808185199,© Google,OK,13_10,216272.90355913885,8273182.901966011,1af80bb7464616535b78d05f13725e4a5a5de571,cardinal,4,0,0_deg_north,cardinal,0,0,90,640,640,1,batch_0001,545,datasets/df_2024_proportional/batch_0001/images/1af80bb7464616535b78d05f13725e4a5a5de571.jpg,https://raw.githubusercontent.com/GUIA-DD/dataset-streetview/refs/heads/main/datasets/df_2024_proportional/batch_0001/images/1af80bb7464616535b78d05f13725e4a5a5de571.jpg,True,downloaded,
8a6dba09947d3d01e2ba211bbf67fc0fbe3fc8e0,9348c8b5ed4bbe32a0829b4394cd1f63cb5e3343,-15.603287750075511,-47.64589479943487,-15.60323889604106,-47.64591121940958,2024-08,2024,egbFebDSPpbHR-_SfI0M2g,2.373340808185199,© Google,OK,13_10,216272.90355913885,8273182.901966011,5f96277f8b23f4979411e01dcd42bb6159f089fb,cardinal,4,1,90_deg_east,cardinal,90,0,90,640,640,1,batch_0001,546,datasets/df_2024_proportional/batch_0001/images/5f96277f8b23f4979411e01dcd42bb6159f089fb.jpg,https://raw.githubusercontent.com/GUIA-DD/dataset-streetview/refs/heads/main/datasets/df_2024_proportional/batch_0001/images/5f96277f8b23f4979411e01dcd42bb6159f089fb.jpg,True,downloaded,
8a6dba09947d3d01e2ba211bbf67fc0fbe3fc8e0,9348c8b5ed4bbe32a0829b4394cd1f63cb5e3343,-15.603287750075511,-47.64589479943487,-15.60323889604106,-47.64591121940958,2024-08,2024,egbFebDSPpbHR-_SfI0M2g,2.373340808185199,© Google,OK,13_10,216272.90355913885,8273182.901966011,20c99a8753a35d81cde5d875256e369ee30b2eac,cardinal,4,2,180_deg_south,cardinal,180,0,90,640,640,1,batch_0001,547,datasets/df_2024_proportional/batch_0001/images/20c99a8753a35d81cde5d875256e369ee30b2eac.jpg,https://raw.githubusercontent.com/GUIA-DD/dataset-streetview/refs/heads/main/datasets/df_2024_proportional/batch_0001/images/20c99a8753a35d81cde5d875256e369ee30b2eac.jpg,True,downloaded,
8a6dba09947d3d01e2ba211bbf67fc0fbe3fc8e0,9348c8b5ed4bbe32a0829b4394cd1f63cb5e3343,-15.603287750075511,-47.64589479943487,-15.60323889604106,-47.64591121940958,2024-08,2024,egbFebDSPpbHR-_SfI0M2g,2.373340808185199,© Google,OK,13_10,216272.90355913885,8273182.901966011,f394b54d8e661a31711a32ffc88c06b8d6b49ffa,cardinal,4,3,270_deg_west,cardinal,270,0,90,640,640,1,batch_0001,548,datasets/df_2024_proportional/batch_0001/images/f394b54d8e661a31711a32ffc88c06b8d6b49ffa.jpg,https://raw.githubusercontent.com/GUIA-DD/dataset-streetview/refs/heads/main/datasets/df_2024_proportional/batch_0001/images/f394b54d8e661a31711a32ffc88c06b8d6b49ffa.jpg,True,downloaded,
8b680c8c9f8c7c557ce7742a456ed5a22271347e,6891fc69a47b0e18d1d2dfbca524030435deeade,-15.848466900007761,-47.90371485002059,-15.84846356002828,-47.90367447114053,2024-12,2024,NLUo4Igu4hourT_Mm9Wmnw,130.8270306547669,© Google,OK,8_4,188979.8610842104,8245672.623231584,b882a4a2a68bd7fdd2e5d81d9aef1daf30210fa4,cardinal,4,0,0_deg_north,cardinal,0,0,90,640,640,1,batch_0001,549,datasets/df_2024_proportional/batch_0001/images/b882a4a2a68bd7fdd2e5d81d9aef1daf30210fa4.jpg,https://raw.githubusercontent.com/GUIA-DD/dataset-streetview/refs/heads/main/datasets/df_2024_proportional/batch_0001/images/b882a4a2a68bd7fdd2e5d81d9aef1daf30210fa4.jpg,True,downloaded,
8b680c8c9f8c7c557ce7742a456ed5a22271347e,6891fc69a47b0e18d1d2dfbca524030435deeade,-15.848466900007761,-47.90371485002059,-15.84846356002828,-47.90367447114053,2024-12,2024,NLUo4Igu4hourT_Mm9Wmnw,130.8270306547669,© Google,OK,8_4,188979.8610842104,8245672.623231584,0f312d4d93cb674ed79fd9395a439b6476d7e5e9,cardinal,4,1,90_deg_east,cardinal,90,0,90,640,640,1,batch_0001,550,datasets/df_2024_proportional/batch_0001/images/0f312d4d93cb674ed79fd9395a439b6476d7e5e9.jpg,https://raw.githubusercontent.com/GUIA-DD/dataset-streetview/refs/heads/main/datasets/df_2024_proportional/batch_0001/images/0f312d4d93cb674ed79fd9395a439b6476d7e5e9.jpg,True,downloaded,
8b680c8c9f8c7c557ce7742a456ed5a22271347e,6891fc69a47b0e18d1d2dfbca524030435deeade,-15.848466900007761,-47.90371485002059,-15.84846356002828,-47.90367447114053,2024-12,2024,NLUo4Igu4hourT_Mm9Wmnw,130.8270306547669,© Google,OK,8_4,188979.8610842104,8245672.623231584,ad7007a4597ff908f6be1deb60fdd527c3aa4978,cardinal,4,2,180_deg_south,cardinal,180,0,90,640,640,1,batch_0001,551,datasets/df_2024_proportional/batch_0001/images/ad7007a4597ff908f6be1deb60fdd527c3aa4978.jpg,https://raw.githubusercontent.com/GUIA-DD/dataset-streetview/refs/heads/main/datasets/df_2024_proportional/batch_0001/images/ad7007a4597ff908f6be1deb60fdd527c3aa4978.jpg,True,downloaded,
8b680c8c9f8c7c557ce7742a456ed5a22271347e,6891fc69a47b0e18d1d2dfbca524030435deeade,-15.848466900007761,-47.90371485002059,-15.84846356002828,-47.90367447114053,2024-12,2024,NLUo4Igu4hourT_Mm9Wmnw,130.8270306547669,© Google,OK,8_4,188979.8610842104,8245672.623231584,eda41cc92bf29f57d21e7321e6914b831d848dcf,cardinal,4,3,270_deg_west,cardinal,270,0,90,640,640,1,batch_0001,552,datasets/df_2024_proportional/batch_0001/images/eda41cc92bf29f57d21e7321e6914b831d848dcf.jpg,https://raw.githubusercontent.com/GUIA-DD/dataset-streetview/refs/heads/main/datasets/df_2024_proportional/batch_0001/images/eda41cc92bf29f57d21e7321e6914b831d848dcf.jpg,True,downloaded,
8c592259fe62cd518cbd6e7831884335a27ee4ca,31fa9b69ee7bf97f91534f2f6c4a2c52aa9f3304,-15.835437355015642,-47.98177765365933,-15.83539798016776,-47.98179609000633,2024-06,2024,E9L4XcIw-gT2uP0lfwrLpA,160.24836742382763,© Google,OK,6_4,180591.56408336418,8246998.057265229,1403ca1544acd8a2de641cd776cb5e269d660953,cardinal,4,0,0_deg_north,cardinal,0,0,90,640,640,1,batch_0001,553,datasets/df_2024_proportional/batch_0001/images/1403ca1544acd8a2de641cd776cb5e269d660953.jpg,https://raw.githubusercontent.com/GUIA-DD/dataset-streetview/refs/heads/main/datasets/df_2024_proportional/batch_0001/images/1403ca1544acd8a2de641cd776cb5e269d660953.jpg,True,downloaded,
8c592259fe62cd518cbd6e7831884335a27ee4ca,31fa9b69ee7bf97f91534f2f6c4a2c52aa9f3304,-15.835437355015642,-47.98177765365933,-15.83539798016776,-47.98179609000633,2024-06,2024,E9L4XcIw-gT2uP0lfwrLpA,160.24836742382763,© Google,OK,6_4,180591.56408336418,8246998.057265229,ced3d231bf816c52b497c35d1affe757d3161804,cardinal,4,1,90_deg_east,cardinal,90,0,90,640,640,1,batch_0001,554,datasets/df_2024_proportional/batch_0001/images/ced3d231bf816c52b497c35d1affe757d3161804.jpg,https://raw.githubusercontent.com/GUIA-DD/dataset-streetview/refs/heads/main/datasets/df_2024_proportional/batch_0001/images/ced3d231bf816c52b497c35d1affe757d3161804.jpg,True,downloaded,
8c592259fe62cd518cbd6e7831884335a27ee4ca,31fa9b69ee7bf97f91534f2f6c4a2c52aa9f3304,-15.835437355015642,-47.98177765365933,-15.83539798016776,-47.98179609000633,2024-06,2024,E9L4XcIw-gT2uP0lfwrLpA,160.24836742382763,© Google,OK,6_4,180591.56408336418,8246998.057265229,ace4ee0047aad20e7e6fe29421beafe3ebbc4233,cardinal,4,2,180_deg_south,cardinal,180,0,90,640,640,1,batch_0001,555,datasets/df_2024_proportional/batch_0001/images/ace4ee0047aad20e7e6fe29421beafe3ebbc4233.jpg,https://raw.githubusercontent.com/GUIA-DD/dataset-streetview/refs/heads/main/datasets/df_2024_proportional/batch_0001/images/ace4ee0047aad20e7e6fe29421beafe3ebbc4233.jpg,True,downloaded,
8c592259fe62cd518cbd6e7831884335a27ee4ca,31fa9b69ee7bf97f91534f2f6c4a2c52aa9f3304,-15.835437355015642,-47.98177765365933,-15.83539798016776,-47.98179609000633,2024-06,2024,E9L4XcIw-gT2uP0lfwrLpA,160.24836742382763,© Google,OK,6_4,180591.56408336418,8246998.057265229,57ab6aeb37ccadfa94c5d8f662a7aadac6abdb9f,cardinal,4,3,270_deg_west,cardinal,270,0,90,640,640,1,batch_0001,556,datasets/df_2024_proportional/batch_0001/images/57ab6aeb37ccadfa94c5d8f662a7aadac6abdb9f.jpg,https://raw.githubusercontent.com/GUIA-DD/dataset-streetview/refs/heads/main/datasets/df_2024_proportional/batch_0001/images/57ab6aeb37ccadfa94c5d8f662a7aadac6abdb9f.jpg,True,downloaded,
8d6ec1d6f705555dcc86fe87506c3464e06d4a92,6131f211052057a4f2a0a961557cca3923630b7f,-15.835051650029818,-48.106124900151464,-15.83504841620904,-48.10615088452571,2025-02,2025,amPhT3cGw-uVd_gclryWpQ,143.00713110041724,© Google,OK,3_4,167259.87300290228,8246847.32868794,f3557a57d0de26d86e703ce8d6cf6ddd0181e7d3,cardinal,4,0,0_deg_north,cardinal,0,0,90,640,640,1,batch_0001,557,datasets/df_2024_proportional/batch_0001/images/f3557a57d0de26d86e703ce8d6cf6ddd0181e7d3.jpg,https://raw.githubusercontent.com/GUIA-DD/dataset-streetview/refs/heads/main/datasets/df_2024_proportional/batch_0001/images/f3557a57d0de26d86e703ce8d6cf6ddd0181e7d3.jpg,True,downloaded,
8d6ec1d6f705555dcc86fe87506c3464e06d4a92,6131f211052057a4f2a0a961557cca3923630b7f,-15.835051650029818,-48.106124900151464,-15.83504841620904,-48.10615088452571,2025-02,2025,amPhT3cGw-uVd_gclryWpQ,143.00713110041724,© Google,OK,3_4,167259.87300290228,8246847.32868794,72150d324512849775f6f4b2fa7b14b6bbdb346e,cardinal,4,1,90_deg_east,cardinal,90,0,90,640,640,1,batch_0001,558,datasets/df_2024_proportional/batch_0001/images/72150d324512849775f6f4b2fa7b14b6bbdb346e.jpg,https://raw.githubusercontent.com/GUIA-DD/dataset-streetview/refs/heads/main/datasets/df_2024_proportional/batch_0001/images/72150d324512849775f6f4b2fa7b14b6bbdb346e.jpg,True,downloaded,
8d6ec1d6f705555dcc86fe87506c3464e06d4a92,6131f211052057a4f2a0a961557cca3923630b7f,-15.835051650029818,-48.106124900151464,-15.83504841620904,-48.10615088452571,2025-02,2025,amPhT3cGw-uVd_gclryWpQ,143.00713110041724,© Google,OK,3_4,167259.87300290228,8246847.32868794,f73afdde9d2a9e9c0a99e5a699085f6fc507e7f5,cardinal,4,2,180_deg_south,cardinal,180,0,90,640,640,1,batch_0001,559,datasets/df_2024_proportional/batch_0001/images/f73afdde9d2a9e9c0a99e5a699085f6fc507e7f5.jpg,https://raw.githubusercontent.com/GUIA-DD/dataset-streetview/refs/heads/main/datasets/df_2024_proportional/batch_0001/images/f73afdde9d2a9e9c0a99e5a699085f6fc507e7f5.jpg,True,downloaded,
8d6ec1d6f705555dcc86fe87506c3464e06d4a92,6131f211052057a4f2a0a961557cca3923630b7f,-15.835051650029818,-48.106124900151464,-15.83504841620904,-48.10615088452571,2025-02,2025,amPhT3cGw-uVd_gclryWpQ,143.00713110041724,© Google,OK,3_4,167259.87300290228,8246847.32868794,09de1892f08656ab240ae2ecea573d8162029928,cardinal,4,3,270_deg_west,cardinal,270,0,90,640,640,1,batch_0001,560,datasets/df_2024_proportional/batch_0001/images/09de1892f08656ab240ae2ecea573d8162029928.jpg,https://raw.githubusercontent.com/GUIA-DD/dataset-streetview/refs/heads/main/datasets/df_2024_proportional/batch_0001/images/09de1892f08656ab240ae2ecea573d8162029928.jpg,True,downloaded,
91385957d49380928fd5a993e177e59561bc213a,daf33be98dba9cd9314b8854d5281f6ed5a55579,-15.806744650001033,-48.12156710004601,-15.80676190098621,-48.12154201937818,2026-01,2026,7xGOId4LPqDLOKP0z4pSDg,159.12753610321383,© Google,OK,3_5,165557.63112503264,8249957.849067668,78741c49e44cf79d4f1b8cf12d348cc55d9ec063,cardinal,4,0,0_deg_north,cardinal,0,0,90,640,640,1,batch_0001,561,datasets/df_2024_proportional/batch_0001/images/78741c49e44cf79d4f1b8cf12d348cc55d9ec063.jpg,https://raw.githubusercontent.com/GUIA-DD/dataset-streetview/refs/heads/main/datasets/df_2024_proportional/batch_0001/images/78741c49e44cf79d4f1b8cf12d348cc55d9ec063.jpg,True,downloaded,
91385957d49380928fd5a993e177e59561bc213a,daf33be98dba9cd9314b8854d5281f6ed5a55579,-15.806744650001033,-48.12156710004601,-15.80676190098621,-48.12154201937818,2026-01,2026,7xGOId4LPqDLOKP0z4pSDg,159.12753610321383,© Google,OK,3_5,165557.63112503264,8249957.849067668,a3817d57ac77fdca3c55d593733e0b7e640b65ea,cardinal,4,1,90_deg_east,cardinal,90,0,90,640,640,1,batch_0001,562,datasets/df_2024_proportional/batch_0001/images/a3817d57ac77fdca3c55d593733e0b7e640b65ea.jpg,https://raw.githubusercontent.com/GUIA-DD/dataset-streetview/refs/heads/main/datasets/df_2024_proportional/batch_0001/images/a3817d57ac77fdca3c55d593733e0b7e640b65ea.jpg,True,downloaded,
91385957d49380928fd5a993e177e59561bc213a,daf33be98dba9cd9314b8854d5281f6ed5a55579,-15.806744650001033,-48.12156710004601,-15.80676190098621,-48.12154201937818,2026-01,2026,7xGOId4LPqDLOKP0z4pSDg,159.12753610321383,© Google,OK,3_5,165557.63112503264,8249957.849067668,45754ffb625759e1849d7bb28750634dee3563a8,cardinal,4,2,180_deg_south,cardinal,180,0,90,640,640,1,batch_0001,563,datasets/df_2024_proportional/batch_0001/images/45754ffb625759e1849d7bb28750634dee3563a8.jpg,https://raw.githubusercontent.com/GUIA-DD/dataset-streetview/refs/heads/main/datasets/df_2024_proportional/batch_0001/images/45754ffb625759e1849d7bb28750634dee3563a8.jpg,True,downloaded,
91385957d49380928fd5a993e177e59561bc213a,daf33be98dba9cd9314b8854d5281f6ed5a55579,-15.806744650001033,-48.12156710004601,-15.80676190098621,-48.12154201937818,2026-01,2026,7xGOId4LPqDLOKP0z4pSDg,159.12753610321383,© Google,OK,3_5,165557.63112503264,8249957.849067668,87fbf4c81bb74341687f9c6c4fcad5ce6baf87be,cardinal,4,3,270_deg_west,cardinal,270,0,90,640,640,1,batch_0001,564,datasets/df_2024_proportional/batch_0001/images/87fbf4c81bb74341687f9c6c4fcad5ce6baf87be.jpg,https://raw.githubusercontent.com/GUIA-DD/dataset-streetview/refs/heads/main/datasets/df_2024_proportional/batch_0001/images/87fbf4c81bb74341687f9c6c4fcad5ce6baf87be.jpg,True,downloaded,
924dee63803c13a8cd39beea1cb9c1db6d1a08ef,341a33c33b356fc5a282b576ca775f37ce41985d,-15.840970911971704,-48.12866634696708,-15.84101045576612,-48.12865728706594,2026-01,2026,TpzooywCGaH5zbM3r152Yw,141.05965963275233,© Google,OK,3_4,164852.87546172942,8246155.828937423,4d02b4c908a1a6ed936b671ce723446449e0e0d4,cardinal,4,0,0_deg_north,cardinal,0,0,90,640,640,1,batch_0001,565,datasets/df_2024_proportional/batch_0001/images/4d02b4c908a1a6ed936b671ce723446449e0e0d4.jpg,https://raw.githubusercontent.com/GUIA-DD/dataset-streetview/refs/heads/main/datasets/df_2024_proportional/batch_0001/images/4d02b4c908a1a6ed936b671ce723446449e0e0d4.jpg,True,downloaded,
924dee63803c13a8cd39beea1cb9c1db6d1a08ef,341a33c33b356fc5a282b576ca775f37ce41985d,-15.840970911971704,-48.12866634696708,-15.84101045576612,-48.12865728706594,2026-01,2026,TpzooywCGaH5zbM3r152Yw,141.05965963275233,© Google,OK,3_4,164852.87546172942,8246155.828937423,4059d1893501ee1d19f453337b780fcb16bb788e,cardinal,4,1,90_deg_east,cardinal,90,0,90,640,640,1,batch_0001,566,datasets/df_2024_proportional/batch_0001/images/4059d1893501ee1d19f453337b780fcb16bb788e.jpg,https://raw.githubusercontent.com/GUIA-DD/dataset-streetview/refs/heads/main/datasets/df_2024_proportional/batch_0001/images/4059d1893501ee1d19f453337b780fcb16bb788e.jpg,True,downloaded,
924dee63803c13a8cd39beea1cb9c1db6d1a08ef,341a33c33b356fc5a282b576ca775f37ce41985d,-15.840970911971704,-48.12866634696708,-15.84101045576612,-48.12865728706594,2026-01,2026,TpzooywCGaH5zbM3r152Yw,141.05965963275233,© Google,OK,3_4,164852.87546172942,8246155.828937423,3e7ea659f2d25c23ab6f864e31fa41b4879fbc73,cardinal,4,2,180_deg_south,cardinal,180,0,90,640,640,1,batch_0001,567,datasets/df_2024_proportional/batch_0001/images/3e7ea659f2d25c23ab6f864e31fa41b4879fbc73.jpg,https://raw.githubusercontent.com/GUIA-DD/dataset-streetview/refs/heads/main/datasets/df_2024_proportional/batch_0001/images/3e7ea659f2d25c23ab6f864e31fa41b4879fbc73.jpg,True,downloaded,
924dee63803c13a8cd39beea1cb9c1db6d1a08ef,341a33c33b356fc5a282b576ca775f37ce41985d,-15.840970911971704,-48.12866634696708,-15.84101045576612,-48.12865728706594,2026-01,2026,TpzooywCGaH5zbM3r152Yw,141.05965963275233,© Google,OK,3_4,164852.87546172942,8246155.828937423,b73f6f8abc5f162c1c1ef1b0e0f8b2b98ec4d3db,cardinal,4,3,270_deg_west,cardinal,270,0,90,640,640,1,batch_0001,568,datasets/df_2024_proportional/batch_0001/images/b73f6f8abc5f162c1c1ef1b0e0f8b2b98ec4d3db.jpg,https://raw.githubusercontent.com/GUIA-DD/dataset-streetview/refs/heads/main/datasets/df_2024_proportional/batch_0001/images/b73f6f8abc5f162c1c1ef1b0e0f8b2b98ec4d3db.jpg,True,downloaded,
9296ee6fcf7bd3ba295f60dbd61d54e02e5e3f0b,ae162c9fe4a12d3a0c7ac872591168a149100181,-15.74142375003935,-47.856520199858544,-15.74140799515256,-47.85652783632374,2024-05,2024,3jnCSTV-KDiUYGRhtAkdvw,16.936432579429983,© Google,OK,8_7,193877.56648485354,8257595.048610077,7acf08c46aaacb2ca84915e42bb37868238842f2,cardinal,4,0,0_deg_north,cardinal,0,0,90,640,640,1,batch_0001,569,datasets/df_2024_proportional/batch_0001/images/7acf08c46aaacb2ca84915e42bb37868238842f2.jpg,https://raw.githubusercontent.com/GUIA-DD/dataset-streetview/refs/heads/main/datasets/df_2024_proportional/batch_0001/images/7acf08c46aaacb2ca84915e42bb37868238842f2.jpg,True,downloaded,
9296ee6fcf7bd3ba295f60dbd61d54e02e5e3f0b,ae162c9fe4a12d3a0c7ac872591168a149100181,-15.74142375003935,-47.856520199858544,-15.74140799515256,-47.85652783632374,2024-05,2024,3jnCSTV-KDiUYGRhtAkdvw,16.936432579429983,© Google,OK,8_7,193877.56648485354,8257595.048610077,fc4038bd50241cc5b4a6f978d8ee0dab88d0c48f,cardinal,4,1,90_deg_east,cardinal,90,0,90,640,640,1,batch_0001,570,datasets/df_2024_proportional/batch_0001/images/fc4038bd50241cc5b4a6f978d8ee0dab88d0c48f.jpg,https://raw.githubusercontent.com/GUIA-DD/dataset-streetview/refs/heads/main/datasets/df_2024_proportional/batch_0001/images/fc4038bd50241cc5b4a6f978d8ee0dab88d0c48f.jpg,True,downloaded,
9296ee6fcf7bd3ba295f60dbd61d54e02e5e3f0b,ae162c9fe4a12d3a0c7ac872591168a149100181,-15.74142375003935,-47.856520199858544,-15.74140799515256,-47.85652783632374,2024-05,2024,3jnCSTV-KDiUYGRhtAkdvw,16.936432579429983,© Google,OK,8_7,193877.56648485354,8257595.048610077,0c1bbf1fe7354ce72c2cf2718524f2bcb7123c79,cardinal,4,2,180_deg_south,cardinal,180,0,90,640,640,1,batch_0001,571,datasets/df_2024_proportional/batch_0001/images/0c1bbf1fe7354ce72c2cf2718524f2bcb7123c79.jpg,https://raw.githubusercontent.com/GUIA-DD/dataset-streetview/refs/heads/main/datasets/df_2024_proportional/batch_0001/images/0c1bbf1fe7354ce72c2cf2718524f2bcb7123c79.jpg,True,downloaded,
9296ee6fcf7bd3ba295f60dbd61d54e02e5e3f0b,ae162c9fe4a12d3a0c7ac872591168a149100181,-15.74142375003935,-47.856520199858544,-15.74140799515256,-47.85652783632374,2024-05,2024,3jnCSTV-KDiUYGRhtAkdvw,16.936432579429983,© Google,OK,8_7,193877.56648485354,8257595.048610077,b58f29b707841f2fbea2469b73da759e78d759aa,cardinal,4,3,270_deg_west,cardinal,270,0,90,640,640,1,batch_0001,572,datasets/df_2024_proportional/batch_0001/images/b58f29b707841f2fbea2469b73da759e78d759aa.jpg,https://raw.githubusercontent.com/GUIA-DD/dataset-streetview/refs/heads/main/datasets/df_2024_proportional/batch_0001/images/b58f29b707841f2fbea2469b73da759e78d759aa.jpg,True,downloaded,
954a06b8759466ebe2e1670ece76c3c024e72eb7,4f368f645c873f8a26d6747fefaa4d576305c66e,-15.618221954424598,-47.6449840762851,-15.61817287738279,-47.64495606890582,2024-08,2024,bbVmXBuHjR0_zDje-vljlg,347.9307157098701,© Google,OK,13_9,216391.17731851718,8271530.720671985,f1fe69579604aabbbf4a156b9f093417641e455a,cardinal,4,0,0_deg_north,cardinal,0,0,90,640,640,1,batch_0001,573,datasets/df_2024_proportional/batch_0001/images/f1fe69579604aabbbf4a156b9f093417641e455a.jpg,https://raw.githubusercontent.com/GUIA-DD/dataset-streetview/refs/heads/main/datasets/df_2024_proportional/batch_0001/images/f1fe69579604aabbbf4a156b9f093417641e455a.jpg,True,downloaded,
954a06b8759466ebe2e1670ece76c3c024e72eb7,4f368f645c873f8a26d6747fefaa4d576305c66e,-15.618221954424598,-47.6449840762851,-15.61817287738279,-47.64495606890582,2024-08,2024,bbVmXBuHjR0_zDje-vljlg,347.9307157098701,© Google,OK,13_9,216391.17731851718,8271530.720671985,15cd53ade98ec06001985e74ead1c2eff7814d72,cardinal,4,1,90_deg_east,cardinal,90,0,90,640,640,1,batch_0001,574,datasets/df_2024_proportional/batch_0001/images/15cd53ade98ec06001985e74ead1c2eff7814d72.jpg,https://raw.githubusercontent.com/GUIA-DD/dataset-streetview/refs/heads/main/datasets/df_2024_proportional/batch_0001/images/15cd53ade98ec06001985e74ead1c2eff7814d72.jpg,True,downloaded,
954a06b8759466ebe2e1670ece76c3c024e72eb7,4f368f645c873f8a26d6747fefaa4d576305c66e,-15.618221954424598,-47.6449840762851,-15.61817287738279,-47.64495606890582,2024-08,2024,bbVmXBuHjR0_zDje-vljlg,347.9307157098701,© Google,OK,13_9,216391.17731851718,8271530.720671985,2c0b2cfa00ed39679969253fad7f9155b627d5de,cardinal,4,2,180_deg_south,cardinal,180,0,90,640,640,1,batch_0001,575,datasets/df_2024_proportional/batch_0001/images/2c0b2cfa00ed39679969253fad7f9155b627d5de.jpg,https://raw.githubusercontent.com/GUIA-DD/dataset-streetview/refs/heads/main/datasets/df_2024_proportional/batch_0001/images/2c0b2cfa00ed39679969253fad7f9155b627d5de.jpg,True,downloaded,
954a06b8759466ebe2e1670ece76c3c024e72eb7,4f368f645c873f8a26d6747fefaa4d576305c66e,-15.618221954424598,-47.6449840762851,-15.61817287738279,-47.64495606890582,2024-08,2024,bbVmXBuHjR0_zDje-vljlg,347.9307157098701,© Google,OK,13_9,216391.17731851718,8271530.720671985,06b1617b9b57efdc1a32ac141a2f04721250b462,cardinal,4,3,270_deg_west,cardinal,270,0,90,640,640,1,batch_0001,576,datasets/df_2024_proportional/batch_0001/images/06b1617b9b57efdc1a32ac141a2f04721250b462.jpg,https://raw.githubusercontent.com/GUIA-DD/dataset-streetview/refs/heads/main/datasets/df_2024_proportional/batch_0001/images/06b1617b9b57efdc1a32ac141a2f04721250b462.jpg,True,downloaded,
9658de5c909475f2cd6a34769decfc0c9ca982a2,6f23278f5a1ae93d13032491093ec2f2c5f4ebf6,-15.682217927561714,-48.20537427805148,-15.68223639541826,-48.2054115333131,2024-11,2024,ju1Q5MWg2J0mKE3dAtnp7A,5.350951915227044,© Google,OK,1_8,156361.06077876023,8263615.198268533,1520197705abcfa22f00346a5e2021e0c45b4b22,cardinal,4,0,0_deg_north,cardinal,0,0,90,640,640,1,batch_0001,577,datasets/df_2024_proportional/batch_0001/images/1520197705abcfa22f00346a5e2021e0c45b4b22.jpg,https://raw.githubusercontent.com/GUIA-DD/dataset-streetview/refs/heads/main/datasets/df_2024_proportional/batch_0001/images/1520197705abcfa22f00346a5e2021e0c45b4b22.jpg,True,downloaded,
9658de5c909475f2cd6a34769decfc0c9ca982a2,6f23278f5a1ae93d13032491093ec2f2c5f4ebf6,-15.682217927561714,-48.20537427805148,-15.68223639541826,-48.2054115333131,2024-11,2024,ju1Q5MWg2J0mKE3dAtnp7A,5.350951915227044,© Google,OK,1_8,156361.06077876023,8263615.198268533,927b0120361f480b1b32a130bcb07624acf75e89,cardinal,4,1,90_deg_east,cardinal,90,0,90,640,640,1,batch_0001,578,datasets/df_2024_proportional/batch_0001/images/927b0120361f480b1b32a130bcb07624acf75e89.jpg,https://raw.githubusercontent.com/GUIA-DD/dataset-streetview/refs/heads/main/datasets/df_2024_proportional/batch_0001/images/927b0120361f480b1b32a130bcb07624acf75e89.jpg,True,downloaded,
9658de5c909475f2cd6a34769decfc0c9ca982a2,6f23278f5a1ae93d13032491093ec2f2c5f4ebf6,-15.682217927561714,-48.20537427805148,-15.68223639541826,-48.2054115333131,2024-11,2024,ju1Q5MWg2J0mKE3dAtnp7A,5.350951915227044,© Google,OK,1_8,156361.06077876023,8263615.198268533,927b7186618580a8f5cfe62e803fd12e39dd7b7e,cardinal,4,2,180_deg_south,cardinal,180,0,90,640,640,1,batch_0001,579,datasets/df_2024_proportional/batch_0001/images/927b7186618580a8f5cfe62e803fd12e39dd7b7e.jpg,https://raw.githubusercontent.com/GUIA-DD/dataset-streetview/refs/heads/main/datasets/df_2024_proportional/batch_0001/images/927b7186618580a8f5cfe62e803fd12e39dd7b7e.jpg,True,downloaded,
9658de5c909475f2cd6a34769decfc0c9ca982a2,6f23278f5a1ae93d13032491093ec2f2c5f4ebf6,-15.682217927561714,-48.20537427805148,-15.68223639541826,-48.2054115333131,2024-11,2024,ju1Q5MWg2J0mKE3dAtnp7A,5.350951915227044,© Google,OK,1_8,156361.06077876023,8263615.198268533,441fe2485d7af2e78e7253fe42c61dfd3d9c3b99,cardinal,4,3,270_deg_west,cardinal,270,0,90,640,640,1,batch_0001,580,datasets/df_2024_proportional/batch_0001/images/441fe2485d7af2e78e7253fe42c61dfd3d9c3b99.jpg,https://raw.githubusercontent.com/GUIA-DD/dataset-streetview/refs/heads/main/datasets/df_2024_proportional/batch_0001/images/441fe2485d7af2e78e7253fe42c61dfd3d9c3b99.jpg,True,downloaded,
9687423ef2c9a1890d5ab03837055ad6f7f750fb,6de49b441db9d1ad71596d358c46195577f373b2,-15.805190321562481,-47.87994245826483,-15.80522582996064,-47.87997311799449,2026-02,2026,LsvisUw44AnFZUr6BO2t6w,219.44210013206663,© Google,OK,8_5,191462.24404729155,8250499.899619339,dd2db19dc92d6d4f37120f3e4a54c9629add4303,cardinal,4,0,0_deg_north,cardinal,0,0,90,640,640,1,batch_0001,581,datasets/df_2024_proportional/batch_0001/images/dd2db19dc92d6d4f37120f3e4a54c9629add4303.jpg,https://raw.githubusercontent.com/GUIA-DD/dataset-streetview/refs/heads/main/datasets/df_2024_proportional/batch_0001/images/dd2db19dc92d6d4f37120f3e4a54c9629add4303.jpg,True,downloaded,
9687423ef2c9a1890d5ab03837055ad6f7f750fb,6de49b441db9d1ad71596d358c46195577f373b2,-15.805190321562481,-47.87994245826483,-15.80522582996064,-47.87997311799449,2026-02,2026,LsvisUw44AnFZUr6BO2t6w,219.44210013206663,© Google,OK,8_5,191462.24404729155,8250499.899619339,992f2fcf68e91ae8d485e77f160cfef4d7d7f501,cardinal,4,1,90_deg_east,cardinal,90,0,90,640,640,1,batch_0001,582,datasets/df_2024_proportional/batch_0001/images/992f2fcf68e91ae8d485e77f160cfef4d7d7f501.jpg,https://raw.githubusercontent.com/GUIA-DD/dataset-streetview/refs/heads/main/datasets/df_2024_proportional/batch_0001/images/992f2fcf68e91ae8d485e77f160cfef4d7d7f501.jpg,True,downloaded,
9687423ef2c9a1890d5ab03837055ad6f7f750fb,6de49b441db9d1ad71596d358c46195577f373b2,-15.805190321562481,-47.87994245826483,-15.80522582996064,-47.87997311799449,2026-02,2026,LsvisUw44AnFZUr6BO2t6w,219.44210013206663,© Google,OK,8_5,191462.24404729155,8250499.899619339,8a97e44653f280a343eda1217b91a25559443b51,cardinal,4,2,180_deg_south,cardinal,180,0,90,640,640,1,batch_0001,583,datasets/df_2024_proportional/batch_0001/images/8a97e44653f280a343eda1217b91a25559443b51.jpg,https://raw.githubusercontent.com/GUIA-DD/dataset-streetview/refs/heads/main/datasets/df_2024_proportional/batch_0001/images/8a97e44653f280a343eda1217b91a25559443b51.jpg,True,downloaded,
9687423ef2c9a1890d5ab03837055ad6f7f750fb,6de49b441db9d1ad71596d358c46195577f373b2,-15.805190321562481,-47.87994245826483,-15.80522582996064,-47.87997311799449,2026-02,2026,LsvisUw44AnFZUr6BO2t6w,219.44210013206663,© Google,OK,8_5,191462.24404729155,8250499.899619339,5ef9fcf3b46eb5d996eb78de759eef8710a014b4,cardinal,4,3,270_deg_west,cardinal,270,0,90,640,640,1,batch_0001,584,datasets/df_2024_proportional/batch_0001/images/5ef9fcf3b46eb5d996eb78de759eef8710a014b4.jpg,https://raw.githubusercontent.com/GUIA-DD/dataset-streetview/refs/heads/main/datasets/df_2024_proportional/batch_0001/images/5ef9fcf3b46eb5d996eb78de759eef8710a014b4.jpg,True,downloaded,
97208285a8f58eca97b6974bbf3eeb7aca5259c4,dc3c49651d3fa0d9242a02298c6e7d7ea73c55c4,-15.786697000042006,-48.13123225197967,-15.78667797560872,-48.13125016610244,2026-01,2026,IbsKNWQLh9R-k_0iXjtOPg,339.13983552546296,© Google,OK,3_5,164488.16464705032,8252162.789044736,8c7cbe894a6d2274b3ebbc39d7366fc690bf3ade,cardinal,4,0,0_deg_north,cardinal,0,0,90,640,640,1,batch_0001,585,datasets/df_2024_proportional/batch_0001/images/8c7cbe894a6d2274b3ebbc39d7366fc690bf3ade.jpg,https://raw.githubusercontent.com/GUIA-DD/dataset-streetview/refs/heads/main/datasets/df_2024_proportional/batch_0001/images/8c7cbe894a6d2274b3ebbc39d7366fc690bf3ade.jpg,True,downloaded,
97208285a8f58eca97b6974bbf3eeb7aca5259c4,dc3c49651d3fa0d9242a02298c6e7d7ea73c55c4,-15.786697000042006,-48.13123225197967,-15.78667797560872,-48.13125016610244,2026-01,2026,IbsKNWQLh9R-k_0iXjtOPg,339.13983552546296,© Google,OK,3_5,164488.16464705032,8252162.789044736,ded72544dbc42e40094b46fb930fdbc72f48838a,cardinal,4,1,90_deg_east,cardinal,90,0,90,640,640,1,batch_0001,586,datasets/df_2024_proportional/batch_0001/images/ded72544dbc42e40094b46fb930fdbc72f48838a.jpg,https://raw.githubusercontent.com/GUIA-DD/dataset-streetview/refs/heads/main/datasets/df_2024_proportional/batch_0001/images/ded72544dbc42e40094b46fb930fdbc72f48838a.jpg,True,downloaded,
97208285a8f58eca97b6974bbf3eeb7aca5259c4,dc3c49651d3fa0d9242a02298c6e7d7ea73c55c4,-15.786697000042006,-48.13123225197967,-15.78667797560872,-48.13125016610244,2026-01,2026,IbsKNWQLh9R-k_0iXjtOPg,339.13983552546296,© Google,OK,3_5,164488.16464705032,8252162.789044736,baf40705602582de0d3a5ecb134375bdff38c50d,cardinal,4,2,180_deg_south,cardinal,180,0,90,640,640,1,batch_0001,587,datasets/df_2024_proportional/batch_0001/images/baf40705602582de0d3a5ecb134375bdff38c50d.jpg,https://raw.githubusercontent.com/GUIA-DD/dataset-streetview/refs/heads/main/datasets/df_2024_proportional/batch_0001/images/baf40705602582de0d3a5ecb134375bdff38c50d.jpg,True,downloaded,
97208285a8f58eca97b6974bbf3eeb7aca5259c4,dc3c49651d3fa0d9242a02298c6e7d7ea73c55c4,-15.786697000042006,-48.13123225197967,-15.78667797560872,-48.13125016610244,2026-01,2026,IbsKNWQLh9R-k_0iXjtOPg,339.13983552546296,© Google,OK,3_5,164488.16464705032,8252162.789044736,db1e8f932856482bcd9ebac48f5c6acb36c2d3e5,cardinal,4,3,270_deg_west,cardinal,270,0,90,640,640,1,batch_0001,588,datasets/df_2024_proportional/batch_0001/images/db1e8f932856482bcd9ebac48f5c6acb36c2d3e5.jpg,https://raw.githubusercontent.com/GUIA-DD/dataset-streetview/refs/heads/main/datasets/df_2024_proportional/batch_0001/images/db1e8f932856482bcd9ebac48f5c6acb36c2d3e5.jpg,True,downloaded,
9750cda914e085dd0829b3ced71e6e39daff76fc,dc0b1b179b175c8dd08fe3ed1124b923246ff5a3,-15.771534570923663,-47.90923584969852,-15.77174508659769,-47.9092819720528,2024-05,2024,xJdZ-75f9ABTbb8SMQsrDg,104.66925938279572,© Google,OK,7_6,188270.11131780595,8254183.5054947585,aec95095ad4abbda103c534b6f8f7c5d473fb02e,cardinal,4,0,0_deg_north,cardinal,0,0,90,640,640,1,batch_0001,589,datasets/df_2024_proportional/batch_0001/images/aec95095ad4abbda103c534b6f8f7c5d473fb02e.jpg,https://raw.githubusercontent.com/GUIA-DD/dataset-streetview/refs/heads/main/datasets/df_2024_proportional/batch_0001/images/aec95095ad4abbda103c534b6f8f7c5d473fb02e.jpg,True,downloaded,
9750cda914e085dd0829b3ced71e6e39daff76fc,dc0b1b179b175c8dd08fe3ed1124b923246ff5a3,-15.771534570923663,-47.90923584969852,-15.77174508659769,-47.9092819720528,2024-05,2024,xJdZ-75f9ABTbb8SMQsrDg,104.66925938279572,© Google,OK,7_6,188270.11131780595,8254183.5054947585,4b6fc009c5c6fb5fa6dde5caaf1c4377318d96e2,cardinal,4,1,90_deg_east,cardinal,90,0,90,640,640,1,batch_0001,590,datasets/df_2024_proportional/batch_0001/images/4b6fc009c5c6fb5fa6dde5caaf1c4377318d96e2.jpg,https://raw.githubusercontent.com/GUIA-DD/dataset-streetview/refs/heads/main/datasets/df_2024_proportional/batch_0001/images/4b6fc009c5c6fb5fa6dde5caaf1c4377318d96e2.jpg,True,downloaded,
9750cda914e085dd0829b3ced71e6e39daff76fc,dc0b1b179b175c8dd08fe3ed1124b923246ff5a3,-15.771534570923663,-47.90923584969852,-15.77174508659769,-47.9092819720528,2024-05,2024,xJdZ-75f9ABTbb8SMQsrDg,104.66925938279572,© Google,OK,7_6,188270.11131780595,8254183.5054947585,4d74d2faf38fff83cc1f9b91736863f364a10875,cardinal,4,2,180_deg_south,cardinal,180,0,90,640,640,1,batch_0001,591,datasets/df_2024_proportional/batch_0001/images/4d74d2faf38fff83cc1f9b91736863f364a10875.jpg,https://raw.githubusercontent.com/GUIA-DD/dataset-streetview/refs/heads/main/datasets/df_2024_proportional/batch_0001/images/4d74d2faf38fff83cc1f9b91736863f364a10875.jpg,True,downloaded,
9750cda914e085dd0829b3ced71e6e39daff76fc,dc0b1b179b175c8dd08fe3ed1124b923246ff5a3,-15.771534570923663,-47.90923584969852,-15.77174508659769,-47.9092819720528,2024-05,2024,xJdZ-75f9ABTbb8SMQsrDg,104.66925938279572,© Google,OK,7_6,188270.11131780595,8254183.5054947585,614942acfc1011509f8670a4141b23cfc8b6b342,cardinal,4,3,270_deg_west,cardinal,270,0,90,640,640,1,batch_0001,592,datasets/df_2024_proportional/batch_0001/images/614942acfc1011509f8670a4141b23cfc8b6b342.jpg,https://raw.githubusercontent.com/GUIA-DD/dataset-streetview/refs/heads/main/datasets/df_2024_proportional/batch_0001/images/614942acfc1011509f8670a4141b23cfc8b6b342.jpg,True,downloaded,
98575fb6ba3f9d0fd51fc4e3d1dc40f8c4847245,044c6c453ff296214c2f9c0bbb33d61e19498571,-15.817075200004139,-48.06016165019534,-15.81704677127025,-48.06013274450825,2024-09,2024,Gofr18h8f2y04o1tYtN7HQ,159.7232286262406,© Google,OK,4_5,172158.6521223493,8248910.611914624,0e50fcb4f59d25fb1cc02599565a3388c93a38a1,cardinal,4,0,0_deg_north,cardinal,0,0,90,640,640,1,batch_0001,593,datasets/df_2024_proportional/batch_0001/images/0e50fcb4f59d25fb1cc02599565a3388c93a38a1.jpg,https://raw.githubusercontent.com/GUIA-DD/dataset-streetview/refs/heads/main/datasets/df_2024_proportional/batch_0001/images/0e50fcb4f59d25fb1cc02599565a3388c93a38a1.jpg,True,downloaded,
98575fb6ba3f9d0fd51fc4e3d1dc40f8c4847245,044c6c453ff296214c2f9c0bbb33d61e19498571,-15.817075200004139,-48.06016165019534,-15.81704677127025,-48.06013274450825,2024-09,2024,Gofr18h8f2y04o1tYtN7HQ,159.7232286262406,© Google,OK,4_5,172158.6521223493,8248910.611914624,29bb9df0c49fecf0154287c74e39dbe221ad3577,cardinal,4,1,90_deg_east,cardinal,90,0,90,640,640,1,batch_0001,594,datasets/df_2024_proportional/batch_0001/images/29bb9df0c49fecf0154287c74e39dbe221ad3577.jpg,https://raw.githubusercontent.com/GUIA-DD/dataset-streetview/refs/heads/main/datasets/df_2024_proportional/batch_0001/images/29bb9df0c49fecf0154287c74e39dbe221ad3577.jpg,True,downloaded,
98575fb6ba3f9d0fd51fc4e3d1dc40f8c4847245,044c6c453ff296214c2f9c0bbb33d61e19498571,-15.817075200004139,-48.06016165019534,-15.81704677127025,-48.06013274450825,2024-09,2024,Gofr18h8f2y04o1tYtN7HQ,159.7232286262406,© Google,OK,4_5,172158.6521223493,8248910.611914624,0170c1c11895948fa6b0403d31b20d09d13aea73,cardinal,4,2,180_deg_south,cardinal,180,0,90,640,640,1,batch_0001,595,datasets/df_2024_proportional/batch_0001/images/0170c1c11895948fa6b0403d31b20d09d13aea73.jpg,https://raw.githubusercontent.com/GUIA-DD/dataset-streetview/refs/heads/main/datasets/df_2024_proportional/batch_0001/images/0170c1c11895948fa6b0403d31b20d09d13aea73.jpg,True,downloaded,
98575fb6ba3f9d0fd51fc4e3d1dc40f8c4847245,044c6c453ff296214c2f9c0bbb33d61e19498571,-15.817075200004139,-48.06016165019534,-15.81704677127025,-48.06013274450825,2024-09,2024,Gofr18h8f2y04o1tYtN7HQ,159.7232286262406,© Google,OK,4_5,172158.6521223493,8248910.611914624,21926bc61712146122a0f26462d34eccf1c9af02,cardinal,4,3,270_deg_west,cardinal,270,0,90,640,640,1,batch_0001,596,datasets/df_2024_proportional/batch_0001/images/21926bc61712146122a0f26462d34eccf1c9af02.jpg,https://raw.githubusercontent.com/GUIA-DD/dataset-streetview/refs/heads/main/datasets/df_2024_proportional/batch_0001/images/21926bc61712146122a0f26462d34eccf1c9af02.jpg,True,downloaded,
992cc76a6f9948ed56bc5e40c26bfa4397c1f0c6,8543b55e15003dba549e92353612d705c0d7ea2a,-15.884450900108453,-48.14802924989258,-15.88444496542982,-48.14805824526151,2024-06,2024,GhIHIY-BM1GyuoSqHKZzCA,236.00522202605796,© Google,OK,2_3,162849.30565235525,8241309.083153203,2249d3144ce49991d030b6a04c4543ff31aac218,cardinal,4,0,0_deg_north,cardinal,0,0,90,640,640,1,batch_0001,597,datasets/df_2024_proportional/batch_0001/images/2249d3144ce49991d030b6a04c4543ff31aac218.jpg,https://raw.githubusercontent.com/GUIA-DD/dataset-streetview/refs/heads/main/datasets/df_2024_proportional/batch_0001/images/2249d3144ce49991d030b6a04c4543ff31aac218.jpg,True,downloaded,
992cc76a6f9948ed56bc5e40c26bfa4397c1f0c6,8543b55e15003dba549e92353612d705c0d7ea2a,-15.884450900108453,-48.14802924989258,-15.88444496542982,-48.14805824526151,2024-06,2024,GhIHIY-BM1GyuoSqHKZzCA,236.00522202605796,© Google,OK,2_3,162849.30565235525,8241309.083153203,bc48e4ff5a4c648e5e7519755148e01d79f72b60,cardinal,4,1,90_deg_east,cardinal,90,0,90,640,640,1,batch_0001,598,datasets/df_2024_proportional/batch_0001/images/bc48e4ff5a4c648e5e7519755148e01d79f72b60.jpg,https://raw.githubusercontent.com/GUIA-DD/dataset-streetview/refs/heads/main/datasets/df_2024_proportional/batch_0001/images/bc48e4ff5a4c648e5e7519755148e01d79f72b60.jpg,True,downloaded,
992cc76a6f9948ed56bc5e40c26bfa4397c1f0c6,8543b55e15003dba549e92353612d705c0d7ea2a,-15.884450900108453,-48.14802924989258,-15.88444496542982,-48.14805824526151,2024-06,2024,GhIHIY-BM1GyuoSqHKZzCA,236.00522202605796,© Google,OK,2_3,162849.30565235525,8241309.083153203,42fe6189ea36dff4c59cae8b171f322af05965cc,cardinal,4,2,180_deg_south,cardinal,180,0,90,640,640,1,batch_0001,599,datasets/df_2024_proportional/batch_0001/images/42fe6189ea36dff4c59cae8b171f322af05965cc.jpg,https://raw.githubusercontent.com/GUIA-DD/dataset-streetview/refs/heads/main/datasets/df_2024_proportional/batch_0001/images/42fe6189ea36dff4c59cae8b171f322af05965cc.jpg,True,downloaded,
992cc76a6f9948ed56bc5e40c26bfa4397c1f0c6,8543b55e15003dba549e92353612d705c0d7ea2a,-15.884450900108453,-48.14802924989258,-15.88444496542982,-48.14805824526151,2024-06,2024,GhIHIY-BM1GyuoSqHKZzCA,236.00522202605796,© Google,OK,2_3,162849.30565235525,8241309.083153203,375e9bb59743a04f2ecb3415b6b49ba8c2ac65cb,cardinal,4,3,270_deg_west,cardinal,270,0,90,640,640,1,batch_0001,600,datasets/df_2024_proportional/batch_0001/images/375e9bb59743a04f2ecb3415b6b49ba8c2ac65cb.jpg,https://raw.githubusercontent.com/GUIA-DD/dataset-streetview/refs/heads/main/datasets/df_2024_proportional/batch_0001/images/375e9bb59743a04f2ecb3415b6b49ba8c2ac65cb.jpg,True,downloaded,
993fd88badbe8e088230fac7f98c9c729602e668,f0487f1a53e5e9a27b2ed0df6b43ac6bd932f720,-15.816379800001044,-47.90613860002146,-15.81638901845677,-47.90614468726193,2024-06,2024,C0gjRN4n-8pKdZKqTpJ4WA,158.1293302087005,© Google,OK,7_5,188670.84779559614,8249222.179277075,208d10ba0dc53a5ef8f7b0454cc686c9b1dfa3a5,cardinal,4,0,0_deg_north,cardinal,0,0,90,640,640,1,batch_0001,601,datasets/df_2024_proportional/batch_0001/images/208d10ba0dc53a5ef8f7b0454cc686c9b1dfa3a5.jpg,https://raw.githubusercontent.com/GUIA-DD/dataset-streetview/refs/heads/main/datasets/df_2024_proportional/batch_0001/images/208d10ba0dc53a5ef8f7b0454cc686c9b1dfa3a5.jpg,True,downloaded,
993fd88badbe8e088230fac7f98c9c729602e668,f0487f1a53e5e9a27b2ed0df6b43ac6bd932f720,-15.816379800001044,-47.90613860002146,-15.81638901845677,-47.90614468726193,2024-06,2024,C0gjRN4n-8pKdZKqTpJ4WA,158.1293302087005,© Google,OK,7_5,188670.84779559614,8249222.179277075,b788343fc63a1112cf3e897404b5b6166ec43b0d,cardinal,4,1,90_deg_east,cardinal,90,0,90,640,640,1,batch_0001,602,datasets/df_2024_proportional/batch_0001/images/b788343fc63a1112cf3e897404b5b6166ec43b0d.jpg,https://raw.githubusercontent.com/GUIA-DD/dataset-streetview/refs/heads/main/datasets/df_2024_proportional/batch_0001/images/b788343fc63a1112cf3e897404b5b6166ec43b0d.jpg,True,downloaded,
993fd88badbe8e088230fac7f98c9c729602e668,f0487f1a53e5e9a27b2ed0df6b43ac6bd932f720,-15.816379800001044,-47.90613860002146,-15.81638901845677,-47.90614468726193,2024-06,2024,C0gjRN4n-8pKdZKqTpJ4WA,158.1293302087005,© Google,OK,7_5,188670.84779559614,8249222.179277075,4c52dab1bb5f5334eb22f93397ff7ff9354666dd,cardinal,4,2,180_deg_south,cardinal,180,0,90,640,640,1,batch_0001,603,datasets/df_2024_proportional/batch_0001/images/4c52dab1bb5f5334eb22f93397ff7ff9354666dd.jpg,https://raw.githubusercontent.com/GUIA-DD/dataset-streetview/refs/heads/main/datasets/df_2024_proportional/batch_0001/images/4c52dab1bb5f5334eb22f93397ff7ff9354666dd.jpg,True,downloaded,
993fd88badbe8e088230fac7f98c9c729602e668,f0487f1a53e5e9a27b2ed0df6b43ac6bd932f720,-15.816379800001044,-47.90613860002146,-15.81638901845677,-47.90614468726193,2024-06,2024,C0gjRN4n-8pKdZKqTpJ4WA,158.1293302087005,© Google,OK,7_5,188670.84779559614,8249222.179277075,2c0557e9e17521593662595eaabc1013d627bf58,cardinal,4,3,270_deg_west,cardinal,270,0,90,640,640,1,batch_0001,604,datasets/df_2024_proportional/batch_0001/images/2c0557e9e17521593662595eaabc1013d627bf58.jpg,https://raw.githubusercontent.com/GUIA-DD/dataset-streetview/refs/heads/main/datasets/df_2024_proportional/batch_0001/images/2c0557e9e17521593662595eaabc1013d627bf58.jpg,True,downloaded,
9a4ecd4adcddb3ba5116977ccf4620f7533fb7d1,1c6a1e05ce6fa4ebacd2b5ce1b863db6c8bb8d03,-15.834376500000207,-48.12865565000341,-15.83441462790152,-48.12864963394515,2026-01,2026,XgALQQIERNYb5b-bbn_FSA,155.3997517135931,© Google,OK,3_4,164843.12712053812,8246886.204788036,f4919f41cbdbd38359c4b34282d0191e59e3efc9,cardinal,4,0,0_deg_north,cardinal,0,0,90,640,640,1,batch_0001,605,datasets/df_2024_proportional/batch_0001/images/f4919f41cbdbd38359c4b34282d0191e59e3efc9.jpg,https://raw.githubusercontent.com/GUIA-DD/dataset-streetview/refs/heads/main/datasets/df_2024_proportional/batch_0001/images/f4919f41cbdbd38359c4b34282d0191e59e3efc9.jpg,True,downloaded,
9a4ecd4adcddb3ba5116977ccf4620f7533fb7d1,1c6a1e05ce6fa4ebacd2b5ce1b863db6c8bb8d03,-15.834376500000207,-48.12865565000341,-15.83441462790152,-48.12864963394515,2026-01,2026,XgALQQIERNYb5b-bbn_FSA,155.3997517135931,© Google,OK,3_4,164843.12712053812,8246886.204788036,a328569deff3b052204945da7bd2093b569509ae,cardinal,4,1,90_deg_east,cardinal,90,0,90,640,640,1,batch_0001,606,datasets/df_2024_proportional/batch_0001/images/a328569deff3b052204945da7bd2093b569509ae.jpg,https://raw.githubusercontent.com/GUIA-DD/dataset-streetview/refs/heads/main/datasets/df_2024_proportional/batch_0001/images/a328569deff3b052204945da7bd2093b569509ae.jpg,True,downloaded,
9a4ecd4adcddb3ba5116977ccf4620f7533fb7d1,1c6a1e05ce6fa4ebacd2b5ce1b863db6c8bb8d03,-15.834376500000207,-48.12865565000341,-15.83441462790152,-48.12864963394515,2026-01,2026,XgALQQIERNYb5b-bbn_FSA,155.3997517135931,© Google,OK,3_4,164843.12712053812,8246886.204788036,84ff1ecb56aa8c68ae505ced7fc76235546abbd9,cardinal,4,2,180_deg_south,cardinal,180,0,90,640,640,1,batch_0001,607,datasets/df_2024_proportional/batch_0001/images/84ff1ecb56aa8c68ae505ced7fc76235546abbd9.jpg,https://raw.githubusercontent.com/GUIA-DD/dataset-streetview/refs/heads/main/datasets/df_2024_proportional/batch_0001/images/84ff1ecb56aa8c68ae505ced7fc76235546abbd9.jpg,True,downloaded,
9a4ecd4adcddb3ba5116977ccf4620f7533fb7d1,1c6a1e05ce6fa4ebacd2b5ce1b863db6c8bb8d03,-15.834376500000207,-48.12865565000341,-15.83441462790152,-48.12864963394515,2026-01,2026,XgALQQIERNYb5b-bbn_FSA,155.3997517135931,© Google,OK,3_4,164843.12712053812,8246886.204788036,9d4a8080811901f8d79607223a8336781b903ebf,cardinal,4,3,270_deg_west,cardinal,270,0,90,640,640,1,batch_0001,608,datasets/df_2024_proportional/batch_0001/images/9d4a8080811901f8d79607223a8336781b903ebf.jpg,https://raw.githubusercontent.com/GUIA-DD/dataset-streetview/refs/heads/main/datasets/df_2024_proportional/batch_0001/images/9d4a8080811901f8d79607223a8336781b903ebf.jpg,True,downloaded,
9c4092a8c0d2e0bf5993f1145caffc0121ab9c3c,873fb47c4d1c862b288e4d3fd61dd4ce62b36b93,-15.84584021388556,-48.04931483493167,-15.84580934303974,-48.04933625781751,2024-07,2024,3BcfMEx1QUdP8xkP3OtJnw,151.86437120860842,© Google,OK,4_4,173367.9331181495,8245741.888133251,54b03243b2e4d78553950e2d6a317d5fdcda20b7,cardinal,4,0,0_deg_north,cardinal,0,0,90,640,640,1,batch_0001,609,datasets/df_2024_proportional/batch_0001/images/54b03243b2e4d78553950e2d6a317d5fdcda20b7.jpg,https://raw.githubusercontent.com/GUIA-DD/dataset-streetview/refs/heads/main/datasets/df_2024_proportional/batch_0001/images/54b03243b2e4d78553950e2d6a317d5fdcda20b7.jpg,True,downloaded,
9c4092a8c0d2e0bf5993f1145caffc0121ab9c3c,873fb47c4d1c862b288e4d3fd61dd4ce62b36b93,-15.84584021388556,-48.04931483493167,-15.84580934303974,-48.04933625781751,2024-07,2024,3BcfMEx1QUdP8xkP3OtJnw,151.86437120860842,© Google,OK,4_4,173367.9331181495,8245741.888133251,f05fd72a98da88fb2055ad5c1389a4d80cd6b8b4,cardinal,4,1,90_deg_east,cardinal,90,0,90,640,640,1,batch_0001,610,datasets/df_2024_proportional/batch_0001/images/f05fd72a98da88fb2055ad5c1389a4d80cd6b8b4.jpg,https://raw.githubusercontent.com/GUIA-DD/dataset-streetview/refs/heads/main/datasets/df_2024_proportional/batch_0001/images/f05fd72a98da88fb2055ad5c1389a4d80cd6b8b4.jpg,True,downloaded,
9c4092a8c0d2e0bf5993f1145caffc0121ab9c3c,873fb47c4d1c862b288e4d3fd61dd4ce62b36b93,-15.84584021388556,-48.04931483493167,-15.84580934303974,-48.04933625781751,2024-07,2024,3BcfMEx1QUdP8xkP3OtJnw,151.86437120860842,© Google,OK,4_4,173367.9331181495,8245741.888133251,b55fcedb1ca1fbf3c57ec101d7567e16246a1dd2,cardinal,4,2,180_deg_south,cardinal,180,0,90,640,640,1,batch_0001,611,datasets/df_2024_proportional/batch_0001/images/b55fcedb1ca1fbf3c57ec101d7567e16246a1dd2.jpg,https://raw.githubusercontent.com/GUIA-DD/dataset-streetview/refs/heads/main/datasets/df_2024_proportional/batch_0001/images/b55fcedb1ca1fbf3c57ec101d7567e16246a1dd2.jpg,True,downloaded,
9c4092a8c0d2e0bf5993f1145caffc0121ab9c3c,873fb47c4d1c862b288e4d3fd61dd4ce62b36b93,-15.84584021388556,-48.04931483493167,-15.84580934303974,-48.04933625781751,2024-07,2024,3BcfMEx1QUdP8xkP3OtJnw,151.86437120860842,© Google,OK,4_4,173367.9331181495,8245741.888133251,4d603f7036da665185fe4c9d93f20bf2cc85dea7,cardinal,4,3,270_deg_west,cardinal,270,0,90,640,640,1,batch_0001,612,datasets/df_2024_proportional/batch_0001/images/4d603f7036da665185fe4c9d93f20bf2cc85dea7.jpg,https://raw.githubusercontent.com/GUIA-DD/dataset-streetview/refs/heads/main/datasets/df_2024_proportional/batch_0001/images/4d603f7036da665185fe4c9d93f20bf2cc85dea7.jpg,True,downloaded,
9e5f3c59e5b2ecc95dad774ec2b19334cb6521ae,156e631ae2f9b4f59ae1c0df9a01795298860cc1,-15.827801750000944,-48.08611620006336,-15.82782347191344,-48.08612176744747,2026-02,2026,tV5Ub79g8c7oQ9cRxgKiZw,160.15090526553323,© Google,OK,4_5,169393.25540787232,8247681.919976041,4fe2625b9488dfa56a79e49992893107ccf6fee0,cardinal,4,0,0_deg_north,cardinal,0,0,90,640,640,1,batch_0001,613,datasets/df_2024_proportional/batch_0001/images/4fe2625b9488dfa56a79e49992893107ccf6fee0.jpg,https://raw.githubusercontent.com/GUIA-DD/dataset-streetview/refs/heads/main/datasets/df_2024_proportional/batch_0001/images/4fe2625b9488dfa56a79e49992893107ccf6fee0.jpg,True,downloaded,
9e5f3c59e5b2ecc95dad774ec2b19334cb6521ae,156e631ae2f9b4f59ae1c0df9a01795298860cc1,-15.827801750000944,-48.08611620006336,-15.82782347191344,-48.08612176744747,2026-02,2026,tV5Ub79g8c7oQ9cRxgKiZw,160.15090526553323,© Google,OK,4_5,169393.25540787232,8247681.919976041,9cbd315acbed96fbf3da18f295e727cc18f24d40,cardinal,4,1,90_deg_east,cardinal,90,0,90,640,640,1,batch_0001,614,datasets/df_2024_proportional/batch_0001/images/9cbd315acbed96fbf3da18f295e727cc18f24d40.jpg,https://raw.githubusercontent.com/GUIA-DD/dataset-streetview/refs/heads/main/datasets/df_2024_proportional/batch_0001/images/9cbd315acbed96fbf3da18f295e727cc18f24d40.jpg,True,downloaded,
9e5f3c59e5b2ecc95dad774ec2b19334cb6521ae,156e631ae2f9b4f59ae1c0df9a01795298860cc1,-15.827801750000944,-48.08611620006336,-15.82782347191344,-48.08612176744747,2026-02,2026,tV5Ub79g8c7oQ9cRxgKiZw,160.15090526553323,© Google,OK,4_5,169393.25540787232,8247681.919976041,b15469ea2860ef955991877dfdeede05bafa374c,cardinal,4,2,180_deg_south,cardinal,180,0,90,640,640,1,batch_0001,615,datasets/df_2024_proportional/batch_0001/images/b15469ea2860ef955991877dfdeede05bafa374c.jpg,https://raw.githubusercontent.com/GUIA-DD/dataset-streetview/refs/heads/main/datasets/df_2024_proportional/batch_0001/images/b15469ea2860ef955991877dfdeede05bafa374c.jpg,True,downloaded,
9e5f3c59e5b2ecc95dad774ec2b19334cb6521ae,156e631ae2f9b4f59ae1c0df9a01795298860cc1,-15.827801750000944,-48.08611620006336,-15.82782347191344,-48.08612176744747,2026-02,2026,tV5Ub79g8c7oQ9cRxgKiZw,160.15090526553323,© Google,OK,4_5,169393.25540787232,8247681.919976041,25e0aef7ccf368facc0cf3d1a552268e3810f0e7,cardinal,4,3,270_deg_west,cardinal,270,0,90,640,640,1,batch_0001,616,datasets/df_2024_proportional/batch_0001/images/25e0aef7ccf368facc0cf3d1a552268e3810f0e7.jpg,https://raw.githubusercontent.com/GUIA-DD/dataset-streetview/refs/heads/main/datasets/df_2024_proportional/batch_0001/images/25e0aef7ccf368facc0cf3d1a552268e3810f0e7.jpg,True,downloaded,
9f3c6acd4392bf26482585ec2d689e714e99aed6,066e96a161724412def35c7cce25b9bef6b139e8,-15.894277400016058,-48.14308494999113,-15.89427433738997,-48.14309807793843,2024-06,2024,Wsu236IDIZC4aUf-HCYb7A,248.06102746951342,© Google,OK,2_3,163395.65273723175,8240228.712425911,30eb03af6066b0bbd7cc5b5b066b2ae739b0571d,cardinal,4,0,0_deg_north,cardinal,0,0,90,640,640,1,batch_0001,617,datasets/df_2024_proportional/batch_0001/images/30eb03af6066b0bbd7cc5b5b066b2ae739b0571d.jpg,https://raw.githubusercontent.com/GUIA-DD/dataset-streetview/refs/heads/main/datasets/df_2024_proportional/batch_0001/images/30eb03af6066b0bbd7cc5b5b066b2ae739b0571d.jpg,True,downloaded,
9f3c6acd4392bf26482585ec2d689e714e99aed6,066e96a161724412def35c7cce25b9bef6b139e8,-15.894277400016058,-48.14308494999113,-15.89427433738997,-48.14309807793843,2024-06,2024,Wsu236IDIZC4aUf-HCYb7A,248.06102746951342,© Google,OK,2_3,163395.65273723175,8240228.712425911,63341b6bb566263f18c8b1259f8e6f5ebad9d9c9,cardinal,4,1,90_deg_east,cardinal,90,0,90,640,640,1,batch_0001,618,datasets/df_2024_proportional/batch_0001/images/63341b6bb566263f18c8b1259f8e6f5ebad9d9c9.jpg,https://raw.githubusercontent.com/GUIA-DD/dataset-streetview/refs/heads/main/datasets/df_2024_proportional/batch_0001/images/63341b6bb566263f18c8b1259f8e6f5ebad9d9c9.jpg,True,downloaded,
9f3c6acd4392bf26482585ec2d689e714e99aed6,066e96a161724412def35c7cce25b9bef6b139e8,-15.894277400016058,-48.14308494999113,-15.89427433738997,-48.14309807793843,2024-06,2024,Wsu236IDIZC4aUf-HCYb7A,248.06102746951342,© Google,OK,2_3,163395.65273723175,8240228.712425911,bd36571845d944d283f3988ac4eda85807752b2d,cardinal,4,2,180_deg_south,cardinal,180,0,90,640,640,1,batch_0001,619,datasets/df_2024_proportional/batch_0001/images/bd36571845d944d283f3988ac4eda85807752b2d.jpg,https://raw.githubusercontent.com/GUIA-DD/dataset-streetview/refs/heads/main/datasets/df_2024_proportional/batch_0001/images/bd36571845d944d283f3988ac4eda85807752b2d.jpg,True,downloaded,
9f3c6acd4392bf26482585ec2d689e714e99aed6,066e96a161724412def35c7cce25b9bef6b139e8,-15.894277400016058,-48.14308494999113,-15.89427433738997,-48.14309807793843,2024-06,2024,Wsu236IDIZC4aUf-HCYb7A,248.06102746951342,© Google,OK,2_3,163395.65273723175,8240228.712425911,73061f5893934042a8359dec762613150465e9e5,cardinal,4,3,270_deg_west,cardinal,270,0,90,640,640,1,batch_0001,620,datasets/df_2024_proportional/batch_0001/images/73061f5893934042a8359dec762613150465e9e5.jpg,https://raw.githubusercontent.com/GUIA-DD/dataset-streetview/refs/heads/main/datasets/df_2024_proportional/batch_0001/images/73061f5893934042a8359dec762613150465e9e5.jpg,True,downloaded,
9f5e9b7e97134569ae82be3eb4bb48dcb4b042cb,d38cbdbfe7ff09434af4af1bc9db656eaaec5230,-15.79630195214673,-47.848523294792486,-15.79633516081354,-47.84854874764255,2026-01,2026,V8yrLwWI2TbUpTMaosQwOw,202.46372825676056,© Google,OK,9_5,194817.34042028635,8251530.008602642,5319660cb65c7a2f2cf0f4be7881083fd1c85015,cardinal,4,0,0_deg_north,cardinal,0,0,90,640,640,1,batch_0001,621,datasets/df_2024_proportional/batch_0001/images/5319660cb65c7a2f2cf0f4be7881083fd1c85015.jpg,https://raw.githubusercontent.com/GUIA-DD/dataset-streetview/refs/heads/main/datasets/df_2024_proportional/batch_0001/images/5319660cb65c7a2f2cf0f4be7881083fd1c85015.jpg,True,downloaded,
9f5e9b7e97134569ae82be3eb4bb48dcb4b042cb,d38cbdbfe7ff09434af4af1bc9db656eaaec5230,-15.79630195214673,-47.848523294792486,-15.79633516081354,-47.84854874764255,2026-01,2026,V8yrLwWI2TbUpTMaosQwOw,202.46372825676056,© Google,OK,9_5,194817.34042028635,8251530.008602642,3bc45a9a645382419bd21bbd575faef134a10897,cardinal,4,1,90_deg_east,cardinal,90,0,90,640,640,1,batch_0001,622,datasets/df_2024_proportional/batch_0001/images/3bc45a9a645382419bd21bbd575faef134a10897.jpg,https://raw.githubusercontent.com/GUIA-DD/dataset-streetview/refs/heads/main/datasets/df_2024_proportional/batch_0001/images/3bc45a9a645382419bd21bbd575faef134a10897.jpg,True,downloaded,
9f5e9b7e97134569ae82be3eb4bb48dcb4b042cb,d38cbdbfe7ff09434af4af1bc9db656eaaec5230,-15.79630195214673,-47.848523294792486,-15.79633516081354,-47.84854874764255,2026-01,2026,V8yrLwWI2TbUpTMaosQwOw,202.46372825676056,© Google,OK,9_5,194817.34042028635,8251530.008602642,d3d82ebec4fb572f44f7bec336f3129b912f6522,cardinal,4,2,180_deg_south,cardinal,180,0,90,640,640,1,batch_0001,623,datasets/df_2024_proportional/batch_0001/images/d3d82ebec4fb572f44f7bec336f3129b912f6522.jpg,https://raw.githubusercontent.com/GUIA-DD/dataset-streetview/refs/heads/main/datasets/df_2024_proportional/batch_0001/images/d3d82ebec4fb572f44f7bec336f3129b912f6522.jpg,True,downloaded,
9f5e9b7e97134569ae82be3eb4bb48dcb4b042cb,d38cbdbfe7ff09434af4af1bc9db656eaaec5230,-15.79630195214673,-47.848523294792486,-15.79633516081354,-47.84854874764255,2026-01,2026,V8yrLwWI2TbUpTMaosQwOw,202.46372825676056,© Google,OK,9_5,194817.34042028635,8251530.008602642,ff7e81cc703600b17241273e948e8ac12b8bf4c9,cardinal,4,3,270_deg_west,cardinal,270,0,90,640,640,1,batch_0001,624,datasets/df_2024_proportional/batch_0001/images/ff7e81cc703600b17241273e948e8ac12b8bf4c9.jpg,https://raw.githubusercontent.com/GUIA-DD/dataset-streetview/refs/heads/main/datasets/df_2024_proportional/batch_0001/images/ff7e81cc703600b17241273e948e8ac12b8bf4c9.jpg,True,downloaded,
9f88d1b48a79cbbbd634a9bc4b4e78e1194d7442,f814e328127908413547ca6f17b2e94a73c33ee8,-15.817697100019389,-47.893787699986945,-15.81767225915996,-47.89375061488453,2024-05,2024,OhOFq8WPX_w4XdB0BTfLnw,65.16699829007179,© Google,OK,8_5,189996.95324782206,8249094.591834511,3dc691ef3fb1e2dc7dd534d7babe5e38c4211235,cardinal,4,0,0_deg_north,cardinal,0,0,90,640,640,1,batch_0001,625,datasets/df_2024_proportional/batch_0001/images/3dc691ef3fb1e2dc7dd534d7babe5e38c4211235.jpg,https://raw.githubusercontent.com/GUIA-DD/dataset-streetview/refs/heads/main/datasets/df_2024_proportional/batch_0001/images/3dc691ef3fb1e2dc7dd534d7babe5e38c4211235.jpg,True,downloaded,
9f88d1b48a79cbbbd634a9bc4b4e78e1194d7442,f814e328127908413547ca6f17b2e94a73c33ee8,-15.817697100019389,-47.893787699986945,-15.81767225915996,-47.89375061488453,2024-05,2024,OhOFq8WPX_w4XdB0BTfLnw,65.16699829007179,© Google,OK,8_5,189996.95324782206,8249094.591834511,18a1dd68eb472d91171d57c87c777da299306c53,cardinal,4,1,90_deg_east,cardinal,90,0,90,640,640,1,batch_0001,626,datasets/df_2024_proportional/batch_0001/images/18a1dd68eb472d91171d57c87c777da299306c53.jpg,https://raw.githubusercontent.com/GUIA-DD/dataset-streetview/refs/heads/main/datasets/df_2024_proportional/batch_0001/images/18a1dd68eb472d91171d57c87c777da299306c53.jpg,True,downloaded,
9f88d1b48a79cbbbd634a9bc4b4e78e1194d7442,f814e328127908413547ca6f17b2e94a73c33ee8,-15.817697100019389,-47.893787699986945,-15.81767225915996,-47.89375061488453,2024-05,2024,OhOFq8WPX_w4XdB0BTfLnw,65.16699829007179,© Google,OK,8_5,189996.95324782206,8249094.591834511,7f8184c150262074e14d3f24c116828aa7527f5e,cardinal,4,2,180_deg_south,cardinal,180,0,90,640,640,1,batch_0001,627,datasets/df_2024_proportional/batch_0001/images/7f8184c150262074e14d3f24c116828aa7527f5e.jpg,https://raw.githubusercontent.com/GUIA-DD/dataset-streetview/refs/heads/main/datasets/df_2024_proportional/batch_0001/images/7f8184c150262074e14d3f24c116828aa7527f5e.jpg,True,downloaded,
9f88d1b48a79cbbbd634a9bc4b4e78e1194d7442,f814e328127908413547ca6f17b2e94a73c33ee8,-15.817697100019389,-47.893787699986945,-15.81767225915996,-47.89375061488453,2024-05,2024,OhOFq8WPX_w4XdB0BTfLnw,65.16699829007179,© Google,OK,8_5,189996.95324782206,8249094.591834511,fbe30a631b7e9fa24a4a8a8f247101c06f80d34a,cardinal,4,3,270_deg_west,cardinal,270,0,90,640,640,1,batch_0001,628,datasets/df_2024_proportional/batch_0001/images/fbe30a631b7e9fa24a4a8a8f247101c06f80d34a.jpg,https://raw.githubusercontent.com/GUIA-DD/dataset-streetview/refs/heads/main/datasets/df_2024_proportional/batch_0001/images/fbe30a631b7e9fa24a4a8a8f247101c06f80d34a.jpg,True,downloaded,
a0f33cadd1a97c5a8ab6e57fada559173e7169d8,8e1435de87cb2d209dbaf4f246b01b51abdf3e05,-15.799409505039776,-48.04637156004712,-15.79941795959776,-48.04638619446104,2024-10,2024,aWNYwWT_yjfdbC3n6h_0_A,348.2543405932837,© Google,OK,4_5,173608.84484476465,8250888.524725588,677d7005d4b8a29c87452525c7c9881187739581,cardinal,4,0,0_deg_north,cardinal,0,0,90,640,640,1,batch_0001,629,datasets/df_2024_proportional/batch_0001/images/677d7005d4b8a29c87452525c7c9881187739581.jpg,https://raw.githubusercontent.com/GUIA-DD/dataset-streetview/refs/heads/main/datasets/df_2024_proportional/batch_0001/images/677d7005d4b8a29c87452525c7c9881187739581.jpg,True,downloaded,
a0f33cadd1a97c5a8ab6e57fada559173e7169d8,8e1435de87cb2d209dbaf4f246b01b51abdf3e05,-15.799409505039776,-48.04637156004712,-15.79941795959776,-48.04638619446104,2024-10,2024,aWNYwWT_yjfdbC3n6h_0_A,348.2543405932837,© Google,OK,4_5,173608.84484476465,8250888.524725588,f790fed69b8facf7044513d7111e5e73b4c93547,cardinal,4,1,90_deg_east,cardinal,90,0,90,640,640,1,batch_0001,630,datasets/df_2024_proportional/batch_0001/images/f790fed69b8facf7044513d7111e5e73b4c93547.jpg,https://raw.githubusercontent.com/GUIA-DD/dataset-streetview/refs/heads/main/datasets/df_2024_proportional/batch_0001/images/f790fed69b8facf7044513d7111e5e73b4c93547.jpg,True,downloaded,
a0f33cadd1a97c5a8ab6e57fada559173e7169d8,8e1435de87cb2d209dbaf4f246b01b51abdf3e05,-15.799409505039776,-48.04637156004712,-15.79941795959776,-48.04638619446104,2024-10,2024,aWNYwWT_yjfdbC3n6h_0_A,348.2543405932837,© Google,OK,4_5,173608.84484476465,8250888.524725588,dd050e2b08e22193241ddd9b6bdffdd3fea0a9e2,cardinal,4,2,180_deg_south,cardinal,180,0,90,640,640,1,batch_0001,631,datasets/df_2024_proportional/batch_0001/images/dd050e2b08e22193241ddd9b6bdffdd3fea0a9e2.jpg,https://raw.githubusercontent.com/GUIA-DD/dataset-streetview/refs/heads/main/datasets/df_2024_proportional/batch_0001/images/dd050e2b08e22193241ddd9b6bdffdd3fea0a9e2.jpg,True,downloaded,
a0f33cadd1a97c5a8ab6e57fada559173e7169d8,8e1435de87cb2d209dbaf4f246b01b51abdf3e05,-15.799409505039776,-48.04637156004712,-15.79941795959776,-48.04638619446104,2024-10,2024,aWNYwWT_yjfdbC3n6h_0_A,348.2543405932837,© Google,OK,4_5,173608.84484476465,8250888.524725588,4d835b17d159ca37eb1348ef5560eb992cfc010f,cardinal,4,3,270_deg_west,cardinal,270,0,90,640,640,1,batch_0001,632,datasets/df_2024_proportional/batch_0001/images/4d835b17d159ca37eb1348ef5560eb992cfc010f.jpg,https://raw.githubusercontent.com/GUIA-DD/dataset-streetview/refs/heads/main/datasets/df_2024_proportional/batch_0001/images/4d835b17d159ca37eb1348ef5560eb992cfc010f.jpg,True,downloaded,
a2055b30f52554ef98c49ca3971b0254c4dd2a42,daffa4b7422528c41cabf872e4e3fc1958055ba3,-16.039107650018465,-48.03256049981682,-16.03914742042323,-48.03252024070778,2025-02,2025,M4t1FJCe6PEy4NPXyOL3WQ,359.1613859546588,© Google,OK,5_0,175475.50011289484,8224364.269872628,2144cf5ad7ae844e27731aed71fce1228db16bd2,cardinal,4,0,0_deg_north,cardinal,0,0,90,640,640,1,batch_0001,633,datasets/df_2024_proportional/batch_0001/images/2144cf5ad7ae844e27731aed71fce1228db16bd2.jpg,https://raw.githubusercontent.com/GUIA-DD/dataset-streetview/refs/heads/main/datasets/df_2024_proportional/batch_0001/images/2144cf5ad7ae844e27731aed71fce1228db16bd2.jpg,True,downloaded,
a2055b30f52554ef98c49ca3971b0254c4dd2a42,daffa4b7422528c41cabf872e4e3fc1958055ba3,-16.039107650018465,-48.03256049981682,-16.03914742042323,-48.03252024070778,2025-02,2025,M4t1FJCe6PEy4NPXyOL3WQ,359.1613859546588,© Google,OK,5_0,175475.50011289484,8224364.269872628,909fd28627bfcbe23ca9ee458abe1f0c1b932c22,cardinal,4,1,90_deg_east,cardinal,90,0,90,640,640,1,batch_0001,634,datasets/df_2024_proportional/batch_0001/images/909fd28627bfcbe23ca9ee458abe1f0c1b932c22.jpg,https://raw.githubusercontent.com/GUIA-DD/dataset-streetview/refs/heads/main/datasets/df_2024_proportional/batch_0001/images/909fd28627bfcbe23ca9ee458abe1f0c1b932c22.jpg,True,downloaded,
a2055b30f52554ef98c49ca3971b0254c4dd2a42,daffa4b7422528c41cabf872e4e3fc1958055ba3,-16.039107650018465,-48.03256049981682,-16.03914742042323,-48.03252024070778,2025-02,2025,M4t1FJCe6PEy4NPXyOL3WQ,359.1613859546588,© Google,OK,5_0,175475.50011289484,8224364.269872628,8cb2c9669aacf8c0c87b920c0ee1502574f5cf8b,cardinal,4,2,180_deg_south,cardinal,180,0,90,640,640,1,batch_0001,635,datasets/df_2024_proportional/batch_0001/images/8cb2c9669aacf8c0c87b920c0ee1502574f5cf8b.jpg,https://raw.githubusercontent.com/GUIA-DD/dataset-streetview/refs/heads/main/datasets/df_2024_proportional/batch_0001/images/8cb2c9669aacf8c0c87b920c0ee1502574f5cf8b.jpg,True,downloaded,
a2055b30f52554ef98c49ca3971b0254c4dd2a42,daffa4b7422528c41cabf872e4e3fc1958055ba3,-16.039107650018465,-48.03256049981682,-16.03914742042323,-48.03252024070778,2025-02,2025,M4t1FJCe6PEy4NPXyOL3WQ,359.1613859546588,© Google,OK,5_0,175475.50011289484,8224364.269872628,0996c7618e1698acb88ac45117aa88514ff8cb2e,cardinal,4,3,270_deg_west,cardinal,270,0,90,640,640,1,batch_0001,636,datasets/df_2024_proportional/batch_0001/images/0996c7618e1698acb88ac45117aa88514ff8cb2e.jpg,https://raw.githubusercontent.com/GUIA-DD/dataset-streetview/refs/heads/main/datasets/df_2024_proportional/batch_0001/images/0996c7618e1698acb88ac45117aa88514ff8cb2e.jpg,True,downloaded,
a438c1208959df6698fcd5e55ceab77b445479f0,cc375be6b1a54eeacee3f69d0b1472c6454c4753,-15.869295167926948,-48.0669696720758,-15.86931677923935,-48.06696101473232,2025-06,2025,vvQsA4X2R6a3NKR7LWmozw,67.24295485018949,© Google,OK,4_4,171513.29516693277,8243116.669650495,dba1c393719b1f4e54c0195bc2cf7cd335a6a2ca,cardinal,4,0,0_deg_north,cardinal,0,0,90,640,640,1,batch_0001,637,datasets/df_2024_proportional/batch_0001/images/dba1c393719b1f4e54c0195bc2cf7cd335a6a2ca.jpg,https://raw.githubusercontent.com/GUIA-DD/dataset-streetview/refs/heads/main/datasets/df_2024_proportional/batch_0001/images/dba1c393719b1f4e54c0195bc2cf7cd335a6a2ca.jpg,True,downloaded,
a438c1208959df6698fcd5e55ceab77b445479f0,cc375be6b1a54eeacee3f69d0b1472c6454c4753,-15.869295167926948,-48.0669696720758,-15.86931677923935,-48.06696101473232,2025-06,2025,vvQsA4X2R6a3NKR7LWmozw,67.24295485018949,© Google,OK,4_4,171513.29516693277,8243116.669650495,8600fbc488a12ae1aa6d86bee9aea5b03d17468c,cardinal,4,1,90_deg_east,cardinal,90,0,90,640,640,1,batch_0001,638,datasets/df_2024_proportional/batch_0001/images/8600fbc488a12ae1aa6d86bee9aea5b03d17468c.jpg,https://raw.githubusercontent.com/GUIA-DD/dataset-streetview/refs/heads/main/datasets/df_2024_proportional/batch_0001/images/8600fbc488a12ae1aa6d86bee9aea5b03d17468c.jpg,True,downloaded,
a438c1208959df6698fcd5e55ceab77b445479f0,cc375be6b1a54eeacee3f69d0b1472c6454c4753,-15.869295167926948,-48.0669696720758,-15.86931677923935,-48.06696101473232,2025-06,2025,vvQsA4X2R6a3NKR7LWmozw,67.24295485018949,© Google,OK,4_4,171513.29516693277,8243116.669650495,2dcf66fe72fed3131847e2f4d3de5509110efb72,cardinal,4,2,180_deg_south,cardinal,180,0,90,640,640,1,batch_0001,639,datasets/df_2024_proportional/batch_0001/images/2dcf66fe72fed3131847e2f4d3de5509110efb72.jpg,https://raw.githubusercontent.com/GUIA-DD/dataset-streetview/refs/heads/main/datasets/df_2024_proportional/batch_0001/images/2dcf66fe72fed3131847e2f4d3de5509110efb72.jpg,True,downloaded,
a438c1208959df6698fcd5e55ceab77b445479f0,cc375be6b1a54eeacee3f69d0b1472c6454c4753,-15.869295167926948,-48.0669696720758,-15.86931677923935,-48.06696101473232,2025-06,2025,vvQsA4X2R6a3NKR7LWmozw,67.24295485018949,© Google,OK,4_4,171513.29516693277,8243116.669650495,d42714ccaeb501902b5a208a531aecc178d954e0,cardinal,4,3,270_deg_west,cardinal,270,0,90,640,640,1,batch_0001,640,datasets/df_2024_proportional/batch_0001/images/d42714ccaeb501902b5a208a531aecc178d954e0.jpg,https://raw.githubusercontent.com/GUIA-DD/dataset-streetview/refs/heads/main/datasets/df_2024_proportional/batch_0001/images/d42714ccaeb501902b5a208a531aecc178d954e0.jpg,True,downloaded,
a80118aa020e1fa48da49fb21bc7214c4d24197f,11057ed13ed8895d0bb2bef084f4ecf874dcc391,-15.908114250030064,-47.95685950001806,-15.90815198435351,-47.95655511890971,2024-12,2024,BqBjAQS5KTmyQQAdromD6w,99.80566619089724,© Google,OK,6_3,183376.53313045224,8238987.677484652,8220bc38acf672ab0163296178b13c735b666620,cardinal,4,0,0_deg_north,cardinal,0,0,90,640,640,1,batch_0001,641,datasets/df_2024_proportional/batch_0001/images/8220bc38acf672ab0163296178b13c735b666620.jpg,https://raw.githubusercontent.com/GUIA-DD/dataset-streetview/refs/heads/main/datasets/df_2024_proportional/batch_0001/images/8220bc38acf672ab0163296178b13c735b666620.jpg,True,downloaded,
a80118aa020e1fa48da49fb21bc7214c4d24197f,11057ed13ed8895d0bb2bef084f4ecf874dcc391,-15.908114250030064,-47.95685950001806,-15.90815198435351,-47.95655511890971,2024-12,2024,BqBjAQS5KTmyQQAdromD6w,99.80566619089724,© Google,OK,6_3,183376.53313045224,8238987.677484652,dc8e1f8d54477a7b3c6bf59b9af9b26d4f98d2aa,cardinal,4,1,90_deg_east,cardinal,90,0,90,640,640,1,batch_0001,642,datasets/df_2024_proportional/batch_0001/images/dc8e1f8d54477a7b3c6bf59b9af9b26d4f98d2aa.jpg,https://raw.githubusercontent.com/GUIA-DD/dataset-streetview/refs/heads/main/datasets/df_2024_proportional/batch_0001/images/dc8e1f8d54477a7b3c6bf59b9af9b26d4f98d2aa.jpg,True,downloaded,
a80118aa020e1fa48da49fb21bc7214c4d24197f,11057ed13ed8895d0bb2bef084f4ecf874dcc391,-15.908114250030064,-47.95685950001806,-15.90815198435351,-47.95655511890971,2024-12,2024,BqBjAQS5KTmyQQAdromD6w,99.80566619089724,© Google,OK,6_3,183376.53313045224,8238987.677484652,b3c107aeb61f0730b5ed89ca04baf71c02ddafae,cardinal,4,2,180_deg_south,cardinal,180,0,90,640,640,1,batch_0001,643,datasets/df_2024_proportional/batch_0001/images/b3c107aeb61f0730b5ed89ca04baf71c02ddafae.jpg,https://raw.githubusercontent.com/GUIA-DD/dataset-streetview/refs/heads/main/datasets/df_2024_proportional/batch_0001/images/b3c107aeb61f0730b5ed89ca04baf71c02ddafae.jpg,True,downloaded,
a80118aa020e1fa48da49fb21bc7214c4d24197f,11057ed13ed8895d0bb2bef084f4ecf874dcc391,-15.908114250030064,-47.95685950001806,-15.90815198435351,-47.95655511890971,2024-12,2024,BqBjAQS5KTmyQQAdromD6w,99.80566619089724,© Google,OK,6_3,183376.53313045224,8238987.677484652,b0c7eb7a585c2d6d2a4e16bf546393077176cd48,cardinal,4,3,270_deg_west,cardinal,270,0,90,640,640,1,batch_0001,644,datasets/df_2024_proportional/batch_0001/images/b0c7eb7a585c2d6d2a4e16bf546393077176cd48.jpg,https://raw.githubusercontent.com/GUIA-DD/dataset-streetview/refs/heads/main/datasets/df_2024_proportional/batch_0001/images/b0c7eb7a585c2d6d2a4e16bf546393077176cd48.jpg,True,downloaded,
aa18c5853f5fe1efa9b16e51845367e80644aa6b,87626c640014fbac5d2dd2862202a2f63e17604f,-15.806092549957453,-48.156824319123665,-15.80610357392692,-48.15678466443306,2026-01,2026,d6c5iOoievr72EGW8QF_-Q,342.2288894585944,© Google,OK,2_5,161775.85287878945,8249973.591876288,e63c62b701463b2aaa993644a82c45af21cb7afa,cardinal,4,0,0_deg_north,cardinal,0,0,90,640,640,1,batch_0001,645,datasets/df_2024_proportional/batch_0001/images/e63c62b701463b2aaa993644a82c45af21cb7afa.jpg,https://raw.githubusercontent.com/GUIA-DD/dataset-streetview/refs/heads/main/datasets/df_2024_proportional/batch_0001/images/e63c62b701463b2aaa993644a82c45af21cb7afa.jpg,True,downloaded,
aa18c5853f5fe1efa9b16e51845367e80644aa6b,87626c640014fbac5d2dd2862202a2f63e17604f,-15.806092549957453,-48.156824319123665,-15.80610357392692,-48.15678466443306,2026-01,2026,d6c5iOoievr72EGW8QF_-Q,342.2288894585944,© Google,OK,2_5,161775.85287878945,8249973.591876288,d15bb1dd2cce50c493e202e010b62d448b0a1b0e,cardinal,4,1,90_deg_east,cardinal,90,0,90,640,640,1,batch_0001,646,datasets/df_2024_proportional/batch_0001/images/d15bb1dd2cce50c493e202e010b62d448b0a1b0e.jpg,https://raw.githubusercontent.com/GUIA-DD/dataset-streetview/refs/heads/main/datasets/df_2024_proportional/batch_0001/images/d15bb1dd2cce50c493e202e010b62d448b0a1b0e.jpg,True,downloaded,
aa18c5853f5fe1efa9b16e51845367e80644aa6b,87626c640014fbac5d2dd2862202a2f63e17604f,-15.806092549957453,-48.156824319123665,-15.80610357392692,-48.15678466443306,2026-01,2026,d6c5iOoievr72EGW8QF_-Q,342.2288894585944,© Google,OK,2_5,161775.85287878945,8249973.591876288,dd5ef095d89d88cf581e650398794fa2a4aa7d69,cardinal,4,2,180_deg_south,cardinal,180,0,90,640,640,1,batch_0001,647,datasets/df_2024_proportional/batch_0001/images/dd5ef095d89d88cf581e650398794fa2a4aa7d69.jpg,https://raw.githubusercontent.com/GUIA-DD/dataset-streetview/refs/heads/main/datasets/df_2024_proportional/batch_0001/images/dd5ef095d89d88cf581e650398794fa2a4aa7d69.jpg,True,downloaded,
aa18c5853f5fe1efa9b16e51845367e80644aa6b,87626c640014fbac5d2dd2862202a2f63e17604f,-15.806092549957453,-48.156824319123665,-15.80610357392692,-48.15678466443306,2026-01,2026,d6c5iOoievr72EGW8QF_-Q,342.2288894585944,© Google,OK,2_5,161775.85287878945,8249973.591876288,4ef6f928a706abfd4f1518fa29d1d7c5e7904f87,cardinal,4,3,270_deg_west,cardinal,270,0,90,640,640,1,batch_0001,648,datasets/df_2024_proportional/batch_0001/images/4ef6f928a706abfd4f1518fa29d1d7c5e7904f87.jpg,https://raw.githubusercontent.com/GUIA-DD/dataset-streetview/refs/heads/main/datasets/df_2024_proportional/batch_0001/images/4ef6f928a706abfd4f1518fa29d1d7c5e7904f87.jpg,True,downloaded,
aa6bc36584131034a02020c524292ff2098b7cd8,66e3dda97c41a9acae8d7655876a9deba05935a7,-15.80731100006136,-48.13191689996572,-15.80732836583517,-48.13193398307482,2026-01,2026,YB1m9p-02F7qAerMqKBr3g,247.8637719961858,© Google,OK,3_5,164448.7502524062,8249878.609241323,83978b5c7cb3210bc2b3b3f750bd0a9296642d3e,cardinal,4,0,0_deg_north,cardinal,0,0,90,640,640,1,batch_0001,649,datasets/df_2024_proportional/batch_0001/images/83978b5c7cb3210bc2b3b3f750bd0a9296642d3e.jpg,https://raw.githubusercontent.com/GUIA-DD/dataset-streetview/refs/heads/main/datasets/df_2024_proportional/batch_0001/images/83978b5c7cb3210bc2b3b3f750bd0a9296642d3e.jpg,True,downloaded,
aa6bc36584131034a02020c524292ff2098b7cd8,66e3dda97c41a9acae8d7655876a9deba05935a7,-15.80731100006136,-48.13191689996572,-15.80732836583517,-48.13193398307482,2026-01,2026,YB1m9p-02F7qAerMqKBr3g,247.8637719961858,© Google,OK,3_5,164448.7502524062,8249878.609241323,78a819f4ee4bdb1129a946747a675f00ba5c5b3e,cardinal,4,1,90_deg_east,cardinal,90,0,90,640,640,1,batch_0001,650,datasets/df_2024_proportional/batch_0001/images/78a819f4ee4bdb1129a946747a675f00ba5c5b3e.jpg,https://raw.githubusercontent.com/GUIA-DD/dataset-streetview/refs/heads/main/datasets/df_2024_proportional/batch_0001/images/78a819f4ee4bdb1129a946747a675f00ba5c5b3e.jpg,True,downloaded,
aa6bc36584131034a02020c524292ff2098b7cd8,66e3dda97c41a9acae8d7655876a9deba05935a7,-15.80731100006136,-48.13191689996572,-15.80732836583517,-48.13193398307482,2026-01,2026,YB1m9p-02F7qAerMqKBr3g,247.8637719961858,© Google,OK,3_5,164448.7502524062,8249878.609241323,360a11aef36b63e8f7b869d6022a9e46c2a8a284,cardinal,4,2,180_deg_south,cardinal,180,0,90,640,640,1,batch_0001,651,datasets/df_2024_proportional/batch_0001/images/360a11aef36b63e8f7b869d6022a9e46c2a8a284.jpg,https://raw.githubusercontent.com/GUIA-DD/dataset-streetview/refs/heads/main/datasets/df_2024_proportional/batch_0001/images/360a11aef36b63e8f7b869d6022a9e46c2a8a284.jpg,True,downloaded,
aa6bc36584131034a02020c524292ff2098b7cd8,66e3dda97c41a9acae8d7655876a9deba05935a7,-15.80731100006136,-48.13191689996572,-15.80732836583517,-48.13193398307482,2026-01,2026,YB1m9p-02F7qAerMqKBr3g,247.8637719961858,© Google,OK,3_5,164448.7502524062,8249878.609241323,171676e50f8e7c0c2911dd74f04b96d0c0859ec3,cardinal,4,3,270_deg_west,cardinal,270,0,90,640,640,1,batch_0001,652,datasets/df_2024_proportional/batch_0001/images/171676e50f8e7c0c2911dd74f04b96d0c0859ec3.jpg,https://raw.githubusercontent.com/GUIA-DD/dataset-streetview/refs/heads/main/datasets/df_2024_proportional/batch_0001/images/171676e50f8e7c0c2911dd74f04b96d0c0859ec3.jpg,True,downloaded,
ab8db4f29c306789658e8768190980a61ec4cdae,16f6b2e04148e2095e581b3496bcd7ce0d0229e8,-15.80884654290493,-48.125249203762564,-15.80887053189928,-48.1252423599864,2026-01,2026,JPIYs1ObXr1H1KLp-YFkkg,338.12732864777,© Google,OK,3_5,165166.2603505642,8249719.187851357,13853b2d729c23b068715991dd5b39f1269845f0,cardinal,4,0,0_deg_north,cardinal,0,0,90,640,640,1,batch_0001,653,datasets/df_2024_proportional/batch_0001/images/13853b2d729c23b068715991dd5b39f1269845f0.jpg,https://raw.githubusercontent.com/GUIA-DD/dataset-streetview/refs/heads/main/datasets/df_2024_proportional/batch_0001/images/13853b2d729c23b068715991dd5b39f1269845f0.jpg,True,downloaded,
ab8db4f29c306789658e8768190980a61ec4cdae,16f6b2e04148e2095e581b3496bcd7ce0d0229e8,-15.80884654290493,-48.125249203762564,-15.80887053189928,-48.1252423599864,2026-01,2026,JPIYs1ObXr1H1KLp-YFkkg,338.12732864777,© Google,OK,3_5,165166.2603505642,8249719.187851357,50858dc94c5acb95fb0bc828a5a7168f34e65377,cardinal,4,1,90_deg_east,cardinal,90,0,90,640,640,1,batch_0001,654,datasets/df_2024_proportional/batch_0001/images/50858dc94c5acb95fb0bc828a5a7168f34e65377.jpg,https://raw.githubusercontent.com/GUIA-DD/dataset-streetview/refs/heads/main/datasets/df_2024_proportional/batch_0001/images/50858dc94c5acb95fb0bc828a5a7168f34e65377.jpg,True,downloaded,
ab8db4f29c306789658e8768190980a61ec4cdae,16f6b2e04148e2095e581b3496bcd7ce0d0229e8,-15.80884654290493,-48.125249203762564,-15.80887053189928,-48.1252423599864,2026-01,2026,JPIYs1ObXr1H1KLp-YFkkg,338.12732864777,© Google,OK,3_5,165166.2603505642,8249719.187851357,97e60f77a0259e45da1a6da12fc45db614610bf9,cardinal,4,2,180_deg_south,cardinal,180,0,90,640,640,1,batch_0001,655,datasets/df_2024_proportional/batch_0001/images/97e60f77a0259e45da1a6da12fc45db614610bf9.jpg,https://raw.githubusercontent.com/GUIA-DD/dataset-streetview/refs/heads/main/datasets/df_2024_proportional/batch_0001/images/97e60f77a0259e45da1a6da12fc45db614610bf9.jpg,True,downloaded,
ab8db4f29c306789658e8768190980a61ec4cdae,16f6b2e04148e2095e581b3496bcd7ce0d0229e8,-15.80884654290493,-48.125249203762564,-15.80887053189928,-48.1252423599864,2026-01,2026,JPIYs1ObXr1H1KLp-YFkkg,338.12732864777,© Google,OK,3_5,165166.2603505642,8249719.187851357,fd145f0f36eb200d1c774e863658a6f9f4665394,cardinal,4,3,270_deg_west,cardinal,270,0,90,640,640,1,batch_0001,656,datasets/df_2024_proportional/batch_0001/images/fd145f0f36eb200d1c774e863658a6f9f4665394.jpg,https://raw.githubusercontent.com/GUIA-DD/dataset-streetview/refs/heads/main/datasets/df_2024_proportional/batch_0001/images/fd145f0f36eb200d1c774e863658a6f9f4665394.jpg,True,downloaded,
abc075f26b1af3d92f7c9848060eed391595cfb5,682afba1226efa518a636263f924c155b39753bf,-15.837696850123388,-48.051072749708496,-15.83772438218967,-48.05109263271368,2024-08,2024,v8jumHzDckjqpcYlkLuCcw,209.10763505560976,© Google,OK,4_4,173166.35628695707,8246641.001535265,d535decbe0affa1eaa772afac02ec4df8cd980b3,cardinal,4,0,0_deg_north,cardinal,0,0,90,640,640,1,batch_0001,657,datasets/df_2024_proportional/batch_0001/images/d535decbe0affa1eaa772afac02ec4df8cd980b3.jpg,https://raw.githubusercontent.com/GUIA-DD/dataset-streetview/refs/heads/main/datasets/df_2024_proportional/batch_0001/images/d535decbe0affa1eaa772afac02ec4df8cd980b3.jpg,True,downloaded,
abc075f26b1af3d92f7c9848060eed391595cfb5,682afba1226efa518a636263f924c155b39753bf,-15.837696850123388,-48.051072749708496,-15.83772438218967,-48.05109263271368,2024-08,2024,v8jumHzDckjqpcYlkLuCcw,209.10763505560976,© Google,OK,4_4,173166.35628695707,8246641.001535265,e625da7cd65de2ba9bf82966bd5efcf492bbc2b6,cardinal,4,1,90_deg_east,cardinal,90,0,90,640,640,1,batch_0001,658,datasets/df_2024_proportional/batch_0001/images/e625da7cd65de2ba9bf82966bd5efcf492bbc2b6.jpg,https://raw.githubusercontent.com/GUIA-DD/dataset-streetview/refs/heads/main/datasets/df_2024_proportional/batch_0001/images/e625da7cd65de2ba9bf82966bd5efcf492bbc2b6.jpg,True,downloaded,
abc075f26b1af3d92f7c9848060eed391595cfb5,682afba1226efa518a636263f924c155b39753bf,-15.837696850123388,-48.051072749708496,-15.83772438218967,-48.05109263271368,2024-08,2024,v8jumHzDckjqpcYlkLuCcw,209.10763505560976,© Google,OK,4_4,173166.35628695707,8246641.001535265,2c7227946442359ce5aab6bcb5c350df7b2a9688,cardinal,4,2,180_deg_south,cardinal,180,0,90,640,640,1,batch_0001,659,datasets/df_2024_proportional/batch_0001/images/2c7227946442359ce5aab6bcb5c350df7b2a9688.jpg,https://raw.githubusercontent.com/GUIA-DD/dataset-streetview/refs/heads/main/datasets/df_2024_proportional/batch_0001/images/2c7227946442359ce5aab6bcb5c350df7b2a9688.jpg,True,downloaded,
abc075f26b1af3d92f7c9848060eed391595cfb5,682afba1226efa518a636263f924c155b39753bf,-15.837696850123388,-48.051072749708496,-15.83772438218967,-48.05109263271368,2024-08,2024,v8jumHzDckjqpcYlkLuCcw,209.10763505560976,© Google,OK,4_4,173166.35628695707,8246641.001535265,2cde00d9b5837e2d76e53c551deaedd90e8b3916,cardinal,4,3,270_deg_west,cardinal,270,0,90,640,640,1,batch_0001,660,datasets/df_2024_proportional/batch_0001/images/2cde00d9b5837e2d76e53c551deaedd90e8b3916.jpg,https://raw.githubusercontent.com/GUIA-DD/dataset-streetview/refs/heads/main/datasets/df_2024_proportional/batch_0001/images/2cde00d9b5837e2d76e53c551deaedd90e8b3916.jpg,True,downloaded,
accf8ef2a2a81f3f18466635de4e7b92f71a412d,291ea920965cfd298c735650a7ad100a50576cad,-15.682107118339813,-48.20278718118743,-15.68206284632869,-48.2027709435039,2024-08,2024,exuWccKhOOheBgw-I6qg-w,152.58323033410417,© Google,OK,1_8,156638.47895501938,8263631.672130243,dad6496e15bc1224c556b9cb8e4f18891ae8c022,cardinal,4,0,0_deg_north,cardinal,0,0,90,640,640,1,batch_0001,661,datasets/df_2024_proportional/batch_0001/images/dad6496e15bc1224c556b9cb8e4f18891ae8c022.jpg,https://raw.githubusercontent.com/GUIA-DD/dataset-streetview/refs/heads/main/datasets/df_2024_proportional/batch_0001/images/dad6496e15bc1224c556b9cb8e4f18891ae8c022.jpg,True,downloaded,
accf8ef2a2a81f3f18466635de4e7b92f71a412d,291ea920965cfd298c735650a7ad100a50576cad,-15.682107118339813,-48.20278718118743,-15.68206284632869,-48.2027709435039,2024-08,2024,exuWccKhOOheBgw-I6qg-w,152.58323033410417,© Google,OK,1_8,156638.47895501938,8263631.672130243,8276e183f50c52498b364ee7cf300a62f9fadee5,cardinal,4,1,90_deg_east,cardinal,90,0,90,640,640,1,batch_0001,662,datasets/df_2024_proportional/batch_0001/images/8276e183f50c52498b364ee7cf300a62f9fadee5.jpg,https://raw.githubusercontent.com/GUIA-DD/dataset-streetview/refs/heads/main/datasets/df_2024_proportional/batch_0001/images/8276e183f50c52498b364ee7cf300a62f9fadee5.jpg,True,downloaded,
accf8ef2a2a81f3f18466635de4e7b92f71a412d,291ea920965cfd298c735650a7ad100a50576cad,-15.682107118339813,-48.20278718118743,-15.68206284632869,-48.2027709435039,2024-08,2024,exuWccKhOOheBgw-I6qg-w,152.58323033410417,© Google,OK,1_8,156638.47895501938,8263631.672130243,36342cfa346e84a2fcc14fd8b73f86cdec374ae5,cardinal,4,2,180_deg_south,cardinal,180,0,90,640,640,1,batch_0001,663,datasets/df_2024_proportional/batch_0001/images/36342cfa346e84a2fcc14fd8b73f86cdec374ae5.jpg,https://raw.githubusercontent.com/GUIA-DD/dataset-streetview/refs/heads/main/datasets/df_2024_proportional/batch_0001/images/36342cfa346e84a2fcc14fd8b73f86cdec374ae5.jpg,True,downloaded,
accf8ef2a2a81f3f18466635de4e7b92f71a412d,291ea920965cfd298c735650a7ad100a50576cad,-15.682107118339813,-48.20278718118743,-15.68206284632869,-48.2027709435039,2024-08,2024,exuWccKhOOheBgw-I6qg-w,152.58323033410417,© Google,OK,1_8,156638.47895501938,8263631.672130243,62126e54566eda1d74fb8096a94e5bc6fea1a389,cardinal,4,3,270_deg_west,cardinal,270,0,90,640,640,1,batch_0001,664,datasets/df_2024_proportional/batch_0001/images/62126e54566eda1d74fb8096a94e5bc6fea1a389.jpg,https://raw.githubusercontent.com/GUIA-DD/dataset-streetview/refs/heads/main/datasets/df_2024_proportional/batch_0001/images/62126e54566eda1d74fb8096a94e5bc6fea1a389.jpg,True,downloaded,
ae2d283655b441c1bd114e5385ea35d8949ed896,88f8f1f0699fab2451128901039596ad64afeb7c,-15.822244800001405,-47.80525399999224,-15.82221890011476,-47.80522549485188,2024-12,2024,KJitjDcSIp5DWgOocinRmA,187.30631738350618,© Google,OK,10_5,199494.63941756822,8248719.811588425,6adef33a322e47a49a4c2ce11b22c42a74d7cd44,cardinal,4,0,0_deg_north,cardinal,0,0,90,640,640,1,batch_0001,665,datasets/df_2024_proportional/batch_0001/images/6adef33a322e47a49a4c2ce11b22c42a74d7cd44.jpg,https://raw.githubusercontent.com/GUIA-DD/dataset-streetview/refs/heads/main/datasets/df_2024_proportional/batch_0001/images/6adef33a322e47a49a4c2ce11b22c42a74d7cd44.jpg,True,downloaded,
ae2d283655b441c1bd114e5385ea35d8949ed896,88f8f1f0699fab2451128901039596ad64afeb7c,-15.822244800001405,-47.80525399999224,-15.82221890011476,-47.80522549485188,2024-12,2024,KJitjDcSIp5DWgOocinRmA,187.30631738350618,© Google,OK,10_5,199494.63941756822,8248719.811588425,634c86a692d2883c83fef85f1ebb520f5f991fd5,cardinal,4,1,90_deg_east,cardinal,90,0,90,640,640,1,batch_0001,666,datasets/df_2024_proportional/batch_0001/images/634c86a692d2883c83fef85f1ebb520f5f991fd5.jpg,https://raw.githubusercontent.com/GUIA-DD/dataset-streetview/refs/heads/main/datasets/df_2024_proportional/batch_0001/images/634c86a692d2883c83fef85f1ebb520f5f991fd5.jpg,True,downloaded,
ae2d283655b441c1bd114e5385ea35d8949ed896,88f8f1f0699fab2451128901039596ad64afeb7c,-15.822244800001405,-47.80525399999224,-15.82221890011476,-47.80522549485188,2024-12,2024,KJitjDcSIp5DWgOocinRmA,187.30631738350618,© Google,OK,10_5,199494.63941756822,8248719.811588425,340f5f2c6359935bdfe923785afd1293b8ff9236,cardinal,4,2,180_deg_south,cardinal,180,0,90,640,640,1,batch_0001,667,datasets/df_2024_proportional/batch_0001/images/340f5f2c6359935bdfe923785afd1293b8ff9236.jpg,https://raw.githubusercontent.com/GUIA-DD/dataset-streetview/refs/heads/main/datasets/df_2024_proportional/batch_0001/images/340f5f2c6359935bdfe923785afd1293b8ff9236.jpg,True,downloaded,
ae2d283655b441c1bd114e5385ea35d8949ed896,88f8f1f0699fab2451128901039596ad64afeb7c,-15.822244800001405,-47.80525399999224,-15.82221890011476,-47.80522549485188,2024-12,2024,KJitjDcSIp5DWgOocinRmA,187.30631738350618,© Google,OK,10_5,199494.63941756822,8248719.811588425,29672b0263e94feefcd5531591cf2cf908d8758d,cardinal,4,3,270_deg_west,cardinal,270,0,90,640,640,1,batch_0001,668,datasets/df_2024_proportional/batch_0001/images/29672b0263e94feefcd5531591cf2cf908d8758d.jpg,https://raw.githubusercontent.com/GUIA-DD/dataset-streetview/refs/heads/main/datasets/df_2024_proportional/batch_0001/images/29672b0263e94feefcd5531591cf2cf908d8758d.jpg,True,downloaded,
af88941d077330b26fd3904bdd9cf1b661648fce,cd7661e5bba7c63886de8bba9e1b960762363c9c,-16.031003600043345,-48.064600499895725,-16.03100783011508,-48.06460765638749,2025-05,2025,lvHdTxrQ26N6qfIXqapYEg,208.62684013486003,© Google,OK,4_0,172030.74209238598,8225211.297955953,03d1c485c40175645fb27ac43a09c9ed9f519bae,cardinal,4,0,0_deg_north,cardinal,0,0,90,640,640,1,batch_0001,669,datasets/df_2024_proportional/batch_0001/images/03d1c485c40175645fb27ac43a09c9ed9f519bae.jpg,https://raw.githubusercontent.com/GUIA-DD/dataset-streetview/refs/heads/main/datasets/df_2024_proportional/batch_0001/images/03d1c485c40175645fb27ac43a09c9ed9f519bae.jpg,True,downloaded,
af88941d077330b26fd3904bdd9cf1b661648fce,cd7661e5bba7c63886de8bba9e1b960762363c9c,-16.031003600043345,-48.064600499895725,-16.03100783011508,-48.06460765638749,2025-05,2025,lvHdTxrQ26N6qfIXqapYEg,208.62684013486003,© Google,OK,4_0,172030.74209238598,8225211.297955953,a65ff89d7c6d6d909d3b583347cb6a6164421de8,cardinal,4,1,90_deg_east,cardinal,90,0,90,640,640,1,batch_0001,670,datasets/df_2024_proportional/batch_0001/images/a65ff89d7c6d6d909d3b583347cb6a6164421de8.jpg,https://raw.githubusercontent.com/GUIA-DD/dataset-streetview/refs/heads/main/datasets/df_2024_proportional/batch_0001/images/a65ff89d7c6d6d909d3b583347cb6a6164421de8.jpg,True,downloaded,
af88941d077330b26fd3904bdd9cf1b661648fce,cd7661e5bba7c63886de8bba9e1b960762363c9c,-16.031003600043345,-48.064600499895725,-16.03100783011508,-48.06460765638749,2025-05,2025,lvHdTxrQ26N6qfIXqapYEg,208.62684013486003,© Google,OK,4_0,172030.74209238598,8225211.297955953,8d4f4238eed7a2dae5012cdf3f1e5508b756f68e,cardinal,4,2,180_deg_south,cardinal,180,0,90,640,640,1,batch_0001,671,datasets/df_2024_proportional/batch_0001/images/8d4f4238eed7a2dae5012cdf3f1e5508b756f68e.jpg,https://raw.githubusercontent.com/GUIA-DD/dataset-streetview/refs/heads/main/datasets/df_2024_proportional/batch_0001/images/8d4f4238eed7a2dae5012cdf3f1e5508b756f68e.jpg,True,downloaded,
af88941d077330b26fd3904bdd9cf1b661648fce,cd7661e5bba7c63886de8bba9e1b960762363c9c,-16.031003600043345,-48.064600499895725,-16.03100783011508,-48.06460765638749,2025-05,2025,lvHdTxrQ26N6qfIXqapYEg,208.62684013486003,© Google,OK,4_0,172030.74209238598,8225211.297955953,0988d18aee8dfabd46cd29dc884e8a2b8fb8ac39,cardinal,4,3,270_deg_west,cardinal,270,0,90,640,640,1,batch_0001,672,datasets/df_2024_proportional/batch_0001/images/0988d18aee8dfabd46cd29dc884e8a2b8fb8ac39.jpg,https://raw.githubusercontent.com/GUIA-DD/dataset-streetview/refs/heads/main/datasets/df_2024_proportional/batch_0001/images/0988d18aee8dfabd46cd29dc884e8a2b8fb8ac39.jpg,True,downloaded,
b242fc01f55a645d0477bded2efbb94a804deec0,316f5d4438079724ca76f6b0150ac7ba09be525b,-16.002939499997858,-47.99061745003272,-16.00294458734082,-47.99063991470153,2024-08,2024,zz2_e6sH2-HyVSkJu1lfjA,168.30333579774853,© Google,OK,6_1,179909.7173542652,8228434.947733499,0a0c8273b7d81fba1389a30d4507288075cc8cae,cardinal,4,0,0_deg_north,cardinal,0,0,90,640,640,1,batch_0001,673,datasets/df_2024_proportional/batch_0001/images/0a0c8273b7d81fba1389a30d4507288075cc8cae.jpg,https://raw.githubusercontent.com/GUIA-DD/dataset-streetview/refs/heads/main/datasets/df_2024_proportional/batch_0001/images/0a0c8273b7d81fba1389a30d4507288075cc8cae.jpg,True,downloaded,
b242fc01f55a645d0477bded2efbb94a804deec0,316f5d4438079724ca76f6b0150ac7ba09be525b,-16.002939499997858,-47.99061745003272,-16.00294458734082,-47.99063991470153,2024-08,2024,zz2_e6sH2-HyVSkJu1lfjA,168.30333579774853,© Google,OK,6_1,179909.7173542652,8228434.947733499,cec9eb1e0e96655bff2d5437b9b958e12707282b,cardinal,4,1,90_deg_east,cardinal,90,0,90,640,640,1,batch_0001,674,datasets/df_2024_proportional/batch_0001/images/cec9eb1e0e96655bff2d5437b9b958e12707282b.jpg,https://raw.githubusercontent.com/GUIA-DD/dataset-streetview/refs/heads/main/datasets/df_2024_proportional/batch_0001/images/cec9eb1e0e96655bff2d5437b9b958e12707282b.jpg,True,downloaded,
b242fc01f55a645d0477bded2efbb94a804deec0,316f5d4438079724ca76f6b0150ac7ba09be525b,-16.002939499997858,-47.99061745003272,-16.00294458734082,-47.99063991470153,2024-08,2024,zz2_e6sH2-HyVSkJu1lfjA,168.30333579774853,© Google,OK,6_1,179909.7173542652,8228434.947733499,a211759cc14af33a1d162fa976cc6197f9be10f3,cardinal,4,2,180_deg_south,cardinal,180,0,90,640,640,1,batch_0001,675,datasets/df_2024_proportional/batch_0001/images/a211759cc14af33a1d162fa976cc6197f9be10f3.jpg,https://raw.githubusercontent.com/GUIA-DD/dataset-streetview/refs/heads/main/datasets/df_2024_proportional/batch_0001/images/a211759cc14af33a1d162fa976cc6197f9be10f3.jpg,True,downloaded,
b242fc01f55a645d0477bded2efbb94a804deec0,316f5d4438079724ca76f6b0150ac7ba09be525b,-16.002939499997858,-47.99061745003272,-16.00294458734082,-47.99063991470153,2024-08,2024,zz2_e6sH2-HyVSkJu1lfjA,168.30333579774853,© Google,OK,6_1,179909.7173542652,8228434.947733499,1539772dbcbee378459bbac4b43e498af3caf94e,cardinal,4,3,270_deg_west,cardinal,270,0,90,640,640,1,batch_0001,676,datasets/df_2024_proportional/batch_0001/images/1539772dbcbee378459bbac4b43e498af3caf94e.jpg,https://raw.githubusercontent.com/GUIA-DD/dataset-streetview/refs/heads/main/datasets/df_2024_proportional/batch_0001/images/1539772dbcbee378459bbac4b43e498af3caf94e.jpg,True,downloaded,
b2b5149cdc49b563eef7f9a162cd3f40f5b9fcfb,ade5fa829f4b14de8804bb0c16b7e1081320ff04,-15.786553200039464,-48.12490104997974,-15.78652882788689,-48.12486851854407,2026-01,2026,VAlb2Z3q7JGoBHi3HnpDCA,249.15982181378453,© Google,OK,3_5,165166.8949163578,8252188.810269082,84b05bd8b5bc87d19544048e89f43b51d4ce12ef,cardinal,4,0,0_deg_north,cardinal,0,0,90,640,640,1,batch_0001,677,datasets/df_2024_proportional/batch_0001/images/84b05bd8b5bc87d19544048e89f43b51d4ce12ef.jpg,https://raw.githubusercontent.com/GUIA-DD/dataset-streetview/refs/heads/main/datasets/df_2024_proportional/batch_0001/images/84b05bd8b5bc87d19544048e89f43b51d4ce12ef.jpg,True,downloaded,
b2b5149cdc49b563eef7f9a162cd3f40f5b9fcfb,ade5fa829f4b14de8804bb0c16b7e1081320ff04,-15.786553200039464,-48.12490104997974,-15.78652882788689,-48.12486851854407,2026-01,2026,VAlb2Z3q7JGoBHi3HnpDCA,249.15982181378453,© Google,OK,3_5,165166.8949163578,8252188.810269082,f42a466b555aaae1d1d3811f46451fef0243551d,cardinal,4,1,90_deg_east,cardinal,90,0,90,640,640,1,batch_0001,678,datasets/df_2024_proportional/batch_0001/images/f42a466b555aaae1d1d3811f46451fef0243551d.jpg,https://raw.githubusercontent.com/GUIA-DD/dataset-streetview/refs/heads/main/datasets/df_2024_proportional/batch_0001/images/f42a466b555aaae1d1d3811f46451fef0243551d.jpg,True,downloaded,
b2b5149cdc49b563eef7f9a162cd3f40f5b9fcfb,ade5fa829f4b14de8804bb0c16b7e1081320ff04,-15.786553200039464,-48.12490104997974,-15.78652882788689,-48.12486851854407,2026-01,2026,VAlb2Z3q7JGoBHi3HnpDCA,249.15982181378453,© Google,OK,3_5,165166.8949163578,8252188.810269082,dd397f1e73bb4ddf5d27f45b9e24e1cd7e55bd61,cardinal,4,2,180_deg_south,cardinal,180,0,90,640,640,1,batch_0001,679,datasets/df_2024_proportional/batch_0001/images/dd397f1e73bb4ddf5d27f45b9e24e1cd7e55bd61.jpg,https://raw.githubusercontent.com/GUIA-DD/dataset-streetview/refs/heads/main/datasets/df_2024_proportional/batch_0001/images/dd397f1e73bb4ddf5d27f45b9e24e1cd7e55bd61.jpg,True,downloaded,
b2b5149cdc49b563eef7f9a162cd3f40f5b9fcfb,ade5fa829f4b14de8804bb0c16b7e1081320ff04,-15.786553200039464,-48.12490104997974,-15.78652882788689,-48.12486851854407,2026-01,2026,VAlb2Z3q7JGoBHi3HnpDCA,249.15982181378453,© Google,OK,3_5,165166.8949163578,8252188.810269082,57fffac841f20db25bf48f90f8f8f0bc4b903d69,cardinal,4,3,270_deg_west,cardinal,270,0,90,640,640,1,batch_0001,680,datasets/df_2024_proportional/batch_0001/images/57fffac841f20db25bf48f90f8f8f0bc4b903d69.jpg,https://raw.githubusercontent.com/GUIA-DD/dataset-streetview/refs/heads/main/datasets/df_2024_proportional/batch_0001/images/57fffac841f20db25bf48f90f8f8f0bc4b903d69.jpg,True,downloaded,
b353d5f2a59325775b88d50201bfb19ea035b228,ebd6937f214c505393e9d3495a7561d3f6d2cbb6,-15.841795550064731,-48.121471799926454,-15.84178594752204,-48.12149254582989,2024-07,2024,Ak2ZGtv_prk6SIR-4DGFPw,232.33815557105692,© Google,OK,3_4,165625.5794855745,8246075.993041795,2e7f89122f747904babb0515fe96bb5a8fca93f5,cardinal,4,0,0_deg_north,cardinal,0,0,90,640,640,1,batch_0001,681,datasets/df_2024_proportional/batch_0001/images/2e7f89122f747904babb0515fe96bb5a8fca93f5.jpg,https://raw.githubusercontent.com/GUIA-DD/dataset-streetview/refs/heads/main/datasets/df_2024_proportional/batch_0001/images/2e7f89122f747904babb0515fe96bb5a8fca93f5.jpg,True,downloaded,
b353d5f2a59325775b88d50201bfb19ea035b228,ebd6937f214c505393e9d3495a7561d3f6d2cbb6,-15.841795550064731,-48.121471799926454,-15.84178594752204,-48.12149254582989,2024-07,2024,Ak2ZGtv_prk6SIR-4DGFPw,232.33815557105692,© Google,OK,3_4,165625.5794855745,8246075.993041795,4da8eff96b3eb8b659e2d99683bfe2a4c450dbf7,cardinal,4,1,90_deg_east,cardinal,90,0,90,640,640,1,batch_0001,682,datasets/df_2024_proportional/batch_0001/images/4da8eff96b3eb8b659e2d99683bfe2a4c450dbf7.jpg,https://raw.githubusercontent.com/GUIA-DD/dataset-streetview/refs/heads/main/datasets/df_2024_proportional/batch_0001/images/4da8eff96b3eb8b659e2d99683bfe2a4c450dbf7.jpg,True,downloaded,
b353d5f2a59325775b88d50201bfb19ea035b228,ebd6937f214c505393e9d3495a7561d3f6d2cbb6,-15.841795550064731,-48.121471799926454,-15.84178594752204,-48.12149254582989,2024-07,2024,Ak2ZGtv_prk6SIR-4DGFPw,232.33815557105692,© Google,OK,3_4,165625.5794855745,8246075.993041795,48db2ffcb66d98dd55e474a356cce16daa985a7c,cardinal,4,2,180_deg_south,cardinal,180,0,90,640,640,1,batch_0001,683,datasets/df_2024_proportional/batch_0001/images/48db2ffcb66d98dd55e474a356cce16daa985a7c.jpg,https://raw.githubusercontent.com/GUIA-DD/dataset-streetview/refs/heads/main/datasets/df_2024_proportional/batch_0001/images/48db2ffcb66d98dd55e474a356cce16daa985a7c.jpg,True,downloaded,
b353d5f2a59325775b88d50201bfb19ea035b228,ebd6937f214c505393e9d3495a7561d3f6d2cbb6,-15.841795550064731,-48.121471799926454,-15.84178594752204,-48.12149254582989,2024-07,2024,Ak2ZGtv_prk6SIR-4DGFPw,232.33815557105692,© Google,OK,3_4,165625.5794855745,8246075.993041795,3b578e18964d99901c71f635e23ef35b8ab3cbef,cardinal,4,3,270_deg_west,cardinal,270,0,90,640,640,1,batch_0001,684,datasets/df_2024_proportional/batch_0001/images/3b578e18964d99901c71f635e23ef35b8ab3cbef.jpg,https://raw.githubusercontent.com/GUIA-DD/dataset-streetview/refs/heads/main/datasets/df_2024_proportional/batch_0001/images/3b578e18964d99901c71f635e23ef35b8ab3cbef.jpg,True,downloaded,
b37418743527a161d64559344e6224aa8414aa15,59b4ed70214172c923bfcb8943d2cb5df58ba44e,-15.924110565830233,-48.0761758885852,-15.92409320543761,-48.07615163074561,2024-06,2024,d8QX8xaToCEC5wScQlYXeQ,211.17622663622143,© Google,OK,4_2,170615.81903248353,8237031.389165676,f3eeee4c109a648bfe3c2ec187b47804a3e19225,cardinal,4,0,0_deg_north,cardinal,0,0,90,640,640,1,batch_0001,685,datasets/df_2024_proportional/batch_0001/images/f3eeee4c109a648bfe3c2ec187b47804a3e19225.jpg,https://raw.githubusercontent.com/GUIA-DD/dataset-streetview/refs/heads/main/datasets/df_2024_proportional/batch_0001/images/f3eeee4c109a648bfe3c2ec187b47804a3e19225.jpg,True,downloaded,
b37418743527a161d64559344e6224aa8414aa15,59b4ed70214172c923bfcb8943d2cb5df58ba44e,-15.924110565830233,-48.0761758885852,-15.92409320543761,-48.07615163074561,2024-06,2024,d8QX8xaToCEC5wScQlYXeQ,211.17622663622143,© Google,OK,4_2,170615.81903248353,8237031.389165676,95d4936969a06fd242d96fdaa235f231498e9e20,cardinal,4,1,90_deg_east,cardinal,90,0,90,640,640,1,batch_0001,686,datasets/df_2024_proportional/batch_0001/images/95d4936969a06fd242d96fdaa235f231498e9e20.jpg,https://raw.githubusercontent.com/GUIA-DD/dataset-streetview/refs/heads/main/datasets/df_2024_proportional/batch_0001/images/95d4936969a06fd242d96fdaa235f231498e9e20.jpg,True,downloaded,
b37418743527a161d64559344e6224aa8414aa15,59b4ed70214172c923bfcb8943d2cb5df58ba44e,-15.924110565830233,-48.0761758885852,-15.92409320543761,-48.07615163074561,2024-06,2024,d8QX8xaToCEC5wScQlYXeQ,211.17622663622143,© Google,OK,4_2,170615.81903248353,8237031.389165676,6a56a664f6d07940e531c9cca0aae5ba69d1a17a,cardinal,4,2,180_deg_south,cardinal,180,0,90,640,640,1,batch_0001,687,datasets/df_2024_proportional/batch_0001/images/6a56a664f6d07940e531c9cca0aae5ba69d1a17a.jpg,https://raw.githubusercontent.com/GUIA-DD/dataset-streetview/refs/heads/main/datasets/df_2024_proportional/batch_0001/images/6a56a664f6d07940e531c9cca0aae5ba69d1a17a.jpg,True,downloaded,
b37418743527a161d64559344e6224aa8414aa15,59b4ed70214172c923bfcb8943d2cb5df58ba44e,-15.924110565830233,-48.0761758885852,-15.92409320543761,-48.07615163074561,2024-06,2024,d8QX8xaToCEC5wScQlYXeQ,211.17622663622143,© Google,OK,4_2,170615.81903248353,8237031.389165676,d493130ee9a2b5c7d31125abbd35568da5117d5f,cardinal,4,3,270_deg_west,cardinal,270,0,90,640,640,1,batch_0001,688,datasets/df_2024_proportional/batch_0001/images/d493130ee9a2b5c7d31125abbd35568da5117d5f.jpg,https://raw.githubusercontent.com/GUIA-DD/dataset-streetview/refs/heads/main/datasets/df_2024_proportional/batch_0001/images/d493130ee9a2b5c7d31125abbd35568da5117d5f.jpg,True,downloaded,
b4a2865f1898efbb9212dd6d15cac8015e5f565d,fd88c95c2c7ab563c9d2540c9a7e3caf45bb7c0d,-15.80073830031383,-48.13161784983514,-15.80074760857431,-48.13159480150136,2026-02,2026,GXS6jJr6maiHq-CUJIi_Pw,68.8146540185432,© Google,OK,3_5,164469.970515624,8250607.041395437,bff6715ac31059ac418e97b9b6aa1b8c23982985,cardinal,4,0,0_deg_north,cardinal,0,0,90,640,640,1,batch_0001,689,datasets/df_2024_proportional/batch_0001/images/bff6715ac31059ac418e97b9b6aa1b8c23982985.jpg,https://raw.githubusercontent.com/GUIA-DD/dataset-streetview/refs/heads/main/datasets/df_2024_proportional/batch_0001/images/bff6715ac31059ac418e97b9b6aa1b8c23982985.jpg,True,downloaded,
b4a2865f1898efbb9212dd6d15cac8015e5f565d,fd88c95c2c7ab563c9d2540c9a7e3caf45bb7c0d,-15.80073830031383,-48.13161784983514,-15.80074760857431,-48.13159480150136,2026-02,2026,GXS6jJr6maiHq-CUJIi_Pw,68.8146540185432,© Google,OK,3_5,164469.970515624,8250607.041395437,d92ebc21e7461d5f7a82be85017e02feab1e2a3c,cardinal,4,1,90_deg_east,cardinal,90,0,90,640,640,1,batch_0001,690,datasets/df_2024_proportional/batch_0001/images/d92ebc21e7461d5f7a82be85017e02feab1e2a3c.jpg,https://raw.githubusercontent.com/GUIA-DD/dataset-streetview/refs/heads/main/datasets/df_2024_proportional/batch_0001/images/d92ebc21e7461d5f7a82be85017e02feab1e2a3c.jpg,True,downloaded,
b4a2865f1898efbb9212dd6d15cac8015e5f565d,fd88c95c2c7ab563c9d2540c9a7e3caf45bb7c0d,-15.80073830031383,-48.13161784983514,-15.80074760857431,-48.13159480150136,2026-02,2026,GXS6jJr6maiHq-CUJIi_Pw,68.8146540185432,© Google,OK,3_5,164469.970515624,8250607.041395437,a6dfd32159dcfbdcfe01800819113917c837e404,cardinal,4,2,180_deg_south,cardinal,180,0,90,640,640,1,batch_0001,691,datasets/df_2024_proportional/batch_0001/images/a6dfd32159dcfbdcfe01800819113917c837e404.jpg,https://raw.githubusercontent.com/GUIA-DD/dataset-streetview/refs/heads/main/datasets/df_2024_proportional/batch_0001/images/a6dfd32159dcfbdcfe01800819113917c837e404.jpg,True,downloaded,
b4a2865f1898efbb9212dd6d15cac8015e5f565d,fd88c95c2c7ab563c9d2540c9a7e3caf45bb7c0d,-15.80073830031383,-48.13161784983514,-15.80074760857431,-48.13159480150136,2026-02,2026,GXS6jJr6maiHq-CUJIi_Pw,68.8146540185432,© Google,OK,3_5,164469.970515624,8250607.041395437,043500ffde0d7be543ee227f92cba3afc854f14b,cardinal,4,3,270_deg_west,cardinal,270,0,90,640,640,1,batch_0001,692,datasets/df_2024_proportional/batch_0001/images/043500ffde0d7be543ee227f92cba3afc854f14b.jpg,https://raw.githubusercontent.com/GUIA-DD/dataset-streetview/refs/heads/main/datasets/df_2024_proportional/batch_0001/images/043500ffde0d7be543ee227f92cba3afc854f14b.jpg,True,downloaded,
b5ccc7aa7d49035cbfa8e669eaef6a50c27d708f,4813f88325fbeaf382c02292b50935e2c7ba76f1,-16.043401850022626,-48.2550139998723,-16.04342697874582,-48.25497901464536,2025-05,2025,li0JDXViFDAGd8yViiGftA,6.49358610676316,© Google,OK,0_0,151656.36269307125,8223527.030026155,822a110f1c4b254bb292c4187e14c2e0abb16871,cardinal,4,0,0_deg_north,cardinal,0,0,90,640,640,1,batch_0001,693,datasets/df_2024_proportional/batch_0001/images/822a110f1c4b254bb292c4187e14c2e0abb16871.jpg,https://raw.githubusercontent.com/GUIA-DD/dataset-streetview/refs/heads/main/datasets/df_2024_proportional/batch_0001/images/822a110f1c4b254bb292c4187e14c2e0abb16871.jpg,True,downloaded,
b5ccc7aa7d49035cbfa8e669eaef6a50c27d708f,4813f88325fbeaf382c02292b50935e2c7ba76f1,-16.043401850022626,-48.2550139998723,-16.04342697874582,-48.25497901464536,2025-05,2025,li0JDXViFDAGd8yViiGftA,6.49358610676316,© Google,OK,0_0,151656.36269307125,8223527.030026155,55ec00e4bdc6b08e2c2ce94d542617d738706487,cardinal,4,1,90_deg_east,cardinal,90,0,90,640,640,1,batch_0001,694,datasets/df_2024_proportional/batch_0001/images/55ec00e4bdc6b08e2c2ce94d542617d738706487.jpg,https://raw.githubusercontent.com/GUIA-DD/dataset-streetview/refs/heads/main/datasets/df_2024_proportional/batch_0001/images/55ec00e4bdc6b08e2c2ce94d542617d738706487.jpg,True,downloaded,
b5ccc7aa7d49035cbfa8e669eaef6a50c27d708f,4813f88325fbeaf382c02292b50935e2c7ba76f1,-16.043401850022626,-48.2550139998723,-16.04342697874582,-48.25497901464536,2025-05,2025,li0JDXViFDAGd8yViiGftA,6.49358610676316,© Google,OK,0_0,151656.36269307125,8223527.030026155,c26f5d901d6beb430ff9f591e1b55a377c96c138,cardinal,4,2,180_deg_south,cardinal,180,0,90,640,640,1,batch_0001,695,datasets/df_2024_proportional/batch_0001/images/c26f5d901d6beb430ff9f591e1b55a377c96c138.jpg,https://raw.githubusercontent.com/GUIA-DD/dataset-streetview/refs/heads/main/datasets/df_2024_proportional/batch_0001/images/c26f5d901d6beb430ff9f591e1b55a377c96c138.jpg,True,downloaded,
b5ccc7aa7d49035cbfa8e669eaef6a50c27d708f,4813f88325fbeaf382c02292b50935e2c7ba76f1,-16.043401850022626,-48.2550139998723,-16.04342697874582,-48.25497901464536,2025-05,2025,li0JDXViFDAGd8yViiGftA,6.49358610676316,© Google,OK,0_0,151656.36269307125,8223527.030026155,216210253618c263c30bf29d0119943b0db8ff2f,cardinal,4,3,270_deg_west,cardinal,270,0,90,640,640,1,batch_0001,696,datasets/df_2024_proportional/batch_0001/images/216210253618c263c30bf29d0119943b0db8ff2f.jpg,https://raw.githubusercontent.com/GUIA-DD/dataset-streetview/refs/heads/main/datasets/df_2024_proportional/batch_0001/images/216210253618c263c30bf29d0119943b0db8ff2f.jpg,True,downloaded,
b6eae2de027a83ce02c9af86db6d5f67def783bb,029181c2b35c0e9787911764da0de9e0bb4bf8cc,-15.921418700046054,-48.106072500108795,-15.92140231785887,-48.10608695837229,2024-06,2024,Ed-lU-SnpyngyGxcqRWJ3A,307.4077720521264,© Google,OK,3_2,167407.50457252038,8237282.050058061,0e12da55569908db20dd587568a403f8953bed10,cardinal,4,0,0_deg_north,cardinal,0,0,90,640,640,1,batch_0001,697,datasets/df_2024_proportional/batch_0001/images/0e12da55569908db20dd587568a403f8953bed10.jpg,https://raw.githubusercontent.com/GUIA-DD/dataset-streetview/refs/heads/main/datasets/df_2024_proportional/batch_0001/images/0e12da55569908db20dd587568a403f8953bed10.jpg,True,downloaded,
b6eae2de027a83ce02c9af86db6d5f67def783bb,029181c2b35c0e9787911764da0de9e0bb4bf8cc,-15.921418700046054,-48.106072500108795,-15.92140231785887,-48.10608695837229,2024-06,2024,Ed-lU-SnpyngyGxcqRWJ3A,307.4077720521264,© Google,OK,3_2,167407.50457252038,8237282.050058061,00057e3cb15b5449a8e8b0ece53b987178046d37,cardinal,4,1,90_deg_east,cardinal,90,0,90,640,640,1,batch_0001,698,datasets/df_2024_proportional/batch_0001/images/00057e3cb15b5449a8e8b0ece53b987178046d37.jpg,https://raw.githubusercontent.com/GUIA-DD/dataset-streetview/refs/heads/main/datasets/df_2024_proportional/batch_0001/images/00057e3cb15b5449a8e8b0ece53b987178046d37.jpg,True,downloaded,
b6eae2de027a83ce02c9af86db6d5f67def783bb,029181c2b35c0e9787911764da0de9e0bb4bf8cc,-15.921418700046054,-48.106072500108795,-15.92140231785887,-48.10608695837229,2024-06,2024,Ed-lU-SnpyngyGxcqRWJ3A,307.4077720521264,© Google,OK,3_2,167407.50457252038,8237282.050058061,2a420be4516d5e17e7d6c75c77b6f1dee8417daa,cardinal,4,2,180_deg_south,cardinal,180,0,90,640,640,1,batch_0001,699,datasets/df_2024_proportional/batch_0001/images/2a420be4516d5e17e7d6c75c77b6f1dee8417daa.jpg,https://raw.githubusercontent.com/GUIA-DD/dataset-streetview/refs/heads/main/datasets/df_2024_proportional/batch_0001/images/2a420be4516d5e17e7d6c75c77b6f1dee8417daa.jpg,True,downloaded,
b6eae2de027a83ce02c9af86db6d5f67def783bb,029181c2b35c0e9787911764da0de9e0bb4bf8cc,-15.921418700046054,-48.106072500108795,-15.92140231785887,-48.10608695837229,2024-06,2024,Ed-lU-SnpyngyGxcqRWJ3A,307.4077720521264,© Google,OK,3_2,167407.50457252038,8237282.050058061,56dac42a48548fc2f169b00cd9e9ebb45574b138,cardinal,4,3,270_deg_west,cardinal,270,0,90,640,640,1,batch_0001,700,datasets/df_2024_proportional/batch_0001/images/56dac42a48548fc2f169b00cd9e9ebb45574b138.jpg,https://raw.githubusercontent.com/GUIA-DD/dataset-streetview/refs/heads/main/datasets/df_2024_proportional/batch_0001/images/56dac42a48548fc2f169b00cd9e9ebb45574b138.jpg,True,downloaded,
b7b34f83569e795851ebea650c5fd40da9b9e268,b8738a6b9a9c076b374a08ec8050312b89f21d73,-15.898456450003017,-48.12330910006591,-15.89849029698894,-48.12330294351588,2025-06,2025,5VLwmJUnh8PYrvdG5PR18Q,156.9830168792202,© Google,OK,3_3,165522.2397984955,8239797.642013259,471a9e1ef32c5065ed92b18634a0f2ca888815ac,cardinal,4,0,0_deg_north,cardinal,0,0,90,640,640,1,batch_0001,701,datasets/df_2024_proportional/batch_0001/images/471a9e1ef32c5065ed92b18634a0f2ca888815ac.jpg,https://raw.githubusercontent.com/GUIA-DD/dataset-streetview/refs/heads/main/datasets/df_2024_proportional/batch_0001/images/471a9e1ef32c5065ed92b18634a0f2ca888815ac.jpg,True,downloaded,
b7b34f83569e795851ebea650c5fd40da9b9e268,b8738a6b9a9c076b374a08ec8050312b89f21d73,-15.898456450003017,-48.12330910006591,-15.89849029698894,-48.12330294351588,2025-06,2025,5VLwmJUnh8PYrvdG5PR18Q,156.9830168792202,© Google,OK,3_3,165522.2397984955,8239797.642013259,962361a9676ded8be11f619df5fb8251ce8b9498,cardinal,4,1,90_deg_east,cardinal,90,0,90,640,640,1,batch_0001,702,datasets/df_2024_proportional/batch_0001/images/962361a9676ded8be11f619df5fb8251ce8b9498.jpg,https://raw.githubusercontent.com/GUIA-DD/dataset-streetview/refs/heads/main/datasets/df_2024_proportional/batch_0001/images/962361a9676ded8be11f619df5fb8251ce8b9498.jpg,True,downloaded,
b7b34f83569e795851ebea650c5fd40da9b9e268,b8738a6b9a9c076b374a08ec8050312b89f21d73,-15.898456450003017,-48.12330910006591,-15.89849029698894,-48.12330294351588,2025-06,2025,5VLwmJUnh8PYrvdG5PR18Q,156.9830168792202,© Google,OK,3_3,165522.2397984955,8239797.642013259,e0a7baa68994ae4c4215b6098bf4f12fe53716ad,cardinal,4,2,180_deg_south,cardinal,180,0,90,640,640,1,batch_0001,703,datasets/df_2024_proportional/batch_0001/images/e0a7baa68994ae4c4215b6098bf4f12fe53716ad.jpg,https://raw.githubusercontent.com/GUIA-DD/dataset-streetview/refs/heads/main/datasets/df_2024_proportional/batch_0001/images/e0a7baa68994ae4c4215b6098bf4f12fe53716ad.jpg,True,downloaded,
b7b34f83569e795851ebea650c5fd40da9b9e268,b8738a6b9a9c076b374a08ec8050312b89f21d73,-15.898456450003017,-48.12330910006591,-15.89849029698894,-48.12330294351588,2025-06,2025,5VLwmJUnh8PYrvdG5PR18Q,156.9830168792202,© Google,OK,3_3,165522.2397984955,8239797.642013259,27fe2f31492cdf0790a74d45fdb70c8d8d305f6a,cardinal,4,3,270_deg_west,cardinal,270,0,90,640,640,1,batch_0001,704,datasets/df_2024_proportional/batch_0001/images/27fe2f31492cdf0790a74d45fdb70c8d8d305f6a.jpg,https://raw.githubusercontent.com/GUIA-DD/dataset-streetview/refs/heads/main/datasets/df_2024_proportional/batch_0001/images/27fe2f31492cdf0790a74d45fdb70c8d8d305f6a.jpg,True,downloaded,
b80978aeb9a5dfa10ac602229af96a2f6bc5e8c0,a6fc9be67d4318ecc21ae3a19a5b7179638af3fc,-15.879931000001525,-48.067225200103294,-15.87994710615013,-48.06723560765155,2025-07,2025,pEvfoOh_HEnpw3ZwbZG2AA,160.38420405117293,© Google,OK,4_3,171503.16951887248,8241938.361066898,9d1e2c24efe30cd025cbdf27514c87f3dad1765b,cardinal,4,0,0_deg_north,cardinal,0,0,90,640,640,1,batch_0001,705,datasets/df_2024_proportional/batch_0001/images/9d1e2c24efe30cd025cbdf27514c87f3dad1765b.jpg,https://raw.githubusercontent.com/GUIA-DD/dataset-streetview/refs/heads/main/datasets/df_2024_proportional/batch_0001/images/9d1e2c24efe30cd025cbdf27514c87f3dad1765b.jpg,True,downloaded,
b80978aeb9a5dfa10ac602229af96a2f6bc5e8c0,a6fc9be67d4318ecc21ae3a19a5b7179638af3fc,-15.879931000001525,-48.067225200103294,-15.87994710615013,-48.06723560765155,2025-07,2025,pEvfoOh_HEnpw3ZwbZG2AA,160.38420405117293,© Google,OK,4_3,171503.16951887248,8241938.361066898,f23ba6e6f3fd59e05766430d2c9f1938f8995a22,cardinal,4,1,90_deg_east,cardinal,90,0,90,640,640,1,batch_0001,706,datasets/df_2024_proportional/batch_0001/images/f23ba6e6f3fd59e05766430d2c9f1938f8995a22.jpg,https://raw.githubusercontent.com/GUIA-DD/dataset-streetview/refs/heads/main/datasets/df_2024_proportional/batch_0001/images/f23ba6e6f3fd59e05766430d2c9f1938f8995a22.jpg,True,downloaded,
b80978aeb9a5dfa10ac602229af96a2f6bc5e8c0,a6fc9be67d4318ecc21ae3a19a5b7179638af3fc,-15.879931000001525,-48.067225200103294,-15.87994710615013,-48.06723560765155,2025-07,2025,pEvfoOh_HEnpw3ZwbZG2AA,160.38420405117293,© Google,OK,4_3,171503.16951887248,8241938.361066898,b3f426018313683bb6700cdded766f74d7a38048,cardinal,4,2,180_deg_south,cardinal,180,0,90,640,640,1,batch_0001,707,datasets/df_2024_proportional/batch_0001/images/b3f426018313683bb6700cdded766f74d7a38048.jpg,https://raw.githubusercontent.com/GUIA-DD/dataset-streetview/refs/heads/main/datasets/df_2024_proportional/batch_0001/images/b3f426018313683bb6700cdded766f74d7a38048.jpg,True,downloaded,
b80978aeb9a5dfa10ac602229af96a2f6bc5e8c0,a6fc9be67d4318ecc21ae3a19a5b7179638af3fc,-15.879931000001525,-48.067225200103294,-15.87994710615013,-48.06723560765155,2025-07,2025,pEvfoOh_HEnpw3ZwbZG2AA,160.38420405117293,© Google,OK,4_3,171503.16951887248,8241938.361066898,7012360fc8dcd40b58cb74619a41b81de75137e4,cardinal,4,3,270_deg_west,cardinal,270,0,90,640,640,1,batch_0001,708,datasets/df_2024_proportional/batch_0001/images/7012360fc8dcd40b58cb74619a41b81de75137e4.jpg,https://raw.githubusercontent.com/GUIA-DD/dataset-streetview/refs/heads/main/datasets/df_2024_proportional/batch_0001/images/7012360fc8dcd40b58cb74619a41b81de75137e4.jpg,True,downloaded,
b9080862401ff453fb55552907f4838e270132ea,5b20b66926f8f30ce545fb31038eea126e130b78,-15.599517550543153,-47.6828770995076,-15.59949685555825,-47.6828611958473,2025-07,2025,MDdxwTRBrJQh_xdWl8I0dA,239.24010469743854,© Google,OK,12_10,212299.44215502686,8273550.648560562,a9edfd47f765d23788d7766e457943c1ce2ea377,cardinal,4,0,0_deg_north,cardinal,0,0,90,640,640,1,batch_0001,709,datasets/df_2024_proportional/batch_0001/images/a9edfd47f765d23788d7766e457943c1ce2ea377.jpg,https://raw.githubusercontent.com/GUIA-DD/dataset-streetview/refs/heads/main/datasets/df_2024_proportional/batch_0001/images/a9edfd47f765d23788d7766e457943c1ce2ea377.jpg,True,downloaded,
b9080862401ff453fb55552907f4838e270132ea,5b20b66926f8f30ce545fb31038eea126e130b78,-15.599517550543153,-47.6828770995076,-15.59949685555825,-47.6828611958473,2025-07,2025,MDdxwTRBrJQh_xdWl8I0dA,239.24010469743854,© Google,OK,12_10,212299.44215502686,8273550.648560562,63292549c1ac0e70cf49720cfd1c0620bda838ba,cardinal,4,1,90_deg_east,cardinal,90,0,90,640,640,1,batch_0001,710,datasets/df_2024_proportional/batch_0001/images/63292549c1ac0e70cf49720cfd1c0620bda838ba.jpg,https://raw.githubusercontent.com/GUIA-DD/dataset-streetview/refs/heads/main/datasets/df_2024_proportional/batch_0001/images/63292549c1ac0e70cf49720cfd1c0620bda838ba.jpg,True,downloaded,
b9080862401ff453fb55552907f4838e270132ea,5b20b66926f8f30ce545fb31038eea126e130b78,-15.599517550543153,-47.6828770995076,-15.59949685555825,-47.6828611958473,2025-07,2025,MDdxwTRBrJQh_xdWl8I0dA,239.24010469743854,© Google,OK,12_10,212299.44215502686,8273550.648560562,ce99efeec750c453f12cacf130606fd89c726bbf,cardinal,4,2,180_deg_south,cardinal,180,0,90,640,640,1,batch_0001,711,datasets/df_2024_proportional/batch_0001/images/ce99efeec750c453f12cacf130606fd89c726bbf.jpg,https://raw.githubusercontent.com/GUIA-DD/dataset-streetview/refs/heads/main/datasets/df_2024_proportional/batch_0001/images/ce99efeec750c453f12cacf130606fd89c726bbf.jpg,True,downloaded,
b9080862401ff453fb55552907f4838e270132ea,5b20b66926f8f30ce545fb31038eea126e130b78,-15.599517550543153,-47.6828770995076,-15.59949685555825,-47.6828611958473,2025-07,2025,MDdxwTRBrJQh_xdWl8I0dA,239.24010469743854,© Google,OK,12_10,212299.44215502686,8273550.648560562,414d995613643f823af0eee0564111f2d313f71b,cardinal,4,3,270_deg_west,cardinal,270,0,90,640,640,1,batch_0001,712,datasets/df_2024_proportional/batch_0001/images/414d995613643f823af0eee0564111f2d313f71b.jpg,https://raw.githubusercontent.com/GUIA-DD/dataset-streetview/refs/heads/main/datasets/df_2024_proportional/batch_0001/images/414d995613643f823af0eee0564111f2d313f71b.jpg,True,downloaded,
bb3871243fd9da2479009e85da793343607ef278,b8f1989821493230f0c3b4bd7a369b3ae9f4568f,-16.030026300040927,-48.03228554989161,-16.03006774466982,-48.03231881563543,2025-02,2025,mbeJqEkCLBLLlqJp9TTPcg,25.640027048848342,© Google,OK,5_0,175490.23074890682,8225370.433635376,8836607da905c95c773a23e8091d9e8d54f3e640,cardinal,4,0,0_deg_north,cardinal,0,0,90,640,640,1,batch_0001,713,datasets/df_2024_proportional/batch_0001/images/8836607da905c95c773a23e8091d9e8d54f3e640.jpg,https://raw.githubusercontent.com/GUIA-DD/dataset-streetview/refs/heads/main/datasets/df_2024_proportional/batch_0001/images/8836607da905c95c773a23e8091d9e8d54f3e640.jpg,True,downloaded,
bb3871243fd9da2479009e85da793343607ef278,b8f1989821493230f0c3b4bd7a369b3ae9f4568f,-16.030026300040927,-48.03228554989161,-16.03006774466982,-48.03231881563543,2025-02,2025,mbeJqEkCLBLLlqJp9TTPcg,25.640027048848342,© Google,OK,5_0,175490.23074890682,8225370.433635376,4f998cbb6a491e604cade7b117bc9b15573137e8,cardinal,4,1,90_deg_east,cardinal,90,0,90,640,640,1,batch_0001,714,datasets/df_2024_proportional/batch_0001/images/4f998cbb6a491e604cade7b117bc9b15573137e8.jpg,https://raw.githubusercontent.com/GUIA-DD/dataset-streetview/refs/heads/main/datasets/df_2024_proportional/batch_0001/images/4f998cbb6a491e604cade7b117bc9b15573137e8.jpg,True,downloaded,
bb3871243fd9da2479009e85da793343607ef278,b8f1989821493230f0c3b4bd7a369b3ae9f4568f,-16.030026300040927,-48.03228554989161,-16.03006774466982,-48.03231881563543,2025-02,2025,mbeJqEkCLBLLlqJp9TTPcg,25.640027048848342,© Google,OK,5_0,175490.23074890682,8225370.433635376,606d82492aa633ec9f11fa6671017e07b1ab2c59,cardinal,4,2,180_deg_south,cardinal,180,0,90,640,640,1,batch_0001,715,datasets/df_2024_proportional/batch_0001/images/606d82492aa633ec9f11fa6671017e07b1ab2c59.jpg,https://raw.githubusercontent.com/GUIA-DD/dataset-streetview/refs/heads/main/datasets/df_2024_proportional/batch_0001/images/606d82492aa633ec9f11fa6671017e07b1ab2c59.jpg,True,downloaded,
bb3871243fd9da2479009e85da793343607ef278,b8f1989821493230f0c3b4bd7a369b3ae9f4568f,-16.030026300040927,-48.03228554989161,-16.03006774466982,-48.03231881563543,2025-02,2025,mbeJqEkCLBLLlqJp9TTPcg,25.640027048848342,© Google,OK,5_0,175490.23074890682,8225370.433635376,68f04244f9600e6437840f79c85ffab39969aabb,cardinal,4,3,270_deg_west,cardinal,270,0,90,640,640,1,batch_0001,716,datasets/df_2024_proportional/batch_0001/images/68f04244f9600e6437840f79c85ffab39969aabb.jpg,https://raw.githubusercontent.com/GUIA-DD/dataset-streetview/refs/heads/main/datasets/df_2024_proportional/batch_0001/images/68f04244f9600e6437840f79c85ffab39969aabb.jpg,True,downloaded,
bbcdce99f2656aabf3c8d0037b2083ab88e0e994,2e46845de0f0bbab0537c3919ff27671868cc592,-15.827621500133114,-48.079502449946766,-15.82762250527142,-48.07946556893727,2024-07,2024,N1aQvRmhvbxg_pDMuDDD9Q,72.54227449716146,© Google,OK,4_5,170102.0601712185,8247712.298978448,361d0f46533b25efe6a75702d85bd641234f62f0,cardinal,4,0,0_deg_north,cardinal,0,0,90,640,640,1,batch_0001,717,datasets/df_2024_proportional/batch_0001/images/361d0f46533b25efe6a75702d85bd641234f62f0.jpg,https://raw.githubusercontent.com/GUIA-DD/dataset-streetview/refs/heads/main/datasets/df_2024_proportional/batch_0001/images/361d0f46533b25efe6a75702d85bd641234f62f0.jpg,True,downloaded,
bbcdce99f2656aabf3c8d0037b2083ab88e0e994,2e46845de0f0bbab0537c3919ff27671868cc592,-15.827621500133114,-48.079502449946766,-15.82762250527142,-48.07946556893727,2024-07,2024,N1aQvRmhvbxg_pDMuDDD9Q,72.54227449716146,© Google,OK,4_5,170102.0601712185,8247712.298978448,a2c452a137b1efbdd20a227ee498d6e6c62fb04b,cardinal,4,1,90_deg_east,cardinal,90,0,90,640,640,1,batch_0001,718,datasets/df_2024_proportional/batch_0001/images/a2c452a137b1efbdd20a227ee498d6e6c62fb04b.jpg,https://raw.githubusercontent.com/GUIA-DD/dataset-streetview/refs/heads/main/datasets/df_2024_proportional/batch_0001/images/a2c452a137b1efbdd20a227ee498d6e6c62fb04b.jpg,True,downloaded,
bbcdce99f2656aabf3c8d0037b2083ab88e0e994,2e46845de0f0bbab0537c3919ff27671868cc592,-15.827621500133114,-48.079502449946766,-15.82762250527142,-48.07946556893727,2024-07,2024,N1aQvRmhvbxg_pDMuDDD9Q,72.54227449716146,© Google,OK,4_5,170102.0601712185,8247712.298978448,58953b913c10a8c8acd110f4f6f94cbe8b2e61e7,cardinal,4,2,180_deg_south,cardinal,180,0,90,640,640,1,batch_0001,719,datasets/df_2024_proportional/batch_0001/images/58953b913c10a8c8acd110f4f6f94cbe8b2e61e7.jpg,https://raw.githubusercontent.com/GUIA-DD/dataset-streetview/refs/heads/main/datasets/df_2024_proportional/batch_0001/images/58953b913c10a8c8acd110f4f6f94cbe8b2e61e7.jpg,True,downloaded,
bbcdce99f2656aabf3c8d0037b2083ab88e0e994,2e46845de0f0bbab0537c3919ff27671868cc592,-15.827621500133114,-48.079502449946766,-15.82762250527142,-48.07946556893727,2024-07,2024,N1aQvRmhvbxg_pDMuDDD9Q,72.54227449716146,© Google,OK,4_5,170102.0601712185,8247712.298978448,50d5c00669c400d9ddb3282086ac2989de11e338,cardinal,4,3,270_deg_west,cardinal,270,0,90,640,640,1,batch_0001,720,datasets/df_2024_proportional/batch_0001/images/50d5c00669c400d9ddb3282086ac2989de11e338.jpg,https://raw.githubusercontent.com/GUIA-DD/dataset-streetview/refs/heads/main/datasets/df_2024_proportional/batch_0001/images/50d5c00669c400d9ddb3282086ac2989de11e338.jpg,True,downloaded,
bcc3a1bc153fa730942e1c3670c76004ffd31dfb,c6fbe91452356903f5ddb6cf36d45c752591b832,-15.861553111738749,-48.080368171515175,-15.86154850832184,-48.08037910282412,2025-06,2025,KbuPz2KqDvN5YaUgM2O-yA,243.7163887903231,© Google,OK,4_4,170064.4570744949,8243953.014136607,8e47d9c85421b76fa2662173cf4f2fdd396ba63b,cardinal,4,0,0_deg_north,cardinal,0,0,90,640,640,1,batch_0001,721,datasets/df_2024_proportional/batch_0001/images/8e47d9c85421b76fa2662173cf4f2fdd396ba63b.jpg,https://raw.githubusercontent.com/GUIA-DD/dataset-streetview/refs/heads/main/datasets/df_2024_proportional/batch_0001/images/8e47d9c85421b76fa2662173cf4f2fdd396ba63b.jpg,True,downloaded,
bcc3a1bc153fa730942e1c3670c76004ffd31dfb,c6fbe91452356903f5ddb6cf36d45c752591b832,-15.861553111738749,-48.080368171515175,-15.86154850832184,-48.08037910282412,2025-06,2025,KbuPz2KqDvN5YaUgM2O-yA,243.7163887903231,© Google,OK,4_4,170064.4570744949,8243953.014136607,c45c1ebc9b45a6dec7caeabc8466ecb333f32851,cardinal,4,1,90_deg_east,cardinal,90,0,90,640,640,1,batch_0001,722,datasets/df_2024_proportional/batch_0001/images/c45c1ebc9b45a6dec7caeabc8466ecb333f32851.jpg,https://raw.githubusercontent.com/GUIA-DD/dataset-streetview/refs/heads/main/datasets/df_2024_proportional/batch_0001/images/c45c1ebc9b45a6dec7caeabc8466ecb333f32851.jpg,True,downloaded,
bcc3a1bc153fa730942e1c3670c76004ffd31dfb,c6fbe91452356903f5ddb6cf36d45c752591b832,-15.861553111738749,-48.080368171515175,-15.86154850832184,-48.08037910282412,2025-06,2025,KbuPz2KqDvN5YaUgM2O-yA,243.7163887903231,© Google,OK,4_4,170064.4570744949,8243953.014136607,fbe47d421510809c91dc017693ccea6a7219a572,cardinal,4,2,180_deg_south,cardinal,180,0,90,640,640,1,batch_0001,723,datasets/df_2024_proportional/batch_0001/images/fbe47d421510809c91dc017693ccea6a7219a572.jpg,https://raw.githubusercontent.com/GUIA-DD/dataset-streetview/refs/heads/main/datasets/df_2024_proportional/batch_0001/images/fbe47d421510809c91dc017693ccea6a7219a572.jpg,True,downloaded,
bcc3a1bc153fa730942e1c3670c76004ffd31dfb,c6fbe91452356903f5ddb6cf36d45c752591b832,-15.861553111738749,-48.080368171515175,-15.86154850832184,-48.08037910282412,2025-06,2025,KbuPz2KqDvN5YaUgM2O-yA,243.7163887903231,© Google,OK,4_4,170064.4570744949,8243953.014136607,ba513caac15012dd21491af6aeed2f05aa05aa21,cardinal,4,3,270_deg_west,cardinal,270,0,90,640,640,1,batch_0001,724,datasets/df_2024_proportional/batch_0001/images/ba513caac15012dd21491af6aeed2f05aa05aa21.jpg,https://raw.githubusercontent.com/GUIA-DD/dataset-streetview/refs/heads/main/datasets/df_2024_proportional/batch_0001/images/ba513caac15012dd21491af6aeed2f05aa05aa21.jpg,True,downloaded,
bd898f46b855ddb6f32ca5fee3fbbde82e7865bb,99cfc26afbf1084f7e2eb9246949ae6096d31b28,-15.781837450057886,-47.779684249955274,-15.78182675615647,-47.77968321879872,2024-06,2024,rSLXR2PUBMah2Mg03K8gZQ,242.67932454439938,© Google,OK,10_6,202176.42685328628,8253230.331533144,c37f8bc670788ee2625aa3c462d1462234c14e01,cardinal,4,0,0_deg_north,cardinal,0,0,90,640,640,1,batch_0001,725,datasets/df_2024_proportional/batch_0001/images/c37f8bc670788ee2625aa3c462d1462234c14e01.jpg,https://raw.githubusercontent.com/GUIA-DD/dataset-streetview/refs/heads/main/datasets/df_2024_proportional/batch_0001/images/c37f8bc670788ee2625aa3c462d1462234c14e01.jpg,True,downloaded,
bd898f46b855ddb6f32ca5fee3fbbde82e7865bb,99cfc26afbf1084f7e2eb9246949ae6096d31b28,-15.781837450057886,-47.779684249955274,-15.78182675615647,-47.77968321879872,2024-06,2024,rSLXR2PUBMah2Mg03K8gZQ,242.67932454439938,© Google,OK,10_6,202176.42685328628,8253230.331533144,404d7d536a12ec87b667b741045c7d8320eb6a7b,cardinal,4,1,90_deg_east,cardinal,90,0,90,640,640,1,batch_0001,726,datasets/df_2024_proportional/batch_0001/images/404d7d536a12ec87b667b741045c7d8320eb6a7b.jpg,https://raw.githubusercontent.com/GUIA-DD/dataset-streetview/refs/heads/main/datasets/df_2024_proportional/batch_0001/images/404d7d536a12ec87b667b741045c7d8320eb6a7b.jpg,True,downloaded,
bd898f46b855ddb6f32ca5fee3fbbde82e7865bb,99cfc26afbf1084f7e2eb9246949ae6096d31b28,-15.781837450057886,-47.779684249955274,-15.78182675615647,-47.77968321879872,2024-06,2024,rSLXR2PUBMah2Mg03K8gZQ,242.67932454439938,© Google,OK,10_6,202176.42685328628,8253230.331533144,7ff13ea16763d0e5c00bb1919dcf128c887a6b30,cardinal,4,2,180_deg_south,cardinal,180,0,90,640,640,1,batch_0001,727,datasets/df_2024_proportional/batch_0001/images/7ff13ea16763d0e5c00bb1919dcf128c887a6b30.jpg,https://raw.githubusercontent.com/GUIA-DD/dataset-streetview/refs/heads/main/datasets/df_2024_proportional/batch_0001/images/7ff13ea16763d0e5c00bb1919dcf128c887a6b30.jpg,True,downloaded,
bd898f46b855ddb6f32ca5fee3fbbde82e7865bb,99cfc26afbf1084f7e2eb9246949ae6096d31b28,-15.781837450057886,-47.779684249955274,-15.78182675615647,-47.77968321879872,2024-06,2024,rSLXR2PUBMah2Mg03K8gZQ,242.67932454439938,© Google,OK,10_6,202176.42685328628,8253230.331533144,0cb6627c5729c556090b7f163c125a44a473beef,cardinal,4,3,270_deg_west,cardinal,270,0,90,640,640,1,batch_0001,728,datasets/df_2024_proportional/batch_0001/images/0cb6627c5729c556090b7f163c125a44a473beef.jpg,https://raw.githubusercontent.com/GUIA-DD/dataset-streetview/refs/heads/main/datasets/df_2024_proportional/batch_0001/images/0cb6627c5729c556090b7f163c125a44a473beef.jpg,True,downloaded,
bf4429f30ff3e97d49443233ab8d7c70f54d38da,59510c58c88a2cb078859b3321915697508832b8,-15.912016987144472,-47.60925856321127,-15.91204714023103,-47.60926794344255,2024-09,2024,QjpiE00qZs_jmugu51JLiw,117.14251915755605,© Google,OK,14_3,220626.87693645363,8239051.870098688,35f89afb6b7ab5f2c35c786df2bd85702a01d505,cardinal,4,0,0_deg_north,cardinal,0,0,90,640,640,1,batch_0001,729,datasets/df_2024_proportional/batch_0001/images/35f89afb6b7ab5f2c35c786df2bd85702a01d505.jpg,https://raw.githubusercontent.com/GUIA-DD/dataset-streetview/refs/heads/main/datasets/df_2024_proportional/batch_0001/images/35f89afb6b7ab5f2c35c786df2bd85702a01d505.jpg,True,downloaded,
bf4429f30ff3e97d49443233ab8d7c70f54d38da,59510c58c88a2cb078859b3321915697508832b8,-15.912016987144472,-47.60925856321127,-15.91204714023103,-47.60926794344255,2024-09,2024,QjpiE00qZs_jmugu51JLiw,117.14251915755605,© Google,OK,14_3,220626.87693645363,8239051.870098688,fc890e9728974cdfccde2921af6572833db8759f,cardinal,4,1,90_deg_east,cardinal,90,0,90,640,640,1,batch_0001,730,datasets/df_2024_proportional/batch_0001/images/fc890e9728974cdfccde2921af6572833db8759f.jpg,https://raw.githubusercontent.com/GUIA-DD/dataset-streetview/refs/heads/main/datasets/df_2024_proportional/batch_0001/images/fc890e9728974cdfccde2921af6572833db8759f.jpg,True,downloaded,
bf4429f30ff3e97d49443233ab8d7c70f54d38da,59510c58c88a2cb078859b3321915697508832b8,-15.912016987144472,-47.60925856321127,-15.91204714023103,-47.60926794344255,2024-09,2024,QjpiE00qZs_jmugu51JLiw,117.14251915755605,© Google,OK,14_3,220626.87693645363,8239051.870098688,e69bfc2294054c65ef0d3ddecf99dd8816cab614,cardinal,4,2,180_deg_south,cardinal,180,0,90,640,640,1,batch_0001,731,datasets/df_2024_proportional/batch_0001/images/e69bfc2294054c65ef0d3ddecf99dd8816cab614.jpg,https://raw.githubusercontent.com/GUIA-DD/dataset-streetview/refs/heads/main/datasets/df_2024_proportional/batch_0001/images/e69bfc2294054c65ef0d3ddecf99dd8816cab614.jpg,True,downloaded,
bf4429f30ff3e97d49443233ab8d7c70f54d38da,59510c58c88a2cb078859b3321915697508832b8,-15.912016987144472,-47.60925856321127,-15.91204714023103,-47.60926794344255,2024-09,2024,QjpiE00qZs_jmugu51JLiw,117.14251915755605,© Google,OK,14_3,220626.87693645363,8239051.870098688,0673a887a0176970f1300ee6e58d2955d4ad0788,cardinal,4,3,270_deg_west,cardinal,270,0,90,640,640,1,batch_0001,732,datasets/df_2024_proportional/batch_0001/images/0673a887a0176970f1300ee6e58d2955d4ad0788.jpg,https://raw.githubusercontent.com/GUIA-DD/dataset-streetview/refs/heads/main/datasets/df_2024_proportional/batch_0001/images/0673a887a0176970f1300ee6e58d2955d4ad0788.jpg,True,downloaded,
c1215440dad0726d13529ca5ec7b4390ec51993b,224cf73dbf0ebdbd0ea1c764a949623692aa7008,-15.829963812037528,-47.91038191264328,-15.82993675967784,-47.91045418088474,2024-05,2024,1VmBpj6mAp-G16UsWHd0PQ,233.1469110774154,© Google,OK,7_5,188236.787071437,8247711.6544281915,784fcee2e78a5aa2e48214be4a06d00adbefeacd,cardinal,4,0,0_deg_north,cardinal,0,0,90,640,640,1,batch_0001,733,datasets/df_2024_proportional/batch_0001/images/784fcee2e78a5aa2e48214be4a06d00adbefeacd.jpg,https://raw.githubusercontent.com/GUIA-DD/dataset-streetview/refs/heads/main/datasets/df_2024_proportional/batch_0001/images/784fcee2e78a5aa2e48214be4a06d00adbefeacd.jpg,True,downloaded,
c1215440dad0726d13529ca5ec7b4390ec51993b,224cf73dbf0ebdbd0ea1c764a949623692aa7008,-15.829963812037528,-47.91038191264328,-15.82993675967784,-47.91045418088474,2024-05,2024,1VmBpj6mAp-G16UsWHd0PQ,233.1469110774154,© Google,OK,7_5,188236.787071437,8247711.6544281915,0d43cf4a3f34cf1d87709cb695b929d0e6ac995a,cardinal,4,1,90_deg_east,cardinal,90,0,90,640,640,1,batch_0001,734,datasets/df_2024_proportional/batch_0001/images/0d43cf4a3f34cf1d87709cb695b929d0e6ac995a.jpg,https://raw.githubusercontent.com/GUIA-DD/dataset-streetview/refs/heads/main/datasets/df_2024_proportional/batch_0001/images/0d43cf4a3f34cf1d87709cb695b929d0e6ac995a.jpg,True,downloaded,
c1215440dad0726d13529ca5ec7b4390ec51993b,224cf73dbf0ebdbd0ea1c764a949623692aa7008,-15.829963812037528,-47.91038191264328,-15.82993675967784,-47.91045418088474,2024-05,2024,1VmBpj6mAp-G16UsWHd0PQ,233.1469110774154,© Google,OK,7_5,188236.787071437,8247711.6544281915,2d6e449f8820c39456f857d9bc3343281173be8c,cardinal,4,2,180_deg_south,cardinal,180,0,90,640,640,1,batch_0001,735,datasets/df_2024_proportional/batch_0001/images/2d6e449f8820c39456f857d9bc3343281173be8c.jpg,https://raw.githubusercontent.com/GUIA-DD/dataset-streetview/refs/heads/main/datasets/df_2024_proportional/batch_0001/images/2d6e449f8820c39456f857d9bc3343281173be8c.jpg,True,downloaded,
c1215440dad0726d13529ca5ec7b4390ec51993b,224cf73dbf0ebdbd0ea1c764a949623692aa7008,-15.829963812037528,-47.91038191264328,-15.82993675967784,-47.91045418088474,2024-05,2024,1VmBpj6mAp-G16UsWHd0PQ,233.1469110774154,© Google,OK,7_5,188236.787071437,8247711.6544281915,1f3daa343ac8da17a6c4f194c329aed363e88477,cardinal,4,3,270_deg_west,cardinal,270,0,90,640,640,1,batch_0001,736,datasets/df_2024_proportional/batch_0001/images/1f3daa343ac8da17a6c4f194c329aed363e88477.jpg,https://raw.githubusercontent.com/GUIA-DD/dataset-streetview/refs/heads/main/datasets/df_2024_proportional/batch_0001/images/1f3daa343ac8da17a6c4f194c329aed363e88477.jpg,True,downloaded,
c157ab0c647baf83f813f0ec0893b6f052ef00ac,1cf8c627d26af3c33596ebc0d9221d23b9ed2455,-15.907725150032007,-48.06972719998568,-15.90773169787401,-48.06976422914779,2025-07,2025,F48ByuWf2Ck42h8p1hCniA,71.2307991257706,© Google,OK,4_3,171280.19634572332,8238856.2443065895,97b17a5f0c6b37cf874ce24464acc1ebfc6bf4ec,cardinal,4,0,0_deg_north,cardinal,0,0,90,640,640,1,batch_0001,737,datasets/df_2024_proportional/batch_0001/images/97b17a5f0c6b37cf874ce24464acc1ebfc6bf4ec.jpg,https://raw.githubusercontent.com/GUIA-DD/dataset-streetview/refs/heads/main/datasets/df_2024_proportional/batch_0001/images/97b17a5f0c6b37cf874ce24464acc1ebfc6bf4ec.jpg,True,downloaded,
c157ab0c647baf83f813f0ec0893b6f052ef00ac,1cf8c627d26af3c33596ebc0d9221d23b9ed2455,-15.907725150032007,-48.06972719998568,-15.90773169787401,-48.06976422914779,2025-07,2025,F48ByuWf2Ck42h8p1hCniA,71.2307991257706,© Google,OK,4_3,171280.19634572332,8238856.2443065895,24eefc1ceccea52c73ac6ef4fcb15ca8d20fa66b,cardinal,4,1,90_deg_east,cardinal,90,0,90,640,640,1,batch_0001,738,datasets/df_2024_proportional/batch_0001/images/24eefc1ceccea52c73ac6ef4fcb15ca8d20fa66b.jpg,https://raw.githubusercontent.com/GUIA-DD/dataset-streetview/refs/heads/main/datasets/df_2024_proportional/batch_0001/images/24eefc1ceccea52c73ac6ef4fcb15ca8d20fa66b.jpg,True,downloaded,
c157ab0c647baf83f813f0ec0893b6f052ef00ac,1cf8c627d26af3c33596ebc0d9221d23b9ed2455,-15.907725150032007,-48.06972719998568,-15.90773169787401,-48.06976422914779,2025-07,2025,F48ByuWf2Ck42h8p1hCniA,71.2307991257706,© Google,OK,4_3,171280.19634572332,8238856.2443065895,44a6af2eccfd5906e2019624add0f0bd5a2ce266,cardinal,4,2,180_deg_south,cardinal,180,0,90,640,640,1,batch_0001,739,datasets/df_2024_proportional/batch_0001/images/44a6af2eccfd5906e2019624add0f0bd5a2ce266.jpg,https://raw.githubusercontent.com/GUIA-DD/dataset-streetview/refs/heads/main/datasets/df_2024_proportional/batch_0001/images/44a6af2eccfd5906e2019624add0f0bd5a2ce266.jpg,True,downloaded,
c157ab0c647baf83f813f0ec0893b6f052ef00ac,1cf8c627d26af3c33596ebc0d9221d23b9ed2455,-15.907725150032007,-48.06972719998568,-15.90773169787401,-48.06976422914779,2025-07,2025,F48ByuWf2Ck42h8p1hCniA,71.2307991257706,© Google,OK,4_3,171280.19634572332,8238856.2443065895,f4687482fc8707affec2e20ea30578bc3ab578d4,cardinal,4,3,270_deg_west,cardinal,270,0,90,640,640,1,batch_0001,740,datasets/df_2024_proportional/batch_0001/images/f4687482fc8707affec2e20ea30578bc3ab578d4.jpg,https://raw.githubusercontent.com/GUIA-DD/dataset-streetview/refs/heads/main/datasets/df_2024_proportional/batch_0001/images/f4687482fc8707affec2e20ea30578bc3ab578d4.jpg,True,downloaded,
c2154c16008fffc19f6fef47200799c4e91e4310,c164f824bf902a92dcda0ec63f007332bd6ef447,-15.881855521559734,-48.080983692923276,-15.8818526428948,-48.08100125649572,2025-06,2025,dFkDThOO2ZobOqPR1T_nMw,70.49215781243015,© Google,OK,4_3,170031.57384030815,8241703.548540067,ef33b972e0cc8b6fc932f6fd64bec0f1ea994377,cardinal,4,0,0_deg_north,cardinal,0,0,90,640,640,1,batch_0001,741,datasets/df_2024_proportional/batch_0001/images/ef33b972e0cc8b6fc932f6fd64bec0f1ea994377.jpg,https://raw.githubusercontent.com/GUIA-DD/dataset-streetview/refs/heads/main/datasets/df_2024_proportional/batch_0001/images/ef33b972e0cc8b6fc932f6fd64bec0f1ea994377.jpg,True,downloaded,
c2154c16008fffc19f6fef47200799c4e91e4310,c164f824bf902a92dcda0ec63f007332bd6ef447,-15.881855521559734,-48.080983692923276,-15.8818526428948,-48.08100125649572,2025-06,2025,dFkDThOO2ZobOqPR1T_nMw,70.49215781243015,© Google,OK,4_3,170031.57384030815,8241703.548540067,ccead9f81c619d8d808be52f27bbf3ec6483fc0e,cardinal,4,1,90_deg_east,cardinal,90,0,90,640,640,1,batch_0001,742,datasets/df_2024_proportional/batch_0001/images/ccead9f81c619d8d808be52f27bbf3ec6483fc0e.jpg,https://raw.githubusercontent.com/GUIA-DD/dataset-streetview/refs/heads/main/datasets/df_2024_proportional/batch_0001/images/ccead9f81c619d8d808be52f27bbf3ec6483fc0e.jpg,True,downloaded,
c2154c16008fffc19f6fef47200799c4e91e4310,c164f824bf902a92dcda0ec63f007332bd6ef447,-15.881855521559734,-48.080983692923276,-15.8818526428948,-48.08100125649572,2025-06,2025,dFkDThOO2ZobOqPR1T_nMw,70.49215781243015,© Google,OK,4_3,170031.57384030815,8241703.548540067,45936b89ff7f6a7d81aa860aec72d3cdfe6036ce,cardinal,4,2,180_deg_south,cardinal,180,0,90,640,640,1,batch_0001,743,datasets/df_2024_proportional/batch_0001/images/45936b89ff7f6a7d81aa860aec72d3cdfe6036ce.jpg,https://raw.githubusercontent.com/GUIA-DD/dataset-streetview/refs/heads/main/datasets/df_2024_proportional/batch_0001/images/45936b89ff7f6a7d81aa860aec72d3cdfe6036ce.jpg,True,downloaded,
c2154c16008fffc19f6fef47200799c4e91e4310,c164f824bf902a92dcda0ec63f007332bd6ef447,-15.881855521559734,-48.080983692923276,-15.8818526428948,-48.08100125649572,2025-06,2025,dFkDThOO2ZobOqPR1T_nMw,70.49215781243015,© Google,OK,4_3,170031.57384030815,8241703.548540067,f17f20872ef072092aa0247d2543168d6117781e,cardinal,4,3,270_deg_west,cardinal,270,0,90,640,640,1,batch_0001,744,datasets/df_2024_proportional/batch_0001/images/f17f20872ef072092aa0247d2543168d6117781e.jpg,https://raw.githubusercontent.com/GUIA-DD/dataset-streetview/refs/heads/main/datasets/df_2024_proportional/batch_0001/images/f17f20872ef072092aa0247d2543168d6117781e.jpg,True,downloaded,
c26ce1155d6984eeb0e8b9c050df0773cae0709c,4c83196f210f3708569be2c413e2365891c578de,-15.895935550181965,-47.61167986011589,-15.89590283194514,-47.61168822715394,2024-09,2024,BmlRDNEnZPqBNN-AMnM2CQ,163.82764451323052,© Google,OK,14_3,220345.22095696037,8240829.032763774,ceb2bac27e976338b93048e8dd3e77db953ec190,cardinal,4,0,0_deg_north,cardinal,0,0,90,640,640,1,batch_0001,745,datasets/df_2024_proportional/batch_0001/images/ceb2bac27e976338b93048e8dd3e77db953ec190.jpg,https://raw.githubusercontent.com/GUIA-DD/dataset-streetview/refs/heads/main/datasets/df_2024_proportional/batch_0001/images/ceb2bac27e976338b93048e8dd3e77db953ec190.jpg,True,downloaded,
c26ce1155d6984eeb0e8b9c050df0773cae0709c,4c83196f210f3708569be2c413e2365891c578de,-15.895935550181965,-47.61167986011589,-15.89590283194514,-47.61168822715394,2024-09,2024,BmlRDNEnZPqBNN-AMnM2CQ,163.82764451323052,© Google,OK,14_3,220345.22095696037,8240829.032763774,dce4e565ddaa1e5de980def65f4866e35ff5856a,cardinal,4,1,90_deg_east,cardinal,90,0,90,640,640,1,batch_0001,746,datasets/df_2024_proportional/batch_0001/images/dce4e565ddaa1e5de980def65f4866e35ff5856a.jpg,https://raw.githubusercontent.com/GUIA-DD/dataset-streetview/refs/heads/main/datasets/df_2024_proportional/batch_0001/images/dce4e565ddaa1e5de980def65f4866e35ff5856a.jpg,True,downloaded,
c26ce1155d6984eeb0e8b9c050df0773cae0709c,4c83196f210f3708569be2c413e2365891c578de,-15.895935550181965,-47.61167986011589,-15.89590283194514,-47.61168822715394,2024-09,2024,BmlRDNEnZPqBNN-AMnM2CQ,163.82764451323052,© Google,OK,14_3,220345.22095696037,8240829.032763774,dcf2aaf54a01f1cab43e49dee2957f5c145edf72,cardinal,4,2,180_deg_south,cardinal,180,0,90,640,640,1,batch_0001,747,datasets/df_2024_proportional/batch_0001/images/dcf2aaf54a01f1cab43e49dee2957f5c145edf72.jpg,https://raw.githubusercontent.com/GUIA-DD/dataset-streetview/refs/heads/main/datasets/df_2024_proportional/batch_0001/images/dcf2aaf54a01f1cab43e49dee2957f5c145edf72.jpg,True,downloaded,
c26ce1155d6984eeb0e8b9c050df0773cae0709c,4c83196f210f3708569be2c413e2365891c578de,-15.895935550181965,-47.61167986011589,-15.89590283194514,-47.61168822715394,2024-09,2024,BmlRDNEnZPqBNN-AMnM2CQ,163.82764451323052,© Google,OK,14_3,220345.22095696037,8240829.032763774,16ee4fe77b66ef135f0b0d4f36e0385f44aedfdf,cardinal,4,3,270_deg_west,cardinal,270,0,90,640,640,1,batch_0001,748,datasets/df_2024_proportional/batch_0001/images/16ee4fe77b66ef135f0b0d4f36e0385f44aedfdf.jpg,https://raw.githubusercontent.com/GUIA-DD/dataset-streetview/refs/heads/main/datasets/df_2024_proportional/batch_0001/images/16ee4fe77b66ef135f0b0d4f36e0385f44aedfdf.jpg,True,downloaded,
c41543989e56b7bfd27eeae3e076e8f3e0306780,dba9080fbd19977802872f888ea5f693dd62bbc3,-15.835704700001644,-48.03018314999397,-15.8357490985823,-48.03021006218674,2024-10,2024,6u7DohvoDseuOmzX22W99g,196.00948934695353,© Google,OK,5_4,175402.6765607243,8246894.089324947,52a3a13a3b32c981bb4661b2e0ea45ddafb57e99,cardinal,4,0,0_deg_north,cardinal,0,0,90,640,640,1,batch_0001,749,datasets/df_2024_proportional/batch_0001/images/52a3a13a3b32c981bb4661b2e0ea45ddafb57e99.jpg,https://raw.githubusercontent.com/GUIA-DD/dataset-streetview/refs/heads/main/datasets/df_2024_proportional/batch_0001/images/52a3a13a3b32c981bb4661b2e0ea45ddafb57e99.jpg,True,downloaded,
c41543989e56b7bfd27eeae3e076e8f3e0306780,dba9080fbd19977802872f888ea5f693dd62bbc3,-15.835704700001644,-48.03018314999397,-15.8357490985823,-48.03021006218674,2024-10,2024,6u7DohvoDseuOmzX22W99g,196.00948934695353,© Google,OK,5_4,175402.6765607243,8246894.089324947,9a698cddd3a727cd1c4c16256f8b23d328d565fa,cardinal,4,1,90_deg_east,cardinal,90,0,90,640,640,1,batch_0001,750,datasets/df_2024_proportional/batch_0001/images/9a698cddd3a727cd1c4c16256f8b23d328d565fa.jpg,https://raw.githubusercontent.com/GUIA-DD/dataset-streetview/refs/heads/main/datasets/df_2024_proportional/batch_0001/images/9a698cddd3a727cd1c4c16256f8b23d328d565fa.jpg,True,downloaded,
c41543989e56b7bfd27eeae3e076e8f3e0306780,dba9080fbd19977802872f888ea5f693dd62bbc3,-15.835704700001644,-48.03018314999397,-15.8357490985823,-48.03021006218674,2024-10,2024,6u7DohvoDseuOmzX22W99g,196.00948934695353,© Google,OK,5_4,175402.6765607243,8246894.089324947,5e9f9dd07416e732a45afed33ca11883b169372a,cardinal,4,2,180_deg_south,cardinal,180,0,90,640,640,1,batch_0001,751,datasets/df_2024_proportional/batch_0001/images/5e9f9dd07416e732a45afed33ca11883b169372a.jpg,https://raw.githubusercontent.com/GUIA-DD/dataset-streetview/refs/heads/main/datasets/df_2024_proportional/batch_0001/images/5e9f9dd07416e732a45afed33ca11883b169372a.jpg,True,downloaded,
c41543989e56b7bfd27eeae3e076e8f3e0306780,dba9080fbd19977802872f888ea5f693dd62bbc3,-15.835704700001644,-48.03018314999397,-15.8357490985823,-48.03021006218674,2024-10,2024,6u7DohvoDseuOmzX22W99g,196.00948934695353,© Google,OK,5_4,175402.6765607243,8246894.089324947,dfe0fe5788042375e0934ee65de04a18fa2cfdf5,cardinal,4,3,270_deg_west,cardinal,270,0,90,640,640,1,batch_0001,752,datasets/df_2024_proportional/batch_0001/images/dfe0fe5788042375e0934ee65de04a18fa2cfdf5.jpg,https://raw.githubusercontent.com/GUIA-DD/dataset-streetview/refs/heads/main/datasets/df_2024_proportional/batch_0001/images/dfe0fe5788042375e0934ee65de04a18fa2cfdf5.jpg,True,downloaded,
c4b31aacee990c0f9193e769547a925afd393cdb,82f80b1c1c30ce0e5cfcb7d2c31169bb41ec3fec,-15.888586452933703,-47.817104542841214,-15.88859794862283,-47.81712995210604,2025-01,2025,s9kLT9DayO6sDOvEmpDDQw,22.25579808452801,© Google,OK,9_3,198323.06511423568,8241356.955585093,321eb6aa3cdeb4a04b418cc5723b6f779e019055,cardinal,4,0,0_deg_north,cardinal,0,0,90,640,640,1,batch_0001,753,datasets/df_2024_proportional/batch_0001/images/321eb6aa3cdeb4a04b418cc5723b6f779e019055.jpg,https://raw.githubusercontent.com/GUIA-DD/dataset-streetview/refs/heads/main/datasets/df_2024_proportional/batch_0001/images/321eb6aa3cdeb4a04b418cc5723b6f779e019055.jpg,True,downloaded,
c4b31aacee990c0f9193e769547a925afd393cdb,82f80b1c1c30ce0e5cfcb7d2c31169bb41ec3fec,-15.888586452933703,-47.817104542841214,-15.88859794862283,-47.81712995210604,2025-01,2025,s9kLT9DayO6sDOvEmpDDQw,22.25579808452801,© Google,OK,9_3,198323.06511423568,8241356.955585093,666a188cb1309a4672fe232e4ebe1adebbf0125b,cardinal,4,1,90_deg_east,cardinal,90,0,90,640,640,1,batch_0001,754,datasets/df_2024_proportional/batch_0001/images/666a188cb1309a4672fe232e4ebe1adebbf0125b.jpg,https://raw.githubusercontent.com/GUIA-DD/dataset-streetview/refs/heads/main/datasets/df_2024_proportional/batch_0001/images/666a188cb1309a4672fe232e4ebe1adebbf0125b.jpg,True,downloaded,
c4b31aacee990c0f9193e769547a925afd393cdb,82f80b1c1c30ce0e5cfcb7d2c31169bb41ec3fec,-15.888586452933703,-47.817104542841214,-15.88859794862283,-47.81712995210604,2025-01,2025,s9kLT9DayO6sDOvEmpDDQw,22.25579808452801,© Google,OK,9_3,198323.06511423568,8241356.955585093,2955470913219c184278e5ed2114a19a814886f4,cardinal,4,2,180_deg_south,cardinal,180,0,90,640,640,1,batch_0001,755,datasets/df_2024_proportional/batch_0001/images/2955470913219c184278e5ed2114a19a814886f4.jpg,https://raw.githubusercontent.com/GUIA-DD/dataset-streetview/refs/heads/main/datasets/df_2024_proportional/batch_0001/images/2955470913219c184278e5ed2114a19a814886f4.jpg,True,downloaded,
c4b31aacee990c0f9193e769547a925afd393cdb,82f80b1c1c30ce0e5cfcb7d2c31169bb41ec3fec,-15.888586452933703,-47.817104542841214,-15.88859794862283,-47.81712995210604,2025-01,2025,s9kLT9DayO6sDOvEmpDDQw,22.25579808452801,© Google,OK,9_3,198323.06511423568,8241356.955585093,5ad714d913f279bb061b78d317d75cb985431508,cardinal,4,3,270_deg_west,cardinal,270,0,90,640,640,1,batch_0001,756,datasets/df_2024_proportional/batch_0001/images/5ad714d913f279bb061b78d317d75cb985431508.jpg,https://raw.githubusercontent.com/GUIA-DD/dataset-streetview/refs/heads/main/datasets/df_2024_proportional/batch_0001/images/5ad714d913f279bb061b78d317d75cb985431508.jpg,True,downloaded,
c5d17dc80c2a147e0fd7265be067b67f1a88675c,8012f26a80c9fe0f7741c94d9b42df92047a9457,-15.76185705005422,-47.60269744998084,-15.76195007153909,-47.60257227832107,2025-07,2025,iscnvkXbhN-mT1AqJvEGsg,254.8408164044139,© Google,OK,14_6,221123.55852680505,8255684.938372343,4c61eb6e4c9fd4af8d5d2e41382a066bf9d17782,cardinal,4,0,0_deg_north,cardinal,0,0,90,640,640,1,batch_0001,757,datasets/df_2024_proportional/batch_0001/images/4c61eb6e4c9fd4af8d5d2e41382a066bf9d17782.jpg,https://raw.githubusercontent.com/GUIA-DD/dataset-streetview/refs/heads/main/datasets/df_2024_proportional/batch_0001/images/4c61eb6e4c9fd4af8d5d2e41382a066bf9d17782.jpg,True,downloaded,
c5d17dc80c2a147e0fd7265be067b67f1a88675c,8012f26a80c9fe0f7741c94d9b42df92047a9457,-15.76185705005422,-47.60269744998084,-15.76195007153909,-47.60257227832107,2025-07,2025,iscnvkXbhN-mT1AqJvEGsg,254.8408164044139,© Google,OK,14_6,221123.55852680505,8255684.938372343,653abd846279d273768c57e2bd36121f7a38c0a5,cardinal,4,1,90_deg_east,cardinal,90,0,90,640,640,1,batch_0001,758,datasets/df_2024_proportional/batch_0001/images/653abd846279d273768c57e2bd36121f7a38c0a5.jpg,https://raw.githubusercontent.com/GUIA-DD/dataset-streetview/refs/heads/main/datasets/df_2024_proportional/batch_0001/images/653abd846279d273768c57e2bd36121f7a38c0a5.jpg,True,downloaded,
c5d17dc80c2a147e0fd7265be067b67f1a88675c,8012f26a80c9fe0f7741c94d9b42df92047a9457,-15.76185705005422,-47.60269744998084,-15.76195007153909,-47.60257227832107,2025-07,2025,iscnvkXbhN-mT1AqJvEGsg,254.8408164044139,© Google,OK,14_6,221123.55852680505,8255684.938372343,4a2be3e4d152cdc5f11aebc5548f4331cb579477,cardinal,4,2,180_deg_south,cardinal,180,0,90,640,640,1,batch_0001,759,datasets/df_2024_proportional/batch_0001/images/4a2be3e4d152cdc5f11aebc5548f4331cb579477.jpg,https://raw.githubusercontent.com/GUIA-DD/dataset-streetview/refs/heads/main/datasets/df_2024_proportional/batch_0001/images/4a2be3e4d152cdc5f11aebc5548f4331cb579477.jpg,True,downloaded,
c5d17dc80c2a147e0fd7265be067b67f1a88675c,8012f26a80c9fe0f7741c94d9b42df92047a9457,-15.76185705005422,-47.60269744998084,-15.76195007153909,-47.60257227832107,2025-07,2025,iscnvkXbhN-mT1AqJvEGsg,254.8408164044139,© Google,OK,14_6,221123.55852680505,8255684.938372343,15fbe106fdb4254b8a8c6e63321a35b8e0735b25,cardinal,4,3,270_deg_west,cardinal,270,0,90,640,640,1,batch_0001,760,datasets/df_2024_proportional/batch_0001/images/15fbe106fdb4254b8a8c6e63321a35b8e0735b25.jpg,https://raw.githubusercontent.com/GUIA-DD/dataset-streetview/refs/heads/main/datasets/df_2024_proportional/batch_0001/images/15fbe106fdb4254b8a8c6e63321a35b8e0735b25.jpg,True,downloaded,
c5e5107d60e971c317d0634cbb3f82fe586c2735,80997f2ce7877282b33a6604b21b52a496726b2e,-15.881769950018827,-48.11761364997506,-15.88176767453431,-48.11763367279927,2025-03,2025,N9qZlbsdsbxc-_4x_PjuXg,227.85780603740375,© Google,OK,3_3,166105.12598992418,8241654.847846175,497b5cb09842f8a522adb14375e1cc79c3ce2d3b,cardinal,4,0,0_deg_north,cardinal,0,0,90,640,640,1,batch_0001,761,datasets/df_2024_proportional/batch_0001/images/497b5cb09842f8a522adb14375e1cc79c3ce2d3b.jpg,https://raw.githubusercontent.com/GUIA-DD/dataset-streetview/refs/heads/main/datasets/df_2024_proportional/batch_0001/images/497b5cb09842f8a522adb14375e1cc79c3ce2d3b.jpg,True,downloaded,
c5e5107d60e971c317d0634cbb3f82fe586c2735,80997f2ce7877282b33a6604b21b52a496726b2e,-15.881769950018827,-48.11761364997506,-15.88176767453431,-48.11763367279927,2025-03,2025,N9qZlbsdsbxc-_4x_PjuXg,227.85780603740375,© Google,OK,3_3,166105.12598992418,8241654.847846175,2232fb0bb591a8b03c8eea14c0b3a259f20a41dd,cardinal,4,1,90_deg_east,cardinal,90,0,90,640,640,1,batch_0001,762,datasets/df_2024_proportional/batch_0001/images/2232fb0bb591a8b03c8eea14c0b3a259f20a41dd.jpg,https://raw.githubusercontent.com/GUIA-DD/dataset-streetview/refs/heads/main/datasets/df_2024_proportional/batch_0001/images/2232fb0bb591a8b03c8eea14c0b3a259f20a41dd.jpg,True,downloaded,
c5e5107d60e971c317d0634cbb3f82fe586c2735,80997f2ce7877282b33a6604b21b52a496726b2e,-15.881769950018827,-48.11761364997506,-15.88176767453431,-48.11763367279927,2025-03,2025,N9qZlbsdsbxc-_4x_PjuXg,227.85780603740375,© Google,OK,3_3,166105.12598992418,8241654.847846175,a7e50189316f6b9f617a07fbc5d0022145af3e35,cardinal,4,2,180_deg_south,cardinal,180,0,90,640,640,1,batch_0001,763,datasets/df_2024_proportional/batch_0001/images/a7e50189316f6b9f617a07fbc5d0022145af3e35.jpg,https://raw.githubusercontent.com/GUIA-DD/dataset-streetview/refs/heads/main/datasets/df_2024_proportional/batch_0001/images/a7e50189316f6b9f617a07fbc5d0022145af3e35.jpg,True,downloaded,
c5e5107d60e971c317d0634cbb3f82fe586c2735,80997f2ce7877282b33a6604b21b52a496726b2e,-15.881769950018827,-48.11761364997506,-15.88176767453431,-48.11763367279927,2025-03,2025,N9qZlbsdsbxc-_4x_PjuXg,227.85780603740375,© Google,OK,3_3,166105.12598992418,8241654.847846175,fa85e8d155bfa07fb54f36b0d8aabd1723951218,cardinal,4,3,270_deg_west,cardinal,270,0,90,640,640,1,batch_0001,764,datasets/df_2024_proportional/batch_0001/images/fa85e8d155bfa07fb54f36b0d8aabd1723951218.jpg,https://raw.githubusercontent.com/GUIA-DD/dataset-streetview/refs/heads/main/datasets/df_2024_proportional/batch_0001/images/fa85e8d155bfa07fb54f36b0d8aabd1723951218.jpg,True,downloaded,
c6adb31b7cc420f4746547eb1125524ea9b8cce9,deb4713ab4939dce4a1c8a264ec2c0aaa2c024db,-15.819621450067661,-47.89342229991293,-15.81961629264011,-47.8934197231866,2024-05,2024,s_wUcR1tauLbIedcH6JFzg,49.34165128605081,© Google,OK,8_5,190039.06195277313,8248882.04141976,98b4fabae398fb237a0c15f48af2fa455d4a4159,cardinal,4,0,0_deg_north,cardinal,0,0,90,640,640,1,batch_0001,765,datasets/df_2024_proportional/batch_0001/images/98b4fabae398fb237a0c15f48af2fa455d4a4159.jpg,https://raw.githubusercontent.com/GUIA-DD/dataset-streetview/refs/heads/main/datasets/df_2024_proportional/batch_0001/images/98b4fabae398fb237a0c15f48af2fa455d4a4159.jpg,True,downloaded,
c6adb31b7cc420f4746547eb1125524ea9b8cce9,deb4713ab4939dce4a1c8a264ec2c0aaa2c024db,-15.819621450067661,-47.89342229991293,-15.81961629264011,-47.8934197231866,2024-05,2024,s_wUcR1tauLbIedcH6JFzg,49.34165128605081,© Google,OK,8_5,190039.06195277313,8248882.04141976,377430662d500e0553b64aea235b182c69b459ce,cardinal,4,1,90_deg_east,cardinal,90,0,90,640,640,1,batch_0001,766,datasets/df_2024_proportional/batch_0001/images/377430662d500e0553b64aea235b182c69b459ce.jpg,https://raw.githubusercontent.com/GUIA-DD/dataset-streetview/refs/heads/main/datasets/df_2024_proportional/batch_0001/images/377430662d500e0553b64aea235b182c69b459ce.jpg,True,downloaded,
c6adb31b7cc420f4746547eb1125524ea9b8cce9,deb4713ab4939dce4a1c8a264ec2c0aaa2c024db,-15.819621450067661,-47.89342229991293,-15.81961629264011,-47.8934197231866,2024-05,2024,s_wUcR1tauLbIedcH6JFzg,49.34165128605081,© Google,OK,8_5,190039.06195277313,8248882.04141976,9fea8ef2c10e954b5b84c726261537687e3c876b,cardinal,4,2,180_deg_south,cardinal,180,0,90,640,640,1,batch_0001,767,datasets/df_2024_proportional/batch_0001/images/9fea8ef2c10e954b5b84c726261537687e3c876b.jpg,https://raw.githubusercontent.com/GUIA-DD/dataset-streetview/refs/heads/main/datasets/df_2024_proportional/batch_0001/images/9fea8ef2c10e954b5b84c726261537687e3c876b.jpg,True,downloaded,
c6adb31b7cc420f4746547eb1125524ea9b8cce9,deb4713ab4939dce4a1c8a264ec2c0aaa2c024db,-15.819621450067661,-47.89342229991293,-15.81961629264011,-47.8934197231866,2024-05,2024,s_wUcR1tauLbIedcH6JFzg,49.34165128605081,© Google,OK,8_5,190039.06195277313,8248882.04141976,ad44e7b895ef0b2b7f65d8bad2ac2845429eafab,cardinal,4,3,270_deg_west,cardinal,270,0,90,640,640,1,batch_0001,768,datasets/df_2024_proportional/batch_0001/images/ad44e7b895ef0b2b7f65d8bad2ac2845429eafab.jpg,https://raw.githubusercontent.com/GUIA-DD/dataset-streetview/refs/heads/main/datasets/df_2024_proportional/batch_0001/images/ad44e7b895ef0b2b7f65d8bad2ac2845429eafab.jpg,True,downloaded,
c6db6375d49221ba9d43933ab56af754dc88f2aa,dc51f4a874292afb2066ba0f3e8cf9cb56907ae0,-15.92340190000269,-48.04401150018366,-15.92336743303277,-48.04402737984769,2025-05,2025,1KK__Gh1nvZ97fgwftzXtg,160.64656088871953,© Google,OK,5_2,174061.4910849797,8237160.428550694,d4372b116280ad3f3de3bfe036da41f7d05f0c4d,cardinal,4,0,0_deg_north,cardinal,0,0,90,640,640,1,batch_0001,769,datasets/df_2024_proportional/batch_0001/images/d4372b116280ad3f3de3bfe036da41f7d05f0c4d.jpg,https://raw.githubusercontent.com/GUIA-DD/dataset-streetview/refs/heads/main/datasets/df_2024_proportional/batch_0001/images/d4372b116280ad3f3de3bfe036da41f7d05f0c4d.jpg,True,downloaded,
c6db6375d49221ba9d43933ab56af754dc88f2aa,dc51f4a874292afb2066ba0f3e8cf9cb56907ae0,-15.92340190000269,-48.04401150018366,-15.92336743303277,-48.04402737984769,2025-05,2025,1KK__Gh1nvZ97fgwftzXtg,160.64656088871953,© Google,OK,5_2,174061.4910849797,8237160.428550694,a30144547292dc98ea5598f14d37c2d3bee73aa3,cardinal,4,1,90_deg_east,cardinal,90,0,90,640,640,1,batch_0001,770,datasets/df_2024_proportional/batch_0001/images/a30144547292dc98ea5598f14d37c2d3bee73aa3.jpg,https://raw.githubusercontent.com/GUIA-DD/dataset-streetview/refs/heads/main/datasets/df_2024_proportional/batch_0001/images/a30144547292dc98ea5598f14d37c2d3bee73aa3.jpg,True,downloaded,
c6db6375d49221ba9d43933ab56af754dc88f2aa,dc51f4a874292afb2066ba0f3e8cf9cb56907ae0,-15.92340190000269,-48.04401150018366,-15.92336743303277,-48.04402737984769,2025-05,2025,1KK__Gh1nvZ97fgwftzXtg,160.64656088871953,© Google,OK,5_2,174061.4910849797,8237160.428550694,7f0eb2f12d0cd4f4cb4b8ffd3ed089a35dbb90c7,cardinal,4,2,180_deg_south,cardinal,180,0,90,640,640,1,batch_0001,771,datasets/df_2024_proportional/batch_0001/images/7f0eb2f12d0cd4f4cb4b8ffd3ed089a35dbb90c7.jpg,https://raw.githubusercontent.com/GUIA-DD/dataset-streetview/refs/heads/main/datasets/df_2024_proportional/batch_0001/images/7f0eb2f12d0cd4f4cb4b8ffd3ed089a35dbb90c7.jpg,True,downloaded,
c6db6375d49221ba9d43933ab56af754dc88f2aa,dc51f4a874292afb2066ba0f3e8cf9cb56907ae0,-15.92340190000269,-48.04401150018366,-15.92336743303277,-48.04402737984769,2025-05,2025,1KK__Gh1nvZ97fgwftzXtg,160.64656088871953,© Google,OK,5_2,174061.4910849797,8237160.428550694,bbbc93539a22b4d6126087911e57267b8d0cf42b,cardinal,4,3,270_deg_west,cardinal,270,0,90,640,640,1,batch_0001,772,datasets/df_2024_proportional/batch_0001/images/bbbc93539a22b4d6126087911e57267b8d0cf42b.jpg,https://raw.githubusercontent.com/GUIA-DD/dataset-streetview/refs/heads/main/datasets/df_2024_proportional/batch_0001/images/bbbc93539a22b4d6126087911e57267b8d0cf42b.jpg,True,downloaded,
ccc2c0304cd7cfb3d371ca407d57decb174610d8,6895a87dc0aee2c2abe3ffda5f9c34afa7751c83,-15.871205634348524,-48.034937718546075,-15.87116029488779,-48.03495419291603,2024-07,2024,6xRrOH4uXA2Bnri_RKCoEQ,152.08543856779573,© Google,OK,5_4,174949.8974151283,8242955.135655427,f7f8ecfcf834c478b603dbaca26fcb431270f838,cardinal,4,0,0_deg_north,cardinal,0,0,90,640,640,1,batch_0001,773,datasets/df_2024_proportional/batch_0001/images/f7f8ecfcf834c478b603dbaca26fcb431270f838.jpg,https://raw.githubusercontent.com/GUIA-DD/dataset-streetview/refs/heads/main/datasets/df_2024_proportional/batch_0001/images/f7f8ecfcf834c478b603dbaca26fcb431270f838.jpg,True,downloaded,
ccc2c0304cd7cfb3d371ca407d57decb174610d8,6895a87dc0aee2c2abe3ffda5f9c34afa7751c83,-15.871205634348524,-48.034937718546075,-15.87116029488779,-48.03495419291603,2024-07,2024,6xRrOH4uXA2Bnri_RKCoEQ,152.08543856779573,© Google,OK,5_4,174949.8974151283,8242955.135655427,c264bd954fbc848f2a434bf4fcd395a017ee29da,cardinal,4,1,90_deg_east,cardinal,90,0,90,640,640,1,batch_0001,774,datasets/df_2024_proportional/batch_0001/images/c264bd954fbc848f2a434bf4fcd395a017ee29da.jpg,https://raw.githubusercontent.com/GUIA-DD/dataset-streetview/refs/heads/main/datasets/df_2024_proportional/batch_0001/images/c264bd954fbc848f2a434bf4fcd395a017ee29da.jpg,True,downloaded,
ccc2c0304cd7cfb3d371ca407d57decb174610d8,6895a87dc0aee2c2abe3ffda5f9c34afa7751c83,-15.871205634348524,-48.034937718546075,-15.87116029488779,-48.03495419291603,2024-07,2024,6xRrOH4uXA2Bnri_RKCoEQ,152.08543856779573,© Google,OK,5_4,174949.8974151283,8242955.135655427,a3e1508cef6171cb57cddf5b3ddb3785ebf4ff88,cardinal,4,2,180_deg_south,cardinal,180,0,90,640,640,1,batch_0001,775,datasets/df_2024_proportional/batch_0001/images/a3e1508cef6171cb57cddf5b3ddb3785ebf4ff88.jpg,https://raw.githubusercontent.com/GUIA-DD/dataset-streetview/refs/heads/main/datasets/df_2024_proportional/batch_0001/images/a3e1508cef6171cb57cddf5b3ddb3785ebf4ff88.jpg,True,downloaded,
ccc2c0304cd7cfb3d371ca407d57decb174610d8,6895a87dc0aee2c2abe3ffda5f9c34afa7751c83,-15.871205634348524,-48.034937718546075,-15.87116029488779,-48.03495419291603,2024-07,2024,6xRrOH4uXA2Bnri_RKCoEQ,152.08543856779573,© Google,OK,5_4,174949.8974151283,8242955.135655427,09c5890d53618ce8f85a2664dbd19c9905762671,cardinal,4,3,270_deg_west,cardinal,270,0,90,640,640,1,batch_0001,776,datasets/df_2024_proportional/batch_0001/images/09c5890d53618ce8f85a2664dbd19c9905762671.jpg,https://raw.githubusercontent.com/GUIA-DD/dataset-streetview/refs/heads/main/datasets/df_2024_proportional/batch_0001/images/09c5890d53618ce8f85a2664dbd19c9905762671.jpg,True,downloaded,
cd8c81e2432820905c48670ea02df0b2f88889e8,5281b983fbfde7bb24db13513751c899f34f8098,-15.821884800001445,-48.157290949994994,-15.82189472689296,-48.15730838224174,2026-01,2026,GrJiR5EvBcK3MyLhUiqqPg,17.143049450314244,© Google,OK,2_5,161752.10756828391,8248223.743818611,74c91eab0015195136e56bc5046e66427c1fddbf,cardinal,4,0,0_deg_north,cardinal,0,0,90,640,640,1,batch_0001,777,datasets/df_2024_proportional/batch_0001/images/74c91eab0015195136e56bc5046e66427c1fddbf.jpg,https://raw.githubusercontent.com/GUIA-DD/dataset-streetview/refs/heads/main/datasets/df_2024_proportional/batch_0001/images/74c91eab0015195136e56bc5046e66427c1fddbf.jpg,True,downloaded,
cd8c81e2432820905c48670ea02df0b2f88889e8,5281b983fbfde7bb24db13513751c899f34f8098,-15.821884800001445,-48.157290949994994,-15.82189472689296,-48.15730838224174,2026-01,2026,GrJiR5EvBcK3MyLhUiqqPg,17.143049450314244,© Google,OK,2_5,161752.10756828391,8248223.743818611,b01ad0a54e389ff48353d0b96f917dd4984ffd04,cardinal,4,1,90_deg_east,cardinal,90,0,90,640,640,1,batch_0001,778,datasets/df_2024_proportional/batch_0001/images/b01ad0a54e389ff48353d0b96f917dd4984ffd04.jpg,https://raw.githubusercontent.com/GUIA-DD/dataset-streetview/refs/heads/main/datasets/df_2024_proportional/batch_0001/images/b01ad0a54e389ff48353d0b96f917dd4984ffd04.jpg,True,downloaded,
cd8c81e2432820905c48670ea02df0b2f88889e8,5281b983fbfde7bb24db13513751c899f34f8098,-15.821884800001445,-48.157290949994994,-15.82189472689296,-48.15730838224174,2026-01,2026,GrJiR5EvBcK3MyLhUiqqPg,17.143049450314244,© Google,OK,2_5,161752.10756828391,8248223.743818611,5ab1f6906c8748ed009d7e4f89888bdc2d080abb,cardinal,4,2,180_deg_south,cardinal,180,0,90,640,640,1,batch_0001,779,datasets/df_2024_proportional/batch_0001/images/5ab1f6906c8748ed009d7e4f89888bdc2d080abb.jpg,https://raw.githubusercontent.com/GUIA-DD/dataset-streetview/refs/heads/main/datasets/df_2024_proportional/batch_0001/images/5ab1f6906c8748ed009d7e4f89888bdc2d080abb.jpg,True,downloaded,
cd8c81e2432820905c48670ea02df0b2f88889e8,5281b983fbfde7bb24db13513751c899f34f8098,-15.821884800001445,-48.157290949994994,-15.82189472689296,-48.15730838224174,2026-01,2026,GrJiR5EvBcK3MyLhUiqqPg,17.143049450314244,© Google,OK,2_5,161752.10756828391,8248223.743818611,a3dd17f30a3e984728795ff940028678ae848b2c,cardinal,4,3,270_deg_west,cardinal,270,0,90,640,640,1,batch_0001,780,datasets/df_2024_proportional/batch_0001/images/a3dd17f30a3e984728795ff940028678ae848b2c.jpg,https://raw.githubusercontent.com/GUIA-DD/dataset-streetview/refs/heads/main/datasets/df_2024_proportional/batch_0001/images/a3dd17f30a3e984728795ff940028678ae848b2c.jpg,True,downloaded,
cea8f1e1605af046106e453a672940cd519fa76a,1522d4c2cf647fb750a0656f121ddc923307f599,-15.922266472416402,-48.074978060002984,-15.92229473427473,-48.07500259505442,2024-06,2024,icndOGMNCbe_6euR1m74uw,211.36169232133597,© Google,OK,4_2,170741.1729122946,8237237.5148369195,d3f6cb31a52fa86cf0e05e7a4febf5c6df51271a,cardinal,4,0,0_deg_north,cardinal,0,0,90,640,640,1,batch_0001,781,datasets/df_2024_proportional/batch_0001/images/d3f6cb31a52fa86cf0e05e7a4febf5c6df51271a.jpg,https://raw.githubusercontent.com/GUIA-DD/dataset-streetview/refs/heads/main/datasets/df_2024_proportional/batch_0001/images/d3f6cb31a52fa86cf0e05e7a4febf5c6df51271a.jpg,True,downloaded,
cea8f1e1605af046106e453a672940cd519fa76a,1522d4c2cf647fb750a0656f121ddc923307f599,-15.922266472416402,-48.074978060002984,-15.92229473427473,-48.07500259505442,2024-06,2024,icndOGMNCbe_6euR1m74uw,211.36169232133597,© Google,OK,4_2,170741.1729122946,8237237.5148369195,c37500f9cec660cac13e1eddf52dc22517901ce2,cardinal,4,1,90_deg_east,cardinal,90,0,90,640,640,1,batch_0001,782,datasets/df_2024_proportional/batch_0001/images/c37500f9cec660cac13e1eddf52dc22517901ce2.jpg,https://raw.githubusercontent.com/GUIA-DD/dataset-streetview/refs/heads/main/datasets/df_2024_proportional/batch_0001/images/c37500f9cec660cac13e1eddf52dc22517901ce2.jpg,True,downloaded,
cea8f1e1605af046106e453a672940cd519fa76a,1522d4c2cf647fb750a0656f121ddc923307f599,-15.922266472416402,-48.074978060002984,-15.92229473427473,-48.07500259505442,2024-06,2024,icndOGMNCbe_6euR1m74uw,211.36169232133597,© Google,OK,4_2,170741.1729122946,8237237.5148369195,dd6ecdd857d6d179d8c4bf4945b13017791f45cd,cardinal,4,2,180_deg_south,cardinal,180,0,90,640,640,1,batch_0001,783,datasets/df_2024_proportional/batch_0001/images/dd6ecdd857d6d179d8c4bf4945b13017791f45cd.jpg,https://raw.githubusercontent.com/GUIA-DD/dataset-streetview/refs/heads/main/datasets/df_2024_proportional/batch_0001/images/dd6ecdd857d6d179d8c4bf4945b13017791f45cd.jpg,True,downloaded,
cea8f1e1605af046106e453a672940cd519fa76a,1522d4c2cf647fb750a0656f121ddc923307f599,-15.922266472416402,-48.074978060002984,-15.92229473427473,-48.07500259505442,2024-06,2024,icndOGMNCbe_6euR1m74uw,211.36169232133597,© Google,OK,4_2,170741.1729122946,8237237.5148369195,0cc94061d91997cb9e9b1df51dbd487122e4b971,cardinal,4,3,270_deg_west,cardinal,270,0,90,640,640,1,batch_0001,784,datasets/df_2024_proportional/batch_0001/images/0cc94061d91997cb9e9b1df51dbd487122e4b971.jpg,https://raw.githubusercontent.com/GUIA-DD/dataset-streetview/refs/heads/main/datasets/df_2024_proportional/batch_0001/images/0cc94061d91997cb9e9b1df51dbd487122e4b971.jpg,True,downloaded,
cf139a75ed375f959aeebbde90a792066d0ef80a,0625398c1de0c58bc678bd6a64c92931bac982f6,-15.942042401847699,-47.79982710283924,-15.94203953212,-47.79985215455888,2025-05,2025,lP0JDS_VygC8vVqF5LqKfg,298.2069720982988,© Google,OK,10_2,200253.9077881602,8235462.825399243,a4dba0a283e5109e927040119ec0ba3994f631e0,cardinal,4,0,0_deg_north,cardinal,0,0,90,640,640,1,batch_0001,785,datasets/df_2024_proportional/batch_0001/images/a4dba0a283e5109e927040119ec0ba3994f631e0.jpg,https://raw.githubusercontent.com/GUIA-DD/dataset-streetview/refs/heads/main/datasets/df_2024_proportional/batch_0001/images/a4dba0a283e5109e927040119ec0ba3994f631e0.jpg,True,downloaded,
cf139a75ed375f959aeebbde90a792066d0ef80a,0625398c1de0c58bc678bd6a64c92931bac982f6,-15.942042401847699,-47.79982710283924,-15.94203953212,-47.79985215455888,2025-05,2025,lP0JDS_VygC8vVqF5LqKfg,298.2069720982988,© Google,OK,10_2,200253.9077881602,8235462.825399243,df79d0362304ea031a93f92ef8bb1877c3af3019,cardinal,4,1,90_deg_east,cardinal,90,0,90,640,640,1,batch_0001,786,datasets/df_2024_proportional/batch_0001/images/df79d0362304ea031a93f92ef8bb1877c3af3019.jpg,https://raw.githubusercontent.com/GUIA-DD/dataset-streetview/refs/heads/main/datasets/df_2024_proportional/batch_0001/images/df79d0362304ea031a93f92ef8bb1877c3af3019.jpg,True,downloaded,
cf139a75ed375f959aeebbde90a792066d0ef80a,0625398c1de0c58bc678bd6a64c92931bac982f6,-15.942042401847699,-47.79982710283924,-15.94203953212,-47.79985215455888,2025-05,2025,lP0JDS_VygC8vVqF5LqKfg,298.2069720982988,© Google,OK,10_2,200253.9077881602,8235462.825399243,7471f048cd0e13aa5309a367607570c15dc551e8,cardinal,4,2,180_deg_south,cardinal,180,0,90,640,640,1,batch_0001,787,datasets/df_2024_proportional/batch_0001/images/7471f048cd0e13aa5309a367607570c15dc551e8.jpg,https://raw.githubusercontent.com/GUIA-DD/dataset-streetview/refs/heads/main/datasets/df_2024_proportional/batch_0001/images/7471f048cd0e13aa5309a367607570c15dc551e8.jpg,True,downloaded,
cf139a75ed375f959aeebbde90a792066d0ef80a,0625398c1de0c58bc678bd6a64c92931bac982f6,-15.942042401847699,-47.79982710283924,-15.94203953212,-47.79985215455888,2025-05,2025,lP0JDS_VygC8vVqF5LqKfg,298.2069720982988,© Google,OK,10_2,200253.9077881602,8235462.825399243,0444dd92632817e2f824d83ef2463ae2b03485cd,cardinal,4,3,270_deg_west,cardinal,270,0,90,640,640,1,batch_0001,788,datasets/df_2024_proportional/batch_0001/images/0444dd92632817e2f824d83ef2463ae2b03485cd.jpg,https://raw.githubusercontent.com/GUIA-DD/dataset-streetview/refs/heads/main/datasets/df_2024_proportional/batch_0001/images/0444dd92632817e2f824d83ef2463ae2b03485cd.jpg,True,downloaded,
cf580f05517203dadfd6191d30cb51d32496ce82,7dcbd245739ee1416a1ea36b646d6d80924bdb80,-15.860786966096926,-47.97761287473112,-15.86063780790495,-47.97744405149029,2024-06,2024,hl6W-7ix_TTFzu4VjussKA,53.67908234665993,© Google,OK,6_4,181077.9176843214,8244197.15956143,bffe9ff068b25037606bd734cd70ea455a2e3b9c,cardinal,4,0,0_deg_north,cardinal,0,0,90,640,640,1,batch_0001,789,datasets/df_2024_proportional/batch_0001/images/bffe9ff068b25037606bd734cd70ea455a2e3b9c.jpg,https://raw.githubusercontent.com/GUIA-DD/dataset-streetview/refs/heads/main/datasets/df_2024_proportional/batch_0001/images/bffe9ff068b25037606bd734cd70ea455a2e3b9c.jpg,True,downloaded,
cf580f05517203dadfd6191d30cb51d32496ce82,7dcbd245739ee1416a1ea36b646d6d80924bdb80,-15.860786966096926,-47.97761287473112,-15.86063780790495,-47.97744405149029,2024-06,2024,hl6W-7ix_TTFzu4VjussKA,53.67908234665993,© Google,OK,6_4,181077.9176843214,8244197.15956143,a4922400d185a6df3856993a560c599fd88bff3d,cardinal,4,1,90_deg_east,cardinal,90,0,90,640,640,1,batch_0001,790,datasets/df_2024_proportional/batch_0001/images/a4922400d185a6df3856993a560c599fd88bff3d.jpg,https://raw.githubusercontent.com/GUIA-DD/dataset-streetview/refs/heads/main/datasets/df_2024_proportional/batch_0001/images/a4922400d185a6df3856993a560c599fd88bff3d.jpg,True,downloaded,
cf580f05517203dadfd6191d30cb51d32496ce82,7dcbd245739ee1416a1ea36b646d6d80924bdb80,-15.860786966096926,-47.97761287473112,-15.86063780790495,-47.97744405149029,2024-06,2024,hl6W-7ix_TTFzu4VjussKA,53.67908234665993,© Google,OK,6_4,181077.9176843214,8244197.15956143,1eb8a4c9bab231233cf48a724a39daf44fd61296,cardinal,4,2,180_deg_south,cardinal,180,0,90,640,640,1,batch_0001,791,datasets/df_2024_proportional/batch_0001/images/1eb8a4c9bab231233cf48a724a39daf44fd61296.jpg,https://raw.githubusercontent.com/GUIA-DD/dataset-streetview/refs/heads/main/datasets/df_2024_proportional/batch_0001/images/1eb8a4c9bab231233cf48a724a39daf44fd61296.jpg,True,downloaded,
cf580f05517203dadfd6191d30cb51d32496ce82,7dcbd245739ee1416a1ea36b646d6d80924bdb80,-15.860786966096926,-47.97761287473112,-15.86063780790495,-47.97744405149029,2024-06,2024,hl6W-7ix_TTFzu4VjussKA,53.67908234665993,© Google,OK,6_4,181077.9176843214,8244197.15956143,724b2d4a7c06dd6ddb3eaf5d1481c99446ab4b37,cardinal,4,3,270_deg_west,cardinal,270,0,90,640,640,1,batch_0001,792,datasets/df_2024_proportional/batch_0001/images/724b2d4a7c06dd6ddb3eaf5d1481c99446ab4b37.jpg,https://raw.githubusercontent.com/GUIA-DD/dataset-streetview/refs/heads/main/datasets/df_2024_proportional/batch_0001/images/724b2d4a7c06dd6ddb3eaf5d1481c99446ab4b37.jpg,True,downloaded,
cfc6dca1aba6ca301341c564f080086214740dee,fc2425054bdaf2985d497e165825c254894a6ab4,-15.818831300115098,-48.0992851499512,-15.81882493076537,-48.09925184104232,2024-07,2024,00_x94GgT-bTKtNMwrGqQQ,251.80334591041398,© Google,OK,3_5,167966.65817333545,8248654.602811344,51ce4b3d692640b2524f9785e5eed8fc3b7dce03,cardinal,4,0,0_deg_north,cardinal,0,0,90,640,640,1,batch_0001,793,datasets/df_2024_proportional/batch_0001/images/51ce4b3d692640b2524f9785e5eed8fc3b7dce03.jpg,https://raw.githubusercontent.com/GUIA-DD/dataset-streetview/refs/heads/main/datasets/df_2024_proportional/batch_0001/images/51ce4b3d692640b2524f9785e5eed8fc3b7dce03.jpg,True,downloaded,
cfc6dca1aba6ca301341c564f080086214740dee,fc2425054bdaf2985d497e165825c254894a6ab4,-15.818831300115098,-48.0992851499512,-15.81882493076537,-48.09925184104232,2024-07,2024,00_x94GgT-bTKtNMwrGqQQ,251.80334591041398,© Google,OK,3_5,167966.65817333545,8248654.602811344,b8c22289b5372b34a1366e0a84a311cbb272693f,cardinal,4,1,90_deg_east,cardinal,90,0,90,640,640,1,batch_0001,794,datasets/df_2024_proportional/batch_0001/images/b8c22289b5372b34a1366e0a84a311cbb272693f.jpg,https://raw.githubusercontent.com/GUIA-DD/dataset-streetview/refs/heads/main/datasets/df_2024_proportional/batch_0001/images/b8c22289b5372b34a1366e0a84a311cbb272693f.jpg,True,downloaded,
cfc6dca1aba6ca301341c564f080086214740dee,fc2425054bdaf2985d497e165825c254894a6ab4,-15.818831300115098,-48.0992851499512,-15.81882493076537,-48.09925184104232,2024-07,2024,00_x94GgT-bTKtNMwrGqQQ,251.80334591041398,© Google,OK,3_5,167966.65817333545,8248654.602811344,dd295d68818ac40dafc2a2f0b63fe8a978433b2b,cardinal,4,2,180_deg_south,cardinal,180,0,90,640,640,1,batch_0001,795,datasets/df_2024_proportional/batch_0001/images/dd295d68818ac40dafc2a2f0b63fe8a978433b2b.jpg,https://raw.githubusercontent.com/GUIA-DD/dataset-streetview/refs/heads/main/datasets/df_2024_proportional/batch_0001/images/dd295d68818ac40dafc2a2f0b63fe8a978433b2b.jpg,True,downloaded,
cfc6dca1aba6ca301341c564f080086214740dee,fc2425054bdaf2985d497e165825c254894a6ab4,-15.818831300115098,-48.0992851499512,-15.81882493076537,-48.09925184104232,2024-07,2024,00_x94GgT-bTKtNMwrGqQQ,251.80334591041398,© Google,OK,3_5,167966.65817333545,8248654.602811344,83511158f9bdc20b58d91644afe581c489988408,cardinal,4,3,270_deg_west,cardinal,270,0,90,640,640,1,batch_0001,796,datasets/df_2024_proportional/batch_0001/images/83511158f9bdc20b58d91644afe581c489988408.jpg,https://raw.githubusercontent.com/GUIA-DD/dataset-streetview/refs/heads/main/datasets/df_2024_proportional/batch_0001/images/83511158f9bdc20b58d91644afe581c489988408.jpg,True,downloaded,
d245a32b4ecd7ce30223480ef5a776aa605105b4,3916abd5feecb869b5c28425023d778e4833eeb1,-15.865950112707678,-47.982295999638424,-15.86591612109143,-47.98226226584755,2024-06,2024,RcNBQdJlBM1SWwUpYW2IEg,87.29274388154319,© Google,OK,6_4,180584.07867837633,8243618.243328939,2e30998566e882e48f4b47a38bcff545e75a160c,cardinal,4,0,0_deg_north,cardinal,0,0,90,640,640,1,batch_0001,797,datasets/df_2024_proportional/batch_0001/images/2e30998566e882e48f4b47a38bcff545e75a160c.jpg,https://raw.githubusercontent.com/GUIA-DD/dataset-streetview/refs/heads/main/datasets/df_2024_proportional/batch_0001/images/2e30998566e882e48f4b47a38bcff545e75a160c.jpg,True,downloaded,
d245a32b4ecd7ce30223480ef5a776aa605105b4,3916abd5feecb869b5c28425023d778e4833eeb1,-15.865950112707678,-47.982295999638424,-15.86591612109143,-47.98226226584755,2024-06,2024,RcNBQdJlBM1SWwUpYW2IEg,87.29274388154319,© Google,OK,6_4,180584.07867837633,8243618.243328939,d3082cc8ed849da7d754290cb3cd9590dc013e92,cardinal,4,1,90_deg_east,cardinal,90,0,90,640,640,1,batch_0001,798,datasets/df_2024_proportional/batch_0001/images/d3082cc8ed849da7d754290cb3cd9590dc013e92.jpg,https://raw.githubusercontent.com/GUIA-DD/dataset-streetview/refs/heads/main/datasets/df_2024_proportional/batch_0001/images/d3082cc8ed849da7d754290cb3cd9590dc013e92.jpg,True,downloaded,
d245a32b4ecd7ce30223480ef5a776aa605105b4,3916abd5feecb869b5c28425023d778e4833eeb1,-15.865950112707678,-47.982295999638424,-15.86591612109143,-47.98226226584755,2024-06,2024,RcNBQdJlBM1SWwUpYW2IEg,87.29274388154319,© Google,OK,6_4,180584.07867837633,8243618.243328939,9915374dc5e890552e03cb81587bb32c07d84266,cardinal,4,2,180_deg_south,cardinal,180,0,90,640,640,1,batch_0001,799,datasets/df_2024_proportional/batch_0001/images/9915374dc5e890552e03cb81587bb32c07d84266.jpg,https://raw.githubusercontent.com/GUIA-DD/dataset-streetview/refs/heads/main/datasets/df_2024_proportional/batch_0001/images/9915374dc5e890552e03cb81587bb32c07d84266.jpg,True,downloaded,
d245a32b4ecd7ce30223480ef5a776aa605105b4,3916abd5feecb869b5c28425023d778e4833eeb1,-15.865950112707678,-47.982295999638424,-15.86591612109143,-47.98226226584755,2024-06,2024,RcNBQdJlBM1SWwUpYW2IEg,87.29274388154319,© Google,OK,6_4,180584.07867837633,8243618.243328939,9654ac25dcb13503ce59868cdbad5ea8c4267c25,cardinal,4,3,270_deg_west,cardinal,270,0,90,640,640,1,batch_0001,800,datasets/df_2024_proportional/batch_0001/images/9654ac25dcb13503ce59868cdbad5ea8c4267c25.jpg,https://raw.githubusercontent.com/GUIA-DD/dataset-streetview/refs/heads/main/datasets/df_2024_proportional/batch_0001/images/9654ac25dcb13503ce59868cdbad5ea8c4267c25.jpg,True,downloaded,
d26ab2f6caed5b244e345a20641501f79ebf00e8,668a58f2d4b50bf7dac50b2ae4f0fc7f22fc003e,-15.803901049521624,-47.94872461882704,-15.80392597145982,-47.94871989388482,2024-06,2024,8CUjbToUxr9JY6z-JgQuQA,187.90028402860486,© Google,OK,7_5,184085.86453866336,8250540.417625557,d759d05e3c295adb0f843bf13b426fc9607c3e02,cardinal,4,0,0_deg_north,cardinal,0,0,90,640,640,1,batch_0001,801,datasets/df_2024_proportional/batch_0001/images/d759d05e3c295adb0f843bf13b426fc9607c3e02.jpg,https://raw.githubusercontent.com/GUIA-DD/dataset-streetview/refs/heads/main/datasets/df_2024_proportional/batch_0001/images/d759d05e3c295adb0f843bf13b426fc9607c3e02.jpg,True,downloaded,
d26ab2f6caed5b244e345a20641501f79ebf00e8,668a58f2d4b50bf7dac50b2ae4f0fc7f22fc003e,-15.803901049521624,-47.94872461882704,-15.80392597145982,-47.94871989388482,2024-06,2024,8CUjbToUxr9JY6z-JgQuQA,187.90028402860486,© Google,OK,7_5,184085.86453866336,8250540.417625557,196d9a71ba5e3b16f44766be763db0a5302c339c,cardinal,4,1,90_deg_east,cardinal,90,0,90,640,640,1,batch_0001,802,datasets/df_2024_proportional/batch_0001/images/196d9a71ba5e3b16f44766be763db0a5302c339c.jpg,https://raw.githubusercontent.com/GUIA-DD/dataset-streetview/refs/heads/main/datasets/df_2024_proportional/batch_0001/images/196d9a71ba5e3b16f44766be763db0a5302c339c.jpg,True,downloaded,
d26ab2f6caed5b244e345a20641501f79ebf00e8,668a58f2d4b50bf7dac50b2ae4f0fc7f22fc003e,-15.803901049521624,-47.94872461882704,-15.80392597145982,-47.94871989388482,2024-06,2024,8CUjbToUxr9JY6z-JgQuQA,187.90028402860486,© Google,OK,7_5,184085.86453866336,8250540.417625557,23583e50e6101dae6e8307fcc85657382014e3cc,cardinal,4,2,180_deg_south,cardinal,180,0,90,640,640,1,batch_0001,803,datasets/df_2024_proportional/batch_0001/images/23583e50e6101dae6e8307fcc85657382014e3cc.jpg,https://raw.githubusercontent.com/GUIA-DD/dataset-streetview/refs/heads/main/datasets/df_2024_proportional/batch_0001/images/23583e50e6101dae6e8307fcc85657382014e3cc.jpg,True,downloaded,
d26ab2f6caed5b244e345a20641501f79ebf00e8,668a58f2d4b50bf7dac50b2ae4f0fc7f22fc003e,-15.803901049521624,-47.94872461882704,-15.80392597145982,-47.94871989388482,2024-06,2024,8CUjbToUxr9JY6z-JgQuQA,187.90028402860486,© Google,OK,7_5,184085.86453866336,8250540.417625557,9854f0dcf2e897c46b1200cc04cb0f61faecb106,cardinal,4,3,270_deg_west,cardinal,270,0,90,640,640,1,batch_0001,804,datasets/df_2024_proportional/batch_0001/images/9854f0dcf2e897c46b1200cc04cb0f61faecb106.jpg,https://raw.githubusercontent.com/GUIA-DD/dataset-streetview/refs/heads/main/datasets/df_2024_proportional/batch_0001/images/9854f0dcf2e897c46b1200cc04cb0f61faecb106.jpg,True,downloaded,
d3309699d1f33d5a1ef1fa4c4f545b64fa5484ab,92fa3e25073cf67bfed1a142c46180f3d0d9580c,-15.851281400003396,-47.96194409997324,-15.8512814735245,-47.96192779916269,2024-06,2024,urgxyHWV_mEVtwAochAU5g,182.02484486805716,© Google,OK,6_4,182742.55038760303,8245273.615994164,905fcd041bdb4861cac8508156803edef8534c7d,cardinal,4,0,0_deg_north,cardinal,0,0,90,640,640,1,batch_0001,805,datasets/df_2024_proportional/batch_0001/images/905fcd041bdb4861cac8508156803edef8534c7d.jpg,https://raw.githubusercontent.com/GUIA-DD/dataset-streetview/refs/heads/main/datasets/df_2024_proportional/batch_0001/images/905fcd041bdb4861cac8508156803edef8534c7d.jpg,True,downloaded,
d3309699d1f33d5a1ef1fa4c4f545b64fa5484ab,92fa3e25073cf67bfed1a142c46180f3d0d9580c,-15.851281400003396,-47.96194409997324,-15.8512814735245,-47.96192779916269,2024-06,2024,urgxyHWV_mEVtwAochAU5g,182.02484486805716,© Google,OK,6_4,182742.55038760303,8245273.615994164,663cea0f99de265286e413629f2b622f3ed05166,cardinal,4,1,90_deg_east,cardinal,90,0,90,640,640,1,batch_0001,806,datasets/df_2024_proportional/batch_0001/images/663cea0f99de265286e413629f2b622f3ed05166.jpg,https://raw.githubusercontent.com/GUIA-DD/dataset-streetview/refs/heads/main/datasets/df_2024_proportional/batch_0001/images/663cea0f99de265286e413629f2b622f3ed05166.jpg,True,downloaded,
d3309699d1f33d5a1ef1fa4c4f545b64fa5484ab,92fa3e25073cf67bfed1a142c46180f3d0d9580c,-15.851281400003396,-47.96194409997324,-15.8512814735245,-47.96192779916269,2024-06,2024,urgxyHWV_mEVtwAochAU5g,182.02484486805716,© Google,OK,6_4,182742.55038760303,8245273.615994164,ce39b0b0f97fdf71de6a0c4135da4f7d95af80ff,cardinal,4,2,180_deg_south,cardinal,180,0,90,640,640,1,batch_0001,807,datasets/df_2024_proportional/batch_0001/images/ce39b0b0f97fdf71de6a0c4135da4f7d95af80ff.jpg,https://raw.githubusercontent.com/GUIA-DD/dataset-streetview/refs/heads/main/datasets/df_2024_proportional/batch_0001/images/ce39b0b0f97fdf71de6a0c4135da4f7d95af80ff.jpg,True,downloaded,
d3309699d1f33d5a1ef1fa4c4f545b64fa5484ab,92fa3e25073cf67bfed1a142c46180f3d0d9580c,-15.851281400003396,-47.96194409997324,-15.8512814735245,-47.96192779916269,2024-06,2024,urgxyHWV_mEVtwAochAU5g,182.02484486805716,© Google,OK,6_4,182742.55038760303,8245273.615994164,d7c32e0ad231dc8583927aaf946b22265f626a84,cardinal,4,3,270_deg_west,cardinal,270,0,90,640,640,1,batch_0001,808,datasets/df_2024_proportional/batch_0001/images/d7c32e0ad231dc8583927aaf946b22265f626a84.jpg,https://raw.githubusercontent.com/GUIA-DD/dataset-streetview/refs/heads/main/datasets/df_2024_proportional/batch_0001/images/d7c32e0ad231dc8583927aaf946b22265f626a84.jpg,True,downloaded,
d34c83b306fabcd2a82ad6673d24d10840442890,890f20bb5eeff658e3a1eb2c9d01019e3f2e5b30,-16.006800800637997,-47.99208759984778,-16.00682028489435,-47.99210519673048,2025-01,2025,Y98ENY1LeQzFzwdoXfGjwg,77.42600917256114,© Google,OK,6_1,179758.40555581328,8228005.065708544,d691fd2a1af04fd95b607fe0c7299075666973ee,cardinal,4,0,0_deg_north,cardinal,0,0,90,640,640,1,batch_0001,809,datasets/df_2024_proportional/batch_0001/images/d691fd2a1af04fd95b607fe0c7299075666973ee.jpg,https://raw.githubusercontent.com/GUIA-DD/dataset-streetview/refs/heads/main/datasets/df_2024_proportional/batch_0001/images/d691fd2a1af04fd95b607fe0c7299075666973ee.jpg,True,downloaded,
d34c83b306fabcd2a82ad6673d24d10840442890,890f20bb5eeff658e3a1eb2c9d01019e3f2e5b30,-16.006800800637997,-47.99208759984778,-16.00682028489435,-47.99210519673048,2025-01,2025,Y98ENY1LeQzFzwdoXfGjwg,77.42600917256114,© Google,OK,6_1,179758.40555581328,8228005.065708544,a7b1c097a16315e75238c6ee0987c6e3408195d7,cardinal,4,1,90_deg_east,cardinal,90,0,90,640,640,1,batch_0001,810,datasets/df_2024_proportional/batch_0001/images/a7b1c097a16315e75238c6ee0987c6e3408195d7.jpg,https://raw.githubusercontent.com/GUIA-DD/dataset-streetview/refs/heads/main/datasets/df_2024_proportional/batch_0001/images/a7b1c097a16315e75238c6ee0987c6e3408195d7.jpg,True,downloaded,
d34c83b306fabcd2a82ad6673d24d10840442890,890f20bb5eeff658e3a1eb2c9d01019e3f2e5b30,-16.006800800637997,-47.99208759984778,-16.00682028489435,-47.99210519673048,2025-01,2025,Y98ENY1LeQzFzwdoXfGjwg,77.42600917256114,© Google,OK,6_1,179758.40555581328,8228005.065708544,a13f2deef9fb7e04153bb4e3d6ba5eb711985824,cardinal,4,2,180_deg_south,cardinal,180,0,90,640,640,1,batch_0001,811,datasets/df_2024_proportional/batch_0001/images/a13f2deef9fb7e04153bb4e3d6ba5eb711985824.jpg,https://raw.githubusercontent.com/GUIA-DD/dataset-streetview/refs/heads/main/datasets/df_2024_proportional/batch_0001/images/a13f2deef9fb7e04153bb4e3d6ba5eb711985824.jpg,True,downloaded,
d34c83b306fabcd2a82ad6673d24d10840442890,890f20bb5eeff658e3a1eb2c9d01019e3f2e5b30,-16.006800800637997,-47.99208759984778,-16.00682028489435,-47.99210519673048,2025-01,2025,Y98ENY1LeQzFzwdoXfGjwg,77.42600917256114,© Google,OK,6_1,179758.40555581328,8228005.065708544,ced38826deecc7732445186f995b79a8b88900dc,cardinal,4,3,270_deg_west,cardinal,270,0,90,640,640,1,batch_0001,812,datasets/df_2024_proportional/batch_0001/images/ced38826deecc7732445186f995b79a8b88900dc.jpg,https://raw.githubusercontent.com/GUIA-DD/dataset-streetview/refs/heads/main/datasets/df_2024_proportional/batch_0001/images/ced38826deecc7732445186f995b79a8b88900dc.jpg,True,downloaded,
d4a6de1cf28941173f671d101589a04bb8c1b242,6121a1e2dc1ee53c86964e75d202c1bf7595f6b3,-15.883423322781674,-48.124119972720905,-15.88342551013162,-48.12410773570278,2025-02,2025,qWOmqG6PhWZrrQoQgmglOA,345.4673842385766,© Google,OK,3_3,165410.44640249654,8241461.324088649,2417f3dbb48bbeab559269339f9e6ccb207ff5e6,cardinal,4,0,0_deg_north,cardinal,0,0,90,640,640,1,batch_0001,813,datasets/df_2024_proportional/batch_0001/images/2417f3dbb48bbeab559269339f9e6ccb207ff5e6.jpg,https://raw.githubusercontent.com/GUIA-DD/dataset-streetview/refs/heads/main/datasets/df_2024_proportional/batch_0001/images/2417f3dbb48bbeab559269339f9e6ccb207ff5e6.jpg,True,downloaded,
d4a6de1cf28941173f671d101589a04bb8c1b242,6121a1e2dc1ee53c86964e75d202c1bf7595f6b3,-15.883423322781674,-48.124119972720905,-15.88342551013162,-48.12410773570278,2025-02,2025,qWOmqG6PhWZrrQoQgmglOA,345.4673842385766,© Google,OK,3_3,165410.44640249654,8241461.324088649,0c5968d663519ebd0fd3de443d22ac8e0b309990,cardinal,4,1,90_deg_east,cardinal,90,0,90,640,640,1,batch_0001,814,datasets/df_2024_proportional/batch_0001/images/0c5968d663519ebd0fd3de443d22ac8e0b309990.jpg,https://raw.githubusercontent.com/GUIA-DD/dataset-streetview/refs/heads/main/datasets/df_2024_proportional/batch_0001/images/0c5968d663519ebd0fd3de443d22ac8e0b309990.jpg,True,downloaded,
d4a6de1cf28941173f671d101589a04bb8c1b242,6121a1e2dc1ee53c86964e75d202c1bf7595f6b3,-15.883423322781674,-48.124119972720905,-15.88342551013162,-48.12410773570278,2025-02,2025,qWOmqG6PhWZrrQoQgmglOA,345.4673842385766,© Google,OK,3_3,165410.44640249654,8241461.324088649,8bc2dcd755e7c69294807dfc35d8f127b93a2dce,cardinal,4,2,180_deg_south,cardinal,180,0,90,640,640,1,batch_0001,815,datasets/df_2024_proportional/batch_0001/images/8bc2dcd755e7c69294807dfc35d8f127b93a2dce.jpg,https://raw.githubusercontent.com/GUIA-DD/dataset-streetview/refs/heads/main/datasets/df_2024_proportional/batch_0001/images/8bc2dcd755e7c69294807dfc35d8f127b93a2dce.jpg,True,downloaded,
d4a6de1cf28941173f671d101589a04bb8c1b242,6121a1e2dc1ee53c86964e75d202c1bf7595f6b3,-15.883423322781674,-48.124119972720905,-15.88342551013162,-48.12410773570278,2025-02,2025,qWOmqG6PhWZrrQoQgmglOA,345.4673842385766,© Google,OK,3_3,165410.44640249654,8241461.324088649,316d29154d6b7bbd4ddcf5e2235150db8714dbc1,cardinal,4,3,270_deg_west,cardinal,270,0,90,640,640,1,batch_0001,816,datasets/df_2024_proportional/batch_0001/images/316d29154d6b7bbd4ddcf5e2235150db8714dbc1.jpg,https://raw.githubusercontent.com/GUIA-DD/dataset-streetview/refs/heads/main/datasets/df_2024_proportional/batch_0001/images/316d29154d6b7bbd4ddcf5e2235150db8714dbc1.jpg,True,downloaded,
d7e76dae01ef9b4e9a9e0a2fab1ddc8eb516f8d1,d01675f6db78b90ba721e3b4c6296a87be83aa78,-15.83285530092993,-48.08313489954441,-15.8328981673131,-48.08315757643336,2026-02,2026,PqmsrIHKSla6p8bLbW51pQ,69.94835627428185,© Google,OK,4_4,169721.1216821107,8247126.937185576,7b668bddd4a0736a5e1d43342f5f9350c045c3cb,cardinal,4,0,0_deg_north,cardinal,0,0,90,640,640,1,batch_0001,817,datasets/df_2024_proportional/batch_0001/images/7b668bddd4a0736a5e1d43342f5f9350c045c3cb.jpg,https://raw.githubusercontent.com/GUIA-DD/dataset-streetview/refs/heads/main/datasets/df_2024_proportional/batch_0001/images/7b668bddd4a0736a5e1d43342f5f9350c045c3cb.jpg,True,downloaded,
d7e76dae01ef9b4e9a9e0a2fab1ddc8eb516f8d1,d01675f6db78b90ba721e3b4c6296a87be83aa78,-15.83285530092993,-48.08313489954441,-15.8328981673131,-48.08315757643336,2026-02,2026,PqmsrIHKSla6p8bLbW51pQ,69.94835627428185,© Google,OK,4_4,169721.1216821107,8247126.937185576,c05d08d22f7edc977c54ac9f898b4568a5eb2732,cardinal,4,1,90_deg_east,cardinal,90,0,90,640,640,1,batch_0001,818,datasets/df_2024_proportional/batch_0001/images/c05d08d22f7edc977c54ac9f898b4568a5eb2732.jpg,https://raw.githubusercontent.com/GUIA-DD/dataset-streetview/refs/heads/main/datasets/df_2024_proportional/batch_0001/images/c05d08d22f7edc977c54ac9f898b4568a5eb2732.jpg,True,downloaded,
d7e76dae01ef9b4e9a9e0a2fab1ddc8eb516f8d1,d01675f6db78b90ba721e3b4c6296a87be83aa78,-15.83285530092993,-48.08313489954441,-15.8328981673131,-48.08315757643336,2026-02,2026,PqmsrIHKSla6p8bLbW51pQ,69.94835627428185,© Google,OK,4_4,169721.1216821107,8247126.937185576,5ba99a78b516f5529ef6a6e4f51102f113fd7ba3,cardinal,4,2,180_deg_south,cardinal,180,0,90,640,640,1,batch_0001,819,datasets/df_2024_proportional/batch_0001/images/5ba99a78b516f5529ef6a6e4f51102f113fd7ba3.jpg,https://raw.githubusercontent.com/GUIA-DD/dataset-streetview/refs/heads/main/datasets/df_2024_proportional/batch_0001/images/5ba99a78b516f5529ef6a6e4f51102f113fd7ba3.jpg,True,downloaded,
d7e76dae01ef9b4e9a9e0a2fab1ddc8eb516f8d1,d01675f6db78b90ba721e3b4c6296a87be83aa78,-15.83285530092993,-48.08313489954441,-15.8328981673131,-48.08315757643336,2026-02,2026,PqmsrIHKSla6p8bLbW51pQ,69.94835627428185,© Google,OK,4_4,169721.1216821107,8247126.937185576,e7e95996814a75cb7224b9055520649abf72c7f6,cardinal,4,3,270_deg_west,cardinal,270,0,90,640,640,1,batch_0001,820,datasets/df_2024_proportional/batch_0001/images/e7e95996814a75cb7224b9055520649abf72c7f6.jpg,https://raw.githubusercontent.com/GUIA-DD/dataset-streetview/refs/heads/main/datasets/df_2024_proportional/batch_0001/images/e7e95996814a75cb7224b9055520649abf72c7f6.jpg,True,downloaded,
d8148caa23888780fd7fbbf3f8bc9cb46494b55d,1b46d7da693db685c2bbcf24743794aef5ccaf2c,-15.74009015254738,-47.88885764907849,-15.74008622957492,-47.88886522926204,2024-06,2024,gwurIUbYhb9DYWMnPiNBqQ,252.13435504254565,© Google,OK,8_7,190407.55446096198,8257695.508665988,6bde710df00d3a4b4e1353cde0c636e67835724e,cardinal,4,0,0_deg_north,cardinal,0,0,90,640,640,1,batch_0001,821,datasets/df_2024_proportional/batch_0001/images/6bde710df00d3a4b4e1353cde0c636e67835724e.jpg,https://raw.githubusercontent.com/GUIA-DD/dataset-streetview/refs/heads/main/datasets/df_2024_proportional/batch_0001/images/6bde710df00d3a4b4e1353cde0c636e67835724e.jpg,True,downloaded,
d8148caa23888780fd7fbbf3f8bc9cb46494b55d,1b46d7da693db685c2bbcf24743794aef5ccaf2c,-15.74009015254738,-47.88885764907849,-15.74008622957492,-47.88886522926204,2024-06,2024,gwurIUbYhb9DYWMnPiNBqQ,252.13435504254565,© Google,OK,8_7,190407.55446096198,8257695.508665988,4549590b27ff2625fb14352cac43eb1030d64ef3,cardinal,4,1,90_deg_east,cardinal,90,0,90,640,640,1,batch_0001,822,datasets/df_2024_proportional/batch_0001/images/4549590b27ff2625fb14352cac43eb1030d64ef3.jpg,https://raw.githubusercontent.com/GUIA-DD/dataset-streetview/refs/heads/main/datasets/df_2024_proportional/batch_0001/images/4549590b27ff2625fb14352cac43eb1030d64ef3.jpg,True,downloaded,
d8148caa23888780fd7fbbf3f8bc9cb46494b55d,1b46d7da693db685c2bbcf24743794aef5ccaf2c,-15.74009015254738,-47.88885764907849,-15.74008622957492,-47.88886522926204,2024-06,2024,gwurIUbYhb9DYWMnPiNBqQ,252.13435504254565,© Google,OK,8_7,190407.55446096198,8257695.508665988,60cef9b4c330fcf3658e914a8702254f9762eb23,cardinal,4,2,180_deg_south,cardinal,180,0,90,640,640,1,batch_0001,823,datasets/df_2024_proportional/batch_0001/images/60cef9b4c330fcf3658e914a8702254f9762eb23.jpg,https://raw.githubusercontent.com/GUIA-DD/dataset-streetview/refs/heads/main/datasets/df_2024_proportional/batch_0001/images/60cef9b4c330fcf3658e914a8702254f9762eb23.jpg,True,downloaded,
d8148caa23888780fd7fbbf3f8bc9cb46494b55d,1b46d7da693db685c2bbcf24743794aef5ccaf2c,-15.74009015254738,-47.88885764907849,-15.74008622957492,-47.88886522926204,2024-06,2024,gwurIUbYhb9DYWMnPiNBqQ,252.13435504254565,© Google,OK,8_7,190407.55446096198,8257695.508665988,fbe309404080b604a025a9b0ac2ccb3a007e0179,cardinal,4,3,270_deg_west,cardinal,270,0,90,640,640,1,batch_0001,824,datasets/df_2024_proportional/batch_0001/images/fbe309404080b604a025a9b0ac2ccb3a007e0179.jpg,https://raw.githubusercontent.com/GUIA-DD/dataset-streetview/refs/heads/main/datasets/df_2024_proportional/batch_0001/images/fbe309404080b604a025a9b0ac2ccb3a007e0179.jpg,True,downloaded,
d83240aed4ba44f53755c200e1c510312c1f34b8,640f8d8b7f72fe6b010d47c00a8077a0548202d5,-15.84983402330571,-47.841733304301044,-15.84965369279808,-47.84175466814574,2024-12,2024,bme5_qMn2-Qms82P36lRaA,346.36301625549555,© Google,OK,9_4,195625.54243172737,8245612.288060089,f58f5a462fced55f89e4aef20f1ec16ed6905f0f,cardinal,4,0,0_deg_north,cardinal,0,0,90,640,640,1,batch_0001,825,datasets/df_2024_proportional/batch_0001/images/f58f5a462fced55f89e4aef20f1ec16ed6905f0f.jpg,https://raw.githubusercontent.com/GUIA-DD/dataset-streetview/refs/heads/main/datasets/df_2024_proportional/batch_0001/images/f58f5a462fced55f89e4aef20f1ec16ed6905f0f.jpg,True,downloaded,
d83240aed4ba44f53755c200e1c510312c1f34b8,640f8d8b7f72fe6b010d47c00a8077a0548202d5,-15.84983402330571,-47.841733304301044,-15.84965369279808,-47.84175466814574,2024-12,2024,bme5_qMn2-Qms82P36lRaA,346.36301625549555,© Google,OK,9_4,195625.54243172737,8245612.288060089,d6ea59c32d46725952eba2a38ac8e69ddd7385e9,cardinal,4,1,90_deg_east,cardinal,90,0,90,640,640,1,batch_0001,826,datasets/df_2024_proportional/batch_0001/images/d6ea59c32d46725952eba2a38ac8e69ddd7385e9.jpg,https://raw.githubusercontent.com/GUIA-DD/dataset-streetview/refs/heads/main/datasets/df_2024_proportional/batch_0001/images/d6ea59c32d46725952eba2a38ac8e69ddd7385e9.jpg,True,downloaded,
d83240aed4ba44f53755c200e1c510312c1f34b8,640f8d8b7f72fe6b010d47c00a8077a0548202d5,-15.84983402330571,-47.841733304301044,-15.84965369279808,-47.84175466814574,2024-12,2024,bme5_qMn2-Qms82P36lRaA,346.36301625549555,© Google,OK,9_4,195625.54243172737,8245612.288060089,6dbfa58bea983c3f8fa46db1de017d97d77a00ad,cardinal,4,2,180_deg_south,cardinal,180,0,90,640,640,1,batch_0001,827,datasets/df_2024_proportional/batch_0001/images/6dbfa58bea983c3f8fa46db1de017d97d77a00ad.jpg,https://raw.githubusercontent.com/GUIA-DD/dataset-streetview/refs/heads/main/datasets/df_2024_proportional/batch_0001/images/6dbfa58bea983c3f8fa46db1de017d97d77a00ad.jpg,True,downloaded,
d83240aed4ba44f53755c200e1c510312c1f34b8,640f8d8b7f72fe6b010d47c00a8077a0548202d5,-15.84983402330571,-47.841733304301044,-15.84965369279808,-47.84175466814574,2024-12,2024,bme5_qMn2-Qms82P36lRaA,346.36301625549555,© Google,OK,9_4,195625.54243172737,8245612.288060089,0fa2b57ba9fc80dc2e0b8d95aa62c4b347aaefd0,cardinal,4,3,270_deg_west,cardinal,270,0,90,640,640,1,batch_0001,828,datasets/df_2024_proportional/batch_0001/images/0fa2b57ba9fc80dc2e0b8d95aa62c4b347aaefd0.jpg,https://raw.githubusercontent.com/GUIA-DD/dataset-streetview/refs/heads/main/datasets/df_2024_proportional/batch_0001/images/0fa2b57ba9fc80dc2e0b8d95aa62c4b347aaefd0.jpg,True,downloaded,
d8c4f5ac093f5e17a4e4832bed61ace888382684,5b3d5532016526ae65dc4e9772ccd4386c1ad758,-16.019404500066226,-48.08073900012262,-16.01929705946074,-48.08092373294059,2025-05,2025,kdmTOwDQ5VPj890FwkOX0A,121.78797140839538,© Google,OK,4_0,170283.1181965797,8226470.28843991,5fc2ffdc43d0cefcbac07fb9317fd3863387fde7,cardinal,4,0,0_deg_north,cardinal,0,0,90,640,640,1,batch_0001,829,datasets/df_2024_proportional/batch_0001/images/5fc2ffdc43d0cefcbac07fb9317fd3863387fde7.jpg,https://raw.githubusercontent.com/GUIA-DD/dataset-streetview/refs/heads/main/datasets/df_2024_proportional/batch_0001/images/5fc2ffdc43d0cefcbac07fb9317fd3863387fde7.jpg,True,downloaded,
d8c4f5ac093f5e17a4e4832bed61ace888382684,5b3d5532016526ae65dc4e9772ccd4386c1ad758,-16.019404500066226,-48.08073900012262,-16.01929705946074,-48.08092373294059,2025-05,2025,kdmTOwDQ5VPj890FwkOX0A,121.78797140839538,© Google,OK,4_0,170283.1181965797,8226470.28843991,2d6679d9917576411c69407e184b100d61f5cb8b,cardinal,4,1,90_deg_east,cardinal,90,0,90,640,640,1,batch_0001,830,datasets/df_2024_proportional/batch_0001/images/2d6679d9917576411c69407e184b100d61f5cb8b.jpg,https://raw.githubusercontent.com/GUIA-DD/dataset-streetview/refs/heads/main/datasets/df_2024_proportional/batch_0001/images/2d6679d9917576411c69407e184b100d61f5cb8b.jpg,True,downloaded,
d8c4f5ac093f5e17a4e4832bed61ace888382684,5b3d5532016526ae65dc4e9772ccd4386c1ad758,-16.019404500066226,-48.08073900012262,-16.01929705946074,-48.08092373294059,2025-05,2025,kdmTOwDQ5VPj890FwkOX0A,121.78797140839538,© Google,OK,4_0,170283.1181965797,8226470.28843991,4c1b423dfae67de8c314db8898ea9358ad2ea27c,cardinal,4,2,180_deg_south,cardinal,180,0,90,640,640,1,batch_0001,831,datasets/df_2024_proportional/batch_0001/images/4c1b423dfae67de8c314db8898ea9358ad2ea27c.jpg,https://raw.githubusercontent.com/GUIA-DD/dataset-streetview/refs/heads/main/datasets/df_2024_proportional/batch_0001/images/4c1b423dfae67de8c314db8898ea9358ad2ea27c.jpg,True,downloaded,
d8c4f5ac093f5e17a4e4832bed61ace888382684,5b3d5532016526ae65dc4e9772ccd4386c1ad758,-16.019404500066226,-48.08073900012262,-16.01929705946074,-48.08092373294059,2025-05,2025,kdmTOwDQ5VPj890FwkOX0A,121.78797140839538,© Google,OK,4_0,170283.1181965797,8226470.28843991,1b4d1928e419ae640c94448e183d872cd32a7409,cardinal,4,3,270_deg_west,cardinal,270,0,90,640,640,1,batch_0001,832,datasets/df_2024_proportional/batch_0001/images/1b4d1928e419ae640c94448e183d872cd32a7409.jpg,https://raw.githubusercontent.com/GUIA-DD/dataset-streetview/refs/heads/main/datasets/df_2024_proportional/batch_0001/images/1b4d1928e419ae640c94448e183d872cd32a7409.jpg,True,downloaded,
dd346cc8b764a04b1665d2ee54d083ea53fe4052,ababe071cd0bede42f197f1ed6886c8dd4f346c0,-15.8243314999999,-47.993550650004465,-15.82435941248616,-47.99352622670537,2024-10,2024,tJrUgJSp1X89nTgdGKsvQQ,164.49722160359278,© Google,OK,6_5,179311.91241617847,8248209.968685107,55f0e5c61942a6ad490befd92227bb9c6afa98de,cardinal,4,0,0_deg_north,cardinal,0,0,90,640,640,1,batch_0001,833,datasets/df_2024_proportional/batch_0001/images/55f0e5c61942a6ad490befd92227bb9c6afa98de.jpg,https://raw.githubusercontent.com/GUIA-DD/dataset-streetview/refs/heads/main/datasets/df_2024_proportional/batch_0001/images/55f0e5c61942a6ad490befd92227bb9c6afa98de.jpg,True,downloaded,
dd346cc8b764a04b1665d2ee54d083ea53fe4052,ababe071cd0bede42f197f1ed6886c8dd4f346c0,-15.8243314999999,-47.993550650004465,-15.82435941248616,-47.99352622670537,2024-10,2024,tJrUgJSp1X89nTgdGKsvQQ,164.49722160359278,© Google,OK,6_5,179311.91241617847,8248209.968685107,d327b2fe50946ab3f2e531e3f9aa1d16bbfb6471,cardinal,4,1,90_deg_east,cardinal,90,0,90,640,640,1,batch_0001,834,datasets/df_2024_proportional/batch_0001/images/d327b2fe50946ab3f2e531e3f9aa1d16bbfb6471.jpg,https://raw.githubusercontent.com/GUIA-DD/dataset-streetview/refs/heads/main/datasets/df_2024_proportional/batch_0001/images/d327b2fe50946ab3f2e531e3f9aa1d16bbfb6471.jpg,True,downloaded,
dd346cc8b764a04b1665d2ee54d083ea53fe4052,ababe071cd0bede42f197f1ed6886c8dd4f346c0,-15.8243314999999,-47.993550650004465,-15.82435941248616,-47.99352622670537,2024-10,2024,tJrUgJSp1X89nTgdGKsvQQ,164.49722160359278,© Google,OK,6_5,179311.91241617847,8248209.968685107,6454b518b70ca6ba0074afecb56055de85057b79,cardinal,4,2,180_deg_south,cardinal,180,0,90,640,640,1,batch_0001,835,datasets/df_2024_proportional/batch_0001/images/6454b518b70ca6ba0074afecb56055de85057b79.jpg,https://raw.githubusercontent.com/GUIA-DD/dataset-streetview/refs/heads/main/datasets/df_2024_proportional/batch_0001/images/6454b518b70ca6ba0074afecb56055de85057b79.jpg,True,downloaded,
dd346cc8b764a04b1665d2ee54d083ea53fe4052,ababe071cd0bede42f197f1ed6886c8dd4f346c0,-15.8243314999999,-47.993550650004465,-15.82435941248616,-47.99352622670537,2024-10,2024,tJrUgJSp1X89nTgdGKsvQQ,164.49722160359278,© Google,OK,6_5,179311.91241617847,8248209.968685107,7690ca24bb712e807958f0ca5c7dbdb3c217e2e6,cardinal,4,3,270_deg_west,cardinal,270,0,90,640,640,1,batch_0001,836,datasets/df_2024_proportional/batch_0001/images/7690ca24bb712e807958f0ca5c7dbdb3c217e2e6.jpg,https://raw.githubusercontent.com/GUIA-DD/dataset-streetview/refs/heads/main/datasets/df_2024_proportional/batch_0001/images/7690ca24bb712e807958f0ca5c7dbdb3c217e2e6.jpg,True,downloaded,
dd4f0a5f15d0ddc2857c1b2c005a06c5dda6b4a1,15557121ef1d6be56c20373cad9a1e01e3078e8c,-15.823596600777917,-48.08236084965347,-15.82361191415678,-48.08236679464763,2026-02,2026,q9ZtHoIcCP-Mr6KuCbMt3g,251.222826100142,© Google,OK,4_5,169789.04893156767,8248153.557287764,22db820d5e5e3716f1f5042da10ba9e8a7864a18,cardinal,4,0,0_deg_north,cardinal,0,0,90,640,640,1,batch_0001,837,datasets/df_2024_proportional/batch_0001/images/22db820d5e5e3716f1f5042da10ba9e8a7864a18.jpg,https://raw.githubusercontent.com/GUIA-DD/dataset-streetview/refs/heads/main/datasets/df_2024_proportional/batch_0001/images/22db820d5e5e3716f1f5042da10ba9e8a7864a18.jpg,True,downloaded,
dd4f0a5f15d0ddc2857c1b2c005a06c5dda6b4a1,15557121ef1d6be56c20373cad9a1e01e3078e8c,-15.823596600777917,-48.08236084965347,-15.82361191415678,-48.08236679464763,2026-02,2026,q9ZtHoIcCP-Mr6KuCbMt3g,251.222826100142,© Google,OK,4_5,169789.04893156767,8248153.557287764,51f6cf189db6b6d209d158a3dfb9585e7c80654e,cardinal,4,1,90_deg_east,cardinal,90,0,90,640,640,1,batch_0001,838,datasets/df_2024_proportional/batch_0001/images/51f6cf189db6b6d209d158a3dfb9585e7c80654e.jpg,https://raw.githubusercontent.com/GUIA-DD/dataset-streetview/refs/heads/main/datasets/df_2024_proportional/batch_0001/images/51f6cf189db6b6d209d158a3dfb9585e7c80654e.jpg,True,downloaded,
dd4f0a5f15d0ddc2857c1b2c005a06c5dda6b4a1,15557121ef1d6be56c20373cad9a1e01e3078e8c,-15.823596600777917,-48.08236084965347,-15.82361191415678,-48.08236679464763,2026-02,2026,q9ZtHoIcCP-Mr6KuCbMt3g,251.222826100142,© Google,OK,4_5,169789.04893156767,8248153.557287764,4b7aac0220062087d8b04da4779537b8678f3d4e,cardinal,4,2,180_deg_south,cardinal,180,0,90,640,640,1,batch_0001,839,datasets/df_2024_proportional/batch_0001/images/4b7aac0220062087d8b04da4779537b8678f3d4e.jpg,https://raw.githubusercontent.com/GUIA-DD/dataset-streetview/refs/heads/main/datasets/df_2024_proportional/batch_0001/images/4b7aac0220062087d8b04da4779537b8678f3d4e.jpg,True,downloaded,
dd4f0a5f15d0ddc2857c1b2c005a06c5dda6b4a1,15557121ef1d6be56c20373cad9a1e01e3078e8c,-15.823596600777917,-48.08236084965347,-15.82361191415678,-48.08236679464763,2026-02,2026,q9ZtHoIcCP-Mr6KuCbMt3g,251.222826100142,© Google,OK,4_5,169789.04893156767,8248153.557287764,21ac733dd0c0db2d68d10f8fbc62abf6833eb15e,cardinal,4,3,270_deg_west,cardinal,270,0,90,640,640,1,batch_0001,840,datasets/df_2024_proportional/batch_0001/images/21ac733dd0c0db2d68d10f8fbc62abf6833eb15e.jpg,https://raw.githubusercontent.com/GUIA-DD/dataset-streetview/refs/heads/main/datasets/df_2024_proportional/batch_0001/images/21ac733dd0c0db2d68d10f8fbc62abf6833eb15e.jpg,True,downloaded,
ded9f9eed6726d66795cd5f0a7b6f133d26961f4,48227a3c1a945587853b9689025c489f4ceb3826,-15.870193250001915,-48.057801299994715,-15.87018023356859,-48.05779951095717,2025-06,2025,gO2dwDlOBGXXHX3QADDxXA,24.086005589237637,© Google,OK,4_4,172497.52328270584,8243031.586187594,daf239a7e821c84bba3680efd348fc33743f10cd,cardinal,4,0,0_deg_north,cardinal,0,0,90,640,640,1,batch_0001,841,datasets/df_2024_proportional/batch_0001/images/daf239a7e821c84bba3680efd348fc33743f10cd.jpg,https://raw.githubusercontent.com/GUIA-DD/dataset-streetview/refs/heads/main/datasets/df_2024_proportional/batch_0001/images/daf239a7e821c84bba3680efd348fc33743f10cd.jpg,True,downloaded,
ded9f9eed6726d66795cd5f0a7b6f133d26961f4,48227a3c1a945587853b9689025c489f4ceb3826,-15.870193250001915,-48.057801299994715,-15.87018023356859,-48.05779951095717,2025-06,2025,gO2dwDlOBGXXHX3QADDxXA,24.086005589237637,© Google,OK,4_4,172497.52328270584,8243031.586187594,79fee2093fd34d0451b4236143acc79208db8abd,cardinal,4,1,90_deg_east,cardinal,90,0,90,640,640,1,batch_0001,842,datasets/df_2024_proportional/batch_0001/images/79fee2093fd34d0451b4236143acc79208db8abd.jpg,https://raw.githubusercontent.com/GUIA-DD/dataset-streetview/refs/heads/main/datasets/df_2024_proportional/batch_0001/images/79fee2093fd34d0451b4236143acc79208db8abd.jpg,True,downloaded,
ded9f9eed6726d66795cd5f0a7b6f133d26961f4,48227a3c1a945587853b9689025c489f4ceb3826,-15.870193250001915,-48.057801299994715,-15.87018023356859,-48.05779951095717,2025-06,2025,gO2dwDlOBGXXHX3QADDxXA,24.086005589237637,© Google,OK,4_4,172497.52328270584,8243031.586187594,c702bb2b8d7c2d20ce208ee059646b1884ea9f76,cardinal,4,2,180_deg_south,cardinal,180,0,90,640,640,1,batch_0001,843,datasets/df_2024_proportional/batch_0001/images/c702bb2b8d7c2d20ce208ee059646b1884ea9f76.jpg,https://raw.githubusercontent.com/GUIA-DD/dataset-streetview/refs/heads/main/datasets/df_2024_proportional/batch_0001/images/c702bb2b8d7c2d20ce208ee059646b1884ea9f76.jpg,True,downloaded,
ded9f9eed6726d66795cd5f0a7b6f133d26961f4,48227a3c1a945587853b9689025c489f4ceb3826,-15.870193250001915,-48.057801299994715,-15.87018023356859,-48.05779951095717,2025-06,2025,gO2dwDlOBGXXHX3QADDxXA,24.086005589237637,© Google,OK,4_4,172497.52328270584,8243031.586187594,9ad18963ee2f3a84c87985319997b90fe2d7637b,cardinal,4,3,270_deg_west,cardinal,270,0,90,640,640,1,batch_0001,844,datasets/df_2024_proportional/batch_0001/images/9ad18963ee2f3a84c87985319997b90fe2d7637b.jpg,https://raw.githubusercontent.com/GUIA-DD/dataset-streetview/refs/heads/main/datasets/df_2024_proportional/batch_0001/images/9ad18963ee2f3a84c87985319997b90fe2d7637b.jpg,True,downloaded,
df24e2b22a5fd74adffc4b410efc9f3cff9c0761,e8aded6865d1cf83f790e8d65076b99292e23a60,-15.746655950027344,-47.84214819994794,-15.74662007583633,-47.84215337370815,2024-05,2024,e2WYFq772ZaG6WYhQUtQiA,216.8853545201999,© Google,OK,9_6,195426.65167289207,8257036.505581628,b66107f7bb4b9e1b100cbfd86020a1322ad12339,cardinal,4,0,0_deg_north,cardinal,0,0,90,640,640,1,batch_0001,845,datasets/df_2024_proportional/batch_0001/images/b66107f7bb4b9e1b100cbfd86020a1322ad12339.jpg,https://raw.githubusercontent.com/GUIA-DD/dataset-streetview/refs/heads/main/datasets/df_2024_proportional/batch_0001/images/b66107f7bb4b9e1b100cbfd86020a1322ad12339.jpg,True,downloaded,
df24e2b22a5fd74adffc4b410efc9f3cff9c0761,e8aded6865d1cf83f790e8d65076b99292e23a60,-15.746655950027344,-47.84214819994794,-15.74662007583633,-47.84215337370815,2024-05,2024,e2WYFq772ZaG6WYhQUtQiA,216.8853545201999,© Google,OK,9_6,195426.65167289207,8257036.505581628,9d3de332bdf7a626d3b1e197560e8aa8bf86a2be,cardinal,4,1,90_deg_east,cardinal,90,0,90,640,640,1,batch_0001,846,datasets/df_2024_proportional/batch_0001/images/9d3de332bdf7a626d3b1e197560e8aa8bf86a2be.jpg,https://raw.githubusercontent.com/GUIA-DD/dataset-streetview/refs/heads/main/datasets/df_2024_proportional/batch_0001/images/9d3de332bdf7a626d3b1e197560e8aa8bf86a2be.jpg,True,downloaded,
df24e2b22a5fd74adffc4b410efc9f3cff9c0761,e8aded6865d1cf83f790e8d65076b99292e23a60,-15.746655950027344,-47.84214819994794,-15.74662007583633,-47.84215337370815,2024-05,2024,e2WYFq772ZaG6WYhQUtQiA,216.8853545201999,© Google,OK,9_6,195426.65167289207,8257036.505581628,3c4987741137d0ada4408206bd356efa7618bde3,cardinal,4,2,180_deg_south,cardinal,180,0,90,640,640,1,batch_0001,847,datasets/df_2024_proportional/batch_0001/images/3c4987741137d0ada4408206bd356efa7618bde3.jpg,https://raw.githubusercontent.com/GUIA-DD/dataset-streetview/refs/heads/main/datasets/df_2024_proportional/batch_0001/images/3c4987741137d0ada4408206bd356efa7618bde3.jpg,True,downloaded,
df24e2b22a5fd74adffc4b410efc9f3cff9c0761,e8aded6865d1cf83f790e8d65076b99292e23a60,-15.746655950027344,-47.84214819994794,-15.74662007583633,-47.84215337370815,2024-05,2024,e2WYFq772ZaG6WYhQUtQiA,216.8853545201999,© Google,OK,9_6,195426.65167289207,8257036.505581628,95d46baf1a9c7be3d6d10a4e3f42afe8fe713d72,cardinal,4,3,270_deg_west,cardinal,270,0,90,640,640,1,batch_0001,848,datasets/df_2024_proportional/batch_0001/images/95d46baf1a9c7be3d6d10a4e3f42afe8fe713d72.jpg,https://raw.githubusercontent.com/GUIA-DD/dataset-streetview/refs/heads/main/datasets/df_2024_proportional/batch_0001/images/95d46baf1a9c7be3d6d10a4e3f42afe8fe713d72.jpg,True,downloaded,
df2db24fe76ca42cf65918e4391f3d216a287803,a880731a665fd0157dfd1617b80b1f532373158a,-15.734135501049913,-47.8870399516955,-15.73413340709068,-47.88702386746403,2024-05,2024,qqRXQmbxdlrVPJrpBshHNQ,119.03570985699021,© Google,OK,8_7,190593.47561466927,8258357.549359616,51cedf25e7b4f627f98ad1e3483090553ee17f4b,cardinal,4,0,0_deg_north,cardinal,0,0,90,640,640,1,batch_0001,849,datasets/df_2024_proportional/batch_0001/images/51cedf25e7b4f627f98ad1e3483090553ee17f4b.jpg,https://raw.githubusercontent.com/GUIA-DD/dataset-streetview/refs/heads/main/datasets/df_2024_proportional/batch_0001/images/51cedf25e7b4f627f98ad1e3483090553ee17f4b.jpg,True,downloaded,
df2db24fe76ca42cf65918e4391f3d216a287803,a880731a665fd0157dfd1617b80b1f532373158a,-15.734135501049913,-47.8870399516955,-15.73413340709068,-47.88702386746403,2024-05,2024,qqRXQmbxdlrVPJrpBshHNQ,119.03570985699021,© Google,OK,8_7,190593.47561466927,8258357.549359616,660691fdb751b8c000e81849f9a2a732152d9bd9,cardinal,4,1,90_deg_east,cardinal,90,0,90,640,640,1,batch_0001,850,datasets/df_2024_proportional/batch_0001/images/660691fdb751b8c000e81849f9a2a732152d9bd9.jpg,https://raw.githubusercontent.com/GUIA-DD/dataset-streetview/refs/heads/main/datasets/df_2024_proportional/batch_0001/images/660691fdb751b8c000e81849f9a2a732152d9bd9.jpg,True,downloaded,
df2db24fe76ca42cf65918e4391f3d216a287803,a880731a665fd0157dfd1617b80b1f532373158a,-15.734135501049913,-47.8870399516955,-15.73413340709068,-47.88702386746403,2024-05,2024,qqRXQmbxdlrVPJrpBshHNQ,119.03570985699021,© Google,OK,8_7,190593.47561466927,8258357.549359616,cd0ec6bdcc5bd00ba813c7656ba428be6d4886b3,cardinal,4,2,180_deg_south,cardinal,180,0,90,640,640,1,batch_0001,851,datasets/df_2024_proportional/batch_0001/images/cd0ec6bdcc5bd00ba813c7656ba428be6d4886b3.jpg,https://raw.githubusercontent.com/GUIA-DD/dataset-streetview/refs/heads/main/datasets/df_2024_proportional/batch_0001/images/cd0ec6bdcc5bd00ba813c7656ba428be6d4886b3.jpg,True,downloaded,
df2db24fe76ca42cf65918e4391f3d216a287803,a880731a665fd0157dfd1617b80b1f532373158a,-15.734135501049913,-47.8870399516955,-15.73413340709068,-47.88702386746403,2024-05,2024,qqRXQmbxdlrVPJrpBshHNQ,119.03570985699021,© Google,OK,8_7,190593.47561466927,8258357.549359616,41cef9ffac28c03f7b74b92d77cb7343edce9ed5,cardinal,4,3,270_deg_west,cardinal,270,0,90,640,640,1,batch_0001,852,datasets/df_2024_proportional/batch_0001/images/41cef9ffac28c03f7b74b92d77cb7343edce9ed5.jpg,https://raw.githubusercontent.com/GUIA-DD/dataset-streetview/refs/heads/main/datasets/df_2024_proportional/batch_0001/images/41cef9ffac28c03f7b74b92d77cb7343edce9ed5.jpg,True,downloaded,
df9d31e4ffa4f86c4470eb2804366b24569405ac,cf96bd0ff3574790ca738a45daa76c8dd4f3c560,-15.895705850098645,-47.78125694980442,-15.89570500010256,-47.78125511788782,2025-01,2025,brGcsB6nViX7zLbvUavt5A,215.83886688294874,© Google,OK,10_3,202174.982539758,8240620.081214976,da8b3f11f5f3fa494eae3a148c21752853cbe25a,cardinal,4,0,0_deg_north,cardinal,0,0,90,640,640,1,batch_0001,853,datasets/df_2024_proportional/batch_0001/images/da8b3f11f5f3fa494eae3a148c21752853cbe25a.jpg,https://raw.githubusercontent.com/GUIA-DD/dataset-streetview/refs/heads/main/datasets/df_2024_proportional/batch_0001/images/da8b3f11f5f3fa494eae3a148c21752853cbe25a.jpg,True,downloaded,
df9d31e4ffa4f86c4470eb2804366b24569405ac,cf96bd0ff3574790ca738a45daa76c8dd4f3c560,-15.895705850098645,-47.78125694980442,-15.89570500010256,-47.78125511788782,2025-01,2025,brGcsB6nViX7zLbvUavt5A,215.83886688294874,© Google,OK,10_3,202174.982539758,8240620.081214976,0fcf24127ec8213e4d1b16170f7619f8ef006c59,cardinal,4,1,90_deg_east,cardinal,90,0,90,640,640,1,batch_0001,854,datasets/df_2024_proportional/batch_0001/images/0fcf24127ec8213e4d1b16170f7619f8ef006c59.jpg,https://raw.githubusercontent.com/GUIA-DD/dataset-streetview/refs/heads/main/datasets/df_2024_proportional/batch_0001/images/0fcf24127ec8213e4d1b16170f7619f8ef006c59.jpg,True,downloaded,
df9d31e4ffa4f86c4470eb2804366b24569405ac,cf96bd0ff3574790ca738a45daa76c8dd4f3c560,-15.895705850098645,-47.78125694980442,-15.89570500010256,-47.78125511788782,2025-01,2025,brGcsB6nViX7zLbvUavt5A,215.83886688294874,© Google,OK,10_3,202174.982539758,8240620.081214976,c6b0e2e7b71727ce585a5eee4c5f9f954ce17760,cardinal,4,2,180_deg_south,cardinal,180,0,90,640,640,1,batch_0001,855,datasets/df_2024_proportional/batch_0001/images/c6b0e2e7b71727ce585a5eee4c5f9f954ce17760.jpg,https://raw.githubusercontent.com/GUIA-DD/dataset-streetview/refs/heads/main/datasets/df_2024_proportional/batch_0001/images/c6b0e2e7b71727ce585a5eee4c5f9f954ce17760.jpg,True,downloaded,
df9d31e4ffa4f86c4470eb2804366b24569405ac,cf96bd0ff3574790ca738a45daa76c8dd4f3c560,-15.895705850098645,-47.78125694980442,-15.89570500010256,-47.78125511788782,2025-01,2025,brGcsB6nViX7zLbvUavt5A,215.83886688294874,© Google,OK,10_3,202174.982539758,8240620.081214976,183fe02dee506a642e1d9a9f8978695eb739eb37,cardinal,4,3,270_deg_west,cardinal,270,0,90,640,640,1,batch_0001,856,datasets/df_2024_proportional/batch_0001/images/183fe02dee506a642e1d9a9f8978695eb739eb37.jpg,https://raw.githubusercontent.com/GUIA-DD/dataset-streetview/refs/heads/main/datasets/df_2024_proportional/batch_0001/images/183fe02dee506a642e1d9a9f8978695eb739eb37.jpg,True,downloaded,
dfbfb883944733d9cff51fa8a11056672d4aede1,4a4402d13f69511461599f77388a6ac8875b18a1,-15.80845364999848,-48.14933985004375,-15.80840615102633,-48.14930457390022,2026-01,2026,bIjGSXTAh1g8nCnsJFVTcw,164.1403976605621,© Google,OK,2_5,162582.3568433691,8249724.129079608,c959892963d0859e1dd9ab4678be65aeb07e70e2,cardinal,4,0,0_deg_north,cardinal,0,0,90,640,640,1,batch_0001,857,datasets/df_2024_proportional/batch_0001/images/c959892963d0859e1dd9ab4678be65aeb07e70e2.jpg,https://raw.githubusercontent.com/GUIA-DD/dataset-streetview/refs/heads/main/datasets/df_2024_proportional/batch_0001/images/c959892963d0859e1dd9ab4678be65aeb07e70e2.jpg,True,downloaded,
dfbfb883944733d9cff51fa8a11056672d4aede1,4a4402d13f69511461599f77388a6ac8875b18a1,-15.80845364999848,-48.14933985004375,-15.80840615102633,-48.14930457390022,2026-01,2026,bIjGSXTAh1g8nCnsJFVTcw,164.1403976605621,© Google,OK,2_5,162582.3568433691,8249724.129079608,671912d20aff1fa94daac406580313ed53e13b4c,cardinal,4,1,90_deg_east,cardinal,90,0,90,640,640,1,batch_0001,858,datasets/df_2024_proportional/batch_0001/images/671912d20aff1fa94daac406580313ed53e13b4c.jpg,https://raw.githubusercontent.com/GUIA-DD/dataset-streetview/refs/heads/main/datasets/df_2024_proportional/batch_0001/images/671912d20aff1fa94daac406580313ed53e13b4c.jpg,True,downloaded,
dfbfb883944733d9cff51fa8a11056672d4aede1,4a4402d13f69511461599f77388a6ac8875b18a1,-15.80845364999848,-48.14933985004375,-15.80840615102633,-48.14930457390022,2026-01,2026,bIjGSXTAh1g8nCnsJFVTcw,164.1403976605621,© Google,OK,2_5,162582.3568433691,8249724.129079608,26789b5a64e11535978e76593764f1b302a89709,cardinal,4,2,180_deg_south,cardinal,180,0,90,640,640,1,batch_0001,859,datasets/df_2024_proportional/batch_0001/images/26789b5a64e11535978e76593764f1b302a89709.jpg,https://raw.githubusercontent.com/GUIA-DD/dataset-streetview/refs/heads/main/datasets/df_2024_proportional/batch_0001/images/26789b5a64e11535978e76593764f1b302a89709.jpg,True,downloaded,
dfbfb883944733d9cff51fa8a11056672d4aede1,4a4402d13f69511461599f77388a6ac8875b18a1,-15.80845364999848,-48.14933985004375,-15.80840615102633,-48.14930457390022,2026-01,2026,bIjGSXTAh1g8nCnsJFVTcw,164.1403976605621,© Google,OK,2_5,162582.3568433691,8249724.129079608,f0c0109057acf8ab419237f6bb5c04691656da90,cardinal,4,3,270_deg_west,cardinal,270,0,90,640,640,1,batch_0001,860,datasets/df_2024_proportional/batch_0001/images/f0c0109057acf8ab419237f6bb5c04691656da90.jpg,https://raw.githubusercontent.com/GUIA-DD/dataset-streetview/refs/heads/main/datasets/df_2024_proportional/batch_0001/images/f0c0109057acf8ab419237f6bb5c04691656da90.jpg,True,downloaded,
e0c085811950427df45978d4a461f0f6a6062e6c,650e9a279001ff1a38bf052abdd00fc678c5a084,-15.843546900197705,-48.054393100333506,-15.84353809309238,-48.05443340632939,2024-07,2024,zs7ZEgkOiTuyMYnWMlXt5A,299.5969171429072,© Google,OK,4_4,172819.8252948985,8245987.941637099,7366201a191df482b915c842afe28f9f394b05e5,cardinal,4,0,0_deg_north,cardinal,0,0,90,640,640,1,batch_0001,861,datasets/df_2024_proportional/batch_0001/images/7366201a191df482b915c842afe28f9f394b05e5.jpg,https://raw.githubusercontent.com/GUIA-DD/dataset-streetview/refs/heads/main/datasets/df_2024_proportional/batch_0001/images/7366201a191df482b915c842afe28f9f394b05e5.jpg,True,downloaded,
e0c085811950427df45978d4a461f0f6a6062e6c,650e9a279001ff1a38bf052abdd00fc678c5a084,-15.843546900197705,-48.054393100333506,-15.84353809309238,-48.05443340632939,2024-07,2024,zs7ZEgkOiTuyMYnWMlXt5A,299.5969171429072,© Google,OK,4_4,172819.8252948985,8245987.941637099,799518807c44c4c8558dba274177aec787eb7633,cardinal,4,1,90_deg_east,cardinal,90,0,90,640,640,1,batch_0001,862,datasets/df_2024_proportional/batch_0001/images/799518807c44c4c8558dba274177aec787eb7633.jpg,https://raw.githubusercontent.com/GUIA-DD/dataset-streetview/refs/heads/main/datasets/df_2024_proportional/batch_0001/images/799518807c44c4c8558dba274177aec787eb7633.jpg,True,downloaded,
e0c085811950427df45978d4a461f0f6a6062e6c,650e9a279001ff1a38bf052abdd00fc678c5a084,-15.843546900197705,-48.054393100333506,-15.84353809309238,-48.05443340632939,2024-07,2024,zs7ZEgkOiTuyMYnWMlXt5A,299.5969171429072,© Google,OK,4_4,172819.8252948985,8245987.941637099,193a4b25535681ac9205bb56ebf54e96c6ef8feb,cardinal,4,2,180_deg_south,cardinal,180,0,90,640,640,1,batch_0001,863,datasets/df_2024_proportional/batch_0001/images/193a4b25535681ac9205bb56ebf54e96c6ef8feb.jpg,https://raw.githubusercontent.com/GUIA-DD/dataset-streetview/refs/heads/main/datasets/df_2024_proportional/batch_0001/images/193a4b25535681ac9205bb56ebf54e96c6ef8feb.jpg,True,downloaded,
e0c085811950427df45978d4a461f0f6a6062e6c,650e9a279001ff1a38bf052abdd00fc678c5a084,-15.843546900197705,-48.054393100333506,-15.84353809309238,-48.05443340632939,2024-07,2024,zs7ZEgkOiTuyMYnWMlXt5A,299.5969171429072,© Google,OK,4_4,172819.8252948985,8245987.941637099,c32a5fc07f3f1d55868d2221e200fa4820a38c7b,cardinal,4,3,270_deg_west,cardinal,270,0,90,640,640,1,batch_0001,864,datasets/df_2024_proportional/batch_0001/images/c32a5fc07f3f1d55868d2221e200fa4820a38c7b.jpg,https://raw.githubusercontent.com/GUIA-DD/dataset-streetview/refs/heads/main/datasets/df_2024_proportional/batch_0001/images/c32a5fc07f3f1d55868d2221e200fa4820a38c7b.jpg,True,downloaded,
e181e5dc9af7ed2b252de4ddd6f1675a130bfad9,b9d33e29179dc0c3799068ba51200fd129269366,-16.015577000131483,-48.081691350232006,-16.01559171001614,-48.08169390109461,2025-05,2025,Y0fSPbgf4B9EnOzDco0nKg,120.64745972871816,© Google,OK,4_0,170174.81142330938,8226892.673585536,265d84d7af62b6d76588893a2d1851e9193302a0,cardinal,4,0,0_deg_north,cardinal,0,0,90,640,640,1,batch_0001,865,datasets/df_2024_proportional/batch_0001/images/265d84d7af62b6d76588893a2d1851e9193302a0.jpg,https://raw.githubusercontent.com/GUIA-DD/dataset-streetview/refs/heads/main/datasets/df_2024_proportional/batch_0001/images/265d84d7af62b6d76588893a2d1851e9193302a0.jpg,True,downloaded,
e181e5dc9af7ed2b252de4ddd6f1675a130bfad9,b9d33e29179dc0c3799068ba51200fd129269366,-16.015577000131483,-48.081691350232006,-16.01559171001614,-48.08169390109461,2025-05,2025,Y0fSPbgf4B9EnOzDco0nKg,120.64745972871816,© Google,OK,4_0,170174.81142330938,8226892.673585536,421fc2d1bb7d58144c9faa94d8c3fef999c1aa24,cardinal,4,1,90_deg_east,cardinal,90,0,90,640,640,1,batch_0001,866,datasets/df_2024_proportional/batch_0001/images/421fc2d1bb7d58144c9faa94d8c3fef999c1aa24.jpg,https://raw.githubusercontent.com/GUIA-DD/dataset-streetview/refs/heads/main/datasets/df_2024_proportional/batch_0001/images/421fc2d1bb7d58144c9faa94d8c3fef999c1aa24.jpg,True,downloaded,
e181e5dc9af7ed2b252de4ddd6f1675a130bfad9,b9d33e29179dc0c3799068ba51200fd129269366,-16.015577000131483,-48.081691350232006,-16.01559171001614,-48.08169390109461,2025-05,2025,Y0fSPbgf4B9EnOzDco0nKg,120.64745972871816,© Google,OK,4_0,170174.81142330938,8226892.673585536,1f346a4f3f91f8c725c4d192c70902093bd83310,cardinal,4,2,180_deg_south,cardinal,180,0,90,640,640,1,batch_0001,867,datasets/df_2024_proportional/batch_0001/images/1f346a4f3f91f8c725c4d192c70902093bd83310.jpg,https://raw.githubusercontent.com/GUIA-DD/dataset-streetview/refs/heads/main/datasets/df_2024_proportional/batch_0001/images/1f346a4f3f91f8c725c4d192c70902093bd83310.jpg,True,downloaded,
e181e5dc9af7ed2b252de4ddd6f1675a130bfad9,b9d33e29179dc0c3799068ba51200fd129269366,-16.015577000131483,-48.081691350232006,-16.01559171001614,-48.08169390109461,2025-05,2025,Y0fSPbgf4B9EnOzDco0nKg,120.64745972871816,© Google,OK,4_0,170174.81142330938,8226892.673585536,3e90516f625b190b08bd8f1830afa34b92c8de0e,cardinal,4,3,270_deg_west,cardinal,270,0,90,640,640,1,batch_0001,868,datasets/df_2024_proportional/batch_0001/images/3e90516f625b190b08bd8f1830afa34b92c8de0e.jpg,https://raw.githubusercontent.com/GUIA-DD/dataset-streetview/refs/heads/main/datasets/df_2024_proportional/batch_0001/images/3e90516f625b190b08bd8f1830afa34b92c8de0e.jpg,True,downloaded,
e18f9d3e9ecacfbd60116db4974d99543d97fe69,dcaaefa12e6eb0763aeaff4f697471712520f0a3,-15.920065200001273,-47.95493634999453,-15.92007886359863,-47.9549443564566,2024-12,2024,LteTLWlQaUIIvkmbQOv5mA,192.22512643124497,© Google,OK,6_3,183601.3542478775,8237667.1523797065,b052b0cb4d66f8e523bbea4b834fcecb60e16033,cardinal,4,0,0_deg_north,cardinal,0,0,90,640,640,1,batch_0001,869,datasets/df_2024_proportional/batch_0001/images/b052b0cb4d66f8e523bbea4b834fcecb60e16033.jpg,https://raw.githubusercontent.com/GUIA-DD/dataset-streetview/refs/heads/main/datasets/df_2024_proportional/batch_0001/images/b052b0cb4d66f8e523bbea4b834fcecb60e16033.jpg,True,downloaded,
e18f9d3e9ecacfbd60116db4974d99543d97fe69,dcaaefa12e6eb0763aeaff4f697471712520f0a3,-15.920065200001273,-47.95493634999453,-15.92007886359863,-47.9549443564566,2024-12,2024,LteTLWlQaUIIvkmbQOv5mA,192.22512643124497,© Google,OK,6_3,183601.3542478775,8237667.1523797065,9baa66692b01b41d366e8d46ee71892810b2bb84,cardinal,4,1,90_deg_east,cardinal,90,0,90,640,640,1,batch_0001,870,datasets/df_2024_proportional/batch_0001/images/9baa66692b01b41d366e8d46ee71892810b2bb84.jpg,https://raw.githubusercontent.com/GUIA-DD/dataset-streetview/refs/heads/main/datasets/df_2024_proportional/batch_0001/images/9baa66692b01b41d366e8d46ee71892810b2bb84.jpg,True,downloaded,
e18f9d3e9ecacfbd60116db4974d99543d97fe69,dcaaefa12e6eb0763aeaff4f697471712520f0a3,-15.920065200001273,-47.95493634999453,-15.92007886359863,-47.9549443564566,2024-12,2024,LteTLWlQaUIIvkmbQOv5mA,192.22512643124497,© Google,OK,6_3,183601.3542478775,8237667.1523797065,33de46f32831b173d6a5714da6487f2d318f7aef,cardinal,4,2,180_deg_south,cardinal,180,0,90,640,640,1,batch_0001,871,datasets/df_2024_proportional/batch_0001/images/33de46f32831b173d6a5714da6487f2d318f7aef.jpg,https://raw.githubusercontent.com/GUIA-DD/dataset-streetview/refs/heads/main/datasets/df_2024_proportional/batch_0001/images/33de46f32831b173d6a5714da6487f2d318f7aef.jpg,True,downloaded,
e18f9d3e9ecacfbd60116db4974d99543d97fe69,dcaaefa12e6eb0763aeaff4f697471712520f0a3,-15.920065200001273,-47.95493634999453,-15.92007886359863,-47.9549443564566,2024-12,2024,LteTLWlQaUIIvkmbQOv5mA,192.22512643124497,© Google,OK,6_3,183601.3542478775,8237667.1523797065,24a63904ddca41fb00a116d11b78a65f4cbb89af,cardinal,4,3,270_deg_west,cardinal,270,0,90,640,640,1,batch_0001,872,datasets/df_2024_proportional/batch_0001/images/24a63904ddca41fb00a116d11b78a65f4cbb89af.jpg,https://raw.githubusercontent.com/GUIA-DD/dataset-streetview/refs/heads/main/datasets/df_2024_proportional/batch_0001/images/24a63904ddca41fb00a116d11b78a65f4cbb89af.jpg,True,downloaded,
e253bb96bd226149011df68659f9abf96b900c3c,186fbfafb7b3bc08f4229221f6578026e5d27b0e,-15.629558530968941,-47.652124933789075,-15.62959609176178,-47.65210172043017,2024-09,2024,Nk2xXLNVDNMxMbDkS278Sg,98.77750149944633,© Google,OK,13_9,215640.6854745795,8270266.0762752965,f6c8136d0291c57310cc24dff4f916ca63f2a32c,cardinal,4,0,0_deg_north,cardinal,0,0,90,640,640,1,batch_0001,873,datasets/df_2024_proportional/batch_0001/images/f6c8136d0291c57310cc24dff4f916ca63f2a32c.jpg,https://raw.githubusercontent.com/GUIA-DD/dataset-streetview/refs/heads/main/datasets/df_2024_proportional/batch_0001/images/f6c8136d0291c57310cc24dff4f916ca63f2a32c.jpg,True,downloaded,
e253bb96bd226149011df68659f9abf96b900c3c,186fbfafb7b3bc08f4229221f6578026e5d27b0e,-15.629558530968941,-47.652124933789075,-15.62959609176178,-47.65210172043017,2024-09,2024,Nk2xXLNVDNMxMbDkS278Sg,98.77750149944633,© Google,OK,13_9,215640.6854745795,8270266.0762752965,35b39f8773d3e0067f6745db75ebf4a8ad6e6c13,cardinal,4,1,90_deg_east,cardinal,90,0,90,640,640,1,batch_0001,874,datasets/df_2024_proportional/batch_0001/images/35b39f8773d3e0067f6745db75ebf4a8ad6e6c13.jpg,https://raw.githubusercontent.com/GUIA-DD/dataset-streetview/refs/heads/main/datasets/df_2024_proportional/batch_0001/images/35b39f8773d3e0067f6745db75ebf4a8ad6e6c13.jpg,True,downloaded,
e253bb96bd226149011df68659f9abf96b900c3c,186fbfafb7b3bc08f4229221f6578026e5d27b0e,-15.629558530968941,-47.652124933789075,-15.62959609176178,-47.65210172043017,2024-09,2024,Nk2xXLNVDNMxMbDkS278Sg,98.77750149944633,© Google,OK,13_9,215640.6854745795,8270266.0762752965,b404744eb18fd0947fa316133da400fcb47c7a03,cardinal,4,2,180_deg_south,cardinal,180,0,90,640,640,1,batch_0001,875,datasets/df_2024_proportional/batch_0001/images/b404744eb18fd0947fa316133da400fcb47c7a03.jpg,https://raw.githubusercontent.com/GUIA-DD/dataset-streetview/refs/heads/main/datasets/df_2024_proportional/batch_0001/images/b404744eb18fd0947fa316133da400fcb47c7a03.jpg,True,downloaded,
e253bb96bd226149011df68659f9abf96b900c3c,186fbfafb7b3bc08f4229221f6578026e5d27b0e,-15.629558530968941,-47.652124933789075,-15.62959609176178,-47.65210172043017,2024-09,2024,Nk2xXLNVDNMxMbDkS278Sg,98.77750149944633,© Google,OK,13_9,215640.6854745795,8270266.0762752965,0187602b3196c8b711196ad8bda7743477e6151d,cardinal,4,3,270_deg_west,cardinal,270,0,90,640,640,1,batch_0001,876,datasets/df_2024_proportional/batch_0001/images/0187602b3196c8b711196ad8bda7743477e6151d.jpg,https://raw.githubusercontent.com/GUIA-DD/dataset-streetview/refs/heads/main/datasets/df_2024_proportional/batch_0001/images/0187602b3196c8b711196ad8bda7743477e6151d.jpg,True,downloaded,
e3377e224690e430717df181f6ab8bdfd2627eb8,5b0af07fb6f4b9819617b3455cef2b15eec3fb46,-16.025130950895438,-48.02332139910053,-16.02514314145262,-48.02330197771862,2025-02,2025,jPu7cTrUiUxC9rGNAjn7Fw,236.04510462312317,© Google,OK,5_0,176442.4135015133,8225926.598630743,5bad074cc922c86a263665ddb68ee0f6aea3c16f,cardinal,4,0,0_deg_north,cardinal,0,0,90,640,640,1,batch_0001,877,datasets/df_2024_proportional/batch_0001/images/5bad074cc922c86a263665ddb68ee0f6aea3c16f.jpg,https://raw.githubusercontent.com/GUIA-DD/dataset-streetview/refs/heads/main/datasets/df_2024_proportional/batch_0001/images/5bad074cc922c86a263665ddb68ee0f6aea3c16f.jpg,True,downloaded,
e3377e224690e430717df181f6ab8bdfd2627eb8,5b0af07fb6f4b9819617b3455cef2b15eec3fb46,-16.025130950895438,-48.02332139910053,-16.02514314145262,-48.02330197771862,2025-02,2025,jPu7cTrUiUxC9rGNAjn7Fw,236.04510462312317,© Google,OK,5_0,176442.4135015133,8225926.598630743,20a903b7e81878f99f9c6d244ae5d030bfef0ec6,cardinal,4,1,90_deg_east,cardinal,90,0,90,640,640,1,batch_0001,878,datasets/df_2024_proportional/batch_0001/images/20a903b7e81878f99f9c6d244ae5d030bfef0ec6.jpg,https://raw.githubusercontent.com/GUIA-DD/dataset-streetview/refs/heads/main/datasets/df_2024_proportional/batch_0001/images/20a903b7e81878f99f9c6d244ae5d030bfef0ec6.jpg,True,downloaded,
e3377e224690e430717df181f6ab8bdfd2627eb8,5b0af07fb6f4b9819617b3455cef2b15eec3fb46,-16.025130950895438,-48.02332139910053,-16.02514314145262,-48.02330197771862,2025-02,2025,jPu7cTrUiUxC9rGNAjn7Fw,236.04510462312317,© Google,OK,5_0,176442.4135015133,8225926.598630743,606beb91fc2bdf384291e83ba02179671871d96f,cardinal,4,2,180_deg_south,cardinal,180,0,90,640,640,1,batch_0001,879,datasets/df_2024_proportional/batch_0001/images/606beb91fc2bdf384291e83ba02179671871d96f.jpg,https://raw.githubusercontent.com/GUIA-DD/dataset-streetview/refs/heads/main/datasets/df_2024_proportional/batch_0001/images/606beb91fc2bdf384291e83ba02179671871d96f.jpg,True,downloaded,
e3377e224690e430717df181f6ab8bdfd2627eb8,5b0af07fb6f4b9819617b3455cef2b15eec3fb46,-16.025130950895438,-48.02332139910053,-16.02514314145262,-48.02330197771862,2025-02,2025,jPu7cTrUiUxC9rGNAjn7Fw,236.04510462312317,© Google,OK,5_0,176442.4135015133,8225926.598630743,12ffe796ecfb9e979ff4361cfd8f36940bbf6d09,cardinal,4,3,270_deg_west,cardinal,270,0,90,640,640,1,batch_0001,880,datasets/df_2024_proportional/batch_0001/images/12ffe796ecfb9e979ff4361cfd8f36940bbf6d09.jpg,https://raw.githubusercontent.com/GUIA-DD/dataset-streetview/refs/heads/main/datasets/df_2024_proportional/batch_0001/images/12ffe796ecfb9e979ff4361cfd8f36940bbf6d09.jpg,True,downloaded,
e4282df735c148692368706ec15ce34a64b7dfc4,faf3236fdc58f6eb049c569b27b8a5ebe3596cd0,-15.848128649999158,-47.9522503000039,-15.84809768825209,-47.95225535364558,2024-06,2024,WH1M9wQYiuaIzcivQkyG0g,172.92513626188185,© Google,OK,6_4,183776.7363473024,8245637.40925701,fa6fc7dc068bc982cacd118fb1d2b59d24e55b58,cardinal,4,0,0_deg_north,cardinal,0,0,90,640,640,1,batch_0001,881,datasets/df_2024_proportional/batch_0001/images/fa6fc7dc068bc982cacd118fb1d2b59d24e55b58.jpg,https://raw.githubusercontent.com/GUIA-DD/dataset-streetview/refs/heads/main/datasets/df_2024_proportional/batch_0001/images/fa6fc7dc068bc982cacd118fb1d2b59d24e55b58.jpg,True,downloaded,
e4282df735c148692368706ec15ce34a64b7dfc4,faf3236fdc58f6eb049c569b27b8a5ebe3596cd0,-15.848128649999158,-47.9522503000039,-15.84809768825209,-47.95225535364558,2024-06,2024,WH1M9wQYiuaIzcivQkyG0g,172.92513626188185,© Google,OK,6_4,183776.7363473024,8245637.40925701,ed1bc0a961423993b1d72aac62ea81156efd76ff,cardinal,4,1,90_deg_east,cardinal,90,0,90,640,640,1,batch_0001,882,datasets/df_2024_proportional/batch_0001/images/ed1bc0a961423993b1d72aac62ea81156efd76ff.jpg,https://raw.githubusercontent.com/GUIA-DD/dataset-streetview/refs/heads/main/datasets/df_2024_proportional/batch_0001/images/ed1bc0a961423993b1d72aac62ea81156efd76ff.jpg,True,downloaded,
e4282df735c148692368706ec15ce34a64b7dfc4,faf3236fdc58f6eb049c569b27b8a5ebe3596cd0,-15.848128649999158,-47.9522503000039,-15.84809768825209,-47.95225535364558,2024-06,2024,WH1M9wQYiuaIzcivQkyG0g,172.92513626188185,© Google,OK,6_4,183776.7363473024,8245637.40925701,cb4b4fa95be1c1b02c46902517490c8c2108d3f5,cardinal,4,2,180_deg_south,cardinal,180,0,90,640,640,1,batch_0001,883,datasets/df_2024_proportional/batch_0001/images/cb4b4fa95be1c1b02c46902517490c8c2108d3f5.jpg,https://raw.githubusercontent.com/GUIA-DD/dataset-streetview/refs/heads/main/datasets/df_2024_proportional/batch_0001/images/cb4b4fa95be1c1b02c46902517490c8c2108d3f5.jpg,True,downloaded,
e4282df735c148692368706ec15ce34a64b7dfc4,faf3236fdc58f6eb049c569b27b8a5ebe3596cd0,-15.848128649999158,-47.9522503000039,-15.84809768825209,-47.95225535364558,2024-06,2024,WH1M9wQYiuaIzcivQkyG0g,172.92513626188185,© Google,OK,6_4,183776.7363473024,8245637.40925701,75e09b4ffbe2b33fa23ced8e637772d10651831f,cardinal,4,3,270_deg_west,cardinal,270,0,90,640,640,1,batch_0001,884,datasets/df_2024_proportional/batch_0001/images/75e09b4ffbe2b33fa23ced8e637772d10651831f.jpg,https://raw.githubusercontent.com/GUIA-DD/dataset-streetview/refs/heads/main/datasets/df_2024_proportional/batch_0001/images/75e09b4ffbe2b33fa23ced8e637772d10651831f.jpg,True,downloaded,
e4af43d650a19228c336aa91b5407d4b24c1d0e8,7ae884425402c25f9020dc964eacb6c16714562b,-15.929961350043602,-48.10408425010262,-15.9299788852304,-48.1040479507,2024-06,2024,z1u1GmrxjMcF3wK2xJ1rng,127.34074076575675,© Google,OK,3_2,167634.6596019788,8236339.100130929,e58c8eb9604d0a654af2a8e96077af0ae2020ddd,cardinal,4,0,0_deg_north,cardinal,0,0,90,640,640,1,batch_0001,885,datasets/df_2024_proportional/batch_0001/images/e58c8eb9604d0a654af2a8e96077af0ae2020ddd.jpg,https://raw.githubusercontent.com/GUIA-DD/dataset-streetview/refs/heads/main/datasets/df_2024_proportional/batch_0001/images/e58c8eb9604d0a654af2a8e96077af0ae2020ddd.jpg,True,downloaded,
e4af43d650a19228c336aa91b5407d4b24c1d0e8,7ae884425402c25f9020dc964eacb6c16714562b,-15.929961350043602,-48.10408425010262,-15.9299788852304,-48.1040479507,2024-06,2024,z1u1GmrxjMcF3wK2xJ1rng,127.34074076575675,© Google,OK,3_2,167634.6596019788,8236339.100130929,64d534bfd37808d66722811d7f0939c0d813656b,cardinal,4,1,90_deg_east,cardinal,90,0,90,640,640,1,batch_0001,886,datasets/df_2024_proportional/batch_0001/images/64d534bfd37808d66722811d7f0939c0d813656b.jpg,https://raw.githubusercontent.com/GUIA-DD/dataset-streetview/refs/heads/main/datasets/df_2024_proportional/batch_0001/images/64d534bfd37808d66722811d7f0939c0d813656b.jpg,True,downloaded,
e4af43d650a19228c336aa91b5407d4b24c1d0e8,7ae884425402c25f9020dc964eacb6c16714562b,-15.929961350043602,-48.10408425010262,-15.9299788852304,-48.1040479507,2024-06,2024,z1u1GmrxjMcF3wK2xJ1rng,127.34074076575675,© Google,OK,3_2,167634.6596019788,8236339.100130929,24d2b0fdd855840cbeb2eca741e1c50d1c9254d7,cardinal,4,2,180_deg_south,cardinal,180,0,90,640,640,1,batch_0001,887,datasets/df_2024_proportional/batch_0001/images/24d2b0fdd855840cbeb2eca741e1c50d1c9254d7.jpg,https://raw.githubusercontent.com/GUIA-DD/dataset-streetview/refs/heads/main/datasets/df_2024_proportional/batch_0001/images/24d2b0fdd855840cbeb2eca741e1c50d1c9254d7.jpg,True,downloaded,
e4af43d650a19228c336aa91b5407d4b24c1d0e8,7ae884425402c25f9020dc964eacb6c16714562b,-15.929961350043602,-48.10408425010262,-15.9299788852304,-48.1040479507,2024-06,2024,z1u1GmrxjMcF3wK2xJ1rng,127.34074076575675,© Google,OK,3_2,167634.6596019788,8236339.100130929,5fa4f8e56661338dfefeca54b18fb9e265d82429,cardinal,4,3,270_deg_west,cardinal,270,0,90,640,640,1,batch_0001,888,datasets/df_2024_proportional/batch_0001/images/5fa4f8e56661338dfefeca54b18fb9e265d82429.jpg,https://raw.githubusercontent.com/GUIA-DD/dataset-streetview/refs/heads/main/datasets/df_2024_proportional/batch_0001/images/5fa4f8e56661338dfefeca54b18fb9e265d82429.jpg,True,downloaded,
e5de6e4d5ca69e2f5cbfd7b0388de91b020e2156,8e1958014215b62ed92e543c68079181c27fccda,-15.859353759722321,-47.85769069569646,-15.8593417585389,-47.85774268946812,2024-12,2024,g1Qhq5xj6NH-pmFo4EwAPA,66.55198697220108,© Google,OK,8_4,193929.5308494571,8244534.906042146,e9c7ec86a94fc686baaa355b599ead67e7ce18d4,cardinal,4,0,0_deg_north,cardinal,0,0,90,640,640,1,batch_0001,889,datasets/df_2024_proportional/batch_0001/images/e9c7ec86a94fc686baaa355b599ead67e7ce18d4.jpg,https://raw.githubusercontent.com/GUIA-DD/dataset-streetview/refs/heads/main/datasets/df_2024_proportional/batch_0001/images/e9c7ec86a94fc686baaa355b599ead67e7ce18d4.jpg,True,downloaded,
e5de6e4d5ca69e2f5cbfd7b0388de91b020e2156,8e1958014215b62ed92e543c68079181c27fccda,-15.859353759722321,-47.85769069569646,-15.8593417585389,-47.85774268946812,2024-12,2024,g1Qhq5xj6NH-pmFo4EwAPA,66.55198697220108,© Google,OK,8_4,193929.5308494571,8244534.906042146,2b68b4bd987ba27ee2d5f0d23b89ffe073faaeea,cardinal,4,1,90_deg_east,cardinal,90,0,90,640,640,1,batch_0001,890,datasets/df_2024_proportional/batch_0001/images/2b68b4bd987ba27ee2d5f0d23b89ffe073faaeea.jpg,https://raw.githubusercontent.com/GUIA-DD/dataset-streetview/refs/heads/main/datasets/df_2024_proportional/batch_0001/images/2b68b4bd987ba27ee2d5f0d23b89ffe073faaeea.jpg,True,downloaded,
e5de6e4d5ca69e2f5cbfd7b0388de91b020e2156,8e1958014215b62ed92e543c68079181c27fccda,-15.859353759722321,-47.85769069569646,-15.8593417585389,-47.85774268946812,2024-12,2024,g1Qhq5xj6NH-pmFo4EwAPA,66.55198697220108,© Google,OK,8_4,193929.5308494571,8244534.906042146,e6452718e3dc1397b97383d2a7c681cc5c051633,cardinal,4,2,180_deg_south,cardinal,180,0,90,640,640,1,batch_0001,891,datasets/df_2024_proportional/batch_0001/images/e6452718e3dc1397b97383d2a7c681cc5c051633.jpg,https://raw.githubusercontent.com/GUIA-DD/dataset-streetview/refs/heads/main/datasets/df_2024_proportional/batch_0001/images/e6452718e3dc1397b97383d2a7c681cc5c051633.jpg,True,downloaded,
e5de6e4d5ca69e2f5cbfd7b0388de91b020e2156,8e1958014215b62ed92e543c68079181c27fccda,-15.859353759722321,-47.85769069569646,-15.8593417585389,-47.85774268946812,2024-12,2024,g1Qhq5xj6NH-pmFo4EwAPA,66.55198697220108,© Google,OK,8_4,193929.5308494571,8244534.906042146,d9efe5a1ef379dfe7a027cfd7c2791ed9f02bf98,cardinal,4,3,270_deg_west,cardinal,270,0,90,640,640,1,batch_0001,892,datasets/df_2024_proportional/batch_0001/images/d9efe5a1ef379dfe7a027cfd7c2791ed9f02bf98.jpg,https://raw.githubusercontent.com/GUIA-DD/dataset-streetview/refs/heads/main/datasets/df_2024_proportional/batch_0001/images/d9efe5a1ef379dfe7a027cfd7c2791ed9f02bf98.jpg,True,downloaded,
e976badebb00850d78f8c99f1aec0bb91659807d,a92855d8edf1de2240182a1ad400b2f65e58f3b5,-15.856732000758191,-48.054896199518645,-15.85672186905662,-48.05494849002052,2025-06,2025,7LKyg0mIP88RYZ27bh532A,245.89710277966137,© Google,OK,4_4,172787.17531007706,8244526.936510956,bbefffa72a106e0e2c4a6d8f27f19ab3d8d18bbd,cardinal,4,0,0_deg_north,cardinal,0,0,90,640,640,1,batch_0001,893,datasets/df_2024_proportional/batch_0001/images/bbefffa72a106e0e2c4a6d8f27f19ab3d8d18bbd.jpg,https://raw.githubusercontent.com/GUIA-DD/dataset-streetview/refs/heads/main/datasets/df_2024_proportional/batch_0001/images/bbefffa72a106e0e2c4a6d8f27f19ab3d8d18bbd.jpg,True,downloaded,
e976badebb00850d78f8c99f1aec0bb91659807d,a92855d8edf1de2240182a1ad400b2f65e58f3b5,-15.856732000758191,-48.054896199518645,-15.85672186905662,-48.05494849002052,2025-06,2025,7LKyg0mIP88RYZ27bh532A,245.89710277966137,© Google,OK,4_4,172787.17531007706,8244526.936510956,91100b9161cfab3f2b00f43ddde95a8ec6a9971c,cardinal,4,1,90_deg_east,cardinal,90,0,90,640,640,1,batch_0001,894,datasets/df_2024_proportional/batch_0001/images/91100b9161cfab3f2b00f43ddde95a8ec6a9971c.jpg,https://raw.githubusercontent.com/GUIA-DD/dataset-streetview/refs/heads/main/datasets/df_2024_proportional/batch_0001/images/91100b9161cfab3f2b00f43ddde95a8ec6a9971c.jpg,True,downloaded,
e976badebb00850d78f8c99f1aec0bb91659807d,a92855d8edf1de2240182a1ad400b2f65e58f3b5,-15.856732000758191,-48.054896199518645,-15.85672186905662,-48.05494849002052,2025-06,2025,7LKyg0mIP88RYZ27bh532A,245.89710277966137,© Google,OK,4_4,172787.17531007706,8244526.936510956,1fd1a6ca94d079a409895285731e16a2afdbe914,cardinal,4,2,180_deg_south,cardinal,180,0,90,640,640,1,batch_0001,895,datasets/df_2024_proportional/batch_0001/images/1fd1a6ca94d079a409895285731e16a2afdbe914.jpg,https://raw.githubusercontent.com/GUIA-DD/dataset-streetview/refs/heads/main/datasets/df_2024_proportional/batch_0001/images/1fd1a6ca94d079a409895285731e16a2afdbe914.jpg,True,downloaded,
e976badebb00850d78f8c99f1aec0bb91659807d,a92855d8edf1de2240182a1ad400b2f65e58f3b5,-15.856732000758191,-48.054896199518645,-15.85672186905662,-48.05494849002052,2025-06,2025,7LKyg0mIP88RYZ27bh532A,245.89710277966137,© Google,OK,4_4,172787.17531007706,8244526.936510956,d1cf28de1b7d678a64780e7de6da76dda477c25b,cardinal,4,3,270_deg_west,cardinal,270,0,90,640,640,1,batch_0001,896,datasets/df_2024_proportional/batch_0001/images/d1cf28de1b7d678a64780e7de6da76dda477c25b.jpg,https://raw.githubusercontent.com/GUIA-DD/dataset-streetview/refs/heads/main/datasets/df_2024_proportional/batch_0001/images/d1cf28de1b7d678a64780e7de6da76dda477c25b.jpg,True,downloaded,
eb39f18b838f0518c94c74b35d3e9df60c0a16d9,f0958a49078edd76bb4d3be1b1f2ba53eebc728a,-15.66593900000672,-48.198823999956566,-15.66590416074683,-48.19881872127458,2024-08,2024,uDjx4jumWPKDF4wgtVqj-Q,184.4354708559815,© Google,OK,1_8,157036.70084751342,8265428.872619795,7dc949d8d89aef11960accecaaeab7b779e0ee98,cardinal,4,0,0_deg_north,cardinal,0,0,90,640,640,1,batch_0001,897,datasets/df_2024_proportional/batch_0001/images/7dc949d8d89aef11960accecaaeab7b779e0ee98.jpg,https://raw.githubusercontent.com/GUIA-DD/dataset-streetview/refs/heads/main/datasets/df_2024_proportional/batch_0001/images/7dc949d8d89aef11960accecaaeab7b779e0ee98.jpg,True,downloaded,
eb39f18b838f0518c94c74b35d3e9df60c0a16d9,f0958a49078edd76bb4d3be1b1f2ba53eebc728a,-15.66593900000672,-48.198823999956566,-15.66590416074683,-48.19881872127458,2024-08,2024,uDjx4jumWPKDF4wgtVqj-Q,184.4354708559815,© Google,OK,1_8,157036.70084751342,8265428.872619795,40de305b4760e8780eb3d8cdbcaa3b75d60a7b9c,cardinal,4,1,90_deg_east,cardinal,90,0,90,640,640,1,batch_0001,898,datasets/df_2024_proportional/batch_0001/images/40de305b4760e8780eb3d8cdbcaa3b75d60a7b9c.jpg,https://raw.githubusercontent.com/GUIA-DD/dataset-streetview/refs/heads/main/datasets/df_2024_proportional/batch_0001/images/40de305b4760e8780eb3d8cdbcaa3b75d60a7b9c.jpg,True,downloaded,
eb39f18b838f0518c94c74b35d3e9df60c0a16d9,f0958a49078edd76bb4d3be1b1f2ba53eebc728a,-15.66593900000672,-48.198823999956566,-15.66590416074683,-48.19881872127458,2024-08,2024,uDjx4jumWPKDF4wgtVqj-Q,184.4354708559815,© Google,OK,1_8,157036.70084751342,8265428.872619795,3d9e2a95630683cd6bbb6a75dae981c7ec8abd4e,cardinal,4,2,180_deg_south,cardinal,180,0,90,640,640,1,batch_0001,899,datasets/df_2024_proportional/batch_0001/images/3d9e2a95630683cd6bbb6a75dae981c7ec8abd4e.jpg,https://raw.githubusercontent.com/GUIA-DD/dataset-streetview/refs/heads/main/datasets/df_2024_proportional/batch_0001/images/3d9e2a95630683cd6bbb6a75dae981c7ec8abd4e.jpg,True,downloaded,
eb39f18b838f0518c94c74b35d3e9df60c0a16d9,f0958a49078edd76bb4d3be1b1f2ba53eebc728a,-15.66593900000672,-48.198823999956566,-15.66590416074683,-48.19881872127458,2024-08,2024,uDjx4jumWPKDF4wgtVqj-Q,184.4354708559815,© Google,OK,1_8,157036.70084751342,8265428.872619795,3bf4cec7e46c5a5f6bc647cfe35eb923b3c8d9a0,cardinal,4,3,270_deg_west,cardinal,270,0,90,640,640,1,batch_0001,900,datasets/df_2024_proportional/batch_0001/images/3bf4cec7e46c5a5f6bc647cfe35eb923b3c8d9a0.jpg,https://raw.githubusercontent.com/GUIA-DD/dataset-streetview/refs/heads/main/datasets/df_2024_proportional/batch_0001/images/3bf4cec7e46c5a5f6bc647cfe35eb923b3c8d9a0.jpg,True,downloaded,
ec8ccf56ddc172ca91cda6efde7c808432c87399,73e015d85f61a4188b1f7e6231f8db09bdff055c,-15.826663025583004,-47.92018481155252,-15.8266292899604,-47.92017485270111,2024-06,2024,fAMuoCI2rCGocds-HE4GRw,224.19587865435963,© Google,OK,7_5,187180.8260787305,8248062.571412758,4308058b28fdc2b1f0796d9177ef183986a7828b,cardinal,4,0,0_deg_north,cardinal,0,0,90,640,640,1,batch_0001,901,datasets/df_2024_proportional/batch_0001/images/4308058b28fdc2b1f0796d9177ef183986a7828b.jpg,https://raw.githubusercontent.com/GUIA-DD/dataset-streetview/refs/heads/main/datasets/df_2024_proportional/batch_0001/images/4308058b28fdc2b1f0796d9177ef183986a7828b.jpg,True,downloaded,
ec8ccf56ddc172ca91cda6efde7c808432c87399,73e015d85f61a4188b1f7e6231f8db09bdff055c,-15.826663025583004,-47.92018481155252,-15.8266292899604,-47.92017485270111,2024-06,2024,fAMuoCI2rCGocds-HE4GRw,224.19587865435963,© Google,OK,7_5,187180.8260787305,8248062.571412758,574c8117eea5a985e74f16c25600b37910168c81,cardinal,4,1,90_deg_east,cardinal,90,0,90,640,640,1,batch_0001,902,datasets/df_2024_proportional/batch_0001/images/574c8117eea5a985e74f16c25600b37910168c81.jpg,https://raw.githubusercontent.com/GUIA-DD/dataset-streetview/refs/heads/main/datasets/df_2024_proportional/batch_0001/images/574c8117eea5a985e74f16c25600b37910168c81.jpg,True,downloaded,
ec8ccf56ddc172ca91cda6efde7c808432c87399,73e015d85f61a4188b1f7e6231f8db09bdff055c,-15.826663025583004,-47.92018481155252,-15.8266292899604,-47.92017485270111,2024-06,2024,fAMuoCI2rCGocds-HE4GRw,224.19587865435963,© Google,OK,7_5,187180.8260787305,8248062.571412758,b7b3b3b4ad77017ea600b91b0a9eb92c5a269310,cardinal,4,2,180_deg_south,cardinal,180,0,90,640,640,1,batch_0001,903,datasets/df_2024_proportional/batch_0001/images/b7b3b3b4ad77017ea600b91b0a9eb92c5a269310.jpg,https://raw.githubusercontent.com/GUIA-DD/dataset-streetview/refs/heads/main/datasets/df_2024_proportional/batch_0001/images/b7b3b3b4ad77017ea600b91b0a9eb92c5a269310.jpg,True,downloaded,
ec8ccf56ddc172ca91cda6efde7c808432c87399,73e015d85f61a4188b1f7e6231f8db09bdff055c,-15.826663025583004,-47.92018481155252,-15.8266292899604,-47.92017485270111,2024-06,2024,fAMuoCI2rCGocds-HE4GRw,224.19587865435963,© Google,OK,7_5,187180.8260787305,8248062.571412758,cc6dd0d1ee7fa81fd466a8555401424feb961ada,cardinal,4,3,270_deg_west,cardinal,270,0,90,640,640,1,batch_0001,904,datasets/df_2024_proportional/batch_0001/images/cc6dd0d1ee7fa81fd466a8555401424feb961ada.jpg,https://raw.githubusercontent.com/GUIA-DD/dataset-streetview/refs/heads/main/datasets/df_2024_proportional/batch_0001/images/cc6dd0d1ee7fa81fd466a8555401424feb961ada.jpg,True,downloaded,
ed16c2cb4667d72fbb7b06b4b2037c2bbeb8a573,aae18a7eb5b6ab6e9383b1a595bac55a5086d6f3,-15.641315833398536,-47.78818533577619,-15.64130247478833,-47.78816261545172,2024-07,2024,4tvplbwzHX46AUL3D3tnGQ,187.69612486096244,© Google,OK,10_9,201059.78101761482,8268777.404539458,8fddd8438762092c37b68f5ac643b7daed4c5533,cardinal,4,0,0_deg_north,cardinal,0,0,90,640,640,1,batch_0001,905,datasets/df_2024_proportional/batch_0001/images/8fddd8438762092c37b68f5ac643b7daed4c5533.jpg,https://raw.githubusercontent.com/GUIA-DD/dataset-streetview/refs/heads/main/datasets/df_2024_proportional/batch_0001/images/8fddd8438762092c37b68f5ac643b7daed4c5533.jpg,True,downloaded,
ed16c2cb4667d72fbb7b06b4b2037c2bbeb8a573,aae18a7eb5b6ab6e9383b1a595bac55a5086d6f3,-15.641315833398536,-47.78818533577619,-15.64130247478833,-47.78816261545172,2024-07,2024,4tvplbwzHX46AUL3D3tnGQ,187.69612486096244,© Google,OK,10_9,201059.78101761482,8268777.404539458,a478b92c609b1d08a8ceb9a489bf2a04384ee6cc,cardinal,4,1,90_deg_east,cardinal,90,0,90,640,640,1,batch_0001,906,datasets/df_2024_proportional/batch_0001/images/a478b92c609b1d08a8ceb9a489bf2a04384ee6cc.jpg,https://raw.githubusercontent.com/GUIA-DD/dataset-streetview/refs/heads/main/datasets/df_2024_proportional/batch_0001/images/a478b92c609b1d08a8ceb9a489bf2a04384ee6cc.jpg,True,downloaded,
ed16c2cb4667d72fbb7b06b4b2037c2bbeb8a573,aae18a7eb5b6ab6e9383b1a595bac55a5086d6f3,-15.641315833398536,-47.78818533577619,-15.64130247478833,-47.78816261545172,2024-07,2024,4tvplbwzHX46AUL3D3tnGQ,187.69612486096244,© Google,OK,10_9,201059.78101761482,8268777.404539458,b22c25038c2a173f0ead48f6da2f90295b7ecc07,cardinal,4,2,180_deg_south,cardinal,180,0,90,640,640,1,batch_0001,907,datasets/df_2024_proportional/batch_0001/images/b22c25038c2a173f0ead48f6da2f90295b7ecc07.jpg,https://raw.githubusercontent.com/GUIA-DD/dataset-streetview/refs/heads/main/datasets/df_2024_proportional/batch_0001/images/b22c25038c2a173f0ead48f6da2f90295b7ecc07.jpg,True,downloaded,
ed16c2cb4667d72fbb7b06b4b2037c2bbeb8a573,aae18a7eb5b6ab6e9383b1a595bac55a5086d6f3,-15.641315833398536,-47.78818533577619,-15.64130247478833,-47.78816261545172,2024-07,2024,4tvplbwzHX46AUL3D3tnGQ,187.69612486096244,© Google,OK,10_9,201059.78101761482,8268777.404539458,2ebc1e02aac2717cf75a3f090c7848c2a85b4f7d,cardinal,4,3,270_deg_west,cardinal,270,0,90,640,640,1,batch_0001,908,datasets/df_2024_proportional/batch_0001/images/2ebc1e02aac2717cf75a3f090c7848c2a85b4f7d.jpg,https://raw.githubusercontent.com/GUIA-DD/dataset-streetview/refs/heads/main/datasets/df_2024_proportional/batch_0001/images/2ebc1e02aac2717cf75a3f090c7848c2a85b4f7d.jpg,True,downloaded,
ed328df3d864b9cf7889a60b6eb6d32379c9bd5d,759c431e726cbb01eb6aa44682596bd3d12d2de3,-15.809149750131853,-47.88339394976297,-15.80913236639004,-47.88340243136535,2026-02,2026,BHAg3WwEhtTL3itF08BKFQ,218.70787644622754,© Google,OK,8_5,191098.22220734,8250056.388309017,0c72e077537f234a3dda78e52a3618b81d770cf0,cardinal,4,0,0_deg_north,cardinal,0,0,90,640,640,1,batch_0001,909,datasets/df_2024_proportional/batch_0001/images/0c72e077537f234a3dda78e52a3618b81d770cf0.jpg,https://raw.githubusercontent.com/GUIA-DD/dataset-streetview/refs/heads/main/datasets/df_2024_proportional/batch_0001/images/0c72e077537f234a3dda78e52a3618b81d770cf0.jpg,True,downloaded,
ed328df3d864b9cf7889a60b6eb6d32379c9bd5d,759c431e726cbb01eb6aa44682596bd3d12d2de3,-15.809149750131853,-47.88339394976297,-15.80913236639004,-47.88340243136535,2026-02,2026,BHAg3WwEhtTL3itF08BKFQ,218.70787644622754,© Google,OK,8_5,191098.22220734,8250056.388309017,400a7602e76b966bdb0569e4700adda9f65f409e,cardinal,4,1,90_deg_east,cardinal,90,0,90,640,640,1,batch_0001,910,datasets/df_2024_proportional/batch_0001/images/400a7602e76b966bdb0569e4700adda9f65f409e.jpg,https://raw.githubusercontent.com/GUIA-DD/dataset-streetview/refs/heads/main/datasets/df_2024_proportional/batch_0001/images/400a7602e76b966bdb0569e4700adda9f65f409e.jpg,True,downloaded,
ed328df3d864b9cf7889a60b6eb6d32379c9bd5d,759c431e726cbb01eb6aa44682596bd3d12d2de3,-15.809149750131853,-47.88339394976297,-15.80913236639004,-47.88340243136535,2026-02,2026,BHAg3WwEhtTL3itF08BKFQ,218.70787644622754,© Google,OK,8_5,191098.22220734,8250056.388309017,8d167b13af449a0c96d814b8b2cba8c1cd5ff64a,cardinal,4,2,180_deg_south,cardinal,180,0,90,640,640,1,batch_0001,911,datasets/df_2024_proportional/batch_0001/images/8d167b13af449a0c96d814b8b2cba8c1cd5ff64a.jpg,https://raw.githubusercontent.com/GUIA-DD/dataset-streetview/refs/heads/main/datasets/df_2024_proportional/batch_0001/images/8d167b13af449a0c96d814b8b2cba8c1cd5ff64a.jpg,True,downloaded,
ed328df3d864b9cf7889a60b6eb6d32379c9bd5d,759c431e726cbb01eb6aa44682596bd3d12d2de3,-15.809149750131853,-47.88339394976297,-15.80913236639004,-47.88340243136535,2026-02,2026,BHAg3WwEhtTL3itF08BKFQ,218.70787644622754,© Google,OK,8_5,191098.22220734,8250056.388309017,43f74b86240efb3f3b9ff802f1842b23e1014b4a,cardinal,4,3,270_deg_west,cardinal,270,0,90,640,640,1,batch_0001,912,datasets/df_2024_proportional/batch_0001/images/43f74b86240efb3f3b9ff802f1842b23e1014b4a.jpg,https://raw.githubusercontent.com/GUIA-DD/dataset-streetview/refs/heads/main/datasets/df_2024_proportional/batch_0001/images/43f74b86240efb3f3b9ff802f1842b23e1014b4a.jpg,True,downloaded,
f1de3f13ab3a9b548d8f964aa385647849a8c0fc,b5928f3bc1ddb530d5861e9edcd161c10f2b504a,-15.811024459171074,-48.14539782029501,-15.81103222283024,-48.14537800060921,2026-01,2026,s9gwmnpD6PIUUZ1_PxhoSA,17.798957104162664,© Google,OK,2_5,163009.32978560522,8249445.730006934,b683320e60d6892e881b0aa0035857653781b6af,cardinal,4,0,0_deg_north,cardinal,0,0,90,640,640,1,batch_0001,913,datasets/df_2024_proportional/batch_0001/images/b683320e60d6892e881b0aa0035857653781b6af.jpg,https://raw.githubusercontent.com/GUIA-DD/dataset-streetview/refs/heads/main/datasets/df_2024_proportional/batch_0001/images/b683320e60d6892e881b0aa0035857653781b6af.jpg,True,downloaded,
f1de3f13ab3a9b548d8f964aa385647849a8c0fc,b5928f3bc1ddb530d5861e9edcd161c10f2b504a,-15.811024459171074,-48.14539782029501,-15.81103222283024,-48.14537800060921,2026-01,2026,s9gwmnpD6PIUUZ1_PxhoSA,17.798957104162664,© Google,OK,2_5,163009.32978560522,8249445.730006934,7d6fc7d4d0c40c850ff2648fb94a881334904d2b,cardinal,4,1,90_deg_east,cardinal,90,0,90,640,640,1,batch_0001,914,datasets/df_2024_proportional/batch_0001/images/7d6fc7d4d0c40c850ff2648fb94a881334904d2b.jpg,https://raw.githubusercontent.com/GUIA-DD/dataset-streetview/refs/heads/main/datasets/df_2024_proportional/batch_0001/images/7d6fc7d4d0c40c850ff2648fb94a881334904d2b.jpg,True,downloaded,
f1de3f13ab3a9b548d8f964aa385647849a8c0fc,b5928f3bc1ddb530d5861e9edcd161c10f2b504a,-15.811024459171074,-48.14539782029501,-15.81103222283024,-48.14537800060921,2026-01,2026,s9gwmnpD6PIUUZ1_PxhoSA,17.798957104162664,© Google,OK,2_5,163009.32978560522,8249445.730006934,0300f41e2dd463e29cb9bb891155da1d92f86fdd,cardinal,4,2,180_deg_south,cardinal,180,0,90,640,640,1,batch_0001,915,datasets/df_2024_proportional/batch_0001/images/0300f41e2dd463e29cb9bb891155da1d92f86fdd.jpg,https://raw.githubusercontent.com/GUIA-DD/dataset-streetview/refs/heads/main/datasets/df_2024_proportional/batch_0001/images/0300f41e2dd463e29cb9bb891155da1d92f86fdd.jpg,True,downloaded,
f1de3f13ab3a9b548d8f964aa385647849a8c0fc,b5928f3bc1ddb530d5861e9edcd161c10f2b504a,-15.811024459171074,-48.14539782029501,-15.81103222283024,-48.14537800060921,2026-01,2026,s9gwmnpD6PIUUZ1_PxhoSA,17.798957104162664,© Google,OK,2_5,163009.32978560522,8249445.730006934,ae4f1526da96a55ebe22930c18deddfd67d266f8,cardinal,4,3,270_deg_west,cardinal,270,0,90,640,640,1,batch_0001,916,datasets/df_2024_proportional/batch_0001/images/ae4f1526da96a55ebe22930c18deddfd67d266f8.jpg,https://raw.githubusercontent.com/GUIA-DD/dataset-streetview/refs/heads/main/datasets/df_2024_proportional/batch_0001/images/ae4f1526da96a55ebe22930c18deddfd67d266f8.jpg,True,downloaded,
f236c15378c24d3ae803fa5fd2fd2a46efef7436,621f85bdab35a63c608b8fabc47e6cfe60019da6,-15.68024035052387,-47.65781387557468,-15.6802236746575,-47.65784485187227,2024-07,2024,4Q9GIfXyV1NQTlmkrbnqWA,260.2499297307396,© Google,OK,13_8,215100.63216825176,8264647.297320799,efb382dfedb2e35a2e2f68975ea5dc957ff2ec53,cardinal,4,0,0_deg_north,cardinal,0,0,90,640,640,1,batch_0001,917,datasets/df_2024_proportional/batch_0001/images/efb382dfedb2e35a2e2f68975ea5dc957ff2ec53.jpg,https://raw.githubusercontent.com/GUIA-DD/dataset-streetview/refs/heads/main/datasets/df_2024_proportional/batch_0001/images/efb382dfedb2e35a2e2f68975ea5dc957ff2ec53.jpg,True,downloaded,
f236c15378c24d3ae803fa5fd2fd2a46efef7436,621f85bdab35a63c608b8fabc47e6cfe60019da6,-15.68024035052387,-47.65781387557468,-15.6802236746575,-47.65784485187227,2024-07,2024,4Q9GIfXyV1NQTlmkrbnqWA,260.2499297307396,© Google,OK,13_8,215100.63216825176,8264647.297320799,af8b8c8f597881f6bdeafd06f8b11c842c656ea7,cardinal,4,1,90_deg_east,cardinal,90,0,90,640,640,1,batch_0001,918,datasets/df_2024_proportional/batch_0001/images/af8b8c8f597881f6bdeafd06f8b11c842c656ea7.jpg,https://raw.githubusercontent.com/GUIA-DD/dataset-streetview/refs/heads/main/datasets/df_2024_proportional/batch_0001/images/af8b8c8f597881f6bdeafd06f8b11c842c656ea7.jpg,True,downloaded,
f236c15378c24d3ae803fa5fd2fd2a46efef7436,621f85bdab35a63c608b8fabc47e6cfe60019da6,-15.68024035052387,-47.65781387557468,-15.6802236746575,-47.65784485187227,2024-07,2024,4Q9GIfXyV1NQTlmkrbnqWA,260.2499297307396,© Google,OK,13_8,215100.63216825176,8264647.297320799,1d417372dcf6ad07106f5daf3a24deec880f0c6e,cardinal,4,2,180_deg_south,cardinal,180,0,90,640,640,1,batch_0001,919,datasets/df_2024_proportional/batch_0001/images/1d417372dcf6ad07106f5daf3a24deec880f0c6e.jpg,https://raw.githubusercontent.com/GUIA-DD/dataset-streetview/refs/heads/main/datasets/df_2024_proportional/batch_0001/images/1d417372dcf6ad07106f5daf3a24deec880f0c6e.jpg,True,downloaded,
f236c15378c24d3ae803fa5fd2fd2a46efef7436,621f85bdab35a63c608b8fabc47e6cfe60019da6,-15.68024035052387,-47.65781387557468,-15.6802236746575,-47.65784485187227,2024-07,2024,4Q9GIfXyV1NQTlmkrbnqWA,260.2499297307396,© Google,OK,13_8,215100.63216825176,8264647.297320799,50aa1d91e7a9d63a1f6548e2533839d3b67f3c29,cardinal,4,3,270_deg_west,cardinal,270,0,90,640,640,1,batch_0001,920,datasets/df_2024_proportional/batch_0001/images/50aa1d91e7a9d63a1f6548e2533839d3b67f3c29.jpg,https://raw.githubusercontent.com/GUIA-DD/dataset-streetview/refs/heads/main/datasets/df_2024_proportional/batch_0001/images/50aa1d91e7a9d63a1f6548e2533839d3b67f3c29.jpg,True,downloaded,
f373bf48ff18ba840b4501136c10d1e36554d1fe,a20fd1d029b9c1003d59e27fda8e1bc1e186c388,-15.79753925001144,-48.026322600002615,-15.79754138726036,-48.02636104394962,2024-09,2024,1unaX2-nzqX4d1K43T2D6Q,90.30519057034238,© Google,OK,5_5,175755.6479791962,8251126.694037131,57c552a8d2303d5890a781704413b88fb74b9be8,cardinal,4,0,0_deg_north,cardinal,0,0,90,640,640,1,batch_0001,921,datasets/df_2024_proportional/batch_0001/images/57c552a8d2303d5890a781704413b88fb74b9be8.jpg,https://raw.githubusercontent.com/GUIA-DD/dataset-streetview/refs/heads/main/datasets/df_2024_proportional/batch_0001/images/57c552a8d2303d5890a781704413b88fb74b9be8.jpg,True,downloaded,
f373bf48ff18ba840b4501136c10d1e36554d1fe,a20fd1d029b9c1003d59e27fda8e1bc1e186c388,-15.79753925001144,-48.026322600002615,-15.79754138726036,-48.02636104394962,2024-09,2024,1unaX2-nzqX4d1K43T2D6Q,90.30519057034238,© Google,OK,5_5,175755.6479791962,8251126.694037131,c36c17a764fb8bb6a42c57a8682b11df5e5113e0,cardinal,4,1,90_deg_east,cardinal,90,0,90,640,640,1,batch_0001,922,datasets/df_2024_proportional/batch_0001/images/c36c17a764fb8bb6a42c57a8682b11df5e5113e0.jpg,https://raw.githubusercontent.com/GUIA-DD/dataset-streetview/refs/heads/main/datasets/df_2024_proportional/batch_0001/images/c36c17a764fb8bb6a42c57a8682b11df5e5113e0.jpg,True,downloaded,
f373bf48ff18ba840b4501136c10d1e36554d1fe,a20fd1d029b9c1003d59e27fda8e1bc1e186c388,-15.79753925001144,-48.026322600002615,-15.79754138726036,-48.02636104394962,2024-09,2024,1unaX2-nzqX4d1K43T2D6Q,90.30519057034238,© Google,OK,5_5,175755.6479791962,8251126.694037131,fb4d2bb0ef88f48a8848ab5b89bb02aeabc42d60,cardinal,4,2,180_deg_south,cardinal,180,0,90,640,640,1,batch_0001,923,datasets/df_2024_proportional/batch_0001/images/fb4d2bb0ef88f48a8848ab5b89bb02aeabc42d60.jpg,https://raw.githubusercontent.com/GUIA-DD/dataset-streetview/refs/heads/main/datasets/df_2024_proportional/batch_0001/images/fb4d2bb0ef88f48a8848ab5b89bb02aeabc42d60.jpg,True,downloaded,
f373bf48ff18ba840b4501136c10d1e36554d1fe,a20fd1d029b9c1003d59e27fda8e1bc1e186c388,-15.79753925001144,-48.026322600002615,-15.79754138726036,-48.02636104394962,2024-09,2024,1unaX2-nzqX4d1K43T2D6Q,90.30519057034238,© Google,OK,5_5,175755.6479791962,8251126.694037131,406cff1842da61113e4b39676956e5f91cf9077c,cardinal,4,3,270_deg_west,cardinal,270,0,90,640,640,1,batch_0001,924,datasets/df_2024_proportional/batch_0001/images/406cff1842da61113e4b39676956e5f91cf9077c.jpg,https://raw.githubusercontent.com/GUIA-DD/dataset-streetview/refs/heads/main/datasets/df_2024_proportional/batch_0001/images/406cff1842da61113e4b39676956e5f91cf9077c.jpg,True,downloaded,
f418fe6917243b70d3f542fcfd54b9c845e757d7,95c19a86f0562a73c7663833591a94400bc81740,-15.633080800022247,-47.65601104982539,-15.63304834749332,-47.65603635398066,2024-08,2024,1Jqw6CzSBWWP251IvWUzVg,181.75229730430843,© Google,OK,13_9,215228.6359038726,8269870.908241505,92bf6d3ab83b31c57f10666c87ce92d349308fbc,cardinal,4,0,0_deg_north,cardinal,0,0,90,640,640,1,batch_0001,925,datasets/df_2024_proportional/batch_0001/images/92bf6d3ab83b31c57f10666c87ce92d349308fbc.jpg,https://raw.githubusercontent.com/GUIA-DD/dataset-streetview/refs/heads/main/datasets/df_2024_proportional/batch_0001/images/92bf6d3ab83b31c57f10666c87ce92d349308fbc.jpg,True,downloaded,
f418fe6917243b70d3f542fcfd54b9c845e757d7,95c19a86f0562a73c7663833591a94400bc81740,-15.633080800022247,-47.65601104982539,-15.63304834749332,-47.65603635398066,2024-08,2024,1Jqw6CzSBWWP251IvWUzVg,181.75229730430843,© Google,OK,13_9,215228.6359038726,8269870.908241505,7b47a16ad982605fb02e2c7c5a4e9ce6444c15b9,cardinal,4,1,90_deg_east,cardinal,90,0,90,640,640,1,batch_0001,926,datasets/df_2024_proportional/batch_0001/images/7b47a16ad982605fb02e2c7c5a4e9ce6444c15b9.jpg,https://raw.githubusercontent.com/GUIA-DD/dataset-streetview/refs/heads/main/datasets/df_2024_proportional/batch_0001/images/7b47a16ad982605fb02e2c7c5a4e9ce6444c15b9.jpg,True,downloaded,
f418fe6917243b70d3f542fcfd54b9c845e757d7,95c19a86f0562a73c7663833591a94400bc81740,-15.633080800022247,-47.65601104982539,-15.63304834749332,-47.65603635398066,2024-08,2024,1Jqw6CzSBWWP251IvWUzVg,181.75229730430843,© Google,OK,13_9,215228.6359038726,8269870.908241505,58e44c4414029e82ed9a557f00f9bfd85093de91,cardinal,4,2,180_deg_south,cardinal,180,0,90,640,640,1,batch_0001,927,datasets/df_2024_proportional/batch_0001/images/58e44c4414029e82ed9a557f00f9bfd85093de91.jpg,https://raw.githubusercontent.com/GUIA-DD/dataset-streetview/refs/heads/main/datasets/df_2024_proportional/batch_0001/images/58e44c4414029e82ed9a557f00f9bfd85093de91.jpg,True,downloaded,
f418fe6917243b70d3f542fcfd54b9c845e757d7,95c19a86f0562a73c7663833591a94400bc81740,-15.633080800022247,-47.65601104982539,-15.63304834749332,-47.65603635398066,2024-08,2024,1Jqw6CzSBWWP251IvWUzVg,181.75229730430843,© Google,OK,13_9,215228.6359038726,8269870.908241505,b6b7b06629ca4d97b34f46ef6daacf45bc517a3f,cardinal,4,3,270_deg_west,cardinal,270,0,90,640,640,1,batch_0001,928,datasets/df_2024_proportional/batch_0001/images/b6b7b06629ca4d97b34f46ef6daacf45bc517a3f.jpg,https://raw.githubusercontent.com/GUIA-DD/dataset-streetview/refs/heads/main/datasets/df_2024_proportional/batch_0001/images/b6b7b06629ca4d97b34f46ef6daacf45bc517a3f.jpg,True,downloaded,
f45c776999168a9f3320170780c1c4f0f409a419,08d1e1e8c9ef9ecbf9c5eaca22a89e374224e0b8,-15.815923619744874,-48.13324908600499,-15.81591448948957,-48.13329148843613,2026-02,2026,-sCnmC-KnwbfDH0AQlvlJw,104.94198013172993,© Google,OK,3_5,164320.1265532416,8248922.593871933,5978d7fa53f8bf57a28a71900a1633a368bbc941,cardinal,4,0,0_deg_north,cardinal,0,0,90,640,640,1,batch_0001,929,datasets/df_2024_proportional/batch_0001/images/5978d7fa53f8bf57a28a71900a1633a368bbc941.jpg,https://raw.githubusercontent.com/GUIA-DD/dataset-streetview/refs/heads/main/datasets/df_2024_proportional/batch_0001/images/5978d7fa53f8bf57a28a71900a1633a368bbc941.jpg,True,downloaded,
f45c776999168a9f3320170780c1c4f0f409a419,08d1e1e8c9ef9ecbf9c5eaca22a89e374224e0b8,-15.815923619744874,-48.13324908600499,-15.81591448948957,-48.13329148843613,2026-02,2026,-sCnmC-KnwbfDH0AQlvlJw,104.94198013172993,© Google,OK,3_5,164320.1265532416,8248922.593871933,53759dad559a5e934eaee114e4ef791602fcb9dc,cardinal,4,1,90_deg_east,cardinal,90,0,90,640,640,1,batch_0001,930,datasets/df_2024_proportional/batch_0001/images/53759dad559a5e934eaee114e4ef791602fcb9dc.jpg,https://raw.githubusercontent.com/GUIA-DD/dataset-streetview/refs/heads/main/datasets/df_2024_proportional/batch_0001/images/53759dad559a5e934eaee114e4ef791602fcb9dc.jpg,True,downloaded,
f45c776999168a9f3320170780c1c4f0f409a419,08d1e1e8c9ef9ecbf9c5eaca22a89e374224e0b8,-15.815923619744874,-48.13324908600499,-15.81591448948957,-48.13329148843613,2026-02,2026,-sCnmC-KnwbfDH0AQlvlJw,104.94198013172993,© Google,OK,3_5,164320.1265532416,8248922.593871933,2b58e9c72ef11ce0363a35829a16554615699dc1,cardinal,4,2,180_deg_south,cardinal,180,0,90,640,640,1,batch_0001,931,datasets/df_2024_proportional/batch_0001/images/2b58e9c72ef11ce0363a35829a16554615699dc1.jpg,https://raw.githubusercontent.com/GUIA-DD/dataset-streetview/refs/heads/main/datasets/df_2024_proportional/batch_0001/images/2b58e9c72ef11ce0363a35829a16554615699dc1.jpg,True,downloaded,
f45c776999168a9f3320170780c1c4f0f409a419,08d1e1e8c9ef9ecbf9c5eaca22a89e374224e0b8,-15.815923619744874,-48.13324908600499,-15.81591448948957,-48.13329148843613,2026-02,2026,-sCnmC-KnwbfDH0AQlvlJw,104.94198013172993,© Google,OK,3_5,164320.1265532416,8248922.593871933,c9cfa573637364b818f09ac3ce9618d7f02514eb,cardinal,4,3,270_deg_west,cardinal,270,0,90,640,640,1,batch_0001,932,datasets/df_2024_proportional/batch_0001/images/c9cfa573637364b818f09ac3ce9618d7f02514eb.jpg,https://raw.githubusercontent.com/GUIA-DD/dataset-streetview/refs/heads/main/datasets/df_2024_proportional/batch_0001/images/c9cfa573637364b818f09ac3ce9618d7f02514eb.jpg,True,downloaded,
f5e7a7832f911a4d82017b89988407d8008a87fd,2b781d249c26ef21dab9865151893d8ee55d97e2,-15.796883950067736,-48.055630099797476,-15.7969064465932,-48.05565457205446,2024-10,2024,1SSH8owogKY8jMw2seayDA,201.6552744028603,© Google,OK,4_5,172612.0053987052,8251153.815797161,c01c0b2f044a08099d35ffcadefabf2834a060e6,cardinal,4,0,0_deg_north,cardinal,0,0,90,640,640,1,batch_0001,933,datasets/df_2024_proportional/batch_0001/images/c01c0b2f044a08099d35ffcadefabf2834a060e6.jpg,https://raw.githubusercontent.com/GUIA-DD/dataset-streetview/refs/heads/main/datasets/df_2024_proportional/batch_0001/images/c01c0b2f044a08099d35ffcadefabf2834a060e6.jpg,True,downloaded,
f5e7a7832f911a4d82017b89988407d8008a87fd,2b781d249c26ef21dab9865151893d8ee55d97e2,-15.796883950067736,-48.055630099797476,-15.7969064465932,-48.05565457205446,2024-10,2024,1SSH8owogKY8jMw2seayDA,201.6552744028603,© Google,OK,4_5,172612.0053987052,8251153.815797161,13323874755529a3f8e224e5a4b74bcf7e8d10c2,cardinal,4,1,90_deg_east,cardinal,90,0,90,640,640,1,batch_0001,934,datasets/df_2024_proportional/batch_0001/images/13323874755529a3f8e224e5a4b74bcf7e8d10c2.jpg,https://raw.githubusercontent.com/GUIA-DD/dataset-streetview/refs/heads/main/datasets/df_2024_proportional/batch_0001/images/13323874755529a3f8e224e5a4b74bcf7e8d10c2.jpg,True,downloaded,
f5e7a7832f911a4d82017b89988407d8008a87fd,2b781d249c26ef21dab9865151893d8ee55d97e2,-15.796883950067736,-48.055630099797476,-15.7969064465932,-48.05565457205446,2024-10,2024,1SSH8owogKY8jMw2seayDA,201.6552744028603,© Google,OK,4_5,172612.0053987052,8251153.815797161,c32b4086f0c1984cab044cfbced17d9e7d070f89,cardinal,4,2,180_deg_south,cardinal,180,0,90,640,640,1,batch_0001,935,datasets/df_2024_proportional/batch_0001/images/c32b4086f0c1984cab044cfbced17d9e7d070f89.jpg,https://raw.githubusercontent.com/GUIA-DD/dataset-streetview/refs/heads/main/datasets/df_2024_proportional/batch_0001/images/c32b4086f0c1984cab044cfbced17d9e7d070f89.jpg,True,downloaded,
f5e7a7832f911a4d82017b89988407d8008a87fd,2b781d249c26ef21dab9865151893d8ee55d97e2,-15.796883950067736,-48.055630099797476,-15.7969064465932,-48.05565457205446,2024-10,2024,1SSH8owogKY8jMw2seayDA,201.6552744028603,© Google,OK,4_5,172612.0053987052,8251153.815797161,2cb57a50bda00b4f62e1f9b6cd4ab4b3f3da325a,cardinal,4,3,270_deg_west,cardinal,270,0,90,640,640,1,batch_0001,936,datasets/df_2024_proportional/batch_0001/images/2cb57a50bda00b4f62e1f9b6cd4ab4b3f3da325a.jpg,https://raw.githubusercontent.com/GUIA-DD/dataset-streetview/refs/heads/main/datasets/df_2024_proportional/batch_0001/images/2cb57a50bda00b4f62e1f9b6cd4ab4b3f3da325a.jpg,True,downloaded,
f65e79972aa6e372d4b4ea012c29c6a3a392428c,9dadd9a32e89632279915833427e74ba12356cd3,-15.862706650139767,-48.07355194990237,-15.86268539640667,-48.07354368278389,2025-06,2025,ro6PrleTFj9qj_-RDpJVpw,244.07193634435077,© Google,OK,4_4,170797.01233600354,8243835.995701406,b018bdbcc20c4c9b924e2234bff361144570b84d,cardinal,4,0,0_deg_north,cardinal,0,0,90,640,640,1,batch_0001,937,datasets/df_2024_proportional/batch_0001/images/b018bdbcc20c4c9b924e2234bff361144570b84d.jpg,https://raw.githubusercontent.com/GUIA-DD/dataset-streetview/refs/heads/main/datasets/df_2024_proportional/batch_0001/images/b018bdbcc20c4c9b924e2234bff361144570b84d.jpg,True,downloaded,
f65e79972aa6e372d4b4ea012c29c6a3a392428c,9dadd9a32e89632279915833427e74ba12356cd3,-15.862706650139767,-48.07355194990237,-15.86268539640667,-48.07354368278389,2025-06,2025,ro6PrleTFj9qj_-RDpJVpw,244.07193634435077,© Google,OK,4_4,170797.01233600354,8243835.995701406,dcac3ccb36be6ebec9b2ae1716ae20010a6b1132,cardinal,4,1,90_deg_east,cardinal,90,0,90,640,640,1,batch_0001,938,datasets/df_2024_proportional/batch_0001/images/dcac3ccb36be6ebec9b2ae1716ae20010a6b1132.jpg,https://raw.githubusercontent.com/GUIA-DD/dataset-streetview/refs/heads/main/datasets/df_2024_proportional/batch_0001/images/dcac3ccb36be6ebec9b2ae1716ae20010a6b1132.jpg,True,downloaded,
f65e79972aa6e372d4b4ea012c29c6a3a392428c,9dadd9a32e89632279915833427e74ba12356cd3,-15.862706650139767,-48.07355194990237,-15.86268539640667,-48.07354368278389,2025-06,2025,ro6PrleTFj9qj_-RDpJVpw,244.07193634435077,© Google,OK,4_4,170797.01233600354,8243835.995701406,4b978910db2b3723e1c2a987a597bedeacea3570,cardinal,4,2,180_deg_south,cardinal,180,0,90,640,640,1,batch_0001,939,datasets/df_2024_proportional/batch_0001/images/4b978910db2b3723e1c2a987a597bedeacea3570.jpg,https://raw.githubusercontent.com/GUIA-DD/dataset-streetview/refs/heads/main/datasets/df_2024_proportional/batch_0001/images/4b978910db2b3723e1c2a987a597bedeacea3570.jpg,True,downloaded,
f65e79972aa6e372d4b4ea012c29c6a3a392428c,9dadd9a32e89632279915833427e74ba12356cd3,-15.862706650139767,-48.07355194990237,-15.86268539640667,-48.07354368278389,2025-06,2025,ro6PrleTFj9qj_-RDpJVpw,244.07193634435077,© Google,OK,4_4,170797.01233600354,8243835.995701406,a73dd50f3a0a20ffd9e082dc70bd98c5412208bf,cardinal,4,3,270_deg_west,cardinal,270,0,90,640,640,1,batch_0001,940,datasets/df_2024_proportional/batch_0001/images/a73dd50f3a0a20ffd9e082dc70bd98c5412208bf.jpg,https://raw.githubusercontent.com/GUIA-DD/dataset-streetview/refs/heads/main/datasets/df_2024_proportional/batch_0001/images/a73dd50f3a0a20ffd9e082dc70bd98c5412208bf.jpg,True,downloaded,
f73e8643aee3a8d3911f80a05aacd97a9c988f95,7274264fd2a35d1d2bbfb97f9855e06da6413a24,-15.743667150000247,-47.750984200009036,-15.7436500383311,-47.75097677963827,2024-06,2024,KqrCP0MdAw2NQp98WdPJ7Q,341.4106800606725,© Google,OK,11_6,205198.30647823086,8257497.027572824,f12484339be1e3bcc1280944616585e2447e886c,cardinal,4,0,0_deg_north,cardinal,0,0,90,640,640,1,batch_0001,941,datasets/df_2024_proportional/batch_0001/images/f12484339be1e3bcc1280944616585e2447e886c.jpg,https://raw.githubusercontent.com/GUIA-DD/dataset-streetview/refs/heads/main/datasets/df_2024_proportional/batch_0001/images/f12484339be1e3bcc1280944616585e2447e886c.jpg,True,downloaded,
f73e8643aee3a8d3911f80a05aacd97a9c988f95,7274264fd2a35d1d2bbfb97f9855e06da6413a24,-15.743667150000247,-47.750984200009036,-15.7436500383311,-47.75097677963827,2024-06,2024,KqrCP0MdAw2NQp98WdPJ7Q,341.4106800606725,© Google,OK,11_6,205198.30647823086,8257497.027572824,ac0664912a811f1b6226ecc3c70e7abc11d1e9b4,cardinal,4,1,90_deg_east,cardinal,90,0,90,640,640,1,batch_0001,942,datasets/df_2024_proportional/batch_0001/images/ac0664912a811f1b6226ecc3c70e7abc11d1e9b4.jpg,https://raw.githubusercontent.com/GUIA-DD/dataset-streetview/refs/heads/main/datasets/df_2024_proportional/batch_0001/images/ac0664912a811f1b6226ecc3c70e7abc11d1e9b4.jpg,True,downloaded,
f73e8643aee3a8d3911f80a05aacd97a9c988f95,7274264fd2a35d1d2bbfb97f9855e06da6413a24,-15.743667150000247,-47.750984200009036,-15.7436500383311,-47.75097677963827,2024-06,2024,KqrCP0MdAw2NQp98WdPJ7Q,341.4106800606725,© Google,OK,11_6,205198.30647823086,8257497.027572824,cd1e5be297ecedbf65704fcd6791acd4feb05d6c,cardinal,4,2,180_deg_south,cardinal,180,0,90,640,640,1,batch_0001,943,datasets/df_2024_proportional/batch_0001/images/cd1e5be297ecedbf65704fcd6791acd4feb05d6c.jpg,https://raw.githubusercontent.com/GUIA-DD/dataset-streetview/refs/heads/main/datasets/df_2024_proportional/batch_0001/images/cd1e5be297ecedbf65704fcd6791acd4feb05d6c.jpg,True,downloaded,
f73e8643aee3a8d3911f80a05aacd97a9c988f95,7274264fd2a35d1d2bbfb97f9855e06da6413a24,-15.743667150000247,-47.750984200009036,-15.7436500383311,-47.75097677963827,2024-06,2024,KqrCP0MdAw2NQp98WdPJ7Q,341.4106800606725,© Google,OK,11_6,205198.30647823086,8257497.027572824,e3087bb86eeb2ea246c4cfae8bed31cba79a54c0,cardinal,4,3,270_deg_west,cardinal,270,0,90,640,640,1,batch_0001,944,datasets/df_2024_proportional/batch_0001/images/e3087bb86eeb2ea246c4cfae8bed31cba79a54c0.jpg,https://raw.githubusercontent.com/GUIA-DD/dataset-streetview/refs/heads/main/datasets/df_2024_proportional/batch_0001/images/e3087bb86eeb2ea246c4cfae8bed31cba79a54c0.jpg,True,downloaded,
f788fbc5abaef6cd81436c38e39daf235e965707,bec02ed5052cd77c2acce4191991cd6b5f703972,-15.863501349999868,-47.998804800001295,-15.86345390036405,-47.99883790589011,2024-07,2024,cOT_EW1jhrUcDiSjDGwWUw,349.99235555079946,© Google,OK,5_4,178810.65645473928,8243864.152665958,185777940390534f1c60643ba61c68a29bd17165,cardinal,4,0,0_deg_north,cardinal,0,0,90,640,640,1,batch_0001,945,datasets/df_2024_proportional/batch_0001/images/185777940390534f1c60643ba61c68a29bd17165.jpg,https://raw.githubusercontent.com/GUIA-DD/dataset-streetview/refs/heads/main/datasets/df_2024_proportional/batch_0001/images/185777940390534f1c60643ba61c68a29bd17165.jpg,True,downloaded,
f788fbc5abaef6cd81436c38e39daf235e965707,bec02ed5052cd77c2acce4191991cd6b5f703972,-15.863501349999868,-47.998804800001295,-15.86345390036405,-47.99883790589011,2024-07,2024,cOT_EW1jhrUcDiSjDGwWUw,349.99235555079946,© Google,OK,5_4,178810.65645473928,8243864.152665958,858a3395c264c81573e9fa59b022289d11381e4d,cardinal,4,1,90_deg_east,cardinal,90,0,90,640,640,1,batch_0001,946,datasets/df_2024_proportional/batch_0001/images/858a3395c264c81573e9fa59b022289d11381e4d.jpg,https://raw.githubusercontent.com/GUIA-DD/dataset-streetview/refs/heads/main/datasets/df_2024_proportional/batch_0001/images/858a3395c264c81573e9fa59b022289d11381e4d.jpg,True,downloaded,
f788fbc5abaef6cd81436c38e39daf235e965707,bec02ed5052cd77c2acce4191991cd6b5f703972,-15.863501349999868,-47.998804800001295,-15.86345390036405,-47.99883790589011,2024-07,2024,cOT_EW1jhrUcDiSjDGwWUw,349.99235555079946,© Google,OK,5_4,178810.65645473928,8243864.152665958,1e4c94ec88c1261e051621c969cd3bb2cff20f9f,cardinal,4,2,180_deg_south,cardinal,180,0,90,640,640,1,batch_0001,947,datasets/df_2024_proportional/batch_0001/images/1e4c94ec88c1261e051621c969cd3bb2cff20f9f.jpg,https://raw.githubusercontent.com/GUIA-DD/dataset-streetview/refs/heads/main/datasets/df_2024_proportional/batch_0001/images/1e4c94ec88c1261e051621c969cd3bb2cff20f9f.jpg,True,downloaded,
f788fbc5abaef6cd81436c38e39daf235e965707,bec02ed5052cd77c2acce4191991cd6b5f703972,-15.863501349999868,-47.998804800001295,-15.86345390036405,-47.99883790589011,2024-07,2024,cOT_EW1jhrUcDiSjDGwWUw,349.99235555079946,© Google,OK,5_4,178810.65645473928,8243864.152665958,8953477c118e698979005359d2048c60107860e2,cardinal,4,3,270_deg_west,cardinal,270,0,90,640,640,1,batch_0001,948,datasets/df_2024_proportional/batch_0001/images/8953477c118e698979005359d2048c60107860e2.jpg,https://raw.githubusercontent.com/GUIA-DD/dataset-streetview/refs/heads/main/datasets/df_2024_proportional/batch_0001/images/8953477c118e698979005359d2048c60107860e2.jpg,True,downloaded,
f90742bd66c11284941f0a801962c691254a85c6,63e4734aad0ca2d42e8c6dbd98b619ef718b2b6f,-15.921738000107473,-48.05935454995399,-15.92174155111748,-48.05938028986524,2025-07,2025,QwhJ8HfQRpR0s-IPqUDYYg,251.80884136963107,© Google,OK,4_2,172414.5943809322,8237320.654185185,e87af6258e0da2777147ea833e1703778715416f,cardinal,4,0,0_deg_north,cardinal,0,0,90,640,640,1,batch_0001,949,datasets/df_2024_proportional/batch_0001/images/e87af6258e0da2777147ea833e1703778715416f.jpg,https://raw.githubusercontent.com/GUIA-DD/dataset-streetview/refs/heads/main/datasets/df_2024_proportional/batch_0001/images/e87af6258e0da2777147ea833e1703778715416f.jpg,True,downloaded,
f90742bd66c11284941f0a801962c691254a85c6,63e4734aad0ca2d42e8c6dbd98b619ef718b2b6f,-15.921738000107473,-48.05935454995399,-15.92174155111748,-48.05938028986524,2025-07,2025,QwhJ8HfQRpR0s-IPqUDYYg,251.80884136963107,© Google,OK,4_2,172414.5943809322,8237320.654185185,6e67c45b736934f86c21bceb711fcf3e952ab763,cardinal,4,1,90_deg_east,cardinal,90,0,90,640,640,1,batch_0001,950,datasets/df_2024_proportional/batch_0001/images/6e67c45b736934f86c21bceb711fcf3e952ab763.jpg,https://raw.githubusercontent.com/GUIA-DD/dataset-streetview/refs/heads/main/datasets/df_2024_proportional/batch_0001/images/6e67c45b736934f86c21bceb711fcf3e952ab763.jpg,True,downloaded,
f90742bd66c11284941f0a801962c691254a85c6,63e4734aad0ca2d42e8c6dbd98b619ef718b2b6f,-15.921738000107473,-48.05935454995399,-15.92174155111748,-48.05938028986524,2025-07,2025,QwhJ8HfQRpR0s-IPqUDYYg,251.80884136963107,© Google,OK,4_2,172414.5943809322,8237320.654185185,696e59d9e387b2ca0f011bace27360c926d6f0a9,cardinal,4,2,180_deg_south,cardinal,180,0,90,640,640,1,batch_0001,951,datasets/df_2024_proportional/batch_0001/images/696e59d9e387b2ca0f011bace27360c926d6f0a9.jpg,https://raw.githubusercontent.com/GUIA-DD/dataset-streetview/refs/heads/main/datasets/df_2024_proportional/batch_0001/images/696e59d9e387b2ca0f011bace27360c926d6f0a9.jpg,True,downloaded,
f90742bd66c11284941f0a801962c691254a85c6,63e4734aad0ca2d42e8c6dbd98b619ef718b2b6f,-15.921738000107473,-48.05935454995399,-15.92174155111748,-48.05938028986524,2025-07,2025,QwhJ8HfQRpR0s-IPqUDYYg,251.80884136963107,© Google,OK,4_2,172414.5943809322,8237320.654185185,ce820826ce917bf18b6d0464bb0fb67caae26335,cardinal,4,3,270_deg_west,cardinal,270,0,90,640,640,1,batch_0001,952,datasets/df_2024_proportional/batch_0001/images/ce820826ce917bf18b6d0464bb0fb67caae26335.jpg,https://raw.githubusercontent.com/GUIA-DD/dataset-streetview/refs/heads/main/datasets/df_2024_proportional/batch_0001/images/ce820826ce917bf18b6d0464bb0fb67caae26335.jpg,True,downloaded,
f9b659ae4136da934c67115497de34b20e1b49e3,d420abea253e983f0c5f3db560dad20ab698be32,-15.846331000051283,-48.11871700024382,-15.84630523285612,-48.11875323657151,2026-01,2026,oEXoecWxtrdgIaRxB0pasQ,321.83845330132624,© Google,OK,3_4,165928.3981015084,8245578.071715554,0244c7b1491994aada49365a7bab66dc6b74e5da,cardinal,4,0,0_deg_north,cardinal,0,0,90,640,640,1,batch_0001,953,datasets/df_2024_proportional/batch_0001/images/0244c7b1491994aada49365a7bab66dc6b74e5da.jpg,https://raw.githubusercontent.com/GUIA-DD/dataset-streetview/refs/heads/main/datasets/df_2024_proportional/batch_0001/images/0244c7b1491994aada49365a7bab66dc6b74e5da.jpg,True,downloaded,
f9b659ae4136da934c67115497de34b20e1b49e3,d420abea253e983f0c5f3db560dad20ab698be32,-15.846331000051283,-48.11871700024382,-15.84630523285612,-48.11875323657151,2026-01,2026,oEXoecWxtrdgIaRxB0pasQ,321.83845330132624,© Google,OK,3_4,165928.3981015084,8245578.071715554,7dbd8a325af4608a756d00c004f5f76e2631a316,cardinal,4,1,90_deg_east,cardinal,90,0,90,640,640,1,batch_0001,954,datasets/df_2024_proportional/batch_0001/images/7dbd8a325af4608a756d00c004f5f76e2631a316.jpg,https://raw.githubusercontent.com/GUIA-DD/dataset-streetview/refs/heads/main/datasets/df_2024_proportional/batch_0001/images/7dbd8a325af4608a756d00c004f5f76e2631a316.jpg,True,downloaded,
f9b659ae4136da934c67115497de34b20e1b49e3,d420abea253e983f0c5f3db560dad20ab698be32,-15.846331000051283,-48.11871700024382,-15.84630523285612,-48.11875323657151,2026-01,2026,oEXoecWxtrdgIaRxB0pasQ,321.83845330132624,© Google,OK,3_4,165928.3981015084,8245578.071715554,fb9ff09c16ec6eb71f4e378879aba0e006ba5f39,cardinal,4,2,180_deg_south,cardinal,180,0,90,640,640,1,batch_0001,955,datasets/df_2024_proportional/batch_0001/images/fb9ff09c16ec6eb71f4e378879aba0e006ba5f39.jpg,https://raw.githubusercontent.com/GUIA-DD/dataset-streetview/refs/heads/main/datasets/df_2024_proportional/batch_0001/images/fb9ff09c16ec6eb71f4e378879aba0e006ba5f39.jpg,True,downloaded,
f9b659ae4136da934c67115497de34b20e1b49e3,d420abea253e983f0c5f3db560dad20ab698be32,-15.846331000051283,-48.11871700024382,-15.84630523285612,-48.11875323657151,2026-01,2026,oEXoecWxtrdgIaRxB0pasQ,321.83845330132624,© Google,OK,3_4,165928.3981015084,8245578.071715554,b8028311955e2c547740c737a6efbdecd5b1a9d4,cardinal,4,3,270_deg_west,cardinal,270,0,90,640,640,1,batch_0001,956,datasets/df_2024_proportional/batch_0001/images/b8028311955e2c547740c737a6efbdecd5b1a9d4.jpg,https://raw.githubusercontent.com/GUIA-DD/dataset-streetview/refs/heads/main/datasets/df_2024_proportional/batch_0001/images/b8028311955e2c547740c737a6efbdecd5b1a9d4.jpg,True,downloaded,
fafa576d4ac6996d280013643ae0a18340b7c6e3,c51086a0971e895a83a8aea576b2c17210fe1747,-15.613465002330317,-47.6446326005864,-15.61346740907979,-47.64460810407298,2024-08,2024,f6qKqD5D6OD21xLEZY1vlA,271.61086857375017,© Google,OK,13_9,216422.33904015378,8272057.84143945,19ac051851108aacb10f03a43abcf04af58d234b,cardinal,4,0,0_deg_north,cardinal,0,0,90,640,640,1,batch_0001,957,datasets/df_2024_proportional/batch_0001/images/19ac051851108aacb10f03a43abcf04af58d234b.jpg,https://raw.githubusercontent.com/GUIA-DD/dataset-streetview/refs/heads/main/datasets/df_2024_proportional/batch_0001/images/19ac051851108aacb10f03a43abcf04af58d234b.jpg,True,downloaded,
fafa576d4ac6996d280013643ae0a18340b7c6e3,c51086a0971e895a83a8aea576b2c17210fe1747,-15.613465002330317,-47.6446326005864,-15.61346740907979,-47.64460810407298,2024-08,2024,f6qKqD5D6OD21xLEZY1vlA,271.61086857375017,© Google,OK,13_9,216422.33904015378,8272057.84143945,5b432e4f74436d5bc244e483cd02b63f274d2dce,cardinal,4,1,90_deg_east,cardinal,90,0,90,640,640,1,batch_0001,958,datasets/df_2024_proportional/batch_0001/images/5b432e4f74436d5bc244e483cd02b63f274d2dce.jpg,https://raw.githubusercontent.com/GUIA-DD/dataset-streetview/refs/heads/main/datasets/df_2024_proportional/batch_0001/images/5b432e4f74436d5bc244e483cd02b63f274d2dce.jpg,True,downloaded,
fafa576d4ac6996d280013643ae0a18340b7c6e3,c51086a0971e895a83a8aea576b2c17210fe1747,-15.613465002330317,-47.6446326005864,-15.61346740907979,-47.64460810407298,2024-08,2024,f6qKqD5D6OD21xLEZY1vlA,271.61086857375017,© Google,OK,13_9,216422.33904015378,8272057.84143945,4353358336f3e18c6ff90008d21c566ce1a8a89b,cardinal,4,2,180_deg_south,cardinal,180,0,90,640,640,1,batch_0001,959,datasets/df_2024_proportional/batch_0001/images/4353358336f3e18c6ff90008d21c566ce1a8a89b.jpg,https://raw.githubusercontent.com/GUIA-DD/dataset-streetview/refs/heads/main/datasets/df_2024_proportional/batch_0001/images/4353358336f3e18c6ff90008d21c566ce1a8a89b.jpg,True,downloaded,
fafa576d4ac6996d280013643ae0a18340b7c6e3,c51086a0971e895a83a8aea576b2c17210fe1747,-15.613465002330317,-47.6446326005864,-15.61346740907979,-47.64460810407298,2024-08,2024,f6qKqD5D6OD21xLEZY1vlA,271.61086857375017,© Google,OK,13_9,216422.33904015378,8272057.84143945,33d77ff2ec337a4b9e5172d0282cb1ce35796e66,cardinal,4,3,270_deg_west,cardinal,270,0,90,640,640,1,batch_0001,960,datasets/df_2024_proportional/batch_0001/images/33d77ff2ec337a4b9e5172d0282cb1ce35796e66.jpg,https://raw.githubusercontent.com/GUIA-DD/dataset-streetview/refs/heads/main/datasets/df_2024_proportional/batch_0001/images/33d77ff2ec337a4b9e5172d0282cb1ce35796e66.jpg,True,downloaded,
fb3b368843ee7ece500ceca259a689fcadb5f1db,0a09df827f2c6004d0b7002beedfe535bddcf854,-15.808812150128666,-48.14223729995048,-15.80882255956635,-48.14227867839256,2026-01,2026,BpqzEeCHp0zw8IDCf2JUoQ,252.83533518214068,© Google,OK,2_5,163344.5672126964,8249695.826609522,0c4f94634c65711e5f703b4adc010eb3748ae584,cardinal,4,0,0_deg_north,cardinal,0,0,90,640,640,1,batch_0001,961,datasets/df_2024_proportional/batch_0001/images/0c4f94634c65711e5f703b4adc010eb3748ae584.jpg,https://raw.githubusercontent.com/GUIA-DD/dataset-streetview/refs/heads/main/datasets/df_2024_proportional/batch_0001/images/0c4f94634c65711e5f703b4adc010eb3748ae584.jpg,True,downloaded,
fb3b368843ee7ece500ceca259a689fcadb5f1db,0a09df827f2c6004d0b7002beedfe535bddcf854,-15.808812150128666,-48.14223729995048,-15.80882255956635,-48.14227867839256,2026-01,2026,BpqzEeCHp0zw8IDCf2JUoQ,252.83533518214068,© Google,OK,2_5,163344.5672126964,8249695.826609522,2902066090027eec5d05b6904d4cda506df32993,cardinal,4,1,90_deg_east,cardinal,90,0,90,640,640,1,batch_0001,962,datasets/df_2024_proportional/batch_0001/images/2902066090027eec5d05b6904d4cda506df32993.jpg,https://raw.githubusercontent.com/GUIA-DD/dataset-streetview/refs/heads/main/datasets/df_2024_proportional/batch_0001/images/2902066090027eec5d05b6904d4cda506df32993.jpg,True,downloaded,
fb3b368843ee7ece500ceca259a689fcadb5f1db,0a09df827f2c6004d0b7002beedfe535bddcf854,-15.808812150128666,-48.14223729995048,-15.80882255956635,-48.14227867839256,2026-01,2026,BpqzEeCHp0zw8IDCf2JUoQ,252.83533518214068,© Google,OK,2_5,163344.5672126964,8249695.826609522,00df92624358170ee951d8a758e320bb8c17693b,cardinal,4,2,180_deg_south,cardinal,180,0,90,640,640,1,batch_0001,963,datasets/df_2024_proportional/batch_0001/images/00df92624358170ee951d8a758e320bb8c17693b.jpg,https://raw.githubusercontent.com/GUIA-DD/dataset-streetview/refs/heads/main/datasets/df_2024_proportional/batch_0001/images/00df92624358170ee951d8a758e320bb8c17693b.jpg,True,downloaded,
fb3b368843ee7ece500ceca259a689fcadb5f1db,0a09df827f2c6004d0b7002beedfe535bddcf854,-15.808812150128666,-48.14223729995048,-15.80882255956635,-48.14227867839256,2026-01,2026,BpqzEeCHp0zw8IDCf2JUoQ,252.83533518214068,© Google,OK,2_5,163344.5672126964,8249695.826609522,916ba575a301f24c70cce10de816c90db0c87b40,cardinal,4,3,270_deg_west,cardinal,270,0,90,640,640,1,batch_0001,964,datasets/df_2024_proportional/batch_0001/images/916ba575a301f24c70cce10de816c90db0c87b40.jpg,https://raw.githubusercontent.com/GUIA-DD/dataset-streetview/refs/heads/main/datasets/df_2024_proportional/batch_0001/images/916ba575a301f24c70cce10de816c90db0c87b40.jpg,True,downloaded,
fbae9ce41aadb61f740b2c626020b3e08de152b8,1fc7c000dc00a6dd989e6a21654335a0b38b0c33,-15.896552150012912,-47.77387740006063,-15.89659096058709,-47.77389913659031,2025-01,2025,wxHu82I9KqHjEo5_GEGbxQ,143.40848676558403,© Google,OK,10_3,202966.97885174048,8240536.882721789,3a1c355585b5fb3701a5ed167230e2f35e4b505f,cardinal,4,0,0_deg_north,cardinal,0,0,90,640,640,1,batch_0001,965,datasets/df_2024_proportional/batch_0001/images/3a1c355585b5fb3701a5ed167230e2f35e4b505f.jpg,https://raw.githubusercontent.com/GUIA-DD/dataset-streetview/refs/heads/main/datasets/df_2024_proportional/batch_0001/images/3a1c355585b5fb3701a5ed167230e2f35e4b505f.jpg,True,downloaded,
fbae9ce41aadb61f740b2c626020b3e08de152b8,1fc7c000dc00a6dd989e6a21654335a0b38b0c33,-15.896552150012912,-47.77387740006063,-15.89659096058709,-47.77389913659031,2025-01,2025,wxHu82I9KqHjEo5_GEGbxQ,143.40848676558403,© Google,OK,10_3,202966.97885174048,8240536.882721789,779576ea84c201cebaac23fdd696d7e5ba456c2e,cardinal,4,1,90_deg_east,cardinal,90,0,90,640,640,1,batch_0001,966,datasets/df_2024_proportional/batch_0001/images/779576ea84c201cebaac23fdd696d7e5ba456c2e.jpg,https://raw.githubusercontent.com/GUIA-DD/dataset-streetview/refs/heads/main/datasets/df_2024_proportional/batch_0001/images/779576ea84c201cebaac23fdd696d7e5ba456c2e.jpg,True,downloaded,
fbae9ce41aadb61f740b2c626020b3e08de152b8,1fc7c000dc00a6dd989e6a21654335a0b38b0c33,-15.896552150012912,-47.77387740006063,-15.89659096058709,-47.77389913659031,2025-01,2025,wxHu82I9KqHjEo5_GEGbxQ,143.40848676558403,© Google,OK,10_3,202966.97885174048,8240536.882721789,33a4cde10dd1a353cc56c983a5191636c49888ea,cardinal,4,2,180_deg_south,cardinal,180,0,90,640,640,1,batch_0001,967,datasets/df_2024_proportional/batch_0001/images/33a4cde10dd1a353cc56c983a5191636c49888ea.jpg,https://raw.githubusercontent.com/GUIA-DD/dataset-streetview/refs/heads/main/datasets/df_2024_proportional/batch_0001/images/33a4cde10dd1a353cc56c983a5191636c49888ea.jpg,True,downloaded,
fbae9ce41aadb61f740b2c626020b3e08de152b8,1fc7c000dc00a6dd989e6a21654335a0b38b0c33,-15.896552150012912,-47.77387740006063,-15.89659096058709,-47.77389913659031,2025-01,2025,wxHu82I9KqHjEo5_GEGbxQ,143.40848676558403,© Google,OK,10_3,202966.97885174048,8240536.882721789,1af55d182a77166eee9ef660bc30fa9ac1e3901f,cardinal,4,3,270_deg_west,cardinal,270,0,90,640,640,1,batch_0001,968,datasets/df_2024_proportional/batch_0001/images/1af55d182a77166eee9ef660bc30fa9ac1e3901f.jpg,https://raw.githubusercontent.com/GUIA-DD/dataset-streetview/refs/heads/main/datasets/df_2024_proportional/batch_0001/images/1af55d182a77166eee9ef660bc30fa9ac1e3901f.jpg,True,downloaded,
fbc70b3cb3fd1bf53e80c94aa732c458be2d2804,429dd52164dfa8f21a8c319c60f56aa22576af6c,-15.802332650168623,-48.136343549934665,-15.8023460734731,-48.13635945175671,2026-01,2026,pvYHJux2qtsNBv6NFtTGZg,252.77228775084689,© Google,OK,3_5,163965.8473694861,8250422.904483111,ecb8576cf414e745204882f273bd6fc35bf0c41d,cardinal,4,0,0_deg_north,cardinal,0,0,90,640,640,1,batch_0001,969,datasets/df_2024_proportional/batch_0001/images/ecb8576cf414e745204882f273bd6fc35bf0c41d.jpg,https://raw.githubusercontent.com/GUIA-DD/dataset-streetview/refs/heads/main/datasets/df_2024_proportional/batch_0001/images/ecb8576cf414e745204882f273bd6fc35bf0c41d.jpg,True,downloaded,
fbc70b3cb3fd1bf53e80c94aa732c458be2d2804,429dd52164dfa8f21a8c319c60f56aa22576af6c,-15.802332650168623,-48.136343549934665,-15.8023460734731,-48.13635945175671,2026-01,2026,pvYHJux2qtsNBv6NFtTGZg,252.77228775084689,© Google,OK,3_5,163965.8473694861,8250422.904483111,92bf78b61d56c09ed6cc7fcd2ec2ed625b222c31,cardinal,4,1,90_deg_east,cardinal,90,0,90,640,640,1,batch_0001,970,datasets/df_2024_proportional/batch_0001/images/92bf78b61d56c09ed6cc7fcd2ec2ed625b222c31.jpg,https://raw.githubusercontent.com/GUIA-DD/dataset-streetview/refs/heads/main/datasets/df_2024_proportional/batch_0001/images/92bf78b61d56c09ed6cc7fcd2ec2ed625b222c31.jpg,True,downloaded,
fbc70b3cb3fd1bf53e80c94aa732c458be2d2804,429dd52164dfa8f21a8c319c60f56aa22576af6c,-15.802332650168623,-48.136343549934665,-15.8023460734731,-48.13635945175671,2026-01,2026,pvYHJux2qtsNBv6NFtTGZg,252.77228775084689,© Google,OK,3_5,163965.8473694861,8250422.904483111,ba7051758a8ab590e9a8e034fe687468fc65073a,cardinal,4,2,180_deg_south,cardinal,180,0,90,640,640,1,batch_0001,971,datasets/df_2024_proportional/batch_0001/images/ba7051758a8ab590e9a8e034fe687468fc65073a.jpg,https://raw.githubusercontent.com/GUIA-DD/dataset-streetview/refs/heads/main/datasets/df_2024_proportional/batch_0001/images/ba7051758a8ab590e9a8e034fe687468fc65073a.jpg,True,downloaded,
fbc70b3cb3fd1bf53e80c94aa732c458be2d2804,429dd52164dfa8f21a8c319c60f56aa22576af6c,-15.802332650168623,-48.136343549934665,-15.8023460734731,-48.13635945175671,2026-01,2026,pvYHJux2qtsNBv6NFtTGZg,252.77228775084689,© Google,OK,3_5,163965.8473694861,8250422.904483111,feaf2e91da7961cdca1ff35815adecfc051a367a,cardinal,4,3,270_deg_west,cardinal,270,0,90,640,640,1,batch_0001,972,datasets/df_2024_proportional/batch_0001/images/feaf2e91da7961cdca1ff35815adecfc051a367a.jpg,https://raw.githubusercontent.com/GUIA-DD/dataset-streetview/refs/heads/main/datasets/df_2024_proportional/batch_0001/images/feaf2e91da7961cdca1ff35815adecfc051a367a.jpg,True,downloaded,
fc871ea48ada6f6228ed52fde7679acf9d5885a9,30ee04d7dcce4afeca6321a8ee40a1f77bed5e8c,-15.937846550001325,-47.944428650020456,-15.93782857575682,-47.94443102760891,2024-12,2024,1DYi-MEc8oSpPGYgJiPEnA,156.3784189917816,© Google,OK,7_2,184755.10752346303,8235713.9830613565,797ba1f00b84a375c3e7df0ff2e40a0795fdcd0b,cardinal,4,0,0_deg_north,cardinal,0,0,90,640,640,1,batch_0001,973,datasets/df_2024_proportional/batch_0001/images/797ba1f00b84a375c3e7df0ff2e40a0795fdcd0b.jpg,https://raw.githubusercontent.com/GUIA-DD/dataset-streetview/refs/heads/main/datasets/df_2024_proportional/batch_0001/images/797ba1f00b84a375c3e7df0ff2e40a0795fdcd0b.jpg,True,downloaded,
fc871ea48ada6f6228ed52fde7679acf9d5885a9,30ee04d7dcce4afeca6321a8ee40a1f77bed5e8c,-15.937846550001325,-47.944428650020456,-15.93782857575682,-47.94443102760891,2024-12,2024,1DYi-MEc8oSpPGYgJiPEnA,156.3784189917816,© Google,OK,7_2,184755.10752346303,8235713.9830613565,c739850188234dffc4d83cadf1a90bf343959cb7,cardinal,4,1,90_deg_east,cardinal,90,0,90,640,640,1,batch_0001,974,datasets/df_2024_proportional/batch_0001/images/c739850188234dffc4d83cadf1a90bf343959cb7.jpg,https://raw.githubusercontent.com/GUIA-DD/dataset-streetview/refs/heads/main/datasets/df_2024_proportional/batch_0001/images/c739850188234dffc4d83cadf1a90bf343959cb7.jpg,True,downloaded,
fc871ea48ada6f6228ed52fde7679acf9d5885a9,30ee04d7dcce4afeca6321a8ee40a1f77bed5e8c,-15.937846550001325,-47.944428650020456,-15.93782857575682,-47.94443102760891,2024-12,2024,1DYi-MEc8oSpPGYgJiPEnA,156.3784189917816,© Google,OK,7_2,184755.10752346303,8235713.9830613565,30fcdcd49d9e3424c36236d830a82ba4790daaf0,cardinal,4,2,180_deg_south,cardinal,180,0,90,640,640,1,batch_0001,975,datasets/df_2024_proportional/batch_0001/images/30fcdcd49d9e3424c36236d830a82ba4790daaf0.jpg,https://raw.githubusercontent.com/GUIA-DD/dataset-streetview/refs/heads/main/datasets/df_2024_proportional/batch_0001/images/30fcdcd49d9e3424c36236d830a82ba4790daaf0.jpg,True,downloaded,
fc871ea48ada6f6228ed52fde7679acf9d5885a9,30ee04d7dcce4afeca6321a8ee40a1f77bed5e8c,-15.937846550001325,-47.944428650020456,-15.93782857575682,-47.94443102760891,2024-12,2024,1DYi-MEc8oSpPGYgJiPEnA,156.3784189917816,© Google,OK,7_2,184755.10752346303,8235713.9830613565,d7cb26cb11a176e87d4d16588d488dd2165478fa,cardinal,4,3,270_deg_west,cardinal,270,0,90,640,640,1,batch_0001,976,datasets/df_2024_proportional/batch_0001/images/d7cb26cb11a176e87d4d16588d488dd2165478fa.jpg,https://raw.githubusercontent.com/GUIA-DD/dataset-streetview/refs/heads/main/datasets/df_2024_proportional/batch_0001/images/d7cb26cb11a176e87d4d16588d488dd2165478fa.jpg,True,downloaded,
fcff6b2ce0104af88765a9d06615989f4badd05b,5e39eeee572c96aaa2450638324ef8c52f6631d5,-15.828339554536036,-48.012473148064224,-15.82832655174919,-48.01244520659743,2024-10,2024,PiDfGxBqSW8h7nb2udRMuw,246.85157146690295,© Google,OK,5_5,177289.5884788967,8247737.079816422,4b380b5f0c0782d78cf304a3b07d67b347cbc11e,cardinal,4,0,0_deg_north,cardinal,0,0,90,640,640,1,batch_0001,977,datasets/df_2024_proportional/batch_0001/images/4b380b5f0c0782d78cf304a3b07d67b347cbc11e.jpg,https://raw.githubusercontent.com/GUIA-DD/dataset-streetview/refs/heads/main/datasets/df_2024_proportional/batch_0001/images/4b380b5f0c0782d78cf304a3b07d67b347cbc11e.jpg,True,downloaded,
fcff6b2ce0104af88765a9d06615989f4badd05b,5e39eeee572c96aaa2450638324ef8c52f6631d5,-15.828339554536036,-48.012473148064224,-15.82832655174919,-48.01244520659743,2024-10,2024,PiDfGxBqSW8h7nb2udRMuw,246.85157146690295,© Google,OK,5_5,177289.5884788967,8247737.079816422,4808d259fafb8c3704c83e9de48b7c041d1af223,cardinal,4,1,90_deg_east,cardinal,90,0,90,640,640,1,batch_0001,978,datasets/df_2024_proportional/batch_0001/images/4808d259fafb8c3704c83e9de48b7c041d1af223.jpg,https://raw.githubusercontent.com/GUIA-DD/dataset-streetview/refs/heads/main/datasets/df_2024_proportional/batch_0001/images/4808d259fafb8c3704c83e9de48b7c041d1af223.jpg,True,downloaded,
fcff6b2ce0104af88765a9d06615989f4badd05b,5e39eeee572c96aaa2450638324ef8c52f6631d5,-15.828339554536036,-48.012473148064224,-15.82832655174919,-48.01244520659743,2024-10,2024,PiDfGxBqSW8h7nb2udRMuw,246.85157146690295,© Google,OK,5_5,177289.5884788967,8247737.079816422,9bdb21d434d19b4057deff0156938b9485801a26,cardinal,4,2,180_deg_south,cardinal,180,0,90,640,640,1,batch_0001,979,datasets/df_2024_proportional/batch_0001/images/9bdb21d434d19b4057deff0156938b9485801a26.jpg,https://raw.githubusercontent.com/GUIA-DD/dataset-streetview/refs/heads/main/datasets/df_2024_proportional/batch_0001/images/9bdb21d434d19b4057deff0156938b9485801a26.jpg,True,downloaded,
fcff6b2ce0104af88765a9d06615989f4badd05b,5e39eeee572c96aaa2450638324ef8c52f6631d5,-15.828339554536036,-48.012473148064224,-15.82832655174919,-48.01244520659743,2024-10,2024,PiDfGxBqSW8h7nb2udRMuw,246.85157146690295,© Google,OK,5_5,177289.5884788967,8247737.079816422,35f30d52c58c1f0ddd0b305fb0dc7da8ca486cef,cardinal,4,3,270_deg_west,cardinal,270,0,90,640,640,1,batch_0001,980,datasets/df_2024_proportional/batch_0001/images/35f30d52c58c1f0ddd0b305fb0dc7da8ca486cef.jpg,https://raw.githubusercontent.com/GUIA-DD/dataset-streetview/refs/heads/main/datasets/df_2024_proportional/batch_0001/images/35f30d52c58c1f0ddd0b305fb0dc7da8ca486cef.jpg,True,downloaded,
fd10d9677a7963550b775f3fdb5d806adaa7c17b,657e48d6ee792d13676bdf6eb925f6222837336a,-15.910790450002235,-47.777680250007585,-15.91078342637141,-47.77775921145818,2024-07,2024,PlJwVtBgoDAjrYB_aTNl2g,136.91849543716978,© Google,OK,10_3,202580.44824083077,8238954.939255589,6672651e4fbb01a8fbe528be91deb90ec57c530e,cardinal,4,0,0_deg_north,cardinal,0,0,90,640,640,1,batch_0001,981,datasets/df_2024_proportional/batch_0001/images/6672651e4fbb01a8fbe528be91deb90ec57c530e.jpg,https://raw.githubusercontent.com/GUIA-DD/dataset-streetview/refs/heads/main/datasets/df_2024_proportional/batch_0001/images/6672651e4fbb01a8fbe528be91deb90ec57c530e.jpg,True,downloaded,
fd10d9677a7963550b775f3fdb5d806adaa7c17b,657e48d6ee792d13676bdf6eb925f6222837336a,-15.910790450002235,-47.777680250007585,-15.91078342637141,-47.77775921145818,2024-07,2024,PlJwVtBgoDAjrYB_aTNl2g,136.91849543716978,© Google,OK,10_3,202580.44824083077,8238954.939255589,89c5507580f1e6dd7d406982df267c4aa8ec365d,cardinal,4,1,90_deg_east,cardinal,90,0,90,640,640,1,batch_0001,982,datasets/df_2024_proportional/batch_0001/images/89c5507580f1e6dd7d406982df267c4aa8ec365d.jpg,https://raw.githubusercontent.com/GUIA-DD/dataset-streetview/refs/heads/main/datasets/df_2024_proportional/batch_0001/images/89c5507580f1e6dd7d406982df267c4aa8ec365d.jpg,True,downloaded,
fd10d9677a7963550b775f3fdb5d806adaa7c17b,657e48d6ee792d13676bdf6eb925f6222837336a,-15.910790450002235,-47.777680250007585,-15.91078342637141,-47.77775921145818,2024-07,2024,PlJwVtBgoDAjrYB_aTNl2g,136.91849543716978,© Google,OK,10_3,202580.44824083077,8238954.939255589,783c409317e30311f8398008544ac51a8acd249d,cardinal,4,2,180_deg_south,cardinal,180,0,90,640,640,1,batch_0001,983,datasets/df_2024_proportional/batch_0001/images/783c409317e30311f8398008544ac51a8acd249d.jpg,https://raw.githubusercontent.com/GUIA-DD/dataset-streetview/refs/heads/main/datasets/df_2024_proportional/batch_0001/images/783c409317e30311f8398008544ac51a8acd249d.jpg,True,downloaded,
fd10d9677a7963550b775f3fdb5d806adaa7c17b,657e48d6ee792d13676bdf6eb925f6222837336a,-15.910790450002235,-47.777680250007585,-15.91078342637141,-47.77775921145818,2024-07,2024,PlJwVtBgoDAjrYB_aTNl2g,136.91849543716978,© Google,OK,10_3,202580.44824083077,8238954.939255589,3813067d45cb308a8a5da30fdb4e9251c9330b23,cardinal,4,3,270_deg_west,cardinal,270,0,90,640,640,1,batch_0001,984,datasets/df_2024_proportional/batch_0001/images/3813067d45cb308a8a5da30fdb4e9251c9330b23.jpg,https://raw.githubusercontent.com/GUIA-DD/dataset-streetview/refs/heads/main/datasets/df_2024_proportional/batch_0001/images/3813067d45cb308a8a5da30fdb4e9251c9330b23.jpg,True,downloaded,
fdd609b27c592d806abbcc52f69e4f9f5cc9f5ad,d3318f8cb2d1b89f422c1234a5d10c5c21ed78fa,-15.865980451202612,-47.86370549929818,-15.86596132438772,-47.86371422274973,2024-12,2024,YQ96RE9s22wtmA8xQ8RsCw,67.77717763815143,© Google,OK,8_4,193294.89442514008,8243792.319539341,a665b7c1c9a50bcb8ec7d8c98378bdca954157aa,cardinal,4,0,0_deg_north,cardinal,0,0,90,640,640,1,batch_0001,985,datasets/df_2024_proportional/batch_0001/images/a665b7c1c9a50bcb8ec7d8c98378bdca954157aa.jpg,https://raw.githubusercontent.com/GUIA-DD/dataset-streetview/refs/heads/main/datasets/df_2024_proportional/batch_0001/images/a665b7c1c9a50bcb8ec7d8c98378bdca954157aa.jpg,True,downloaded,
fdd609b27c592d806abbcc52f69e4f9f5cc9f5ad,d3318f8cb2d1b89f422c1234a5d10c5c21ed78fa,-15.865980451202612,-47.86370549929818,-15.86596132438772,-47.86371422274973,2024-12,2024,YQ96RE9s22wtmA8xQ8RsCw,67.77717763815143,© Google,OK,8_4,193294.89442514008,8243792.319539341,a9464402bd84d8bf5d9ab7653ce88e14f305a583,cardinal,4,1,90_deg_east,cardinal,90,0,90,640,640,1,batch_0001,986,datasets/df_2024_proportional/batch_0001/images/a9464402bd84d8bf5d9ab7653ce88e14f305a583.jpg,https://raw.githubusercontent.com/GUIA-DD/dataset-streetview/refs/heads/main/datasets/df_2024_proportional/batch_0001/images/a9464402bd84d8bf5d9ab7653ce88e14f305a583.jpg,True,downloaded,
fdd609b27c592d806abbcc52f69e4f9f5cc9f5ad,d3318f8cb2d1b89f422c1234a5d10c5c21ed78fa,-15.865980451202612,-47.86370549929818,-15.86596132438772,-47.86371422274973,2024-12,2024,YQ96RE9s22wtmA8xQ8RsCw,67.77717763815143,© Google,OK,8_4,193294.89442514008,8243792.319539341,bb8889f9d84207a6e8a2c88b19f6d90af185c8d8,cardinal,4,2,180_deg_south,cardinal,180,0,90,640,640,1,batch_0001,987,datasets/df_2024_proportional/batch_0001/images/bb8889f9d84207a6e8a2c88b19f6d90af185c8d8.jpg,https://raw.githubusercontent.com/GUIA-DD/dataset-streetview/refs/heads/main/datasets/df_2024_proportional/batch_0001/images/bb8889f9d84207a6e8a2c88b19f6d90af185c8d8.jpg,True,downloaded,
fdd609b27c592d806abbcc52f69e4f9f5cc9f5ad,d3318f8cb2d1b89f422c1234a5d10c5c21ed78fa,-15.865980451202612,-47.86370549929818,-15.86596132438772,-47.86371422274973,2024-12,2024,YQ96RE9s22wtmA8xQ8RsCw,67.77717763815143,© Google,OK,8_4,193294.89442514008,8243792.319539341,94dd40f208fcf26588e137f3d5b7a155bc5ad44b,cardinal,4,3,270_deg_west,cardinal,270,0,90,640,640,1,batch_0001,988,datasets/df_2024_proportional/batch_0001/images/94dd40f208fcf26588e137f3d5b7a155bc5ad44b.jpg,https://raw.githubusercontent.com/GUIA-DD/dataset-streetview/refs/heads/main/datasets/df_2024_proportional/batch_0001/images/94dd40f208fcf26588e137f3d5b7a155bc5ad44b.jpg,True,downloaded,
fdd70ab57c1d026a211684902cb18e854c3f26f0,f0b3fd3ea8e160a63cab087acf5fd8a45bfbf69d,-15.886640950002171,-48.10701079999827,-15.88663314308473,-48.10701131973486,2025-06,2025,foYI0u1gzSd1fhOjkQLPYg,241.41060801046615,© Google,OK,3_3,167249.65576120198,8241132.283148353,ac86ad218dae69733b0c67a721653394be18819f,cardinal,4,0,0_deg_north,cardinal,0,0,90,640,640,1,batch_0001,989,datasets/df_2024_proportional/batch_0001/images/ac86ad218dae69733b0c67a721653394be18819f.jpg,https://raw.githubusercontent.com/GUIA-DD/dataset-streetview/refs/heads/main/datasets/df_2024_proportional/batch_0001/images/ac86ad218dae69733b0c67a721653394be18819f.jpg,True,downloaded,
fdd70ab57c1d026a211684902cb18e854c3f26f0,f0b3fd3ea8e160a63cab087acf5fd8a45bfbf69d,-15.886640950002171,-48.10701079999827,-15.88663314308473,-48.10701131973486,2025-06,2025,foYI0u1gzSd1fhOjkQLPYg,241.41060801046615,© Google,OK,3_3,167249.65576120198,8241132.283148353,3f8cf4d341d2bfc9c782540c492e0abab1afb3d8,cardinal,4,1,90_deg_east,cardinal,90,0,90,640,640,1,batch_0001,990,datasets/df_2024_proportional/batch_0001/images/3f8cf4d341d2bfc9c782540c492e0abab1afb3d8.jpg,https://raw.githubusercontent.com/GUIA-DD/dataset-streetview/refs/heads/main/datasets/df_2024_proportional/batch_0001/images/3f8cf4d341d2bfc9c782540c492e0abab1afb3d8.jpg,True,downloaded,
fdd70ab57c1d026a211684902cb18e854c3f26f0,f0b3fd3ea8e160a63cab087acf5fd8a45bfbf69d,-15.886640950002171,-48.10701079999827,-15.88663314308473,-48.10701131973486,2025-06,2025,foYI0u1gzSd1fhOjkQLPYg,241.41060801046615,© Google,OK,3_3,167249.65576120198,8241132.283148353,b641e3153c757c9ff2ccac72c41e58c947143c2e,cardinal,4,2,180_deg_south,cardinal,180,0,90,640,640,1,batch_0001,991,datasets/df_2024_proportional/batch_0001/images/b641e3153c757c9ff2ccac72c41e58c947143c2e.jpg,https://raw.githubusercontent.com/GUIA-DD/dataset-streetview/refs/heads/main/datasets/df_2024_proportional/batch_0001/images/b641e3153c757c9ff2ccac72c41e58c947143c2e.jpg,True,downloaded,
fdd70ab57c1d026a211684902cb18e854c3f26f0,f0b3fd3ea8e160a63cab087acf5fd8a45bfbf69d,-15.886640950002171,-48.10701079999827,-15.88663314308473,-48.10701131973486,2025-06,2025,foYI0u1gzSd1fhOjkQLPYg,241.41060801046615,© Google,OK,3_3,167249.65576120198,8241132.283148353,6f99f784d2b1c8280d9fbb267b1987a7b1242ff3,cardinal,4,3,270_deg_west,cardinal,270,0,90,640,640,1,batch_0001,992,datasets/df_2024_proportional/batch_0001/images/6f99f784d2b1c8280d9fbb267b1987a7b1242ff3.jpg,https://raw.githubusercontent.com/GUIA-DD/dataset-streetview/refs/heads/main/datasets/df_2024_proportional/batch_0001/images/6f99f784d2b1c8280d9fbb267b1987a7b1242ff3.jpg,True,downloaded,
feaed9919400670506d700e2c117692b7f6987b3,f53f7a316c6d14ebe14d13502c6755a08a69de77,-15.805265474500775,-47.96445011422517,-15.80525600131248,-47.96446333116938,2024-06,2024,0SOWgd2hGZn2pxsNF1fNCw,278.393101872087,© Google,OK,6_5,182401.94488956014,8250365.60535633,6c470ed1cb2a6ff23a4dbcbc78335281a7e445bb,cardinal,4,0,0_deg_north,cardinal,0,0,90,640,640,1,batch_0001,993,datasets/df_2024_proportional/batch_0001/images/6c470ed1cb2a6ff23a4dbcbc78335281a7e445bb.jpg,https://raw.githubusercontent.com/GUIA-DD/dataset-streetview/refs/heads/main/datasets/df_2024_proportional/batch_0001/images/6c470ed1cb2a6ff23a4dbcbc78335281a7e445bb.jpg,True,downloaded,
feaed9919400670506d700e2c117692b7f6987b3,f53f7a316c6d14ebe14d13502c6755a08a69de77,-15.805265474500775,-47.96445011422517,-15.80525600131248,-47.96446333116938,2024-06,2024,0SOWgd2hGZn2pxsNF1fNCw,278.393101872087,© Google,OK,6_5,182401.94488956014,8250365.60535633,342d4d86d13c730f36d46a11589808ac928b0777,cardinal,4,1,90_deg_east,cardinal,90,0,90,640,640,1,batch_0001,994,datasets/df_2024_proportional/batch_0001/images/342d4d86d13c730f36d46a11589808ac928b0777.jpg,https://raw.githubusercontent.com/GUIA-DD/dataset-streetview/refs/heads/main/datasets/df_2024_proportional/batch_0001/images/342d4d86d13c730f36d46a11589808ac928b0777.jpg,True,downloaded,
feaed9919400670506d700e2c117692b7f6987b3,f53f7a316c6d14ebe14d13502c6755a08a69de77,-15.805265474500775,-47.96445011422517,-15.80525600131248,-47.96446333116938,2024-06,2024,0SOWgd2hGZn2pxsNF1fNCw,278.393101872087,© Google,OK,6_5,182401.94488956014,8250365.60535633,cf43617fbe0d5d941ac7ed1d2ec776f5d0ca3022,cardinal,4,2,180_deg_south,cardinal,180,0,90,640,640,1,batch_0001,995,datasets/df_2024_proportional/batch_0001/images/cf43617fbe0d5d941ac7ed1d2ec776f5d0ca3022.jpg,https://raw.githubusercontent.com/GUIA-DD/dataset-streetview/refs/heads/main/datasets/df_2024_proportional/batch_0001/images/cf43617fbe0d5d941ac7ed1d2ec776f5d0ca3022.jpg,True,downloaded,
feaed9919400670506d700e2c117692b7f6987b3,f53f7a316c6d14ebe14d13502c6755a08a69de77,-15.805265474500775,-47.96445011422517,-15.80525600131248,-47.96446333116938,2024-06,2024,0SOWgd2hGZn2pxsNF1fNCw,278.393101872087,© Google,OK,6_5,182401.94488956014,8250365.60535633,81f400e6d00cf3868b02b15d5ce68f62ca4a838d,cardinal,4,3,270_deg_west,cardinal,270,0,90,640,640,1,batch_0001,996,datasets/df_2024_proportional/batch_0001/images/81f400e6d00cf3868b02b15d5ce68f62ca4a838d.jpg,https://raw.githubusercontent.com/GUIA-DD/dataset-streetview/refs/heads/main/datasets/df_2024_proportional/batch_0001/images/81f400e6d00cf3868b02b15d5ce68f62ca4a838d.jpg,True,downloaded,
ff08bd65ffebe3652b4fa6feff200ffb57fa0b53,ed0cdff42d9c89f1ece8d64a94ed50384d7e77ee,-16.033206435594263,-48.063755740602815,-16.03324195079846,-48.06373268497977,2025-05,2025,N-XuFe241rhijqHmcy6nbQ,121.88293946399412,© Google,OK,4_0,172124.82694001598,8224968.671930592,8ee8aeef459d745639d24a932d2562d5db8f7d12,cardinal,4,0,0_deg_north,cardinal,0,0,90,640,640,1,batch_0001,997,datasets/df_2024_proportional/batch_0001/images/8ee8aeef459d745639d24a932d2562d5db8f7d12.jpg,https://raw.githubusercontent.com/GUIA-DD/dataset-streetview/refs/heads/main/datasets/df_2024_proportional/batch_0001/images/8ee8aeef459d745639d24a932d2562d5db8f7d12.jpg,True,downloaded,
ff08bd65ffebe3652b4fa6feff200ffb57fa0b53,ed0cdff42d9c89f1ece8d64a94ed50384d7e77ee,-16.033206435594263,-48.063755740602815,-16.03324195079846,-48.06373268497977,2025-05,2025,N-XuFe241rhijqHmcy6nbQ,121.88293946399412,© Google,OK,4_0,172124.82694001598,8224968.671930592,a49ee06409d102c7a1ae96027bd2f8c22a3e3893,cardinal,4,1,90_deg_east,cardinal,90,0,90,640,640,1,batch_0001,998,datasets/df_2024_proportional/batch_0001/images/a49ee06409d102c7a1ae96027bd2f8c22a3e3893.jpg,https://raw.githubusercontent.com/GUIA-DD/dataset-streetview/refs/heads/main/datasets/df_2024_proportional/batch_0001/images/a49ee06409d102c7a1ae96027bd2f8c22a3e3893.jpg,True,downloaded,
ff08bd65ffebe3652b4fa6feff200ffb57fa0b53,ed0cdff42d9c89f1ece8d64a94ed50384d7e77ee,-16.033206435594263,-48.063755740602815,-16.03324195079846,-48.06373268497977,2025-05,2025,N-XuFe241rhijqHmcy6nbQ,121.88293946399412,© Google,OK,4_0,172124.82694001598,8224968.671930592,3134c770b7f189d4be19a6eb7c946bd9c77b0748,cardinal,4,2,180_deg_south,cardinal,180,0,90,640,640,1,batch_0001,999,datasets/df_2024_proportional/batch_0001/images/3134c770b7f189d4be19a6eb7c946bd9c77b0748.jpg,https://raw.githubusercontent.com/GUIA-DD/dataset-streetview/refs/heads/main/datasets/df_2024_proportional/batch_0001/images/3134c770b7f189d4be19a6eb7c946bd9c77b0748.jpg,True,downloaded,
ff08bd65ffebe3652b4fa6feff200ffb57fa0b53,ed0cdff42d9c89f1ece8d64a94ed50384d7e77ee,-16.033206435594263,-48.063755740602815,-16.03324195079846,-48.06373268497977,2025-05,2025,N-XuFe241rhijqHmcy6nbQ,121.88293946399412,© Google,OK,4_0,172124.82694001598,8224968.671930592,82bd3063293b62f1aa0786a00442858c42bbb2e1,cardinal,4,3,270_deg_west,cardinal,270,0,90,640,640,1,batch_0001,1000,datasets/df_2024_proportional/batch_0001/images/82bd3063293b62f1aa0786a00442858c42bbb2e1.jpg,https://raw.githubusercontent.com/GUIA-DD/dataset-streetview/refs/heads/main/datasets/df_2024_proportional/batch_0001/images/82bd3063293b62f1aa0786a00442858c42bbb2e1.jpg,True,downloaded,
