location_id,candidate_id,requested_lat,requested_lng,pano_lat,pano_lng,capture_date,capture_year,pano_id,road_heading,copyright,metadata_status,cell_id,x_m,y_m,image_id,heading_set,images_per_location,direction_index,direction_label,heading_strategy,image_heading,image_pitch,image_fov,image_width,image_height,batch_number,batch_id,batch_location_index,image_file,image_url,image_downloaded,download_status,download_error
034f3e35929eeed95a893485fa074eda135cc2bb,c4ef347fefd16316ea87d5dbe78e5e17340ffe4e,-15.800669600058864,-48.13335999996593,-15.800690908604,-48.13339265479155,2026-02,2026,RwPcj8lx3Fxg8QMIprutpw,67.28578860642047,© Google,OK,3_5,164283.03878458956,8250611.866288561,3ab4779f48874d3ca9d884bae021fd47e3fca85e,cardinal,4,0,0_deg_north,cardinal,0,0,90,640,640,8,batch_0008,1,datasets/df_2024_uniform/batch_0008/images/3ab4779f48874d3ca9d884bae021fd47e3fca85e.jpg,https://raw.githubusercontent.com/GUIA-DD/dataset-streetview/refs/heads/main/datasets/df_2024_uniform/batch_0008/images/3ab4779f48874d3ca9d884bae021fd47e3fca85e.jpg,True,downloaded,
034f3e35929eeed95a893485fa074eda135cc2bb,c4ef347fefd16316ea87d5dbe78e5e17340ffe4e,-15.800669600058864,-48.13335999996593,-15.800690908604,-48.13339265479155,2026-02,2026,RwPcj8lx3Fxg8QMIprutpw,67.28578860642047,© Google,OK,3_5,164283.03878458956,8250611.866288561,7709ac97205240ace5fe7cbe5699c81b1fb2afb8,cardinal,4,1,90_deg_east,cardinal,90,0,90,640,640,8,batch_0008,2,datasets/df_2024_uniform/batch_0008/images/7709ac97205240ace5fe7cbe5699c81b1fb2afb8.jpg,https://raw.githubusercontent.com/GUIA-DD/dataset-streetview/refs/heads/main/datasets/df_2024_uniform/batch_0008/images/7709ac97205240ace5fe7cbe5699c81b1fb2afb8.jpg,True,downloaded,
034f3e35929eeed95a893485fa074eda135cc2bb,c4ef347fefd16316ea87d5dbe78e5e17340ffe4e,-15.800669600058864,-48.13335999996593,-15.800690908604,-48.13339265479155,2026-02,2026,RwPcj8lx3Fxg8QMIprutpw,67.28578860642047,© Google,OK,3_5,164283.03878458956,8250611.866288561,09911413d2c15f6fa3819d69695ef62131e7e6d1,cardinal,4,2,180_deg_south,cardinal,180,0,90,640,640,8,batch_0008,3,datasets/df_2024_uniform/batch_0008/images/09911413d2c15f6fa3819d69695ef62131e7e6d1.jpg,https://raw.githubusercontent.com/GUIA-DD/dataset-streetview/refs/heads/main/datasets/df_2024_uniform/batch_0008/images/09911413d2c15f6fa3819d69695ef62131e7e6d1.jpg,True,downloaded,
034f3e35929eeed95a893485fa074eda135cc2bb,c4ef347fefd16316ea87d5dbe78e5e17340ffe4e,-15.800669600058864,-48.13335999996593,-15.800690908604,-48.13339265479155,2026-02,2026,RwPcj8lx3Fxg8QMIprutpw,67.28578860642047,© Google,OK,3_5,164283.03878458956,8250611.866288561,05a510262c5035d3599f011c43291533b9b214cd,cardinal,4,3,270_deg_west,cardinal,270,0,90,640,640,8,batch_0008,4,datasets/df_2024_uniform/batch_0008/images/05a510262c5035d3599f011c43291533b9b214cd.jpg,https://raw.githubusercontent.com/GUIA-DD/dataset-streetview/refs/heads/main/datasets/df_2024_uniform/batch_0008/images/05a510262c5035d3599f011c43291533b9b214cd.jpg,True,downloaded,
04828306950ca9e0e9363a95c58379fb45b578e1,e7a1af89569c82a5902290884cf605239853b5bb,-15.74849970067167,-47.76948879967141,-15.74849753809186,-47.7694584295597,2024-07,2024,SlY_Q6HHzJ7nX5qJGRCKMA,70.61037670149513,© Google,OK,10_6,203221.0138537085,8256935.995221343,9ed1fc33ae735328def9692f3da63b92c26c5ace,cardinal,4,0,0_deg_north,cardinal,0,0,90,640,640,8,batch_0008,5,datasets/df_2024_uniform/batch_0008/images/9ed1fc33ae735328def9692f3da63b92c26c5ace.jpg,https://raw.githubusercontent.com/GUIA-DD/dataset-streetview/refs/heads/main/datasets/df_2024_uniform/batch_0008/images/9ed1fc33ae735328def9692f3da63b92c26c5ace.jpg,True,downloaded,
04828306950ca9e0e9363a95c58379fb45b578e1,e7a1af89569c82a5902290884cf605239853b5bb,-15.74849970067167,-47.76948879967141,-15.74849753809186,-47.7694584295597,2024-07,2024,SlY_Q6HHzJ7nX5qJGRCKMA,70.61037670149513,© Google,OK,10_6,203221.0138537085,8256935.995221343,1efab79b6d3e305991c73866ddca32888876ead2,cardinal,4,1,90_deg_east,cardinal,90,0,90,640,640,8,batch_0008,6,datasets/df_2024_uniform/batch_0008/images/1efab79b6d3e305991c73866ddca32888876ead2.jpg,https://raw.githubusercontent.com/GUIA-DD/dataset-streetview/refs/heads/main/datasets/df_2024_uniform/batch_0008/images/1efab79b6d3e305991c73866ddca32888876ead2.jpg,True,downloaded,
04828306950ca9e0e9363a95c58379fb45b578e1,e7a1af89569c82a5902290884cf605239853b5bb,-15.74849970067167,-47.76948879967141,-15.74849753809186,-47.7694584295597,2024-07,2024,SlY_Q6HHzJ7nX5qJGRCKMA,70.61037670149513,© Google,OK,10_6,203221.0138537085,8256935.995221343,527c47fbea10515defd8348a34856308602bf361,cardinal,4,2,180_deg_south,cardinal,180,0,90,640,640,8,batch_0008,7,datasets/df_2024_uniform/batch_0008/images/527c47fbea10515defd8348a34856308602bf361.jpg,https://raw.githubusercontent.com/GUIA-DD/dataset-streetview/refs/heads/main/datasets/df_2024_uniform/batch_0008/images/527c47fbea10515defd8348a34856308602bf361.jpg,True,downloaded,
04828306950ca9e0e9363a95c58379fb45b578e1,e7a1af89569c82a5902290884cf605239853b5bb,-15.74849970067167,-47.76948879967141,-15.74849753809186,-47.7694584295597,2024-07,2024,SlY_Q6HHzJ7nX5qJGRCKMA,70.61037670149513,© Google,OK,10_6,203221.0138537085,8256935.995221343,c224d3d9b92ceb8a7413a37e9e38274b08716102,cardinal,4,3,270_deg_west,cardinal,270,0,90,640,640,8,batch_0008,8,datasets/df_2024_uniform/batch_0008/images/c224d3d9b92ceb8a7413a37e9e38274b08716102.jpg,https://raw.githubusercontent.com/GUIA-DD/dataset-streetview/refs/heads/main/datasets/df_2024_uniform/batch_0008/images/c224d3d9b92ceb8a7413a37e9e38274b08716102.jpg,True,downloaded,
04a58a6ef542c7f57e9ceb1d30dd50783b366301,2c40d80182020de71138aab5af1fa27bddea4870,-15.782812252219593,-48.139746156277845,-15.78284067095875,-48.13972505998371,2024-07,2024,U2-kJxj4mNhJMyAmoaeHQA,158.7882982674106,© Google,OK,2_6,163568.69609236607,8252579.436102032,3896f9145e57412da494002b2e80d1743b9e0e86,cardinal,4,0,0_deg_north,cardinal,0,0,90,640,640,8,batch_0008,9,datasets/df_2024_uniform/batch_0008/images/3896f9145e57412da494002b2e80d1743b9e0e86.jpg,https://raw.githubusercontent.com/GUIA-DD/dataset-streetview/refs/heads/main/datasets/df_2024_uniform/batch_0008/images/3896f9145e57412da494002b2e80d1743b9e0e86.jpg,True,downloaded,
04a58a6ef542c7f57e9ceb1d30dd50783b366301,2c40d80182020de71138aab5af1fa27bddea4870,-15.782812252219593,-48.139746156277845,-15.78284067095875,-48.13972505998371,2024-07,2024,U2-kJxj4mNhJMyAmoaeHQA,158.7882982674106,© Google,OK,2_6,163568.69609236607,8252579.436102032,e7c29569b39ddf63e3405a4260604f15e9a91306,cardinal,4,1,90_deg_east,cardinal,90,0,90,640,640,8,batch_0008,10,datasets/df_2024_uniform/batch_0008/images/e7c29569b39ddf63e3405a4260604f15e9a91306.jpg,https://raw.githubusercontent.com/GUIA-DD/dataset-streetview/refs/heads/main/datasets/df_2024_uniform/batch_0008/images/e7c29569b39ddf63e3405a4260604f15e9a91306.jpg,True,downloaded,
04a58a6ef542c7f57e9ceb1d30dd50783b366301,2c40d80182020de71138aab5af1fa27bddea4870,-15.782812252219593,-48.139746156277845,-15.78284067095875,-48.13972505998371,2024-07,2024,U2-kJxj4mNhJMyAmoaeHQA,158.7882982674106,© Google,OK,2_6,163568.69609236607,8252579.436102032,85f8bb43d3e7f6f47b4104a66b820d54afa2d372,cardinal,4,2,180_deg_south,cardinal,180,0,90,640,640,8,batch_0008,11,datasets/df_2024_uniform/batch_0008/images/85f8bb43d3e7f6f47b4104a66b820d54afa2d372.jpg,https://raw.githubusercontent.com/GUIA-DD/dataset-streetview/refs/heads/main/datasets/df_2024_uniform/batch_0008/images/85f8bb43d3e7f6f47b4104a66b820d54afa2d372.jpg,True,downloaded,
04a58a6ef542c7f57e9ceb1d30dd50783b366301,2c40d80182020de71138aab5af1fa27bddea4870,-15.782812252219593,-48.139746156277845,-15.78284067095875,-48.13972505998371,2024-07,2024,U2-kJxj4mNhJMyAmoaeHQA,158.7882982674106,© Google,OK,2_6,163568.69609236607,8252579.436102032,7ba6c4590ece46c36ada98c058b9cdf5919f4eb5,cardinal,4,3,270_deg_west,cardinal,270,0,90,640,640,8,batch_0008,12,datasets/df_2024_uniform/batch_0008/images/7ba6c4590ece46c36ada98c058b9cdf5919f4eb5.jpg,https://raw.githubusercontent.com/GUIA-DD/dataset-streetview/refs/heads/main/datasets/df_2024_uniform/batch_0008/images/7ba6c4590ece46c36ada98c058b9cdf5919f4eb5.jpg,True,downloaded,
04a8a6824b689283d3a8d4ae60c41ac004804b6a,e3ca07ce6f9ec9f0e2cc3d5df3654da5b2a53165,-15.838862038546164,-47.5629024762535,-15.83888141408016,-47.56291972106789,2025-07,2025,gMs28KzFVUwuswiBLCSzqA,249.88440796116777,© Google,OK,15_4,225493.9133682321,8247212.200498284,2e1744f787325fdaef330f0290f6ff0f56de68b7,cardinal,4,0,0_deg_north,cardinal,0,0,90,640,640,8,batch_0008,13,datasets/df_2024_uniform/batch_0008/images/2e1744f787325fdaef330f0290f6ff0f56de68b7.jpg,https://raw.githubusercontent.com/GUIA-DD/dataset-streetview/refs/heads/main/datasets/df_2024_uniform/batch_0008/images/2e1744f787325fdaef330f0290f6ff0f56de68b7.jpg,True,downloaded,
04a8a6824b689283d3a8d4ae60c41ac004804b6a,e3ca07ce6f9ec9f0e2cc3d5df3654da5b2a53165,-15.838862038546164,-47.5629024762535,-15.83888141408016,-47.56291972106789,2025-07,2025,gMs28KzFVUwuswiBLCSzqA,249.88440796116777,© Google,OK,15_4,225493.9133682321,8247212.200498284,466dfecb7000f7572a23549440c5c76fe16efe8c,cardinal,4,1,90_deg_east,cardinal,90,0,90,640,640,8,batch_0008,14,datasets/df_2024_uniform/batch_0008/images/466dfecb7000f7572a23549440c5c76fe16efe8c.jpg,https://raw.githubusercontent.com/GUIA-DD/dataset-streetview/refs/heads/main/datasets/df_2024_uniform/batch_0008/images/466dfecb7000f7572a23549440c5c76fe16efe8c.jpg,True,downloaded,
04a8a6824b689283d3a8d4ae60c41ac004804b6a,e3ca07ce6f9ec9f0e2cc3d5df3654da5b2a53165,-15.838862038546164,-47.5629024762535,-15.83888141408016,-47.56291972106789,2025-07,2025,gMs28KzFVUwuswiBLCSzqA,249.88440796116777,© Google,OK,15_4,225493.9133682321,8247212.200498284,b5aed7c2985f074f0b7cd0401335159d72dba5d5,cardinal,4,2,180_deg_south,cardinal,180,0,90,640,640,8,batch_0008,15,datasets/df_2024_uniform/batch_0008/images/b5aed7c2985f074f0b7cd0401335159d72dba5d5.jpg,https://raw.githubusercontent.com/GUIA-DD/dataset-streetview/refs/heads/main/datasets/df_2024_uniform/batch_0008/images/b5aed7c2985f074f0b7cd0401335159d72dba5d5.jpg,True,downloaded,
04a8a6824b689283d3a8d4ae60c41ac004804b6a,e3ca07ce6f9ec9f0e2cc3d5df3654da5b2a53165,-15.838862038546164,-47.5629024762535,-15.83888141408016,-47.56291972106789,2025-07,2025,gMs28KzFVUwuswiBLCSzqA,249.88440796116777,© Google,OK,15_4,225493.9133682321,8247212.200498284,bbf97cae9dbc2d52871fb78935fae0537f88e2f6,cardinal,4,3,270_deg_west,cardinal,270,0,90,640,640,8,batch_0008,16,datasets/df_2024_uniform/batch_0008/images/bbf97cae9dbc2d52871fb78935fae0537f88e2f6.jpg,https://raw.githubusercontent.com/GUIA-DD/dataset-streetview/refs/heads/main/datasets/df_2024_uniform/batch_0008/images/bbf97cae9dbc2d52871fb78935fae0537f88e2f6.jpg,True,downloaded,
094c36a9456822eb12f89366db147e49a47bce73,ff0b4d5d28e9ef00a1acfb1153ddb8fbd349f2d3,-15.96137738294552,-47.81782469831481,-15.96134539356321,-47.81779161921956,2025-01,2025,ZLePNk9EM36TNm2Q6Neh2w,183.7389711896166,© Google,OK,9_2,198354.7433413372,8233295.911591184,bf0d02129b95948b5eccaeb3363199be34e10a00,cardinal,4,0,0_deg_north,cardinal,0,0,90,640,640,8,batch_0008,17,datasets/df_2024_uniform/batch_0008/images/bf0d02129b95948b5eccaeb3363199be34e10a00.jpg,https://raw.githubusercontent.com/GUIA-DD/dataset-streetview/refs/heads/main/datasets/df_2024_uniform/batch_0008/images/bf0d02129b95948b5eccaeb3363199be34e10a00.jpg,True,downloaded,
094c36a9456822eb12f89366db147e49a47bce73,ff0b4d5d28e9ef00a1acfb1153ddb8fbd349f2d3,-15.96137738294552,-47.81782469831481,-15.96134539356321,-47.81779161921956,2025-01,2025,ZLePNk9EM36TNm2Q6Neh2w,183.7389711896166,© Google,OK,9_2,198354.7433413372,8233295.911591184,eeedf26cdf5f84b104d5147b71762d8091198873,cardinal,4,1,90_deg_east,cardinal,90,0,90,640,640,8,batch_0008,18,datasets/df_2024_uniform/batch_0008/images/eeedf26cdf5f84b104d5147b71762d8091198873.jpg,https://raw.githubusercontent.com/GUIA-DD/dataset-streetview/refs/heads/main/datasets/df_2024_uniform/batch_0008/images/eeedf26cdf5f84b104d5147b71762d8091198873.jpg,True,downloaded,
094c36a9456822eb12f89366db147e49a47bce73,ff0b4d5d28e9ef00a1acfb1153ddb8fbd349f2d3,-15.96137738294552,-47.81782469831481,-15.96134539356321,-47.81779161921956,2025-01,2025,ZLePNk9EM36TNm2Q6Neh2w,183.7389711896166,© Google,OK,9_2,198354.7433413372,8233295.911591184,d5fe8441734b9adbe9caf29b8094765fd9f98669,cardinal,4,2,180_deg_south,cardinal,180,0,90,640,640,8,batch_0008,19,datasets/df_2024_uniform/batch_0008/images/d5fe8441734b9adbe9caf29b8094765fd9f98669.jpg,https://raw.githubusercontent.com/GUIA-DD/dataset-streetview/refs/heads/main/datasets/df_2024_uniform/batch_0008/images/d5fe8441734b9adbe9caf29b8094765fd9f98669.jpg,True,downloaded,
094c36a9456822eb12f89366db147e49a47bce73,ff0b4d5d28e9ef00a1acfb1153ddb8fbd349f2d3,-15.96137738294552,-47.81782469831481,-15.96134539356321,-47.81779161921956,2025-01,2025,ZLePNk9EM36TNm2Q6Neh2w,183.7389711896166,© Google,OK,9_2,198354.7433413372,8233295.911591184,a7483ae2a2f21d55608c13f59785704e9d783854,cardinal,4,3,270_deg_west,cardinal,270,0,90,640,640,8,batch_0008,20,datasets/df_2024_uniform/batch_0008/images/a7483ae2a2f21d55608c13f59785704e9d783854.jpg,https://raw.githubusercontent.com/GUIA-DD/dataset-streetview/refs/heads/main/datasets/df_2024_uniform/batch_0008/images/a7483ae2a2f21d55608c13f59785704e9d783854.jpg,True,downloaded,
0ad6013297e2e8fc69293b84560f17346fd1165d,0195c122f534870f865575da46aa5547749339cf,-15.780392600025282,-47.98585879996919,-15.78039134318533,-47.98587845892281,2024-06,2024,Ml9iOAwZQ2Lc6M9XKi8kTA,230.66313050019988,© Google,OK,6_6,180067.43554139353,8253087.564221915,a45e2e2e2dc645323ea6b37cf263296baa2fbc83,cardinal,4,0,0_deg_north,cardinal,0,0,90,640,640,8,batch_0008,21,datasets/df_2024_uniform/batch_0008/images/a45e2e2e2dc645323ea6b37cf263296baa2fbc83.jpg,https://raw.githubusercontent.com/GUIA-DD/dataset-streetview/refs/heads/main/datasets/df_2024_uniform/batch_0008/images/a45e2e2e2dc645323ea6b37cf263296baa2fbc83.jpg,True,downloaded,
0ad6013297e2e8fc69293b84560f17346fd1165d,0195c122f534870f865575da46aa5547749339cf,-15.780392600025282,-47.98585879996919,-15.78039134318533,-47.98587845892281,2024-06,2024,Ml9iOAwZQ2Lc6M9XKi8kTA,230.66313050019988,© Google,OK,6_6,180067.43554139353,8253087.564221915,cb1ebdc4438d4ad6ff99fe021086221ec91171ff,cardinal,4,1,90_deg_east,cardinal,90,0,90,640,640,8,batch_0008,22,datasets/df_2024_uniform/batch_0008/images/cb1ebdc4438d4ad6ff99fe021086221ec91171ff.jpg,https://raw.githubusercontent.com/GUIA-DD/dataset-streetview/refs/heads/main/datasets/df_2024_uniform/batch_0008/images/cb1ebdc4438d4ad6ff99fe021086221ec91171ff.jpg,True,downloaded,
0ad6013297e2e8fc69293b84560f17346fd1165d,0195c122f534870f865575da46aa5547749339cf,-15.780392600025282,-47.98585879996919,-15.78039134318533,-47.98587845892281,2024-06,2024,Ml9iOAwZQ2Lc6M9XKi8kTA,230.66313050019988,© Google,OK,6_6,180067.43554139353,8253087.564221915,d2921e49bfe53ec6628b7deba233cae33f2a3c3f,cardinal,4,2,180_deg_south,cardinal,180,0,90,640,640,8,batch_0008,23,datasets/df_2024_uniform/batch_0008/images/d2921e49bfe53ec6628b7deba233cae33f2a3c3f.jpg,https://raw.githubusercontent.com/GUIA-DD/dataset-streetview/refs/heads/main/datasets/df_2024_uniform/batch_0008/images/d2921e49bfe53ec6628b7deba233cae33f2a3c3f.jpg,True,downloaded,
0ad6013297e2e8fc69293b84560f17346fd1165d,0195c122f534870f865575da46aa5547749339cf,-15.780392600025282,-47.98585879996919,-15.78039134318533,-47.98587845892281,2024-06,2024,Ml9iOAwZQ2Lc6M9XKi8kTA,230.66313050019988,© Google,OK,6_6,180067.43554139353,8253087.564221915,e90b4c18f67c5c7abb52313e3fea1951f3c45b13,cardinal,4,3,270_deg_west,cardinal,270,0,90,640,640,8,batch_0008,24,datasets/df_2024_uniform/batch_0008/images/e90b4c18f67c5c7abb52313e3fea1951f3c45b13.jpg,https://raw.githubusercontent.com/GUIA-DD/dataset-streetview/refs/heads/main/datasets/df_2024_uniform/batch_0008/images/e90b4c18f67c5c7abb52313e3fea1951f3c45b13.jpg,True,downloaded,
0db63860388c39f07fbe54c04e1608264af7d161,83fc7236a61cd326e76417933a9aef07e06ff50b,-15.78949604702161,-47.97193671308277,-15.78953971603999,-47.97191583812025,2024-06,2024,p6bxDdy9r2bTJb5_QmuGXA,138.99421508560798,© Google,OK,6_5,181574.5655121612,8252100.576379853,3c6690202574c96442a4841975645c1408e59a28,cardinal,4,0,0_deg_north,cardinal,0,0,90,640,640,8,batch_0008,25,datasets/df_2024_uniform/batch_0008/images/3c6690202574c96442a4841975645c1408e59a28.jpg,https://raw.githubusercontent.com/GUIA-DD/dataset-streetview/refs/heads/main/datasets/df_2024_uniform/batch_0008/images/3c6690202574c96442a4841975645c1408e59a28.jpg,True,downloaded,
0db63860388c39f07fbe54c04e1608264af7d161,83fc7236a61cd326e76417933a9aef07e06ff50b,-15.78949604702161,-47.97193671308277,-15.78953971603999,-47.97191583812025,2024-06,2024,p6bxDdy9r2bTJb5_QmuGXA,138.99421508560798,© Google,OK,6_5,181574.5655121612,8252100.576379853,3ab2d1b987c1f5741c6b0826f539a026b7fe09b5,cardinal,4,1,90_deg_east,cardinal,90,0,90,640,640,8,batch_0008,26,datasets/df_2024_uniform/batch_0008/images/3ab2d1b987c1f5741c6b0826f539a026b7fe09b5.jpg,https://raw.githubusercontent.com/GUIA-DD/dataset-streetview/refs/heads/main/datasets/df_2024_uniform/batch_0008/images/3ab2d1b987c1f5741c6b0826f539a026b7fe09b5.jpg,True,downloaded,
0db63860388c39f07fbe54c04e1608264af7d161,83fc7236a61cd326e76417933a9aef07e06ff50b,-15.78949604702161,-47.97193671308277,-15.78953971603999,-47.97191583812025,2024-06,2024,p6bxDdy9r2bTJb5_QmuGXA,138.99421508560798,© Google,OK,6_5,181574.5655121612,8252100.576379853,e3875d21de5a29ec13e1754812f264bfdd2ea769,cardinal,4,2,180_deg_south,cardinal,180,0,90,640,640,8,batch_0008,27,datasets/df_2024_uniform/batch_0008/images/e3875d21de5a29ec13e1754812f264bfdd2ea769.jpg,https://raw.githubusercontent.com/GUIA-DD/dataset-streetview/refs/heads/main/datasets/df_2024_uniform/batch_0008/images/e3875d21de5a29ec13e1754812f264bfdd2ea769.jpg,True,downloaded,
0db63860388c39f07fbe54c04e1608264af7d161,83fc7236a61cd326e76417933a9aef07e06ff50b,-15.78949604702161,-47.97193671308277,-15.78953971603999,-47.97191583812025,2024-06,2024,p6bxDdy9r2bTJb5_QmuGXA,138.99421508560798,© Google,OK,6_5,181574.5655121612,8252100.576379853,dac48dc3c78e481c7447c57ad342d4c9cb0417dd,cardinal,4,3,270_deg_west,cardinal,270,0,90,640,640,8,batch_0008,28,datasets/df_2024_uniform/batch_0008/images/dac48dc3c78e481c7447c57ad342d4c9cb0417dd.jpg,https://raw.githubusercontent.com/GUIA-DD/dataset-streetview/refs/heads/main/datasets/df_2024_uniform/batch_0008/images/dac48dc3c78e481c7447c57ad342d4c9cb0417dd.jpg,True,downloaded,
0eacf9e2199a751ab009d8e385b37ecfaa2e10a9,36603070fafffeffb84578aac7d4cf84324cad48,-15.778851259035768,-47.38216510809985,-15.77882334229657,-47.38223093644767,2025-07,2025,riljE_hrNjqSvpEVWztIdA,351.19883603019906,© Google,OK,19_6,244786.8793504966,8254083.328249953,2caf133027fb1d3c3ecf04dfef49ad40d46c4bff,cardinal,4,0,0_deg_north,cardinal,0,0,90,640,640,8,batch_0008,29,datasets/df_2024_uniform/batch_0008/images/2caf133027fb1d3c3ecf04dfef49ad40d46c4bff.jpg,https://raw.githubusercontent.com/GUIA-DD/dataset-streetview/refs/heads/main/datasets/df_2024_uniform/batch_0008/images/2caf133027fb1d3c3ecf04dfef49ad40d46c4bff.jpg,True,downloaded,
0eacf9e2199a751ab009d8e385b37ecfaa2e10a9,36603070fafffeffb84578aac7d4cf84324cad48,-15.778851259035768,-47.38216510809985,-15.77882334229657,-47.38223093644767,2025-07,2025,riljE_hrNjqSvpEVWztIdA,351.19883603019906,© Google,OK,19_6,244786.8793504966,8254083.328249953,dd979b6b8b4778866ab4eb080e874bda6d755b5b,cardinal,4,1,90_deg_east,cardinal,90,0,90,640,640,8,batch_0008,30,datasets/df_2024_uniform/batch_0008/images/dd979b6b8b4778866ab4eb080e874bda6d755b5b.jpg,https://raw.githubusercontent.com/GUIA-DD/dataset-streetview/refs/heads/main/datasets/df_2024_uniform/batch_0008/images/dd979b6b8b4778866ab4eb080e874bda6d755b5b.jpg,True,downloaded,
0eacf9e2199a751ab009d8e385b37ecfaa2e10a9,36603070fafffeffb84578aac7d4cf84324cad48,-15.778851259035768,-47.38216510809985,-15.77882334229657,-47.38223093644767,2025-07,2025,riljE_hrNjqSvpEVWztIdA,351.19883603019906,© Google,OK,19_6,244786.8793504966,8254083.328249953,ccc21b9fab03ac55be89ce5ed110bcbee266092a,cardinal,4,2,180_deg_south,cardinal,180,0,90,640,640,8,batch_0008,31,datasets/df_2024_uniform/batch_0008/images/ccc21b9fab03ac55be89ce5ed110bcbee266092a.jpg,https://raw.githubusercontent.com/GUIA-DD/dataset-streetview/refs/heads/main/datasets/df_2024_uniform/batch_0008/images/ccc21b9fab03ac55be89ce5ed110bcbee266092a.jpg,True,downloaded,
0eacf9e2199a751ab009d8e385b37ecfaa2e10a9,36603070fafffeffb84578aac7d4cf84324cad48,-15.778851259035768,-47.38216510809985,-15.77882334229657,-47.38223093644767,2025-07,2025,riljE_hrNjqSvpEVWztIdA,351.19883603019906,© Google,OK,19_6,244786.8793504966,8254083.328249953,68382301da54aa1f486cfcd1622774fbd74b35b9,cardinal,4,3,270_deg_west,cardinal,270,0,90,640,640,8,batch_0008,32,datasets/df_2024_uniform/batch_0008/images/68382301da54aa1f486cfcd1622774fbd74b35b9.jpg,https://raw.githubusercontent.com/GUIA-DD/dataset-streetview/refs/heads/main/datasets/df_2024_uniform/batch_0008/images/68382301da54aa1f486cfcd1622774fbd74b35b9.jpg,True,downloaded,
0fce0f14aee06d4a4764450d6393ef743f7f488a,509a1caf046daa7f2b3a06567e56a6afd428945c,-15.852116432482546,-47.82080125418346,-15.85213971166053,-47.82079073261812,2024-12,2024,XPnBuDNBuPzYnBP145bN_w,181.61312276860045,© Google,OK,9_4,197872.5072675917,8245389.866266441,c29f05dab171ff9b4d9e5dae21621812069b626a,cardinal,4,0,0_deg_north,cardinal,0,0,90,640,640,8,batch_0008,33,datasets/df_2024_uniform/batch_0008/images/c29f05dab171ff9b4d9e5dae21621812069b626a.jpg,https://raw.githubusercontent.com/GUIA-DD/dataset-streetview/refs/heads/main/datasets/df_2024_uniform/batch_0008/images/c29f05dab171ff9b4d9e5dae21621812069b626a.jpg,True,downloaded,
0fce0f14aee06d4a4764450d6393ef743f7f488a,509a1caf046daa7f2b3a06567e56a6afd428945c,-15.852116432482546,-47.82080125418346,-15.85213971166053,-47.82079073261812,2024-12,2024,XPnBuDNBuPzYnBP145bN_w,181.61312276860045,© Google,OK,9_4,197872.5072675917,8245389.866266441,523165425c37bf421c94ef0f36f864c923aca826,cardinal,4,1,90_deg_east,cardinal,90,0,90,640,640,8,batch_0008,34,datasets/df_2024_uniform/batch_0008/images/523165425c37bf421c94ef0f36f864c923aca826.jpg,https://raw.githubusercontent.com/GUIA-DD/dataset-streetview/refs/heads/main/datasets/df_2024_uniform/batch_0008/images/523165425c37bf421c94ef0f36f864c923aca826.jpg,True,downloaded,
0fce0f14aee06d4a4764450d6393ef743f7f488a,509a1caf046daa7f2b3a06567e56a6afd428945c,-15.852116432482546,-47.82080125418346,-15.85213971166053,-47.82079073261812,2024-12,2024,XPnBuDNBuPzYnBP145bN_w,181.61312276860045,© Google,OK,9_4,197872.5072675917,8245389.866266441,3e91e0ded3845e264c7fec7b605c0971cd0b8792,cardinal,4,2,180_deg_south,cardinal,180,0,90,640,640,8,batch_0008,35,datasets/df_2024_uniform/batch_0008/images/3e91e0ded3845e264c7fec7b605c0971cd0b8792.jpg,https://raw.githubusercontent.com/GUIA-DD/dataset-streetview/refs/heads/main/datasets/df_2024_uniform/batch_0008/images/3e91e0ded3845e264c7fec7b605c0971cd0b8792.jpg,True,downloaded,
0fce0f14aee06d4a4764450d6393ef743f7f488a,509a1caf046daa7f2b3a06567e56a6afd428945c,-15.852116432482546,-47.82080125418346,-15.85213971166053,-47.82079073261812,2024-12,2024,XPnBuDNBuPzYnBP145bN_w,181.61312276860045,© Google,OK,9_4,197872.5072675917,8245389.866266441,b7bfbda91edfe070d5eaa25fd91673adc7511476,cardinal,4,3,270_deg_west,cardinal,270,0,90,640,640,8,batch_0008,36,datasets/df_2024_uniform/batch_0008/images/b7bfbda91edfe070d5eaa25fd91673adc7511476.jpg,https://raw.githubusercontent.com/GUIA-DD/dataset-streetview/refs/heads/main/datasets/df_2024_uniform/batch_0008/images/b7bfbda91edfe070d5eaa25fd91673adc7511476.jpg,True,downloaded,
1038f8ab4f3a80d33d9b3f76d5472280104da9c8,7cd622e640f2858e7c5612de469ed2f2c91096c5,-15.92276555009875,-47.60421504991447,-15.9227364344039,-47.60402186416987,2024-05,2024,DlR3CObReiLIenItKVECyw,240.66713281889275,© Google,OK,14_3,221182.0480515193,8237868.626371525,7869a901b1c72cb75185c0655ff6a42c10c6e1fe,cardinal,4,0,0_deg_north,cardinal,0,0,90,640,640,8,batch_0008,37,datasets/df_2024_uniform/batch_0008/images/7869a901b1c72cb75185c0655ff6a42c10c6e1fe.jpg,https://raw.githubusercontent.com/GUIA-DD/dataset-streetview/refs/heads/main/datasets/df_2024_uniform/batch_0008/images/7869a901b1c72cb75185c0655ff6a42c10c6e1fe.jpg,True,downloaded,
1038f8ab4f3a80d33d9b3f76d5472280104da9c8,7cd622e640f2858e7c5612de469ed2f2c91096c5,-15.92276555009875,-47.60421504991447,-15.9227364344039,-47.60402186416987,2024-05,2024,DlR3CObReiLIenItKVECyw,240.66713281889275,© Google,OK,14_3,221182.0480515193,8237868.626371525,a3df832ef56e0e433652ea3dee66d059cde6ded0,cardinal,4,1,90_deg_east,cardinal,90,0,90,640,640,8,batch_0008,38,datasets/df_2024_uniform/batch_0008/images/a3df832ef56e0e433652ea3dee66d059cde6ded0.jpg,https://raw.githubusercontent.com/GUIA-DD/dataset-streetview/refs/heads/main/datasets/df_2024_uniform/batch_0008/images/a3df832ef56e0e433652ea3dee66d059cde6ded0.jpg,True,downloaded,
1038f8ab4f3a80d33d9b3f76d5472280104da9c8,7cd622e640f2858e7c5612de469ed2f2c91096c5,-15.92276555009875,-47.60421504991447,-15.9227364344039,-47.60402186416987,2024-05,2024,DlR3CObReiLIenItKVECyw,240.66713281889275,© Google,OK,14_3,221182.0480515193,8237868.626371525,385b1747108c658dbda976ea4a16f16e3a8ba53e,cardinal,4,2,180_deg_south,cardinal,180,0,90,640,640,8,batch_0008,39,datasets/df_2024_uniform/batch_0008/images/385b1747108c658dbda976ea4a16f16e3a8ba53e.jpg,https://raw.githubusercontent.com/GUIA-DD/dataset-streetview/refs/heads/main/datasets/df_2024_uniform/batch_0008/images/385b1747108c658dbda976ea4a16f16e3a8ba53e.jpg,True,downloaded,
1038f8ab4f3a80d33d9b3f76d5472280104da9c8,7cd622e640f2858e7c5612de469ed2f2c91096c5,-15.92276555009875,-47.60421504991447,-15.9227364344039,-47.60402186416987,2024-05,2024,DlR3CObReiLIenItKVECyw,240.66713281889275,© Google,OK,14_3,221182.0480515193,8237868.626371525,64493b5e9e06c09fea6c20e0cbd5e493b3df710b,cardinal,4,3,270_deg_west,cardinal,270,0,90,640,640,8,batch_0008,40,datasets/df_2024_uniform/batch_0008/images/64493b5e9e06c09fea6c20e0cbd5e493b3df710b.jpg,https://raw.githubusercontent.com/GUIA-DD/dataset-streetview/refs/heads/main/datasets/df_2024_uniform/batch_0008/images/64493b5e9e06c09fea6c20e0cbd5e493b3df710b.jpg,True,downloaded,
116b16de1750708d1d603523ceb716ff7b281243,c7fbdd3f3dbbc11c611565f2c8727063487cc58f,-15.58403010507119,-47.35257655530072,-15.58401182418031,-47.35258341321942,2025-07,2025,okqyKFQJhbUCY1yQhJ72QQ,77.33545339786184,© Google,OK,19_10,247718.91799804792,8275684.004797969,f5faae4d46780366ef9b04daed24afc328119a70,cardinal,4,0,0_deg_north,cardinal,0,0,90,640,640,8,batch_0008,41,datasets/df_2024_uniform/batch_0008/images/f5faae4d46780366ef9b04daed24afc328119a70.jpg,https://raw.githubusercontent.com/GUIA-DD/dataset-streetview/refs/heads/main/datasets/df_2024_uniform/batch_0008/images/f5faae4d46780366ef9b04daed24afc328119a70.jpg,True,downloaded,
116b16de1750708d1d603523ceb716ff7b281243,c7fbdd3f3dbbc11c611565f2c8727063487cc58f,-15.58403010507119,-47.35257655530072,-15.58401182418031,-47.35258341321942,2025-07,2025,okqyKFQJhbUCY1yQhJ72QQ,77.33545339786184,© Google,OK,19_10,247718.91799804792,8275684.004797969,66d2d88e6ab74ebcd67e96ea6f5e25339f42fe53,cardinal,4,1,90_deg_east,cardinal,90,0,90,640,640,8,batch_0008,42,datasets/df_2024_uniform/batch_0008/images/66d2d88e6ab74ebcd67e96ea6f5e25339f42fe53.jpg,https://raw.githubusercontent.com/GUIA-DD/dataset-streetview/refs/heads/main/datasets/df_2024_uniform/batch_0008/images/66d2d88e6ab74ebcd67e96ea6f5e25339f42fe53.jpg,True,downloaded,
116b16de1750708d1d603523ceb716ff7b281243,c7fbdd3f3dbbc11c611565f2c8727063487cc58f,-15.58403010507119,-47.35257655530072,-15.58401182418031,-47.35258341321942,2025-07,2025,okqyKFQJhbUCY1yQhJ72QQ,77.33545339786184,© Google,OK,19_10,247718.91799804792,8275684.004797969,adc1ef62b9b9deba7c0dc09f23ecf5a7576b67e3,cardinal,4,2,180_deg_south,cardinal,180,0,90,640,640,8,batch_0008,43,datasets/df_2024_uniform/batch_0008/images/adc1ef62b9b9deba7c0dc09f23ecf5a7576b67e3.jpg,https://raw.githubusercontent.com/GUIA-DD/dataset-streetview/refs/heads/main/datasets/df_2024_uniform/batch_0008/images/adc1ef62b9b9deba7c0dc09f23ecf5a7576b67e3.jpg,True,downloaded,
116b16de1750708d1d603523ceb716ff7b281243,c7fbdd3f3dbbc11c611565f2c8727063487cc58f,-15.58403010507119,-47.35257655530072,-15.58401182418031,-47.35258341321942,2025-07,2025,okqyKFQJhbUCY1yQhJ72QQ,77.33545339786184,© Google,OK,19_10,247718.91799804792,8275684.004797969,7c14252a8591d7d4039aa476b5d629e1563f4f81,cardinal,4,3,270_deg_west,cardinal,270,0,90,640,640,8,batch_0008,44,datasets/df_2024_uniform/batch_0008/images/7c14252a8591d7d4039aa476b5d629e1563f4f81.jpg,https://raw.githubusercontent.com/GUIA-DD/dataset-streetview/refs/heads/main/datasets/df_2024_uniform/batch_0008/images/7c14252a8591d7d4039aa476b5d629e1563f4f81.jpg,True,downloaded,
11c00bc32bcf1d369fdeea3972e846bbdd0be0ba,e3cf6fbd7043a95b353ea51b05d38a438bf3a824,-16.026100487925973,-48.22658637510841,-16.02612912814923,-48.22656364615173,2025-05,2025,VEsFBy5GnDCaOv01RbqluA,68.98770879475514,© Google,OK,1_0,154671.532977976,8225491.059096035,7ce6173aba124aa60301b3bbca16ceb8510cdb4d,cardinal,4,0,0_deg_north,cardinal,0,0,90,640,640,8,batch_0008,45,datasets/df_2024_uniform/batch_0008/images/7ce6173aba124aa60301b3bbca16ceb8510cdb4d.jpg,https://raw.githubusercontent.com/GUIA-DD/dataset-streetview/refs/heads/main/datasets/df_2024_uniform/batch_0008/images/7ce6173aba124aa60301b3bbca16ceb8510cdb4d.jpg,True,downloaded,
11c00bc32bcf1d369fdeea3972e846bbdd0be0ba,e3cf6fbd7043a95b353ea51b05d38a438bf3a824,-16.026100487925973,-48.22658637510841,-16.02612912814923,-48.22656364615173,2025-05,2025,VEsFBy5GnDCaOv01RbqluA,68.98770879475514,© Google,OK,1_0,154671.532977976,8225491.059096035,3e3b6dae24e226ef3ba526c48e5f573017b6dc65,cardinal,4,1,90_deg_east,cardinal,90,0,90,640,640,8,batch_0008,46,datasets/df_2024_uniform/batch_0008/images/3e3b6dae24e226ef3ba526c48e5f573017b6dc65.jpg,https://raw.githubusercontent.com/GUIA-DD/dataset-streetview/refs/heads/main/datasets/df_2024_uniform/batch_0008/images/3e3b6dae24e226ef3ba526c48e5f573017b6dc65.jpg,True,downloaded,
11c00bc32bcf1d369fdeea3972e846bbdd0be0ba,e3cf6fbd7043a95b353ea51b05d38a438bf3a824,-16.026100487925973,-48.22658637510841,-16.02612912814923,-48.22656364615173,2025-05,2025,VEsFBy5GnDCaOv01RbqluA,68.98770879475514,© Google,OK,1_0,154671.532977976,8225491.059096035,ec338184b53c05e3d497943c348cebd37e687452,cardinal,4,2,180_deg_south,cardinal,180,0,90,640,640,8,batch_0008,47,datasets/df_2024_uniform/batch_0008/images/ec338184b53c05e3d497943c348cebd37e687452.jpg,https://raw.githubusercontent.com/GUIA-DD/dataset-streetview/refs/heads/main/datasets/df_2024_uniform/batch_0008/images/ec338184b53c05e3d497943c348cebd37e687452.jpg,True,downloaded,
11c00bc32bcf1d369fdeea3972e846bbdd0be0ba,e3cf6fbd7043a95b353ea51b05d38a438bf3a824,-16.026100487925973,-48.22658637510841,-16.02612912814923,-48.22656364615173,2025-05,2025,VEsFBy5GnDCaOv01RbqluA,68.98770879475514,© Google,OK,1_0,154671.532977976,8225491.059096035,cf2a2daed64823efacd7d72f1eb3a5673321b03d,cardinal,4,3,270_deg_west,cardinal,270,0,90,640,640,8,batch_0008,48,datasets/df_2024_uniform/batch_0008/images/cf2a2daed64823efacd7d72f1eb3a5673321b03d.jpg,https://raw.githubusercontent.com/GUIA-DD/dataset-streetview/refs/heads/main/datasets/df_2024_uniform/batch_0008/images/cf2a2daed64823efacd7d72f1eb3a5673321b03d.jpg,True,downloaded,
129601a45f4e383018ff3bca4de6039fcc96f468,afffc18730f03babc214e25b1e3611d854079057,-15.6540713897067,-47.80874961415175,-15.65404629050645,-47.80878512557504,2024-07,2024,uEQynEAmRpNVSrXS8DaUvA,10.753515916092145,© Google,OK,9_8,198872.12054390984,8267335.964076195,239c6b781a500be81696de5866000973ede45b1f,cardinal,4,0,0_deg_north,cardinal,0,0,90,640,640,8,batch_0008,49,datasets/df_2024_uniform/batch_0008/images/239c6b781a500be81696de5866000973ede45b1f.jpg,https://raw.githubusercontent.com/GUIA-DD/dataset-streetview/refs/heads/main/datasets/df_2024_uniform/batch_0008/images/239c6b781a500be81696de5866000973ede45b1f.jpg,True,downloaded,
129601a45f4e383018ff3bca4de6039fcc96f468,afffc18730f03babc214e25b1e3611d854079057,-15.6540713897067,-47.80874961415175,-15.65404629050645,-47.80878512557504,2024-07,2024,uEQynEAmRpNVSrXS8DaUvA,10.753515916092145,© Google,OK,9_8,198872.12054390984,8267335.964076195,58baa28b9085a069d4c529f7c2d91364388016d2,cardinal,4,1,90_deg_east,cardinal,90,0,90,640,640,8,batch_0008,50,datasets/df_2024_uniform/batch_0008/images/58baa28b9085a069d4c529f7c2d91364388016d2.jpg,https://raw.githubusercontent.com/GUIA-DD/dataset-streetview/refs/heads/main/datasets/df_2024_uniform/batch_0008/images/58baa28b9085a069d4c529f7c2d91364388016d2.jpg,True,downloaded,
129601a45f4e383018ff3bca4de6039fcc96f468,afffc18730f03babc214e25b1e3611d854079057,-15.6540713897067,-47.80874961415175,-15.65404629050645,-47.80878512557504,2024-07,2024,uEQynEAmRpNVSrXS8DaUvA,10.753515916092145,© Google,OK,9_8,198872.12054390984,8267335.964076195,a5c323ce1cbea10395e12d35d4ac4c16d6ee0300,cardinal,4,2,180_deg_south,cardinal,180,0,90,640,640,8,batch_0008,51,datasets/df_2024_uniform/batch_0008/images/a5c323ce1cbea10395e12d35d4ac4c16d6ee0300.jpg,https://raw.githubusercontent.com/GUIA-DD/dataset-streetview/refs/heads/main/datasets/df_2024_uniform/batch_0008/images/a5c323ce1cbea10395e12d35d4ac4c16d6ee0300.jpg,True,downloaded,
129601a45f4e383018ff3bca4de6039fcc96f468,afffc18730f03babc214e25b1e3611d854079057,-15.6540713897067,-47.80874961415175,-15.65404629050645,-47.80878512557504,2024-07,2024,uEQynEAmRpNVSrXS8DaUvA,10.753515916092145,© Google,OK,9_8,198872.12054390984,8267335.964076195,a62324b3952a5d4781fa9dbeeaaab77f054a92bf,cardinal,4,3,270_deg_west,cardinal,270,0,90,640,640,8,batch_0008,52,datasets/df_2024_uniform/batch_0008/images/a62324b3952a5d4781fa9dbeeaaab77f054a92bf.jpg,https://raw.githubusercontent.com/GUIA-DD/dataset-streetview/refs/heads/main/datasets/df_2024_uniform/batch_0008/images/a62324b3952a5d4781fa9dbeeaaab77f054a92bf.jpg,True,downloaded,
12af5219c1a8f64961454023b25c6027e4c84856,ba47bd7124ebff970319b6603281e0d1d913bb3f,-16.016886750869684,-47.37922975045238,-16.0168831377945,-47.37919937883498,2024-10,2024,ujN143lBIbaA8M7FBeqlGw,99.0907403194956,© Google,OK,19_1,245401.40710545296,8227737.539774498,0e4e18ca77d1fa929e6848adb8c952cf77a508fe,cardinal,4,0,0_deg_north,cardinal,0,0,90,640,640,8,batch_0008,53,datasets/df_2024_uniform/batch_0008/images/0e4e18ca77d1fa929e6848adb8c952cf77a508fe.jpg,https://raw.githubusercontent.com/GUIA-DD/dataset-streetview/refs/heads/main/datasets/df_2024_uniform/batch_0008/images/0e4e18ca77d1fa929e6848adb8c952cf77a508fe.jpg,True,downloaded,
12af5219c1a8f64961454023b25c6027e4c84856,ba47bd7124ebff970319b6603281e0d1d913bb3f,-16.016886750869684,-47.37922975045238,-16.0168831377945,-47.37919937883498,2024-10,2024,ujN143lBIbaA8M7FBeqlGw,99.0907403194956,© Google,OK,19_1,245401.40710545296,8227737.539774498,8dc779288b9fd27f82c04933c2c6b056bffedb81,cardinal,4,1,90_deg_east,cardinal,90,0,90,640,640,8,batch_0008,54,datasets/df_2024_uniform/batch_0008/images/8dc779288b9fd27f82c04933c2c6b056bffedb81.jpg,https://raw.githubusercontent.com/GUIA-DD/dataset-streetview/refs/heads/main/datasets/df_2024_uniform/batch_0008/images/8dc779288b9fd27f82c04933c2c6b056bffedb81.jpg,True,downloaded,
12af5219c1a8f64961454023b25c6027e4c84856,ba47bd7124ebff970319b6603281e0d1d913bb3f,-16.016886750869684,-47.37922975045238,-16.0168831377945,-47.37919937883498,2024-10,2024,ujN143lBIbaA8M7FBeqlGw,99.0907403194956,© Google,OK,19_1,245401.40710545296,8227737.539774498,83b9845f6c984588dd1f28f2907959931cd2fb0a,cardinal,4,2,180_deg_south,cardinal,180,0,90,640,640,8,batch_0008,55,datasets/df_2024_uniform/batch_0008/images/83b9845f6c984588dd1f28f2907959931cd2fb0a.jpg,https://raw.githubusercontent.com/GUIA-DD/dataset-streetview/refs/heads/main/datasets/df_2024_uniform/batch_0008/images/83b9845f6c984588dd1f28f2907959931cd2fb0a.jpg,True,downloaded,
12af5219c1a8f64961454023b25c6027e4c84856,ba47bd7124ebff970319b6603281e0d1d913bb3f,-16.016886750869684,-47.37922975045238,-16.0168831377945,-47.37919937883498,2024-10,2024,ujN143lBIbaA8M7FBeqlGw,99.0907403194956,© Google,OK,19_1,245401.40710545296,8227737.539774498,e40ed033035b6a0813ad29502ccf306e86b191d4,cardinal,4,3,270_deg_west,cardinal,270,0,90,640,640,8,batch_0008,56,datasets/df_2024_uniform/batch_0008/images/e40ed033035b6a0813ad29502ccf306e86b191d4.jpg,https://raw.githubusercontent.com/GUIA-DD/dataset-streetview/refs/heads/main/datasets/df_2024_uniform/batch_0008/images/e40ed033035b6a0813ad29502ccf306e86b191d4.jpg,True,downloaded,
13c1633c1c947a6780ee16cc40f0b548933c7593,aa8941b00400c1f7ede74d24bca8fb60446cb5b9,-15.579937901092377,-47.40182909997665,-15.5798922742638,-47.40184795764305,2024-11,2024,l4E5nTAy46_mCqHdzCa92g,84.61641749602875,© Google,OK,18_10,242429.5256665931,8276078.052073324,4cdf0158d9298b7d68bcd55b3c73e8e92d16d34e,cardinal,4,0,0_deg_north,cardinal,0,0,90,640,640,8,batch_0008,57,datasets/df_2024_uniform/batch_0008/images/4cdf0158d9298b7d68bcd55b3c73e8e92d16d34e.jpg,https://raw.githubusercontent.com/GUIA-DD/dataset-streetview/refs/heads/main/datasets/df_2024_uniform/batch_0008/images/4cdf0158d9298b7d68bcd55b3c73e8e92d16d34e.jpg,True,downloaded,
13c1633c1c947a6780ee16cc40f0b548933c7593,aa8941b00400c1f7ede74d24bca8fb60446cb5b9,-15.579937901092377,-47.40182909997665,-15.5798922742638,-47.40184795764305,2024-11,2024,l4E5nTAy46_mCqHdzCa92g,84.61641749602875,© Google,OK,18_10,242429.5256665931,8276078.052073324,e781b6ae6a2011f3259ba40bef0a2045169ed2cd,cardinal,4,1,90_deg_east,cardinal,90,0,90,640,640,8,batch_0008,58,datasets/df_2024_uniform/batch_0008/images/e781b6ae6a2011f3259ba40bef0a2045169ed2cd.jpg,https://raw.githubusercontent.com/GUIA-DD/dataset-streetview/refs/heads/main/datasets/df_2024_uniform/batch_0008/images/e781b6ae6a2011f3259ba40bef0a2045169ed2cd.jpg,True,downloaded,
13c1633c1c947a6780ee16cc40f0b548933c7593,aa8941b00400c1f7ede74d24bca8fb60446cb5b9,-15.579937901092377,-47.40182909997665,-15.5798922742638,-47.40184795764305,2024-11,2024,l4E5nTAy46_mCqHdzCa92g,84.61641749602875,© Google,OK,18_10,242429.5256665931,8276078.052073324,f2d1f850858852a32b7f44f72653335ba7618b4b,cardinal,4,2,180_deg_south,cardinal,180,0,90,640,640,8,batch_0008,59,datasets/df_2024_uniform/batch_0008/images/f2d1f850858852a32b7f44f72653335ba7618b4b.jpg,https://raw.githubusercontent.com/GUIA-DD/dataset-streetview/refs/heads/main/datasets/df_2024_uniform/batch_0008/images/f2d1f850858852a32b7f44f72653335ba7618b4b.jpg,True,downloaded,
13c1633c1c947a6780ee16cc40f0b548933c7593,aa8941b00400c1f7ede74d24bca8fb60446cb5b9,-15.579937901092377,-47.40182909997665,-15.5798922742638,-47.40184795764305,2024-11,2024,l4E5nTAy46_mCqHdzCa92g,84.61641749602875,© Google,OK,18_10,242429.5256665931,8276078.052073324,f09b53a3d36eb153e777d106364832eb58aeb6a9,cardinal,4,3,270_deg_west,cardinal,270,0,90,640,640,8,batch_0008,60,datasets/df_2024_uniform/batch_0008/images/f09b53a3d36eb153e777d106364832eb58aeb6a9.jpg,https://raw.githubusercontent.com/GUIA-DD/dataset-streetview/refs/heads/main/datasets/df_2024_uniform/batch_0008/images/f09b53a3d36eb153e777d106364832eb58aeb6a9.jpg,True,downloaded,
15bdf11589987ecc707dbe4fac42474c8a2587e8,5aa8a5dc270dd675a57c14aff02fde6ca7a45cb1,-15.890778581968677,-47.438395953298325,-15.89075808571935,-47.43839241252639,2024-09,2024,Lv7nzH8uCzTbsbFG9gbyHQ,352.8738261805381,© Google,OK,17_3,238903.4763551133,8241624.139173971,e558fb1cde8129412298674900668c20ad185574,cardinal,4,0,0_deg_north,cardinal,0,0,90,640,640,8,batch_0008,61,datasets/df_2024_uniform/batch_0008/images/e558fb1cde8129412298674900668c20ad185574.jpg,https://raw.githubusercontent.com/GUIA-DD/dataset-streetview/refs/heads/main/datasets/df_2024_uniform/batch_0008/images/e558fb1cde8129412298674900668c20ad185574.jpg,True,downloaded,
15bdf11589987ecc707dbe4fac42474c8a2587e8,5aa8a5dc270dd675a57c14aff02fde6ca7a45cb1,-15.890778581968677,-47.438395953298325,-15.89075808571935,-47.43839241252639,2024-09,2024,Lv7nzH8uCzTbsbFG9gbyHQ,352.8738261805381,© Google,OK,17_3,238903.4763551133,8241624.139173971,ab2e0638295f331ce31156213aaa883c709a9203,cardinal,4,1,90_deg_east,cardinal,90,0,90,640,640,8,batch_0008,62,datasets/df_2024_uniform/batch_0008/images/ab2e0638295f331ce31156213aaa883c709a9203.jpg,https://raw.githubusercontent.com/GUIA-DD/dataset-streetview/refs/heads/main/datasets/df_2024_uniform/batch_0008/images/ab2e0638295f331ce31156213aaa883c709a9203.jpg,True,downloaded,
15bdf11589987ecc707dbe4fac42474c8a2587e8,5aa8a5dc270dd675a57c14aff02fde6ca7a45cb1,-15.890778581968677,-47.438395953298325,-15.89075808571935,-47.43839241252639,2024-09,2024,Lv7nzH8uCzTbsbFG9gbyHQ,352.8738261805381,© Google,OK,17_3,238903.4763551133,8241624.139173971,81d27faa9d07d5f6c3f2362c87f283e494dfd49f,cardinal,4,2,180_deg_south,cardinal,180,0,90,640,640,8,batch_0008,63,datasets/df_2024_uniform/batch_0008/images/81d27faa9d07d5f6c3f2362c87f283e494dfd49f.jpg,https://raw.githubusercontent.com/GUIA-DD/dataset-streetview/refs/heads/main/datasets/df_2024_uniform/batch_0008/images/81d27faa9d07d5f6c3f2362c87f283e494dfd49f.jpg,True,downloaded,
15bdf11589987ecc707dbe4fac42474c8a2587e8,5aa8a5dc270dd675a57c14aff02fde6ca7a45cb1,-15.890778581968677,-47.438395953298325,-15.89075808571935,-47.43839241252639,2024-09,2024,Lv7nzH8uCzTbsbFG9gbyHQ,352.8738261805381,© Google,OK,17_3,238903.4763551133,8241624.139173971,2cdcd5624fda16d214a1d6eade31254f1809f306,cardinal,4,3,270_deg_west,cardinal,270,0,90,640,640,8,batch_0008,64,datasets/df_2024_uniform/batch_0008/images/2cdcd5624fda16d214a1d6eade31254f1809f306.jpg,https://raw.githubusercontent.com/GUIA-DD/dataset-streetview/refs/heads/main/datasets/df_2024_uniform/batch_0008/images/2cdcd5624fda16d214a1d6eade31254f1809f306.jpg,True,downloaded,
15d5dee3e0483faa8caa95e9b8fbe17dc2fd7c32,ddbf0d33816be627d2dcd1cbde026855ed8cef22,-15.603638000007534,-47.6801067000528,-15.60361228879902,-47.68011919546876,2024-07,2024,yORYd4ZehDzwxIEYPtmy1w,150.0619088255978,© Google,OK,12_10,212602.45840825367,8273098.198481109,aa9f7689e19cd2b4e79a0037f2c69fbbdce8d5e0,cardinal,4,0,0_deg_north,cardinal,0,0,90,640,640,8,batch_0008,65,datasets/df_2024_uniform/batch_0008/images/aa9f7689e19cd2b4e79a0037f2c69fbbdce8d5e0.jpg,https://raw.githubusercontent.com/GUIA-DD/dataset-streetview/refs/heads/main/datasets/df_2024_uniform/batch_0008/images/aa9f7689e19cd2b4e79a0037f2c69fbbdce8d5e0.jpg,True,downloaded,
15d5dee3e0483faa8caa95e9b8fbe17dc2fd7c32,ddbf0d33816be627d2dcd1cbde026855ed8cef22,-15.603638000007534,-47.6801067000528,-15.60361228879902,-47.68011919546876,2024-07,2024,yORYd4ZehDzwxIEYPtmy1w,150.0619088255978,© Google,OK,12_10,212602.45840825367,8273098.198481109,e2837eb1a7530f9e7ab70c1c56f5c6b1c2fadf7e,cardinal,4,1,90_deg_east,cardinal,90,0,90,640,640,8,batch_0008,66,datasets/df_2024_uniform/batch_0008/images/e2837eb1a7530f9e7ab70c1c56f5c6b1c2fadf7e.jpg,https://raw.githubusercontent.com/GUIA-DD/dataset-streetview/refs/heads/main/datasets/df_2024_uniform/batch_0008/images/e2837eb1a7530f9e7ab70c1c56f5c6b1c2fadf7e.jpg,True,downloaded,
15d5dee3e0483faa8caa95e9b8fbe17dc2fd7c32,ddbf0d33816be627d2dcd1cbde026855ed8cef22,-15.603638000007534,-47.6801067000528,-15.60361228879902,-47.68011919546876,2024-07,2024,yORYd4ZehDzwxIEYPtmy1w,150.0619088255978,© Google,OK,12_10,212602.45840825367,8273098.198481109,80e22b857028f945ed6d2f2fc0fa076c0d51b1f3,cardinal,4,2,180_deg_south,cardinal,180,0,90,640,640,8,batch_0008,67,datasets/df_2024_uniform/batch_0008/images/80e22b857028f945ed6d2f2fc0fa076c0d51b1f3.jpg,https://raw.githubusercontent.com/GUIA-DD/dataset-streetview/refs/heads/main/datasets/df_2024_uniform/batch_0008/images/80e22b857028f945ed6d2f2fc0fa076c0d51b1f3.jpg,True,downloaded,
15d5dee3e0483faa8caa95e9b8fbe17dc2fd7c32,ddbf0d33816be627d2dcd1cbde026855ed8cef22,-15.603638000007534,-47.6801067000528,-15.60361228879902,-47.68011919546876,2024-07,2024,yORYd4ZehDzwxIEYPtmy1w,150.0619088255978,© Google,OK,12_10,212602.45840825367,8273098.198481109,14e1c78e5936582d9434d861fd05d5f3609b0aea,cardinal,4,3,270_deg_west,cardinal,270,0,90,640,640,8,batch_0008,68,datasets/df_2024_uniform/batch_0008/images/14e1c78e5936582d9434d861fd05d5f3609b0aea.jpg,https://raw.githubusercontent.com/GUIA-DD/dataset-streetview/refs/heads/main/datasets/df_2024_uniform/batch_0008/images/14e1c78e5936582d9434d861fd05d5f3609b0aea.jpg,True,downloaded,
1666f9681e3f443dfc976bd844b5e09450d9d3ca,bcf3a022a1dacb0dc3b30412f1d68ad75b1c27ba,-15.601542450066953,-47.64395429947781,-15.60151048039653,-47.64394995072275,2024-08,2024,bRyLXc673SNpF0fRMVRlOw,1.8250443493812327,© Google,OK,13_10,216478.7164554009,8273378.714546733,730f7fd5c56b1090f26af1b3dcc8afa45bf28a40,cardinal,4,0,0_deg_north,cardinal,0,0,90,640,640,8,batch_0008,69,datasets/df_2024_uniform/batch_0008/images/730f7fd5c56b1090f26af1b3dcc8afa45bf28a40.jpg,https://raw.githubusercontent.com/GUIA-DD/dataset-streetview/refs/heads/main/datasets/df_2024_uniform/batch_0008/images/730f7fd5c56b1090f26af1b3dcc8afa45bf28a40.jpg,True,downloaded,
1666f9681e3f443dfc976bd844b5e09450d9d3ca,bcf3a022a1dacb0dc3b30412f1d68ad75b1c27ba,-15.601542450066953,-47.64395429947781,-15.60151048039653,-47.64394995072275,2024-08,2024,bRyLXc673SNpF0fRMVRlOw,1.8250443493812327,© Google,OK,13_10,216478.7164554009,8273378.714546733,b8bacb10dc1080620b9cc5823685948a51f29d1e,cardinal,4,1,90_deg_east,cardinal,90,0,90,640,640,8,batch_0008,70,datasets/df_2024_uniform/batch_0008/images/b8bacb10dc1080620b9cc5823685948a51f29d1e.jpg,https://raw.githubusercontent.com/GUIA-DD/dataset-streetview/refs/heads/main/datasets/df_2024_uniform/batch_0008/images/b8bacb10dc1080620b9cc5823685948a51f29d1e.jpg,True,downloaded,
1666f9681e3f443dfc976bd844b5e09450d9d3ca,bcf3a022a1dacb0dc3b30412f1d68ad75b1c27ba,-15.601542450066953,-47.64395429947781,-15.60151048039653,-47.64394995072275,2024-08,2024,bRyLXc673SNpF0fRMVRlOw,1.8250443493812327,© Google,OK,13_10,216478.7164554009,8273378.714546733,5a19659f59844573ef4e098d3a7d3443277b2234,cardinal,4,2,180_deg_south,cardinal,180,0,90,640,640,8,batch_0008,71,datasets/df_2024_uniform/batch_0008/images/5a19659f59844573ef4e098d3a7d3443277b2234.jpg,https://raw.githubusercontent.com/GUIA-DD/dataset-streetview/refs/heads/main/datasets/df_2024_uniform/batch_0008/images/5a19659f59844573ef4e098d3a7d3443277b2234.jpg,True,downloaded,
1666f9681e3f443dfc976bd844b5e09450d9d3ca,bcf3a022a1dacb0dc3b30412f1d68ad75b1c27ba,-15.601542450066953,-47.64395429947781,-15.60151048039653,-47.64394995072275,2024-08,2024,bRyLXc673SNpF0fRMVRlOw,1.8250443493812327,© Google,OK,13_10,216478.7164554009,8273378.714546733,5c5495ede82a29189c14050cbf0933ecc4399827,cardinal,4,3,270_deg_west,cardinal,270,0,90,640,640,8,batch_0008,72,datasets/df_2024_uniform/batch_0008/images/5c5495ede82a29189c14050cbf0933ecc4399827.jpg,https://raw.githubusercontent.com/GUIA-DD/dataset-streetview/refs/heads/main/datasets/df_2024_uniform/batch_0008/images/5c5495ede82a29189c14050cbf0933ecc4399827.jpg,True,downloaded,
1838f84e8c4002ee87315b8f07b4110f173fc243,98ca5171ba11e7c0d71e6dc6f521c1b3599b0377,-15.583867986693008,-47.35304467736367,-15.58389531409896,-47.35300508051203,2024-05,2024,QADv77KfGc5ujrMBHr6rkg,167.57494798792797,© Google,OK,19_10,247668.4960045224,8275701.395391798,449d7ec11fa0e91d598c62891132acce5e1bdbf2,cardinal,4,0,0_deg_north,cardinal,0,0,90,640,640,8,batch_0008,73,datasets/df_2024_uniform/batch_0008/images/449d7ec11fa0e91d598c62891132acce5e1bdbf2.jpg,https://raw.githubusercontent.com/GUIA-DD/dataset-streetview/refs/heads/main/datasets/df_2024_uniform/batch_0008/images/449d7ec11fa0e91d598c62891132acce5e1bdbf2.jpg,True,downloaded,
1838f84e8c4002ee87315b8f07b4110f173fc243,98ca5171ba11e7c0d71e6dc6f521c1b3599b0377,-15.583867986693008,-47.35304467736367,-15.58389531409896,-47.35300508051203,2024-05,2024,QADv77KfGc5ujrMBHr6rkg,167.57494798792797,© Google,OK,19_10,247668.4960045224,8275701.395391798,c309e08a06374af4f63624a061997228c527d316,cardinal,4,1,90_deg_east,cardinal,90,0,90,640,640,8,batch_0008,74,datasets/df_2024_uniform/batch_0008/images/c309e08a06374af4f63624a061997228c527d316.jpg,https://raw.githubusercontent.com/GUIA-DD/dataset-streetview/refs/heads/main/datasets/df_2024_uniform/batch_0008/images/c309e08a06374af4f63624a061997228c527d316.jpg,True,downloaded,
1838f84e8c4002ee87315b8f07b4110f173fc243,98ca5171ba11e7c0d71e6dc6f521c1b3599b0377,-15.583867986693008,-47.35304467736367,-15.58389531409896,-47.35300508051203,2024-05,2024,QADv77KfGc5ujrMBHr6rkg,167.57494798792797,© Google,OK,19_10,247668.4960045224,8275701.395391798,f0de6f306ec69d107af5b304f8f75e11421f6ac4,cardinal,4,2,180_deg_south,cardinal,180,0,90,640,640,8,batch_0008,75,datasets/df_2024_uniform/batch_0008/images/f0de6f306ec69d107af5b304f8f75e11421f6ac4.jpg,https://raw.githubusercontent.com/GUIA-DD/dataset-streetview/refs/heads/main/datasets/df_2024_uniform/batch_0008/images/f0de6f306ec69d107af5b304f8f75e11421f6ac4.jpg,True,downloaded,
1838f84e8c4002ee87315b8f07b4110f173fc243,98ca5171ba11e7c0d71e6dc6f521c1b3599b0377,-15.583867986693008,-47.35304467736367,-15.58389531409896,-47.35300508051203,2024-05,2024,QADv77KfGc5ujrMBHr6rkg,167.57494798792797,© Google,OK,19_10,247668.4960045224,8275701.395391798,07eba1cb0a3c3b78da6efa7924df91ccbef560fb,cardinal,4,3,270_deg_west,cardinal,270,0,90,640,640,8,batch_0008,76,datasets/df_2024_uniform/batch_0008/images/07eba1cb0a3c3b78da6efa7924df91ccbef560fb.jpg,https://raw.githubusercontent.com/GUIA-DD/dataset-streetview/refs/heads/main/datasets/df_2024_uniform/batch_0008/images/07eba1cb0a3c3b78da6efa7924df91ccbef560fb.jpg,True,downloaded,
186cb2d591ee74048da915be4d97d05c40f7bbff,f31cc4bba18dd3d3c3cc7ae3902d9a313258791c,-15.84238555123732,-47.84146514970604,-15.84237415148897,-47.84142681231197,2024-12,2024,Bxn5syy8h1BqhawDAdG69g,77.69790708154555,© Google,OK,9_4,195643.10636917592,8246437.443007473,27b7e34357df5ac22491e0a874e1cff28c12645b,cardinal,4,0,0_deg_north,cardinal,0,0,90,640,640,8,batch_0008,77,datasets/df_2024_uniform/batch_0008/images/27b7e34357df5ac22491e0a874e1cff28c12645b.jpg,https://raw.githubusercontent.com/GUIA-DD/dataset-streetview/refs/heads/main/datasets/df_2024_uniform/batch_0008/images/27b7e34357df5ac22491e0a874e1cff28c12645b.jpg,True,downloaded,
186cb2d591ee74048da915be4d97d05c40f7bbff,f31cc4bba18dd3d3c3cc7ae3902d9a313258791c,-15.84238555123732,-47.84146514970604,-15.84237415148897,-47.84142681231197,2024-12,2024,Bxn5syy8h1BqhawDAdG69g,77.69790708154555,© Google,OK,9_4,195643.10636917592,8246437.443007473,25eb02993c169949059fd9ad34b634f534a23156,cardinal,4,1,90_deg_east,cardinal,90,0,90,640,640,8,batch_0008,78,datasets/df_2024_uniform/batch_0008/images/25eb02993c169949059fd9ad34b634f534a23156.jpg,https://raw.githubusercontent.com/GUIA-DD/dataset-streetview/refs/heads/main/datasets/df_2024_uniform/batch_0008/images/25eb02993c169949059fd9ad34b634f534a23156.jpg,True,downloaded,
186cb2d591ee74048da915be4d97d05c40f7bbff,f31cc4bba18dd3d3c3cc7ae3902d9a313258791c,-15.84238555123732,-47.84146514970604,-15.84237415148897,-47.84142681231197,2024-12,2024,Bxn5syy8h1BqhawDAdG69g,77.69790708154555,© Google,OK,9_4,195643.10636917592,8246437.443007473,1dc020a13d3666c75fe8f193acf1bfcf7f55e206,cardinal,4,2,180_deg_south,cardinal,180,0,90,640,640,8,batch_0008,79,datasets/df_2024_uniform/batch_0008/images/1dc020a13d3666c75fe8f193acf1bfcf7f55e206.jpg,https://raw.githubusercontent.com/GUIA-DD/dataset-streetview/refs/heads/main/datasets/df_2024_uniform/batch_0008/images/1dc020a13d3666c75fe8f193acf1bfcf7f55e206.jpg,True,downloaded,
186cb2d591ee74048da915be4d97d05c40f7bbff,f31cc4bba18dd3d3c3cc7ae3902d9a313258791c,-15.84238555123732,-47.84146514970604,-15.84237415148897,-47.84142681231197,2024-12,2024,Bxn5syy8h1BqhawDAdG69g,77.69790708154555,© Google,OK,9_4,195643.10636917592,8246437.443007473,a56443d3a9dfc847ba2d7674f568200bdc07a637,cardinal,4,3,270_deg_west,cardinal,270,0,90,640,640,8,batch_0008,80,datasets/df_2024_uniform/batch_0008/images/a56443d3a9dfc847ba2d7674f568200bdc07a637.jpg,https://raw.githubusercontent.com/GUIA-DD/dataset-streetview/refs/heads/main/datasets/df_2024_uniform/batch_0008/images/a56443d3a9dfc847ba2d7674f568200bdc07a637.jpg,True,downloaded,
19bc243f430244d81929d1b1c8ca4dcd77d5169a,e4b1ec62a407c333e669dea7c00b01add0a58ae2,-15.92715595000265,-48.108082450006336,-15.92718237498621,-48.10806211452589,2025-07,2025,f5azg44downg1MSHR91bug,127.7179210589431,© Google,OK,3_2,167201.56885452662,8236643.425151679,f0498897ac5b74fd7838327fdef7e7b90c91308e,cardinal,4,0,0_deg_north,cardinal,0,0,90,640,640,8,batch_0008,81,datasets/df_2024_uniform/batch_0008/images/f0498897ac5b74fd7838327fdef7e7b90c91308e.jpg,https://raw.githubusercontent.com/GUIA-DD/dataset-streetview/refs/heads/main/datasets/df_2024_uniform/batch_0008/images/f0498897ac5b74fd7838327fdef7e7b90c91308e.jpg,True,downloaded,
19bc243f430244d81929d1b1c8ca4dcd77d5169a,e4b1ec62a407c333e669dea7c00b01add0a58ae2,-15.92715595000265,-48.108082450006336,-15.92718237498621,-48.10806211452589,2025-07,2025,f5azg44downg1MSHR91bug,127.7179210589431,© Google,OK,3_2,167201.56885452662,8236643.425151679,784a3ac3d876da13afe4ba43a961adbe292f29dd,cardinal,4,1,90_deg_east,cardinal,90,0,90,640,640,8,batch_0008,82,datasets/df_2024_uniform/batch_0008/images/784a3ac3d876da13afe4ba43a961adbe292f29dd.jpg,https://raw.githubusercontent.com/GUIA-DD/dataset-streetview/refs/heads/main/datasets/df_2024_uniform/batch_0008/images/784a3ac3d876da13afe4ba43a961adbe292f29dd.jpg,True,downloaded,
19bc243f430244d81929d1b1c8ca4dcd77d5169a,e4b1ec62a407c333e669dea7c00b01add0a58ae2,-15.92715595000265,-48.108082450006336,-15.92718237498621,-48.10806211452589,2025-07,2025,f5azg44downg1MSHR91bug,127.7179210589431,© Google,OK,3_2,167201.56885452662,8236643.425151679,f6e0d17628604bd6e6ea542fa3902da1796deb74,cardinal,4,2,180_deg_south,cardinal,180,0,90,640,640,8,batch_0008,83,datasets/df_2024_uniform/batch_0008/images/f6e0d17628604bd6e6ea542fa3902da1796deb74.jpg,https://raw.githubusercontent.com/GUIA-DD/dataset-streetview/refs/heads/main/datasets/df_2024_uniform/batch_0008/images/f6e0d17628604bd6e6ea542fa3902da1796deb74.jpg,True,downloaded,
19bc243f430244d81929d1b1c8ca4dcd77d5169a,e4b1ec62a407c333e669dea7c00b01add0a58ae2,-15.92715595000265,-48.108082450006336,-15.92718237498621,-48.10806211452589,2025-07,2025,f5azg44downg1MSHR91bug,127.7179210589431,© Google,OK,3_2,167201.56885452662,8236643.425151679,a481f36fb7706c860ba6324daa86eec9d38c6788,cardinal,4,3,270_deg_west,cardinal,270,0,90,640,640,8,batch_0008,84,datasets/df_2024_uniform/batch_0008/images/a481f36fb7706c860ba6324daa86eec9d38c6788.jpg,https://raw.githubusercontent.com/GUIA-DD/dataset-streetview/refs/heads/main/datasets/df_2024_uniform/batch_0008/images/a481f36fb7706c860ba6324daa86eec9d38c6788.jpg,True,downloaded,
19e46ea903d95170ad6822db026595ea06b26dda,4fd2a4760780512d1fb32883bd228bd617b9ff9a,-15.89620435001255,-47.92609334994396,-15.8962354636915,-47.92607569675786,2024-12,2024,JtUiCflCbBI3XaAXH_5wuA,11.471969966312177,© Google,OK,7_3,186654.9966300812,8240352.978136963,7171936fa9cab0433cb1bc1d33377e2648fe52b3,cardinal,4,0,0_deg_north,cardinal,0,0,90,640,640,8,batch_0008,85,datasets/df_2024_uniform/batch_0008/images/7171936fa9cab0433cb1bc1d33377e2648fe52b3.jpg,https://raw.githubusercontent.com/GUIA-DD/dataset-streetview/refs/heads/main/datasets/df_2024_uniform/batch_0008/images/7171936fa9cab0433cb1bc1d33377e2648fe52b3.jpg,True,downloaded,
19e46ea903d95170ad6822db026595ea06b26dda,4fd2a4760780512d1fb32883bd228bd617b9ff9a,-15.89620435001255,-47.92609334994396,-15.8962354636915,-47.92607569675786,2024-12,2024,JtUiCflCbBI3XaAXH_5wuA,11.471969966312177,© Google,OK,7_3,186654.9966300812,8240352.978136963,9d79d5af84f9568966f2c11a206937386d8a8381,cardinal,4,1,90_deg_east,cardinal,90,0,90,640,640,8,batch_0008,86,datasets/df_2024_uniform/batch_0008/images/9d79d5af84f9568966f2c11a206937386d8a8381.jpg,https://raw.githubusercontent.com/GUIA-DD/dataset-streetview/refs/heads/main/datasets/df_2024_uniform/batch_0008/images/9d79d5af84f9568966f2c11a206937386d8a8381.jpg,True,downloaded,
19e46ea903d95170ad6822db026595ea06b26dda,4fd2a4760780512d1fb32883bd228bd617b9ff9a,-15.89620435001255,-47.92609334994396,-15.8962354636915,-47.92607569675786,2024-12,2024,JtUiCflCbBI3XaAXH_5wuA,11.471969966312177,© Google,OK,7_3,186654.9966300812,8240352.978136963,c6fbfcd12acc86a60533e3b73d3861c953e80e67,cardinal,4,2,180_deg_south,cardinal,180,0,90,640,640,8,batch_0008,87,datasets/df_2024_uniform/batch_0008/images/c6fbfcd12acc86a60533e3b73d3861c953e80e67.jpg,https://raw.githubusercontent.com/GUIA-DD/dataset-streetview/refs/heads/main/datasets/df_2024_uniform/batch_0008/images/c6fbfcd12acc86a60533e3b73d3861c953e80e67.jpg,True,downloaded,
19e46ea903d95170ad6822db026595ea06b26dda,4fd2a4760780512d1fb32883bd228bd617b9ff9a,-15.89620435001255,-47.92609334994396,-15.8962354636915,-47.92607569675786,2024-12,2024,JtUiCflCbBI3XaAXH_5wuA,11.471969966312177,© Google,OK,7_3,186654.9966300812,8240352.978136963,0cbaac462d14edf63329f8a366bf40c0a1981b12,cardinal,4,3,270_deg_west,cardinal,270,0,90,640,640,8,batch_0008,88,datasets/df_2024_uniform/batch_0008/images/0cbaac462d14edf63329f8a366bf40c0a1981b12.jpg,https://raw.githubusercontent.com/GUIA-DD/dataset-streetview/refs/heads/main/datasets/df_2024_uniform/batch_0008/images/0cbaac462d14edf63329f8a366bf40c0a1981b12.jpg,True,downloaded,
19f64e362dd12b56d75ddfa067277c6433ee729a,cf6a22269e7d7692086b07f906ad6ffb4aeb72dd,-15.83588320632313,-47.83520817053613,-15.83588300270937,-47.83524797427111,2024-12,2024,mGcD0c6sjVK7QZv1uLBwVg,44.13327942905494,© Google,OK,9_4,196304.0451398084,8247166.51789415,9b1402b8cee54b5cb845a3df26c9982d8230c051,cardinal,4,0,0_deg_north,cardinal,0,0,90,640,640,8,batch_0008,89,datasets/df_2024_uniform/batch_0008/images/9b1402b8cee54b5cb845a3df26c9982d8230c051.jpg,https://raw.githubusercontent.com/GUIA-DD/dataset-streetview/refs/heads/main/datasets/df_2024_uniform/batch_0008/images/9b1402b8cee54b5cb845a3df26c9982d8230c051.jpg,True,downloaded,
19f64e362dd12b56d75ddfa067277c6433ee729a,cf6a22269e7d7692086b07f906ad6ffb4aeb72dd,-15.83588320632313,-47.83520817053613,-15.83588300270937,-47.83524797427111,2024-12,2024,mGcD0c6sjVK7QZv1uLBwVg,44.13327942905494,© Google,OK,9_4,196304.0451398084,8247166.51789415,0202cab8cb092476882ad387892e4c2180d3489c,cardinal,4,1,90_deg_east,cardinal,90,0,90,640,640,8,batch_0008,90,datasets/df_2024_uniform/batch_0008/images/0202cab8cb092476882ad387892e4c2180d3489c.jpg,https://raw.githubusercontent.com/GUIA-DD/dataset-streetview/refs/heads/main/datasets/df_2024_uniform/batch_0008/images/0202cab8cb092476882ad387892e4c2180d3489c.jpg,True,downloaded,
19f64e362dd12b56d75ddfa067277c6433ee729a,cf6a22269e7d7692086b07f906ad6ffb4aeb72dd,-15.83588320632313,-47.83520817053613,-15.83588300270937,-47.83524797427111,2024-12,2024,mGcD0c6sjVK7QZv1uLBwVg,44.13327942905494,© Google,OK,9_4,196304.0451398084,8247166.51789415,708f8e082a78f9624867ed5e60867f52345ae7a3,cardinal,4,2,180_deg_south,cardinal,180,0,90,640,640,8,batch_0008,91,datasets/df_2024_uniform/batch_0008/images/708f8e082a78f9624867ed5e60867f52345ae7a3.jpg,https://raw.githubusercontent.com/GUIA-DD/dataset-streetview/refs/heads/main/datasets/df_2024_uniform/batch_0008/images/708f8e082a78f9624867ed5e60867f52345ae7a3.jpg,True,downloaded,
19f64e362dd12b56d75ddfa067277c6433ee729a,cf6a22269e7d7692086b07f906ad6ffb4aeb72dd,-15.83588320632313,-47.83520817053613,-15.83588300270937,-47.83524797427111,2024-12,2024,mGcD0c6sjVK7QZv1uLBwVg,44.13327942905494,© Google,OK,9_4,196304.0451398084,8247166.51789415,5800c06c99579f09d07faf55155e6b7bba839d8f,cardinal,4,3,270_deg_west,cardinal,270,0,90,640,640,8,batch_0008,92,datasets/df_2024_uniform/batch_0008/images/5800c06c99579f09d07faf55155e6b7bba839d8f.jpg,https://raw.githubusercontent.com/GUIA-DD/dataset-streetview/refs/heads/main/datasets/df_2024_uniform/batch_0008/images/5800c06c99579f09d07faf55155e6b7bba839d8f.jpg,True,downloaded,
1a267477d2799c4041b35e191692dfec425dfe4b,d2209b7fb626506ed580c18dc807eb7f478fd0f9,-15.729074478394004,-47.619050652332696,-15.72908946968423,-47.61908987042453,2025-07,2025,y_ZuZCSNkz6wqrW96XaHPg,87.10686231577492,© Google,OK,14_7,219325.23237876565,8259292.615353938,b9bafdbcc9f0d3b8b758af7a9a59e63797e9f833,cardinal,4,0,0_deg_north,cardinal,0,0,90,640,640,8,batch_0008,93,datasets/df_2024_uniform/batch_0008/images/b9bafdbcc9f0d3b8b758af7a9a59e63797e9f833.jpg,https://raw.githubusercontent.com/GUIA-DD/dataset-streetview/refs/heads/main/datasets/df_2024_uniform/batch_0008/images/b9bafdbcc9f0d3b8b758af7a9a59e63797e9f833.jpg,True,downloaded,
1a267477d2799c4041b35e191692dfec425dfe4b,d2209b7fb626506ed580c18dc807eb7f478fd0f9,-15.729074478394004,-47.619050652332696,-15.72908946968423,-47.61908987042453,2025-07,2025,y_ZuZCSNkz6wqrW96XaHPg,87.10686231577492,© Google,OK,14_7,219325.23237876565,8259292.615353938,727a7f7de5e37d864c54dad6618899e0dc911cfe,cardinal,4,1,90_deg_east,cardinal,90,0,90,640,640,8,batch_0008,94,datasets/df_2024_uniform/batch_0008/images/727a7f7de5e37d864c54dad6618899e0dc911cfe.jpg,https://raw.githubusercontent.com/GUIA-DD/dataset-streetview/refs/heads/main/datasets/df_2024_uniform/batch_0008/images/727a7f7de5e37d864c54dad6618899e0dc911cfe.jpg,True,downloaded,
1a267477d2799c4041b35e191692dfec425dfe4b,d2209b7fb626506ed580c18dc807eb7f478fd0f9,-15.729074478394004,-47.619050652332696,-15.72908946968423,-47.61908987042453,2025-07,2025,y_ZuZCSNkz6wqrW96XaHPg,87.10686231577492,© Google,OK,14_7,219325.23237876565,8259292.615353938,71a88bfe173f1f517869470c70e41ea7064e6abe,cardinal,4,2,180_deg_south,cardinal,180,0,90,640,640,8,batch_0008,95,datasets/df_2024_uniform/batch_0008/images/71a88bfe173f1f517869470c70e41ea7064e6abe.jpg,https://raw.githubusercontent.com/GUIA-DD/dataset-streetview/refs/heads/main/datasets/df_2024_uniform/batch_0008/images/71a88bfe173f1f517869470c70e41ea7064e6abe.jpg,True,downloaded,
1a267477d2799c4041b35e191692dfec425dfe4b,d2209b7fb626506ed580c18dc807eb7f478fd0f9,-15.729074478394004,-47.619050652332696,-15.72908946968423,-47.61908987042453,2025-07,2025,y_ZuZCSNkz6wqrW96XaHPg,87.10686231577492,© Google,OK,14_7,219325.23237876565,8259292.615353938,33df8e13d4d5eea84580c8e8b667732fa4b6388a,cardinal,4,3,270_deg_west,cardinal,270,0,90,640,640,8,batch_0008,96,datasets/df_2024_uniform/batch_0008/images/33df8e13d4d5eea84580c8e8b667732fa4b6388a.jpg,https://raw.githubusercontent.com/GUIA-DD/dataset-streetview/refs/heads/main/datasets/df_2024_uniform/batch_0008/images/33df8e13d4d5eea84580c8e8b667732fa4b6388a.jpg,True,downloaded,
1b43f0a54a245ac67d4395b6dc0840d94414774a,fb6fd4d460541cd0e66ba28855e896815231dd98,-15.873369129414767,-47.62038084883927,-15.87333050304073,-47.6203944555721,2024-09,2024,CUSFe9IhFhme0iVlHrVQ-w,74.57810335639375,© Google,OK,14_4,219381.6810886076,8243315.747254951,9491712c3ea2afe7e4da10bc9c46386846006d7b,cardinal,4,0,0_deg_north,cardinal,0,0,90,640,640,8,batch_0008,97,datasets/df_2024_uniform/batch_0008/images/9491712c3ea2afe7e4da10bc9c46386846006d7b.jpg,https://raw.githubusercontent.com/GUIA-DD/dataset-streetview/refs/heads/main/datasets/df_2024_uniform/batch_0008/images/9491712c3ea2afe7e4da10bc9c46386846006d7b.jpg,True,downloaded,
1b43f0a54a245ac67d4395b6dc0840d94414774a,fb6fd4d460541cd0e66ba28855e896815231dd98,-15.873369129414767,-47.62038084883927,-15.87333050304073,-47.6203944555721,2024-09,2024,CUSFe9IhFhme0iVlHrVQ-w,74.57810335639375,© Google,OK,14_4,219381.6810886076,8243315.747254951,d2156b74dfe5d66ff3143738fbb1418c8aadc19e,cardinal,4,1,90_deg_east,cardinal,90,0,90,640,640,8,batch_0008,98,datasets/df_2024_uniform/batch_0008/images/d2156b74dfe5d66ff3143738fbb1418c8aadc19e.jpg,https://raw.githubusercontent.com/GUIA-DD/dataset-streetview/refs/heads/main/datasets/df_2024_uniform/batch_0008/images/d2156b74dfe5d66ff3143738fbb1418c8aadc19e.jpg,True,downloaded,
1b43f0a54a245ac67d4395b6dc0840d94414774a,fb6fd4d460541cd0e66ba28855e896815231dd98,-15.873369129414767,-47.62038084883927,-15.87333050304073,-47.6203944555721,2024-09,2024,CUSFe9IhFhme0iVlHrVQ-w,74.57810335639375,© Google,OK,14_4,219381.6810886076,8243315.747254951,faf6a92f51956d3bbc763d067224de95da2cddc8,cardinal,4,2,180_deg_south,cardinal,180,0,90,640,640,8,batch_0008,99,datasets/df_2024_uniform/batch_0008/images/faf6a92f51956d3bbc763d067224de95da2cddc8.jpg,https://raw.githubusercontent.com/GUIA-DD/dataset-streetview/refs/heads/main/datasets/df_2024_uniform/batch_0008/images/faf6a92f51956d3bbc763d067224de95da2cddc8.jpg,True,downloaded,
1b43f0a54a245ac67d4395b6dc0840d94414774a,fb6fd4d460541cd0e66ba28855e896815231dd98,-15.873369129414767,-47.62038084883927,-15.87333050304073,-47.6203944555721,2024-09,2024,CUSFe9IhFhme0iVlHrVQ-w,74.57810335639375,© Google,OK,14_4,219381.6810886076,8243315.747254951,64bf878f5f0e5ec43f89f225147377a97f0a3daa,cardinal,4,3,270_deg_west,cardinal,270,0,90,640,640,8,batch_0008,100,datasets/df_2024_uniform/batch_0008/images/64bf878f5f0e5ec43f89f225147377a97f0a3daa.jpg,https://raw.githubusercontent.com/GUIA-DD/dataset-streetview/refs/heads/main/datasets/df_2024_uniform/batch_0008/images/64bf878f5f0e5ec43f89f225147377a97f0a3daa.jpg,True,downloaded,
1d49c94729ac52e465f0156d9e49d309891a4d9f,a9d3808aedf2623cd72a6d5297ad0e562bfa1654,-15.582420541704108,-47.434027120627455,-15.58238425352899,-47.43401571723462,2024-11,2024,2_thR8attjfCPmb96dGlmQ,84.92814861578903,© Google,OK,18_10,238977.99184396604,8275764.052878321,bd2225def57204ef5a75b0fb1b685c27b678e4bc,cardinal,4,0,0_deg_north,cardinal,0,0,90,640,640,8,batch_0008,101,datasets/df_2024_uniform/batch_0008/images/bd2225def57204ef5a75b0fb1b685c27b678e4bc.jpg,https://raw.githubusercontent.com/GUIA-DD/dataset-streetview/refs/heads/main/datasets/df_2024_uniform/batch_0008/images/bd2225def57204ef5a75b0fb1b685c27b678e4bc.jpg,True,downloaded,
1d49c94729ac52e465f0156d9e49d309891a4d9f,a9d3808aedf2623cd72a6d5297ad0e562bfa1654,-15.582420541704108,-47.434027120627455,-15.58238425352899,-47.43401571723462,2024-11,2024,2_thR8attjfCPmb96dGlmQ,84.92814861578903,© Google,OK,18_10,238977.99184396604,8275764.052878321,f5e32fb9350015fcd32c648d73f0c33fbe261baf,cardinal,4,1,90_deg_east,cardinal,90,0,90,640,640,8,batch_0008,102,datasets/df_2024_uniform/batch_0008/images/f5e32fb9350015fcd32c648d73f0c33fbe261baf.jpg,https://raw.githubusercontent.com/GUIA-DD/dataset-streetview/refs/heads/main/datasets/df_2024_uniform/batch_0008/images/f5e32fb9350015fcd32c648d73f0c33fbe261baf.jpg,True,downloaded,
1d49c94729ac52e465f0156d9e49d309891a4d9f,a9d3808aedf2623cd72a6d5297ad0e562bfa1654,-15.582420541704108,-47.434027120627455,-15.58238425352899,-47.43401571723462,2024-11,2024,2_thR8attjfCPmb96dGlmQ,84.92814861578903,© Google,OK,18_10,238977.99184396604,8275764.052878321,5c38651cb9f47e0e784f424ca353a002774dce50,cardinal,4,2,180_deg_south,cardinal,180,0,90,640,640,8,batch_0008,103,datasets/df_2024_uniform/batch_0008/images/5c38651cb9f47e0e784f424ca353a002774dce50.jpg,https://raw.githubusercontent.com/GUIA-DD/dataset-streetview/refs/heads/main/datasets/df_2024_uniform/batch_0008/images/5c38651cb9f47e0e784f424ca353a002774dce50.jpg,True,downloaded,
1d49c94729ac52e465f0156d9e49d309891a4d9f,a9d3808aedf2623cd72a6d5297ad0e562bfa1654,-15.582420541704108,-47.434027120627455,-15.58238425352899,-47.43401571723462,2024-11,2024,2_thR8attjfCPmb96dGlmQ,84.92814861578903,© Google,OK,18_10,238977.99184396604,8275764.052878321,c25723ae70116b14af9876d2b9f440136b567df8,cardinal,4,3,270_deg_west,cardinal,270,0,90,640,640,8,batch_0008,104,datasets/df_2024_uniform/batch_0008/images/c25723ae70116b14af9876d2b9f440136b567df8.jpg,https://raw.githubusercontent.com/GUIA-DD/dataset-streetview/refs/heads/main/datasets/df_2024_uniform/batch_0008/images/c25723ae70116b14af9876d2b9f440136b567df8.jpg,True,downloaded,
1f390fcd2f87ccfb16b55b3ae03e01028dbf79af,53793a4f066900906c719cab1d05a396c73e53a6,-15.810491400090076,-47.98936260004536,-15.8104803240324,-47.98935643699827,2024-06,2024,yeC-dWmeTBcSreKpwpzoLQ,277.3866132292624,© Google,OK,6_5,179739.09544504274,8249749.043538334,2aba68ff78ad774a7c96b3ec5dfd0752cdec3ca7,cardinal,4,0,0_deg_north,cardinal,0,0,90,640,640,8,batch_0008,105,datasets/df_2024_uniform/batch_0008/images/2aba68ff78ad774a7c96b3ec5dfd0752cdec3ca7.jpg,https://raw.githubusercontent.com/GUIA-DD/dataset-streetview/refs/heads/main/datasets/df_2024_uniform/batch_0008/images/2aba68ff78ad774a7c96b3ec5dfd0752cdec3ca7.jpg,True,downloaded,
1f390fcd2f87ccfb16b55b3ae03e01028dbf79af,53793a4f066900906c719cab1d05a396c73e53a6,-15.810491400090076,-47.98936260004536,-15.8104803240324,-47.98935643699827,2024-06,2024,yeC-dWmeTBcSreKpwpzoLQ,277.3866132292624,© Google,OK,6_5,179739.09544504274,8249749.043538334,7b7be95000be6e6d78fce58f93a1c6b91086f579,cardinal,4,1,90_deg_east,cardinal,90,0,90,640,640,8,batch_0008,106,datasets/df_2024_uniform/batch_0008/images/7b7be95000be6e6d78fce58f93a1c6b91086f579.jpg,https://raw.githubusercontent.com/GUIA-DD/dataset-streetview/refs/heads/main/datasets/df_2024_uniform/batch_0008/images/7b7be95000be6e6d78fce58f93a1c6b91086f579.jpg,True,downloaded,
1f390fcd2f87ccfb16b55b3ae03e01028dbf79af,53793a4f066900906c719cab1d05a396c73e53a6,-15.810491400090076,-47.98936260004536,-15.8104803240324,-47.98935643699827,2024-06,2024,yeC-dWmeTBcSreKpwpzoLQ,277.3866132292624,© Google,OK,6_5,179739.09544504274,8249749.043538334,e7c2c0940ad99c01b7b332a08b838beb8081acfa,cardinal,4,2,180_deg_south,cardinal,180,0,90,640,640,8,batch_0008,107,datasets/df_2024_uniform/batch_0008/images/e7c2c0940ad99c01b7b332a08b838beb8081acfa.jpg,https://raw.githubusercontent.com/GUIA-DD/dataset-streetview/refs/heads/main/datasets/df_2024_uniform/batch_0008/images/e7c2c0940ad99c01b7b332a08b838beb8081acfa.jpg,True,downloaded,
1f390fcd2f87ccfb16b55b3ae03e01028dbf79af,53793a4f066900906c719cab1d05a396c73e53a6,-15.810491400090076,-47.98936260004536,-15.8104803240324,-47.98935643699827,2024-06,2024,yeC-dWmeTBcSreKpwpzoLQ,277.3866132292624,© Google,OK,6_5,179739.09544504274,8249749.043538334,4723a3a488ee7de2a10c1c1a9416303e1e2c41cc,cardinal,4,3,270_deg_west,cardinal,270,0,90,640,640,8,batch_0008,108,datasets/df_2024_uniform/batch_0008/images/4723a3a488ee7de2a10c1c1a9416303e1e2c41cc.jpg,https://raw.githubusercontent.com/GUIA-DD/dataset-streetview/refs/heads/main/datasets/df_2024_uniform/batch_0008/images/4723a3a488ee7de2a10c1c1a9416303e1e2c41cc.jpg,True,downloaded,
1f546ebad732a31d11cc2bcb47b8ba502e2164be,ffeb4fd71476a6de974bd1adb4477b39504410c6,-15.999766250015112,-47.99663635009095,-15.99978755480897,-47.99660498947769,2025-01,2025,u3KYW80-rtvxe_Z-jrDJKQ,146.4147869117411,© Google,OK,6_1,179259.93293931845,8228777.069991918,8d1cfa1d6a5524f935de6106d286a7eed673c440,cardinal,4,0,0_deg_north,cardinal,0,0,90,640,640,8,batch_0008,109,datasets/df_2024_uniform/batch_0008/images/8d1cfa1d6a5524f935de6106d286a7eed673c440.jpg,https://raw.githubusercontent.com/GUIA-DD/dataset-streetview/refs/heads/main/datasets/df_2024_uniform/batch_0008/images/8d1cfa1d6a5524f935de6106d286a7eed673c440.jpg,True,downloaded,
1f546ebad732a31d11cc2bcb47b8ba502e2164be,ffeb4fd71476a6de974bd1adb4477b39504410c6,-15.999766250015112,-47.99663635009095,-15.99978755480897,-47.99660498947769,2025-01,2025,u3KYW80-rtvxe_Z-jrDJKQ,146.4147869117411,© Google,OK,6_1,179259.93293931845,8228777.069991918,eb11acd78918d5369cfac1330978067febcddfe3,cardinal,4,1,90_deg_east,cardinal,90,0,90,640,640,8,batch_0008,110,datasets/df_2024_uniform/batch_0008/images/eb11acd78918d5369cfac1330978067febcddfe3.jpg,https://raw.githubusercontent.com/GUIA-DD/dataset-streetview/refs/heads/main/datasets/df_2024_uniform/batch_0008/images/eb11acd78918d5369cfac1330978067febcddfe3.jpg,True,downloaded,
1f546ebad732a31d11cc2bcb47b8ba502e2164be,ffeb4fd71476a6de974bd1adb4477b39504410c6,-15.999766250015112,-47.99663635009095,-15.99978755480897,-47.99660498947769,2025-01,2025,u3KYW80-rtvxe_Z-jrDJKQ,146.4147869117411,© Google,OK,6_1,179259.93293931845,8228777.069991918,0865b7690a24199819dae94e060a195cde337565,cardinal,4,2,180_deg_south,cardinal,180,0,90,640,640,8,batch_0008,111,datasets/df_2024_uniform/batch_0008/images/0865b7690a24199819dae94e060a195cde337565.jpg,https://raw.githubusercontent.com/GUIA-DD/dataset-streetview/refs/heads/main/datasets/df_2024_uniform/batch_0008/images/0865b7690a24199819dae94e060a195cde337565.jpg,True,downloaded,
1f546ebad732a31d11cc2bcb47b8ba502e2164be,ffeb4fd71476a6de974bd1adb4477b39504410c6,-15.999766250015112,-47.99663635009095,-15.99978755480897,-47.99660498947769,2025-01,2025,u3KYW80-rtvxe_Z-jrDJKQ,146.4147869117411,© Google,OK,6_1,179259.93293931845,8228777.069991918,27dbda3d02fc2b1752d57e3bd4335be93be3cc5a,cardinal,4,3,270_deg_west,cardinal,270,0,90,640,640,8,batch_0008,112,datasets/df_2024_uniform/batch_0008/images/27dbda3d02fc2b1752d57e3bd4335be93be3cc5a.jpg,https://raw.githubusercontent.com/GUIA-DD/dataset-streetview/refs/heads/main/datasets/df_2024_uniform/batch_0008/images/27dbda3d02fc2b1752d57e3bd4335be93be3cc5a.jpg,True,downloaded,
2140b7e4c51c93e25d88f3bbeb6c01aefddbd689,4378616925127281c05d9c6a2a17e329b9298a29,-15.972166450098817,-47.58578200057281,-15.97218569021689,-47.58574462928279,2025-05,2025,vB1C5x2KBke0AvlgwYmitQ,328.1058382131518,© Google,OK,14_1,223224.58038553243,8232423.994101391,cf4105ad4fe7c777cab07942b9efe0a000e23f74,cardinal,4,0,0_deg_north,cardinal,0,0,90,640,640,8,batch_0008,113,datasets/df_2024_uniform/batch_0008/images/cf4105ad4fe7c777cab07942b9efe0a000e23f74.jpg,https://raw.githubusercontent.com/GUIA-DD/dataset-streetview/refs/heads/main/datasets/df_2024_uniform/batch_0008/images/cf4105ad4fe7c777cab07942b9efe0a000e23f74.jpg,True,downloaded,
2140b7e4c51c93e25d88f3bbeb6c01aefddbd689,4378616925127281c05d9c6a2a17e329b9298a29,-15.972166450098817,-47.58578200057281,-15.97218569021689,-47.58574462928279,2025-05,2025,vB1C5x2KBke0AvlgwYmitQ,328.1058382131518,© Google,OK,14_1,223224.58038553243,8232423.994101391,acf63aa8aae510341d723b18329f185c5ca75e94,cardinal,4,1,90_deg_east,cardinal,90,0,90,640,640,8,batch_0008,114,datasets/df_2024_uniform/batch_0008/images/acf63aa8aae510341d723b18329f185c5ca75e94.jpg,https://raw.githubusercontent.com/GUIA-DD/dataset-streetview/refs/heads/main/datasets/df_2024_uniform/batch_0008/images/acf63aa8aae510341d723b18329f185c5ca75e94.jpg,True,downloaded,
2140b7e4c51c93e25d88f3bbeb6c01aefddbd689,4378616925127281c05d9c6a2a17e329b9298a29,-15.972166450098817,-47.58578200057281,-15.97218569021689,-47.58574462928279,2025-05,2025,vB1C5x2KBke0AvlgwYmitQ,328.1058382131518,© Google,OK,14_1,223224.58038553243,8232423.994101391,670bce30d2a38d105b8011350087923f04891e9e,cardinal,4,2,180_deg_south,cardinal,180,0,90,640,640,8,batch_0008,115,datasets/df_2024_uniform/batch_0008/images/670bce30d2a38d105b8011350087923f04891e9e.jpg,https://raw.githubusercontent.com/GUIA-DD/dataset-streetview/refs/heads/main/datasets/df_2024_uniform/batch_0008/images/670bce30d2a38d105b8011350087923f04891e9e.jpg,True,downloaded,
2140b7e4c51c93e25d88f3bbeb6c01aefddbd689,4378616925127281c05d9c6a2a17e329b9298a29,-15.972166450098817,-47.58578200057281,-15.97218569021689,-47.58574462928279,2025-05,2025,vB1C5x2KBke0AvlgwYmitQ,328.1058382131518,© Google,OK,14_1,223224.58038553243,8232423.994101391,3406ce3e63e0b8bcf87d25441049ed0a18a78f03,cardinal,4,3,270_deg_west,cardinal,270,0,90,640,640,8,batch_0008,116,datasets/df_2024_uniform/batch_0008/images/3406ce3e63e0b8bcf87d25441049ed0a18a78f03.jpg,https://raw.githubusercontent.com/GUIA-DD/dataset-streetview/refs/heads/main/datasets/df_2024_uniform/batch_0008/images/3406ce3e63e0b8bcf87d25441049ed0a18a78f03.jpg,True,downloaded,
22f624ec147ac71e8039af5f323d82e40440a859,6a88039e0ee9ef37dde2860c8180638a16ba8181,-15.86005619772793,-47.45884976532479,-15.86009227645217,-47.45890972213333,2024-09,2024,XqP7eQ0yd75RDjvfHj2unw,237.27422995451724,© Google,OK,17_4,236672.2438767224,8244999.462301026,ba266be2f170f44dd8507719a9af2390b9edbb0d,cardinal,4,0,0_deg_north,cardinal,0,0,90,640,640,8,batch_0008,117,datasets/df_2024_uniform/batch_0008/images/ba266be2f170f44dd8507719a9af2390b9edbb0d.jpg,https://raw.githubusercontent.com/GUIA-DD/dataset-streetview/refs/heads/main/datasets/df_2024_uniform/batch_0008/images/ba266be2f170f44dd8507719a9af2390b9edbb0d.jpg,True,downloaded,
22f624ec147ac71e8039af5f323d82e40440a859,6a88039e0ee9ef37dde2860c8180638a16ba8181,-15.86005619772793,-47.45884976532479,-15.86009227645217,-47.45890972213333,2024-09,2024,XqP7eQ0yd75RDjvfHj2unw,237.27422995451724,© Google,OK,17_4,236672.2438767224,8244999.462301026,1a4dab3608326de076aeb9bb634a63d5c6e22579,cardinal,4,1,90_deg_east,cardinal,90,0,90,640,640,8,batch_0008,118,datasets/df_2024_uniform/batch_0008/images/1a4dab3608326de076aeb9bb634a63d5c6e22579.jpg,https://raw.githubusercontent.com/GUIA-DD/dataset-streetview/refs/heads/main/datasets/df_2024_uniform/batch_0008/images/1a4dab3608326de076aeb9bb634a63d5c6e22579.jpg,True,downloaded,
22f624ec147ac71e8039af5f323d82e40440a859,6a88039e0ee9ef37dde2860c8180638a16ba8181,-15.86005619772793,-47.45884976532479,-15.86009227645217,-47.45890972213333,2024-09,2024,XqP7eQ0yd75RDjvfHj2unw,237.27422995451724,© Google,OK,17_4,236672.2438767224,8244999.462301026,87597614a7032d333c2b394663b7bc3933c67037,cardinal,4,2,180_deg_south,cardinal,180,0,90,640,640,8,batch_0008,119,datasets/df_2024_uniform/batch_0008/images/87597614a7032d333c2b394663b7bc3933c67037.jpg,https://raw.githubusercontent.com/GUIA-DD/dataset-streetview/refs/heads/main/datasets/df_2024_uniform/batch_0008/images/87597614a7032d333c2b394663b7bc3933c67037.jpg,True,downloaded,
22f624ec147ac71e8039af5f323d82e40440a859,6a88039e0ee9ef37dde2860c8180638a16ba8181,-15.86005619772793,-47.45884976532479,-15.86009227645217,-47.45890972213333,2024-09,2024,XqP7eQ0yd75RDjvfHj2unw,237.27422995451724,© Google,OK,17_4,236672.2438767224,8244999.462301026,afae911ab0a9f297a85ad0855af8d268f84374f4,cardinal,4,3,270_deg_west,cardinal,270,0,90,640,640,8,batch_0008,120,datasets/df_2024_uniform/batch_0008/images/afae911ab0a9f297a85ad0855af8d268f84374f4.jpg,https://raw.githubusercontent.com/GUIA-DD/dataset-streetview/refs/heads/main/datasets/df_2024_uniform/batch_0008/images/afae911ab0a9f297a85ad0855af8d268f84374f4.jpg,True,downloaded,
23b53c276df178bff8e6ffd0b2fd997b78665609,d7827c2832be860d2cdf4c54dcd06acd1bcdbb29,-15.976311300018118,-47.91104060006361,-15.97633831554402,-47.91101542845376,2024-12,2024,Ih5Aipo-p_OfTDu-FPINMQ,137.10284162417489,© Google,OK,7_1,188391.988324374,8231504.786571786,7111405bfe82fe1fb7043f7e85149d24b44490ef,cardinal,4,0,0_deg_north,cardinal,0,0,90,640,640,8,batch_0008,121,datasets/df_2024_uniform/batch_0008/images/7111405bfe82fe1fb7043f7e85149d24b44490ef.jpg,https://raw.githubusercontent.com/GUIA-DD/dataset-streetview/refs/heads/main/datasets/df_2024_uniform/batch_0008/images/7111405bfe82fe1fb7043f7e85149d24b44490ef.jpg,True,downloaded,
23b53c276df178bff8e6ffd0b2fd997b78665609,d7827c2832be860d2cdf4c54dcd06acd1bcdbb29,-15.976311300018118,-47.91104060006361,-15.97633831554402,-47.91101542845376,2024-12,2024,Ih5Aipo-p_OfTDu-FPINMQ,137.10284162417489,© Google,OK,7_1,188391.988324374,8231504.786571786,3228912332e9d2dbb5fe7214e7fe2e27da0b763e,cardinal,4,1,90_deg_east,cardinal,90,0,90,640,640,8,batch_0008,122,datasets/df_2024_uniform/batch_0008/images/3228912332e9d2dbb5fe7214e7fe2e27da0b763e.jpg,https://raw.githubusercontent.com/GUIA-DD/dataset-streetview/refs/heads/main/datasets/df_2024_uniform/batch_0008/images/3228912332e9d2dbb5fe7214e7fe2e27da0b763e.jpg,True,downloaded,
23b53c276df178bff8e6ffd0b2fd997b78665609,d7827c2832be860d2cdf4c54dcd06acd1bcdbb29,-15.976311300018118,-47.91104060006361,-15.97633831554402,-47.91101542845376,2024-12,2024,Ih5Aipo-p_OfTDu-FPINMQ,137.10284162417489,© Google,OK,7_1,188391.988324374,8231504.786571786,380cbc15b1dbab495b52fa66da91ab35daae9a30,cardinal,4,2,180_deg_south,cardinal,180,0,90,640,640,8,batch_0008,123,datasets/df_2024_uniform/batch_0008/images/380cbc15b1dbab495b52fa66da91ab35daae9a30.jpg,https://raw.githubusercontent.com/GUIA-DD/dataset-streetview/refs/heads/main/datasets/df_2024_uniform/batch_0008/images/380cbc15b1dbab495b52fa66da91ab35daae9a30.jpg,True,downloaded,
23b53c276df178bff8e6ffd0b2fd997b78665609,d7827c2832be860d2cdf4c54dcd06acd1bcdbb29,-15.976311300018118,-47.91104060006361,-15.97633831554402,-47.91101542845376,2024-12,2024,Ih5Aipo-p_OfTDu-FPINMQ,137.10284162417489,© Google,OK,7_1,188391.988324374,8231504.786571786,0bae85ce0d19fb47f225d2d4c2659acd6bda3dd4,cardinal,4,3,270_deg_west,cardinal,270,0,90,640,640,8,batch_0008,124,datasets/df_2024_uniform/batch_0008/images/0bae85ce0d19fb47f225d2d4c2659acd6bda3dd4.jpg,https://raw.githubusercontent.com/GUIA-DD/dataset-streetview/refs/heads/main/datasets/df_2024_uniform/batch_0008/images/0bae85ce0d19fb47f225d2d4c2659acd6bda3dd4.jpg,True,downloaded,
240093e17fbdd047f5b407be3538d6a37237b9ea,165829191bd6ff4b67fa60ba4ebd49b375017642,-15.777839212677616,-47.59869236586707,-15.7778452680411,-47.59869393246799,2025-07,2025,RVmnujF5CqyAD77dJvgyMw,140.59193529919244,© Google,OK,14_6,221574.7776690088,8253920.855087577,657c6c8ce4216c8303559ae0d800955081438ce8,cardinal,4,0,0_deg_north,cardinal,0,0,90,640,640,8,batch_0008,125,datasets/df_2024_uniform/batch_0008/images/657c6c8ce4216c8303559ae0d800955081438ce8.jpg,https://raw.githubusercontent.com/GUIA-DD/dataset-streetview/refs/heads/main/datasets/df_2024_uniform/batch_0008/images/657c6c8ce4216c8303559ae0d800955081438ce8.jpg,True,downloaded,
240093e17fbdd047f5b407be3538d6a37237b9ea,165829191bd6ff4b67fa60ba4ebd49b375017642,-15.777839212677616,-47.59869236586707,-15.7778452680411,-47.59869393246799,2025-07,2025,RVmnujF5CqyAD77dJvgyMw,140.59193529919244,© Google,OK,14_6,221574.7776690088,8253920.855087577,9dff2d71336f987854cc1de7acad2075ad243bf1,cardinal,4,1,90_deg_east,cardinal,90,0,90,640,640,8,batch_0008,126,datasets/df_2024_uniform/batch_0008/images/9dff2d71336f987854cc1de7acad2075ad243bf1.jpg,https://raw.githubusercontent.com/GUIA-DD/dataset-streetview/refs/heads/main/datasets/df_2024_uniform/batch_0008/images/9dff2d71336f987854cc1de7acad2075ad243bf1.jpg,True,downloaded,
240093e17fbdd047f5b407be3538d6a37237b9ea,165829191bd6ff4b67fa60ba4ebd49b375017642,-15.777839212677616,-47.59869236586707,-15.7778452680411,-47.59869393246799,2025-07,2025,RVmnujF5CqyAD77dJvgyMw,140.59193529919244,© Google,OK,14_6,221574.7776690088,8253920.855087577,7297cf9ed10288503c34bfbe4dbda5ac94b89769,cardinal,4,2,180_deg_south,cardinal,180,0,90,640,640,8,batch_0008,127,datasets/df_2024_uniform/batch_0008/images/7297cf9ed10288503c34bfbe4dbda5ac94b89769.jpg,https://raw.githubusercontent.com/GUIA-DD/dataset-streetview/refs/heads/main/datasets/df_2024_uniform/batch_0008/images/7297cf9ed10288503c34bfbe4dbda5ac94b89769.jpg,True,downloaded,
240093e17fbdd047f5b407be3538d6a37237b9ea,165829191bd6ff4b67fa60ba4ebd49b375017642,-15.777839212677616,-47.59869236586707,-15.7778452680411,-47.59869393246799,2025-07,2025,RVmnujF5CqyAD77dJvgyMw,140.59193529919244,© Google,OK,14_6,221574.7776690088,8253920.855087577,33403c10c3a80cb8716b284b623f5b32b10d23b3,cardinal,4,3,270_deg_west,cardinal,270,0,90,640,640,8,batch_0008,128,datasets/df_2024_uniform/batch_0008/images/33403c10c3a80cb8716b284b623f5b32b10d23b3.jpg,https://raw.githubusercontent.com/GUIA-DD/dataset-streetview/refs/heads/main/datasets/df_2024_uniform/batch_0008/images/33403c10c3a80cb8716b284b623f5b32b10d23b3.jpg,True,downloaded,
240cb493e48c6a841e353d2e27d8c6f54c88622a,8e431f0704df0b66b637864d004358efe60bd22f,-16.042265050000868,-48.257333299974185,-16.04222237901137,-48.25730624975878,2025-05,2025,7szV49nff3Jg9D0jJvpZ6A,177.2648154571163,© Google,OK,0_0,151405.94816768717,8223649.044303782,fc0e7cc66e9931ab0438620561d95d0b623c6e87,cardinal,4,0,0_deg_north,cardinal,0,0,90,640,640,8,batch_0008,129,datasets/df_2024_uniform/batch_0008/images/fc0e7cc66e9931ab0438620561d95d0b623c6e87.jpg,https://raw.githubusercontent.com/GUIA-DD/dataset-streetview/refs/heads/main/datasets/df_2024_uniform/batch_0008/images/fc0e7cc66e9931ab0438620561d95d0b623c6e87.jpg,True,downloaded,
240cb493e48c6a841e353d2e27d8c6f54c88622a,8e431f0704df0b66b637864d004358efe60bd22f,-16.042265050000868,-48.257333299974185,-16.04222237901137,-48.25730624975878,2025-05,2025,7szV49nff3Jg9D0jJvpZ6A,177.2648154571163,© Google,OK,0_0,151405.94816768717,8223649.044303782,21d76281aaab7cdb2893d77d86b6f51881b42892,cardinal,4,1,90_deg_east,cardinal,90,0,90,640,640,8,batch_0008,130,datasets/df_2024_uniform/batch_0008/images/21d76281aaab7cdb2893d77d86b6f51881b42892.jpg,https://raw.githubusercontent.com/GUIA-DD/dataset-streetview/refs/heads/main/datasets/df_2024_uniform/batch_0008/images/21d76281aaab7cdb2893d77d86b6f51881b42892.jpg,True,downloaded,
240cb493e48c6a841e353d2e27d8c6f54c88622a,8e431f0704df0b66b637864d004358efe60bd22f,-16.042265050000868,-48.257333299974185,-16.04222237901137,-48.25730624975878,2025-05,2025,7szV49nff3Jg9D0jJvpZ6A,177.2648154571163,© Google,OK,0_0,151405.94816768717,8223649.044303782,5e17cc32055f267b7211c2eef2b87f46bb6bd592,cardinal,4,2,180_deg_south,cardinal,180,0,90,640,640,8,batch_0008,131,datasets/df_2024_uniform/batch_0008/images/5e17cc32055f267b7211c2eef2b87f46bb6bd592.jpg,https://raw.githubusercontent.com/GUIA-DD/dataset-streetview/refs/heads/main/datasets/df_2024_uniform/batch_0008/images/5e17cc32055f267b7211c2eef2b87f46bb6bd592.jpg,True,downloaded,
240cb493e48c6a841e353d2e27d8c6f54c88622a,8e431f0704df0b66b637864d004358efe60bd22f,-16.042265050000868,-48.257333299974185,-16.04222237901137,-48.25730624975878,2025-05,2025,7szV49nff3Jg9D0jJvpZ6A,177.2648154571163,© Google,OK,0_0,151405.94816768717,8223649.044303782,5ff765e82d21d998ae50cde8229ee7a6197e5743,cardinal,4,3,270_deg_west,cardinal,270,0,90,640,640,8,batch_0008,132,datasets/df_2024_uniform/batch_0008/images/5ff765e82d21d998ae50cde8229ee7a6197e5743.jpg,https://raw.githubusercontent.com/GUIA-DD/dataset-streetview/refs/heads/main/datasets/df_2024_uniform/batch_0008/images/5ff765e82d21d998ae50cde8229ee7a6197e5743.jpg,True,downloaded,
241da3998264c909cda6399c3b444934e5cc8ef1,62fc303f3ddcf0f1dc24f87391363e15fb786c25,-15.64274735292036,-47.81418050243648,-15.64274239685061,-47.81417729801385,2024-09,2024,XtLswCT_UcUIXsTwvTie0w,285.2800291976058,© Google,OK,9_9,198272.8435897925,8268582.10531332,3ec9c196d735a7e78fb206b68f0fb353bbb1f502,cardinal,4,0,0_deg_north,cardinal,0,0,90,640,640,8,batch_0008,133,datasets/df_2024_uniform/batch_0008/images/3ec9c196d735a7e78fb206b68f0fb353bbb1f502.jpg,https://raw.githubusercontent.com/GUIA-DD/dataset-streetview/refs/heads/main/datasets/df_2024_uniform/batch_0008/images/3ec9c196d735a7e78fb206b68f0fb353bbb1f502.jpg,True,downloaded,
241da3998264c909cda6399c3b444934e5cc8ef1,62fc303f3ddcf0f1dc24f87391363e15fb786c25,-15.64274735292036,-47.81418050243648,-15.64274239685061,-47.81417729801385,2024-09,2024,XtLswCT_UcUIXsTwvTie0w,285.2800291976058,© Google,OK,9_9,198272.8435897925,8268582.10531332,b7a5d0fdf6bcf7ac7dcaee7a3594222f470eb2e2,cardinal,4,1,90_deg_east,cardinal,90,0,90,640,640,8,batch_0008,134,datasets/df_2024_uniform/batch_0008/images/b7a5d0fdf6bcf7ac7dcaee7a3594222f470eb2e2.jpg,https://raw.githubusercontent.com/GUIA-DD/dataset-streetview/refs/heads/main/datasets/df_2024_uniform/batch_0008/images/b7a5d0fdf6bcf7ac7dcaee7a3594222f470eb2e2.jpg,True,downloaded,
241da3998264c909cda6399c3b444934e5cc8ef1,62fc303f3ddcf0f1dc24f87391363e15fb786c25,-15.64274735292036,-47.81418050243648,-15.64274239685061,-47.81417729801385,2024-09,2024,XtLswCT_UcUIXsTwvTie0w,285.2800291976058,© Google,OK,9_9,198272.8435897925,8268582.10531332,7bc21675a32052e239276bbe18533de57a987ee3,cardinal,4,2,180_deg_south,cardinal,180,0,90,640,640,8,batch_0008,135,datasets/df_2024_uniform/batch_0008/images/7bc21675a32052e239276bbe18533de57a987ee3.jpg,https://raw.githubusercontent.com/GUIA-DD/dataset-streetview/refs/heads/main/datasets/df_2024_uniform/batch_0008/images/7bc21675a32052e239276bbe18533de57a987ee3.jpg,True,downloaded,
241da3998264c909cda6399c3b444934e5cc8ef1,62fc303f3ddcf0f1dc24f87391363e15fb786c25,-15.64274735292036,-47.81418050243648,-15.64274239685061,-47.81417729801385,2024-09,2024,XtLswCT_UcUIXsTwvTie0w,285.2800291976058,© Google,OK,9_9,198272.8435897925,8268582.10531332,678d8110687c498daf332587f2351c98c5818a5c,cardinal,4,3,270_deg_west,cardinal,270,0,90,640,640,8,batch_0008,136,datasets/df_2024_uniform/batch_0008/images/678d8110687c498daf332587f2351c98c5818a5c.jpg,https://raw.githubusercontent.com/GUIA-DD/dataset-streetview/refs/heads/main/datasets/df_2024_uniform/batch_0008/images/678d8110687c498daf332587f2351c98c5818a5c.jpg,True,downloaded,
24acf062f365508a1fdd67a60252d1f4f4eebf1c,0da014c6ec96c5b2b495cda9a03eeb67015ce2c3,-15.528186887487072,-47.47902359629492,-15.52820352470884,-47.47907731336683,2025-07,2025,N7jJj0K9D1ggG1__gofFng,11.750021339268551,© Google,OK,17_11,234080.3512922348,8281712.0367048895,fb330c98775f795f2d834305c8bd4e992d4df176,cardinal,4,0,0_deg_north,cardinal,0,0,90,640,640,8,batch_0008,137,datasets/df_2024_uniform/batch_0008/images/fb330c98775f795f2d834305c8bd4e992d4df176.jpg,https://raw.githubusercontent.com/GUIA-DD/dataset-streetview/refs/heads/main/datasets/df_2024_uniform/batch_0008/images/fb330c98775f795f2d834305c8bd4e992d4df176.jpg,True,downloaded,
24acf062f365508a1fdd67a60252d1f4f4eebf1c,0da014c6ec96c5b2b495cda9a03eeb67015ce2c3,-15.528186887487072,-47.47902359629492,-15.52820352470884,-47.47907731336683,2025-07,2025,N7jJj0K9D1ggG1__gofFng,11.750021339268551,© Google,OK,17_11,234080.3512922348,8281712.0367048895,ef3be2ca69a1676effb9541b6c15c63d9b324977,cardinal,4,1,90_deg_east,cardinal,90,0,90,640,640,8,batch_0008,138,datasets/df_2024_uniform/batch_0008/images/ef3be2ca69a1676effb9541b6c15c63d9b324977.jpg,https://raw.githubusercontent.com/GUIA-DD/dataset-streetview/refs/heads/main/datasets/df_2024_uniform/batch_0008/images/ef3be2ca69a1676effb9541b6c15c63d9b324977.jpg,True,downloaded,
24acf062f365508a1fdd67a60252d1f4f4eebf1c,0da014c6ec96c5b2b495cda9a03eeb67015ce2c3,-15.528186887487072,-47.47902359629492,-15.52820352470884,-47.47907731336683,2025-07,2025,N7jJj0K9D1ggG1__gofFng,11.750021339268551,© Google,OK,17_11,234080.3512922348,8281712.0367048895,fb4b90e23cc738043418025f53f3bd4281c69b14,cardinal,4,2,180_deg_south,cardinal,180,0,90,640,640,8,batch_0008,139,datasets/df_2024_uniform/batch_0008/images/fb4b90e23cc738043418025f53f3bd4281c69b14.jpg,https://raw.githubusercontent.com/GUIA-DD/dataset-streetview/refs/heads/main/datasets/df_2024_uniform/batch_0008/images/fb4b90e23cc738043418025f53f3bd4281c69b14.jpg,True,downloaded,
24acf062f365508a1fdd67a60252d1f4f4eebf1c,0da014c6ec96c5b2b495cda9a03eeb67015ce2c3,-15.528186887487072,-47.47902359629492,-15.52820352470884,-47.47907731336683,2025-07,2025,N7jJj0K9D1ggG1__gofFng,11.750021339268551,© Google,OK,17_11,234080.3512922348,8281712.0367048895,853426182fb726f27a0da76221eea4c5d35653eb,cardinal,4,3,270_deg_west,cardinal,270,0,90,640,640,8,batch_0008,140,datasets/df_2024_uniform/batch_0008/images/853426182fb726f27a0da76221eea4c5d35653eb.jpg,https://raw.githubusercontent.com/GUIA-DD/dataset-streetview/refs/heads/main/datasets/df_2024_uniform/batch_0008/images/853426182fb726f27a0da76221eea4c5d35653eb.jpg,True,downloaded,
250d8fda961999c8b15ef55c4ca13888ba7baa21,4695433f095879578ba690f8d17a19dd48a527c5,-15.830145500051774,-48.142294899869874,-15.83009693675743,-48.14228762191513,2024-07,2024,jBphHry63Icvtopw80I-TQ,206.8125116071825,© Google,OK,2_4,163373.75206310017,8247332.952775592,6293437c2f6c9ee3744401ce1a924b54ce4c3b3e,cardinal,4,0,0_deg_north,cardinal,0,0,90,640,640,8,batch_0008,141,datasets/df_2024_uniform/batch_0008/images/6293437c2f6c9ee3744401ce1a924b54ce4c3b3e.jpg,https://raw.githubusercontent.com/GUIA-DD/dataset-streetview/refs/heads/main/datasets/df_2024_uniform/batch_0008/images/6293437c2f6c9ee3744401ce1a924b54ce4c3b3e.jpg,True,downloaded,
250d8fda961999c8b15ef55c4ca13888ba7baa21,4695433f095879578ba690f8d17a19dd48a527c5,-15.830145500051774,-48.142294899869874,-15.83009693675743,-48.14228762191513,2024-07,2024,jBphHry63Icvtopw80I-TQ,206.8125116071825,© Google,OK,2_4,163373.75206310017,8247332.952775592,d8a0c335247c9784e7ac97f4048e1222adc166e4,cardinal,4,1,90_deg_east,cardinal,90,0,90,640,640,8,batch_0008,142,datasets/df_2024_uniform/batch_0008/images/d8a0c335247c9784e7ac97f4048e1222adc166e4.jpg,https://raw.githubusercontent.com/GUIA-DD/dataset-streetview/refs/heads/main/datasets/df_2024_uniform/batch_0008/images/d8a0c335247c9784e7ac97f4048e1222adc166e4.jpg,True,downloaded,
250d8fda961999c8b15ef55c4ca13888ba7baa21,4695433f095879578ba690f8d17a19dd48a527c5,-15.830145500051774,-48.142294899869874,-15.83009693675743,-48.14228762191513,2024-07,2024,jBphHry63Icvtopw80I-TQ,206.8125116071825,© Google,OK,2_4,163373.75206310017,8247332.952775592,e6971eecf84a3c28790a28f779f38146bb1dc839,cardinal,4,2,180_deg_south,cardinal,180,0,90,640,640,8,batch_0008,143,datasets/df_2024_uniform/batch_0008/images/e6971eecf84a3c28790a28f779f38146bb1dc839.jpg,https://raw.githubusercontent.com/GUIA-DD/dataset-streetview/refs/heads/main/datasets/df_2024_uniform/batch_0008/images/e6971eecf84a3c28790a28f779f38146bb1dc839.jpg,True,downloaded,
250d8fda961999c8b15ef55c4ca13888ba7baa21,4695433f095879578ba690f8d17a19dd48a527c5,-15.830145500051774,-48.142294899869874,-15.83009693675743,-48.14228762191513,2024-07,2024,jBphHry63Icvtopw80I-TQ,206.8125116071825,© Google,OK,2_4,163373.75206310017,8247332.952775592,27ce577e8c9a3f463e77435b89bcbf8128ffaf9c,cardinal,4,3,270_deg_west,cardinal,270,0,90,640,640,8,batch_0008,144,datasets/df_2024_uniform/batch_0008/images/27ce577e8c9a3f463e77435b89bcbf8128ffaf9c.jpg,https://raw.githubusercontent.com/GUIA-DD/dataset-streetview/refs/heads/main/datasets/df_2024_uniform/batch_0008/images/27ce577e8c9a3f463e77435b89bcbf8128ffaf9c.jpg,True,downloaded,
264ad04db2af17c612bd64228fe6b2f451e82777,dabe67f4e95e23ff1d02bf557e27a0cf35318403,-15.96106490002451,-47.55723369980638,-15.96105904779673,-47.5572169387103,2024-09,2024,ed-5FEcA_k37-NewRwAt6Q,181.4545821418442,© Google,OK,15_2,226266.9611673278,8233690.813225746,11f4eb01755e96a683ec85d8160b8a0f133ee598,cardinal,4,0,0_deg_north,cardinal,0,0,90,640,640,8,batch_0008,145,datasets/df_2024_uniform/batch_0008/images/11f4eb01755e96a683ec85d8160b8a0f133ee598.jpg,https://raw.githubusercontent.com/GUIA-DD/dataset-streetview/refs/heads/main/datasets/df_2024_uniform/batch_0008/images/11f4eb01755e96a683ec85d8160b8a0f133ee598.jpg,True,downloaded,
264ad04db2af17c612bd64228fe6b2f451e82777,dabe67f4e95e23ff1d02bf557e27a0cf35318403,-15.96106490002451,-47.55723369980638,-15.96105904779673,-47.5572169387103,2024-09,2024,ed-5FEcA_k37-NewRwAt6Q,181.4545821418442,© Google,OK,15_2,226266.9611673278,8233690.813225746,895f7f792addbd13e9cc3b74009de44e64cbbc6e,cardinal,4,1,90_deg_east,cardinal,90,0,90,640,640,8,batch_0008,146,datasets/df_2024_uniform/batch_0008/images/895f7f792addbd13e9cc3b74009de44e64cbbc6e.jpg,https://raw.githubusercontent.com/GUIA-DD/dataset-streetview/refs/heads/main/datasets/df_2024_uniform/batch_0008/images/895f7f792addbd13e9cc3b74009de44e64cbbc6e.jpg,True,downloaded,
264ad04db2af17c612bd64228fe6b2f451e82777,dabe67f4e95e23ff1d02bf557e27a0cf35318403,-15.96106490002451,-47.55723369980638,-15.96105904779673,-47.5572169387103,2024-09,2024,ed-5FEcA_k37-NewRwAt6Q,181.4545821418442,© Google,OK,15_2,226266.9611673278,8233690.813225746,ad4b1b04ef3477ae6ad163db0c69a43ef42809d4,cardinal,4,2,180_deg_south,cardinal,180,0,90,640,640,8,batch_0008,147,datasets/df_2024_uniform/batch_0008/images/ad4b1b04ef3477ae6ad163db0c69a43ef42809d4.jpg,https://raw.githubusercontent.com/GUIA-DD/dataset-streetview/refs/heads/main/datasets/df_2024_uniform/batch_0008/images/ad4b1b04ef3477ae6ad163db0c69a43ef42809d4.jpg,True,downloaded,
264ad04db2af17c612bd64228fe6b2f451e82777,dabe67f4e95e23ff1d02bf557e27a0cf35318403,-15.96106490002451,-47.55723369980638,-15.96105904779673,-47.5572169387103,2024-09,2024,ed-5FEcA_k37-NewRwAt6Q,181.4545821418442,© Google,OK,15_2,226266.9611673278,8233690.813225746,dd7fc44e4099bf2061b5cf158002a4958ba8f182,cardinal,4,3,270_deg_west,cardinal,270,0,90,640,640,8,batch_0008,148,datasets/df_2024_uniform/batch_0008/images/dd7fc44e4099bf2061b5cf158002a4958ba8f182.jpg,https://raw.githubusercontent.com/GUIA-DD/dataset-streetview/refs/heads/main/datasets/df_2024_uniform/batch_0008/images/dd7fc44e4099bf2061b5cf158002a4958ba8f182.jpg,True,downloaded,
27681634c6f2a9c9493988cbeaef0d5ee828d878,8eb55dcf6b519cbf7a8e61fbd4613d3015d81691,-16.027903654550823,-47.36761445227183,-16.0278812866673,-47.36755488930122,2024-10,2024,kw9kuYisG0bZ0aMY65vSYw,278.6006283772032,© Google,OK,19_0,246658.86950189923,8226532.24209681,c27daf72644a920126eb2924d18df9cf9d284339,cardinal,4,0,0_deg_north,cardinal,0,0,90,640,640,8,batch_0008,149,datasets/df_2024_uniform/batch_0008/images/c27daf72644a920126eb2924d18df9cf9d284339.jpg,https://raw.githubusercontent.com/GUIA-DD/dataset-streetview/refs/heads/main/datasets/df_2024_uniform/batch_0008/images/c27daf72644a920126eb2924d18df9cf9d284339.jpg,True,downloaded,
27681634c6f2a9c9493988cbeaef0d5ee828d878,8eb55dcf6b519cbf7a8e61fbd4613d3015d81691,-16.027903654550823,-47.36761445227183,-16.0278812866673,-47.36755488930122,2024-10,2024,kw9kuYisG0bZ0aMY65vSYw,278.6006283772032,© Google,OK,19_0,246658.86950189923,8226532.24209681,9ecaefe1f5060994efa0b396ca6125fa7a6fd370,cardinal,4,1,90_deg_east,cardinal,90,0,90,640,640,8,batch_0008,150,datasets/df_2024_uniform/batch_0008/images/9ecaefe1f5060994efa0b396ca6125fa7a6fd370.jpg,https://raw.githubusercontent.com/GUIA-DD/dataset-streetview/refs/heads/main/datasets/df_2024_uniform/batch_0008/images/9ecaefe1f5060994efa0b396ca6125fa7a6fd370.jpg,True,downloaded,
27681634c6f2a9c9493988cbeaef0d5ee828d878,8eb55dcf6b519cbf7a8e61fbd4613d3015d81691,-16.027903654550823,-47.36761445227183,-16.0278812866673,-47.36755488930122,2024-10,2024,kw9kuYisG0bZ0aMY65vSYw,278.6006283772032,© Google,OK,19_0,246658.86950189923,8226532.24209681,08d8b3524935ad55bdf3e0afad95412fefb8518f,cardinal,4,2,180_deg_south,cardinal,180,0,90,640,640,8,batch_0008,151,datasets/df_2024_uniform/batch_0008/images/08d8b3524935ad55bdf3e0afad95412fefb8518f.jpg,https://raw.githubusercontent.com/GUIA-DD/dataset-streetview/refs/heads/main/datasets/df_2024_uniform/batch_0008/images/08d8b3524935ad55bdf3e0afad95412fefb8518f.jpg,True,downloaded,
27681634c6f2a9c9493988cbeaef0d5ee828d878,8eb55dcf6b519cbf7a8e61fbd4613d3015d81691,-16.027903654550823,-47.36761445227183,-16.0278812866673,-47.36755488930122,2024-10,2024,kw9kuYisG0bZ0aMY65vSYw,278.6006283772032,© Google,OK,19_0,246658.86950189923,8226532.24209681,aa1066a6aae78635174dc92584bea9280850b579,cardinal,4,3,270_deg_west,cardinal,270,0,90,640,640,8,batch_0008,152,datasets/df_2024_uniform/batch_0008/images/aa1066a6aae78635174dc92584bea9280850b579.jpg,https://raw.githubusercontent.com/GUIA-DD/dataset-streetview/refs/heads/main/datasets/df_2024_uniform/batch_0008/images/aa1066a6aae78635174dc92584bea9280850b579.jpg,True,downloaded,
2806639fb978c353b3cbd34b38e33c539ff00ca1,8863de62d56b6f4dd29800ee2cdb5f555f7b27a9,-16.039202400005703,-48.02432384993677,-16.03918710867964,-48.02429389201792,2025-02,2025,SQ-sAsYTqLtKg1HJEs6q8g,179.3380933406125,© Google,OK,5_0,176357.78460950212,8224366.671379968,e1d12bfa4c9988c9dcd57a62deed6eaeadaee396,cardinal,4,0,0_deg_north,cardinal,0,0,90,640,640,8,batch_0008,153,datasets/df_2024_uniform/batch_0008/images/e1d12bfa4c9988c9dcd57a62deed6eaeadaee396.jpg,https://raw.githubusercontent.com/GUIA-DD/dataset-streetview/refs/heads/main/datasets/df_2024_uniform/batch_0008/images/e1d12bfa4c9988c9dcd57a62deed6eaeadaee396.jpg,True,downloaded,
2806639fb978c353b3cbd34b38e33c539ff00ca1,8863de62d56b6f4dd29800ee2cdb5f555f7b27a9,-16.039202400005703,-48.02432384993677,-16.03918710867964,-48.02429389201792,2025-02,2025,SQ-sAsYTqLtKg1HJEs6q8g,179.3380933406125,© Google,OK,5_0,176357.78460950212,8224366.671379968,8b7bdc524c2a7be1918d222246c1745975c4a48c,cardinal,4,1,90_deg_east,cardinal,90,0,90,640,640,8,batch_0008,154,datasets/df_2024_uniform/batch_0008/images/8b7bdc524c2a7be1918d222246c1745975c4a48c.jpg,https://raw.githubusercontent.com/GUIA-DD/dataset-streetview/refs/heads/main/datasets/df_2024_uniform/batch_0008/images/8b7bdc524c2a7be1918d222246c1745975c4a48c.jpg,True,downloaded,
2806639fb978c353b3cbd34b38e33c539ff00ca1,8863de62d56b6f4dd29800ee2cdb5f555f7b27a9,-16.039202400005703,-48.02432384993677,-16.03918710867964,-48.02429389201792,2025-02,2025,SQ-sAsYTqLtKg1HJEs6q8g,179.3380933406125,© Google,OK,5_0,176357.78460950212,8224366.671379968,659df43651e0251da25c37a2a159aac7220de0f4,cardinal,4,2,180_deg_south,cardinal,180,0,90,640,640,8,batch_0008,155,datasets/df_2024_uniform/batch_0008/images/659df43651e0251da25c37a2a159aac7220de0f4.jpg,https://raw.githubusercontent.com/GUIA-DD/dataset-streetview/refs/heads/main/datasets/df_2024_uniform/batch_0008/images/659df43651e0251da25c37a2a159aac7220de0f4.jpg,True,downloaded,
2806639fb978c353b3cbd34b38e33c539ff00ca1,8863de62d56b6f4dd29800ee2cdb5f555f7b27a9,-16.039202400005703,-48.02432384993677,-16.03918710867964,-48.02429389201792,2025-02,2025,SQ-sAsYTqLtKg1HJEs6q8g,179.3380933406125,© Google,OK,5_0,176357.78460950212,8224366.671379968,a33a2cc98747ebaa95131d697bebfafc8b2b5fe4,cardinal,4,3,270_deg_west,cardinal,270,0,90,640,640,8,batch_0008,156,datasets/df_2024_uniform/batch_0008/images/a33a2cc98747ebaa95131d697bebfafc8b2b5fe4.jpg,https://raw.githubusercontent.com/GUIA-DD/dataset-streetview/refs/heads/main/datasets/df_2024_uniform/batch_0008/images/a33a2cc98747ebaa95131d697bebfafc8b2b5fe4.jpg,True,downloaded,
2ae6e16d97328160a7fa2ba5f552c32c344d5336,7e39a2e98867568af85412fa84ff7aa9f9a7d0f1,-15.651896200112532,-47.755442699880575,-15.65187272116932,-47.75540502760998,2024-07,2024,kOO9Z92Fn5LltaxlOy1rAQ,55.08966669317523,© Google,OK,11_9,204587.8906555417,8267651.792218482,a6ea4c53a7b6a0175ab86460de1d91df51b089ee,cardinal,4,0,0_deg_north,cardinal,0,0,90,640,640,8,batch_0008,157,datasets/df_2024_uniform/batch_0008/images/a6ea4c53a7b6a0175ab86460de1d91df51b089ee.jpg,https://raw.githubusercontent.com/GUIA-DD/dataset-streetview/refs/heads/main/datasets/df_2024_uniform/batch_0008/images/a6ea4c53a7b6a0175ab86460de1d91df51b089ee.jpg,True,downloaded,
2ae6e16d97328160a7fa2ba5f552c32c344d5336,7e39a2e98867568af85412fa84ff7aa9f9a7d0f1,-15.651896200112532,-47.755442699880575,-15.65187272116932,-47.75540502760998,2024-07,2024,kOO9Z92Fn5LltaxlOy1rAQ,55.08966669317523,© Google,OK,11_9,204587.8906555417,8267651.792218482,7c33f3bed8539e304135847ef13a0f69214c1e06,cardinal,4,1,90_deg_east,cardinal,90,0,90,640,640,8,batch_0008,158,datasets/df_2024_uniform/batch_0008/images/7c33f3bed8539e304135847ef13a0f69214c1e06.jpg,https://raw.githubusercontent.com/GUIA-DD/dataset-streetview/refs/heads/main/datasets/df_2024_uniform/batch_0008/images/7c33f3bed8539e304135847ef13a0f69214c1e06.jpg,True,downloaded,
2ae6e16d97328160a7fa2ba5f552c32c344d5336,7e39a2e98867568af85412fa84ff7aa9f9a7d0f1,-15.651896200112532,-47.755442699880575,-15.65187272116932,-47.75540502760998,2024-07,2024,kOO9Z92Fn5LltaxlOy1rAQ,55.08966669317523,© Google,OK,11_9,204587.8906555417,8267651.792218482,3e19a98e8c71e1350fd581898e48969e620e104e,cardinal,4,2,180_deg_south,cardinal,180,0,90,640,640,8,batch_0008,159,datasets/df_2024_uniform/batch_0008/images/3e19a98e8c71e1350fd581898e48969e620e104e.jpg,https://raw.githubusercontent.com/GUIA-DD/dataset-streetview/refs/heads/main/datasets/df_2024_uniform/batch_0008/images/3e19a98e8c71e1350fd581898e48969e620e104e.jpg,True,downloaded,
2ae6e16d97328160a7fa2ba5f552c32c344d5336,7e39a2e98867568af85412fa84ff7aa9f9a7d0f1,-15.651896200112532,-47.755442699880575,-15.65187272116932,-47.75540502760998,2024-07,2024,kOO9Z92Fn5LltaxlOy1rAQ,55.08966669317523,© Google,OK,11_9,204587.8906555417,8267651.792218482,383b409018763deae2e02b59955c54f1750774dc,cardinal,4,3,270_deg_west,cardinal,270,0,90,640,640,8,batch_0008,160,datasets/df_2024_uniform/batch_0008/images/383b409018763deae2e02b59955c54f1750774dc.jpg,https://raw.githubusercontent.com/GUIA-DD/dataset-streetview/refs/heads/main/datasets/df_2024_uniform/batch_0008/images/383b409018763deae2e02b59955c54f1750774dc.jpg,True,downloaded,
2cbe22fe143f1d4de90edee23dc6984a2fc1db8a,9e11c632be35df55f5f1bb918b2383b30a2d6836,-15.94425567187366,-47.78411756826868,-15.94419418757808,-47.78409383870204,2025-05,2025,6W2COlp7FFIfLieBY1zCjA,158.51738288744747,© Google,OK,10_2,201940.1605034289,8235240.303284531,9da3f5244d058520aa434bb6f4d57d0dcce86a47,cardinal,4,0,0_deg_north,cardinal,0,0,90,640,640,8,batch_0008,161,datasets/df_2024_uniform/batch_0008/images/9da3f5244d058520aa434bb6f4d57d0dcce86a47.jpg,https://raw.githubusercontent.com/GUIA-DD/dataset-streetview/refs/heads/main/datasets/df_2024_uniform/batch_0008/images/9da3f5244d058520aa434bb6f4d57d0dcce86a47.jpg,True,downloaded,
2cbe22fe143f1d4de90edee23dc6984a2fc1db8a,9e11c632be35df55f5f1bb918b2383b30a2d6836,-15.94425567187366,-47.78411756826868,-15.94419418757808,-47.78409383870204,2025-05,2025,6W2COlp7FFIfLieBY1zCjA,158.51738288744747,© Google,OK,10_2,201940.1605034289,8235240.303284531,e391d8548bf3eab6b52c77a76535480c61f201e7,cardinal,4,1,90_deg_east,cardinal,90,0,90,640,640,8,batch_0008,162,datasets/df_2024_uniform/batch_0008/images/e391d8548bf3eab6b52c77a76535480c61f201e7.jpg,https://raw.githubusercontent.com/GUIA-DD/dataset-streetview/refs/heads/main/datasets/df_2024_uniform/batch_0008/images/e391d8548bf3eab6b52c77a76535480c61f201e7.jpg,True,downloaded,
2cbe22fe143f1d4de90edee23dc6984a2fc1db8a,9e11c632be35df55f5f1bb918b2383b30a2d6836,-15.94425567187366,-47.78411756826868,-15.94419418757808,-47.78409383870204,2025-05,2025,6W2COlp7FFIfLieBY1zCjA,158.51738288744747,© Google,OK,10_2,201940.1605034289,8235240.303284531,2ccebe632e75bf23c2c683a4ab6b8db675b29137,cardinal,4,2,180_deg_south,cardinal,180,0,90,640,640,8,batch_0008,163,datasets/df_2024_uniform/batch_0008/images/2ccebe632e75bf23c2c683a4ab6b8db675b29137.jpg,https://raw.githubusercontent.com/GUIA-DD/dataset-streetview/refs/heads/main/datasets/df_2024_uniform/batch_0008/images/2ccebe632e75bf23c2c683a4ab6b8db675b29137.jpg,True,downloaded,
2cbe22fe143f1d4de90edee23dc6984a2fc1db8a,9e11c632be35df55f5f1bb918b2383b30a2d6836,-15.94425567187366,-47.78411756826868,-15.94419418757808,-47.78409383870204,2025-05,2025,6W2COlp7FFIfLieBY1zCjA,158.51738288744747,© Google,OK,10_2,201940.1605034289,8235240.303284531,1f737b72d062df4ba3428c9809f730e9bc32d8a6,cardinal,4,3,270_deg_west,cardinal,270,0,90,640,640,8,batch_0008,164,datasets/df_2024_uniform/batch_0008/images/1f737b72d062df4ba3428c9809f730e9bc32d8a6.jpg,https://raw.githubusercontent.com/GUIA-DD/dataset-streetview/refs/heads/main/datasets/df_2024_uniform/batch_0008/images/1f737b72d062df4ba3428c9809f730e9bc32d8a6.jpg,True,downloaded,
2eabfa02abcad4e95fc357099c10f03b0e601ef3,50a3c48b2a1cab11c37b779b1d694bdc2e1d9974,-15.52851760000061,-47.64975985000926,-15.52848296696792,-47.64978493776606,2025-07,2025,ljxC48VzUSZFME1CA7c0Nw,157.85769673404124,© Google,OK,13_11,215755.38249369047,8281455.697665693,08bdf1b1b27e9a6bac7e1b1914c0ba85d59b4c72,cardinal,4,0,0_deg_north,cardinal,0,0,90,640,640,8,batch_0008,165,datasets/df_2024_uniform/batch_0008/images/08bdf1b1b27e9a6bac7e1b1914c0ba85d59b4c72.jpg,https://raw.githubusercontent.com/GUIA-DD/dataset-streetview/refs/heads/main/datasets/df_2024_uniform/batch_0008/images/08bdf1b1b27e9a6bac7e1b1914c0ba85d59b4c72.jpg,True,downloaded,
2eabfa02abcad4e95fc357099c10f03b0e601ef3,50a3c48b2a1cab11c37b779b1d694bdc2e1d9974,-15.52851760000061,-47.64975985000926,-15.52848296696792,-47.64978493776606,2025-07,2025,ljxC48VzUSZFME1CA7c0Nw,157.85769673404124,© Google,OK,13_11,215755.38249369047,8281455.697665693,30b76944a79f60a581d663303bf56e7e7bc7996b,cardinal,4,1,90_deg_east,cardinal,90,0,90,640,640,8,batch_0008,166,datasets/df_2024_uniform/batch_0008/images/30b76944a79f60a581d663303bf56e7e7bc7996b.jpg,https://raw.githubusercontent.com/GUIA-DD/dataset-streetview/refs/heads/main/datasets/df_2024_uniform/batch_0008/images/30b76944a79f60a581d663303bf56e7e7bc7996b.jpg,True,downloaded,
2eabfa02abcad4e95fc357099c10f03b0e601ef3,50a3c48b2a1cab11c37b779b1d694bdc2e1d9974,-15.52851760000061,-47.64975985000926,-15.52848296696792,-47.64978493776606,2025-07,2025,ljxC48VzUSZFME1CA7c0Nw,157.85769673404124,© Google,OK,13_11,215755.38249369047,8281455.697665693,d7285f0be32f2b877b9f5bbe0cee2be40cee790b,cardinal,4,2,180_deg_south,cardinal,180,0,90,640,640,8,batch_0008,167,datasets/df_2024_uniform/batch_0008/images/d7285f0be32f2b877b9f5bbe0cee2be40cee790b.jpg,https://raw.githubusercontent.com/GUIA-DD/dataset-streetview/refs/heads/main/datasets/df_2024_uniform/batch_0008/images/d7285f0be32f2b877b9f5bbe0cee2be40cee790b.jpg,True,downloaded,
2eabfa02abcad4e95fc357099c10f03b0e601ef3,50a3c48b2a1cab11c37b779b1d694bdc2e1d9974,-15.52851760000061,-47.64975985000926,-15.52848296696792,-47.64978493776606,2025-07,2025,ljxC48VzUSZFME1CA7c0Nw,157.85769673404124,© Google,OK,13_11,215755.38249369047,8281455.697665693,9afe747548520a186163ac5ad2352cfa47af18b7,cardinal,4,3,270_deg_west,cardinal,270,0,90,640,640,8,batch_0008,168,datasets/df_2024_uniform/batch_0008/images/9afe747548520a186163ac5ad2352cfa47af18b7.jpg,https://raw.githubusercontent.com/GUIA-DD/dataset-streetview/refs/heads/main/datasets/df_2024_uniform/batch_0008/images/9afe747548520a186163ac5ad2352cfa47af18b7.jpg,True,downloaded,
2ed1bfd4ffc117969391b56e86ca3b1c6bbc8d6d,c91b6fe18fa5989f14e3d3a18d31f5744ee3dc3f,-15.79988635003761,-48.12941944997923,-15.79992454591361,-48.12943988121357,2026-01,2026,oGKU2_-nahu0zRrZkaKF-Q,68.04821452472046,© Google,OK,3_5,164704.30939972386,8250704.909114642,bb175bddbede193874393ab380128daa3a0c49dc,cardinal,4,0,0_deg_north,cardinal,0,0,90,640,640,8,batch_0008,169,datasets/df_2024_uniform/batch_0008/images/bb175bddbede193874393ab380128daa3a0c49dc.jpg,https://raw.githubusercontent.com/GUIA-DD/dataset-streetview/refs/heads/main/datasets/df_2024_uniform/batch_0008/images/bb175bddbede193874393ab380128daa3a0c49dc.jpg,True,downloaded,
2ed1bfd4ffc117969391b56e86ca3b1c6bbc8d6d,c91b6fe18fa5989f14e3d3a18d31f5744ee3dc3f,-15.79988635003761,-48.12941944997923,-15.79992454591361,-48.12943988121357,2026-01,2026,oGKU2_-nahu0zRrZkaKF-Q,68.04821452472046,© Google,OK,3_5,164704.30939972386,8250704.909114642,50a79fcb787beba5e559abdc7eb26a0d69ed0118,cardinal,4,1,90_deg_east,cardinal,90,0,90,640,640,8,batch_0008,170,datasets/df_2024_uniform/batch_0008/images/50a79fcb787beba5e559abdc7eb26a0d69ed0118.jpg,https://raw.githubusercontent.com/GUIA-DD/dataset-streetview/refs/heads/main/datasets/df_2024_uniform/batch_0008/images/50a79fcb787beba5e559abdc7eb26a0d69ed0118.jpg,True,downloaded,
2ed1bfd4ffc117969391b56e86ca3b1c6bbc8d6d,c91b6fe18fa5989f14e3d3a18d31f5744ee3dc3f,-15.79988635003761,-48.12941944997923,-15.79992454591361,-48.12943988121357,2026-01,2026,oGKU2_-nahu0zRrZkaKF-Q,68.04821452472046,© Google,OK,3_5,164704.30939972386,8250704.909114642,7b9e59c5e4cfcf5438ca1162af9835d802681a9d,cardinal,4,2,180_deg_south,cardinal,180,0,90,640,640,8,batch_0008,171,datasets/df_2024_uniform/batch_0008/images/7b9e59c5e4cfcf5438ca1162af9835d802681a9d.jpg,https://raw.githubusercontent.com/GUIA-DD/dataset-streetview/refs/heads/main/datasets/df_2024_uniform/batch_0008/images/7b9e59c5e4cfcf5438ca1162af9835d802681a9d.jpg,True,downloaded,
2ed1bfd4ffc117969391b56e86ca3b1c6bbc8d6d,c91b6fe18fa5989f14e3d3a18d31f5744ee3dc3f,-15.79988635003761,-48.12941944997923,-15.79992454591361,-48.12943988121357,2026-01,2026,oGKU2_-nahu0zRrZkaKF-Q,68.04821452472046,© Google,OK,3_5,164704.30939972386,8250704.909114642,87777857d83d3d668f04ce45c08d152b8610829e,cardinal,4,3,270_deg_west,cardinal,270,0,90,640,640,8,batch_0008,172,datasets/df_2024_uniform/batch_0008/images/87777857d83d3d668f04ce45c08d152b8610829e.jpg,https://raw.githubusercontent.com/GUIA-DD/dataset-streetview/refs/heads/main/datasets/df_2024_uniform/batch_0008/images/87777857d83d3d668f04ce45c08d152b8610829e.jpg,True,downloaded,
2f22ef4f8ba0dcd05d2147befbe0eddc0af9eb29,523482d08ad655fc985f648206a784e17401457e,-15.613091765568337,-47.53910136911268,-15.61309695645476,-47.53911449797166,2025-07,2025,HwGR7TQDzMznA50qmMDgnA,294.75482083858844,© Google,OK,15_9,227744.2215490369,8272237.108967525,6a7a37dcadb82d6f674050836a60f0edc1c4ed22,cardinal,4,0,0_deg_north,cardinal,0,0,90,640,640,8,batch_0008,173,datasets/df_2024_uniform/batch_0008/images/6a7a37dcadb82d6f674050836a60f0edc1c4ed22.jpg,https://raw.githubusercontent.com/GUIA-DD/dataset-streetview/refs/heads/main/datasets/df_2024_uniform/batch_0008/images/6a7a37dcadb82d6f674050836a60f0edc1c4ed22.jpg,True,downloaded,
2f22ef4f8ba0dcd05d2147befbe0eddc0af9eb29,523482d08ad655fc985f648206a784e17401457e,-15.613091765568337,-47.53910136911268,-15.61309695645476,-47.53911449797166,2025-07,2025,HwGR7TQDzMznA50qmMDgnA,294.75482083858844,© Google,OK,15_9,227744.2215490369,8272237.108967525,e9fea35d62610c303105cc87095d2c4167aaab95,cardinal,4,1,90_deg_east,cardinal,90,0,90,640,640,8,batch_0008,174,datasets/df_2024_uniform/batch_0008/images/e9fea35d62610c303105cc87095d2c4167aaab95.jpg,https://raw.githubusercontent.com/GUIA-DD/dataset-streetview/refs/heads/main/datasets/df_2024_uniform/batch_0008/images/e9fea35d62610c303105cc87095d2c4167aaab95.jpg,True,downloaded,
2f22ef4f8ba0dcd05d2147befbe0eddc0af9eb29,523482d08ad655fc985f648206a784e17401457e,-15.613091765568337,-47.53910136911268,-15.61309695645476,-47.53911449797166,2025-07,2025,HwGR7TQDzMznA50qmMDgnA,294.75482083858844,© Google,OK,15_9,227744.2215490369,8272237.108967525,3b8b476caca2bc4ab14c355c61198336772b3d23,cardinal,4,2,180_deg_south,cardinal,180,0,90,640,640,8,batch_0008,175,datasets/df_2024_uniform/batch_0008/images/3b8b476caca2bc4ab14c355c61198336772b3d23.jpg,https://raw.githubusercontent.com/GUIA-DD/dataset-streetview/refs/heads/main/datasets/df_2024_uniform/batch_0008/images/3b8b476caca2bc4ab14c355c61198336772b3d23.jpg,True,downloaded,
2f22ef4f8ba0dcd05d2147befbe0eddc0af9eb29,523482d08ad655fc985f648206a784e17401457e,-15.613091765568337,-47.53910136911268,-15.61309695645476,-47.53911449797166,2025-07,2025,HwGR7TQDzMznA50qmMDgnA,294.75482083858844,© Google,OK,15_9,227744.2215490369,8272237.108967525,11007ceb03935bfbefed6d7f9725962229351df2,cardinal,4,3,270_deg_west,cardinal,270,0,90,640,640,8,batch_0008,176,datasets/df_2024_uniform/batch_0008/images/11007ceb03935bfbefed6d7f9725962229351df2.jpg,https://raw.githubusercontent.com/GUIA-DD/dataset-streetview/refs/heads/main/datasets/df_2024_uniform/batch_0008/images/11007ceb03935bfbefed6d7f9725962229351df2.jpg,True,downloaded,
3116576bf9fce39bbc8e8211bff2e089b78bbf4b,a6d4f6d8832cee9d680b3e0f02097486ab450d17,-15.837291083928918,-47.42554357201563,-15.83726767025663,-47.42556021438649,2025-07,2025,Rcaz2NdtYHedWomHcvrPIQ,102.4670225302456,© Google,OK,18_5,240211.818728914,8247561.10779889,767a10afe5de1cefbc193354b740791523e71df5,cardinal,4,0,0_deg_north,cardinal,0,0,90,640,640,8,batch_0008,177,datasets/df_2024_uniform/batch_0008/images/767a10afe5de1cefbc193354b740791523e71df5.jpg,https://raw.githubusercontent.com/GUIA-DD/dataset-streetview/refs/heads/main/datasets/df_2024_uniform/batch_0008/images/767a10afe5de1cefbc193354b740791523e71df5.jpg,True,downloaded,
3116576bf9fce39bbc8e8211bff2e089b78bbf4b,a6d4f6d8832cee9d680b3e0f02097486ab450d17,-15.837291083928918,-47.42554357201563,-15.83726767025663,-47.42556021438649,2025-07,2025,Rcaz2NdtYHedWomHcvrPIQ,102.4670225302456,© Google,OK,18_5,240211.818728914,8247561.10779889,8f1a26b41734be432aa8fa011747303ccd842751,cardinal,4,1,90_deg_east,cardinal,90,0,90,640,640,8,batch_0008,178,datasets/df_2024_uniform/batch_0008/images/8f1a26b41734be432aa8fa011747303ccd842751.jpg,https://raw.githubusercontent.com/GUIA-DD/dataset-streetview/refs/heads/main/datasets/df_2024_uniform/batch_0008/images/8f1a26b41734be432aa8fa011747303ccd842751.jpg,True,downloaded,
3116576bf9fce39bbc8e8211bff2e089b78bbf4b,a6d4f6d8832cee9d680b3e0f02097486ab450d17,-15.837291083928918,-47.42554357201563,-15.83726767025663,-47.42556021438649,2025-07,2025,Rcaz2NdtYHedWomHcvrPIQ,102.4670225302456,© Google,OK,18_5,240211.818728914,8247561.10779889,3fd4cc8962c2a537cb7ff62704e55fd238465509,cardinal,4,2,180_deg_south,cardinal,180,0,90,640,640,8,batch_0008,179,datasets/df_2024_uniform/batch_0008/images/3fd4cc8962c2a537cb7ff62704e55fd238465509.jpg,https://raw.githubusercontent.com/GUIA-DD/dataset-streetview/refs/heads/main/datasets/df_2024_uniform/batch_0008/images/3fd4cc8962c2a537cb7ff62704e55fd238465509.jpg,True,downloaded,
3116576bf9fce39bbc8e8211bff2e089b78bbf4b,a6d4f6d8832cee9d680b3e0f02097486ab450d17,-15.837291083928918,-47.42554357201563,-15.83726767025663,-47.42556021438649,2025-07,2025,Rcaz2NdtYHedWomHcvrPIQ,102.4670225302456,© Google,OK,18_5,240211.818728914,8247561.10779889,5edff29e28580ef5d6c9d717883354d9d14a3fa2,cardinal,4,3,270_deg_west,cardinal,270,0,90,640,640,8,batch_0008,180,datasets/df_2024_uniform/batch_0008/images/5edff29e28580ef5d6c9d717883354d9d14a3fa2.jpg,https://raw.githubusercontent.com/GUIA-DD/dataset-streetview/refs/heads/main/datasets/df_2024_uniform/batch_0008/images/5edff29e28580ef5d6c9d717883354d9d14a3fa2.jpg,True,downloaded,
32bcff52f8442c57cdb8871c32b54eebde9a678f,5ca13a6e291417185f45f2788e8b07422c0db2cd,-15.741810423175425,-47.76109068208245,-15.74179514030108,-47.76108587429503,2024-07,2024,wm-uKigXytrc2Pvx87OafQ,343.19727719387294,© Google,OK,11_7,204111.86409784897,8257688.452442532,180f8f5183e4cd1d221a180c5822512d408000c2,cardinal,4,0,0_deg_north,cardinal,0,0,90,640,640,8,batch_0008,181,datasets/df_2024_uniform/batch_0008/images/180f8f5183e4cd1d221a180c5822512d408000c2.jpg,https://raw.githubusercontent.com/GUIA-DD/dataset-streetview/refs/heads/main/datasets/df_2024_uniform/batch_0008/images/180f8f5183e4cd1d221a180c5822512d408000c2.jpg,True,downloaded,
32bcff52f8442c57cdb8871c32b54eebde9a678f,5ca13a6e291417185f45f2788e8b07422c0db2cd,-15.741810423175425,-47.76109068208245,-15.74179514030108,-47.76108587429503,2024-07,2024,wm-uKigXytrc2Pvx87OafQ,343.19727719387294,© Google,OK,11_7,204111.86409784897,8257688.452442532,53d2a5c5c6e5241cb3bec3ea91abd7cd6f9ffd54,cardinal,4,1,90_deg_east,cardinal,90,0,90,640,640,8,batch_0008,182,datasets/df_2024_uniform/batch_0008/images/53d2a5c5c6e5241cb3bec3ea91abd7cd6f9ffd54.jpg,https://raw.githubusercontent.com/GUIA-DD/dataset-streetview/refs/heads/main/datasets/df_2024_uniform/batch_0008/images/53d2a5c5c6e5241cb3bec3ea91abd7cd6f9ffd54.jpg,True,downloaded,
32bcff52f8442c57cdb8871c32b54eebde9a678f,5ca13a6e291417185f45f2788e8b07422c0db2cd,-15.741810423175425,-47.76109068208245,-15.74179514030108,-47.76108587429503,2024-07,2024,wm-uKigXytrc2Pvx87OafQ,343.19727719387294,© Google,OK,11_7,204111.86409784897,8257688.452442532,206dc9ed8dbd79e0e55cbe07d0dfcf8e85abca74,cardinal,4,2,180_deg_south,cardinal,180,0,90,640,640,8,batch_0008,183,datasets/df_2024_uniform/batch_0008/images/206dc9ed8dbd79e0e55cbe07d0dfcf8e85abca74.jpg,https://raw.githubusercontent.com/GUIA-DD/dataset-streetview/refs/heads/main/datasets/df_2024_uniform/batch_0008/images/206dc9ed8dbd79e0e55cbe07d0dfcf8e85abca74.jpg,True,downloaded,
32bcff52f8442c57cdb8871c32b54eebde9a678f,5ca13a6e291417185f45f2788e8b07422c0db2cd,-15.741810423175425,-47.76109068208245,-15.74179514030108,-47.76108587429503,2024-07,2024,wm-uKigXytrc2Pvx87OafQ,343.19727719387294,© Google,OK,11_7,204111.86409784897,8257688.452442532,9e0672e8ae25d9277cf1b233686c1e6953d2ada2,cardinal,4,3,270_deg_west,cardinal,270,0,90,640,640,8,batch_0008,184,datasets/df_2024_uniform/batch_0008/images/9e0672e8ae25d9277cf1b233686c1e6953d2ada2.jpg,https://raw.githubusercontent.com/GUIA-DD/dataset-streetview/refs/heads/main/datasets/df_2024_uniform/batch_0008/images/9e0672e8ae25d9277cf1b233686c1e6953d2ada2.jpg,True,downloaded,
352cbeeab2e85461bb24dc4e9001645747217396,4bce8db4a3aa2de1f32c27d00c536b6adabcc557,-15.86371360985735,-48.24419485882241,-15.86372733577207,-48.24415705645529,2026-02,2026,XRf5J2MEuW96wGBMV0JcYw,247.0526830513649,© Google,OK,0_4,152505.1671193079,8243448.4979230035,fdb23f9caed1fb0dbc9d235801ee94347410443e,cardinal,4,0,0_deg_north,cardinal,0,0,90,640,640,8,batch_0008,185,datasets/df_2024_uniform/batch_0008/images/fdb23f9caed1fb0dbc9d235801ee94347410443e.jpg,https://raw.githubusercontent.com/GUIA-DD/dataset-streetview/refs/heads/main/datasets/df_2024_uniform/batch_0008/images/fdb23f9caed1fb0dbc9d235801ee94347410443e.jpg,True,downloaded,
352cbeeab2e85461bb24dc4e9001645747217396,4bce8db4a3aa2de1f32c27d00c536b6adabcc557,-15.86371360985735,-48.24419485882241,-15.86372733577207,-48.24415705645529,2026-02,2026,XRf5J2MEuW96wGBMV0JcYw,247.0526830513649,© Google,OK,0_4,152505.1671193079,8243448.4979230035,5e6bb18a498e41d771c9cbdbbe4542cce3e4d9b7,cardinal,4,1,90_deg_east,cardinal,90,0,90,640,640,8,batch_0008,186,datasets/df_2024_uniform/batch_0008/images/5e6bb18a498e41d771c9cbdbbe4542cce3e4d9b7.jpg,https://raw.githubusercontent.com/GUIA-DD/dataset-streetview/refs/heads/main/datasets/df_2024_uniform/batch_0008/images/5e6bb18a498e41d771c9cbdbbe4542cce3e4d9b7.jpg,True,downloaded,
352cbeeab2e85461bb24dc4e9001645747217396,4bce8db4a3aa2de1f32c27d00c536b6adabcc557,-15.86371360985735,-48.24419485882241,-15.86372733577207,-48.24415705645529,2026-02,2026,XRf5J2MEuW96wGBMV0JcYw,247.0526830513649,© Google,OK,0_4,152505.1671193079,8243448.4979230035,298f99bf8bd0eae189a8e178da377938563685e2,cardinal,4,2,180_deg_south,cardinal,180,0,90,640,640,8,batch_0008,187,datasets/df_2024_uniform/batch_0008/images/298f99bf8bd0eae189a8e178da377938563685e2.jpg,https://raw.githubusercontent.com/GUIA-DD/dataset-streetview/refs/heads/main/datasets/df_2024_uniform/batch_0008/images/298f99bf8bd0eae189a8e178da377938563685e2.jpg,True,downloaded,
352cbeeab2e85461bb24dc4e9001645747217396,4bce8db4a3aa2de1f32c27d00c536b6adabcc557,-15.86371360985735,-48.24419485882241,-15.86372733577207,-48.24415705645529,2026-02,2026,XRf5J2MEuW96wGBMV0JcYw,247.0526830513649,© Google,OK,0_4,152505.1671193079,8243448.4979230035,9084af9fd065f13bf976165cafee2318e7b04765,cardinal,4,3,270_deg_west,cardinal,270,0,90,640,640,8,batch_0008,188,datasets/df_2024_uniform/batch_0008/images/9084af9fd065f13bf976165cafee2318e7b04765.jpg,https://raw.githubusercontent.com/GUIA-DD/dataset-streetview/refs/heads/main/datasets/df_2024_uniform/batch_0008/images/9084af9fd065f13bf976165cafee2318e7b04765.jpg,True,downloaded,
369635b7aba8703d576de1bffde57b4f29e31dd7,1ad8c02107e91886c55d750f791189234d313dfc,-16.00015071285423,-47.556134469569706,-16.00008940140847,-47.55613498770576,2025-05,2025,vdXQgFv6xbsZwj0r9kY7ZQ,299.27492587245854,© Google,OK,15_1,226437.87615281207,8229365.134655047,4458013ef3dae0745060a773cb32b3f46ad98322,cardinal,4,0,0_deg_north,cardinal,0,0,90,640,640,8,batch_0008,189,datasets/df_2024_uniform/batch_0008/images/4458013ef3dae0745060a773cb32b3f46ad98322.jpg,https://raw.githubusercontent.com/GUIA-DD/dataset-streetview/refs/heads/main/datasets/df_2024_uniform/batch_0008/images/4458013ef3dae0745060a773cb32b3f46ad98322.jpg,True,downloaded,
369635b7aba8703d576de1bffde57b4f29e31dd7,1ad8c02107e91886c55d750f791189234d313dfc,-16.00015071285423,-47.556134469569706,-16.00008940140847,-47.55613498770576,2025-05,2025,vdXQgFv6xbsZwj0r9kY7ZQ,299.27492587245854,© Google,OK,15_1,226437.87615281207,8229365.134655047,fe9849d990442cad0121dcc58ef941dd14ee989d,cardinal,4,1,90_deg_east,cardinal,90,0,90,640,640,8,batch_0008,190,datasets/df_2024_uniform/batch_0008/images/fe9849d990442cad0121dcc58ef941dd14ee989d.jpg,https://raw.githubusercontent.com/GUIA-DD/dataset-streetview/refs/heads/main/datasets/df_2024_uniform/batch_0008/images/fe9849d990442cad0121dcc58ef941dd14ee989d.jpg,True,downloaded,
369635b7aba8703d576de1bffde57b4f29e31dd7,1ad8c02107e91886c55d750f791189234d313dfc,-16.00015071285423,-47.556134469569706,-16.00008940140847,-47.55613498770576,2025-05,2025,vdXQgFv6xbsZwj0r9kY7ZQ,299.27492587245854,© Google,OK,15_1,226437.87615281207,8229365.134655047,9e3b86cc010467d809ab05459d89c1708beeccc8,cardinal,4,2,180_deg_south,cardinal,180,0,90,640,640,8,batch_0008,191,datasets/df_2024_uniform/batch_0008/images/9e3b86cc010467d809ab05459d89c1708beeccc8.jpg,https://raw.githubusercontent.com/GUIA-DD/dataset-streetview/refs/heads/main/datasets/df_2024_uniform/batch_0008/images/9e3b86cc010467d809ab05459d89c1708beeccc8.jpg,True,downloaded,
369635b7aba8703d576de1bffde57b4f29e31dd7,1ad8c02107e91886c55d750f791189234d313dfc,-16.00015071285423,-47.556134469569706,-16.00008940140847,-47.55613498770576,2025-05,2025,vdXQgFv6xbsZwj0r9kY7ZQ,299.27492587245854,© Google,OK,15_1,226437.87615281207,8229365.134655047,20c56b293d2408ae05e9544f82bfa4c96708b123,cardinal,4,3,270_deg_west,cardinal,270,0,90,640,640,8,batch_0008,192,datasets/df_2024_uniform/batch_0008/images/20c56b293d2408ae05e9544f82bfa4c96708b123.jpg,https://raw.githubusercontent.com/GUIA-DD/dataset-streetview/refs/heads/main/datasets/df_2024_uniform/batch_0008/images/20c56b293d2408ae05e9544f82bfa4c96708b123.jpg,True,downloaded,
37276dc7764f5d204298782f74d8e8d9afbf863b,1a51068843a35e07cb44a680e2aac0026da6187e,-15.576068000066964,-47.469155349782966,-15.57637474720849,-47.46933773484505,2024-08,2024,QoPwqcmHeQU3waG6aQKF7A,20.937393794888333,© Google,OK,17_10,235200.74496013665,8276423.921983644,5d1134650236cac0303e720165df483ce7e1db2c,cardinal,4,0,0_deg_north,cardinal,0,0,90,640,640,8,batch_0008,193,datasets/df_2024_uniform/batch_0008/images/5d1134650236cac0303e720165df483ce7e1db2c.jpg,https://raw.githubusercontent.com/GUIA-DD/dataset-streetview/refs/heads/main/datasets/df_2024_uniform/batch_0008/images/5d1134650236cac0303e720165df483ce7e1db2c.jpg,True,downloaded,
37276dc7764f5d204298782f74d8e8d9afbf863b,1a51068843a35e07cb44a680e2aac0026da6187e,-15.576068000066964,-47.469155349782966,-15.57637474720849,-47.46933773484505,2024-08,2024,QoPwqcmHeQU3waG6aQKF7A,20.937393794888333,© Google,OK,17_10,235200.74496013665,8276423.921983644,b05889b826bb8e36b23c3677ef6efed4a97af1cc,cardinal,4,1,90_deg_east,cardinal,90,0,90,640,640,8,batch_0008,194,datasets/df_2024_uniform/batch_0008/images/b05889b826bb8e36b23c3677ef6efed4a97af1cc.jpg,https://raw.githubusercontent.com/GUIA-DD/dataset-streetview/refs/heads/main/datasets/df_2024_uniform/batch_0008/images/b05889b826bb8e36b23c3677ef6efed4a97af1cc.jpg,True,downloaded,
37276dc7764f5d204298782f74d8e8d9afbf863b,1a51068843a35e07cb44a680e2aac0026da6187e,-15.576068000066964,-47.469155349782966,-15.57637474720849,-47.46933773484505,2024-08,2024,QoPwqcmHeQU3waG6aQKF7A,20.937393794888333,© Google,OK,17_10,235200.74496013665,8276423.921983644,f73c975a7ea45a8dad751edd2c7890a299ed097b,cardinal,4,2,180_deg_south,cardinal,180,0,90,640,640,8,batch_0008,195,datasets/df_2024_uniform/batch_0008/images/f73c975a7ea45a8dad751edd2c7890a299ed097b.jpg,https://raw.githubusercontent.com/GUIA-DD/dataset-streetview/refs/heads/main/datasets/df_2024_uniform/batch_0008/images/f73c975a7ea45a8dad751edd2c7890a299ed097b.jpg,True,downloaded,
37276dc7764f5d204298782f74d8e8d9afbf863b,1a51068843a35e07cb44a680e2aac0026da6187e,-15.576068000066964,-47.469155349782966,-15.57637474720849,-47.46933773484505,2024-08,2024,QoPwqcmHeQU3waG6aQKF7A,20.937393794888333,© Google,OK,17_10,235200.74496013665,8276423.921983644,f15d246f45943fe88492fce5562f9d04b8c64708,cardinal,4,3,270_deg_west,cardinal,270,0,90,640,640,8,batch_0008,196,datasets/df_2024_uniform/batch_0008/images/f15d246f45943fe88492fce5562f9d04b8c64708.jpg,https://raw.githubusercontent.com/GUIA-DD/dataset-streetview/refs/heads/main/datasets/df_2024_uniform/batch_0008/images/f15d246f45943fe88492fce5562f9d04b8c64708.jpg,True,downloaded,
377c5f3272ae3d0dd07e6e39c1e27d80c96c2c7a,4a8711172b84b69d20157f9cb7b2072263cd70d2,-15.873936726442468,-48.06724003722216,-15.87394517195578,-48.06726308215788,2025-06,2025,fl80FIUzdC1zvi0_og3AMw,249.6025104781604,© Google,OK,4_4,171491.84732704886,8242602.197373752,4ba5ac09d7f0a45c49e57b5d3ea30185afabbcdc,cardinal,4,0,0_deg_north,cardinal,0,0,90,640,640,8,batch_0008,197,datasets/df_2024_uniform/batch_0008/images/4ba5ac09d7f0a45c49e57b5d3ea30185afabbcdc.jpg,https://raw.githubusercontent.com/GUIA-DD/dataset-streetview/refs/heads/main/datasets/df_2024_uniform/batch_0008/images/4ba5ac09d7f0a45c49e57b5d3ea30185afabbcdc.jpg,True,downloaded,
377c5f3272ae3d0dd07e6e39c1e27d80c96c2c7a,4a8711172b84b69d20157f9cb7b2072263cd70d2,-15.873936726442468,-48.06724003722216,-15.87394517195578,-48.06726308215788,2025-06,2025,fl80FIUzdC1zvi0_og3AMw,249.6025104781604,© Google,OK,4_4,171491.84732704886,8242602.197373752,9b4418774091153f7370a9eba3b7bb77c49282f2,cardinal,4,1,90_deg_east,cardinal,90,0,90,640,640,8,batch_0008,198,datasets/df_2024_uniform/batch_0008/images/9b4418774091153f7370a9eba3b7bb77c49282f2.jpg,https://raw.githubusercontent.com/GUIA-DD/dataset-streetview/refs/heads/main/datasets/df_2024_uniform/batch_0008/images/9b4418774091153f7370a9eba3b7bb77c49282f2.jpg,True,downloaded,
377c5f3272ae3d0dd07e6e39c1e27d80c96c2c7a,4a8711172b84b69d20157f9cb7b2072263cd70d2,-15.873936726442468,-48.06724003722216,-15.87394517195578,-48.06726308215788,2025-06,2025,fl80FIUzdC1zvi0_og3AMw,249.6025104781604,© Google,OK,4_4,171491.84732704886,8242602.197373752,24f9e7451088c8fad6fa8e88f2a7bb05cc98f46c,cardinal,4,2,180_deg_south,cardinal,180,0,90,640,640,8,batch_0008,199,datasets/df_2024_uniform/batch_0008/images/24f9e7451088c8fad6fa8e88f2a7bb05cc98f46c.jpg,https://raw.githubusercontent.com/GUIA-DD/dataset-streetview/refs/heads/main/datasets/df_2024_uniform/batch_0008/images/24f9e7451088c8fad6fa8e88f2a7bb05cc98f46c.jpg,True,downloaded,
377c5f3272ae3d0dd07e6e39c1e27d80c96c2c7a,4a8711172b84b69d20157f9cb7b2072263cd70d2,-15.873936726442468,-48.06724003722216,-15.87394517195578,-48.06726308215788,2025-06,2025,fl80FIUzdC1zvi0_og3AMw,249.6025104781604,© Google,OK,4_4,171491.84732704886,8242602.197373752,02de45489b1eccf9fc3666937ba0d8f3bbe6f313,cardinal,4,3,270_deg_west,cardinal,270,0,90,640,640,8,batch_0008,200,datasets/df_2024_uniform/batch_0008/images/02de45489b1eccf9fc3666937ba0d8f3bbe6f313.jpg,https://raw.githubusercontent.com/GUIA-DD/dataset-streetview/refs/heads/main/datasets/df_2024_uniform/batch_0008/images/02de45489b1eccf9fc3666937ba0d8f3bbe6f313.jpg,True,downloaded,
3a26b6d1d511239d156033373653a807faa28105,882025693c853e4edb949172c85e1b8e2411e4d2,-15.728886600224742,-47.61159735014914,-15.72886296636756,-47.61164057531249,2025-07,2025,lcQxjXsu20zP3bhydghT4A,101.95724798269408,© Google,OK,14_7,220124.1962339871,8259323.312080668,6a503067116ade11634c80ac772c721f9392b78d,cardinal,4,0,0_deg_north,cardinal,0,0,90,640,640,8,batch_0008,201,datasets/df_2024_uniform/batch_0008/images/6a503067116ade11634c80ac772c721f9392b78d.jpg,https://raw.githubusercontent.com/GUIA-DD/dataset-streetview/refs/heads/main/datasets/df_2024_uniform/batch_0008/images/6a503067116ade11634c80ac772c721f9392b78d.jpg,True,downloaded,
3a26b6d1d511239d156033373653a807faa28105,882025693c853e4edb949172c85e1b8e2411e4d2,-15.728886600224742,-47.61159735014914,-15.72886296636756,-47.61164057531249,2025-07,2025,lcQxjXsu20zP3bhydghT4A,101.95724798269408,© Google,OK,14_7,220124.1962339871,8259323.312080668,4955e1606af1b01d417f34436b32f052ccff101d,cardinal,4,1,90_deg_east,cardinal,90,0,90,640,640,8,batch_0008,202,datasets/df_2024_uniform/batch_0008/images/4955e1606af1b01d417f34436b32f052ccff101d.jpg,https://raw.githubusercontent.com/GUIA-DD/dataset-streetview/refs/heads/main/datasets/df_2024_uniform/batch_0008/images/4955e1606af1b01d417f34436b32f052ccff101d.jpg,True,downloaded,
3a26b6d1d511239d156033373653a807faa28105,882025693c853e4edb949172c85e1b8e2411e4d2,-15.728886600224742,-47.61159735014914,-15.72886296636756,-47.61164057531249,2025-07,2025,lcQxjXsu20zP3bhydghT4A,101.95724798269408,© Google,OK,14_7,220124.1962339871,8259323.312080668,de90829a0f6714934d8da385655b61404434f5d4,cardinal,4,2,180_deg_south,cardinal,180,0,90,640,640,8,batch_0008,203,datasets/df_2024_uniform/batch_0008/images/de90829a0f6714934d8da385655b61404434f5d4.jpg,https://raw.githubusercontent.com/GUIA-DD/dataset-streetview/refs/heads/main/datasets/df_2024_uniform/batch_0008/images/de90829a0f6714934d8da385655b61404434f5d4.jpg,True,downloaded,
3a26b6d1d511239d156033373653a807faa28105,882025693c853e4edb949172c85e1b8e2411e4d2,-15.728886600224742,-47.61159735014914,-15.72886296636756,-47.61164057531249,2025-07,2025,lcQxjXsu20zP3bhydghT4A,101.95724798269408,© Google,OK,14_7,220124.1962339871,8259323.312080668,cf7481dd6bd49e2d454979d78ab5f6cd64005ff7,cardinal,4,3,270_deg_west,cardinal,270,0,90,640,640,8,batch_0008,204,datasets/df_2024_uniform/batch_0008/images/cf7481dd6bd49e2d454979d78ab5f6cd64005ff7.jpg,https://raw.githubusercontent.com/GUIA-DD/dataset-streetview/refs/heads/main/datasets/df_2024_uniform/batch_0008/images/cf7481dd6bd49e2d454979d78ab5f6cd64005ff7.jpg,True,downloaded,
3a39fb7d22df772391267ab4278389db7a02bcd6,15121d15bd34074d548ac445af75cb7ba55b11d0,-15.735282136542374,-48.076729477476256,-15.73528465534653,-48.07669372005359,2026-02,2026,P8msrDcbSocSgLB8QBZ1Qw,106.5307053169736,© Google,OK,4_7,170249.86660341697,8257943.162943861,3b3c1736484e05eabab5a06b431812263dd36927,cardinal,4,0,0_deg_north,cardinal,0,0,90,640,640,8,batch_0008,205,datasets/df_2024_uniform/batch_0008/images/3b3c1736484e05eabab5a06b431812263dd36927.jpg,https://raw.githubusercontent.com/GUIA-DD/dataset-streetview/refs/heads/main/datasets/df_2024_uniform/batch_0008/images/3b3c1736484e05eabab5a06b431812263dd36927.jpg,True,downloaded,
3a39fb7d22df772391267ab4278389db7a02bcd6,15121d15bd34074d548ac445af75cb7ba55b11d0,-15.735282136542374,-48.076729477476256,-15.73528465534653,-48.07669372005359,2026-02,2026,P8msrDcbSocSgLB8QBZ1Qw,106.5307053169736,© Google,OK,4_7,170249.86660341697,8257943.162943861,bed58ceec157a6687969d7ec4ced85aac172589f,cardinal,4,1,90_deg_east,cardinal,90,0,90,640,640,8,batch_0008,206,datasets/df_2024_uniform/batch_0008/images/bed58ceec157a6687969d7ec4ced85aac172589f.jpg,https://raw.githubusercontent.com/GUIA-DD/dataset-streetview/refs/heads/main/datasets/df_2024_uniform/batch_0008/images/bed58ceec157a6687969d7ec4ced85aac172589f.jpg,True,downloaded,
3a39fb7d22df772391267ab4278389db7a02bcd6,15121d15bd34074d548ac445af75cb7ba55b11d0,-15.735282136542374,-48.076729477476256,-15.73528465534653,-48.07669372005359,2026-02,2026,P8msrDcbSocSgLB8QBZ1Qw,106.5307053169736,© Google,OK,4_7,170249.86660341697,8257943.162943861,2e9afeb4b5d964ef7440423473ff609ac55844f4,cardinal,4,2,180_deg_south,cardinal,180,0,90,640,640,8,batch_0008,207,datasets/df_2024_uniform/batch_0008/images/2e9afeb4b5d964ef7440423473ff609ac55844f4.jpg,https://raw.githubusercontent.com/GUIA-DD/dataset-streetview/refs/heads/main/datasets/df_2024_uniform/batch_0008/images/2e9afeb4b5d964ef7440423473ff609ac55844f4.jpg,True,downloaded,
3a39fb7d22df772391267ab4278389db7a02bcd6,15121d15bd34074d548ac445af75cb7ba55b11d0,-15.735282136542374,-48.076729477476256,-15.73528465534653,-48.07669372005359,2026-02,2026,P8msrDcbSocSgLB8QBZ1Qw,106.5307053169736,© Google,OK,4_7,170249.86660341697,8257943.162943861,a81a83a30bf19e4caf985a7c995aa875cb6eb513,cardinal,4,3,270_deg_west,cardinal,270,0,90,640,640,8,batch_0008,208,datasets/df_2024_uniform/batch_0008/images/a81a83a30bf19e4caf985a7c995aa875cb6eb513.jpg,https://raw.githubusercontent.com/GUIA-DD/dataset-streetview/refs/heads/main/datasets/df_2024_uniform/batch_0008/images/a81a83a30bf19e4caf985a7c995aa875cb6eb513.jpg,True,downloaded,
3b187a3cbeeb355bafbb82d384fbf9a08020427f,f62f8f39ff81abc908ccccf59a45f14aa7bd2932,-15.97117175000061,-48.05280029999899,-15.97115163475516,-48.05280653999234,2025-05,2025,UCs1WXGO8A1mrA8kZOCNcA,221.279974347446,© Google,OK,4_1,173197.18889915015,8231856.242367945,33bfc018e6910eb8275f0a1027049fa27853c96f,cardinal,4,0,0_deg_north,cardinal,0,0,90,640,640,8,batch_0008,209,datasets/df_2024_uniform/batch_0008/images/33bfc018e6910eb8275f0a1027049fa27853c96f.jpg,https://raw.githubusercontent.com/GUIA-DD/dataset-streetview/refs/heads/main/datasets/df_2024_uniform/batch_0008/images/33bfc018e6910eb8275f0a1027049fa27853c96f.jpg,True,downloaded,
3b187a3cbeeb355bafbb82d384fbf9a08020427f,f62f8f39ff81abc908ccccf59a45f14aa7bd2932,-15.97117175000061,-48.05280029999899,-15.97115163475516,-48.05280653999234,2025-05,2025,UCs1WXGO8A1mrA8kZOCNcA,221.279974347446,© Google,OK,4_1,173197.18889915015,8231856.242367945,d6562558b2e4f6396dfc7abd5a6b6cdaf2d277ca,cardinal,4,1,90_deg_east,cardinal,90,0,90,640,640,8,batch_0008,210,datasets/df_2024_uniform/batch_0008/images/d6562558b2e4f6396dfc7abd5a6b6cdaf2d277ca.jpg,https://raw.githubusercontent.com/GUIA-DD/dataset-streetview/refs/heads/main/datasets/df_2024_uniform/batch_0008/images/d6562558b2e4f6396dfc7abd5a6b6cdaf2d277ca.jpg,True,downloaded,
3b187a3cbeeb355bafbb82d384fbf9a08020427f,f62f8f39ff81abc908ccccf59a45f14aa7bd2932,-15.97117175000061,-48.05280029999899,-15.97115163475516,-48.05280653999234,2025-05,2025,UCs1WXGO8A1mrA8kZOCNcA,221.279974347446,© Google,OK,4_1,173197.18889915015,8231856.242367945,e0ba57fcf77d09b169a245c3cbe647d757871834,cardinal,4,2,180_deg_south,cardinal,180,0,90,640,640,8,batch_0008,211,datasets/df_2024_uniform/batch_0008/images/e0ba57fcf77d09b169a245c3cbe647d757871834.jpg,https://raw.githubusercontent.com/GUIA-DD/dataset-streetview/refs/heads/main/datasets/df_2024_uniform/batch_0008/images/e0ba57fcf77d09b169a245c3cbe647d757871834.jpg,True,downloaded,
3b187a3cbeeb355bafbb82d384fbf9a08020427f,f62f8f39ff81abc908ccccf59a45f14aa7bd2932,-15.97117175000061,-48.05280029999899,-15.97115163475516,-48.05280653999234,2025-05,2025,UCs1WXGO8A1mrA8kZOCNcA,221.279974347446,© Google,OK,4_1,173197.18889915015,8231856.242367945,b962bac6a8fc05301c16d62f2f805890d5d47559,cardinal,4,3,270_deg_west,cardinal,270,0,90,640,640,8,batch_0008,212,datasets/df_2024_uniform/batch_0008/images/b962bac6a8fc05301c16d62f2f805890d5d47559.jpg,https://raw.githubusercontent.com/GUIA-DD/dataset-streetview/refs/heads/main/datasets/df_2024_uniform/batch_0008/images/b962bac6a8fc05301c16d62f2f805890d5d47559.jpg,True,downloaded,
3b98867c2103647b5c4e1dadfd55dfb34ac203ba,34fb4332b2e54526c234b1a4c08bd904c87159bc,-16.005546480300165,-47.51850186500324,-16.00552034850041,-47.51850400556212,2024-10,2024,TtsbUDCXv22nFVlRG8o5fA,98.18743478980332,© Google,OK,16_1,230474.8609444144,8228817.014370739,5741e407b835a0174b71fb58993170d2d95024ac,cardinal,4,0,0_deg_north,cardinal,0,0,90,640,640,8,batch_0008,213,datasets/df_2024_uniform/batch_0008/images/5741e407b835a0174b71fb58993170d2d95024ac.jpg,https://raw.githubusercontent.com/GUIA-DD/dataset-streetview/refs/heads/main/datasets/df_2024_uniform/batch_0008/images/5741e407b835a0174b71fb58993170d2d95024ac.jpg,True,downloaded,
3b98867c2103647b5c4e1dadfd55dfb34ac203ba,34fb4332b2e54526c234b1a4c08bd904c87159bc,-16.005546480300165,-47.51850186500324,-16.00552034850041,-47.51850400556212,2024-10,2024,TtsbUDCXv22nFVlRG8o5fA,98.18743478980332,© Google,OK,16_1,230474.8609444144,8228817.014370739,4d8fe28a8c7a06ce8a1c78c408024d638beda402,cardinal,4,1,90_deg_east,cardinal,90,0,90,640,640,8,batch_0008,214,datasets/df_2024_uniform/batch_0008/images/4d8fe28a8c7a06ce8a1c78c408024d638beda402.jpg,https://raw.githubusercontent.com/GUIA-DD/dataset-streetview/refs/heads/main/datasets/df_2024_uniform/batch_0008/images/4d8fe28a8c7a06ce8a1c78c408024d638beda402.jpg,True,downloaded,
3b98867c2103647b5c4e1dadfd55dfb34ac203ba,34fb4332b2e54526c234b1a4c08bd904c87159bc,-16.005546480300165,-47.51850186500324,-16.00552034850041,-47.51850400556212,2024-10,2024,TtsbUDCXv22nFVlRG8o5fA,98.18743478980332,© Google,OK,16_1,230474.8609444144,8228817.014370739,797f24919776aa28ea2e8da6f20b996d13fe91ff,cardinal,4,2,180_deg_south,cardinal,180,0,90,640,640,8,batch_0008,215,datasets/df_2024_uniform/batch_0008/images/797f24919776aa28ea2e8da6f20b996d13fe91ff.jpg,https://raw.githubusercontent.com/GUIA-DD/dataset-streetview/refs/heads/main/datasets/df_2024_uniform/batch_0008/images/797f24919776aa28ea2e8da6f20b996d13fe91ff.jpg,True,downloaded,
3b98867c2103647b5c4e1dadfd55dfb34ac203ba,34fb4332b2e54526c234b1a4c08bd904c87159bc,-16.005546480300165,-47.51850186500324,-16.00552034850041,-47.51850400556212,2024-10,2024,TtsbUDCXv22nFVlRG8o5fA,98.18743478980332,© Google,OK,16_1,230474.8609444144,8228817.014370739,1746dc1a2847d746550166c7eceedbd7bdbbc878,cardinal,4,3,270_deg_west,cardinal,270,0,90,640,640,8,batch_0008,216,datasets/df_2024_uniform/batch_0008/images/1746dc1a2847d746550166c7eceedbd7bdbbc878.jpg,https://raw.githubusercontent.com/GUIA-DD/dataset-streetview/refs/heads/main/datasets/df_2024_uniform/batch_0008/images/1746dc1a2847d746550166c7eceedbd7bdbbc878.jpg,True,downloaded,
3bf2fcd76ebb67a1317cda170e8b472b39a2ddfc,218eb08fb1e3098d14af3ddf4074a0ec61e78837,-15.781990939460336,-48.137908292223976,-15.78199673790026,-48.13792161542443,2024-07,2024,x8Ope_VMD38lrKfSdlsWDA,253.84849578489843,© Google,OK,2_6,163764.44031811168,8252673.340180885,29c23b0c37abbaba78dbbbdf09025ba37d48b054,cardinal,4,0,0_deg_north,cardinal,0,0,90,640,640,8,batch_0008,217,datasets/df_2024_uniform/batch_0008/images/29c23b0c37abbaba78dbbbdf09025ba37d48b054.jpg,https://raw.githubusercontent.com/GUIA-DD/dataset-streetview/refs/heads/main/datasets/df_2024_uniform/batch_0008/images/29c23b0c37abbaba78dbbbdf09025ba37d48b054.jpg,True,downloaded,
3bf2fcd76ebb67a1317cda170e8b472b39a2ddfc,218eb08fb1e3098d14af3ddf4074a0ec61e78837,-15.781990939460336,-48.137908292223976,-15.78199673790026,-48.13792161542443,2024-07,2024,x8Ope_VMD38lrKfSdlsWDA,253.84849578489843,© Google,OK,2_6,163764.44031811168,8252673.340180885,08fbf9d95ba07d736dd1e94a53c6f6eb5cc42cf2,cardinal,4,1,90_deg_east,cardinal,90,0,90,640,640,8,batch_0008,218,datasets/df_2024_uniform/batch_0008/images/08fbf9d95ba07d736dd1e94a53c6f6eb5cc42cf2.jpg,https://raw.githubusercontent.com/GUIA-DD/dataset-streetview/refs/heads/main/datasets/df_2024_uniform/batch_0008/images/08fbf9d95ba07d736dd1e94a53c6f6eb5cc42cf2.jpg,True,downloaded,
3bf2fcd76ebb67a1317cda170e8b472b39a2ddfc,218eb08fb1e3098d14af3ddf4074a0ec61e78837,-15.781990939460336,-48.137908292223976,-15.78199673790026,-48.13792161542443,2024-07,2024,x8Ope_VMD38lrKfSdlsWDA,253.84849578489843,© Google,OK,2_6,163764.44031811168,8252673.340180885,e3e5270e6f0df9b679897bdb48feb48649d085f7,cardinal,4,2,180_deg_south,cardinal,180,0,90,640,640,8,batch_0008,219,datasets/df_2024_uniform/batch_0008/images/e3e5270e6f0df9b679897bdb48feb48649d085f7.jpg,https://raw.githubusercontent.com/GUIA-DD/dataset-streetview/refs/heads/main/datasets/df_2024_uniform/batch_0008/images/e3e5270e6f0df9b679897bdb48feb48649d085f7.jpg,True,downloaded,
3bf2fcd76ebb67a1317cda170e8b472b39a2ddfc,218eb08fb1e3098d14af3ddf4074a0ec61e78837,-15.781990939460336,-48.137908292223976,-15.78199673790026,-48.13792161542443,2024-07,2024,x8Ope_VMD38lrKfSdlsWDA,253.84849578489843,© Google,OK,2_6,163764.44031811168,8252673.340180885,f2fcc883f6cb7d6e57ac0e2f6d04ffaa7d3be7d4,cardinal,4,3,270_deg_west,cardinal,270,0,90,640,640,8,batch_0008,220,datasets/df_2024_uniform/batch_0008/images/f2fcc883f6cb7d6e57ac0e2f6d04ffaa7d3be7d4.jpg,https://raw.githubusercontent.com/GUIA-DD/dataset-streetview/refs/heads/main/datasets/df_2024_uniform/batch_0008/images/f2fcc883f6cb7d6e57ac0e2f6d04ffaa7d3be7d4.jpg,True,downloaded,
3dfa35f8e6017a663bc83a555fe89f868914f1a4,8b74be04a6a600d02e8dfc015a894fa6de8b0002,-15.860092639938632,-47.403055865368565,-15.86005944040901,-47.40304690202231,2025-07,2025,WltWT5KMvQZEwJztuvpRMQ,77.285056066443,© Google,OK,18_4,242650.51170956923,8245064.788881452,5704acda8f5772c0854ffaff422f223f12e3c375,cardinal,4,0,0_deg_north,cardinal,0,0,90,640,640,8,batch_0008,221,datasets/df_2024_uniform/batch_0008/images/5704acda8f5772c0854ffaff422f223f12e3c375.jpg,https://raw.githubusercontent.com/GUIA-DD/dataset-streetview/refs/heads/main/datasets/df_2024_uniform/batch_0008/images/5704acda8f5772c0854ffaff422f223f12e3c375.jpg,True,downloaded,
3dfa35f8e6017a663bc83a555fe89f868914f1a4,8b74be04a6a600d02e8dfc015a894fa6de8b0002,-15.860092639938632,-47.403055865368565,-15.86005944040901,-47.40304690202231,2025-07,2025,WltWT5KMvQZEwJztuvpRMQ,77.285056066443,© Google,OK,18_4,242650.51170956923,8245064.788881452,6b4d60b8bd0211c8c461058004e8506e2787e196,cardinal,4,1,90_deg_east,cardinal,90,0,90,640,640,8,batch_0008,222,datasets/df_2024_uniform/batch_0008/images/6b4d60b8bd0211c8c461058004e8506e2787e196.jpg,https://raw.githubusercontent.com/GUIA-DD/dataset-streetview/refs/heads/main/datasets/df_2024_uniform/batch_0008/images/6b4d60b8bd0211c8c461058004e8506e2787e196.jpg,True,downloaded,
3dfa35f8e6017a663bc83a555fe89f868914f1a4,8b74be04a6a600d02e8dfc015a894fa6de8b0002,-15.860092639938632,-47.403055865368565,-15.86005944040901,-47.40304690202231,2025-07,2025,WltWT5KMvQZEwJztuvpRMQ,77.285056066443,© Google,OK,18_4,242650.51170956923,8245064.788881452,88abf36aeb922520dbbda2183b393d0e1b8a757f,cardinal,4,2,180_deg_south,cardinal,180,0,90,640,640,8,batch_0008,223,datasets/df_2024_uniform/batch_0008/images/88abf36aeb922520dbbda2183b393d0e1b8a757f.jpg,https://raw.githubusercontent.com/GUIA-DD/dataset-streetview/refs/heads/main/datasets/df_2024_uniform/batch_0008/images/88abf36aeb922520dbbda2183b393d0e1b8a757f.jpg,True,downloaded,
3dfa35f8e6017a663bc83a555fe89f868914f1a4,8b74be04a6a600d02e8dfc015a894fa6de8b0002,-15.860092639938632,-47.403055865368565,-15.86005944040901,-47.40304690202231,2025-07,2025,WltWT5KMvQZEwJztuvpRMQ,77.285056066443,© Google,OK,18_4,242650.51170956923,8245064.788881452,5121ff6d168cf76432a2983f12ab65cd172b18b4,cardinal,4,3,270_deg_west,cardinal,270,0,90,640,640,8,batch_0008,224,datasets/df_2024_uniform/batch_0008/images/5121ff6d168cf76432a2983f12ab65cd172b18b4.jpg,https://raw.githubusercontent.com/GUIA-DD/dataset-streetview/refs/heads/main/datasets/df_2024_uniform/batch_0008/images/5121ff6d168cf76432a2983f12ab65cd172b18b4.jpg,True,downloaded,
3ff16b8918100afb7fe1f620009ccbe66c1f5500,90ff54fabd81a01a4d2297b3afb2e12ac91576db,-16.030081598775823,-48.23222223671864,-16.03009499552017,-48.23223399326862,2025-05,2025,tQLehWOAsr32z3BPbXBrSg,227.6832900120453,© Google,OK,1_0,154074.67962144504,8225040.686636873,0a79b065beb5e6af33428f295de69630f6ef328a,cardinal,4,0,0_deg_north,cardinal,0,0,90,640,640,8,batch_0008,225,datasets/df_2024_uniform/batch_0008/images/0a79b065beb5e6af33428f295de69630f6ef328a.jpg,https://raw.githubusercontent.com/GUIA-DD/dataset-streetview/refs/heads/main/datasets/df_2024_uniform/batch_0008/images/0a79b065beb5e6af33428f295de69630f6ef328a.jpg,True,downloaded,
3ff16b8918100afb7fe1f620009ccbe66c1f5500,90ff54fabd81a01a4d2297b3afb2e12ac91576db,-16.030081598775823,-48.23222223671864,-16.03009499552017,-48.23223399326862,2025-05,2025,tQLehWOAsr32z3BPbXBrSg,227.6832900120453,© Google,OK,1_0,154074.67962144504,8225040.686636873,92c16a0db1bb1b0a2139932836c14c2930a4f1b9,cardinal,4,1,90_deg_east,cardinal,90,0,90,640,640,8,batch_0008,226,datasets/df_2024_uniform/batch_0008/images/92c16a0db1bb1b0a2139932836c14c2930a4f1b9.jpg,https://raw.githubusercontent.com/GUIA-DD/dataset-streetview/refs/heads/main/datasets/df_2024_uniform/batch_0008/images/92c16a0db1bb1b0a2139932836c14c2930a4f1b9.jpg,True,downloaded,
3ff16b8918100afb7fe1f620009ccbe66c1f5500,90ff54fabd81a01a4d2297b3afb2e12ac91576db,-16.030081598775823,-48.23222223671864,-16.03009499552017,-48.23223399326862,2025-05,2025,tQLehWOAsr32z3BPbXBrSg,227.6832900120453,© Google,OK,1_0,154074.67962144504,8225040.686636873,40938efd4f817cd8717d72ede630ecb19e4fe4e1,cardinal,4,2,180_deg_south,cardinal,180,0,90,640,640,8,batch_0008,227,datasets/df_2024_uniform/batch_0008/images/40938efd4f817cd8717d72ede630ecb19e4fe4e1.jpg,https://raw.githubusercontent.com/GUIA-DD/dataset-streetview/refs/heads/main/datasets/df_2024_uniform/batch_0008/images/40938efd4f817cd8717d72ede630ecb19e4fe4e1.jpg,True,downloaded,
3ff16b8918100afb7fe1f620009ccbe66c1f5500,90ff54fabd81a01a4d2297b3afb2e12ac91576db,-16.030081598775823,-48.23222223671864,-16.03009499552017,-48.23223399326862,2025-05,2025,tQLehWOAsr32z3BPbXBrSg,227.6832900120453,© Google,OK,1_0,154074.67962144504,8225040.686636873,7673e3dc23b6e6982c98e7f66d8dbb555c32fc71,cardinal,4,3,270_deg_west,cardinal,270,0,90,640,640,8,batch_0008,228,datasets/df_2024_uniform/batch_0008/images/7673e3dc23b6e6982c98e7f66d8dbb555c32fc71.jpg,https://raw.githubusercontent.com/GUIA-DD/dataset-streetview/refs/heads/main/datasets/df_2024_uniform/batch_0008/images/7673e3dc23b6e6982c98e7f66d8dbb555c32fc71.jpg,True,downloaded,
404091e0449ed8cc4519743a7b82e8d834d24e36,6e3e84bc931050bc9dbc3c088a8fbfb98431b369,-15.733351900831504,-47.86358565252568,-15.73334812951326,-47.86359765375381,2024-05,2024,87T-AH3JaVgqPSH4q6CwhQ,314.0068678118167,© Google,OK,8_7,193107.72142013407,8258478.57816023,770e002ebe838a6fff74696fadd2140a8634cf24,cardinal,4,0,0_deg_north,cardinal,0,0,90,640,640,8,batch_0008,229,datasets/df_2024_uniform/batch_0008/images/770e002ebe838a6fff74696fadd2140a8634cf24.jpg,https://raw.githubusercontent.com/GUIA-DD/dataset-streetview/refs/heads/main/datasets/df_2024_uniform/batch_0008/images/770e002ebe838a6fff74696fadd2140a8634cf24.jpg,True,downloaded,
404091e0449ed8cc4519743a7b82e8d834d24e36,6e3e84bc931050bc9dbc3c088a8fbfb98431b369,-15.733351900831504,-47.86358565252568,-15.73334812951326,-47.86359765375381,2024-05,2024,87T-AH3JaVgqPSH4q6CwhQ,314.0068678118167,© Google,OK,8_7,193107.72142013407,8258478.57816023,55c2e114cebde4647216b750e6155f27cb1c67a4,cardinal,4,1,90_deg_east,cardinal,90,0,90,640,640,8,batch_0008,230,datasets/df_2024_uniform/batch_0008/images/55c2e114cebde4647216b750e6155f27cb1c67a4.jpg,https://raw.githubusercontent.com/GUIA-DD/dataset-streetview/refs/heads/main/datasets/df_2024_uniform/batch_0008/images/55c2e114cebde4647216b750e6155f27cb1c67a4.jpg,True,downloaded,
404091e0449ed8cc4519743a7b82e8d834d24e36,6e3e84bc931050bc9dbc3c088a8fbfb98431b369,-15.733351900831504,-47.86358565252568,-15.73334812951326,-47.86359765375381,2024-05,2024,87T-AH3JaVgqPSH4q6CwhQ,314.0068678118167,© Google,OK,8_7,193107.72142013407,8258478.57816023,424afdea659409f7ddb269a56be041f82b545f4d,cardinal,4,2,180_deg_south,cardinal,180,0,90,640,640,8,batch_0008,231,datasets/df_2024_uniform/batch_0008/images/424afdea659409f7ddb269a56be041f82b545f4d.jpg,https://raw.githubusercontent.com/GUIA-DD/dataset-streetview/refs/heads/main/datasets/df_2024_uniform/batch_0008/images/424afdea659409f7ddb269a56be041f82b545f4d.jpg,True,downloaded,
404091e0449ed8cc4519743a7b82e8d834d24e36,6e3e84bc931050bc9dbc3c088a8fbfb98431b369,-15.733351900831504,-47.86358565252568,-15.73334812951326,-47.86359765375381,2024-05,2024,87T-AH3JaVgqPSH4q6CwhQ,314.0068678118167,© Google,OK,8_7,193107.72142013407,8258478.57816023,18f9585c3f0b2425e9f56513c679fb4d64710039,cardinal,4,3,270_deg_west,cardinal,270,0,90,640,640,8,batch_0008,232,datasets/df_2024_uniform/batch_0008/images/18f9585c3f0b2425e9f56513c679fb4d64710039.jpg,https://raw.githubusercontent.com/GUIA-DD/dataset-streetview/refs/heads/main/datasets/df_2024_uniform/batch_0008/images/18f9585c3f0b2425e9f56513c679fb4d64710039.jpg,True,downloaded,
407aa29d5708c2df00060290797279a34c3c829c,376c007d464d399c1dd8f12cc00b24864c135e9d,-15.53098776044903,-47.534608820956144,-15.53105743755735,-47.53453437809664,2025-07,2025,JLNeiE50GW5afeDtaXh8CQ,16.47674785447353,© Google,OK,15_11,228118.1967843668,8281332.048316753,f9d8b4ae354a639ff6d4f5de1d18403d3b9610bc,cardinal,4,0,0_deg_north,cardinal,0,0,90,640,640,8,batch_0008,233,datasets/df_2024_uniform/batch_0008/images/f9d8b4ae354a639ff6d4f5de1d18403d3b9610bc.jpg,https://raw.githubusercontent.com/GUIA-DD/dataset-streetview/refs/heads/main/datasets/df_2024_uniform/batch_0008/images/f9d8b4ae354a639ff6d4f5de1d18403d3b9610bc.jpg,True,downloaded,
407aa29d5708c2df00060290797279a34c3c829c,376c007d464d399c1dd8f12cc00b24864c135e9d,-15.53098776044903,-47.534608820956144,-15.53105743755735,-47.53453437809664,2025-07,2025,JLNeiE50GW5afeDtaXh8CQ,16.47674785447353,© Google,OK,15_11,228118.1967843668,8281332.048316753,9e8773d22999f624debf455400d52b068e2f26b9,cardinal,4,1,90_deg_east,cardinal,90,0,90,640,640,8,batch_0008,234,datasets/df_2024_uniform/batch_0008/images/9e8773d22999f624debf455400d52b068e2f26b9.jpg,https://raw.githubusercontent.com/GUIA-DD/dataset-streetview/refs/heads/main/datasets/df_2024_uniform/batch_0008/images/9e8773d22999f624debf455400d52b068e2f26b9.jpg,True,downloaded,
407aa29d5708c2df00060290797279a34c3c829c,376c007d464d399c1dd8f12cc00b24864c135e9d,-15.53098776044903,-47.534608820956144,-15.53105743755735,-47.53453437809664,2025-07,2025,JLNeiE50GW5afeDtaXh8CQ,16.47674785447353,© Google,OK,15_11,228118.1967843668,8281332.048316753,4a725df440d4a693a4239845224c7d79c2a35fae,cardinal,4,2,180_deg_south,cardinal,180,0,90,640,640,8,batch_0008,235,datasets/df_2024_uniform/batch_0008/images/4a725df440d4a693a4239845224c7d79c2a35fae.jpg,https://raw.githubusercontent.com/GUIA-DD/dataset-streetview/refs/heads/main/datasets/df_2024_uniform/batch_0008/images/4a725df440d4a693a4239845224c7d79c2a35fae.jpg,True,downloaded,
407aa29d5708c2df00060290797279a34c3c829c,376c007d464d399c1dd8f12cc00b24864c135e9d,-15.53098776044903,-47.534608820956144,-15.53105743755735,-47.53453437809664,2025-07,2025,JLNeiE50GW5afeDtaXh8CQ,16.47674785447353,© Google,OK,15_11,228118.1967843668,8281332.048316753,519ca4841e53f68b269d6645cdedd3a75e18ac4c,cardinal,4,3,270_deg_west,cardinal,270,0,90,640,640,8,batch_0008,236,datasets/df_2024_uniform/batch_0008/images/519ca4841e53f68b269d6645cdedd3a75e18ac4c.jpg,https://raw.githubusercontent.com/GUIA-DD/dataset-streetview/refs/heads/main/datasets/df_2024_uniform/batch_0008/images/519ca4841e53f68b269d6645cdedd3a75e18ac4c.jpg,True,downloaded,
4105d40c7fbb06be68dca512d64c3caf7df4e084,b871c2018479b2228e1510682725107a7054a10f,-15.66944078217706,-47.81526525098129,-15.66944595937998,-47.81526168910325,2024-07,2024,5cTa14ByUbPYx8P79SOvKw,236.774822197562,© Google,OK,9_8,198195.6835830724,8265624.909512635,27105cefe3ebb61151e1cd3ed6a1896d4976b614,cardinal,4,0,0_deg_north,cardinal,0,0,90,640,640,8,batch_0008,237,datasets/df_2024_uniform/batch_0008/images/27105cefe3ebb61151e1cd3ed6a1896d4976b614.jpg,https://raw.githubusercontent.com/GUIA-DD/dataset-streetview/refs/heads/main/datasets/df_2024_uniform/batch_0008/images/27105cefe3ebb61151e1cd3ed6a1896d4976b614.jpg,True,downloaded,
4105d40c7fbb06be68dca512d64c3caf7df4e084,b871c2018479b2228e1510682725107a7054a10f,-15.66944078217706,-47.81526525098129,-15.66944595937998,-47.81526168910325,2024-07,2024,5cTa14ByUbPYx8P79SOvKw,236.774822197562,© Google,OK,9_8,198195.6835830724,8265624.909512635,0bef62116f0d4d46881216214570cd1fbbc028ba,cardinal,4,1,90_deg_east,cardinal,90,0,90,640,640,8,batch_0008,238,datasets/df_2024_uniform/batch_0008/images/0bef62116f0d4d46881216214570cd1fbbc028ba.jpg,https://raw.githubusercontent.com/GUIA-DD/dataset-streetview/refs/heads/main/datasets/df_2024_uniform/batch_0008/images/0bef62116f0d4d46881216214570cd1fbbc028ba.jpg,True,downloaded,
4105d40c7fbb06be68dca512d64c3caf7df4e084,b871c2018479b2228e1510682725107a7054a10f,-15.66944078217706,-47.81526525098129,-15.66944595937998,-47.81526168910325,2024-07,2024,5cTa14ByUbPYx8P79SOvKw,236.774822197562,© Google,OK,9_8,198195.6835830724,8265624.909512635,2ee2642f5e8980dbed0054132532def93e78c5d8,cardinal,4,2,180_deg_south,cardinal,180,0,90,640,640,8,batch_0008,239,datasets/df_2024_uniform/batch_0008/images/2ee2642f5e8980dbed0054132532def93e78c5d8.jpg,https://raw.githubusercontent.com/GUIA-DD/dataset-streetview/refs/heads/main/datasets/df_2024_uniform/batch_0008/images/2ee2642f5e8980dbed0054132532def93e78c5d8.jpg,True,downloaded,
4105d40c7fbb06be68dca512d64c3caf7df4e084,b871c2018479b2228e1510682725107a7054a10f,-15.66944078217706,-47.81526525098129,-15.66944595937998,-47.81526168910325,2024-07,2024,5cTa14ByUbPYx8P79SOvKw,236.774822197562,© Google,OK,9_8,198195.6835830724,8265624.909512635,06015b6508e06db67a94726bbe70a401a0206202,cardinal,4,3,270_deg_west,cardinal,270,0,90,640,640,8,batch_0008,240,datasets/df_2024_uniform/batch_0008/images/06015b6508e06db67a94726bbe70a401a0206202.jpg,https://raw.githubusercontent.com/GUIA-DD/dataset-streetview/refs/heads/main/datasets/df_2024_uniform/batch_0008/images/06015b6508e06db67a94726bbe70a401a0206202.jpg,True,downloaded,
4202bcc50652959786077eda7bda1e4c89a362ef,5cde240886b0bacb699f87636c2f1492156c9486,-15.852693845769904,-47.49784120519482,-15.85269582962404,-47.49779807369674,2024-09,2024,TcYE-UrAfx_-aUb-AB-Cgg,299.53777864979526,© Google,OK,16_4,232484.5360660656,8245765.076812954,78c10a9426e7910b34cabc60dd429f4c0ada79b4,cardinal,4,0,0_deg_north,cardinal,0,0,90,640,640,8,batch_0008,241,datasets/df_2024_uniform/batch_0008/images/78c10a9426e7910b34cabc60dd429f4c0ada79b4.jpg,https://raw.githubusercontent.com/GUIA-DD/dataset-streetview/refs/heads/main/datasets/df_2024_uniform/batch_0008/images/78c10a9426e7910b34cabc60dd429f4c0ada79b4.jpg,True,downloaded,
4202bcc50652959786077eda7bda1e4c89a362ef,5cde240886b0bacb699f87636c2f1492156c9486,-15.852693845769904,-47.49784120519482,-15.85269582962404,-47.49779807369674,2024-09,2024,TcYE-UrAfx_-aUb-AB-Cgg,299.53777864979526,© Google,OK,16_4,232484.5360660656,8245765.076812954,3f63fb607cab576813288edf83f05231f2d44389,cardinal,4,1,90_deg_east,cardinal,90,0,90,640,640,8,batch_0008,242,datasets/df_2024_uniform/batch_0008/images/3f63fb607cab576813288edf83f05231f2d44389.jpg,https://raw.githubusercontent.com/GUIA-DD/dataset-streetview/refs/heads/main/datasets/df_2024_uniform/batch_0008/images/3f63fb607cab576813288edf83f05231f2d44389.jpg,True,downloaded,
4202bcc50652959786077eda7bda1e4c89a362ef,5cde240886b0bacb699f87636c2f1492156c9486,-15.852693845769904,-47.49784120519482,-15.85269582962404,-47.49779807369674,2024-09,2024,TcYE-UrAfx_-aUb-AB-Cgg,299.53777864979526,© Google,OK,16_4,232484.5360660656,8245765.076812954,68c6e2372dafed8c68d8619ce36ed5f1d45e9457,cardinal,4,2,180_deg_south,cardinal,180,0,90,640,640,8,batch_0008,243,datasets/df_2024_uniform/batch_0008/images/68c6e2372dafed8c68d8619ce36ed5f1d45e9457.jpg,https://raw.githubusercontent.com/GUIA-DD/dataset-streetview/refs/heads/main/datasets/df_2024_uniform/batch_0008/images/68c6e2372dafed8c68d8619ce36ed5f1d45e9457.jpg,True,downloaded,
4202bcc50652959786077eda7bda1e4c89a362ef,5cde240886b0bacb699f87636c2f1492156c9486,-15.852693845769904,-47.49784120519482,-15.85269582962404,-47.49779807369674,2024-09,2024,TcYE-UrAfx_-aUb-AB-Cgg,299.53777864979526,© Google,OK,16_4,232484.5360660656,8245765.076812954,5ace2a68bcdd7d49d93aa8f97de107e1d7848210,cardinal,4,3,270_deg_west,cardinal,270,0,90,640,640,8,batch_0008,244,datasets/df_2024_uniform/batch_0008/images/5ace2a68bcdd7d49d93aa8f97de107e1d7848210.jpg,https://raw.githubusercontent.com/GUIA-DD/dataset-streetview/refs/heads/main/datasets/df_2024_uniform/batch_0008/images/5ace2a68bcdd7d49d93aa8f97de107e1d7848210.jpg,True,downloaded,
4229b0da5aa44cd71d757be2e5ebbf77e28df833,e544bbb9a5f9616d28c02a504ceac3d5e46fba99,-15.594511893908203,-47.72722456099898,-15.59454157387964,-47.72719110410798,2025-07,2025,QNHejOnq-Tzkl2jM7Er1Ww,120.02360597200786,© Google,OK,11_10,207533.6375731293,8274044.404800937,e657a498aa7ef5d5ee59f3eb9cf0757cc4807658,cardinal,4,0,0_deg_north,cardinal,0,0,90,640,640,8,batch_0008,245,datasets/df_2024_uniform/batch_0008/images/e657a498aa7ef5d5ee59f3eb9cf0757cc4807658.jpg,https://raw.githubusercontent.com/GUIA-DD/dataset-streetview/refs/heads/main/datasets/df_2024_uniform/batch_0008/images/e657a498aa7ef5d5ee59f3eb9cf0757cc4807658.jpg,True,downloaded,
4229b0da5aa44cd71d757be2e5ebbf77e28df833,e544bbb9a5f9616d28c02a504ceac3d5e46fba99,-15.594511893908203,-47.72722456099898,-15.59454157387964,-47.72719110410798,2025-07,2025,QNHejOnq-Tzkl2jM7Er1Ww,120.02360597200786,© Google,OK,11_10,207533.6375731293,8274044.404800937,e480ced231e59e32afc4d6825ae41ce67e756d87,cardinal,4,1,90_deg_east,cardinal,90,0,90,640,640,8,batch_0008,246,datasets/df_2024_uniform/batch_0008/images/e480ced231e59e32afc4d6825ae41ce67e756d87.jpg,https://raw.githubusercontent.com/GUIA-DD/dataset-streetview/refs/heads/main/datasets/df_2024_uniform/batch_0008/images/e480ced231e59e32afc4d6825ae41ce67e756d87.jpg,True,downloaded,
4229b0da5aa44cd71d757be2e5ebbf77e28df833,e544bbb9a5f9616d28c02a504ceac3d5e46fba99,-15.594511893908203,-47.72722456099898,-15.59454157387964,-47.72719110410798,2025-07,2025,QNHejOnq-Tzkl2jM7Er1Ww,120.02360597200786,© Google,OK,11_10,207533.6375731293,8274044.404800937,0afc6705ecad2eee529b86f67eb04e8d154d80bc,cardinal,4,2,180_deg_south,cardinal,180,0,90,640,640,8,batch_0008,247,datasets/df_2024_uniform/batch_0008/images/0afc6705ecad2eee529b86f67eb04e8d154d80bc.jpg,https://raw.githubusercontent.com/GUIA-DD/dataset-streetview/refs/heads/main/datasets/df_2024_uniform/batch_0008/images/0afc6705ecad2eee529b86f67eb04e8d154d80bc.jpg,True,downloaded,
4229b0da5aa44cd71d757be2e5ebbf77e28df833,e544bbb9a5f9616d28c02a504ceac3d5e46fba99,-15.594511893908203,-47.72722456099898,-15.59454157387964,-47.72719110410798,2025-07,2025,QNHejOnq-Tzkl2jM7Er1Ww,120.02360597200786,© Google,OK,11_10,207533.6375731293,8274044.404800937,ec309658536040472609768e26052142e91c25b6,cardinal,4,3,270_deg_west,cardinal,270,0,90,640,640,8,batch_0008,248,datasets/df_2024_uniform/batch_0008/images/ec309658536040472609768e26052142e91c25b6.jpg,https://raw.githubusercontent.com/GUIA-DD/dataset-streetview/refs/heads/main/datasets/df_2024_uniform/batch_0008/images/ec309658536040472609768e26052142e91c25b6.jpg,True,downloaded,
423a949c24ff2836068a1a11800392e6f0ff783e,b19688f528403da476c2323cee6ca782ddfd9d94,-15.925910650155291,-48.10459435037442,-15.92594200867544,-48.10456244806807,2025-07,2025,kKV1c-2TXKNbvnTJmZfxkw,127.89298725240158,© Google,OK,3_2,167573.31790354112,8236786.912259536,3791c0a9ba973562579e9afc5e7c68a7285a516b,cardinal,4,0,0_deg_north,cardinal,0,0,90,640,640,8,batch_0008,249,datasets/df_2024_uniform/batch_0008/images/3791c0a9ba973562579e9afc5e7c68a7285a516b.jpg,https://raw.githubusercontent.com/GUIA-DD/dataset-streetview/refs/heads/main/datasets/df_2024_uniform/batch_0008/images/3791c0a9ba973562579e9afc5e7c68a7285a516b.jpg,True,downloaded,
423a949c24ff2836068a1a11800392e6f0ff783e,b19688f528403da476c2323cee6ca782ddfd9d94,-15.925910650155291,-48.10459435037442,-15.92594200867544,-48.10456244806807,2025-07,2025,kKV1c-2TXKNbvnTJmZfxkw,127.89298725240158,© Google,OK,3_2,167573.31790354112,8236786.912259536,d1893f0a75388a8e55d000c18881506ddd3998c1,cardinal,4,1,90_deg_east,cardinal,90,0,90,640,640,8,batch_0008,250,datasets/df_2024_uniform/batch_0008/images/d1893f0a75388a8e55d000c18881506ddd3998c1.jpg,https://raw.githubusercontent.com/GUIA-DD/dataset-streetview/refs/heads/main/datasets/df_2024_uniform/batch_0008/images/d1893f0a75388a8e55d000c18881506ddd3998c1.jpg,True,downloaded,
423a949c24ff2836068a1a11800392e6f0ff783e,b19688f528403da476c2323cee6ca782ddfd9d94,-15.925910650155291,-48.10459435037442,-15.92594200867544,-48.10456244806807,2025-07,2025,kKV1c-2TXKNbvnTJmZfxkw,127.89298725240158,© Google,OK,3_2,167573.31790354112,8236786.912259536,1c21cfda376fefe3a96bd60aeb89cce309206137,cardinal,4,2,180_deg_south,cardinal,180,0,90,640,640,8,batch_0008,251,datasets/df_2024_uniform/batch_0008/images/1c21cfda376fefe3a96bd60aeb89cce309206137.jpg,https://raw.githubusercontent.com/GUIA-DD/dataset-streetview/refs/heads/main/datasets/df_2024_uniform/batch_0008/images/1c21cfda376fefe3a96bd60aeb89cce309206137.jpg,True,downloaded,
423a949c24ff2836068a1a11800392e6f0ff783e,b19688f528403da476c2323cee6ca782ddfd9d94,-15.925910650155291,-48.10459435037442,-15.92594200867544,-48.10456244806807,2025-07,2025,kKV1c-2TXKNbvnTJmZfxkw,127.89298725240158,© Google,OK,3_2,167573.31790354112,8236786.912259536,8dc149a722e84bf9d1909aa849d009e499b9d2fa,cardinal,4,3,270_deg_west,cardinal,270,0,90,640,640,8,batch_0008,252,datasets/df_2024_uniform/batch_0008/images/8dc149a722e84bf9d1909aa849d009e499b9d2fa.jpg,https://raw.githubusercontent.com/GUIA-DD/dataset-streetview/refs/heads/main/datasets/df_2024_uniform/batch_0008/images/8dc149a722e84bf9d1909aa849d009e499b9d2fa.jpg,True,downloaded,
44279f2ae5ad4f55e5350293578c08035b9dbda4,0b17ff2b20d0ff80171877355ea2820975edd53c,-15.681410935728618,-47.48715754360772,-15.68138090956059,-47.48712795172532,2025-07,2025,XK0YWTa8uG-eKR9A8vki1A,20.54892267144182,© Google,OK,16_8,233405.560000506,8264739.969474438,9b34ed118f9c418142423eff72298b0f9ad2e5cf,cardinal,4,0,0_deg_north,cardinal,0,0,90,640,640,8,batch_0008,253,datasets/df_2024_uniform/batch_0008/images/9b34ed118f9c418142423eff72298b0f9ad2e5cf.jpg,https://raw.githubusercontent.com/GUIA-DD/dataset-streetview/refs/heads/main/datasets/df_2024_uniform/batch_0008/images/9b34ed118f9c418142423eff72298b0f9ad2e5cf.jpg,True,downloaded,
44279f2ae5ad4f55e5350293578c08035b9dbda4,0b17ff2b20d0ff80171877355ea2820975edd53c,-15.681410935728618,-47.48715754360772,-15.68138090956059,-47.48712795172532,2025-07,2025,XK0YWTa8uG-eKR9A8vki1A,20.54892267144182,© Google,OK,16_8,233405.560000506,8264739.969474438,77e2849af8ca0c670297be9c4dd342b3dd94bd67,cardinal,4,1,90_deg_east,cardinal,90,0,90,640,640,8,batch_0008,254,datasets/df_2024_uniform/batch_0008/images/77e2849af8ca0c670297be9c4dd342b3dd94bd67.jpg,https://raw.githubusercontent.com/GUIA-DD/dataset-streetview/refs/heads/main/datasets/df_2024_uniform/batch_0008/images/77e2849af8ca0c670297be9c4dd342b3dd94bd67.jpg,True,downloaded,
44279f2ae5ad4f55e5350293578c08035b9dbda4,0b17ff2b20d0ff80171877355ea2820975edd53c,-15.681410935728618,-47.48715754360772,-15.68138090956059,-47.48712795172532,2025-07,2025,XK0YWTa8uG-eKR9A8vki1A,20.54892267144182,© Google,OK,16_8,233405.560000506,8264739.969474438,e96e36968eb4025694fb72b62693ba56d6c0f00a,cardinal,4,2,180_deg_south,cardinal,180,0,90,640,640,8,batch_0008,255,datasets/df_2024_uniform/batch_0008/images/e96e36968eb4025694fb72b62693ba56d6c0f00a.jpg,https://raw.githubusercontent.com/GUIA-DD/dataset-streetview/refs/heads/main/datasets/df_2024_uniform/batch_0008/images/e96e36968eb4025694fb72b62693ba56d6c0f00a.jpg,True,downloaded,
44279f2ae5ad4f55e5350293578c08035b9dbda4,0b17ff2b20d0ff80171877355ea2820975edd53c,-15.681410935728618,-47.48715754360772,-15.68138090956059,-47.48712795172532,2025-07,2025,XK0YWTa8uG-eKR9A8vki1A,20.54892267144182,© Google,OK,16_8,233405.560000506,8264739.969474438,fd61b055860bb3efc17e39bdf5d34abe16cd661e,cardinal,4,3,270_deg_west,cardinal,270,0,90,640,640,8,batch_0008,256,datasets/df_2024_uniform/batch_0008/images/fd61b055860bb3efc17e39bdf5d34abe16cd661e.jpg,https://raw.githubusercontent.com/GUIA-DD/dataset-streetview/refs/heads/main/datasets/df_2024_uniform/batch_0008/images/fd61b055860bb3efc17e39bdf5d34abe16cd661e.jpg,True,downloaded,
444b0b08c8311fd05001b52a2d11adee6604b69c,f5d0ac409fb62b980e9bd56f97f34dd763fe152a,-15.853136759842394,-47.51793511824376,-15.85313499070235,-47.51798728542489,2024-09,2024,VxLidmU9fzOq9EOQ896vHA,266.2045218404237,© Google,OK,16_4,230331.91137683607,8245690.282216262,93c01a5dee209da2c4451192ac9b02440da33ea5,cardinal,4,0,0_deg_north,cardinal,0,0,90,640,640,8,batch_0008,257,datasets/df_2024_uniform/batch_0008/images/93c01a5dee209da2c4451192ac9b02440da33ea5.jpg,https://raw.githubusercontent.com/GUIA-DD/dataset-streetview/refs/heads/main/datasets/df_2024_uniform/batch_0008/images/93c01a5dee209da2c4451192ac9b02440da33ea5.jpg,True,downloaded,
444b0b08c8311fd05001b52a2d11adee6604b69c,f5d0ac409fb62b980e9bd56f97f34dd763fe152a,-15.853136759842394,-47.51793511824376,-15.85313499070235,-47.51798728542489,2024-09,2024,VxLidmU9fzOq9EOQ896vHA,266.2045218404237,© Google,OK,16_4,230331.91137683607,8245690.282216262,a13fe45d1413f08df681ec5ecda5a45601a7d7c9,cardinal,4,1,90_deg_east,cardinal,90,0,90,640,640,8,batch_0008,258,datasets/df_2024_uniform/batch_0008/images/a13fe45d1413f08df681ec5ecda5a45601a7d7c9.jpg,https://raw.githubusercontent.com/GUIA-DD/dataset-streetview/refs/heads/main/datasets/df_2024_uniform/batch_0008/images/a13fe45d1413f08df681ec5ecda5a45601a7d7c9.jpg,True,downloaded,
444b0b08c8311fd05001b52a2d11adee6604b69c,f5d0ac409fb62b980e9bd56f97f34dd763fe152a,-15.853136759842394,-47.51793511824376,-15.85313499070235,-47.51798728542489,2024-09,2024,VxLidmU9fzOq9EOQ896vHA,266.2045218404237,© Google,OK,16_4,230331.91137683607,8245690.282216262,a7c4da3844d359279919b4a2baedab8a301a651a,cardinal,4,2,180_deg_south,cardinal,180,0,90,640,640,8,batch_0008,259,datasets/df_2024_uniform/batch_0008/images/a7c4da3844d359279919b4a2baedab8a301a651a.jpg,https://raw.githubusercontent.com/GUIA-DD/dataset-streetview/refs/heads/main/datasets/df_2024_uniform/batch_0008/images/a7c4da3844d359279919b4a2baedab8a301a651a.jpg,True,downloaded,
444b0b08c8311fd05001b52a2d11adee6604b69c,f5d0ac409fb62b980e9bd56f97f34dd763fe152a,-15.853136759842394,-47.51793511824376,-15.85313499070235,-47.51798728542489,2024-09,2024,VxLidmU9fzOq9EOQ896vHA,266.2045218404237,© Google,OK,16_4,230331.91137683607,8245690.282216262,6c44ea76fa27dbb2cc1065a8515c55c14566fa8a,cardinal,4,3,270_deg_west,cardinal,270,0,90,640,640,8,batch_0008,260,datasets/df_2024_uniform/batch_0008/images/6c44ea76fa27dbb2cc1065a8515c55c14566fa8a.jpg,https://raw.githubusercontent.com/GUIA-DD/dataset-streetview/refs/heads/main/datasets/df_2024_uniform/batch_0008/images/6c44ea76fa27dbb2cc1065a8515c55c14566fa8a.jpg,True,downloaded,
459e15b2a67c0ef467257c20a40463f163617a22,0de9b254b48089b16f1164d3c4d2beafc34c5544,-15.528561885611769,-47.670727431739046,-15.52860090552872,-47.67072454219887,2025-07,2025,5auenqXVp2jT1U68e2okrQ,268.6072580325592,© Google,OK,12_11,213504.81249714567,8281422.798504885,f9b935164b13d59ad37cb5e6ed394964a8736a65,cardinal,4,0,0_deg_north,cardinal,0,0,90,640,640,8,batch_0008,261,datasets/df_2024_uniform/batch_0008/images/f9b935164b13d59ad37cb5e6ed394964a8736a65.jpg,https://raw.githubusercontent.com/GUIA-DD/dataset-streetview/refs/heads/main/datasets/df_2024_uniform/batch_0008/images/f9b935164b13d59ad37cb5e6ed394964a8736a65.jpg,True,downloaded,
459e15b2a67c0ef467257c20a40463f163617a22,0de9b254b48089b16f1164d3c4d2beafc34c5544,-15.528561885611769,-47.670727431739046,-15.52860090552872,-47.67072454219887,2025-07,2025,5auenqXVp2jT1U68e2okrQ,268.6072580325592,© Google,OK,12_11,213504.81249714567,8281422.798504885,97aeb8b35b03400a20506dba2038070e5092bfc2,cardinal,4,1,90_deg_east,cardinal,90,0,90,640,640,8,batch_0008,262,datasets/df_2024_uniform/batch_0008/images/97aeb8b35b03400a20506dba2038070e5092bfc2.jpg,https://raw.githubusercontent.com/GUIA-DD/dataset-streetview/refs/heads/main/datasets/df_2024_uniform/batch_0008/images/97aeb8b35b03400a20506dba2038070e5092bfc2.jpg,True,downloaded,
459e15b2a67c0ef467257c20a40463f163617a22,0de9b254b48089b16f1164d3c4d2beafc34c5544,-15.528561885611769,-47.670727431739046,-15.52860090552872,-47.67072454219887,2025-07,2025,5auenqXVp2jT1U68e2okrQ,268.6072580325592,© Google,OK,12_11,213504.81249714567,8281422.798504885,d0b8fc1b865c48dec5ea3168879207a2ad12be5c,cardinal,4,2,180_deg_south,cardinal,180,0,90,640,640,8,batch_0008,263,datasets/df_2024_uniform/batch_0008/images/d0b8fc1b865c48dec5ea3168879207a2ad12be5c.jpg,https://raw.githubusercontent.com/GUIA-DD/dataset-streetview/refs/heads/main/datasets/df_2024_uniform/batch_0008/images/d0b8fc1b865c48dec5ea3168879207a2ad12be5c.jpg,True,downloaded,
459e15b2a67c0ef467257c20a40463f163617a22,0de9b254b48089b16f1164d3c4d2beafc34c5544,-15.528561885611769,-47.670727431739046,-15.52860090552872,-47.67072454219887,2025-07,2025,5auenqXVp2jT1U68e2okrQ,268.6072580325592,© Google,OK,12_11,213504.81249714567,8281422.798504885,30fec1b480f5a7bede5903c19e9b885ead5320aa,cardinal,4,3,270_deg_west,cardinal,270,0,90,640,640,8,batch_0008,264,datasets/df_2024_uniform/batch_0008/images/30fec1b480f5a7bede5903c19e9b885ead5320aa.jpg,https://raw.githubusercontent.com/GUIA-DD/dataset-streetview/refs/heads/main/datasets/df_2024_uniform/batch_0008/images/30fec1b480f5a7bede5903c19e9b885ead5320aa.jpg,True,downloaded,
45e10b5c3c332390b839f7b048bc3cace48b50be,27a14dd81836c257c1d3b0e3428d0f4ed81764b2,-16.03590940636487,-47.8073121325962,-16.03589664109273,-47.80734572861359,2025-07,2025,Fb2V2kRQ4aD-Ss3ypkdJqg,25.338719833257663,© Google,OK,10_0,199592.4123974354,8225058.354026638,63585797098d85f48000e22815894788260cb5f9,cardinal,4,0,0_deg_north,cardinal,0,0,90,640,640,8,batch_0008,265,datasets/df_2024_uniform/batch_0008/images/63585797098d85f48000e22815894788260cb5f9.jpg,https://raw.githubusercontent.com/GUIA-DD/dataset-streetview/refs/heads/main/datasets/df_2024_uniform/batch_0008/images/63585797098d85f48000e22815894788260cb5f9.jpg,True,downloaded,
45e10b5c3c332390b839f7b048bc3cace48b50be,27a14dd81836c257c1d3b0e3428d0f4ed81764b2,-16.03590940636487,-47.8073121325962,-16.03589664109273,-47.80734572861359,2025-07,2025,Fb2V2kRQ4aD-Ss3ypkdJqg,25.338719833257663,© Google,OK,10_0,199592.4123974354,8225058.354026638,9459c2ae8f266da9626790472834c86de5f4517e,cardinal,4,1,90_deg_east,cardinal,90,0,90,640,640,8,batch_0008,266,datasets/df_2024_uniform/batch_0008/images/9459c2ae8f266da9626790472834c86de5f4517e.jpg,https://raw.githubusercontent.com/GUIA-DD/dataset-streetview/refs/heads/main/datasets/df_2024_uniform/batch_0008/images/9459c2ae8f266da9626790472834c86de5f4517e.jpg,True,downloaded,
45e10b5c3c332390b839f7b048bc3cace48b50be,27a14dd81836c257c1d3b0e3428d0f4ed81764b2,-16.03590940636487,-47.8073121325962,-16.03589664109273,-47.80734572861359,2025-07,2025,Fb2V2kRQ4aD-Ss3ypkdJqg,25.338719833257663,© Google,OK,10_0,199592.4123974354,8225058.354026638,86538d26ab6ec3e3933f3e6b4d70e0afd70c6bb5,cardinal,4,2,180_deg_south,cardinal,180,0,90,640,640,8,batch_0008,267,datasets/df_2024_uniform/batch_0008/images/86538d26ab6ec3e3933f3e6b4d70e0afd70c6bb5.jpg,https://raw.githubusercontent.com/GUIA-DD/dataset-streetview/refs/heads/main/datasets/df_2024_uniform/batch_0008/images/86538d26ab6ec3e3933f3e6b4d70e0afd70c6bb5.jpg,True,downloaded,
45e10b5c3c332390b839f7b048bc3cace48b50be,27a14dd81836c257c1d3b0e3428d0f4ed81764b2,-16.03590940636487,-47.8073121325962,-16.03589664109273,-47.80734572861359,2025-07,2025,Fb2V2kRQ4aD-Ss3ypkdJqg,25.338719833257663,© Google,OK,10_0,199592.4123974354,8225058.354026638,8dfd8500304f0cd75727b9e6f58723b03daa0ead,cardinal,4,3,270_deg_west,cardinal,270,0,90,640,640,8,batch_0008,268,datasets/df_2024_uniform/batch_0008/images/8dfd8500304f0cd75727b9e6f58723b03daa0ead.jpg,https://raw.githubusercontent.com/GUIA-DD/dataset-streetview/refs/heads/main/datasets/df_2024_uniform/batch_0008/images/8dfd8500304f0cd75727b9e6f58723b03daa0ead.jpg,True,downloaded,
48ae83640aebbaf246d538cbfc80a039046fb7b3,51f68c1566326864ab3fa7933bad4eed150666e6,-15.613986000034233,-47.68626599985775,-15.61396061909133,-47.68626396612104,2024-07,2024,s92PYiO9td9JUVvh8IUgrQ,13.564960282672471,© Google,OK,12_9,211956.0215340748,8271944.186472954,2b4f00e82cfa1fc4d986427a0470e7423ac5ad5e,cardinal,4,0,0_deg_north,cardinal,0,0,90,640,640,8,batch_0008,269,datasets/df_2024_uniform/batch_0008/images/2b4f00e82cfa1fc4d986427a0470e7423ac5ad5e.jpg,https://raw.githubusercontent.com/GUIA-DD/dataset-streetview/refs/heads/main/datasets/df_2024_uniform/batch_0008/images/2b4f00e82cfa1fc4d986427a0470e7423ac5ad5e.jpg,True,downloaded,
48ae83640aebbaf246d538cbfc80a039046fb7b3,51f68c1566326864ab3fa7933bad4eed150666e6,-15.613986000034233,-47.68626599985775,-15.61396061909133,-47.68626396612104,2024-07,2024,s92PYiO9td9JUVvh8IUgrQ,13.564960282672471,© Google,OK,12_9,211956.0215340748,8271944.186472954,b46edef996b12102b67626cc469dcec6a1ab1504,cardinal,4,1,90_deg_east,cardinal,90,0,90,640,640,8,batch_0008,270,datasets/df_2024_uniform/batch_0008/images/b46edef996b12102b67626cc469dcec6a1ab1504.jpg,https://raw.githubusercontent.com/GUIA-DD/dataset-streetview/refs/heads/main/datasets/df_2024_uniform/batch_0008/images/b46edef996b12102b67626cc469dcec6a1ab1504.jpg,True,downloaded,
48ae83640aebbaf246d538cbfc80a039046fb7b3,51f68c1566326864ab3fa7933bad4eed150666e6,-15.613986000034233,-47.68626599985775,-15.61396061909133,-47.68626396612104,2024-07,2024,s92PYiO9td9JUVvh8IUgrQ,13.564960282672471,© Google,OK,12_9,211956.0215340748,8271944.186472954,64deb6d51626de2da2bfb0248162bc25d56a01f2,cardinal,4,2,180_deg_south,cardinal,180,0,90,640,640,8,batch_0008,271,datasets/df_2024_uniform/batch_0008/images/64deb6d51626de2da2bfb0248162bc25d56a01f2.jpg,https://raw.githubusercontent.com/GUIA-DD/dataset-streetview/refs/heads/main/datasets/df_2024_uniform/batch_0008/images/64deb6d51626de2da2bfb0248162bc25d56a01f2.jpg,True,downloaded,
48ae83640aebbaf246d538cbfc80a039046fb7b3,51f68c1566326864ab3fa7933bad4eed150666e6,-15.613986000034233,-47.68626599985775,-15.61396061909133,-47.68626396612104,2024-07,2024,s92PYiO9td9JUVvh8IUgrQ,13.564960282672471,© Google,OK,12_9,211956.0215340748,8271944.186472954,6b9249344dbb1838162a614b408d6cf7686f7f0c,cardinal,4,3,270_deg_west,cardinal,270,0,90,640,640,8,batch_0008,272,datasets/df_2024_uniform/batch_0008/images/6b9249344dbb1838162a614b408d6cf7686f7f0c.jpg,https://raw.githubusercontent.com/GUIA-DD/dataset-streetview/refs/heads/main/datasets/df_2024_uniform/batch_0008/images/6b9249344dbb1838162a614b408d6cf7686f7f0c.jpg,True,downloaded,
48f9b83faccf5658fe0767e87c2fbab6b5ae8fa3,ffe3a2f36a7074b1bc29f7567fa189e0bd94b441,-15.8083147500345,-48.08470859998526,-15.80830889058916,-48.08472902938686,2025-02,2025,4gunmEEyn5GC2e7ctXb4qA,251.73771463546808,© Google,OK,4_5,169512.46900565908,8249842.325904638,550ac94843bfc67d1ce83cf308a92e59187ebada,cardinal,4,0,0_deg_north,cardinal,0,0,90,640,640,8,batch_0008,273,datasets/df_2024_uniform/batch_0008/images/550ac94843bfc67d1ce83cf308a92e59187ebada.jpg,https://raw.githubusercontent.com/GUIA-DD/dataset-streetview/refs/heads/main/datasets/df_2024_uniform/batch_0008/images/550ac94843bfc67d1ce83cf308a92e59187ebada.jpg,True,downloaded,
48f9b83faccf5658fe0767e87c2fbab6b5ae8fa3,ffe3a2f36a7074b1bc29f7567fa189e0bd94b441,-15.8083147500345,-48.08470859998526,-15.80830889058916,-48.08472902938686,2025-02,2025,4gunmEEyn5GC2e7ctXb4qA,251.73771463546808,© Google,OK,4_5,169512.46900565908,8249842.325904638,807722c67d86d4d11b1ae3cda1fc4b72965ff385,cardinal,4,1,90_deg_east,cardinal,90,0,90,640,640,8,batch_0008,274,datasets/df_2024_uniform/batch_0008/images/807722c67d86d4d11b1ae3cda1fc4b72965ff385.jpg,https://raw.githubusercontent.com/GUIA-DD/dataset-streetview/refs/heads/main/datasets/df_2024_uniform/batch_0008/images/807722c67d86d4d11b1ae3cda1fc4b72965ff385.jpg,True,downloaded,
48f9b83faccf5658fe0767e87c2fbab6b5ae8fa3,ffe3a2f36a7074b1bc29f7567fa189e0bd94b441,-15.8083147500345,-48.08470859998526,-15.80830889058916,-48.08472902938686,2025-02,2025,4gunmEEyn5GC2e7ctXb4qA,251.73771463546808,© Google,OK,4_5,169512.46900565908,8249842.325904638,cf934a89be6084876b5ab4f17bdc90d21d475f44,cardinal,4,2,180_deg_south,cardinal,180,0,90,640,640,8,batch_0008,275,datasets/df_2024_uniform/batch_0008/images/cf934a89be6084876b5ab4f17bdc90d21d475f44.jpg,https://raw.githubusercontent.com/GUIA-DD/dataset-streetview/refs/heads/main/datasets/df_2024_uniform/batch_0008/images/cf934a89be6084876b5ab4f17bdc90d21d475f44.jpg,True,downloaded,
48f9b83faccf5658fe0767e87c2fbab6b5ae8fa3,ffe3a2f36a7074b1bc29f7567fa189e0bd94b441,-15.8083147500345,-48.08470859998526,-15.80830889058916,-48.08472902938686,2025-02,2025,4gunmEEyn5GC2e7ctXb4qA,251.73771463546808,© Google,OK,4_5,169512.46900565908,8249842.325904638,81c97c31eab14c00709aa6c90a6124c098c7cf6f,cardinal,4,3,270_deg_west,cardinal,270,0,90,640,640,8,batch_0008,276,datasets/df_2024_uniform/batch_0008/images/81c97c31eab14c00709aa6c90a6124c098c7cf6f.jpg,https://raw.githubusercontent.com/GUIA-DD/dataset-streetview/refs/heads/main/datasets/df_2024_uniform/batch_0008/images/81c97c31eab14c00709aa6c90a6124c098c7cf6f.jpg,True,downloaded,
49aa9847462bc768d293be3bb51a6949371e53dc,ee8be5a7863fe597dcf6ae4ecb1bff2c92fde5fb,-15.783245300020695,-47.98312020008459,-15.78321846487559,-47.9831572229761,2024-06,2024,8_XJ3q__sB67m0LBZetPAA,139.68472570899996,© Google,OK,6_6,180365.5797514812,8252775.817449063,7e977106b573d15197c70173cb1a99b1cd36ebb1,cardinal,4,0,0_deg_north,cardinal,0,0,90,640,640,8,batch_0008,277,datasets/df_2024_uniform/batch_0008/images/7e977106b573d15197c70173cb1a99b1cd36ebb1.jpg,https://raw.githubusercontent.com/GUIA-DD/dataset-streetview/refs/heads/main/datasets/df_2024_uniform/batch_0008/images/7e977106b573d15197c70173cb1a99b1cd36ebb1.jpg,True,downloaded,
49aa9847462bc768d293be3bb51a6949371e53dc,ee8be5a7863fe597dcf6ae4ecb1bff2c92fde5fb,-15.783245300020695,-47.98312020008459,-15.78321846487559,-47.9831572229761,2024-06,2024,8_XJ3q__sB67m0LBZetPAA,139.68472570899996,© Google,OK,6_6,180365.5797514812,8252775.817449063,739dbdf6871de10269b375d383cd5d1f3c5da7bf,cardinal,4,1,90_deg_east,cardinal,90,0,90,640,640,8,batch_0008,278,datasets/df_2024_uniform/batch_0008/images/739dbdf6871de10269b375d383cd5d1f3c5da7bf.jpg,https://raw.githubusercontent.com/GUIA-DD/dataset-streetview/refs/heads/main/datasets/df_2024_uniform/batch_0008/images/739dbdf6871de10269b375d383cd5d1f3c5da7bf.jpg,True,downloaded,
49aa9847462bc768d293be3bb51a6949371e53dc,ee8be5a7863fe597dcf6ae4ecb1bff2c92fde5fb,-15.783245300020695,-47.98312020008459,-15.78321846487559,-47.9831572229761,2024-06,2024,8_XJ3q__sB67m0LBZetPAA,139.68472570899996,© Google,OK,6_6,180365.5797514812,8252775.817449063,aed473045ac2bf6a8f6f0f21d977f69b5206fd85,cardinal,4,2,180_deg_south,cardinal,180,0,90,640,640,8,batch_0008,279,datasets/df_2024_uniform/batch_0008/images/aed473045ac2bf6a8f6f0f21d977f69b5206fd85.jpg,https://raw.githubusercontent.com/GUIA-DD/dataset-streetview/refs/heads/main/datasets/df_2024_uniform/batch_0008/images/aed473045ac2bf6a8f6f0f21d977f69b5206fd85.jpg,True,downloaded,
49aa9847462bc768d293be3bb51a6949371e53dc,ee8be5a7863fe597dcf6ae4ecb1bff2c92fde5fb,-15.783245300020695,-47.98312020008459,-15.78321846487559,-47.9831572229761,2024-06,2024,8_XJ3q__sB67m0LBZetPAA,139.68472570899996,© Google,OK,6_6,180365.5797514812,8252775.817449063,5bef3ada15f5b366bd062a8b8a20841d811ee715,cardinal,4,3,270_deg_west,cardinal,270,0,90,640,640,8,batch_0008,280,datasets/df_2024_uniform/batch_0008/images/5bef3ada15f5b366bd062a8b8a20841d811ee715.jpg,https://raw.githubusercontent.com/GUIA-DD/dataset-streetview/refs/heads/main/datasets/df_2024_uniform/batch_0008/images/5bef3ada15f5b366bd062a8b8a20841d811ee715.jpg,True,downloaded,
4a097a1be1e5e8b28d05293af3bcc5752ca774af,e0acb2844a7f4c7f29328191c41ffaf6bf1588e9,-15.885972794694723,-47.98159570742381,-15.88598246726911,-47.98159213462671,2024-06,2024,fkNgmrUakwYQfz8T_tWQeQ,312.0539602213857,© Google,OK,6_3,180690.734734774,8241401.970910124,8addba40ad95f5490344dcc5538ba42759f7f320,cardinal,4,0,0_deg_north,cardinal,0,0,90,640,640,8,batch_0008,281,datasets/df_2024_uniform/batch_0008/images/8addba40ad95f5490344dcc5538ba42759f7f320.jpg,https://raw.githubusercontent.com/GUIA-DD/dataset-streetview/refs/heads/main/datasets/df_2024_uniform/batch_0008/images/8addba40ad95f5490344dcc5538ba42759f7f320.jpg,True,downloaded,
4a097a1be1e5e8b28d05293af3bcc5752ca774af,e0acb2844a7f4c7f29328191c41ffaf6bf1588e9,-15.885972794694723,-47.98159570742381,-15.88598246726911,-47.98159213462671,2024-06,2024,fkNgmrUakwYQfz8T_tWQeQ,312.0539602213857,© Google,OK,6_3,180690.734734774,8241401.970910124,8b6378854d0a07ab61aa19daf6a982f352c49ed8,cardinal,4,1,90_deg_east,cardinal,90,0,90,640,640,8,batch_0008,282,datasets/df_2024_uniform/batch_0008/images/8b6378854d0a07ab61aa19daf6a982f352c49ed8.jpg,https://raw.githubusercontent.com/GUIA-DD/dataset-streetview/refs/heads/main/datasets/df_2024_uniform/batch_0008/images/8b6378854d0a07ab61aa19daf6a982f352c49ed8.jpg,True,downloaded,
4a097a1be1e5e8b28d05293af3bcc5752ca774af,e0acb2844a7f4c7f29328191c41ffaf6bf1588e9,-15.885972794694723,-47.98159570742381,-15.88598246726911,-47.98159213462671,2024-06,2024,fkNgmrUakwYQfz8T_tWQeQ,312.0539602213857,© Google,OK,6_3,180690.734734774,8241401.970910124,c13a9ab008ca54e1fae5fd8db1798e076eefb25b,cardinal,4,2,180_deg_south,cardinal,180,0,90,640,640,8,batch_0008,283,datasets/df_2024_uniform/batch_0008/images/c13a9ab008ca54e1fae5fd8db1798e076eefb25b.jpg,https://raw.githubusercontent.com/GUIA-DD/dataset-streetview/refs/heads/main/datasets/df_2024_uniform/batch_0008/images/c13a9ab008ca54e1fae5fd8db1798e076eefb25b.jpg,True,downloaded,
4a097a1be1e5e8b28d05293af3bcc5752ca774af,e0acb2844a7f4c7f29328191c41ffaf6bf1588e9,-15.885972794694723,-47.98159570742381,-15.88598246726911,-47.98159213462671,2024-06,2024,fkNgmrUakwYQfz8T_tWQeQ,312.0539602213857,© Google,OK,6_3,180690.734734774,8241401.970910124,7a669cabb3d5475df068fa340097abb4bce0baa3,cardinal,4,3,270_deg_west,cardinal,270,0,90,640,640,8,batch_0008,284,datasets/df_2024_uniform/batch_0008/images/7a669cabb3d5475df068fa340097abb4bce0baa3.jpg,https://raw.githubusercontent.com/GUIA-DD/dataset-streetview/refs/heads/main/datasets/df_2024_uniform/batch_0008/images/7a669cabb3d5475df068fa340097abb4bce0baa3.jpg,True,downloaded,
4b2162bb9984fa490bed314938f5c444afaecd3e,6dd0bb1743ecef79e4884fae12134f47007a26e1,-15.760713000091854,-47.544616399809335,-15.76071201887325,-47.5445675369158,2025-07,2025,9X_P33NE7vgxqbQAl1BxkA,34.99345832715461,© Google,OK,15_6,227348.90945796864,8255887.621886817,073fc1467cc08b3e8b2fe0a4111d895cd6cf22f7,cardinal,4,0,0_deg_north,cardinal,0,0,90,640,640,8,batch_0008,285,datasets/df_2024_uniform/batch_0008/images/073fc1467cc08b3e8b2fe0a4111d895cd6cf22f7.jpg,https://raw.githubusercontent.com/GUIA-DD/dataset-streetview/refs/heads/main/datasets/df_2024_uniform/batch_0008/images/073fc1467cc08b3e8b2fe0a4111d895cd6cf22f7.jpg,True,downloaded,
4b2162bb9984fa490bed314938f5c444afaecd3e,6dd0bb1743ecef79e4884fae12134f47007a26e1,-15.760713000091854,-47.544616399809335,-15.76071201887325,-47.5445675369158,2025-07,2025,9X_P33NE7vgxqbQAl1BxkA,34.99345832715461,© Google,OK,15_6,227348.90945796864,8255887.621886817,97511eaa248ae457c07a4e9e63b44c97a64899d9,cardinal,4,1,90_deg_east,cardinal,90,0,90,640,640,8,batch_0008,286,datasets/df_2024_uniform/batch_0008/images/97511eaa248ae457c07a4e9e63b44c97a64899d9.jpg,https://raw.githubusercontent.com/GUIA-DD/dataset-streetview/refs/heads/main/datasets/df_2024_uniform/batch_0008/images/97511eaa248ae457c07a4e9e63b44c97a64899d9.jpg,True,downloaded,
4b2162bb9984fa490bed314938f5c444afaecd3e,6dd0bb1743ecef79e4884fae12134f47007a26e1,-15.760713000091854,-47.544616399809335,-15.76071201887325,-47.5445675369158,2025-07,2025,9X_P33NE7vgxqbQAl1BxkA,34.99345832715461,© Google,OK,15_6,227348.90945796864,8255887.621886817,15bd5692088946bb28d215b9ed14b8d76d2a3ff6,cardinal,4,2,180_deg_south,cardinal,180,0,90,640,640,8,batch_0008,287,datasets/df_2024_uniform/batch_0008/images/15bd5692088946bb28d215b9ed14b8d76d2a3ff6.jpg,https://raw.githubusercontent.com/GUIA-DD/dataset-streetview/refs/heads/main/datasets/df_2024_uniform/batch_0008/images/15bd5692088946bb28d215b9ed14b8d76d2a3ff6.jpg,True,downloaded,
4b2162bb9984fa490bed314938f5c444afaecd3e,6dd0bb1743ecef79e4884fae12134f47007a26e1,-15.760713000091854,-47.544616399809335,-15.76071201887325,-47.5445675369158,2025-07,2025,9X_P33NE7vgxqbQAl1BxkA,34.99345832715461,© Google,OK,15_6,227348.90945796864,8255887.621886817,3aada9a638940eca501ab58b9b939575f174e061,cardinal,4,3,270_deg_west,cardinal,270,0,90,640,640,8,batch_0008,288,datasets/df_2024_uniform/batch_0008/images/3aada9a638940eca501ab58b9b939575f174e061.jpg,https://raw.githubusercontent.com/GUIA-DD/dataset-streetview/refs/heads/main/datasets/df_2024_uniform/batch_0008/images/3aada9a638940eca501ab58b9b939575f174e061.jpg,True,downloaded,
4bb4893d18db8c0503f51850c3182e90c57b5f5a,a0cdff95052478e9bc109f7ce8208cea74ae2f5d,-16.022034397498675,-47.40688825163223,-16.02207247138124,-47.40688773138356,2024-10,2024,oi4AEiFeZnZ0oMPqNYI2mw,352.2955421389196,© Google,OK,18_0,242446.8351988709,8227133.559985154,d708f96338d583dec0d80a0f7ba6e4dc92c4c4fa,cardinal,4,0,0_deg_north,cardinal,0,0,90,640,640,8,batch_0008,289,datasets/df_2024_uniform/batch_0008/images/d708f96338d583dec0d80a0f7ba6e4dc92c4c4fa.jpg,https://raw.githubusercontent.com/GUIA-DD/dataset-streetview/refs/heads/main/datasets/df_2024_uniform/batch_0008/images/d708f96338d583dec0d80a0f7ba6e4dc92c4c4fa.jpg,True,downloaded,
4bb4893d18db8c0503f51850c3182e90c57b5f5a,a0cdff95052478e9bc109f7ce8208cea74ae2f5d,-16.022034397498675,-47.40688825163223,-16.02207247138124,-47.40688773138356,2024-10,2024,oi4AEiFeZnZ0oMPqNYI2mw,352.2955421389196,© Google,OK,18_0,242446.8351988709,8227133.559985154,fbc54ebd5e8ba2cc37bbec3c91661127d35a326f,cardinal,4,1,90_deg_east,cardinal,90,0,90,640,640,8,batch_0008,290,datasets/df_2024_uniform/batch_0008/images/fbc54ebd5e8ba2cc37bbec3c91661127d35a326f.jpg,https://raw.githubusercontent.com/GUIA-DD/dataset-streetview/refs/heads/main/datasets/df_2024_uniform/batch_0008/images/fbc54ebd5e8ba2cc37bbec3c91661127d35a326f.jpg,True,downloaded,
4bb4893d18db8c0503f51850c3182e90c57b5f5a,a0cdff95052478e9bc109f7ce8208cea74ae2f5d,-16.022034397498675,-47.40688825163223,-16.02207247138124,-47.40688773138356,2024-10,2024,oi4AEiFeZnZ0oMPqNYI2mw,352.2955421389196,© Google,OK,18_0,242446.8351988709,8227133.559985154,a0d97c7f21e9d6a23bd35d2f461127b7057e4094,cardinal,4,2,180_deg_south,cardinal,180,0,90,640,640,8,batch_0008,291,datasets/df_2024_uniform/batch_0008/images/a0d97c7f21e9d6a23bd35d2f461127b7057e4094.jpg,https://raw.githubusercontent.com/GUIA-DD/dataset-streetview/refs/heads/main/datasets/df_2024_uniform/batch_0008/images/a0d97c7f21e9d6a23bd35d2f461127b7057e4094.jpg,True,downloaded,
4bb4893d18db8c0503f51850c3182e90c57b5f5a,a0cdff95052478e9bc109f7ce8208cea74ae2f5d,-16.022034397498675,-47.40688825163223,-16.02207247138124,-47.40688773138356,2024-10,2024,oi4AEiFeZnZ0oMPqNYI2mw,352.2955421389196,© Google,OK,18_0,242446.8351988709,8227133.559985154,498146a13c9389370ba2724b69c8c462a73342b7,cardinal,4,3,270_deg_west,cardinal,270,0,90,640,640,8,batch_0008,292,datasets/df_2024_uniform/batch_0008/images/498146a13c9389370ba2724b69c8c462a73342b7.jpg,https://raw.githubusercontent.com/GUIA-DD/dataset-streetview/refs/heads/main/datasets/df_2024_uniform/batch_0008/images/498146a13c9389370ba2724b69c8c462a73342b7.jpg,True,downloaded,
4ffc5760bdca1c1a43ad4ebe16a2e80181c0c220,eef74dfe03de3484a200f9297172bc1e942f6b89,-15.950029242149483,-47.694508685971336,-15.95006615427171,-47.69449120215601,2025-05,2025,8RP6uJMwDedXeuvJuF0WUg,263.5225766304152,© Google,OK,12_2,211547.85179123632,8234727.234227209,b8841066ea820c2ae390cad1d08f597f7bf9abce,cardinal,4,0,0_deg_north,cardinal,0,0,90,640,640,8,batch_0008,293,datasets/df_2024_uniform/batch_0008/images/b8841066ea820c2ae390cad1d08f597f7bf9abce.jpg,https://raw.githubusercontent.com/GUIA-DD/dataset-streetview/refs/heads/main/datasets/df_2024_uniform/batch_0008/images/b8841066ea820c2ae390cad1d08f597f7bf9abce.jpg,True,downloaded,
4ffc5760bdca1c1a43ad4ebe16a2e80181c0c220,eef74dfe03de3484a200f9297172bc1e942f6b89,-15.950029242149483,-47.694508685971336,-15.95006615427171,-47.69449120215601,2025-05,2025,8RP6uJMwDedXeuvJuF0WUg,263.5225766304152,© Google,OK,12_2,211547.85179123632,8234727.234227209,c93275df6d8e4da8c3c77bac465e4f211e59fcd7,cardinal,4,1,90_deg_east,cardinal,90,0,90,640,640,8,batch_0008,294,datasets/df_2024_uniform/batch_0008/images/c93275df6d8e4da8c3c77bac465e4f211e59fcd7.jpg,https://raw.githubusercontent.com/GUIA-DD/dataset-streetview/refs/heads/main/datasets/df_2024_uniform/batch_0008/images/c93275df6d8e4da8c3c77bac465e4f211e59fcd7.jpg,True,downloaded,
4ffc5760bdca1c1a43ad4ebe16a2e80181c0c220,eef74dfe03de3484a200f9297172bc1e942f6b89,-15.950029242149483,-47.694508685971336,-15.95006615427171,-47.69449120215601,2025-05,2025,8RP6uJMwDedXeuvJuF0WUg,263.5225766304152,© Google,OK,12_2,211547.85179123632,8234727.234227209,73860ef58fb24efd4604263a9e92c39f7be9d8a4,cardinal,4,2,180_deg_south,cardinal,180,0,90,640,640,8,batch_0008,295,datasets/df_2024_uniform/batch_0008/images/73860ef58fb24efd4604263a9e92c39f7be9d8a4.jpg,https://raw.githubusercontent.com/GUIA-DD/dataset-streetview/refs/heads/main/datasets/df_2024_uniform/batch_0008/images/73860ef58fb24efd4604263a9e92c39f7be9d8a4.jpg,True,downloaded,
4ffc5760bdca1c1a43ad4ebe16a2e80181c0c220,eef74dfe03de3484a200f9297172bc1e942f6b89,-15.950029242149483,-47.694508685971336,-15.95006615427171,-47.69449120215601,2025-05,2025,8RP6uJMwDedXeuvJuF0WUg,263.5225766304152,© Google,OK,12_2,211547.85179123632,8234727.234227209,783434f7b48a53ed1374f8cbea01a8664ea4a4d9,cardinal,4,3,270_deg_west,cardinal,270,0,90,640,640,8,batch_0008,296,datasets/df_2024_uniform/batch_0008/images/783434f7b48a53ed1374f8cbea01a8664ea4a4d9.jpg,https://raw.githubusercontent.com/GUIA-DD/dataset-streetview/refs/heads/main/datasets/df_2024_uniform/batch_0008/images/783434f7b48a53ed1374f8cbea01a8664ea4a4d9.jpg,True,downloaded,
5143628cc79003ee316740576a8416264b0e0130,741a64cecb50d723f79c831f5720174c9b5f604d,-15.946939800020022,-47.680336299965305,-15.94712170626856,-47.68034867314247,2025-05,2025,diiw7SsdnNCn3i4z-JT3gA,40.661875250770144,© Google,OK,12_2,213061.5808367222,8235088.871476838,2cd2e9704713f0e205274b3236bf12f1e2eeefd1,cardinal,4,0,0_deg_north,cardinal,0,0,90,640,640,8,batch_0008,297,datasets/df_2024_uniform/batch_0008/images/2cd2e9704713f0e205274b3236bf12f1e2eeefd1.jpg,https://raw.githubusercontent.com/GUIA-DD/dataset-streetview/refs/heads/main/datasets/df_2024_uniform/batch_0008/images/2cd2e9704713f0e205274b3236bf12f1e2eeefd1.jpg,True,downloaded,
5143628cc79003ee316740576a8416264b0e0130,741a64cecb50d723f79c831f5720174c9b5f604d,-15.946939800020022,-47.680336299965305,-15.94712170626856,-47.68034867314247,2025-05,2025,diiw7SsdnNCn3i4z-JT3gA,40.661875250770144,© Google,OK,12_2,213061.5808367222,8235088.871476838,4923ba7d0aeb8e6a573d10f9529d2520b1e7aa7b,cardinal,4,1,90_deg_east,cardinal,90,0,90,640,640,8,batch_0008,298,datasets/df_2024_uniform/batch_0008/images/4923ba7d0aeb8e6a573d10f9529d2520b1e7aa7b.jpg,https://raw.githubusercontent.com/GUIA-DD/dataset-streetview/refs/heads/main/datasets/df_2024_uniform/batch_0008/images/4923ba7d0aeb8e6a573d10f9529d2520b1e7aa7b.jpg,True,downloaded,
5143628cc79003ee316740576a8416264b0e0130,741a64cecb50d723f79c831f5720174c9b5f604d,-15.946939800020022,-47.680336299965305,-15.94712170626856,-47.68034867314247,2025-05,2025,diiw7SsdnNCn3i4z-JT3gA,40.661875250770144,© Google,OK,12_2,213061.5808367222,8235088.871476838,c3d54cf09c53b8b2b7dcb04a027b7d0ce4db9d5c,cardinal,4,2,180_deg_south,cardinal,180,0,90,640,640,8,batch_0008,299,datasets/df_2024_uniform/batch_0008/images/c3d54cf09c53b8b2b7dcb04a027b7d0ce4db9d5c.jpg,https://raw.githubusercontent.com/GUIA-DD/dataset-streetview/refs/heads/main/datasets/df_2024_uniform/batch_0008/images/c3d54cf09c53b8b2b7dcb04a027b7d0ce4db9d5c.jpg,True,downloaded,
5143628cc79003ee316740576a8416264b0e0130,741a64cecb50d723f79c831f5720174c9b5f604d,-15.946939800020022,-47.680336299965305,-15.94712170626856,-47.68034867314247,2025-05,2025,diiw7SsdnNCn3i4z-JT3gA,40.661875250770144,© Google,OK,12_2,213061.5808367222,8235088.871476838,ba1a7ac1a2f83008a8aa90e1977d3fb982ac14ae,cardinal,4,3,270_deg_west,cardinal,270,0,90,640,640,8,batch_0008,300,datasets/df_2024_uniform/batch_0008/images/ba1a7ac1a2f83008a8aa90e1977d3fb982ac14ae.jpg,https://raw.githubusercontent.com/GUIA-DD/dataset-streetview/refs/heads/main/datasets/df_2024_uniform/batch_0008/images/ba1a7ac1a2f83008a8aa90e1977d3fb982ac14ae.jpg,True,downloaded,
51d7e3a7dfa1790f8b1daad263d643c79bdb4871,16daf12860193b7b4acb3b37927b6fba22f50f9d,-15.594280400393052,-48.09413020036661,-15.59427058577561,-48.09414893975571,2025-12,2025,InxxWYrpIxkpQ35iR6_AuQ,286.6577606261429,© Google,OK,3_10,168155.4569882384,8273531.79764903,30f3674676c98374d21fbd898bdb78a47bff8701,cardinal,4,0,0_deg_north,cardinal,0,0,90,640,640,8,batch_0008,301,datasets/df_2024_uniform/batch_0008/images/30f3674676c98374d21fbd898bdb78a47bff8701.jpg,https://raw.githubusercontent.com/GUIA-DD/dataset-streetview/refs/heads/main/datasets/df_2024_uniform/batch_0008/images/30f3674676c98374d21fbd898bdb78a47bff8701.jpg,True,downloaded,
51d7e3a7dfa1790f8b1daad263d643c79bdb4871,16daf12860193b7b4acb3b37927b6fba22f50f9d,-15.594280400393052,-48.09413020036661,-15.59427058577561,-48.09414893975571,2025-12,2025,InxxWYrpIxkpQ35iR6_AuQ,286.6577606261429,© Google,OK,3_10,168155.4569882384,8273531.79764903,f9e04077cb6437b769bf8ff82d337a2272615711,cardinal,4,1,90_deg_east,cardinal,90,0,90,640,640,8,batch_0008,302,datasets/df_2024_uniform/batch_0008/images/f9e04077cb6437b769bf8ff82d337a2272615711.jpg,https://raw.githubusercontent.com/GUIA-DD/dataset-streetview/refs/heads/main/datasets/df_2024_uniform/batch_0008/images/f9e04077cb6437b769bf8ff82d337a2272615711.jpg,True,downloaded,
51d7e3a7dfa1790f8b1daad263d643c79bdb4871,16daf12860193b7b4acb3b37927b6fba22f50f9d,-15.594280400393052,-48.09413020036661,-15.59427058577561,-48.09414893975571,2025-12,2025,InxxWYrpIxkpQ35iR6_AuQ,286.6577606261429,© Google,OK,3_10,168155.4569882384,8273531.79764903,4b8289df105e695d92ffba920e2eb0315ddf9d99,cardinal,4,2,180_deg_south,cardinal,180,0,90,640,640,8,batch_0008,303,datasets/df_2024_uniform/batch_0008/images/4b8289df105e695d92ffba920e2eb0315ddf9d99.jpg,https://raw.githubusercontent.com/GUIA-DD/dataset-streetview/refs/heads/main/datasets/df_2024_uniform/batch_0008/images/4b8289df105e695d92ffba920e2eb0315ddf9d99.jpg,True,downloaded,
51d7e3a7dfa1790f8b1daad263d643c79bdb4871,16daf12860193b7b4acb3b37927b6fba22f50f9d,-15.594280400393052,-48.09413020036661,-15.59427058577561,-48.09414893975571,2025-12,2025,InxxWYrpIxkpQ35iR6_AuQ,286.6577606261429,© Google,OK,3_10,168155.4569882384,8273531.79764903,16ea4289b8317fb9904da4fd91019b9c525f1b98,cardinal,4,3,270_deg_west,cardinal,270,0,90,640,640,8,batch_0008,304,datasets/df_2024_uniform/batch_0008/images/16ea4289b8317fb9904da4fd91019b9c525f1b98.jpg,https://raw.githubusercontent.com/GUIA-DD/dataset-streetview/refs/heads/main/datasets/df_2024_uniform/batch_0008/images/16ea4289b8317fb9904da4fd91019b9c525f1b98.jpg,True,downloaded,
52ef872cd0858e0d036288fab1767dbbff7f55c6,4b2dea663e256fb75bdc269aa5c5ab34aec541ac,-15.58832196182453,-47.35097909543577,-15.58830018739605,-47.35098705239828,2024-12,2024,kdcQOXzwOHxpAEPMZ1MBvw,345.6943711215034,© Google,OK,19_10,247895.5467590881,8275210.828146767,073d336a7a22c09d6e48e9c1aa45f24f9bb5f81d,cardinal,4,0,0_deg_north,cardinal,0,0,90,640,640,8,batch_0008,305,datasets/df_2024_uniform/batch_0008/images/073d336a7a22c09d6e48e9c1aa45f24f9bb5f81d.jpg,https://raw.githubusercontent.com/GUIA-DD/dataset-streetview/refs/heads/main/datasets/df_2024_uniform/batch_0008/images/073d336a7a22c09d6e48e9c1aa45f24f9bb5f81d.jpg,True,downloaded,
52ef872cd0858e0d036288fab1767dbbff7f55c6,4b2dea663e256fb75bdc269aa5c5ab34aec541ac,-15.58832196182453,-47.35097909543577,-15.58830018739605,-47.35098705239828,2024-12,2024,kdcQOXzwOHxpAEPMZ1MBvw,345.6943711215034,© Google,OK,19_10,247895.5467590881,8275210.828146767,8c4759327261a4992158467a8066fc023b0f095f,cardinal,4,1,90_deg_east,cardinal,90,0,90,640,640,8,batch_0008,306,datasets/df_2024_uniform/batch_0008/images/8c4759327261a4992158467a8066fc023b0f095f.jpg,https://raw.githubusercontent.com/GUIA-DD/dataset-streetview/refs/heads/main/datasets/df_2024_uniform/batch_0008/images/8c4759327261a4992158467a8066fc023b0f095f.jpg,True,downloaded,
52ef872cd0858e0d036288fab1767dbbff7f55c6,4b2dea663e256fb75bdc269aa5c5ab34aec541ac,-15.58832196182453,-47.35097909543577,-15.58830018739605,-47.35098705239828,2024-12,2024,kdcQOXzwOHxpAEPMZ1MBvw,345.6943711215034,© Google,OK,19_10,247895.5467590881,8275210.828146767,59c7e85a619b8678c356f6f360f8ac43761ce90e,cardinal,4,2,180_deg_south,cardinal,180,0,90,640,640,8,batch_0008,307,datasets/df_2024_uniform/batch_0008/images/59c7e85a619b8678c356f6f360f8ac43761ce90e.jpg,https://raw.githubusercontent.com/GUIA-DD/dataset-streetview/refs/heads/main/datasets/df_2024_uniform/batch_0008/images/59c7e85a619b8678c356f6f360f8ac43761ce90e.jpg,True,downloaded,
52ef872cd0858e0d036288fab1767dbbff7f55c6,4b2dea663e256fb75bdc269aa5c5ab34aec541ac,-15.58832196182453,-47.35097909543577,-15.58830018739605,-47.35098705239828,2024-12,2024,kdcQOXzwOHxpAEPMZ1MBvw,345.6943711215034,© Google,OK,19_10,247895.5467590881,8275210.828146767,169506f49e2cfc7493dccee2dff789043cb2b0bc,cardinal,4,3,270_deg_west,cardinal,270,0,90,640,640,8,batch_0008,308,datasets/df_2024_uniform/batch_0008/images/169506f49e2cfc7493dccee2dff789043cb2b0bc.jpg,https://raw.githubusercontent.com/GUIA-DD/dataset-streetview/refs/heads/main/datasets/df_2024_uniform/batch_0008/images/169506f49e2cfc7493dccee2dff789043cb2b0bc.jpg,True,downloaded,
531655e86fa1d08620e769d4f5737022a5e0991d,0b351b57a3757b3c212d03f150fe68fa884c54a7,-15.6482156001676,-47.79715670010496,-15.64823664272377,-47.79714942211154,2024-07,2024,5k0CMYsegUSXUK9Z1LA-0A,280.6686159409326,© Google,OK,10_9,200107.30959246133,8268000.773468293,1f7ea0e4f95837da5a2e307548d1c6310f432e40,cardinal,4,0,0_deg_north,cardinal,0,0,90,640,640,8,batch_0008,309,datasets/df_2024_uniform/batch_0008/images/1f7ea0e4f95837da5a2e307548d1c6310f432e40.jpg,https://raw.githubusercontent.com/GUIA-DD/dataset-streetview/refs/heads/main/datasets/df_2024_uniform/batch_0008/images/1f7ea0e4f95837da5a2e307548d1c6310f432e40.jpg,True,downloaded,
531655e86fa1d08620e769d4f5737022a5e0991d,0b351b57a3757b3c212d03f150fe68fa884c54a7,-15.6482156001676,-47.79715670010496,-15.64823664272377,-47.79714942211154,2024-07,2024,5k0CMYsegUSXUK9Z1LA-0A,280.6686159409326,© Google,OK,10_9,200107.30959246133,8268000.773468293,36ea5f29e385201775c3692dd0637dbf41697830,cardinal,4,1,90_deg_east,cardinal,90,0,90,640,640,8,batch_0008,310,datasets/df_2024_uniform/batch_0008/images/36ea5f29e385201775c3692dd0637dbf41697830.jpg,https://raw.githubusercontent.com/GUIA-DD/dataset-streetview/refs/heads/main/datasets/df_2024_uniform/batch_0008/images/36ea5f29e385201775c3692dd0637dbf41697830.jpg,True,downloaded,
531655e86fa1d08620e769d4f5737022a5e0991d,0b351b57a3757b3c212d03f150fe68fa884c54a7,-15.6482156001676,-47.79715670010496,-15.64823664272377,-47.79714942211154,2024-07,2024,5k0CMYsegUSXUK9Z1LA-0A,280.6686159409326,© Google,OK,10_9,200107.30959246133,8268000.773468293,65cdf021cd135eb3ca4d2ff6b6f0e03f6ab7944a,cardinal,4,2,180_deg_south,cardinal,180,0,90,640,640,8,batch_0008,311,datasets/df_2024_uniform/batch_0008/images/65cdf021cd135eb3ca4d2ff6b6f0e03f6ab7944a.jpg,https://raw.githubusercontent.com/GUIA-DD/dataset-streetview/refs/heads/main/datasets/df_2024_uniform/batch_0008/images/65cdf021cd135eb3ca4d2ff6b6f0e03f6ab7944a.jpg,True,downloaded,
531655e86fa1d08620e769d4f5737022a5e0991d,0b351b57a3757b3c212d03f150fe68fa884c54a7,-15.6482156001676,-47.79715670010496,-15.64823664272377,-47.79714942211154,2024-07,2024,5k0CMYsegUSXUK9Z1LA-0A,280.6686159409326,© Google,OK,10_9,200107.30959246133,8268000.773468293,324a3cf66331534eee44b482ace366d659d4128a,cardinal,4,3,270_deg_west,cardinal,270,0,90,640,640,8,batch_0008,312,datasets/df_2024_uniform/batch_0008/images/324a3cf66331534eee44b482ace366d659d4128a.jpg,https://raw.githubusercontent.com/GUIA-DD/dataset-streetview/refs/heads/main/datasets/df_2024_uniform/batch_0008/images/324a3cf66331534eee44b482ace366d659d4128a.jpg,True,downloaded,
5542dfd3a08beffed1a29d0fd2675668bb745bd4,ea5bf67661df96cd8e6248d89d8eddaabb83d908,-15.640729856453037,-47.79477785410512,-15.64069926702896,-47.79481724077776,2024-07,2024,dugV8QqJUVgBqExuveemkg,100.90285771768954,© Google,OK,10_9,200351.61654185533,8268832.987750247,3235a6a0c63e5cbe38ce1011d84f6d5b4ffcd68f,cardinal,4,0,0_deg_north,cardinal,0,0,90,640,640,8,batch_0008,313,datasets/df_2024_uniform/batch_0008/images/3235a6a0c63e5cbe38ce1011d84f6d5b4ffcd68f.jpg,https://raw.githubusercontent.com/GUIA-DD/dataset-streetview/refs/heads/main/datasets/df_2024_uniform/batch_0008/images/3235a6a0c63e5cbe38ce1011d84f6d5b4ffcd68f.jpg,True,downloaded,
5542dfd3a08beffed1a29d0fd2675668bb745bd4,ea5bf67661df96cd8e6248d89d8eddaabb83d908,-15.640729856453037,-47.79477785410512,-15.64069926702896,-47.79481724077776,2024-07,2024,dugV8QqJUVgBqExuveemkg,100.90285771768954,© Google,OK,10_9,200351.61654185533,8268832.987750247,5913b391fd550a73362f9e9e867c94a3dd93b625,cardinal,4,1,90_deg_east,cardinal,90,0,90,640,640,8,batch_0008,314,datasets/df_2024_uniform/batch_0008/images/5913b391fd550a73362f9e9e867c94a3dd93b625.jpg,https://raw.githubusercontent.com/GUIA-DD/dataset-streetview/refs/heads/main/datasets/df_2024_uniform/batch_0008/images/5913b391fd550a73362f9e9e867c94a3dd93b625.jpg,True,downloaded,
5542dfd3a08beffed1a29d0fd2675668bb745bd4,ea5bf67661df96cd8e6248d89d8eddaabb83d908,-15.640729856453037,-47.79477785410512,-15.64069926702896,-47.79481724077776,2024-07,2024,dugV8QqJUVgBqExuveemkg,100.90285771768954,© Google,OK,10_9,200351.61654185533,8268832.987750247,ab2334bdcb964935f9e879fd28b39eeefa3a1655,cardinal,4,2,180_deg_south,cardinal,180,0,90,640,640,8,batch_0008,315,datasets/df_2024_uniform/batch_0008/images/ab2334bdcb964935f9e879fd28b39eeefa3a1655.jpg,https://raw.githubusercontent.com/GUIA-DD/dataset-streetview/refs/heads/main/datasets/df_2024_uniform/batch_0008/images/ab2334bdcb964935f9e879fd28b39eeefa3a1655.jpg,True,downloaded,
5542dfd3a08beffed1a29d0fd2675668bb745bd4,ea5bf67661df96cd8e6248d89d8eddaabb83d908,-15.640729856453037,-47.79477785410512,-15.64069926702896,-47.79481724077776,2024-07,2024,dugV8QqJUVgBqExuveemkg,100.90285771768954,© Google,OK,10_9,200351.61654185533,8268832.987750247,f7ff70e048a3b1ab2c0802b9e8736678267ff32e,cardinal,4,3,270_deg_west,cardinal,270,0,90,640,640,8,batch_0008,316,datasets/df_2024_uniform/batch_0008/images/f7ff70e048a3b1ab2c0802b9e8736678267ff32e.jpg,https://raw.githubusercontent.com/GUIA-DD/dataset-streetview/refs/heads/main/datasets/df_2024_uniform/batch_0008/images/f7ff70e048a3b1ab2c0802b9e8736678267ff32e.jpg,True,downloaded,
5564f0a81b98157bdd3c8d87663274412f699c25,b709eb01384fb2bd8a52f662a6d0f69617a87709,-15.821510103632017,-48.10677543374207,-15.82149818273401,-48.10674076591896,2024-07,2024,Dl3nYbgwDyMC9HBxKozz6A,59.98551566004158,© Google,OK,3_5,167167.92365444862,8248346.051144487,cf59020720d365e26b0605949a5285fa5a922ba3,cardinal,4,0,0_deg_north,cardinal,0,0,90,640,640,8,batch_0008,317,datasets/df_2024_uniform/batch_0008/images/cf59020720d365e26b0605949a5285fa5a922ba3.jpg,https://raw.githubusercontent.com/GUIA-DD/dataset-streetview/refs/heads/main/datasets/df_2024_uniform/batch_0008/images/cf59020720d365e26b0605949a5285fa5a922ba3.jpg,True,downloaded,
5564f0a81b98157bdd3c8d87663274412f699c25,b709eb01384fb2bd8a52f662a6d0f69617a87709,-15.821510103632017,-48.10677543374207,-15.82149818273401,-48.10674076591896,2024-07,2024,Dl3nYbgwDyMC9HBxKozz6A,59.98551566004158,© Google,OK,3_5,167167.92365444862,8248346.051144487,cce87868c6b9d2f24f5091dacd529b947cb74982,cardinal,4,1,90_deg_east,cardinal,90,0,90,640,640,8,batch_0008,318,datasets/df_2024_uniform/batch_0008/images/cce87868c6b9d2f24f5091dacd529b947cb74982.jpg,https://raw.githubusercontent.com/GUIA-DD/dataset-streetview/refs/heads/main/datasets/df_2024_uniform/batch_0008/images/cce87868c6b9d2f24f5091dacd529b947cb74982.jpg,True,downloaded,
5564f0a81b98157bdd3c8d87663274412f699c25,b709eb01384fb2bd8a52f662a6d0f69617a87709,-15.821510103632017,-48.10677543374207,-15.82149818273401,-48.10674076591896,2024-07,2024,Dl3nYbgwDyMC9HBxKozz6A,59.98551566004158,© Google,OK,3_5,167167.92365444862,8248346.051144487,5ae745431b6eec6d7f75260a238d0838003a0800,cardinal,4,2,180_deg_south,cardinal,180,0,90,640,640,8,batch_0008,319,datasets/df_2024_uniform/batch_0008/images/5ae745431b6eec6d7f75260a238d0838003a0800.jpg,https://raw.githubusercontent.com/GUIA-DD/dataset-streetview/refs/heads/main/datasets/df_2024_uniform/batch_0008/images/5ae745431b6eec6d7f75260a238d0838003a0800.jpg,True,downloaded,
5564f0a81b98157bdd3c8d87663274412f699c25,b709eb01384fb2bd8a52f662a6d0f69617a87709,-15.821510103632017,-48.10677543374207,-15.82149818273401,-48.10674076591896,2024-07,2024,Dl3nYbgwDyMC9HBxKozz6A,59.98551566004158,© Google,OK,3_5,167167.92365444862,8248346.051144487,52a9afaa1f1f59616efc8e544b1549a47c02a45b,cardinal,4,3,270_deg_west,cardinal,270,0,90,640,640,8,batch_0008,320,datasets/df_2024_uniform/batch_0008/images/52a9afaa1f1f59616efc8e544b1549a47c02a45b.jpg,https://raw.githubusercontent.com/GUIA-DD/dataset-streetview/refs/heads/main/datasets/df_2024_uniform/batch_0008/images/52a9afaa1f1f59616efc8e544b1549a47c02a45b.jpg,True,downloaded,
556e661889391b8c2bec8139bed728e00cce537c,645ed8404a4748c42b0968750067221e336c1be0,-16.049373600000774,-47.61699230000673,-16.04935698886731,-47.61698888238493,2024-09,2024,v7nPnSseAwrYw6XTacxOTw,333.6338778980006,© Google,OK,14_0,219989.69906005485,8223834.361559475,4d615512937824b7286e8faa890f965f5b8aa5f8,cardinal,4,0,0_deg_north,cardinal,0,0,90,640,640,8,batch_0008,321,datasets/df_2024_uniform/batch_0008/images/4d615512937824b7286e8faa890f965f5b8aa5f8.jpg,https://raw.githubusercontent.com/GUIA-DD/dataset-streetview/refs/heads/main/datasets/df_2024_uniform/batch_0008/images/4d615512937824b7286e8faa890f965f5b8aa5f8.jpg,True,downloaded,
556e661889391b8c2bec8139bed728e00cce537c,645ed8404a4748c42b0968750067221e336c1be0,-16.049373600000774,-47.61699230000673,-16.04935698886731,-47.61698888238493,2024-09,2024,v7nPnSseAwrYw6XTacxOTw,333.6338778980006,© Google,OK,14_0,219989.69906005485,8223834.361559475,3192b0218a22a436c08a0dfaeb1d4da108c4bb0b,cardinal,4,1,90_deg_east,cardinal,90,0,90,640,640,8,batch_0008,322,datasets/df_2024_uniform/batch_0008/images/3192b0218a22a436c08a0dfaeb1d4da108c4bb0b.jpg,https://raw.githubusercontent.com/GUIA-DD/dataset-streetview/refs/heads/main/datasets/df_2024_uniform/batch_0008/images/3192b0218a22a436c08a0dfaeb1d4da108c4bb0b.jpg,True,downloaded,
556e661889391b8c2bec8139bed728e00cce537c,645ed8404a4748c42b0968750067221e336c1be0,-16.049373600000774,-47.61699230000673,-16.04935698886731,-47.61698888238493,2024-09,2024,v7nPnSseAwrYw6XTacxOTw,333.6338778980006,© Google,OK,14_0,219989.69906005485,8223834.361559475,850008394bf7f3a26d39742f7021e95bf084a1ee,cardinal,4,2,180_deg_south,cardinal,180,0,90,640,640,8,batch_0008,323,datasets/df_2024_uniform/batch_0008/images/850008394bf7f3a26d39742f7021e95bf084a1ee.jpg,https://raw.githubusercontent.com/GUIA-DD/dataset-streetview/refs/heads/main/datasets/df_2024_uniform/batch_0008/images/850008394bf7f3a26d39742f7021e95bf084a1ee.jpg,True,downloaded,
556e661889391b8c2bec8139bed728e00cce537c,645ed8404a4748c42b0968750067221e336c1be0,-16.049373600000774,-47.61699230000673,-16.04935698886731,-47.61698888238493,2024-09,2024,v7nPnSseAwrYw6XTacxOTw,333.6338778980006,© Google,OK,14_0,219989.69906005485,8223834.361559475,8380ec8ef944cacf54fe99bc2244996e8d4c6342,cardinal,4,3,270_deg_west,cardinal,270,0,90,640,640,8,batch_0008,324,datasets/df_2024_uniform/batch_0008/images/8380ec8ef944cacf54fe99bc2244996e8d4c6342.jpg,https://raw.githubusercontent.com/GUIA-DD/dataset-streetview/refs/heads/main/datasets/df_2024_uniform/batch_0008/images/8380ec8ef944cacf54fe99bc2244996e8d4c6342.jpg,True,downloaded,
59a3670f5b51fdadc6b76f8fe8a9b75b15242e04,05adb1aedf6d6166fd0bb4117e8060a80c98af8e,-15.528751570632211,-47.70185842878727,-15.52875059488754,-47.70188614397916,2025-07,2025,GX2nhEy1PO-cH1CmLaqyyw,89.7392955289008,© Google,OK,12_11,210163.45919601872,8281359.822415939,e9ac082cc002e14cd7537900ff7edb804527fbb5,cardinal,4,0,0_deg_north,cardinal,0,0,90,640,640,8,batch_0008,325,datasets/df_2024_uniform/batch_0008/images/e9ac082cc002e14cd7537900ff7edb804527fbb5.jpg,https://raw.githubusercontent.com/GUIA-DD/dataset-streetview/refs/heads/main/datasets/df_2024_uniform/batch_0008/images/e9ac082cc002e14cd7537900ff7edb804527fbb5.jpg,True,downloaded,
59a3670f5b51fdadc6b76f8fe8a9b75b15242e04,05adb1aedf6d6166fd0bb4117e8060a80c98af8e,-15.528751570632211,-47.70185842878727,-15.52875059488754,-47.70188614397916,2025-07,2025,GX2nhEy1PO-cH1CmLaqyyw,89.7392955289008,© Google,OK,12_11,210163.45919601872,8281359.822415939,a774a1adddf21e43b9ad53b43d2ae3f8a54d10a0,cardinal,4,1,90_deg_east,cardinal,90,0,90,640,640,8,batch_0008,326,datasets/df_2024_uniform/batch_0008/images/a774a1adddf21e43b9ad53b43d2ae3f8a54d10a0.jpg,https://raw.githubusercontent.com/GUIA-DD/dataset-streetview/refs/heads/main/datasets/df_2024_uniform/batch_0008/images/a774a1adddf21e43b9ad53b43d2ae3f8a54d10a0.jpg,True,downloaded,
59a3670f5b51fdadc6b76f8fe8a9b75b15242e04,05adb1aedf6d6166fd0bb4117e8060a80c98af8e,-15.528751570632211,-47.70185842878727,-15.52875059488754,-47.70188614397916,2025-07,2025,GX2nhEy1PO-cH1CmLaqyyw,89.7392955289008,© Google,OK,12_11,210163.45919601872,8281359.822415939,8d7b8c25c283581a38be80062e798bfbf34f9645,cardinal,4,2,180_deg_south,cardinal,180,0,90,640,640,8,batch_0008,327,datasets/df_2024_uniform/batch_0008/images/8d7b8c25c283581a38be80062e798bfbf34f9645.jpg,https://raw.githubusercontent.com/GUIA-DD/dataset-streetview/refs/heads/main/datasets/df_2024_uniform/batch_0008/images/8d7b8c25c283581a38be80062e798bfbf34f9645.jpg,True,downloaded,
59a3670f5b51fdadc6b76f8fe8a9b75b15242e04,05adb1aedf6d6166fd0bb4117e8060a80c98af8e,-15.528751570632211,-47.70185842878727,-15.52875059488754,-47.70188614397916,2025-07,2025,GX2nhEy1PO-cH1CmLaqyyw,89.7392955289008,© Google,OK,12_11,210163.45919601872,8281359.822415939,5cb9f96aa3f5b561b273a7870133e8b528b98988,cardinal,4,3,270_deg_west,cardinal,270,0,90,640,640,8,batch_0008,328,datasets/df_2024_uniform/batch_0008/images/5cb9f96aa3f5b561b273a7870133e8b528b98988.jpg,https://raw.githubusercontent.com/GUIA-DD/dataset-streetview/refs/heads/main/datasets/df_2024_uniform/batch_0008/images/5cb9f96aa3f5b561b273a7870133e8b528b98988.jpg,True,downloaded,
59a767d0770908f2b4afec74af903c08bdc78b09,50e3cedde13559d09cfb117fdc4803ea706cbca0,-16.01153665000608,-47.47755039998568,-16.01159648062293,-47.47755086762879,2024-10,2024,vivq1PlRxke2WMcnH_DRKA,31.1903636785079,© Google,OK,17_1,234867.67161071784,8228206.632663863,187040f876151a61b246e6962019b883d501688a,cardinal,4,0,0_deg_north,cardinal,0,0,90,640,640,8,batch_0008,329,datasets/df_2024_uniform/batch_0008/images/187040f876151a61b246e6962019b883d501688a.jpg,https://raw.githubusercontent.com/GUIA-DD/dataset-streetview/refs/heads/main/datasets/df_2024_uniform/batch_0008/images/187040f876151a61b246e6962019b883d501688a.jpg,True,downloaded,
59a767d0770908f2b4afec74af903c08bdc78b09,50e3cedde13559d09cfb117fdc4803ea706cbca0,-16.01153665000608,-47.47755039998568,-16.01159648062293,-47.47755086762879,2024-10,2024,vivq1PlRxke2WMcnH_DRKA,31.1903636785079,© Google,OK,17_1,234867.67161071784,8228206.632663863,096fa35eefdbda47b5f50bf3442b79a02d6f2897,cardinal,4,1,90_deg_east,cardinal,90,0,90,640,640,8,batch_0008,330,datasets/df_2024_uniform/batch_0008/images/096fa35eefdbda47b5f50bf3442b79a02d6f2897.jpg,https://raw.githubusercontent.com/GUIA-DD/dataset-streetview/refs/heads/main/datasets/df_2024_uniform/batch_0008/images/096fa35eefdbda47b5f50bf3442b79a02d6f2897.jpg,True,downloaded,
59a767d0770908f2b4afec74af903c08bdc78b09,50e3cedde13559d09cfb117fdc4803ea706cbca0,-16.01153665000608,-47.47755039998568,-16.01159648062293,-47.47755086762879,2024-10,2024,vivq1PlRxke2WMcnH_DRKA,31.1903636785079,© Google,OK,17_1,234867.67161071784,8228206.632663863,fc5ac301ed038a0e9fe1823d9a6afef6a632d9d1,cardinal,4,2,180_deg_south,cardinal,180,0,90,640,640,8,batch_0008,331,datasets/df_2024_uniform/batch_0008/images/fc5ac301ed038a0e9fe1823d9a6afef6a632d9d1.jpg,https://raw.githubusercontent.com/GUIA-DD/dataset-streetview/refs/heads/main/datasets/df_2024_uniform/batch_0008/images/fc5ac301ed038a0e9fe1823d9a6afef6a632d9d1.jpg,True,downloaded,
59a767d0770908f2b4afec74af903c08bdc78b09,50e3cedde13559d09cfb117fdc4803ea706cbca0,-16.01153665000608,-47.47755039998568,-16.01159648062293,-47.47755086762879,2024-10,2024,vivq1PlRxke2WMcnH_DRKA,31.1903636785079,© Google,OK,17_1,234867.67161071784,8228206.632663863,602b12dd1da07db6ead3751afed45b811610213a,cardinal,4,3,270_deg_west,cardinal,270,0,90,640,640,8,batch_0008,332,datasets/df_2024_uniform/batch_0008/images/602b12dd1da07db6ead3751afed45b811610213a.jpg,https://raw.githubusercontent.com/GUIA-DD/dataset-streetview/refs/heads/main/datasets/df_2024_uniform/batch_0008/images/602b12dd1da07db6ead3751afed45b811610213a.jpg,True,downloaded,
5b1cf590c3c1d78f7eeeb71c4013fdc4cd076a97,62c82b258fdc2101997d2e3f604bc51154f12878,-16.014686149999456,-47.99155050000673,-16.01469024410228,-47.99154423243302,2025-01,2025,PvNZ6TK_CtLWYK0OotLEbA,349.27731661127314,© Google,OK,6_0,179828.52309830984,8227132.644904535,e7f730df689b43681d8fb7894727c38ac27a7a87,cardinal,4,0,0_deg_north,cardinal,0,0,90,640,640,8,batch_0008,333,datasets/df_2024_uniform/batch_0008/images/e7f730df689b43681d8fb7894727c38ac27a7a87.jpg,https://raw.githubusercontent.com/GUIA-DD/dataset-streetview/refs/heads/main/datasets/df_2024_uniform/batch_0008/images/e7f730df689b43681d8fb7894727c38ac27a7a87.jpg,True,downloaded,
5b1cf590c3c1d78f7eeeb71c4013fdc4cd076a97,62c82b258fdc2101997d2e3f604bc51154f12878,-16.014686149999456,-47.99155050000673,-16.01469024410228,-47.99154423243302,2025-01,2025,PvNZ6TK_CtLWYK0OotLEbA,349.27731661127314,© Google,OK,6_0,179828.52309830984,8227132.644904535,bace1e3f5df9e52f8faf7a6686aac360e04f4e16,cardinal,4,1,90_deg_east,cardinal,90,0,90,640,640,8,batch_0008,334,datasets/df_2024_uniform/batch_0008/images/bace1e3f5df9e52f8faf7a6686aac360e04f4e16.jpg,https://raw.githubusercontent.com/GUIA-DD/dataset-streetview/refs/heads/main/datasets/df_2024_uniform/batch_0008/images/bace1e3f5df9e52f8faf7a6686aac360e04f4e16.jpg,True,downloaded,
5b1cf590c3c1d78f7eeeb71c4013fdc4cd076a97,62c82b258fdc2101997d2e3f604bc51154f12878,-16.014686149999456,-47.99155050000673,-16.01469024410228,-47.99154423243302,2025-01,2025,PvNZ6TK_CtLWYK0OotLEbA,349.27731661127314,© Google,OK,6_0,179828.52309830984,8227132.644904535,096107ed43189efc0190a9a9b76b10d2e6dbfa25,cardinal,4,2,180_deg_south,cardinal,180,0,90,640,640,8,batch_0008,335,datasets/df_2024_uniform/batch_0008/images/096107ed43189efc0190a9a9b76b10d2e6dbfa25.jpg,https://raw.githubusercontent.com/GUIA-DD/dataset-streetview/refs/heads/main/datasets/df_2024_uniform/batch_0008/images/096107ed43189efc0190a9a9b76b10d2e6dbfa25.jpg,True,downloaded,
5b1cf590c3c1d78f7eeeb71c4013fdc4cd076a97,62c82b258fdc2101997d2e3f604bc51154f12878,-16.014686149999456,-47.99155050000673,-16.01469024410228,-47.99154423243302,2025-01,2025,PvNZ6TK_CtLWYK0OotLEbA,349.27731661127314,© Google,OK,6_0,179828.52309830984,8227132.644904535,c2c70f2aa79413c361f1d6ab190646a08403eaa0,cardinal,4,3,270_deg_west,cardinal,270,0,90,640,640,8,batch_0008,336,datasets/df_2024_uniform/batch_0008/images/c2c70f2aa79413c361f1d6ab190646a08403eaa0.jpg,https://raw.githubusercontent.com/GUIA-DD/dataset-streetview/refs/heads/main/datasets/df_2024_uniform/batch_0008/images/c2c70f2aa79413c361f1d6ab190646a08403eaa0.jpg,True,downloaded,
5c1858aad7a1d573b2ebd5f03e04f96c4783eac0,eecba511944726ef17f56a2a67152fa3a3c57e21,-15.961120135709708,-47.55567216905244,-15.96113212390786,-47.55567006973284,2024-09,2024,ml2Agb-7RnjXlEsFcTf82w,184.6200630905346,© Google,OK,15_2,226434.2813901328,8233686.751568688,13ef9891bceb57d9bbcbbb37f5d4c50714f1fe3f,cardinal,4,0,0_deg_north,cardinal,0,0,90,640,640,8,batch_0008,337,datasets/df_2024_uniform/batch_0008/images/13ef9891bceb57d9bbcbbb37f5d4c50714f1fe3f.jpg,https://raw.githubusercontent.com/GUIA-DD/dataset-streetview/refs/heads/main/datasets/df_2024_uniform/batch_0008/images/13ef9891bceb57d9bbcbbb37f5d4c50714f1fe3f.jpg,True,downloaded,
5c1858aad7a1d573b2ebd5f03e04f96c4783eac0,eecba511944726ef17f56a2a67152fa3a3c57e21,-15.961120135709708,-47.55567216905244,-15.96113212390786,-47.55567006973284,2024-09,2024,ml2Agb-7RnjXlEsFcTf82w,184.6200630905346,© Google,OK,15_2,226434.2813901328,8233686.751568688,76bff07584ce66e8d939e7b576e7b9c3af779431,cardinal,4,1,90_deg_east,cardinal,90,0,90,640,640,8,batch_0008,338,datasets/df_2024_uniform/batch_0008/images/76bff07584ce66e8d939e7b576e7b9c3af779431.jpg,https://raw.githubusercontent.com/GUIA-DD/dataset-streetview/refs/heads/main/datasets/df_2024_uniform/batch_0008/images/76bff07584ce66e8d939e7b576e7b9c3af779431.jpg,True,downloaded,
5c1858aad7a1d573b2ebd5f03e04f96c4783eac0,eecba511944726ef17f56a2a67152fa3a3c57e21,-15.961120135709708,-47.55567216905244,-15.96113212390786,-47.55567006973284,2024-09,2024,ml2Agb-7RnjXlEsFcTf82w,184.6200630905346,© Google,OK,15_2,226434.2813901328,8233686.751568688,e4427a5894f67a0cd8b3b2a9dca92fdf15e23665,cardinal,4,2,180_deg_south,cardinal,180,0,90,640,640,8,batch_0008,339,datasets/df_2024_uniform/batch_0008/images/e4427a5894f67a0cd8b3b2a9dca92fdf15e23665.jpg,https://raw.githubusercontent.com/GUIA-DD/dataset-streetview/refs/heads/main/datasets/df_2024_uniform/batch_0008/images/e4427a5894f67a0cd8b3b2a9dca92fdf15e23665.jpg,True,downloaded,
5c1858aad7a1d573b2ebd5f03e04f96c4783eac0,eecba511944726ef17f56a2a67152fa3a3c57e21,-15.961120135709708,-47.55567216905244,-15.96113212390786,-47.55567006973284,2024-09,2024,ml2Agb-7RnjXlEsFcTf82w,184.6200630905346,© Google,OK,15_2,226434.2813901328,8233686.751568688,854ad9cc60e7c09bfcf5dbfb5aadadf3150d95e0,cardinal,4,3,270_deg_west,cardinal,270,0,90,640,640,8,batch_0008,340,datasets/df_2024_uniform/batch_0008/images/854ad9cc60e7c09bfcf5dbfb5aadadf3150d95e0.jpg,https://raw.githubusercontent.com/GUIA-DD/dataset-streetview/refs/heads/main/datasets/df_2024_uniform/batch_0008/images/854ad9cc60e7c09bfcf5dbfb5aadadf3150d95e0.jpg,True,downloaded,
5c39696fe8f327af3f8465bb2107d42dd5f79e5c,496da15e59586e40501290a3b01adc9c264a3844,-15.73374396527726,-48.08255938449057,-15.73374384858979,-48.08257983897786,2026-02,2026,yOYdUcObBybnVDQOkifrQQ,98.9749382140834,© Google,OK,4_7,169622.03785916092,8258104.39004189,9e191973147fe00b5f06e8ca76fe4a4384c42ebb,cardinal,4,0,0_deg_north,cardinal,0,0,90,640,640,8,batch_0008,341,datasets/df_2024_uniform/batch_0008/images/9e191973147fe00b5f06e8ca76fe4a4384c42ebb.jpg,https://raw.githubusercontent.com/GUIA-DD/dataset-streetview/refs/heads/main/datasets/df_2024_uniform/batch_0008/images/9e191973147fe00b5f06e8ca76fe4a4384c42ebb.jpg,True,downloaded,
5c39696fe8f327af3f8465bb2107d42dd5f79e5c,496da15e59586e40501290a3b01adc9c264a3844,-15.73374396527726,-48.08255938449057,-15.73374384858979,-48.08257983897786,2026-02,2026,yOYdUcObBybnVDQOkifrQQ,98.9749382140834,© Google,OK,4_7,169622.03785916092,8258104.39004189,82e532f9fe3615e17058347ad79b77557cf69b58,cardinal,4,1,90_deg_east,cardinal,90,0,90,640,640,8,batch_0008,342,datasets/df_2024_uniform/batch_0008/images/82e532f9fe3615e17058347ad79b77557cf69b58.jpg,https://raw.githubusercontent.com/GUIA-DD/dataset-streetview/refs/heads/main/datasets/df_2024_uniform/batch_0008/images/82e532f9fe3615e17058347ad79b77557cf69b58.jpg,True,downloaded,
5c39696fe8f327af3f8465bb2107d42dd5f79e5c,496da15e59586e40501290a3b01adc9c264a3844,-15.73374396527726,-48.08255938449057,-15.73374384858979,-48.08257983897786,2026-02,2026,yOYdUcObBybnVDQOkifrQQ,98.9749382140834,© Google,OK,4_7,169622.03785916092,8258104.39004189,f0859b1c16939d774a0c9d00a4befcb37aa1eeab,cardinal,4,2,180_deg_south,cardinal,180,0,90,640,640,8,batch_0008,343,datasets/df_2024_uniform/batch_0008/images/f0859b1c16939d774a0c9d00a4befcb37aa1eeab.jpg,https://raw.githubusercontent.com/GUIA-DD/dataset-streetview/refs/heads/main/datasets/df_2024_uniform/batch_0008/images/f0859b1c16939d774a0c9d00a4befcb37aa1eeab.jpg,True,downloaded,
5c39696fe8f327af3f8465bb2107d42dd5f79e5c,496da15e59586e40501290a3b01adc9c264a3844,-15.73374396527726,-48.08255938449057,-15.73374384858979,-48.08257983897786,2026-02,2026,yOYdUcObBybnVDQOkifrQQ,98.9749382140834,© Google,OK,4_7,169622.03785916092,8258104.39004189,61691bffcded0bcffd902d062ed1fa28c43bd66b,cardinal,4,3,270_deg_west,cardinal,270,0,90,640,640,8,batch_0008,344,datasets/df_2024_uniform/batch_0008/images/61691bffcded0bcffd902d062ed1fa28c43bd66b.jpg,https://raw.githubusercontent.com/GUIA-DD/dataset-streetview/refs/heads/main/datasets/df_2024_uniform/batch_0008/images/61691bffcded0bcffd902d062ed1fa28c43bd66b.jpg,True,downloaded,
5f305220c2923c8b0be055299d8f3160e0023535,c1c000d2667fa13db802e93ac22133f51e8c5a6b,-15.790691089840038,-48.13771985346652,-15.79068698840467,-48.13773442320183,2026-01,2026,cWyXGLDGojZ4WM89-N6GNw,336.56594755899187,© Google,OK,2_5,163799.01989603016,8251710.059447755,1d37250ceb972b1d0e59ed3478e286d53f567426,cardinal,4,0,0_deg_north,cardinal,0,0,90,640,640,8,batch_0008,345,datasets/df_2024_uniform/batch_0008/images/1d37250ceb972b1d0e59ed3478e286d53f567426.jpg,https://raw.githubusercontent.com/GUIA-DD/dataset-streetview/refs/heads/main/datasets/df_2024_uniform/batch_0008/images/1d37250ceb972b1d0e59ed3478e286d53f567426.jpg,True,downloaded,
5f305220c2923c8b0be055299d8f3160e0023535,c1c000d2667fa13db802e93ac22133f51e8c5a6b,-15.790691089840038,-48.13771985346652,-15.79068698840467,-48.13773442320183,2026-01,2026,cWyXGLDGojZ4WM89-N6GNw,336.56594755899187,© Google,OK,2_5,163799.01989603016,8251710.059447755,753238e9d9758066f8b2214c693c852bfd562797,cardinal,4,1,90_deg_east,cardinal,90,0,90,640,640,8,batch_0008,346,datasets/df_2024_uniform/batch_0008/images/753238e9d9758066f8b2214c693c852bfd562797.jpg,https://raw.githubusercontent.com/GUIA-DD/dataset-streetview/refs/heads/main/datasets/df_2024_uniform/batch_0008/images/753238e9d9758066f8b2214c693c852bfd562797.jpg,True,downloaded,
5f305220c2923c8b0be055299d8f3160e0023535,c1c000d2667fa13db802e93ac22133f51e8c5a6b,-15.790691089840038,-48.13771985346652,-15.79068698840467,-48.13773442320183,2026-01,2026,cWyXGLDGojZ4WM89-N6GNw,336.56594755899187,© Google,OK,2_5,163799.01989603016,8251710.059447755,25775bf4c778d4058794fe075b5d26feaa486a65,cardinal,4,2,180_deg_south,cardinal,180,0,90,640,640,8,batch_0008,347,datasets/df_2024_uniform/batch_0008/images/25775bf4c778d4058794fe075b5d26feaa486a65.jpg,https://raw.githubusercontent.com/GUIA-DD/dataset-streetview/refs/heads/main/datasets/df_2024_uniform/batch_0008/images/25775bf4c778d4058794fe075b5d26feaa486a65.jpg,True,downloaded,
5f305220c2923c8b0be055299d8f3160e0023535,c1c000d2667fa13db802e93ac22133f51e8c5a6b,-15.790691089840038,-48.13771985346652,-15.79068698840467,-48.13773442320183,2026-01,2026,cWyXGLDGojZ4WM89-N6GNw,336.56594755899187,© Google,OK,2_5,163799.01989603016,8251710.059447755,84815db3b4d621142d37b53ce0d7420ff4a1a942,cardinal,4,3,270_deg_west,cardinal,270,0,90,640,640,8,batch_0008,348,datasets/df_2024_uniform/batch_0008/images/84815db3b4d621142d37b53ce0d7420ff4a1a942.jpg,https://raw.githubusercontent.com/GUIA-DD/dataset-streetview/refs/heads/main/datasets/df_2024_uniform/batch_0008/images/84815db3b4d621142d37b53ce0d7420ff4a1a942.jpg,True,downloaded,
5fc499a3efeaf90587c2d37ccdca2c03450883e6,a46e7293fe86a6f1e8e91d59de23fed5b7757415,-15.830898350000616,-48.0856757000668,-15.8308875363105,-48.0856995130294,2026-02,2026,MUI_7yNcFl_OCFBV75pk0w,340.7058226380668,© Google,OK,4_4,169445.52700230049,8247339.665172847,99dcf752632bde3f49e3befba39889d6a5eb8ec7,cardinal,4,0,0_deg_north,cardinal,0,0,90,640,640,8,batch_0008,349,datasets/df_2024_uniform/batch_0008/images/99dcf752632bde3f49e3befba39889d6a5eb8ec7.jpg,https://raw.githubusercontent.com/GUIA-DD/dataset-streetview/refs/heads/main/datasets/df_2024_uniform/batch_0008/images/99dcf752632bde3f49e3befba39889d6a5eb8ec7.jpg,True,downloaded,
5fc499a3efeaf90587c2d37ccdca2c03450883e6,a46e7293fe86a6f1e8e91d59de23fed5b7757415,-15.830898350000616,-48.0856757000668,-15.8308875363105,-48.0856995130294,2026-02,2026,MUI_7yNcFl_OCFBV75pk0w,340.7058226380668,© Google,OK,4_4,169445.52700230049,8247339.665172847,45d3f8ec74894c0a5f5f20dd75c5527396265ba7,cardinal,4,1,90_deg_east,cardinal,90,0,90,640,640,8,batch_0008,350,datasets/df_2024_uniform/batch_0008/images/45d3f8ec74894c0a5f5f20dd75c5527396265ba7.jpg,https://raw.githubusercontent.com/GUIA-DD/dataset-streetview/refs/heads/main/datasets/df_2024_uniform/batch_0008/images/45d3f8ec74894c0a5f5f20dd75c5527396265ba7.jpg,True,downloaded,
5fc499a3efeaf90587c2d37ccdca2c03450883e6,a46e7293fe86a6f1e8e91d59de23fed5b7757415,-15.830898350000616,-48.0856757000668,-15.8308875363105,-48.0856995130294,2026-02,2026,MUI_7yNcFl_OCFBV75pk0w,340.7058226380668,© Google,OK,4_4,169445.52700230049,8247339.665172847,30dae69c468c92e1d6c3f32a8681fbe6ad6018a4,cardinal,4,2,180_deg_south,cardinal,180,0,90,640,640,8,batch_0008,351,datasets/df_2024_uniform/batch_0008/images/30dae69c468c92e1d6c3f32a8681fbe6ad6018a4.jpg,https://raw.githubusercontent.com/GUIA-DD/dataset-streetview/refs/heads/main/datasets/df_2024_uniform/batch_0008/images/30dae69c468c92e1d6c3f32a8681fbe6ad6018a4.jpg,True,downloaded,
5fc499a3efeaf90587c2d37ccdca2c03450883e6,a46e7293fe86a6f1e8e91d59de23fed5b7757415,-15.830898350000616,-48.0856757000668,-15.8308875363105,-48.0856995130294,2026-02,2026,MUI_7yNcFl_OCFBV75pk0w,340.7058226380668,© Google,OK,4_4,169445.52700230049,8247339.665172847,549ccb0ba872746c7a4aff9fa6bdd3fa0205323b,cardinal,4,3,270_deg_west,cardinal,270,0,90,640,640,8,batch_0008,352,datasets/df_2024_uniform/batch_0008/images/549ccb0ba872746c7a4aff9fa6bdd3fa0205323b.jpg,https://raw.githubusercontent.com/GUIA-DD/dataset-streetview/refs/heads/main/datasets/df_2024_uniform/batch_0008/images/549ccb0ba872746c7a4aff9fa6bdd3fa0205323b.jpg,True,downloaded,
601760a7300056eac31b93ea18dfbc86d7d9c892,58161bab19c77148f407a9e51fbcbad9213d027b,-15.71569329257922,-47.39124326183013,-15.71573951829812,-47.39125089883951,2025-07,2025,o-NB9YK2RNz-K3rZZnhDhw,170.7735939193655,© Google,OK,18_7,243734.5738119347,8261063.544639001,b0bd783e66cf8585b54a1b5c3cf824747c798c70,cardinal,4,0,0_deg_north,cardinal,0,0,90,640,640,8,batch_0008,353,datasets/df_2024_uniform/batch_0008/images/b0bd783e66cf8585b54a1b5c3cf824747c798c70.jpg,https://raw.githubusercontent.com/GUIA-DD/dataset-streetview/refs/heads/main/datasets/df_2024_uniform/batch_0008/images/b0bd783e66cf8585b54a1b5c3cf824747c798c70.jpg,True,downloaded,
601760a7300056eac31b93ea18dfbc86d7d9c892,58161bab19c77148f407a9e51fbcbad9213d027b,-15.71569329257922,-47.39124326183013,-15.71573951829812,-47.39125089883951,2025-07,2025,o-NB9YK2RNz-K3rZZnhDhw,170.7735939193655,© Google,OK,18_7,243734.5738119347,8261063.544639001,a145af19ac4fcc04a1b5ed8eb54502ca96686ffe,cardinal,4,1,90_deg_east,cardinal,90,0,90,640,640,8,batch_0008,354,datasets/df_2024_uniform/batch_0008/images/a145af19ac4fcc04a1b5ed8eb54502ca96686ffe.jpg,https://raw.githubusercontent.com/GUIA-DD/dataset-streetview/refs/heads/main/datasets/df_2024_uniform/batch_0008/images/a145af19ac4fcc04a1b5ed8eb54502ca96686ffe.jpg,True,downloaded,
601760a7300056eac31b93ea18dfbc86d7d9c892,58161bab19c77148f407a9e51fbcbad9213d027b,-15.71569329257922,-47.39124326183013,-15.71573951829812,-47.39125089883951,2025-07,2025,o-NB9YK2RNz-K3rZZnhDhw,170.7735939193655,© Google,OK,18_7,243734.5738119347,8261063.544639001,823bf8bedc4222f18bb0b93357f8c7adf02e297c,cardinal,4,2,180_deg_south,cardinal,180,0,90,640,640,8,batch_0008,355,datasets/df_2024_uniform/batch_0008/images/823bf8bedc4222f18bb0b93357f8c7adf02e297c.jpg,https://raw.githubusercontent.com/GUIA-DD/dataset-streetview/refs/heads/main/datasets/df_2024_uniform/batch_0008/images/823bf8bedc4222f18bb0b93357f8c7adf02e297c.jpg,True,downloaded,
601760a7300056eac31b93ea18dfbc86d7d9c892,58161bab19c77148f407a9e51fbcbad9213d027b,-15.71569329257922,-47.39124326183013,-15.71573951829812,-47.39125089883951,2025-07,2025,o-NB9YK2RNz-K3rZZnhDhw,170.7735939193655,© Google,OK,18_7,243734.5738119347,8261063.544639001,fcebacfe08db24862b7ad4c06f811edfe5914599,cardinal,4,3,270_deg_west,cardinal,270,0,90,640,640,8,batch_0008,356,datasets/df_2024_uniform/batch_0008/images/fcebacfe08db24862b7ad4c06f811edfe5914599.jpg,https://raw.githubusercontent.com/GUIA-DD/dataset-streetview/refs/heads/main/datasets/df_2024_uniform/batch_0008/images/fcebacfe08db24862b7ad4c06f811edfe5914599.jpg,True,downloaded,
62a5ef90ab497e61f97652906494728ae50cb3c6,c17ff21b828ffcb7c99e917b00872f42b85462f7,-15.82882985007087,-48.14331430010492,-15.82882714896555,-48.14330143283181,2026-02,2026,6wSVeWgLGUqWF_NfLTmcQA,296.3130130726395,© Google,OK,2_4,163262.2694852689,8247477.031073777,4eb31ed6b0cd766e031f5acf1df7d38e56079ab9,cardinal,4,0,0_deg_north,cardinal,0,0,90,640,640,8,batch_0008,357,datasets/df_2024_uniform/batch_0008/images/4eb31ed6b0cd766e031f5acf1df7d38e56079ab9.jpg,https://raw.githubusercontent.com/GUIA-DD/dataset-streetview/refs/heads/main/datasets/df_2024_uniform/batch_0008/images/4eb31ed6b0cd766e031f5acf1df7d38e56079ab9.jpg,True,downloaded,
62a5ef90ab497e61f97652906494728ae50cb3c6,c17ff21b828ffcb7c99e917b00872f42b85462f7,-15.82882985007087,-48.14331430010492,-15.82882714896555,-48.14330143283181,2026-02,2026,6wSVeWgLGUqWF_NfLTmcQA,296.3130130726395,© Google,OK,2_4,163262.2694852689,8247477.031073777,f11b2c2e64a601218f281877217809bc246daa23,cardinal,4,1,90_deg_east,cardinal,90,0,90,640,640,8,batch_0008,358,datasets/df_2024_uniform/batch_0008/images/f11b2c2e64a601218f281877217809bc246daa23.jpg,https://raw.githubusercontent.com/GUIA-DD/dataset-streetview/refs/heads/main/datasets/df_2024_uniform/batch_0008/images/f11b2c2e64a601218f281877217809bc246daa23.jpg,True,downloaded,
62a5ef90ab497e61f97652906494728ae50cb3c6,c17ff21b828ffcb7c99e917b00872f42b85462f7,-15.82882985007087,-48.14331430010492,-15.82882714896555,-48.14330143283181,2026-02,2026,6wSVeWgLGUqWF_NfLTmcQA,296.3130130726395,© Google,OK,2_4,163262.2694852689,8247477.031073777,7c36ac08328ca305c85167c83ddeabde29c50692,cardinal,4,2,180_deg_south,cardinal,180,0,90,640,640,8,batch_0008,359,datasets/df_2024_uniform/batch_0008/images/7c36ac08328ca305c85167c83ddeabde29c50692.jpg,https://raw.githubusercontent.com/GUIA-DD/dataset-streetview/refs/heads/main/datasets/df_2024_uniform/batch_0008/images/7c36ac08328ca305c85167c83ddeabde29c50692.jpg,True,downloaded,
62a5ef90ab497e61f97652906494728ae50cb3c6,c17ff21b828ffcb7c99e917b00872f42b85462f7,-15.82882985007087,-48.14331430010492,-15.82882714896555,-48.14330143283181,2026-02,2026,6wSVeWgLGUqWF_NfLTmcQA,296.3130130726395,© Google,OK,2_4,163262.2694852689,8247477.031073777,178f503b955eef59c7a93bf75f912e0ec21a2066,cardinal,4,3,270_deg_west,cardinal,270,0,90,640,640,8,batch_0008,360,datasets/df_2024_uniform/batch_0008/images/178f503b955eef59c7a93bf75f912e0ec21a2066.jpg,https://raw.githubusercontent.com/GUIA-DD/dataset-streetview/refs/heads/main/datasets/df_2024_uniform/batch_0008/images/178f503b955eef59c7a93bf75f912e0ec21a2066.jpg,True,downloaded,
64278c02368ec31fcba50e53d9f3ae8b37482c37,b20eba6917ebe41fe0f7cefacf7f7addb42cd424,-15.834829250462478,-48.1504839995735,-15.83480503590486,-48.15044859573536,2024-07,2024,LgvzKuh29GgY-1-C4pwObw,237.76601393322773,© Google,OK,2_4,162503.50714098546,8246801.032234264,14a8ad6a4cdd96555e67eac7d71152ac8d5b6532,cardinal,4,0,0_deg_north,cardinal,0,0,90,640,640,8,batch_0008,361,datasets/df_2024_uniform/batch_0008/images/14a8ad6a4cdd96555e67eac7d71152ac8d5b6532.jpg,https://raw.githubusercontent.com/GUIA-DD/dataset-streetview/refs/heads/main/datasets/df_2024_uniform/batch_0008/images/14a8ad6a4cdd96555e67eac7d71152ac8d5b6532.jpg,True,downloaded,
64278c02368ec31fcba50e53d9f3ae8b37482c37,b20eba6917ebe41fe0f7cefacf7f7addb42cd424,-15.834829250462478,-48.1504839995735,-15.83480503590486,-48.15044859573536,2024-07,2024,LgvzKuh29GgY-1-C4pwObw,237.76601393322773,© Google,OK,2_4,162503.50714098546,8246801.032234264,a652c815eca9f44ecd36b96781e0b21ba797cee1,cardinal,4,1,90_deg_east,cardinal,90,0,90,640,640,8,batch_0008,362,datasets/df_2024_uniform/batch_0008/images/a652c815eca9f44ecd36b96781e0b21ba797cee1.jpg,https://raw.githubusercontent.com/GUIA-DD/dataset-streetview/refs/heads/main/datasets/df_2024_uniform/batch_0008/images/a652c815eca9f44ecd36b96781e0b21ba797cee1.jpg,True,downloaded,
64278c02368ec31fcba50e53d9f3ae8b37482c37,b20eba6917ebe41fe0f7cefacf7f7addb42cd424,-15.834829250462478,-48.1504839995735,-15.83480503590486,-48.15044859573536,2024-07,2024,LgvzKuh29GgY-1-C4pwObw,237.76601393322773,© Google,OK,2_4,162503.50714098546,8246801.032234264,43b0906f4547d055b6b48e0b69a491c5fab44427,cardinal,4,2,180_deg_south,cardinal,180,0,90,640,640,8,batch_0008,363,datasets/df_2024_uniform/batch_0008/images/43b0906f4547d055b6b48e0b69a491c5fab44427.jpg,https://raw.githubusercontent.com/GUIA-DD/dataset-streetview/refs/heads/main/datasets/df_2024_uniform/batch_0008/images/43b0906f4547d055b6b48e0b69a491c5fab44427.jpg,True,downloaded,
64278c02368ec31fcba50e53d9f3ae8b37482c37,b20eba6917ebe41fe0f7cefacf7f7addb42cd424,-15.834829250462478,-48.1504839995735,-15.83480503590486,-48.15044859573536,2024-07,2024,LgvzKuh29GgY-1-C4pwObw,237.76601393322773,© Google,OK,2_4,162503.50714098546,8246801.032234264,7c8cac20f603341252ba8a7af02d538b945b898e,cardinal,4,3,270_deg_west,cardinal,270,0,90,640,640,8,batch_0008,364,datasets/df_2024_uniform/batch_0008/images/7c8cac20f603341252ba8a7af02d538b945b898e.jpg,https://raw.githubusercontent.com/GUIA-DD/dataset-streetview/refs/heads/main/datasets/df_2024_uniform/batch_0008/images/7c8cac20f603341252ba8a7af02d538b945b898e.jpg,True,downloaded,
64490fb4eade688efed9303e25e57b29da6d6aa3,356fee87e19934655cb9b11e53651cf1a10139af,-15.751317800050169,-47.76658599997384,-15.75129413997775,-47.76657503316011,2024-07,2024,e8LklZN2KU4LzAspWjjTIQ,69.70160950155038,© Google,OK,10_6,203536.37910107887,8256628.052584361,61f9b40ce8405e54bb7b20aa9a5ccacaf8f1e9e2,cardinal,4,0,0_deg_north,cardinal,0,0,90,640,640,8,batch_0008,365,datasets/df_2024_uniform/batch_0008/images/61f9b40ce8405e54bb7b20aa9a5ccacaf8f1e9e2.jpg,https://raw.githubusercontent.com/GUIA-DD/dataset-streetview/refs/heads/main/datasets/df_2024_uniform/batch_0008/images/61f9b40ce8405e54bb7b20aa9a5ccacaf8f1e9e2.jpg,True,downloaded,
64490fb4eade688efed9303e25e57b29da6d6aa3,356fee87e19934655cb9b11e53651cf1a10139af,-15.751317800050169,-47.76658599997384,-15.75129413997775,-47.76657503316011,2024-07,2024,e8LklZN2KU4LzAspWjjTIQ,69.70160950155038,© Google,OK,10_6,203536.37910107887,8256628.052584361,748b04ba4e357258824bb45547168b71f3c86b0c,cardinal,4,1,90_deg_east,cardinal,90,0,90,640,640,8,batch_0008,366,datasets/df_2024_uniform/batch_0008/images/748b04ba4e357258824bb45547168b71f3c86b0c.jpg,https://raw.githubusercontent.com/GUIA-DD/dataset-streetview/refs/heads/main/datasets/df_2024_uniform/batch_0008/images/748b04ba4e357258824bb45547168b71f3c86b0c.jpg,True,downloaded,
64490fb4eade688efed9303e25e57b29da6d6aa3,356fee87e19934655cb9b11e53651cf1a10139af,-15.751317800050169,-47.76658599997384,-15.75129413997775,-47.76657503316011,2024-07,2024,e8LklZN2KU4LzAspWjjTIQ,69.70160950155038,© Google,OK,10_6,203536.37910107887,8256628.052584361,fb9783732c3431a8bfff1151a85d1ccffdaa8143,cardinal,4,2,180_deg_south,cardinal,180,0,90,640,640,8,batch_0008,367,datasets/df_2024_uniform/batch_0008/images/fb9783732c3431a8bfff1151a85d1ccffdaa8143.jpg,https://raw.githubusercontent.com/GUIA-DD/dataset-streetview/refs/heads/main/datasets/df_2024_uniform/batch_0008/images/fb9783732c3431a8bfff1151a85d1ccffdaa8143.jpg,True,downloaded,
64490fb4eade688efed9303e25e57b29da6d6aa3,356fee87e19934655cb9b11e53651cf1a10139af,-15.751317800050169,-47.76658599997384,-15.75129413997775,-47.76657503316011,2024-07,2024,e8LklZN2KU4LzAspWjjTIQ,69.70160950155038,© Google,OK,10_6,203536.37910107887,8256628.052584361,e6ac59ea0c44f9bf36c680e6c65ddea73d3ca91e,cardinal,4,3,270_deg_west,cardinal,270,0,90,640,640,8,batch_0008,368,datasets/df_2024_uniform/batch_0008/images/e6ac59ea0c44f9bf36c680e6c65ddea73d3ca91e.jpg,https://raw.githubusercontent.com/GUIA-DD/dataset-streetview/refs/heads/main/datasets/df_2024_uniform/batch_0008/images/e6ac59ea0c44f9bf36c680e6c65ddea73d3ca91e.jpg,True,downloaded,
649bc51b51b22f3a5335c107ae781444ca6fbd25,d5dab640c44c93cdfea608820d0f47eeaa36e439,-15.88576385000203,-48.01641525004584,-15.88580070002023,-48.01639432697636,2024-06,2024,JNowL5tgCxhp4k1aLfIduA,337.8770612130168,© Google,OK,5_3,176958.5237887907,8241371.59259928,5a23a3e4abf700b5e0c0227e6818996eb3d1b607,cardinal,4,0,0_deg_north,cardinal,0,0,90,640,640,8,batch_0008,369,datasets/df_2024_uniform/batch_0008/images/5a23a3e4abf700b5e0c0227e6818996eb3d1b607.jpg,https://raw.githubusercontent.com/GUIA-DD/dataset-streetview/refs/heads/main/datasets/df_2024_uniform/batch_0008/images/5a23a3e4abf700b5e0c0227e6818996eb3d1b607.jpg,True,downloaded,
649bc51b51b22f3a5335c107ae781444ca6fbd25,d5dab640c44c93cdfea608820d0f47eeaa36e439,-15.88576385000203,-48.01641525004584,-15.88580070002023,-48.01639432697636,2024-06,2024,JNowL5tgCxhp4k1aLfIduA,337.8770612130168,© Google,OK,5_3,176958.5237887907,8241371.59259928,fa3330e8320980fdda4f0b3a66cd3457db1b318e,cardinal,4,1,90_deg_east,cardinal,90,0,90,640,640,8,batch_0008,370,datasets/df_2024_uniform/batch_0008/images/fa3330e8320980fdda4f0b3a66cd3457db1b318e.jpg,https://raw.githubusercontent.com/GUIA-DD/dataset-streetview/refs/heads/main/datasets/df_2024_uniform/batch_0008/images/fa3330e8320980fdda4f0b3a66cd3457db1b318e.jpg,True,downloaded,
649bc51b51b22f3a5335c107ae781444ca6fbd25,d5dab640c44c93cdfea608820d0f47eeaa36e439,-15.88576385000203,-48.01641525004584,-15.88580070002023,-48.01639432697636,2024-06,2024,JNowL5tgCxhp4k1aLfIduA,337.8770612130168,© Google,OK,5_3,176958.5237887907,8241371.59259928,2a037af5b6dad4d60977d4f2df6b0b41df22b129,cardinal,4,2,180_deg_south,cardinal,180,0,90,640,640,8,batch_0008,371,datasets/df_2024_uniform/batch_0008/images/2a037af5b6dad4d60977d4f2df6b0b41df22b129.jpg,https://raw.githubusercontent.com/GUIA-DD/dataset-streetview/refs/heads/main/datasets/df_2024_uniform/batch_0008/images/2a037af5b6dad4d60977d4f2df6b0b41df22b129.jpg,True,downloaded,
649bc51b51b22f3a5335c107ae781444ca6fbd25,d5dab640c44c93cdfea608820d0f47eeaa36e439,-15.88576385000203,-48.01641525004584,-15.88580070002023,-48.01639432697636,2024-06,2024,JNowL5tgCxhp4k1aLfIduA,337.8770612130168,© Google,OK,5_3,176958.5237887907,8241371.59259928,e207c898e9a9a656212be5e48d8aa9c91bb0adb0,cardinal,4,3,270_deg_west,cardinal,270,0,90,640,640,8,batch_0008,372,datasets/df_2024_uniform/batch_0008/images/e207c898e9a9a656212be5e48d8aa9c91bb0adb0.jpg,https://raw.githubusercontent.com/GUIA-DD/dataset-streetview/refs/heads/main/datasets/df_2024_uniform/batch_0008/images/e207c898e9a9a656212be5e48d8aa9c91bb0adb0.jpg,True,downloaded,
64f9cfc256d5b5abafa0d9a2c6209e429196495e,b2497b51a614d7d6b8f9d9543e8be1057c7ad93d,-15.709291050001736,-47.91359009999617,-15.70926570636957,-47.91360175636074,2026-02,2026,Pf-G_4f9tppeShQSjCFnVA,31.62976175819023,© Google,OK,7_7,187708.03458387803,8261069.566680572,48693f51deefff35e28ce12ea0451a5a07572642,cardinal,4,0,0_deg_north,cardinal,0,0,90,640,640,8,batch_0008,373,datasets/df_2024_uniform/batch_0008/images/48693f51deefff35e28ce12ea0451a5a07572642.jpg,https://raw.githubusercontent.com/GUIA-DD/dataset-streetview/refs/heads/main/datasets/df_2024_uniform/batch_0008/images/48693f51deefff35e28ce12ea0451a5a07572642.jpg,True,downloaded,
64f9cfc256d5b5abafa0d9a2c6209e429196495e,b2497b51a614d7d6b8f9d9543e8be1057c7ad93d,-15.709291050001736,-47.91359009999617,-15.70926570636957,-47.91360175636074,2026-02,2026,Pf-G_4f9tppeShQSjCFnVA,31.62976175819023,© Google,OK,7_7,187708.03458387803,8261069.566680572,4613566f90dcaf258563b2e0fee09746baa82963,cardinal,4,1,90_deg_east,cardinal,90,0,90,640,640,8,batch_0008,374,datasets/df_2024_uniform/batch_0008/images/4613566f90dcaf258563b2e0fee09746baa82963.jpg,https://raw.githubusercontent.com/GUIA-DD/dataset-streetview/refs/heads/main/datasets/df_2024_uniform/batch_0008/images/4613566f90dcaf258563b2e0fee09746baa82963.jpg,True,downloaded,
64f9cfc256d5b5abafa0d9a2c6209e429196495e,b2497b51a614d7d6b8f9d9543e8be1057c7ad93d,-15.709291050001736,-47.91359009999617,-15.70926570636957,-47.91360175636074,2026-02,2026,Pf-G_4f9tppeShQSjCFnVA,31.62976175819023,© Google,OK,7_7,187708.03458387803,8261069.566680572,4e50f218f1447bd25cf52e1c76f8ad1da4da8f05,cardinal,4,2,180_deg_south,cardinal,180,0,90,640,640,8,batch_0008,375,datasets/df_2024_uniform/batch_0008/images/4e50f218f1447bd25cf52e1c76f8ad1da4da8f05.jpg,https://raw.githubusercontent.com/GUIA-DD/dataset-streetview/refs/heads/main/datasets/df_2024_uniform/batch_0008/images/4e50f218f1447bd25cf52e1c76f8ad1da4da8f05.jpg,True,downloaded,
64f9cfc256d5b5abafa0d9a2c6209e429196495e,b2497b51a614d7d6b8f9d9543e8be1057c7ad93d,-15.709291050001736,-47.91359009999617,-15.70926570636957,-47.91360175636074,2026-02,2026,Pf-G_4f9tppeShQSjCFnVA,31.62976175819023,© Google,OK,7_7,187708.03458387803,8261069.566680572,9821c0c2460c8afb2301993be195199f383572fb,cardinal,4,3,270_deg_west,cardinal,270,0,90,640,640,8,batch_0008,376,datasets/df_2024_uniform/batch_0008/images/9821c0c2460c8afb2301993be195199f383572fb.jpg,https://raw.githubusercontent.com/GUIA-DD/dataset-streetview/refs/heads/main/datasets/df_2024_uniform/batch_0008/images/9821c0c2460c8afb2301993be195199f383572fb.jpg,True,downloaded,
6563c07a65f9589e84eb9ba44a7bd07b41b65e13,f2e9e6e1e8a7372ab08c864c047df72c10b43398,-15.61888930018282,-48.19872104880245,-15.61884527755265,-48.19871629464316,2024-08,2024,G_GHcMY8_oqz73V-OUwW4g,4.261183416801256,© Google,OK,1_9,156969.22102043818,8270640.228231469,dbdfaf1fad52f681f898fa89225de7a54fc81e85,cardinal,4,0,0_deg_north,cardinal,0,0,90,640,640,8,batch_0008,377,datasets/df_2024_uniform/batch_0008/images/dbdfaf1fad52f681f898fa89225de7a54fc81e85.jpg,https://raw.githubusercontent.com/GUIA-DD/dataset-streetview/refs/heads/main/datasets/df_2024_uniform/batch_0008/images/dbdfaf1fad52f681f898fa89225de7a54fc81e85.jpg,True,downloaded,
6563c07a65f9589e84eb9ba44a7bd07b41b65e13,f2e9e6e1e8a7372ab08c864c047df72c10b43398,-15.61888930018282,-48.19872104880245,-15.61884527755265,-48.19871629464316,2024-08,2024,G_GHcMY8_oqz73V-OUwW4g,4.261183416801256,© Google,OK,1_9,156969.22102043818,8270640.228231469,8c4e5707d9d766e7bc7421d0b96343944ff7a63a,cardinal,4,1,90_deg_east,cardinal,90,0,90,640,640,8,batch_0008,378,datasets/df_2024_uniform/batch_0008/images/8c4e5707d9d766e7bc7421d0b96343944ff7a63a.jpg,https://raw.githubusercontent.com/GUIA-DD/dataset-streetview/refs/heads/main/datasets/df_2024_uniform/batch_0008/images/8c4e5707d9d766e7bc7421d0b96343944ff7a63a.jpg,True,downloaded,
6563c07a65f9589e84eb9ba44a7bd07b41b65e13,f2e9e6e1e8a7372ab08c864c047df72c10b43398,-15.61888930018282,-48.19872104880245,-15.61884527755265,-48.19871629464316,2024-08,2024,G_GHcMY8_oqz73V-OUwW4g,4.261183416801256,© Google,OK,1_9,156969.22102043818,8270640.228231469,003af43fcf8fcd4ef47a71a0207388fdf72cbfba,cardinal,4,2,180_deg_south,cardinal,180,0,90,640,640,8,batch_0008,379,datasets/df_2024_uniform/batch_0008/images/003af43fcf8fcd4ef47a71a0207388fdf72cbfba.jpg,https://raw.githubusercontent.com/GUIA-DD/dataset-streetview/refs/heads/main/datasets/df_2024_uniform/batch_0008/images/003af43fcf8fcd4ef47a71a0207388fdf72cbfba.jpg,True,downloaded,
6563c07a65f9589e84eb9ba44a7bd07b41b65e13,f2e9e6e1e8a7372ab08c864c047df72c10b43398,-15.61888930018282,-48.19872104880245,-15.61884527755265,-48.19871629464316,2024-08,2024,G_GHcMY8_oqz73V-OUwW4g,4.261183416801256,© Google,OK,1_9,156969.22102043818,8270640.228231469,855df266c115b72021c349abac54c42d525d2f6d,cardinal,4,3,270_deg_west,cardinal,270,0,90,640,640,8,batch_0008,380,datasets/df_2024_uniform/batch_0008/images/855df266c115b72021c349abac54c42d525d2f6d.jpg,https://raw.githubusercontent.com/GUIA-DD/dataset-streetview/refs/heads/main/datasets/df_2024_uniform/batch_0008/images/855df266c115b72021c349abac54c42d525d2f6d.jpg,True,downloaded,
65b6aaa54483c3ae8c699a1f8074d991c44c49ee,bfec8a5340a74d8d07f6d105d09e3a5537562f57,-15.966034850088256,-47.498568100327454,-15.96599682510547,-47.4985834895427,2024-09,2024,NjpD-InYbHhYSzGXi12Cog,320.16543573524143,© Google,OK,16_2,232556.7275332876,8233216.8999225665,b5bb210c8e3fbc7f0d3723af3f797afde0b77a80,cardinal,4,0,0_deg_north,cardinal,0,0,90,640,640,8,batch_0008,381,datasets/df_2024_uniform/batch_0008/images/b5bb210c8e3fbc7f0d3723af3f797afde0b77a80.jpg,https://raw.githubusercontent.com/GUIA-DD/dataset-streetview/refs/heads/main/datasets/df_2024_uniform/batch_0008/images/b5bb210c8e3fbc7f0d3723af3f797afde0b77a80.jpg,True,downloaded,
65b6aaa54483c3ae8c699a1f8074d991c44c49ee,bfec8a5340a74d8d07f6d105d09e3a5537562f57,-15.966034850088256,-47.498568100327454,-15.96599682510547,-47.4985834895427,2024-09,2024,NjpD-InYbHhYSzGXi12Cog,320.16543573524143,© Google,OK,16_2,232556.7275332876,8233216.8999225665,ff0f903dd7ba10e05c652583ecddcaf96aa88d7c,cardinal,4,1,90_deg_east,cardinal,90,0,90,640,640,8,batch_0008,382,datasets/df_2024_uniform/batch_0008/images/ff0f903dd7ba10e05c652583ecddcaf96aa88d7c.jpg,https://raw.githubusercontent.com/GUIA-DD/dataset-streetview/refs/heads/main/datasets/df_2024_uniform/batch_0008/images/ff0f903dd7ba10e05c652583ecddcaf96aa88d7c.jpg,True,downloaded,
65b6aaa54483c3ae8c699a1f8074d991c44c49ee,bfec8a5340a74d8d07f6d105d09e3a5537562f57,-15.966034850088256,-47.498568100327454,-15.96599682510547,-47.4985834895427,2024-09,2024,NjpD-InYbHhYSzGXi12Cog,320.16543573524143,© Google,OK,16_2,232556.7275332876,8233216.8999225665,d03889e2bdd6dcd6b139896cd9652ec7543d0bac,cardinal,4,2,180_deg_south,cardinal,180,0,90,640,640,8,batch_0008,383,datasets/df_2024_uniform/batch_0008/images/d03889e2bdd6dcd6b139896cd9652ec7543d0bac.jpg,https://raw.githubusercontent.com/GUIA-DD/dataset-streetview/refs/heads/main/datasets/df_2024_uniform/batch_0008/images/d03889e2bdd6dcd6b139896cd9652ec7543d0bac.jpg,True,downloaded,
65b6aaa54483c3ae8c699a1f8074d991c44c49ee,bfec8a5340a74d8d07f6d105d09e3a5537562f57,-15.966034850088256,-47.498568100327454,-15.96599682510547,-47.4985834895427,2024-09,2024,NjpD-InYbHhYSzGXi12Cog,320.16543573524143,© Google,OK,16_2,232556.7275332876,8233216.8999225665,6878a3bb57eb489a65d63ff97ce40d472ea7c1ea,cardinal,4,3,270_deg_west,cardinal,270,0,90,640,640,8,batch_0008,384,datasets/df_2024_uniform/batch_0008/images/6878a3bb57eb489a65d63ff97ce40d472ea7c1ea.jpg,https://raw.githubusercontent.com/GUIA-DD/dataset-streetview/refs/heads/main/datasets/df_2024_uniform/batch_0008/images/6878a3bb57eb489a65d63ff97ce40d472ea7c1ea.jpg,True,downloaded,
66a5a16ac20eac992a562e9e2e36163da1ff5169,e202826c68afcd6c1ea316bed250fd3dc6f0edc6,-15.86239605001013,-48.00126694998747,-15.86241373124392,-48.00128462067939,2024-07,2024,-nr9euEkheOGPUeY7nSqmQ,230.20972021453017,© Google,OK,5_4,178544.98515187978,8243982.77614879,8706657e42990d2f3c87ba14a126f178caab5995,cardinal,4,0,0_deg_north,cardinal,0,0,90,640,640,8,batch_0008,385,datasets/df_2024_uniform/batch_0008/images/8706657e42990d2f3c87ba14a126f178caab5995.jpg,https://raw.githubusercontent.com/GUIA-DD/dataset-streetview/refs/heads/main/datasets/df_2024_uniform/batch_0008/images/8706657e42990d2f3c87ba14a126f178caab5995.jpg,True,downloaded,
66a5a16ac20eac992a562e9e2e36163da1ff5169,e202826c68afcd6c1ea316bed250fd3dc6f0edc6,-15.86239605001013,-48.00126694998747,-15.86241373124392,-48.00128462067939,2024-07,2024,-nr9euEkheOGPUeY7nSqmQ,230.20972021453017,© Google,OK,5_4,178544.98515187978,8243982.77614879,c56bf4724c049189aa5033cbacdae2498cdafb58,cardinal,4,1,90_deg_east,cardinal,90,0,90,640,640,8,batch_0008,386,datasets/df_2024_uniform/batch_0008/images/c56bf4724c049189aa5033cbacdae2498cdafb58.jpg,https://raw.githubusercontent.com/GUIA-DD/dataset-streetview/refs/heads/main/datasets/df_2024_uniform/batch_0008/images/c56bf4724c049189aa5033cbacdae2498cdafb58.jpg,True,downloaded,
66a5a16ac20eac992a562e9e2e36163da1ff5169,e202826c68afcd6c1ea316bed250fd3dc6f0edc6,-15.86239605001013,-48.00126694998747,-15.86241373124392,-48.00128462067939,2024-07,2024,-nr9euEkheOGPUeY7nSqmQ,230.20972021453017,© Google,OK,5_4,178544.98515187978,8243982.77614879,dd8b068cc5035a155376cc13640073304c250962,cardinal,4,2,180_deg_south,cardinal,180,0,90,640,640,8,batch_0008,387,datasets/df_2024_uniform/batch_0008/images/dd8b068cc5035a155376cc13640073304c250962.jpg,https://raw.githubusercontent.com/GUIA-DD/dataset-streetview/refs/heads/main/datasets/df_2024_uniform/batch_0008/images/dd8b068cc5035a155376cc13640073304c250962.jpg,True,downloaded,
66a5a16ac20eac992a562e9e2e36163da1ff5169,e202826c68afcd6c1ea316bed250fd3dc6f0edc6,-15.86239605001013,-48.00126694998747,-15.86241373124392,-48.00128462067939,2024-07,2024,-nr9euEkheOGPUeY7nSqmQ,230.20972021453017,© Google,OK,5_4,178544.98515187978,8243982.77614879,d50c5a85a860c7e8d5fbc979395ee3497e35db47,cardinal,4,3,270_deg_west,cardinal,270,0,90,640,640,8,batch_0008,388,datasets/df_2024_uniform/batch_0008/images/d50c5a85a860c7e8d5fbc979395ee3497e35db47.jpg,https://raw.githubusercontent.com/GUIA-DD/dataset-streetview/refs/heads/main/datasets/df_2024_uniform/batch_0008/images/d50c5a85a860c7e8d5fbc979395ee3497e35db47.jpg,True,downloaded,
679cfc54adb9e826b751e28dfb68e7fc2c14d7ca,a61eafc3b407d621613ce40c34ac0c019c06b81c,-15.583671252282077,-47.56353533299681,-15.58367094152826,-47.56356771346427,2025-07,2025,0Oxd2qmBKlgpSn2Tnou72Q,72.57923033356424,© Google,OK,15_10,225083.57379073696,8275462.691116733,75c3bf1a9b49a42b3a26f7763c32098c7adcc513,cardinal,4,0,0_deg_north,cardinal,0,0,90,640,640,8,batch_0008,389,datasets/df_2024_uniform/batch_0008/images/75c3bf1a9b49a42b3a26f7763c32098c7adcc513.jpg,https://raw.githubusercontent.com/GUIA-DD/dataset-streetview/refs/heads/main/datasets/df_2024_uniform/batch_0008/images/75c3bf1a9b49a42b3a26f7763c32098c7adcc513.jpg,True,downloaded,
679cfc54adb9e826b751e28dfb68e7fc2c14d7ca,a61eafc3b407d621613ce40c34ac0c019c06b81c,-15.583671252282077,-47.56353533299681,-15.58367094152826,-47.56356771346427,2025-07,2025,0Oxd2qmBKlgpSn2Tnou72Q,72.57923033356424,© Google,OK,15_10,225083.57379073696,8275462.691116733,41a408b37ba90e77ddef6b4566559c8ad9486355,cardinal,4,1,90_deg_east,cardinal,90,0,90,640,640,8,batch_0008,390,datasets/df_2024_uniform/batch_0008/images/41a408b37ba90e77ddef6b4566559c8ad9486355.jpg,https://raw.githubusercontent.com/GUIA-DD/dataset-streetview/refs/heads/main/datasets/df_2024_uniform/batch_0008/images/41a408b37ba90e77ddef6b4566559c8ad9486355.jpg,True,downloaded,
679cfc54adb9e826b751e28dfb68e7fc2c14d7ca,a61eafc3b407d621613ce40c34ac0c019c06b81c,-15.583671252282077,-47.56353533299681,-15.58367094152826,-47.56356771346427,2025-07,2025,0Oxd2qmBKlgpSn2Tnou72Q,72.57923033356424,© Google,OK,15_10,225083.57379073696,8275462.691116733,c63c4d37593f5367990f154a19530df8f0715180,cardinal,4,2,180_deg_south,cardinal,180,0,90,640,640,8,batch_0008,391,datasets/df_2024_uniform/batch_0008/images/c63c4d37593f5367990f154a19530df8f0715180.jpg,https://raw.githubusercontent.com/GUIA-DD/dataset-streetview/refs/heads/main/datasets/df_2024_uniform/batch_0008/images/c63c4d37593f5367990f154a19530df8f0715180.jpg,True,downloaded,
679cfc54adb9e826b751e28dfb68e7fc2c14d7ca,a61eafc3b407d621613ce40c34ac0c019c06b81c,-15.583671252282077,-47.56353533299681,-15.58367094152826,-47.56356771346427,2025-07,2025,0Oxd2qmBKlgpSn2Tnou72Q,72.57923033356424,© Google,OK,15_10,225083.57379073696,8275462.691116733,d357bfb77a36c8fda67df3a6afeda41432f74ad6,cardinal,4,3,270_deg_west,cardinal,270,0,90,640,640,8,batch_0008,392,datasets/df_2024_uniform/batch_0008/images/d357bfb77a36c8fda67df3a6afeda41432f74ad6.jpg,https://raw.githubusercontent.com/GUIA-DD/dataset-streetview/refs/heads/main/datasets/df_2024_uniform/batch_0008/images/d357bfb77a36c8fda67df3a6afeda41432f74ad6.jpg,True,downloaded,
67ea217e401687fc7ca501442f06fc8046a7fbd0,021e8675173483f3ca4778b501939a45a7c0aa96,-15.79519044987457,-47.51676295269334,-15.79515573601568,-47.51677311057612,2025-07,2025,N9_sogeJF4D9BGeOisQbAw,352.043528321116,© Google,OK,16_5,230380.6305894533,8252106.687085837,4e8f9a8b4d838fc8c7686464aed04e4e29d25cb6,cardinal,4,0,0_deg_north,cardinal,0,0,90,640,640,8,batch_0008,393,datasets/df_2024_uniform/batch_0008/images/4e8f9a8b4d838fc8c7686464aed04e4e29d25cb6.jpg,https://raw.githubusercontent.com/GUIA-DD/dataset-streetview/refs/heads/main/datasets/df_2024_uniform/batch_0008/images/4e8f9a8b4d838fc8c7686464aed04e4e29d25cb6.jpg,True,downloaded,
67ea217e401687fc7ca501442f06fc8046a7fbd0,021e8675173483f3ca4778b501939a45a7c0aa96,-15.79519044987457,-47.51676295269334,-15.79515573601568,-47.51677311057612,2025-07,2025,N9_sogeJF4D9BGeOisQbAw,352.043528321116,© Google,OK,16_5,230380.6305894533,8252106.687085837,06b9dc77b377632cc92060359d83cc88e3374d74,cardinal,4,1,90_deg_east,cardinal,90,0,90,640,640,8,batch_0008,394,datasets/df_2024_uniform/batch_0008/images/06b9dc77b377632cc92060359d83cc88e3374d74.jpg,https://raw.githubusercontent.com/GUIA-DD/dataset-streetview/refs/heads/main/datasets/df_2024_uniform/batch_0008/images/06b9dc77b377632cc92060359d83cc88e3374d74.jpg,True,downloaded,
67ea217e401687fc7ca501442f06fc8046a7fbd0,021e8675173483f3ca4778b501939a45a7c0aa96,-15.79519044987457,-47.51676295269334,-15.79515573601568,-47.51677311057612,2025-07,2025,N9_sogeJF4D9BGeOisQbAw,352.043528321116,© Google,OK,16_5,230380.6305894533,8252106.687085837,e15e9b8ffdf3b16075be04e9bf01b0fa70a7de3f,cardinal,4,2,180_deg_south,cardinal,180,0,90,640,640,8,batch_0008,395,datasets/df_2024_uniform/batch_0008/images/e15e9b8ffdf3b16075be04e9bf01b0fa70a7de3f.jpg,https://raw.githubusercontent.com/GUIA-DD/dataset-streetview/refs/heads/main/datasets/df_2024_uniform/batch_0008/images/e15e9b8ffdf3b16075be04e9bf01b0fa70a7de3f.jpg,True,downloaded,
67ea217e401687fc7ca501442f06fc8046a7fbd0,021e8675173483f3ca4778b501939a45a7c0aa96,-15.79519044987457,-47.51676295269334,-15.79515573601568,-47.51677311057612,2025-07,2025,N9_sogeJF4D9BGeOisQbAw,352.043528321116,© Google,OK,16_5,230380.6305894533,8252106.687085837,01024c84bb120fa21f443815fd8a374e9c4198ea,cardinal,4,3,270_deg_west,cardinal,270,0,90,640,640,8,batch_0008,396,datasets/df_2024_uniform/batch_0008/images/01024c84bb120fa21f443815fd8a374e9c4198ea.jpg,https://raw.githubusercontent.com/GUIA-DD/dataset-streetview/refs/heads/main/datasets/df_2024_uniform/batch_0008/images/01024c84bb120fa21f443815fd8a374e9c4198ea.jpg,True,downloaded,
67ec742d4debe683f74bdd2a95bece976495dff2,4c71f387506c3e654ee34aba37eefcb9674fc129,-15.942295663057209,-48.246443487583456,-15.94226259848466,-48.24646902113363,2025-05,2025,L0cUTwRYAAf5P6vaD2HEFw,292.3146736455483,© Google,OK,0_2,152399.3751412474,8234740.580888142,bb9be8b155d21f1fe9e5a7aaae73a0d0f33dfd72,cardinal,4,0,0_deg_north,cardinal,0,0,90,640,640,8,batch_0008,397,datasets/df_2024_uniform/batch_0008/images/bb9be8b155d21f1fe9e5a7aaae73a0d0f33dfd72.jpg,https://raw.githubusercontent.com/GUIA-DD/dataset-streetview/refs/heads/main/datasets/df_2024_uniform/batch_0008/images/bb9be8b155d21f1fe9e5a7aaae73a0d0f33dfd72.jpg,True,downloaded,
67ec742d4debe683f74bdd2a95bece976495dff2,4c71f387506c3e654ee34aba37eefcb9674fc129,-15.942295663057209,-48.246443487583456,-15.94226259848466,-48.24646902113363,2025-05,2025,L0cUTwRYAAf5P6vaD2HEFw,292.3146736455483,© Google,OK,0_2,152399.3751412474,8234740.580888142,17242c54d087447890cdc80660d173f2f87112c2,cardinal,4,1,90_deg_east,cardinal,90,0,90,640,640,8,batch_0008,398,datasets/df_2024_uniform/batch_0008/images/17242c54d087447890cdc80660d173f2f87112c2.jpg,https://raw.githubusercontent.com/GUIA-DD/dataset-streetview/refs/heads/main/datasets/df_2024_uniform/batch_0008/images/17242c54d087447890cdc80660d173f2f87112c2.jpg,True,downloaded,
67ec742d4debe683f74bdd2a95bece976495dff2,4c71f387506c3e654ee34aba37eefcb9674fc129,-15.942295663057209,-48.246443487583456,-15.94226259848466,-48.24646902113363,2025-05,2025,L0cUTwRYAAf5P6vaD2HEFw,292.3146736455483,© Google,OK,0_2,152399.3751412474,8234740.580888142,ae8939c65c5f4bc626d6a3070d3811e5d25fb495,cardinal,4,2,180_deg_south,cardinal,180,0,90,640,640,8,batch_0008,399,datasets/df_2024_uniform/batch_0008/images/ae8939c65c5f4bc626d6a3070d3811e5d25fb495.jpg,https://raw.githubusercontent.com/GUIA-DD/dataset-streetview/refs/heads/main/datasets/df_2024_uniform/batch_0008/images/ae8939c65c5f4bc626d6a3070d3811e5d25fb495.jpg,True,downloaded,
67ec742d4debe683f74bdd2a95bece976495dff2,4c71f387506c3e654ee34aba37eefcb9674fc129,-15.942295663057209,-48.246443487583456,-15.94226259848466,-48.24646902113363,2025-05,2025,L0cUTwRYAAf5P6vaD2HEFw,292.3146736455483,© Google,OK,0_2,152399.3751412474,8234740.580888142,89154844eeb8f39c75d259f2651ab65172888450,cardinal,4,3,270_deg_west,cardinal,270,0,90,640,640,8,batch_0008,400,datasets/df_2024_uniform/batch_0008/images/89154844eeb8f39c75d259f2651ab65172888450.jpg,https://raw.githubusercontent.com/GUIA-DD/dataset-streetview/refs/heads/main/datasets/df_2024_uniform/batch_0008/images/89154844eeb8f39c75d259f2651ab65172888450.jpg,True,downloaded,
68e11acfaadd79611dca3f79f43abc1309cde97c,fc01ca7073c074a9afdcfa652be7d0c947803f13,-16.006273967364848,-48.00204811514799,-16.00626627982254,-48.00205705189199,2025-01,2025,2KCekVcIPOjCZg7f8KhkGQ,156.8480218111085,© Google,OK,5_1,178690.6610788733,8228048.005961402,90c7a3dd5b5aac0408a35a210fe46d81d1ac6283,cardinal,4,0,0_deg_north,cardinal,0,0,90,640,640,8,batch_0008,401,datasets/df_2024_uniform/batch_0008/images/90c7a3dd5b5aac0408a35a210fe46d81d1ac6283.jpg,https://raw.githubusercontent.com/GUIA-DD/dataset-streetview/refs/heads/main/datasets/df_2024_uniform/batch_0008/images/90c7a3dd5b5aac0408a35a210fe46d81d1ac6283.jpg,True,downloaded,
68e11acfaadd79611dca3f79f43abc1309cde97c,fc01ca7073c074a9afdcfa652be7d0c947803f13,-16.006273967364848,-48.00204811514799,-16.00626627982254,-48.00205705189199,2025-01,2025,2KCekVcIPOjCZg7f8KhkGQ,156.8480218111085,© Google,OK,5_1,178690.6610788733,8228048.005961402,bb623f588b480d8f493fa60cf42e7cc69e21cc68,cardinal,4,1,90_deg_east,cardinal,90,0,90,640,640,8,batch_0008,402,datasets/df_2024_uniform/batch_0008/images/bb623f588b480d8f493fa60cf42e7cc69e21cc68.jpg,https://raw.githubusercontent.com/GUIA-DD/dataset-streetview/refs/heads/main/datasets/df_2024_uniform/batch_0008/images/bb623f588b480d8f493fa60cf42e7cc69e21cc68.jpg,True,downloaded,
68e11acfaadd79611dca3f79f43abc1309cde97c,fc01ca7073c074a9afdcfa652be7d0c947803f13,-16.006273967364848,-48.00204811514799,-16.00626627982254,-48.00205705189199,2025-01,2025,2KCekVcIPOjCZg7f8KhkGQ,156.8480218111085,© Google,OK,5_1,178690.6610788733,8228048.005961402,d8860dbe787acce478f72bdb2974f96f10ef6aa0,cardinal,4,2,180_deg_south,cardinal,180,0,90,640,640,8,batch_0008,403,datasets/df_2024_uniform/batch_0008/images/d8860dbe787acce478f72bdb2974f96f10ef6aa0.jpg,https://raw.githubusercontent.com/GUIA-DD/dataset-streetview/refs/heads/main/datasets/df_2024_uniform/batch_0008/images/d8860dbe787acce478f72bdb2974f96f10ef6aa0.jpg,True,downloaded,
68e11acfaadd79611dca3f79f43abc1309cde97c,fc01ca7073c074a9afdcfa652be7d0c947803f13,-16.006273967364848,-48.00204811514799,-16.00626627982254,-48.00205705189199,2025-01,2025,2KCekVcIPOjCZg7f8KhkGQ,156.8480218111085,© Google,OK,5_1,178690.6610788733,8228048.005961402,3ecc43ecb5faea908e2f9163ac9615d880ebcb63,cardinal,4,3,270_deg_west,cardinal,270,0,90,640,640,8,batch_0008,404,datasets/df_2024_uniform/batch_0008/images/3ecc43ecb5faea908e2f9163ac9615d880ebcb63.jpg,https://raw.githubusercontent.com/GUIA-DD/dataset-streetview/refs/heads/main/datasets/df_2024_uniform/batch_0008/images/3ecc43ecb5faea908e2f9163ac9615d880ebcb63.jpg,True,downloaded,
69c53f4ca39547afc557a25f2acdb7ccf23040b1,a7482cb35e2ce7682bd0ef503dd4e3b304b2aecb,-15.766109200053684,-47.6037810999617,-15.76604163354065,-47.60390639103615,2025-07,2025,Ep_gBNFij35PE0iHgSSStw,244.71528002340312,© Google,OK,14_6,221013.19399911576,8255212.747539379,cf09b1e30cb32851fc93a82846e194dc05b7d555,cardinal,4,0,0_deg_north,cardinal,0,0,90,640,640,8,batch_0008,405,datasets/df_2024_uniform/batch_0008/images/cf09b1e30cb32851fc93a82846e194dc05b7d555.jpg,https://raw.githubusercontent.com/GUIA-DD/dataset-streetview/refs/heads/main/datasets/df_2024_uniform/batch_0008/images/cf09b1e30cb32851fc93a82846e194dc05b7d555.jpg,True,downloaded,
69c53f4ca39547afc557a25f2acdb7ccf23040b1,a7482cb35e2ce7682bd0ef503dd4e3b304b2aecb,-15.766109200053684,-47.6037810999617,-15.76604163354065,-47.60390639103615,2025-07,2025,Ep_gBNFij35PE0iHgSSStw,244.71528002340312,© Google,OK,14_6,221013.19399911576,8255212.747539379,0ee5cf52dff553125bf7ca7434016cd7eccd3d73,cardinal,4,1,90_deg_east,cardinal,90,0,90,640,640,8,batch_0008,406,datasets/df_2024_uniform/batch_0008/images/0ee5cf52dff553125bf7ca7434016cd7eccd3d73.jpg,https://raw.githubusercontent.com/GUIA-DD/dataset-streetview/refs/heads/main/datasets/df_2024_uniform/batch_0008/images/0ee5cf52dff553125bf7ca7434016cd7eccd3d73.jpg,True,downloaded,
69c53f4ca39547afc557a25f2acdb7ccf23040b1,a7482cb35e2ce7682bd0ef503dd4e3b304b2aecb,-15.766109200053684,-47.6037810999617,-15.76604163354065,-47.60390639103615,2025-07,2025,Ep_gBNFij35PE0iHgSSStw,244.71528002340312,© Google,OK,14_6,221013.19399911576,8255212.747539379,f273c2f11495b56f335e970b8942f5c4a0d069f8,cardinal,4,2,180_deg_south,cardinal,180,0,90,640,640,8,batch_0008,407,datasets/df_2024_uniform/batch_0008/images/f273c2f11495b56f335e970b8942f5c4a0d069f8.jpg,https://raw.githubusercontent.com/GUIA-DD/dataset-streetview/refs/heads/main/datasets/df_2024_uniform/batch_0008/images/f273c2f11495b56f335e970b8942f5c4a0d069f8.jpg,True,downloaded,
69c53f4ca39547afc557a25f2acdb7ccf23040b1,a7482cb35e2ce7682bd0ef503dd4e3b304b2aecb,-15.766109200053684,-47.6037810999617,-15.76604163354065,-47.60390639103615,2025-07,2025,Ep_gBNFij35PE0iHgSSStw,244.71528002340312,© Google,OK,14_6,221013.19399911576,8255212.747539379,fc84dc74c2ca1bae6198c787abc1aaa112fd0fc1,cardinal,4,3,270_deg_west,cardinal,270,0,90,640,640,8,batch_0008,408,datasets/df_2024_uniform/batch_0008/images/fc84dc74c2ca1bae6198c787abc1aaa112fd0fc1.jpg,https://raw.githubusercontent.com/GUIA-DD/dataset-streetview/refs/heads/main/datasets/df_2024_uniform/batch_0008/images/fc84dc74c2ca1bae6198c787abc1aaa112fd0fc1.jpg,True,downloaded,
6a81240c90d4c766610da4356527cb6ec701442c,6df9325801dc9bb993b0e07c1ce3541beb4fcee5,-16.049858830734433,-47.81464375627835,-16.04984846592853,-47.81461843422752,2025-07,2025,4ZQ37KAGatVVOny_AbyJMQ,204.87677294022504,© Google,OK,9_0,198828.31154644355,8223503.102388384,e0472809ff4dc01540cf09af012a96a7bb30c47e,cardinal,4,0,0_deg_north,cardinal,0,0,90,640,640,8,batch_0008,409,datasets/df_2024_uniform/batch_0008/images/e0472809ff4dc01540cf09af012a96a7bb30c47e.jpg,https://raw.githubusercontent.com/GUIA-DD/dataset-streetview/refs/heads/main/datasets/df_2024_uniform/batch_0008/images/e0472809ff4dc01540cf09af012a96a7bb30c47e.jpg,True,downloaded,
6a81240c90d4c766610da4356527cb6ec701442c,6df9325801dc9bb993b0e07c1ce3541beb4fcee5,-16.049858830734433,-47.81464375627835,-16.04984846592853,-47.81461843422752,2025-07,2025,4ZQ37KAGatVVOny_AbyJMQ,204.87677294022504,© Google,OK,9_0,198828.31154644355,8223503.102388384,3d40432fd949972654ace2d37ac33bc66d02c644,cardinal,4,1,90_deg_east,cardinal,90,0,90,640,640,8,batch_0008,410,datasets/df_2024_uniform/batch_0008/images/3d40432fd949972654ace2d37ac33bc66d02c644.jpg,https://raw.githubusercontent.com/GUIA-DD/dataset-streetview/refs/heads/main/datasets/df_2024_uniform/batch_0008/images/3d40432fd949972654ace2d37ac33bc66d02c644.jpg,True,downloaded,
6a81240c90d4c766610da4356527cb6ec701442c,6df9325801dc9bb993b0e07c1ce3541beb4fcee5,-16.049858830734433,-47.81464375627835,-16.04984846592853,-47.81461843422752,2025-07,2025,4ZQ37KAGatVVOny_AbyJMQ,204.87677294022504,© Google,OK,9_0,198828.31154644355,8223503.102388384,ddf8953cb15f6faea7b24a326227cb354c31f8af,cardinal,4,2,180_deg_south,cardinal,180,0,90,640,640,8,batch_0008,411,datasets/df_2024_uniform/batch_0008/images/ddf8953cb15f6faea7b24a326227cb354c31f8af.jpg,https://raw.githubusercontent.com/GUIA-DD/dataset-streetview/refs/heads/main/datasets/df_2024_uniform/batch_0008/images/ddf8953cb15f6faea7b24a326227cb354c31f8af.jpg,True,downloaded,
6a81240c90d4c766610da4356527cb6ec701442c,6df9325801dc9bb993b0e07c1ce3541beb4fcee5,-16.049858830734433,-47.81464375627835,-16.04984846592853,-47.81461843422752,2025-07,2025,4ZQ37KAGatVVOny_AbyJMQ,204.87677294022504,© Google,OK,9_0,198828.31154644355,8223503.102388384,bc6d45b8f3f1bf0ae6ec545497b33fc4727d7c78,cardinal,4,3,270_deg_west,cardinal,270,0,90,640,640,8,batch_0008,412,datasets/df_2024_uniform/batch_0008/images/bc6d45b8f3f1bf0ae6ec545497b33fc4727d7c78.jpg,https://raw.githubusercontent.com/GUIA-DD/dataset-streetview/refs/heads/main/datasets/df_2024_uniform/batch_0008/images/bc6d45b8f3f1bf0ae6ec545497b33fc4727d7c78.jpg,True,downloaded,
6a9c1ea7c21dde13dbdfec8cd1828f42705efd73,f11a35757205bab07174c4b836f1974e38fb4f50,-15.959322256882562,-47.474312905893385,-15.95931616215315,-47.47427746460971,2024-09,2024,Q6y1kdAzGo-o04TOsxxfUg,180.4007493206971,© Google,OK,17_2,235145.52543900776,8233991.026618061,3ccae19421781feef68b3de2a2cac3aeb9858b42,cardinal,4,0,0_deg_north,cardinal,0,0,90,640,640,8,batch_0008,413,datasets/df_2024_uniform/batch_0008/images/3ccae19421781feef68b3de2a2cac3aeb9858b42.jpg,https://raw.githubusercontent.com/GUIA-DD/dataset-streetview/refs/heads/main/datasets/df_2024_uniform/batch_0008/images/3ccae19421781feef68b3de2a2cac3aeb9858b42.jpg,True,downloaded,
6a9c1ea7c21dde13dbdfec8cd1828f42705efd73,f11a35757205bab07174c4b836f1974e38fb4f50,-15.959322256882562,-47.474312905893385,-15.95931616215315,-47.47427746460971,2024-09,2024,Q6y1kdAzGo-o04TOsxxfUg,180.4007493206971,© Google,OK,17_2,235145.52543900776,8233991.026618061,12d7f031a2957672d72c9bc2e3d651fa56d639d6,cardinal,4,1,90_deg_east,cardinal,90,0,90,640,640,8,batch_0008,414,datasets/df_2024_uniform/batch_0008/images/12d7f031a2957672d72c9bc2e3d651fa56d639d6.jpg,https://raw.githubusercontent.com/GUIA-DD/dataset-streetview/refs/heads/main/datasets/df_2024_uniform/batch_0008/images/12d7f031a2957672d72c9bc2e3d651fa56d639d6.jpg,True,downloaded,
6a9c1ea7c21dde13dbdfec8cd1828f42705efd73,f11a35757205bab07174c4b836f1974e38fb4f50,-15.959322256882562,-47.474312905893385,-15.95931616215315,-47.47427746460971,2024-09,2024,Q6y1kdAzGo-o04TOsxxfUg,180.4007493206971,© Google,OK,17_2,235145.52543900776,8233991.026618061,1036c420e6cf0f09b909bd984eeeda791f8b2f31,cardinal,4,2,180_deg_south,cardinal,180,0,90,640,640,8,batch_0008,415,datasets/df_2024_uniform/batch_0008/images/1036c420e6cf0f09b909bd984eeeda791f8b2f31.jpg,https://raw.githubusercontent.com/GUIA-DD/dataset-streetview/refs/heads/main/datasets/df_2024_uniform/batch_0008/images/1036c420e6cf0f09b909bd984eeeda791f8b2f31.jpg,True,downloaded,
6a9c1ea7c21dde13dbdfec8cd1828f42705efd73,f11a35757205bab07174c4b836f1974e38fb4f50,-15.959322256882562,-47.474312905893385,-15.95931616215315,-47.47427746460971,2024-09,2024,Q6y1kdAzGo-o04TOsxxfUg,180.4007493206971,© Google,OK,17_2,235145.52543900776,8233991.026618061,e825df643dccd5d6bd40b3e267cfe549a18c5864,cardinal,4,3,270_deg_west,cardinal,270,0,90,640,640,8,batch_0008,416,datasets/df_2024_uniform/batch_0008/images/e825df643dccd5d6bd40b3e267cfe549a18c5864.jpg,https://raw.githubusercontent.com/GUIA-DD/dataset-streetview/refs/heads/main/datasets/df_2024_uniform/batch_0008/images/e825df643dccd5d6bd40b3e267cfe549a18c5864.jpg,True,downloaded,
6bb990f8240b0f6f0f08fd772b0340e58e779cb2,a0f43ea1f8b54058c031026d74fdb39f481109fc,-15.866484169848215,-48.27052065323276,-15.86646655020161,-48.27047677520185,2025-05,2025,nQMbuMNDc1GqcWtSiHFAWg,85.19408130187658,© Google,OK,0_4,149687.51750736067,8243097.699876144,7bd5d8ea3b3599ff22f643141e10c3433b1e576b,cardinal,4,0,0_deg_north,cardinal,0,0,90,640,640,8,batch_0008,417,datasets/df_2024_uniform/batch_0008/images/7bd5d8ea3b3599ff22f643141e10c3433b1e576b.jpg,https://raw.githubusercontent.com/GUIA-DD/dataset-streetview/refs/heads/main/datasets/df_2024_uniform/batch_0008/images/7bd5d8ea3b3599ff22f643141e10c3433b1e576b.jpg,True,downloaded,
6bb990f8240b0f6f0f08fd772b0340e58e779cb2,a0f43ea1f8b54058c031026d74fdb39f481109fc,-15.866484169848215,-48.27052065323276,-15.86646655020161,-48.27047677520185,2025-05,2025,nQMbuMNDc1GqcWtSiHFAWg,85.19408130187658,© Google,OK,0_4,149687.51750736067,8243097.699876144,ebb65f0c00a53d28bfc7bd3338e5feb0b8044e61,cardinal,4,1,90_deg_east,cardinal,90,0,90,640,640,8,batch_0008,418,datasets/df_2024_uniform/batch_0008/images/ebb65f0c00a53d28bfc7bd3338e5feb0b8044e61.jpg,https://raw.githubusercontent.com/GUIA-DD/dataset-streetview/refs/heads/main/datasets/df_2024_uniform/batch_0008/images/ebb65f0c00a53d28bfc7bd3338e5feb0b8044e61.jpg,True,downloaded,
6bb990f8240b0f6f0f08fd772b0340e58e779cb2,a0f43ea1f8b54058c031026d74fdb39f481109fc,-15.866484169848215,-48.27052065323276,-15.86646655020161,-48.27047677520185,2025-05,2025,nQMbuMNDc1GqcWtSiHFAWg,85.19408130187658,© Google,OK,0_4,149687.51750736067,8243097.699876144,4e2728b0a50fe3f3f69a7635687e19c555b8ff8d,cardinal,4,2,180_deg_south,cardinal,180,0,90,640,640,8,batch_0008,419,datasets/df_2024_uniform/batch_0008/images/4e2728b0a50fe3f3f69a7635687e19c555b8ff8d.jpg,https://raw.githubusercontent.com/GUIA-DD/dataset-streetview/refs/heads/main/datasets/df_2024_uniform/batch_0008/images/4e2728b0a50fe3f3f69a7635687e19c555b8ff8d.jpg,True,downloaded,
6bb990f8240b0f6f0f08fd772b0340e58e779cb2,a0f43ea1f8b54058c031026d74fdb39f481109fc,-15.866484169848215,-48.27052065323276,-15.86646655020161,-48.27047677520185,2025-05,2025,nQMbuMNDc1GqcWtSiHFAWg,85.19408130187658,© Google,OK,0_4,149687.51750736067,8243097.699876144,08af33b900cc598e4159e6d870a9927ba2469a08,cardinal,4,3,270_deg_west,cardinal,270,0,90,640,640,8,batch_0008,420,datasets/df_2024_uniform/batch_0008/images/08af33b900cc598e4159e6d870a9927ba2469a08.jpg,https://raw.githubusercontent.com/GUIA-DD/dataset-streetview/refs/heads/main/datasets/df_2024_uniform/batch_0008/images/08af33b900cc598e4159e6d870a9927ba2469a08.jpg,True,downloaded,
6bd71da0a9d700c62c3abef3381d8a2033124002,8851641047610de8053e5b3b229526a5c254927a,-15.926958689776155,-48.16707607013487,-15.926959798546,-48.16704774177656,2025-07,2025,TLGHh3v2dp20jjyIwRg5tA,4.697335367885713,© Google,OK,2_2,160879.03172638972,8236570.171157416,ad654f873c348674046ccfb70141db5f3cac9aa6,cardinal,4,0,0_deg_north,cardinal,0,0,90,640,640,8,batch_0008,421,datasets/df_2024_uniform/batch_0008/images/ad654f873c348674046ccfb70141db5f3cac9aa6.jpg,https://raw.githubusercontent.com/GUIA-DD/dataset-streetview/refs/heads/main/datasets/df_2024_uniform/batch_0008/images/ad654f873c348674046ccfb70141db5f3cac9aa6.jpg,True,downloaded,
6bd71da0a9d700c62c3abef3381d8a2033124002,8851641047610de8053e5b3b229526a5c254927a,-15.926958689776155,-48.16707607013487,-15.926959798546,-48.16704774177656,2025-07,2025,TLGHh3v2dp20jjyIwRg5tA,4.697335367885713,© Google,OK,2_2,160879.03172638972,8236570.171157416,69012e065176bc0caf9bd77b8fb65f682cbeb82a,cardinal,4,1,90_deg_east,cardinal,90,0,90,640,640,8,batch_0008,422,datasets/df_2024_uniform/batch_0008/images/69012e065176bc0caf9bd77b8fb65f682cbeb82a.jpg,https://raw.githubusercontent.com/GUIA-DD/dataset-streetview/refs/heads/main/datasets/df_2024_uniform/batch_0008/images/69012e065176bc0caf9bd77b8fb65f682cbeb82a.jpg,True,downloaded,
6bd71da0a9d700c62c3abef3381d8a2033124002,8851641047610de8053e5b3b229526a5c254927a,-15.926958689776155,-48.16707607013487,-15.926959798546,-48.16704774177656,2025-07,2025,TLGHh3v2dp20jjyIwRg5tA,4.697335367885713,© Google,OK,2_2,160879.03172638972,8236570.171157416,d71452ea4391f7cd604b33dff63ea6638fe5a3f3,cardinal,4,2,180_deg_south,cardinal,180,0,90,640,640,8,batch_0008,423,datasets/df_2024_uniform/batch_0008/images/d71452ea4391f7cd604b33dff63ea6638fe5a3f3.jpg,https://raw.githubusercontent.com/GUIA-DD/dataset-streetview/refs/heads/main/datasets/df_2024_uniform/batch_0008/images/d71452ea4391f7cd604b33dff63ea6638fe5a3f3.jpg,True,downloaded,
6bd71da0a9d700c62c3abef3381d8a2033124002,8851641047610de8053e5b3b229526a5c254927a,-15.926958689776155,-48.16707607013487,-15.926959798546,-48.16704774177656,2025-07,2025,TLGHh3v2dp20jjyIwRg5tA,4.697335367885713,© Google,OK,2_2,160879.03172638972,8236570.171157416,101dad98780b6813647a010f6c50fd520776ed4c,cardinal,4,3,270_deg_west,cardinal,270,0,90,640,640,8,batch_0008,424,datasets/df_2024_uniform/batch_0008/images/101dad98780b6813647a010f6c50fd520776ed4c.jpg,https://raw.githubusercontent.com/GUIA-DD/dataset-streetview/refs/heads/main/datasets/df_2024_uniform/batch_0008/images/101dad98780b6813647a010f6c50fd520776ed4c.jpg,True,downloaded,
6c28db2ad9688b5c4a8d838e325974bbcdbbdd71,933a001cc476b1165251c93d1daa0cbd7963c735,-15.852028917136495,-48.09806297892308,-15.85197798090478,-48.09805891969878,2025-01,2025,uQpde4AZtTn4SMCpCLEp2Q,346.31351095131146,© Google,OK,3_4,168152.00392551176,8244979.853536183,b96e41dd4d6b1e823113c5a580a2d7e6063e3162,cardinal,4,0,0_deg_north,cardinal,0,0,90,640,640,8,batch_0008,425,datasets/df_2024_uniform/batch_0008/images/b96e41dd4d6b1e823113c5a580a2d7e6063e3162.jpg,https://raw.githubusercontent.com/GUIA-DD/dataset-streetview/refs/heads/main/datasets/df_2024_uniform/batch_0008/images/b96e41dd4d6b1e823113c5a580a2d7e6063e3162.jpg,True,downloaded,
6c28db2ad9688b5c4a8d838e325974bbcdbbdd71,933a001cc476b1165251c93d1daa0cbd7963c735,-15.852028917136495,-48.09806297892308,-15.85197798090478,-48.09805891969878,2025-01,2025,uQpde4AZtTn4SMCpCLEp2Q,346.31351095131146,© Google,OK,3_4,168152.00392551176,8244979.853536183,0ce45b8a27f1e1a8094ee88597de252dbac7e379,cardinal,4,1,90_deg_east,cardinal,90,0,90,640,640,8,batch_0008,426,datasets/df_2024_uniform/batch_0008/images/0ce45b8a27f1e1a8094ee88597de252dbac7e379.jpg,https://raw.githubusercontent.com/GUIA-DD/dataset-streetview/refs/heads/main/datasets/df_2024_uniform/batch_0008/images/0ce45b8a27f1e1a8094ee88597de252dbac7e379.jpg,True,downloaded,
6c28db2ad9688b5c4a8d838e325974bbcdbbdd71,933a001cc476b1165251c93d1daa0cbd7963c735,-15.852028917136495,-48.09806297892308,-15.85197798090478,-48.09805891969878,2025-01,2025,uQpde4AZtTn4SMCpCLEp2Q,346.31351095131146,© Google,OK,3_4,168152.00392551176,8244979.853536183,ac5907fb1e891a5cb1f4444666e3c767ec3e7602,cardinal,4,2,180_deg_south,cardinal,180,0,90,640,640,8,batch_0008,427,datasets/df_2024_uniform/batch_0008/images/ac5907fb1e891a5cb1f4444666e3c767ec3e7602.jpg,https://raw.githubusercontent.com/GUIA-DD/dataset-streetview/refs/heads/main/datasets/df_2024_uniform/batch_0008/images/ac5907fb1e891a5cb1f4444666e3c767ec3e7602.jpg,True,downloaded,
6c28db2ad9688b5c4a8d838e325974bbcdbbdd71,933a001cc476b1165251c93d1daa0cbd7963c735,-15.852028917136495,-48.09806297892308,-15.85197798090478,-48.09805891969878,2025-01,2025,uQpde4AZtTn4SMCpCLEp2Q,346.31351095131146,© Google,OK,3_4,168152.00392551176,8244979.853536183,f1cfc5a237d3dc8863f7ae27326e465e28cef161,cardinal,4,3,270_deg_west,cardinal,270,0,90,640,640,8,batch_0008,428,datasets/df_2024_uniform/batch_0008/images/f1cfc5a237d3dc8863f7ae27326e465e28cef161.jpg,https://raw.githubusercontent.com/GUIA-DD/dataset-streetview/refs/heads/main/datasets/df_2024_uniform/batch_0008/images/f1cfc5a237d3dc8863f7ae27326e465e28cef161.jpg,True,downloaded,
6c3117b051c28596ea974c60783d4ee3dc489a37,658a51085d0890900b9858ff642df458265174f4,-15.958930200000925,-48.03083495000377,-15.95888569879494,-48.03085848750689,2025-05,2025,QNkbSl7_ksD_URLNCQWQnA,139.42915253979444,© Google,OK,5_2,175530.72136114008,8233246.359278311,17d7e303d8e392c21572ee110c68390fc64396ef,cardinal,4,0,0_deg_north,cardinal,0,0,90,640,640,8,batch_0008,429,datasets/df_2024_uniform/batch_0008/images/17d7e303d8e392c21572ee110c68390fc64396ef.jpg,https://raw.githubusercontent.com/GUIA-DD/dataset-streetview/refs/heads/main/datasets/df_2024_uniform/batch_0008/images/17d7e303d8e392c21572ee110c68390fc64396ef.jpg,True,downloaded,
6c3117b051c28596ea974c60783d4ee3dc489a37,658a51085d0890900b9858ff642df458265174f4,-15.958930200000925,-48.03083495000377,-15.95888569879494,-48.03085848750689,2025-05,2025,QNkbSl7_ksD_URLNCQWQnA,139.42915253979444,© Google,OK,5_2,175530.72136114008,8233246.359278311,5b3a481d1bfde8ff33dcfa07ab6173d75b896952,cardinal,4,1,90_deg_east,cardinal,90,0,90,640,640,8,batch_0008,430,datasets/df_2024_uniform/batch_0008/images/5b3a481d1bfde8ff33dcfa07ab6173d75b896952.jpg,https://raw.githubusercontent.com/GUIA-DD/dataset-streetview/refs/heads/main/datasets/df_2024_uniform/batch_0008/images/5b3a481d1bfde8ff33dcfa07ab6173d75b896952.jpg,True,downloaded,
6c3117b051c28596ea974c60783d4ee3dc489a37,658a51085d0890900b9858ff642df458265174f4,-15.958930200000925,-48.03083495000377,-15.95888569879494,-48.03085848750689,2025-05,2025,QNkbSl7_ksD_URLNCQWQnA,139.42915253979444,© Google,OK,5_2,175530.72136114008,8233246.359278311,be9426cbb2e106ca872fe50f203f888c91692748,cardinal,4,2,180_deg_south,cardinal,180,0,90,640,640,8,batch_0008,431,datasets/df_2024_uniform/batch_0008/images/be9426cbb2e106ca872fe50f203f888c91692748.jpg,https://raw.githubusercontent.com/GUIA-DD/dataset-streetview/refs/heads/main/datasets/df_2024_uniform/batch_0008/images/be9426cbb2e106ca872fe50f203f888c91692748.jpg,True,downloaded,
6c3117b051c28596ea974c60783d4ee3dc489a37,658a51085d0890900b9858ff642df458265174f4,-15.958930200000925,-48.03083495000377,-15.95888569879494,-48.03085848750689,2025-05,2025,QNkbSl7_ksD_URLNCQWQnA,139.42915253979444,© Google,OK,5_2,175530.72136114008,8233246.359278311,eccef5c12f002a709ae0f28c20d93b7943d7a71f,cardinal,4,3,270_deg_west,cardinal,270,0,90,640,640,8,batch_0008,432,datasets/df_2024_uniform/batch_0008/images/eccef5c12f002a709ae0f28c20d93b7943d7a71f.jpg,https://raw.githubusercontent.com/GUIA-DD/dataset-streetview/refs/heads/main/datasets/df_2024_uniform/batch_0008/images/eccef5c12f002a709ae0f28c20d93b7943d7a71f.jpg,True,downloaded,
6c6964ece31ecb71b0e9add9b791459adbd2aed2,7cfbcc7991dbc9c625f79f7ac31c047d606887cc,-15.770986250105665,-47.77733140001654,-15.77097007872431,-47.77729873378399,2024-06,2024,iO50jk8_YdUHoxgOG679EQ,88.84368643536526,© Google,OK,10_6,202412.84043787164,8254435.146438286,27c6f7c380e42b15bcfcb3f010aae5df73f1d7a5,cardinal,4,0,0_deg_north,cardinal,0,0,90,640,640,8,batch_0008,433,datasets/df_2024_uniform/batch_0008/images/27c6f7c380e42b15bcfcb3f010aae5df73f1d7a5.jpg,https://raw.githubusercontent.com/GUIA-DD/dataset-streetview/refs/heads/main/datasets/df_2024_uniform/batch_0008/images/27c6f7c380e42b15bcfcb3f010aae5df73f1d7a5.jpg,True,downloaded,
6c6964ece31ecb71b0e9add9b791459adbd2aed2,7cfbcc7991dbc9c625f79f7ac31c047d606887cc,-15.770986250105665,-47.77733140001654,-15.77097007872431,-47.77729873378399,2024-06,2024,iO50jk8_YdUHoxgOG679EQ,88.84368643536526,© Google,OK,10_6,202412.84043787164,8254435.146438286,e8fdcf30e9fa1436ecf64db6e5a13aa556d2c27f,cardinal,4,1,90_deg_east,cardinal,90,0,90,640,640,8,batch_0008,434,datasets/df_2024_uniform/batch_0008/images/e8fdcf30e9fa1436ecf64db6e5a13aa556d2c27f.jpg,https://raw.githubusercontent.com/GUIA-DD/dataset-streetview/refs/heads/main/datasets/df_2024_uniform/batch_0008/images/e8fdcf30e9fa1436ecf64db6e5a13aa556d2c27f.jpg,True,downloaded,
6c6964ece31ecb71b0e9add9b791459adbd2aed2,7cfbcc7991dbc9c625f79f7ac31c047d606887cc,-15.770986250105665,-47.77733140001654,-15.77097007872431,-47.77729873378399,2024-06,2024,iO50jk8_YdUHoxgOG679EQ,88.84368643536526,© Google,OK,10_6,202412.84043787164,8254435.146438286,e910e5ea8acc7179b2fca10bff021692c6cf6e6d,cardinal,4,2,180_deg_south,cardinal,180,0,90,640,640,8,batch_0008,435,datasets/df_2024_uniform/batch_0008/images/e910e5ea8acc7179b2fca10bff021692c6cf6e6d.jpg,https://raw.githubusercontent.com/GUIA-DD/dataset-streetview/refs/heads/main/datasets/df_2024_uniform/batch_0008/images/e910e5ea8acc7179b2fca10bff021692c6cf6e6d.jpg,True,downloaded,
6c6964ece31ecb71b0e9add9b791459adbd2aed2,7cfbcc7991dbc9c625f79f7ac31c047d606887cc,-15.770986250105665,-47.77733140001654,-15.77097007872431,-47.77729873378399,2024-06,2024,iO50jk8_YdUHoxgOG679EQ,88.84368643536526,© Google,OK,10_6,202412.84043787164,8254435.146438286,aab9d7e62daa0061d391c37bdb15320944dfca59,cardinal,4,3,270_deg_west,cardinal,270,0,90,640,640,8,batch_0008,436,datasets/df_2024_uniform/batch_0008/images/aab9d7e62daa0061d391c37bdb15320944dfca59.jpg,https://raw.githubusercontent.com/GUIA-DD/dataset-streetview/refs/heads/main/datasets/df_2024_uniform/batch_0008/images/aab9d7e62daa0061d391c37bdb15320944dfca59.jpg,True,downloaded,
6cc479b2c56ac9bc515c4aebcff9be3ae5394e9b,2655e5c9ec9af05e7816d110c4764800fe64ea80,-15.959656312025023,-47.55360039949738,-15.95964115920855,-47.55359373134211,2024-09,2024,FVQb436L0BLNl9l4Kzykig,264.87321009921874,© Google,OK,15_2,226654.18713377925,8233851.530895743,767c66379767a5b6fd61bed40eaafad86eb66131,cardinal,4,0,0_deg_north,cardinal,0,0,90,640,640,8,batch_0008,437,datasets/df_2024_uniform/batch_0008/images/767c66379767a5b6fd61bed40eaafad86eb66131.jpg,https://raw.githubusercontent.com/GUIA-DD/dataset-streetview/refs/heads/main/datasets/df_2024_uniform/batch_0008/images/767c66379767a5b6fd61bed40eaafad86eb66131.jpg,True,downloaded,
6cc479b2c56ac9bc515c4aebcff9be3ae5394e9b,2655e5c9ec9af05e7816d110c4764800fe64ea80,-15.959656312025023,-47.55360039949738,-15.95964115920855,-47.55359373134211,2024-09,2024,FVQb436L0BLNl9l4Kzykig,264.87321009921874,© Google,OK,15_2,226654.18713377925,8233851.530895743,82125367ae901e75861979b8a2940fb9053357d1,cardinal,4,1,90_deg_east,cardinal,90,0,90,640,640,8,batch_0008,438,datasets/df_2024_uniform/batch_0008/images/82125367ae901e75861979b8a2940fb9053357d1.jpg,https://raw.githubusercontent.com/GUIA-DD/dataset-streetview/refs/heads/main/datasets/df_2024_uniform/batch_0008/images/82125367ae901e75861979b8a2940fb9053357d1.jpg,True,downloaded,
6cc479b2c56ac9bc515c4aebcff9be3ae5394e9b,2655e5c9ec9af05e7816d110c4764800fe64ea80,-15.959656312025023,-47.55360039949738,-15.95964115920855,-47.55359373134211,2024-09,2024,FVQb436L0BLNl9l4Kzykig,264.87321009921874,© Google,OK,15_2,226654.18713377925,8233851.530895743,0c0a92cca3a38ad0decf503c8b2c6cb3d07d8a1a,cardinal,4,2,180_deg_south,cardinal,180,0,90,640,640,8,batch_0008,439,datasets/df_2024_uniform/batch_0008/images/0c0a92cca3a38ad0decf503c8b2c6cb3d07d8a1a.jpg,https://raw.githubusercontent.com/GUIA-DD/dataset-streetview/refs/heads/main/datasets/df_2024_uniform/batch_0008/images/0c0a92cca3a38ad0decf503c8b2c6cb3d07d8a1a.jpg,True,downloaded,
6cc479b2c56ac9bc515c4aebcff9be3ae5394e9b,2655e5c9ec9af05e7816d110c4764800fe64ea80,-15.959656312025023,-47.55360039949738,-15.95964115920855,-47.55359373134211,2024-09,2024,FVQb436L0BLNl9l4Kzykig,264.87321009921874,© Google,OK,15_2,226654.18713377925,8233851.530895743,22bafa59a2590e52056b508d0af4990f237ff9c7,cardinal,4,3,270_deg_west,cardinal,270,0,90,640,640,8,batch_0008,440,datasets/df_2024_uniform/batch_0008/images/22bafa59a2590e52056b508d0af4990f237ff9c7.jpg,https://raw.githubusercontent.com/GUIA-DD/dataset-streetview/refs/heads/main/datasets/df_2024_uniform/batch_0008/images/22bafa59a2590e52056b508d0af4990f237ff9c7.jpg,True,downloaded,
714b7ceaa66ca086132487cdf21869271015ea97,e4425f7e5e99e1b56bedb1d29d1e1fa5c07731cd,-16.04978373724958,-47.61758777083696,-16.04975582776461,-47.61759709005098,2024-09,2024,FNM1ODpyxv9aXmp02jneYg,160.8426957958488,© Google,OK,14_0,219926.5215891655,8223788.148160696,586194540daae9775e8875e45f9a0e370dd17bc5,cardinal,4,0,0_deg_north,cardinal,0,0,90,640,640,8,batch_0008,441,datasets/df_2024_uniform/batch_0008/images/586194540daae9775e8875e45f9a0e370dd17bc5.jpg,https://raw.githubusercontent.com/GUIA-DD/dataset-streetview/refs/heads/main/datasets/df_2024_uniform/batch_0008/images/586194540daae9775e8875e45f9a0e370dd17bc5.jpg,True,downloaded,
714b7ceaa66ca086132487cdf21869271015ea97,e4425f7e5e99e1b56bedb1d29d1e1fa5c07731cd,-16.04978373724958,-47.61758777083696,-16.04975582776461,-47.61759709005098,2024-09,2024,FNM1ODpyxv9aXmp02jneYg,160.8426957958488,© Google,OK,14_0,219926.5215891655,8223788.148160696,74e6d61a7c9751c163dde29a81ff0bb1a4d9ccfe,cardinal,4,1,90_deg_east,cardinal,90,0,90,640,640,8,batch_0008,442,datasets/df_2024_uniform/batch_0008/images/74e6d61a7c9751c163dde29a81ff0bb1a4d9ccfe.jpg,https://raw.githubusercontent.com/GUIA-DD/dataset-streetview/refs/heads/main/datasets/df_2024_uniform/batch_0008/images/74e6d61a7c9751c163dde29a81ff0bb1a4d9ccfe.jpg,True,downloaded,
714b7ceaa66ca086132487cdf21869271015ea97,e4425f7e5e99e1b56bedb1d29d1e1fa5c07731cd,-16.04978373724958,-47.61758777083696,-16.04975582776461,-47.61759709005098,2024-09,2024,FNM1ODpyxv9aXmp02jneYg,160.8426957958488,© Google,OK,14_0,219926.5215891655,8223788.148160696,0274316877e141f095e6dffd161876f9480987b0,cardinal,4,2,180_deg_south,cardinal,180,0,90,640,640,8,batch_0008,443,datasets/df_2024_uniform/batch_0008/images/0274316877e141f095e6dffd161876f9480987b0.jpg,https://raw.githubusercontent.com/GUIA-DD/dataset-streetview/refs/heads/main/datasets/df_2024_uniform/batch_0008/images/0274316877e141f095e6dffd161876f9480987b0.jpg,True,downloaded,
714b7ceaa66ca086132487cdf21869271015ea97,e4425f7e5e99e1b56bedb1d29d1e1fa5c07731cd,-16.04978373724958,-47.61758777083696,-16.04975582776461,-47.61759709005098,2024-09,2024,FNM1ODpyxv9aXmp02jneYg,160.8426957958488,© Google,OK,14_0,219926.5215891655,8223788.148160696,b73b5fbc12a32af71c1cf68e9dfc0bdeb6617f0b,cardinal,4,3,270_deg_west,cardinal,270,0,90,640,640,8,batch_0008,444,datasets/df_2024_uniform/batch_0008/images/b73b5fbc12a32af71c1cf68e9dfc0bdeb6617f0b.jpg,https://raw.githubusercontent.com/GUIA-DD/dataset-streetview/refs/heads/main/datasets/df_2024_uniform/batch_0008/images/b73b5fbc12a32af71c1cf68e9dfc0bdeb6617f0b.jpg,True,downloaded,
726a5fc392b12fcedcf3231f35cd667062348bc1,a5984a8a1e3ed47afeca957e3a5ac50370726984,-15.853834550011674,-47.82736030010005,-15.85381740382189,-47.82738517308829,2024-12,2024,T5ZUtq3HYwU2XnfWXMYV9g,331.91091335095587,© Google,OK,9_4,197172.0661896773,8245190.149045047,ffe2174bff4da24f3f47864e9cac15aaf048439a,cardinal,4,0,0_deg_north,cardinal,0,0,90,640,640,8,batch_0008,445,datasets/df_2024_uniform/batch_0008/images/ffe2174bff4da24f3f47864e9cac15aaf048439a.jpg,https://raw.githubusercontent.com/GUIA-DD/dataset-streetview/refs/heads/main/datasets/df_2024_uniform/batch_0008/images/ffe2174bff4da24f3f47864e9cac15aaf048439a.jpg,True,downloaded,
726a5fc392b12fcedcf3231f35cd667062348bc1,a5984a8a1e3ed47afeca957e3a5ac50370726984,-15.853834550011674,-47.82736030010005,-15.85381740382189,-47.82738517308829,2024-12,2024,T5ZUtq3HYwU2XnfWXMYV9g,331.91091335095587,© Google,OK,9_4,197172.0661896773,8245190.149045047,a4c26e657dd82e73490fe7256dc7c8ceed871fb2,cardinal,4,1,90_deg_east,cardinal,90,0,90,640,640,8,batch_0008,446,datasets/df_2024_uniform/batch_0008/images/a4c26e657dd82e73490fe7256dc7c8ceed871fb2.jpg,https://raw.githubusercontent.com/GUIA-DD/dataset-streetview/refs/heads/main/datasets/df_2024_uniform/batch_0008/images/a4c26e657dd82e73490fe7256dc7c8ceed871fb2.jpg,True,downloaded,
726a5fc392b12fcedcf3231f35cd667062348bc1,a5984a8a1e3ed47afeca957e3a5ac50370726984,-15.853834550011674,-47.82736030010005,-15.85381740382189,-47.82738517308829,2024-12,2024,T5ZUtq3HYwU2XnfWXMYV9g,331.91091335095587,© Google,OK,9_4,197172.0661896773,8245190.149045047,5a16699cc2b033b639e9b59a5b3b5b768a2d5877,cardinal,4,2,180_deg_south,cardinal,180,0,90,640,640,8,batch_0008,447,datasets/df_2024_uniform/batch_0008/images/5a16699cc2b033b639e9b59a5b3b5b768a2d5877.jpg,https://raw.githubusercontent.com/GUIA-DD/dataset-streetview/refs/heads/main/datasets/df_2024_uniform/batch_0008/images/5a16699cc2b033b639e9b59a5b3b5b768a2d5877.jpg,True,downloaded,
726a5fc392b12fcedcf3231f35cd667062348bc1,a5984a8a1e3ed47afeca957e3a5ac50370726984,-15.853834550011674,-47.82736030010005,-15.85381740382189,-47.82738517308829,2024-12,2024,T5ZUtq3HYwU2XnfWXMYV9g,331.91091335095587,© Google,OK,9_4,197172.0661896773,8245190.149045047,26a96cf1494d86f5b427fcca28860acafafa93ff,cardinal,4,3,270_deg_west,cardinal,270,0,90,640,640,8,batch_0008,448,datasets/df_2024_uniform/batch_0008/images/26a96cf1494d86f5b427fcca28860acafafa93ff.jpg,https://raw.githubusercontent.com/GUIA-DD/dataset-streetview/refs/heads/main/datasets/df_2024_uniform/batch_0008/images/26a96cf1494d86f5b427fcca28860acafafa93ff.jpg,True,downloaded,
7312c9787a5c463753440812c7b391c24b9fafc3,ecd54260c1969ecec997f835ac9b266fadcfe8e8,-15.78769884461722,-47.51781154754104,-15.78770958461153,-47.51776885322275,2025-07,2025,KWAA7N-oxrE4qjm92LfC7Q,352.3250615282028,© Google,OK,16_6,230258.3086683229,8252934.692304139,d1245ab7ff842c69cf29d7e0390cb8cab038e079,cardinal,4,0,0_deg_north,cardinal,0,0,90,640,640,8,batch_0008,449,datasets/df_2024_uniform/batch_0008/images/d1245ab7ff842c69cf29d7e0390cb8cab038e079.jpg,https://raw.githubusercontent.com/GUIA-DD/dataset-streetview/refs/heads/main/datasets/df_2024_uniform/batch_0008/images/d1245ab7ff842c69cf29d7e0390cb8cab038e079.jpg,True,downloaded,
7312c9787a5c463753440812c7b391c24b9fafc3,ecd54260c1969ecec997f835ac9b266fadcfe8e8,-15.78769884461722,-47.51781154754104,-15.78770958461153,-47.51776885322275,2025-07,2025,KWAA7N-oxrE4qjm92LfC7Q,352.3250615282028,© Google,OK,16_6,230258.3086683229,8252934.692304139,e9389d238609dc9672e0285909a6d84f0b7dcf16,cardinal,4,1,90_deg_east,cardinal,90,0,90,640,640,8,batch_0008,450,datasets/df_2024_uniform/batch_0008/images/e9389d238609dc9672e0285909a6d84f0b7dcf16.jpg,https://raw.githubusercontent.com/GUIA-DD/dataset-streetview/refs/heads/main/datasets/df_2024_uniform/batch_0008/images/e9389d238609dc9672e0285909a6d84f0b7dcf16.jpg,True,downloaded,
7312c9787a5c463753440812c7b391c24b9fafc3,ecd54260c1969ecec997f835ac9b266fadcfe8e8,-15.78769884461722,-47.51781154754104,-15.78770958461153,-47.51776885322275,2025-07,2025,KWAA7N-oxrE4qjm92LfC7Q,352.3250615282028,© Google,OK,16_6,230258.3086683229,8252934.692304139,f1ac06cc87dc5d2d53256a6db02a7773955a1bce,cardinal,4,2,180_deg_south,cardinal,180,0,90,640,640,8,batch_0008,451,datasets/df_2024_uniform/batch_0008/images/f1ac06cc87dc5d2d53256a6db02a7773955a1bce.jpg,https://raw.githubusercontent.com/GUIA-DD/dataset-streetview/refs/heads/main/datasets/df_2024_uniform/batch_0008/images/f1ac06cc87dc5d2d53256a6db02a7773955a1bce.jpg,True,downloaded,
7312c9787a5c463753440812c7b391c24b9fafc3,ecd54260c1969ecec997f835ac9b266fadcfe8e8,-15.78769884461722,-47.51781154754104,-15.78770958461153,-47.51776885322275,2025-07,2025,KWAA7N-oxrE4qjm92LfC7Q,352.3250615282028,© Google,OK,16_6,230258.3086683229,8252934.692304139,118124bf4a2f1e691237d5b671e4068c4d8998fe,cardinal,4,3,270_deg_west,cardinal,270,0,90,640,640,8,batch_0008,452,datasets/df_2024_uniform/batch_0008/images/118124bf4a2f1e691237d5b671e4068c4d8998fe.jpg,https://raw.githubusercontent.com/GUIA-DD/dataset-streetview/refs/heads/main/datasets/df_2024_uniform/batch_0008/images/118124bf4a2f1e691237d5b671e4068c4d8998fe.jpg,True,downloaded,
73355e274d51f3a37f04190e8e0a7ec70d22c4d7,5132351a64077438ff2af0f9c4e4f4def53a4da8,-15.916927853710106,-47.75881467929142,-15.91690965064383,-47.75884836432714,2025-01,2025,JmyqH-pKQxY8X28htFpAFw,143.98312111576618,© Google,OK,11_3,204610.7949620948,8238302.180076034,5ab4f2c15c41edb8c949b3d654d4a2aaaba6daf6,cardinal,4,0,0_deg_north,cardinal,0,0,90,640,640,8,batch_0008,453,datasets/df_2024_uniform/batch_0008/images/5ab4f2c15c41edb8c949b3d654d4a2aaaba6daf6.jpg,https://raw.githubusercontent.com/GUIA-DD/dataset-streetview/refs/heads/main/datasets/df_2024_uniform/batch_0008/images/5ab4f2c15c41edb8c949b3d654d4a2aaaba6daf6.jpg,True,downloaded,
73355e274d51f3a37f04190e8e0a7ec70d22c4d7,5132351a64077438ff2af0f9c4e4f4def53a4da8,-15.916927853710106,-47.75881467929142,-15.91690965064383,-47.75884836432714,2025-01,2025,JmyqH-pKQxY8X28htFpAFw,143.98312111576618,© Google,OK,11_3,204610.7949620948,8238302.180076034,a1f06071bc1a57d3a14f00a7246fc22ac84a6715,cardinal,4,1,90_deg_east,cardinal,90,0,90,640,640,8,batch_0008,454,datasets/df_2024_uniform/batch_0008/images/a1f06071bc1a57d3a14f00a7246fc22ac84a6715.jpg,https://raw.githubusercontent.com/GUIA-DD/dataset-streetview/refs/heads/main/datasets/df_2024_uniform/batch_0008/images/a1f06071bc1a57d3a14f00a7246fc22ac84a6715.jpg,True,downloaded,
73355e274d51f3a37f04190e8e0a7ec70d22c4d7,5132351a64077438ff2af0f9c4e4f4def53a4da8,-15.916927853710106,-47.75881467929142,-15.91690965064383,-47.75884836432714,2025-01,2025,JmyqH-pKQxY8X28htFpAFw,143.98312111576618,© Google,OK,11_3,204610.7949620948,8238302.180076034,d1296a50a2613a8a479924de4c12e8c3ace65947,cardinal,4,2,180_deg_south,cardinal,180,0,90,640,640,8,batch_0008,455,datasets/df_2024_uniform/batch_0008/images/d1296a50a2613a8a479924de4c12e8c3ace65947.jpg,https://raw.githubusercontent.com/GUIA-DD/dataset-streetview/refs/heads/main/datasets/df_2024_uniform/batch_0008/images/d1296a50a2613a8a479924de4c12e8c3ace65947.jpg,True,downloaded,
73355e274d51f3a37f04190e8e0a7ec70d22c4d7,5132351a64077438ff2af0f9c4e4f4def53a4da8,-15.916927853710106,-47.75881467929142,-15.91690965064383,-47.75884836432714,2025-01,2025,JmyqH-pKQxY8X28htFpAFw,143.98312111576618,© Google,OK,11_3,204610.7949620948,8238302.180076034,54f345e3b8eca43ed66e71cf8f5f5e4690608997,cardinal,4,3,270_deg_west,cardinal,270,0,90,640,640,8,batch_0008,456,datasets/df_2024_uniform/batch_0008/images/54f345e3b8eca43ed66e71cf8f5f5e4690608997.jpg,https://raw.githubusercontent.com/GUIA-DD/dataset-streetview/refs/heads/main/datasets/df_2024_uniform/batch_0008/images/54f345e3b8eca43ed66e71cf8f5f5e4690608997.jpg,True,downloaded,
756fba687840b668ef5227569d4d685c4db635ea,1894e519d0ff03fdff46e021bd779a508205fa15,-16.026043450001048,-47.3800087500005,-16.02602798237742,-47.38004643694708,2024-10,2024,X76W7zvzu5TEqcdaof-iAQ,97.89817677895527,© Google,OK,19_0,245329.63385255224,8226722.972320935,f47b5df166cd25f627117776165af06025f04e33,cardinal,4,0,0_deg_north,cardinal,0,0,90,640,640,8,batch_0008,457,datasets/df_2024_uniform/batch_0008/images/f47b5df166cd25f627117776165af06025f04e33.jpg,https://raw.githubusercontent.com/GUIA-DD/dataset-streetview/refs/heads/main/datasets/df_2024_uniform/batch_0008/images/f47b5df166cd25f627117776165af06025f04e33.jpg,True,downloaded,
756fba687840b668ef5227569d4d685c4db635ea,1894e519d0ff03fdff46e021bd779a508205fa15,-16.026043450001048,-47.3800087500005,-16.02602798237742,-47.38004643694708,2024-10,2024,X76W7zvzu5TEqcdaof-iAQ,97.89817677895527,© Google,OK,19_0,245329.63385255224,8226722.972320935,52bfc31f9f44d16dfcaa11f51924a12d121af7ef,cardinal,4,1,90_deg_east,cardinal,90,0,90,640,640,8,batch_0008,458,datasets/df_2024_uniform/batch_0008/images/52bfc31f9f44d16dfcaa11f51924a12d121af7ef.jpg,https://raw.githubusercontent.com/GUIA-DD/dataset-streetview/refs/heads/main/datasets/df_2024_uniform/batch_0008/images/52bfc31f9f44d16dfcaa11f51924a12d121af7ef.jpg,True,downloaded,
756fba687840b668ef5227569d4d685c4db635ea,1894e519d0ff03fdff46e021bd779a508205fa15,-16.026043450001048,-47.3800087500005,-16.02602798237742,-47.38004643694708,2024-10,2024,X76W7zvzu5TEqcdaof-iAQ,97.89817677895527,© Google,OK,19_0,245329.63385255224,8226722.972320935,6559b5f0f6d302ec47d62a83a4a9966934c54641,cardinal,4,2,180_deg_south,cardinal,180,0,90,640,640,8,batch_0008,459,datasets/df_2024_uniform/batch_0008/images/6559b5f0f6d302ec47d62a83a4a9966934c54641.jpg,https://raw.githubusercontent.com/GUIA-DD/dataset-streetview/refs/heads/main/datasets/df_2024_uniform/batch_0008/images/6559b5f0f6d302ec47d62a83a4a9966934c54641.jpg,True,downloaded,
756fba687840b668ef5227569d4d685c4db635ea,1894e519d0ff03fdff46e021bd779a508205fa15,-16.026043450001048,-47.3800087500005,-16.02602798237742,-47.38004643694708,2024-10,2024,X76W7zvzu5TEqcdaof-iAQ,97.89817677895527,© Google,OK,19_0,245329.63385255224,8226722.972320935,debe862962e6543f7d3d8c01fed26a10a47367b6,cardinal,4,3,270_deg_west,cardinal,270,0,90,640,640,8,batch_0008,460,datasets/df_2024_uniform/batch_0008/images/debe862962e6543f7d3d8c01fed26a10a47367b6.jpg,https://raw.githubusercontent.com/GUIA-DD/dataset-streetview/refs/heads/main/datasets/df_2024_uniform/batch_0008/images/debe862962e6543f7d3d8c01fed26a10a47367b6.jpg,True,downloaded,
7877d60c3b9bd694de53d1d288a99c05fba2867e,086b4c9e1f1a720712e4462e159c4eb80f77d14a,-15.817656450008338,-48.12923370032124,-15.81769421469139,-48.1292071022204,2026-02,2026,bAazACfgpoJd9xHnwIRDGA,158.74426588856198,© Google,OK,3_5,164753.54084800874,8248737.095383686,b52065a70399b0baa8155c9f72bd26af55bd7139,cardinal,4,0,0_deg_north,cardinal,0,0,90,640,640,8,batch_0008,461,datasets/df_2024_uniform/batch_0008/images/b52065a70399b0baa8155c9f72bd26af55bd7139.jpg,https://raw.githubusercontent.com/GUIA-DD/dataset-streetview/refs/heads/main/datasets/df_2024_uniform/batch_0008/images/b52065a70399b0baa8155c9f72bd26af55bd7139.jpg,True,downloaded,
7877d60c3b9bd694de53d1d288a99c05fba2867e,086b4c9e1f1a720712e4462e159c4eb80f77d14a,-15.817656450008338,-48.12923370032124,-15.81769421469139,-48.1292071022204,2026-02,2026,bAazACfgpoJd9xHnwIRDGA,158.74426588856198,© Google,OK,3_5,164753.54084800874,8248737.095383686,58747a81e51c5ee7042403a720999c811d312c8c,cardinal,4,1,90_deg_east,cardinal,90,0,90,640,640,8,batch_0008,462,datasets/df_2024_uniform/batch_0008/images/58747a81e51c5ee7042403a720999c811d312c8c.jpg,https://raw.githubusercontent.com/GUIA-DD/dataset-streetview/refs/heads/main/datasets/df_2024_uniform/batch_0008/images/58747a81e51c5ee7042403a720999c811d312c8c.jpg,True,downloaded,
7877d60c3b9bd694de53d1d288a99c05fba2867e,086b4c9e1f1a720712e4462e159c4eb80f77d14a,-15.817656450008338,-48.12923370032124,-15.81769421469139,-48.1292071022204,2026-02,2026,bAazACfgpoJd9xHnwIRDGA,158.74426588856198,© Google,OK,3_5,164753.54084800874,8248737.095383686,74633f356f069abcbeac0e70b31399b4e3e912f6,cardinal,4,2,180_deg_south,cardinal,180,0,90,640,640,8,batch_0008,463,datasets/df_2024_uniform/batch_0008/images/74633f356f069abcbeac0e70b31399b4e3e912f6.jpg,https://raw.githubusercontent.com/GUIA-DD/dataset-streetview/refs/heads/main/datasets/df_2024_uniform/batch_0008/images/74633f356f069abcbeac0e70b31399b4e3e912f6.jpg,True,downloaded,
7877d60c3b9bd694de53d1d288a99c05fba2867e,086b4c9e1f1a720712e4462e159c4eb80f77d14a,-15.817656450008338,-48.12923370032124,-15.81769421469139,-48.1292071022204,2026-02,2026,bAazACfgpoJd9xHnwIRDGA,158.74426588856198,© Google,OK,3_5,164753.54084800874,8248737.095383686,3bf907fea8738bd516910311897b9b5f5d82daa3,cardinal,4,3,270_deg_west,cardinal,270,0,90,640,640,8,batch_0008,464,datasets/df_2024_uniform/batch_0008/images/3bf907fea8738bd516910311897b9b5f5d82daa3.jpg,https://raw.githubusercontent.com/GUIA-DD/dataset-streetview/refs/heads/main/datasets/df_2024_uniform/batch_0008/images/3bf907fea8738bd516910311897b9b5f5d82daa3.jpg,True,downloaded,
792f8b3158206f22d23701900893ec017d75056c,703d5a97b041e81b847acdc471fc252ba994ae06,-15.909728999999682,-48.06040665004016,-15.90968627013028,-48.06041032974547,2025-07,2025,WKA5YBrbFb6vqX6-hOv-Ew,342.64389225520654,© Google,OK,4_3,172282.34772562294,8238648.98134548,ecd63efffd996b5629da5cf2053ab0123b46fe60,cardinal,4,0,0_deg_north,cardinal,0,0,90,640,640,8,batch_0008,465,datasets/df_2024_uniform/batch_0008/images/ecd63efffd996b5629da5cf2053ab0123b46fe60.jpg,https://raw.githubusercontent.com/GUIA-DD/dataset-streetview/refs/heads/main/datasets/df_2024_uniform/batch_0008/images/ecd63efffd996b5629da5cf2053ab0123b46fe60.jpg,True,downloaded,
792f8b3158206f22d23701900893ec017d75056c,703d5a97b041e81b847acdc471fc252ba994ae06,-15.909728999999682,-48.06040665004016,-15.90968627013028,-48.06041032974547,2025-07,2025,WKA5YBrbFb6vqX6-hOv-Ew,342.64389225520654,© Google,OK,4_3,172282.34772562294,8238648.98134548,2817fcc04ef219cde1092445d907125a811fe193,cardinal,4,1,90_deg_east,cardinal,90,0,90,640,640,8,batch_0008,466,datasets/df_2024_uniform/batch_0008/images/2817fcc04ef219cde1092445d907125a811fe193.jpg,https://raw.githubusercontent.com/GUIA-DD/dataset-streetview/refs/heads/main/datasets/df_2024_uniform/batch_0008/images/2817fcc04ef219cde1092445d907125a811fe193.jpg,True,downloaded,
792f8b3158206f22d23701900893ec017d75056c,703d5a97b041e81b847acdc471fc252ba994ae06,-15.909728999999682,-48.06040665004016,-15.90968627013028,-48.06041032974547,2025-07,2025,WKA5YBrbFb6vqX6-hOv-Ew,342.64389225520654,© Google,OK,4_3,172282.34772562294,8238648.98134548,fde4ab3ab40293a9ab03f6aec3ff4c9fcdf55df4,cardinal,4,2,180_deg_south,cardinal,180,0,90,640,640,8,batch_0008,467,datasets/df_2024_uniform/batch_0008/images/fde4ab3ab40293a9ab03f6aec3ff4c9fcdf55df4.jpg,https://raw.githubusercontent.com/GUIA-DD/dataset-streetview/refs/heads/main/datasets/df_2024_uniform/batch_0008/images/fde4ab3ab40293a9ab03f6aec3ff4c9fcdf55df4.jpg,True,downloaded,
792f8b3158206f22d23701900893ec017d75056c,703d5a97b041e81b847acdc471fc252ba994ae06,-15.909728999999682,-48.06040665004016,-15.90968627013028,-48.06041032974547,2025-07,2025,WKA5YBrbFb6vqX6-hOv-Ew,342.64389225520654,© Google,OK,4_3,172282.34772562294,8238648.98134548,6d4340bcfb0acff44a0ebdb832fd0a59e9d67f4a,cardinal,4,3,270_deg_west,cardinal,270,0,90,640,640,8,batch_0008,468,datasets/df_2024_uniform/batch_0008/images/6d4340bcfb0acff44a0ebdb832fd0a59e9d67f4a.jpg,https://raw.githubusercontent.com/GUIA-DD/dataset-streetview/refs/heads/main/datasets/df_2024_uniform/batch_0008/images/6d4340bcfb0acff44a0ebdb832fd0a59e9d67f4a.jpg,True,downloaded,
7c0a1fd2c6ad984526974b6710330463f6f1598c,781a5e6490068bb546f35dd525f73ba5543f2262,-16.017124249998894,-47.993124900017214,-16.01714519841838,-47.99309766894545,2025-01,2025,mlpvd8GqGM07IPWUhQhfPA,348.2470620834407,© Google,OK,6_0,179663.78687751104,8226860.209186844,0c86432695024851b054dfb4a0ebd8c6e14fad8a,cardinal,4,0,0_deg_north,cardinal,0,0,90,640,640,8,batch_0008,469,datasets/df_2024_uniform/batch_0008/images/0c86432695024851b054dfb4a0ebd8c6e14fad8a.jpg,https://raw.githubusercontent.com/GUIA-DD/dataset-streetview/refs/heads/main/datasets/df_2024_uniform/batch_0008/images/0c86432695024851b054dfb4a0ebd8c6e14fad8a.jpg,True,downloaded,
7c0a1fd2c6ad984526974b6710330463f6f1598c,781a5e6490068bb546f35dd525f73ba5543f2262,-16.017124249998894,-47.993124900017214,-16.01714519841838,-47.99309766894545,2025-01,2025,mlpvd8GqGM07IPWUhQhfPA,348.2470620834407,© Google,OK,6_0,179663.78687751104,8226860.209186844,f329cf1168ce998179a0cc446bb121486e8a3f5e,cardinal,4,1,90_deg_east,cardinal,90,0,90,640,640,8,batch_0008,470,datasets/df_2024_uniform/batch_0008/images/f329cf1168ce998179a0cc446bb121486e8a3f5e.jpg,https://raw.githubusercontent.com/GUIA-DD/dataset-streetview/refs/heads/main/datasets/df_2024_uniform/batch_0008/images/f329cf1168ce998179a0cc446bb121486e8a3f5e.jpg,True,downloaded,
7c0a1fd2c6ad984526974b6710330463f6f1598c,781a5e6490068bb546f35dd525f73ba5543f2262,-16.017124249998894,-47.993124900017214,-16.01714519841838,-47.99309766894545,2025-01,2025,mlpvd8GqGM07IPWUhQhfPA,348.2470620834407,© Google,OK,6_0,179663.78687751104,8226860.209186844,1feb1267f61ec772ca51bd49881afa5ac043e12c,cardinal,4,2,180_deg_south,cardinal,180,0,90,640,640,8,batch_0008,471,datasets/df_2024_uniform/batch_0008/images/1feb1267f61ec772ca51bd49881afa5ac043e12c.jpg,https://raw.githubusercontent.com/GUIA-DD/dataset-streetview/refs/heads/main/datasets/df_2024_uniform/batch_0008/images/1feb1267f61ec772ca51bd49881afa5ac043e12c.jpg,True,downloaded,
7c0a1fd2c6ad984526974b6710330463f6f1598c,781a5e6490068bb546f35dd525f73ba5543f2262,-16.017124249998894,-47.993124900017214,-16.01714519841838,-47.99309766894545,2025-01,2025,mlpvd8GqGM07IPWUhQhfPA,348.2470620834407,© Google,OK,6_0,179663.78687751104,8226860.209186844,9cf9e8bcaa86e132aa382fb2f214dc71a120216b,cardinal,4,3,270_deg_west,cardinal,270,0,90,640,640,8,batch_0008,472,datasets/df_2024_uniform/batch_0008/images/9cf9e8bcaa86e132aa382fb2f214dc71a120216b.jpg,https://raw.githubusercontent.com/GUIA-DD/dataset-streetview/refs/heads/main/datasets/df_2024_uniform/batch_0008/images/9cf9e8bcaa86e132aa382fb2f214dc71a120216b.jpg,True,downloaded,
7c7d7652cc0e407ac068d315d162caf9716fd915,34afc04264da90204bd5df5c0175813e437d3ef4,-15.728447964033242,-48.08473096401037,-15.72846278246881,-48.08471381130055,2026-02,2026,ursRXgv9QEZ93LMbUnuVbg,158.22921973626978,© Google,OK,4_7,169380.53243938592,8258687.516543412,965d2ba5ac208c47be469ccf2187ee8ccd3b51a4,cardinal,4,0,0_deg_north,cardinal,0,0,90,640,640,8,batch_0008,473,datasets/df_2024_uniform/batch_0008/images/965d2ba5ac208c47be469ccf2187ee8ccd3b51a4.jpg,https://raw.githubusercontent.com/GUIA-DD/dataset-streetview/refs/heads/main/datasets/df_2024_uniform/batch_0008/images/965d2ba5ac208c47be469ccf2187ee8ccd3b51a4.jpg,True,downloaded,
7c7d7652cc0e407ac068d315d162caf9716fd915,34afc04264da90204bd5df5c0175813e437d3ef4,-15.728447964033242,-48.08473096401037,-15.72846278246881,-48.08471381130055,2026-02,2026,ursRXgv9QEZ93LMbUnuVbg,158.22921973626978,© Google,OK,4_7,169380.53243938592,8258687.516543412,008aa0f6e4d7fb2d7fbf0cea3171afa4fb053188,cardinal,4,1,90_deg_east,cardinal,90,0,90,640,640,8,batch_0008,474,datasets/df_2024_uniform/batch_0008/images/008aa0f6e4d7fb2d7fbf0cea3171afa4fb053188.jpg,https://raw.githubusercontent.com/GUIA-DD/dataset-streetview/refs/heads/main/datasets/df_2024_uniform/batch_0008/images/008aa0f6e4d7fb2d7fbf0cea3171afa4fb053188.jpg,True,downloaded,
7c7d7652cc0e407ac068d315d162caf9716fd915,34afc04264da90204bd5df5c0175813e437d3ef4,-15.728447964033242,-48.08473096401037,-15.72846278246881,-48.08471381130055,2026-02,2026,ursRXgv9QEZ93LMbUnuVbg,158.22921973626978,© Google,OK,4_7,169380.53243938592,8258687.516543412,626e1587937bec563aedaec98cb35c6eb264aa3e,cardinal,4,2,180_deg_south,cardinal,180,0,90,640,640,8,batch_0008,475,datasets/df_2024_uniform/batch_0008/images/626e1587937bec563aedaec98cb35c6eb264aa3e.jpg,https://raw.githubusercontent.com/GUIA-DD/dataset-streetview/refs/heads/main/datasets/df_2024_uniform/batch_0008/images/626e1587937bec563aedaec98cb35c6eb264aa3e.jpg,True,downloaded,
7c7d7652cc0e407ac068d315d162caf9716fd915,34afc04264da90204bd5df5c0175813e437d3ef4,-15.728447964033242,-48.08473096401037,-15.72846278246881,-48.08471381130055,2026-02,2026,ursRXgv9QEZ93LMbUnuVbg,158.22921973626978,© Google,OK,4_7,169380.53243938592,8258687.516543412,4cdf12855546c79f9953e2cbc0e2b4fcaa7f9c0b,cardinal,4,3,270_deg_west,cardinal,270,0,90,640,640,8,batch_0008,476,datasets/df_2024_uniform/batch_0008/images/4cdf12855546c79f9953e2cbc0e2b4fcaa7f9c0b.jpg,https://raw.githubusercontent.com/GUIA-DD/dataset-streetview/refs/heads/main/datasets/df_2024_uniform/batch_0008/images/4cdf12855546c79f9953e2cbc0e2b4fcaa7f9c0b.jpg,True,downloaded,
7ebcc99528b2fb6543a56384dbe71f519fa41b22,b1b643260086945e30a55659cd01ad6235210f43,-15.580598356365735,-47.45729760628333,-15.580600273362,-47.4573369534753,2024-08,2024,6zHH1YhLdimBM3-mA9zsJw,289.2945507764801,© Google,OK,17_10,236478.8566199861,8275937.118293591,57f9bc76beb48de3206859c7563ba4a528c5ca98,cardinal,4,0,0_deg_north,cardinal,0,0,90,640,640,8,batch_0008,477,datasets/df_2024_uniform/batch_0008/images/57f9bc76beb48de3206859c7563ba4a528c5ca98.jpg,https://raw.githubusercontent.com/GUIA-DD/dataset-streetview/refs/heads/main/datasets/df_2024_uniform/batch_0008/images/57f9bc76beb48de3206859c7563ba4a528c5ca98.jpg,True,downloaded,
7ebcc99528b2fb6543a56384dbe71f519fa41b22,b1b643260086945e30a55659cd01ad6235210f43,-15.580598356365735,-47.45729760628333,-15.580600273362,-47.4573369534753,2024-08,2024,6zHH1YhLdimBM3-mA9zsJw,289.2945507764801,© Google,OK,17_10,236478.8566199861,8275937.118293591,2dcedd452df4919d9bd493342d21bc589135012b,cardinal,4,1,90_deg_east,cardinal,90,0,90,640,640,8,batch_0008,478,datasets/df_2024_uniform/batch_0008/images/2dcedd452df4919d9bd493342d21bc589135012b.jpg,https://raw.githubusercontent.com/GUIA-DD/dataset-streetview/refs/heads/main/datasets/df_2024_uniform/batch_0008/images/2dcedd452df4919d9bd493342d21bc589135012b.jpg,True,downloaded,
7ebcc99528b2fb6543a56384dbe71f519fa41b22,b1b643260086945e30a55659cd01ad6235210f43,-15.580598356365735,-47.45729760628333,-15.580600273362,-47.4573369534753,2024-08,2024,6zHH1YhLdimBM3-mA9zsJw,289.2945507764801,© Google,OK,17_10,236478.8566199861,8275937.118293591,1f7b828dfcd4cc3662ffabb0fed21ce6b632f471,cardinal,4,2,180_deg_south,cardinal,180,0,90,640,640,8,batch_0008,479,datasets/df_2024_uniform/batch_0008/images/1f7b828dfcd4cc3662ffabb0fed21ce6b632f471.jpg,https://raw.githubusercontent.com/GUIA-DD/dataset-streetview/refs/heads/main/datasets/df_2024_uniform/batch_0008/images/1f7b828dfcd4cc3662ffabb0fed21ce6b632f471.jpg,True,downloaded,
7ebcc99528b2fb6543a56384dbe71f519fa41b22,b1b643260086945e30a55659cd01ad6235210f43,-15.580598356365735,-47.45729760628333,-15.580600273362,-47.4573369534753,2024-08,2024,6zHH1YhLdimBM3-mA9zsJw,289.2945507764801,© Google,OK,17_10,236478.8566199861,8275937.118293591,9b35a666046a97669050304cfb8b4864aba209f1,cardinal,4,3,270_deg_west,cardinal,270,0,90,640,640,8,batch_0008,480,datasets/df_2024_uniform/batch_0008/images/9b35a666046a97669050304cfb8b4864aba209f1.jpg,https://raw.githubusercontent.com/GUIA-DD/dataset-streetview/refs/heads/main/datasets/df_2024_uniform/batch_0008/images/9b35a666046a97669050304cfb8b4864aba209f1.jpg,True,downloaded,
7f8ca5adde926248920e60c224219eaccdf706d3,428b38211d7154c3f0b479e10d2e70cd3d6c8464,-15.838247565351704,-47.87690601196557,-15.83827596010811,-47.87691553845,2024-12,2024,mIUatfexSvmhgattcx9hoA,184.5922560334383,© Google,OK,8_4,191837.93805309667,8246843.856336426,f5c698eb67ee5f18d3b83365e29c33a28b72044a,cardinal,4,0,0_deg_north,cardinal,0,0,90,640,640,8,batch_0008,481,datasets/df_2024_uniform/batch_0008/images/f5c698eb67ee5f18d3b83365e29c33a28b72044a.jpg,https://raw.githubusercontent.com/GUIA-DD/dataset-streetview/refs/heads/main/datasets/df_2024_uniform/batch_0008/images/f5c698eb67ee5f18d3b83365e29c33a28b72044a.jpg,True,downloaded,
7f8ca5adde926248920e60c224219eaccdf706d3,428b38211d7154c3f0b479e10d2e70cd3d6c8464,-15.838247565351704,-47.87690601196557,-15.83827596010811,-47.87691553845,2024-12,2024,mIUatfexSvmhgattcx9hoA,184.5922560334383,© Google,OK,8_4,191837.93805309667,8246843.856336426,f828456878a5f8f535934c690392f4bd84b80a47,cardinal,4,1,90_deg_east,cardinal,90,0,90,640,640,8,batch_0008,482,datasets/df_2024_uniform/batch_0008/images/f828456878a5f8f535934c690392f4bd84b80a47.jpg,https://raw.githubusercontent.com/GUIA-DD/dataset-streetview/refs/heads/main/datasets/df_2024_uniform/batch_0008/images/f828456878a5f8f535934c690392f4bd84b80a47.jpg,True,downloaded,
7f8ca5adde926248920e60c224219eaccdf706d3,428b38211d7154c3f0b479e10d2e70cd3d6c8464,-15.838247565351704,-47.87690601196557,-15.83827596010811,-47.87691553845,2024-12,2024,mIUatfexSvmhgattcx9hoA,184.5922560334383,© Google,OK,8_4,191837.93805309667,8246843.856336426,8cac597d36a2054eb947c5c6e3c6a2675fedd0e8,cardinal,4,2,180_deg_south,cardinal,180,0,90,640,640,8,batch_0008,483,datasets/df_2024_uniform/batch_0008/images/8cac597d36a2054eb947c5c6e3c6a2675fedd0e8.jpg,https://raw.githubusercontent.com/GUIA-DD/dataset-streetview/refs/heads/main/datasets/df_2024_uniform/batch_0008/images/8cac597d36a2054eb947c5c6e3c6a2675fedd0e8.jpg,True,downloaded,
7f8ca5adde926248920e60c224219eaccdf706d3,428b38211d7154c3f0b479e10d2e70cd3d6c8464,-15.838247565351704,-47.87690601196557,-15.83827596010811,-47.87691553845,2024-12,2024,mIUatfexSvmhgattcx9hoA,184.5922560334383,© Google,OK,8_4,191837.93805309667,8246843.856336426,e34f137abb8ddda13737b4ef847803439fcb4c44,cardinal,4,3,270_deg_west,cardinal,270,0,90,640,640,8,batch_0008,484,datasets/df_2024_uniform/batch_0008/images/e34f137abb8ddda13737b4ef847803439fcb4c44.jpg,https://raw.githubusercontent.com/GUIA-DD/dataset-streetview/refs/heads/main/datasets/df_2024_uniform/batch_0008/images/e34f137abb8ddda13737b4ef847803439fcb4c44.jpg,True,downloaded,
821658a6fba846d6479e5525c18b8e8ad1bb1a95,038f862584b7cdb5b01237e7671412c835d7d862,-15.67205075009084,-48.20351474944615,-15.67209618944518,-48.20352911350743,2024-08,2024,OEEuNiIT9vjIs0UP2TWVOQ,5.253118267542642,© Google,OK,1_8,156543.56248714947,8264744.333714526,31bb2caa64f73220b5d3d6e5c850fd6b67f70f78,cardinal,4,0,0_deg_north,cardinal,0,0,90,640,640,8,batch_0008,485,datasets/df_2024_uniform/batch_0008/images/31bb2caa64f73220b5d3d6e5c850fd6b67f70f78.jpg,https://raw.githubusercontent.com/GUIA-DD/dataset-streetview/refs/heads/main/datasets/df_2024_uniform/batch_0008/images/31bb2caa64f73220b5d3d6e5c850fd6b67f70f78.jpg,True,downloaded,
821658a6fba846d6479e5525c18b8e8ad1bb1a95,038f862584b7cdb5b01237e7671412c835d7d862,-15.67205075009084,-48.20351474944615,-15.67209618944518,-48.20352911350743,2024-08,2024,OEEuNiIT9vjIs0UP2TWVOQ,5.253118267542642,© Google,OK,1_8,156543.56248714947,8264744.333714526,dbbd5c4eeb7420ac2cfdb9953acb60c57c918200,cardinal,4,1,90_deg_east,cardinal,90,0,90,640,640,8,batch_0008,486,datasets/df_2024_uniform/batch_0008/images/dbbd5c4eeb7420ac2cfdb9953acb60c57c918200.jpg,https://raw.githubusercontent.com/GUIA-DD/dataset-streetview/refs/heads/main/datasets/df_2024_uniform/batch_0008/images/dbbd5c4eeb7420ac2cfdb9953acb60c57c918200.jpg,True,downloaded,
821658a6fba846d6479e5525c18b8e8ad1bb1a95,038f862584b7cdb5b01237e7671412c835d7d862,-15.67205075009084,-48.20351474944615,-15.67209618944518,-48.20352911350743,2024-08,2024,OEEuNiIT9vjIs0UP2TWVOQ,5.253118267542642,© Google,OK,1_8,156543.56248714947,8264744.333714526,1b79b9d1b7c95aa44c75dad3d22883a4577657f1,cardinal,4,2,180_deg_south,cardinal,180,0,90,640,640,8,batch_0008,487,datasets/df_2024_uniform/batch_0008/images/1b79b9d1b7c95aa44c75dad3d22883a4577657f1.jpg,https://raw.githubusercontent.com/GUIA-DD/dataset-streetview/refs/heads/main/datasets/df_2024_uniform/batch_0008/images/1b79b9d1b7c95aa44c75dad3d22883a4577657f1.jpg,True,downloaded,
821658a6fba846d6479e5525c18b8e8ad1bb1a95,038f862584b7cdb5b01237e7671412c835d7d862,-15.67205075009084,-48.20351474944615,-15.67209618944518,-48.20352911350743,2024-08,2024,OEEuNiIT9vjIs0UP2TWVOQ,5.253118267542642,© Google,OK,1_8,156543.56248714947,8264744.333714526,769a46c90b7935236f4608a593ac664514a4feb1,cardinal,4,3,270_deg_west,cardinal,270,0,90,640,640,8,batch_0008,488,datasets/df_2024_uniform/batch_0008/images/769a46c90b7935236f4608a593ac664514a4feb1.jpg,https://raw.githubusercontent.com/GUIA-DD/dataset-streetview/refs/heads/main/datasets/df_2024_uniform/batch_0008/images/769a46c90b7935236f4608a593ac664514a4feb1.jpg,True,downloaded,
829d79a86333f6683831e54fe937d9fecf84389e,ab22ab90ee0c80e6ec9759f78d75d6c8a59e141e,-16.0369834500758,-48.25588069983365,-16.03695822628314,-48.255917233659,2025-05,2025,Z-tovlZ9NeIcbjt16TTfuw,211.0608283331349,© Google,OK,0_0,151552.3500684517,8224236.5197199425,51f4f1f81a2b9aaf76ada15097872e6fcc49d6fd,cardinal,4,0,0_deg_north,cardinal,0,0,90,640,640,8,batch_0008,489,datasets/df_2024_uniform/batch_0008/images/51f4f1f81a2b9aaf76ada15097872e6fcc49d6fd.jpg,https://raw.githubusercontent.com/GUIA-DD/dataset-streetview/refs/heads/main/datasets/df_2024_uniform/batch_0008/images/51f4f1f81a2b9aaf76ada15097872e6fcc49d6fd.jpg,True,downloaded,
829d79a86333f6683831e54fe937d9fecf84389e,ab22ab90ee0c80e6ec9759f78d75d6c8a59e141e,-16.0369834500758,-48.25588069983365,-16.03695822628314,-48.255917233659,2025-05,2025,Z-tovlZ9NeIcbjt16TTfuw,211.0608283331349,© Google,OK,0_0,151552.3500684517,8224236.5197199425,8d9159813e69ee7c2b37e5ccca2d1403456d620b,cardinal,4,1,90_deg_east,cardinal,90,0,90,640,640,8,batch_0008,490,datasets/df_2024_uniform/batch_0008/images/8d9159813e69ee7c2b37e5ccca2d1403456d620b.jpg,https://raw.githubusercontent.com/GUIA-DD/dataset-streetview/refs/heads/main/datasets/df_2024_uniform/batch_0008/images/8d9159813e69ee7c2b37e5ccca2d1403456d620b.jpg,True,downloaded,
829d79a86333f6683831e54fe937d9fecf84389e,ab22ab90ee0c80e6ec9759f78d75d6c8a59e141e,-16.0369834500758,-48.25588069983365,-16.03695822628314,-48.255917233659,2025-05,2025,Z-tovlZ9NeIcbjt16TTfuw,211.0608283331349,© Google,OK,0_0,151552.3500684517,8224236.5197199425,00246e299841c93e52fbbaa99fd8410bb2a73762,cardinal,4,2,180_deg_south,cardinal,180,0,90,640,640,8,batch_0008,491,datasets/df_2024_uniform/batch_0008/images/00246e299841c93e52fbbaa99fd8410bb2a73762.jpg,https://raw.githubusercontent.com/GUIA-DD/dataset-streetview/refs/heads/main/datasets/df_2024_uniform/batch_0008/images/00246e299841c93e52fbbaa99fd8410bb2a73762.jpg,True,downloaded,
829d79a86333f6683831e54fe937d9fecf84389e,ab22ab90ee0c80e6ec9759f78d75d6c8a59e141e,-16.0369834500758,-48.25588069983365,-16.03695822628314,-48.255917233659,2025-05,2025,Z-tovlZ9NeIcbjt16TTfuw,211.0608283331349,© Google,OK,0_0,151552.3500684517,8224236.5197199425,afb2a7e445cfff1a3784f8290c23ea1872605981,cardinal,4,3,270_deg_west,cardinal,270,0,90,640,640,8,batch_0008,492,datasets/df_2024_uniform/batch_0008/images/afb2a7e445cfff1a3784f8290c23ea1872605981.jpg,https://raw.githubusercontent.com/GUIA-DD/dataset-streetview/refs/heads/main/datasets/df_2024_uniform/batch_0008/images/afb2a7e445cfff1a3784f8290c23ea1872605981.jpg,True,downloaded,
82f981841d3e2eaa398a9ee4117213162ce5bda3,d6f0ddc6bce30e74cd16afa79c69bc23f4657bc8,-16.049686852780372,-47.49079790820331,-16.04966975583925,-47.49084403819948,2024-10,2024,dSHJhxGE5R9HmA9DMdLtgA,89.4331095424282,© Google,OK,16_0,233499.9777090227,8223966.279539829,158548fe2ddfa644d4ebb4393df4ae281dcd2896,cardinal,4,0,0_deg_north,cardinal,0,0,90,640,640,8,batch_0008,493,datasets/df_2024_uniform/batch_0008/images/158548fe2ddfa644d4ebb4393df4ae281dcd2896.jpg,https://raw.githubusercontent.com/GUIA-DD/dataset-streetview/refs/heads/main/datasets/df_2024_uniform/batch_0008/images/158548fe2ddfa644d4ebb4393df4ae281dcd2896.jpg,True,downloaded,
82f981841d3e2eaa398a9ee4117213162ce5bda3,d6f0ddc6bce30e74cd16afa79c69bc23f4657bc8,-16.049686852780372,-47.49079790820331,-16.04966975583925,-47.49084403819948,2024-10,2024,dSHJhxGE5R9HmA9DMdLtgA,89.4331095424282,© Google,OK,16_0,233499.9777090227,8223966.279539829,42035e6f66615d46c4150a3ac49a2b2bffea9b88,cardinal,4,1,90_deg_east,cardinal,90,0,90,640,640,8,batch_0008,494,datasets/df_2024_uniform/batch_0008/images/42035e6f66615d46c4150a3ac49a2b2bffea9b88.jpg,https://raw.githubusercontent.com/GUIA-DD/dataset-streetview/refs/heads/main/datasets/df_2024_uniform/batch_0008/images/42035e6f66615d46c4150a3ac49a2b2bffea9b88.jpg,True,downloaded,
82f981841d3e2eaa398a9ee4117213162ce5bda3,d6f0ddc6bce30e74cd16afa79c69bc23f4657bc8,-16.049686852780372,-47.49079790820331,-16.04966975583925,-47.49084403819948,2024-10,2024,dSHJhxGE5R9HmA9DMdLtgA,89.4331095424282,© Google,OK,16_0,233499.9777090227,8223966.279539829,9145c19225572a7c865d6256e3c248d387168995,cardinal,4,2,180_deg_south,cardinal,180,0,90,640,640,8,batch_0008,495,datasets/df_2024_uniform/batch_0008/images/9145c19225572a7c865d6256e3c248d387168995.jpg,https://raw.githubusercontent.com/GUIA-DD/dataset-streetview/refs/heads/main/datasets/df_2024_uniform/batch_0008/images/9145c19225572a7c865d6256e3c248d387168995.jpg,True,downloaded,
82f981841d3e2eaa398a9ee4117213162ce5bda3,d6f0ddc6bce30e74cd16afa79c69bc23f4657bc8,-16.049686852780372,-47.49079790820331,-16.04966975583925,-47.49084403819948,2024-10,2024,dSHJhxGE5R9HmA9DMdLtgA,89.4331095424282,© Google,OK,16_0,233499.9777090227,8223966.279539829,cab003540522cc358b46584a2cd7d4b65db29c45,cardinal,4,3,270_deg_west,cardinal,270,0,90,640,640,8,batch_0008,496,datasets/df_2024_uniform/batch_0008/images/cab003540522cc358b46584a2cd7d4b65db29c45.jpg,https://raw.githubusercontent.com/GUIA-DD/dataset-streetview/refs/heads/main/datasets/df_2024_uniform/batch_0008/images/cab003540522cc358b46584a2cd7d4b65db29c45.jpg,True,downloaded,
84b34a9e126a2e11195ab23e1c94162696297dd3,96c22d95f73e588eb2e6a6b40abd26928f9e02ea,-15.816222332888165,-47.577267917472064,-15.81626166404831,-47.5772733948354,2025-07,2025,hH4AbIJrnwCwHCzTFlT7HQ,77.4319313516406,© Google,OK,14_5,223923.60885238711,8249699.750037146,9c9af882b0409bbf3ed320cb7ec443579a18d8a9,cardinal,4,0,0_deg_north,cardinal,0,0,90,640,640,8,batch_0008,497,datasets/df_2024_uniform/batch_0008/images/9c9af882b0409bbf3ed320cb7ec443579a18d8a9.jpg,https://raw.githubusercontent.com/GUIA-DD/dataset-streetview/refs/heads/main/datasets/df_2024_uniform/batch_0008/images/9c9af882b0409bbf3ed320cb7ec443579a18d8a9.jpg,True,downloaded,
84b34a9e126a2e11195ab23e1c94162696297dd3,96c22d95f73e588eb2e6a6b40abd26928f9e02ea,-15.816222332888165,-47.577267917472064,-15.81626166404831,-47.5772733948354,2025-07,2025,hH4AbIJrnwCwHCzTFlT7HQ,77.4319313516406,© Google,OK,14_5,223923.60885238711,8249699.750037146,9667e28f2e7a24eea00d46fd0093882dfb9efdc4,cardinal,4,1,90_deg_east,cardinal,90,0,90,640,640,8,batch_0008,498,datasets/df_2024_uniform/batch_0008/images/9667e28f2e7a24eea00d46fd0093882dfb9efdc4.jpg,https://raw.githubusercontent.com/GUIA-DD/dataset-streetview/refs/heads/main/datasets/df_2024_uniform/batch_0008/images/9667e28f2e7a24eea00d46fd0093882dfb9efdc4.jpg,True,downloaded,
84b34a9e126a2e11195ab23e1c94162696297dd3,96c22d95f73e588eb2e6a6b40abd26928f9e02ea,-15.816222332888165,-47.577267917472064,-15.81626166404831,-47.5772733948354,2025-07,2025,hH4AbIJrnwCwHCzTFlT7HQ,77.4319313516406,© Google,OK,14_5,223923.60885238711,8249699.750037146,446f6b6e02d39648628d5353720b0ca679cb01b4,cardinal,4,2,180_deg_south,cardinal,180,0,90,640,640,8,batch_0008,499,datasets/df_2024_uniform/batch_0008/images/446f6b6e02d39648628d5353720b0ca679cb01b4.jpg,https://raw.githubusercontent.com/GUIA-DD/dataset-streetview/refs/heads/main/datasets/df_2024_uniform/batch_0008/images/446f6b6e02d39648628d5353720b0ca679cb01b4.jpg,True,downloaded,
84b34a9e126a2e11195ab23e1c94162696297dd3,96c22d95f73e588eb2e6a6b40abd26928f9e02ea,-15.816222332888165,-47.577267917472064,-15.81626166404831,-47.5772733948354,2025-07,2025,hH4AbIJrnwCwHCzTFlT7HQ,77.4319313516406,© Google,OK,14_5,223923.60885238711,8249699.750037146,dc422762a1b0383f5383f116e6a74c40927719e4,cardinal,4,3,270_deg_west,cardinal,270,0,90,640,640,8,batch_0008,500,datasets/df_2024_uniform/batch_0008/images/dc422762a1b0383f5383f116e6a74c40927719e4.jpg,https://raw.githubusercontent.com/GUIA-DD/dataset-streetview/refs/heads/main/datasets/df_2024_uniform/batch_0008/images/dc422762a1b0383f5383f116e6a74c40927719e4.jpg,True,downloaded,
8685fcb73b5639a421c70279edf7ece8fa6d3ce4,5cfa384178d6a81ef08a661a5757d12c56608164,-15.897297969250852,-48.043498775184894,-15.89729333477164,-48.04351663723966,2025-06,2025,-k74jvdRAXMZUGxWKmMaXQ,197.2750721002353,© Google,OK,5_3,174074.29824623317,8240052.165244527,e3021b1159551bf356a4276d356460388f0edea7,cardinal,4,0,0_deg_north,cardinal,0,0,90,640,640,8,batch_0008,501,datasets/df_2024_uniform/batch_0008/images/e3021b1159551bf356a4276d356460388f0edea7.jpg,https://raw.githubusercontent.com/GUIA-DD/dataset-streetview/refs/heads/main/datasets/df_2024_uniform/batch_0008/images/e3021b1159551bf356a4276d356460388f0edea7.jpg,True,downloaded,
8685fcb73b5639a421c70279edf7ece8fa6d3ce4,5cfa384178d6a81ef08a661a5757d12c56608164,-15.897297969250852,-48.043498775184894,-15.89729333477164,-48.04351663723966,2025-06,2025,-k74jvdRAXMZUGxWKmMaXQ,197.2750721002353,© Google,OK,5_3,174074.29824623317,8240052.165244527,e8414215d2dea6e7a303bb598676ec55f3398359,cardinal,4,1,90_deg_east,cardinal,90,0,90,640,640,8,batch_0008,502,datasets/df_2024_uniform/batch_0008/images/e8414215d2dea6e7a303bb598676ec55f3398359.jpg,https://raw.githubusercontent.com/GUIA-DD/dataset-streetview/refs/heads/main/datasets/df_2024_uniform/batch_0008/images/e8414215d2dea6e7a303bb598676ec55f3398359.jpg,True,downloaded,
8685fcb73b5639a421c70279edf7ece8fa6d3ce4,5cfa384178d6a81ef08a661a5757d12c56608164,-15.897297969250852,-48.043498775184894,-15.89729333477164,-48.04351663723966,2025-06,2025,-k74jvdRAXMZUGxWKmMaXQ,197.2750721002353,© Google,OK,5_3,174074.29824623317,8240052.165244527,c87ab97beb31c681a69cd94449a84592657939fd,cardinal,4,2,180_deg_south,cardinal,180,0,90,640,640,8,batch_0008,503,datasets/df_2024_uniform/batch_0008/images/c87ab97beb31c681a69cd94449a84592657939fd.jpg,https://raw.githubusercontent.com/GUIA-DD/dataset-streetview/refs/heads/main/datasets/df_2024_uniform/batch_0008/images/c87ab97beb31c681a69cd94449a84592657939fd.jpg,True,downloaded,
8685fcb73b5639a421c70279edf7ece8fa6d3ce4,5cfa384178d6a81ef08a661a5757d12c56608164,-15.897297969250852,-48.043498775184894,-15.89729333477164,-48.04351663723966,2025-06,2025,-k74jvdRAXMZUGxWKmMaXQ,197.2750721002353,© Google,OK,5_3,174074.29824623317,8240052.165244527,9530d1c63d39ac7958c9ca941197527ee5de8bcf,cardinal,4,3,270_deg_west,cardinal,270,0,90,640,640,8,batch_0008,504,datasets/df_2024_uniform/batch_0008/images/9530d1c63d39ac7958c9ca941197527ee5de8bcf.jpg,https://raw.githubusercontent.com/GUIA-DD/dataset-streetview/refs/heads/main/datasets/df_2024_uniform/batch_0008/images/9530d1c63d39ac7958c9ca941197527ee5de8bcf.jpg,True,downloaded,
87e88d451e60caadd011074d52e56823bf118e00,02b63879be0d1423c26046f8c3b61346c7fe6f6b,-15.63429475030382,-47.52049584953138,-15.6343030897438,-47.52052741329642,2025-07,2025,V71o0LualGQHlLxhTKn64g,224.7276615095391,© Google,OK,16_9,229768.1427291688,8269913.615852729,e025f96713bbb39e5af72d57f6101f1dd58943be,cardinal,4,0,0_deg_north,cardinal,0,0,90,640,640,8,batch_0008,505,datasets/df_2024_uniform/batch_0008/images/e025f96713bbb39e5af72d57f6101f1dd58943be.jpg,https://raw.githubusercontent.com/GUIA-DD/dataset-streetview/refs/heads/main/datasets/df_2024_uniform/batch_0008/images/e025f96713bbb39e5af72d57f6101f1dd58943be.jpg,True,downloaded,
87e88d451e60caadd011074d52e56823bf118e00,02b63879be0d1423c26046f8c3b61346c7fe6f6b,-15.63429475030382,-47.52049584953138,-15.6343030897438,-47.52052741329642,2025-07,2025,V71o0LualGQHlLxhTKn64g,224.7276615095391,© Google,OK,16_9,229768.1427291688,8269913.615852729,7055b6ebfb910222295621dec66c2069e820f6d9,cardinal,4,1,90_deg_east,cardinal,90,0,90,640,640,8,batch_0008,506,datasets/df_2024_uniform/batch_0008/images/7055b6ebfb910222295621dec66c2069e820f6d9.jpg,https://raw.githubusercontent.com/GUIA-DD/dataset-streetview/refs/heads/main/datasets/df_2024_uniform/batch_0008/images/7055b6ebfb910222295621dec66c2069e820f6d9.jpg,True,downloaded,
87e88d451e60caadd011074d52e56823bf118e00,02b63879be0d1423c26046f8c3b61346c7fe6f6b,-15.63429475030382,-47.52049584953138,-15.6343030897438,-47.52052741329642,2025-07,2025,V71o0LualGQHlLxhTKn64g,224.7276615095391,© Google,OK,16_9,229768.1427291688,8269913.615852729,37c55757adb55ae9e1341b00a4a8342892f459a0,cardinal,4,2,180_deg_south,cardinal,180,0,90,640,640,8,batch_0008,507,datasets/df_2024_uniform/batch_0008/images/37c55757adb55ae9e1341b00a4a8342892f459a0.jpg,https://raw.githubusercontent.com/GUIA-DD/dataset-streetview/refs/heads/main/datasets/df_2024_uniform/batch_0008/images/37c55757adb55ae9e1341b00a4a8342892f459a0.jpg,True,downloaded,
87e88d451e60caadd011074d52e56823bf118e00,02b63879be0d1423c26046f8c3b61346c7fe6f6b,-15.63429475030382,-47.52049584953138,-15.6343030897438,-47.52052741329642,2025-07,2025,V71o0LualGQHlLxhTKn64g,224.7276615095391,© Google,OK,16_9,229768.1427291688,8269913.615852729,d2fdea5c4ed64a3cdeb48e857c306af542386db4,cardinal,4,3,270_deg_west,cardinal,270,0,90,640,640,8,batch_0008,508,datasets/df_2024_uniform/batch_0008/images/d2fdea5c4ed64a3cdeb48e857c306af542386db4.jpg,https://raw.githubusercontent.com/GUIA-DD/dataset-streetview/refs/heads/main/datasets/df_2024_uniform/batch_0008/images/d2fdea5c4ed64a3cdeb48e857c306af542386db4.jpg,True,downloaded,
8973e8416169c99c622843919db2e88100651a4b,b51b163c6c1b1028c0a2831452fedb5bd8c0562e,-15.903094700287298,-47.782534499427726,-15.90312330714086,-47.78257545877056,2025-01,2025,rqyuWo8BSwDuyeWim_iuEg,215.6842529933216,© Google,OK,10_3,202048.9800510906,8239800.128220883,bd8a3bf34292340cdbbb33f6bc102834b880ad72,cardinal,4,0,0_deg_north,cardinal,0,0,90,640,640,8,batch_0008,509,datasets/df_2024_uniform/batch_0008/images/bd8a3bf34292340cdbbb33f6bc102834b880ad72.jpg,https://raw.githubusercontent.com/GUIA-DD/dataset-streetview/refs/heads/main/datasets/df_2024_uniform/batch_0008/images/bd8a3bf34292340cdbbb33f6bc102834b880ad72.jpg,True,downloaded,
8973e8416169c99c622843919db2e88100651a4b,b51b163c6c1b1028c0a2831452fedb5bd8c0562e,-15.903094700287298,-47.782534499427726,-15.90312330714086,-47.78257545877056,2025-01,2025,rqyuWo8BSwDuyeWim_iuEg,215.6842529933216,© Google,OK,10_3,202048.9800510906,8239800.128220883,059f2321620049ebf0cd2a49ec9189df2aa640f7,cardinal,4,1,90_deg_east,cardinal,90,0,90,640,640,8,batch_0008,510,datasets/df_2024_uniform/batch_0008/images/059f2321620049ebf0cd2a49ec9189df2aa640f7.jpg,https://raw.githubusercontent.com/GUIA-DD/dataset-streetview/refs/heads/main/datasets/df_2024_uniform/batch_0008/images/059f2321620049ebf0cd2a49ec9189df2aa640f7.jpg,True,downloaded,
8973e8416169c99c622843919db2e88100651a4b,b51b163c6c1b1028c0a2831452fedb5bd8c0562e,-15.903094700287298,-47.782534499427726,-15.90312330714086,-47.78257545877056,2025-01,2025,rqyuWo8BSwDuyeWim_iuEg,215.6842529933216,© Google,OK,10_3,202048.9800510906,8239800.128220883,378ad8b614c5193af0281e8d682e3cc33863c4ad,cardinal,4,2,180_deg_south,cardinal,180,0,90,640,640,8,batch_0008,511,datasets/df_2024_uniform/batch_0008/images/378ad8b614c5193af0281e8d682e3cc33863c4ad.jpg,https://raw.githubusercontent.com/GUIA-DD/dataset-streetview/refs/heads/main/datasets/df_2024_uniform/batch_0008/images/378ad8b614c5193af0281e8d682e3cc33863c4ad.jpg,True,downloaded,
8973e8416169c99c622843919db2e88100651a4b,b51b163c6c1b1028c0a2831452fedb5bd8c0562e,-15.903094700287298,-47.782534499427726,-15.90312330714086,-47.78257545877056,2025-01,2025,rqyuWo8BSwDuyeWim_iuEg,215.6842529933216,© Google,OK,10_3,202048.9800510906,8239800.128220883,4a0147bc1bf3250c9b8cf3f904205ac0b39c1b04,cardinal,4,3,270_deg_west,cardinal,270,0,90,640,640,8,batch_0008,512,datasets/df_2024_uniform/batch_0008/images/4a0147bc1bf3250c9b8cf3f904205ac0b39c1b04.jpg,https://raw.githubusercontent.com/GUIA-DD/dataset-streetview/refs/heads/main/datasets/df_2024_uniform/batch_0008/images/4a0147bc1bf3250c9b8cf3f904205ac0b39c1b04.jpg,True,downloaded,
8a3307b8b02bec96d7f1b5070d4f25b413856988,aaeb6288f641cfb30c7ea8e23f6aa102f6c71320,-15.801734700012036,-48.10368950002444,-15.80174845062434,-48.10367198369257,2026-01,2026,uZhjE3q531mXXRDRvVAzmA,123.78377894909778,© Google,OK,3_5,167466.44168442048,8250541.10568643,46c4012747c0e6a9ebecce5b82af87a4ad68bd5e,cardinal,4,0,0_deg_north,cardinal,0,0,90,640,640,8,batch_0008,513,datasets/df_2024_uniform/batch_0008/images/46c4012747c0e6a9ebecce5b82af87a4ad68bd5e.jpg,https://raw.githubusercontent.com/GUIA-DD/dataset-streetview/refs/heads/main/datasets/df_2024_uniform/batch_0008/images/46c4012747c0e6a9ebecce5b82af87a4ad68bd5e.jpg,True,downloaded,
8a3307b8b02bec96d7f1b5070d4f25b413856988,aaeb6288f641cfb30c7ea8e23f6aa102f6c71320,-15.801734700012036,-48.10368950002444,-15.80174845062434,-48.10367198369257,2026-01,2026,uZhjE3q531mXXRDRvVAzmA,123.78377894909778,© Google,OK,3_5,167466.44168442048,8250541.10568643,5a0498a71077d644b9abdfd61d1cc322a32ea9ee,cardinal,4,1,90_deg_east,cardinal,90,0,90,640,640,8,batch_0008,514,datasets/df_2024_uniform/batch_0008/images/5a0498a71077d644b9abdfd61d1cc322a32ea9ee.jpg,https://raw.githubusercontent.com/GUIA-DD/dataset-streetview/refs/heads/main/datasets/df_2024_uniform/batch_0008/images/5a0498a71077d644b9abdfd61d1cc322a32ea9ee.jpg,True,downloaded,
8a3307b8b02bec96d7f1b5070d4f25b413856988,aaeb6288f641cfb30c7ea8e23f6aa102f6c71320,-15.801734700012036,-48.10368950002444,-15.80174845062434,-48.10367198369257,2026-01,2026,uZhjE3q531mXXRDRvVAzmA,123.78377894909778,© Google,OK,3_5,167466.44168442048,8250541.10568643,71c7e0644187e1610ea3e4c7e8b1189023ebcdf5,cardinal,4,2,180_deg_south,cardinal,180,0,90,640,640,8,batch_0008,515,datasets/df_2024_uniform/batch_0008/images/71c7e0644187e1610ea3e4c7e8b1189023ebcdf5.jpg,https://raw.githubusercontent.com/GUIA-DD/dataset-streetview/refs/heads/main/datasets/df_2024_uniform/batch_0008/images/71c7e0644187e1610ea3e4c7e8b1189023ebcdf5.jpg,True,downloaded,
8a3307b8b02bec96d7f1b5070d4f25b413856988,aaeb6288f641cfb30c7ea8e23f6aa102f6c71320,-15.801734700012036,-48.10368950002444,-15.80174845062434,-48.10367198369257,2026-01,2026,uZhjE3q531mXXRDRvVAzmA,123.78377894909778,© Google,OK,3_5,167466.44168442048,8250541.10568643,055435e587ef544381bb33c8abbf3727f0045672,cardinal,4,3,270_deg_west,cardinal,270,0,90,640,640,8,batch_0008,516,datasets/df_2024_uniform/batch_0008/images/055435e587ef544381bb33c8abbf3727f0045672.jpg,https://raw.githubusercontent.com/GUIA-DD/dataset-streetview/refs/heads/main/datasets/df_2024_uniform/batch_0008/images/055435e587ef544381bb33c8abbf3727f0045672.jpg,True,downloaded,
8b08911cd34020e3f5c15f1870097b285caee931,8564944a5730d958dc93f903062561c51c9dfde3,-15.820296100072968,-47.56848055006951,-15.8202373911183,-47.56833924734595,2025-07,2025,0UbHsXAjr6vC-ZG5_2EAkA,288.378126450922,© Google,OK,15_5,224870.9662441589,8249260.286969926,0cd3bfc875b2a653a31fc71b28a0ffa950af7f9f,cardinal,4,0,0_deg_north,cardinal,0,0,90,640,640,8,batch_0008,517,datasets/df_2024_uniform/batch_0008/images/0cd3bfc875b2a653a31fc71b28a0ffa950af7f9f.jpg,https://raw.githubusercontent.com/GUIA-DD/dataset-streetview/refs/heads/main/datasets/df_2024_uniform/batch_0008/images/0cd3bfc875b2a653a31fc71b28a0ffa950af7f9f.jpg,True,downloaded,
8b08911cd34020e3f5c15f1870097b285caee931,8564944a5730d958dc93f903062561c51c9dfde3,-15.820296100072968,-47.56848055006951,-15.8202373911183,-47.56833924734595,2025-07,2025,0UbHsXAjr6vC-ZG5_2EAkA,288.378126450922,© Google,OK,15_5,224870.9662441589,8249260.286969926,8dc22ec75653f88fb9ee7e98a7adcda0345bb3a8,cardinal,4,1,90_deg_east,cardinal,90,0,90,640,640,8,batch_0008,518,datasets/df_2024_uniform/batch_0008/images/8dc22ec75653f88fb9ee7e98a7adcda0345bb3a8.jpg,https://raw.githubusercontent.com/GUIA-DD/dataset-streetview/refs/heads/main/datasets/df_2024_uniform/batch_0008/images/8dc22ec75653f88fb9ee7e98a7adcda0345bb3a8.jpg,True,downloaded,
8b08911cd34020e3f5c15f1870097b285caee931,8564944a5730d958dc93f903062561c51c9dfde3,-15.820296100072968,-47.56848055006951,-15.8202373911183,-47.56833924734595,2025-07,2025,0UbHsXAjr6vC-ZG5_2EAkA,288.378126450922,© Google,OK,15_5,224870.9662441589,8249260.286969926,eb176cca02ad75c870b2c38fb346156c73561190,cardinal,4,2,180_deg_south,cardinal,180,0,90,640,640,8,batch_0008,519,datasets/df_2024_uniform/batch_0008/images/eb176cca02ad75c870b2c38fb346156c73561190.jpg,https://raw.githubusercontent.com/GUIA-DD/dataset-streetview/refs/heads/main/datasets/df_2024_uniform/batch_0008/images/eb176cca02ad75c870b2c38fb346156c73561190.jpg,True,downloaded,
8b08911cd34020e3f5c15f1870097b285caee931,8564944a5730d958dc93f903062561c51c9dfde3,-15.820296100072968,-47.56848055006951,-15.8202373911183,-47.56833924734595,2025-07,2025,0UbHsXAjr6vC-ZG5_2EAkA,288.378126450922,© Google,OK,15_5,224870.9662441589,8249260.286969926,d353602b531fd1bc98c493f83373f433361446b5,cardinal,4,3,270_deg_west,cardinal,270,0,90,640,640,8,batch_0008,520,datasets/df_2024_uniform/batch_0008/images/d353602b531fd1bc98c493f83373f433361446b5.jpg,https://raw.githubusercontent.com/GUIA-DD/dataset-streetview/refs/heads/main/datasets/df_2024_uniform/batch_0008/images/d353602b531fd1bc98c493f83373f433361446b5.jpg,True,downloaded,
8c91988cb1f2ebd6164781462cd3dc17926df290,535b7901d22541a5ac1137dbf7651f810496a736,-15.778923650008071,-48.0459184500053,-15.77886525536247,-48.04598876425744,2026-02,2026,D4Jp9XG0JEdhZf8Nc2sBdg,100.8777836922448,© Google,OK,4_6,173624.58175014888,8253157.964339243,d92117f04c60a9c69cfab699b4ac6262c5dfab4b,cardinal,4,0,0_deg_north,cardinal,0,0,90,640,640,8,batch_0008,521,datasets/df_2024_uniform/batch_0008/images/d92117f04c60a9c69cfab699b4ac6262c5dfab4b.jpg,https://raw.githubusercontent.com/GUIA-DD/dataset-streetview/refs/heads/main/datasets/df_2024_uniform/batch_0008/images/d92117f04c60a9c69cfab699b4ac6262c5dfab4b.jpg,True,downloaded,
8c91988cb1f2ebd6164781462cd3dc17926df290,535b7901d22541a5ac1137dbf7651f810496a736,-15.778923650008071,-48.0459184500053,-15.77886525536247,-48.04598876425744,2026-02,2026,D4Jp9XG0JEdhZf8Nc2sBdg,100.8777836922448,© Google,OK,4_6,173624.58175014888,8253157.964339243,cb2cf6016471fad5b07f704db7482b5d8cb3a814,cardinal,4,1,90_deg_east,cardinal,90,0,90,640,640,8,batch_0008,522,datasets/df_2024_uniform/batch_0008/images/cb2cf6016471fad5b07f704db7482b5d8cb3a814.jpg,https://raw.githubusercontent.com/GUIA-DD/dataset-streetview/refs/heads/main/datasets/df_2024_uniform/batch_0008/images/cb2cf6016471fad5b07f704db7482b5d8cb3a814.jpg,True,downloaded,
8c91988cb1f2ebd6164781462cd3dc17926df290,535b7901d22541a5ac1137dbf7651f810496a736,-15.778923650008071,-48.0459184500053,-15.77886525536247,-48.04598876425744,2026-02,2026,D4Jp9XG0JEdhZf8Nc2sBdg,100.8777836922448,© Google,OK,4_6,173624.58175014888,8253157.964339243,9eff2806b14814f644cb1888dff27aac8433aa11,cardinal,4,2,180_deg_south,cardinal,180,0,90,640,640,8,batch_0008,523,datasets/df_2024_uniform/batch_0008/images/9eff2806b14814f644cb1888dff27aac8433aa11.jpg,https://raw.githubusercontent.com/GUIA-DD/dataset-streetview/refs/heads/main/datasets/df_2024_uniform/batch_0008/images/9eff2806b14814f644cb1888dff27aac8433aa11.jpg,True,downloaded,
8c91988cb1f2ebd6164781462cd3dc17926df290,535b7901d22541a5ac1137dbf7651f810496a736,-15.778923650008071,-48.0459184500053,-15.77886525536247,-48.04598876425744,2026-02,2026,D4Jp9XG0JEdhZf8Nc2sBdg,100.8777836922448,© Google,OK,4_6,173624.58175014888,8253157.964339243,34529a83aa578f5fe294c4ad61b7e6e4fdf6cf37,cardinal,4,3,270_deg_west,cardinal,270,0,90,640,640,8,batch_0008,524,datasets/df_2024_uniform/batch_0008/images/34529a83aa578f5fe294c4ad61b7e6e4fdf6cf37.jpg,https://raw.githubusercontent.com/GUIA-DD/dataset-streetview/refs/heads/main/datasets/df_2024_uniform/batch_0008/images/34529a83aa578f5fe294c4ad61b7e6e4fdf6cf37.jpg,True,downloaded,
91ec0aa4e9d5e7228eba4f22430b37d1fe0143fe,e9b26a8bc89a9c10286e285923dd19e98194e11c,-15.88614916737052,-47.79658386668866,-15.88616569300561,-47.79654531933178,2025-01,2025,HfbF1xTuhKXd9z-8GodZfQ,339.1186048036725,© Google,OK,10_3,200518.46589878656,8241656.342843747,75c34d66b95fe26e32be6a062f4d6eeaf156f8c8,cardinal,4,0,0_deg_north,cardinal,0,0,90,640,640,8,batch_0008,525,datasets/df_2024_uniform/batch_0008/images/75c34d66b95fe26e32be6a062f4d6eeaf156f8c8.jpg,https://raw.githubusercontent.com/GUIA-DD/dataset-streetview/refs/heads/main/datasets/df_2024_uniform/batch_0008/images/75c34d66b95fe26e32be6a062f4d6eeaf156f8c8.jpg,True,downloaded,
91ec0aa4e9d5e7228eba4f22430b37d1fe0143fe,e9b26a8bc89a9c10286e285923dd19e98194e11c,-15.88614916737052,-47.79658386668866,-15.88616569300561,-47.79654531933178,2025-01,2025,HfbF1xTuhKXd9z-8GodZfQ,339.1186048036725,© Google,OK,10_3,200518.46589878656,8241656.342843747,e3b03eddf855258348d412ad95f5134f68c2d490,cardinal,4,1,90_deg_east,cardinal,90,0,90,640,640,8,batch_0008,526,datasets/df_2024_uniform/batch_0008/images/e3b03eddf855258348d412ad95f5134f68c2d490.jpg,https://raw.githubusercontent.com/GUIA-DD/dataset-streetview/refs/heads/main/datasets/df_2024_uniform/batch_0008/images/e3b03eddf855258348d412ad95f5134f68c2d490.jpg,True,downloaded,
91ec0aa4e9d5e7228eba4f22430b37d1fe0143fe,e9b26a8bc89a9c10286e285923dd19e98194e11c,-15.88614916737052,-47.79658386668866,-15.88616569300561,-47.79654531933178,2025-01,2025,HfbF1xTuhKXd9z-8GodZfQ,339.1186048036725,© Google,OK,10_3,200518.46589878656,8241656.342843747,2628858d26d4edf8840e28f098e90fc4cfd620c9,cardinal,4,2,180_deg_south,cardinal,180,0,90,640,640,8,batch_0008,527,datasets/df_2024_uniform/batch_0008/images/2628858d26d4edf8840e28f098e90fc4cfd620c9.jpg,https://raw.githubusercontent.com/GUIA-DD/dataset-streetview/refs/heads/main/datasets/df_2024_uniform/batch_0008/images/2628858d26d4edf8840e28f098e90fc4cfd620c9.jpg,True,downloaded,
91ec0aa4e9d5e7228eba4f22430b37d1fe0143fe,e9b26a8bc89a9c10286e285923dd19e98194e11c,-15.88614916737052,-47.79658386668866,-15.88616569300561,-47.79654531933178,2025-01,2025,HfbF1xTuhKXd9z-8GodZfQ,339.1186048036725,© Google,OK,10_3,200518.46589878656,8241656.342843747,51f0cb2578785768295e0e084c4beee1147a41fd,cardinal,4,3,270_deg_west,cardinal,270,0,90,640,640,8,batch_0008,528,datasets/df_2024_uniform/batch_0008/images/51f0cb2578785768295e0e084c4beee1147a41fd.jpg,https://raw.githubusercontent.com/GUIA-DD/dataset-streetview/refs/heads/main/datasets/df_2024_uniform/batch_0008/images/51f0cb2578785768295e0e084c4beee1147a41fd.jpg,True,downloaded,
931d5faf1df976bd6c9dbfa261b789a4fdd224c3,5aec851c1145d70bf50cf95db3b9ecaa8f2da0da,-16.041472269554884,-47.35406836384819,-16.04142674357833,-47.35406721641009,2024-10,2024,zyN0rNJNuOpGvTgOB2pD3Q,149.62069427687769,© Google,OK,19_0,248126.0910366334,8225046.77909582,47219b6bdd594657cb32a0c96515d5c28b02dfca,cardinal,4,0,0_deg_north,cardinal,0,0,90,640,640,8,batch_0008,529,datasets/df_2024_uniform/batch_0008/images/47219b6bdd594657cb32a0c96515d5c28b02dfca.jpg,https://raw.githubusercontent.com/GUIA-DD/dataset-streetview/refs/heads/main/datasets/df_2024_uniform/batch_0008/images/47219b6bdd594657cb32a0c96515d5c28b02dfca.jpg,True,downloaded,
931d5faf1df976bd6c9dbfa261b789a4fdd224c3,5aec851c1145d70bf50cf95db3b9ecaa8f2da0da,-16.041472269554884,-47.35406836384819,-16.04142674357833,-47.35406721641009,2024-10,2024,zyN0rNJNuOpGvTgOB2pD3Q,149.62069427687769,© Google,OK,19_0,248126.0910366334,8225046.77909582,38b0f603f2f6f218af6a0178a6b1b782c2cdc03e,cardinal,4,1,90_deg_east,cardinal,90,0,90,640,640,8,batch_0008,530,datasets/df_2024_uniform/batch_0008/images/38b0f603f2f6f218af6a0178a6b1b782c2cdc03e.jpg,https://raw.githubusercontent.com/GUIA-DD/dataset-streetview/refs/heads/main/datasets/df_2024_uniform/batch_0008/images/38b0f603f2f6f218af6a0178a6b1b782c2cdc03e.jpg,True,downloaded,
931d5faf1df976bd6c9dbfa261b789a4fdd224c3,5aec851c1145d70bf50cf95db3b9ecaa8f2da0da,-16.041472269554884,-47.35406836384819,-16.04142674357833,-47.35406721641009,2024-10,2024,zyN0rNJNuOpGvTgOB2pD3Q,149.62069427687769,© Google,OK,19_0,248126.0910366334,8225046.77909582,ba4dfc4b87467e0f9f1f5afd981a325ddd93d9f2,cardinal,4,2,180_deg_south,cardinal,180,0,90,640,640,8,batch_0008,531,datasets/df_2024_uniform/batch_0008/images/ba4dfc4b87467e0f9f1f5afd981a325ddd93d9f2.jpg,https://raw.githubusercontent.com/GUIA-DD/dataset-streetview/refs/heads/main/datasets/df_2024_uniform/batch_0008/images/ba4dfc4b87467e0f9f1f5afd981a325ddd93d9f2.jpg,True,downloaded,
931d5faf1df976bd6c9dbfa261b789a4fdd224c3,5aec851c1145d70bf50cf95db3b9ecaa8f2da0da,-16.041472269554884,-47.35406836384819,-16.04142674357833,-47.35406721641009,2024-10,2024,zyN0rNJNuOpGvTgOB2pD3Q,149.62069427687769,© Google,OK,19_0,248126.0910366334,8225046.77909582,d6bfc3ce25c32d9171d894346318bd8fe0b12ea8,cardinal,4,3,270_deg_west,cardinal,270,0,90,640,640,8,batch_0008,532,datasets/df_2024_uniform/batch_0008/images/d6bfc3ce25c32d9171d894346318bd8fe0b12ea8.jpg,https://raw.githubusercontent.com/GUIA-DD/dataset-streetview/refs/heads/main/datasets/df_2024_uniform/batch_0008/images/d6bfc3ce25c32d9171d894346318bd8fe0b12ea8.jpg,True,downloaded,
93a69bae88e3b320cae41ab9029b60bbb2ed41c9,62dedf54da2d3b9c0871978a0d6fb398cfbff18a,-15.84098455045584,-48.1417367992626,-15.84099046711149,-48.14174942154845,2026-01,2026,UFZi1YFmroG9kmpp0EMRpg,41.41671156193255,© Google,OK,2_4,163451.5723894342,8246133.365925411,19d1c3ca1c902c494e4ea3c4a9f984c9dc9d2bd5,cardinal,4,0,0_deg_north,cardinal,0,0,90,640,640,8,batch_0008,533,datasets/df_2024_uniform/batch_0008/images/19d1c3ca1c902c494e4ea3c4a9f984c9dc9d2bd5.jpg,https://raw.githubusercontent.com/GUIA-DD/dataset-streetview/refs/heads/main/datasets/df_2024_uniform/batch_0008/images/19d1c3ca1c902c494e4ea3c4a9f984c9dc9d2bd5.jpg,True,downloaded,
93a69bae88e3b320cae41ab9029b60bbb2ed41c9,62dedf54da2d3b9c0871978a0d6fb398cfbff18a,-15.84098455045584,-48.1417367992626,-15.84099046711149,-48.14174942154845,2026-01,2026,UFZi1YFmroG9kmpp0EMRpg,41.41671156193255,© Google,OK,2_4,163451.5723894342,8246133.365925411,58d352fd66258bc9e7b0aed3a185ed5bc2028b62,cardinal,4,1,90_deg_east,cardinal,90,0,90,640,640,8,batch_0008,534,datasets/df_2024_uniform/batch_0008/images/58d352fd66258bc9e7b0aed3a185ed5bc2028b62.jpg,https://raw.githubusercontent.com/GUIA-DD/dataset-streetview/refs/heads/main/datasets/df_2024_uniform/batch_0008/images/58d352fd66258bc9e7b0aed3a185ed5bc2028b62.jpg,True,downloaded,
93a69bae88e3b320cae41ab9029b60bbb2ed41c9,62dedf54da2d3b9c0871978a0d6fb398cfbff18a,-15.84098455045584,-48.1417367992626,-15.84099046711149,-48.14174942154845,2026-01,2026,UFZi1YFmroG9kmpp0EMRpg,41.41671156193255,© Google,OK,2_4,163451.5723894342,8246133.365925411,299fbe3fd0430e5a3cfab8775f5e981bba5179fe,cardinal,4,2,180_deg_south,cardinal,180,0,90,640,640,8,batch_0008,535,datasets/df_2024_uniform/batch_0008/images/299fbe3fd0430e5a3cfab8775f5e981bba5179fe.jpg,https://raw.githubusercontent.com/GUIA-DD/dataset-streetview/refs/heads/main/datasets/df_2024_uniform/batch_0008/images/299fbe3fd0430e5a3cfab8775f5e981bba5179fe.jpg,True,downloaded,
93a69bae88e3b320cae41ab9029b60bbb2ed41c9,62dedf54da2d3b9c0871978a0d6fb398cfbff18a,-15.84098455045584,-48.1417367992626,-15.84099046711149,-48.14174942154845,2026-01,2026,UFZi1YFmroG9kmpp0EMRpg,41.41671156193255,© Google,OK,2_4,163451.5723894342,8246133.365925411,6ac2c37adfa234a3f528ed71cea2f57811b07cbd,cardinal,4,3,270_deg_west,cardinal,270,0,90,640,640,8,batch_0008,536,datasets/df_2024_uniform/batch_0008/images/6ac2c37adfa234a3f528ed71cea2f57811b07cbd.jpg,https://raw.githubusercontent.com/GUIA-DD/dataset-streetview/refs/heads/main/datasets/df_2024_uniform/batch_0008/images/6ac2c37adfa234a3f528ed71cea2f57811b07cbd.jpg,True,downloaded,
95d35ac04c488e7bc6f1b7edf356c7d61e8f2d95,e87cb3766ae2819dc710525281f3d266db1851df,-15.666576000010226,-48.19053345000463,-15.66658320447153,-48.19056595460941,2024-08,2024,sUWJBMc_X_D76ML0EL049Q,95.6845299508676,© Google,OK,1_8,157927.42943361888,8265371.728445404,a4a8065263118b0963ce1d73ed8f77eb8cb2c8a7,cardinal,4,0,0_deg_north,cardinal,0,0,90,640,640,8,batch_0008,537,datasets/df_2024_uniform/batch_0008/images/a4a8065263118b0963ce1d73ed8f77eb8cb2c8a7.jpg,https://raw.githubusercontent.com/GUIA-DD/dataset-streetview/refs/heads/main/datasets/df_2024_uniform/batch_0008/images/a4a8065263118b0963ce1d73ed8f77eb8cb2c8a7.jpg,True,downloaded,
95d35ac04c488e7bc6f1b7edf356c7d61e8f2d95,e87cb3766ae2819dc710525281f3d266db1851df,-15.666576000010226,-48.19053345000463,-15.66658320447153,-48.19056595460941,2024-08,2024,sUWJBMc_X_D76ML0EL049Q,95.6845299508676,© Google,OK,1_8,157927.42943361888,8265371.728445404,f542444eaca37bdd46e9824020aad30d6b703cd1,cardinal,4,1,90_deg_east,cardinal,90,0,90,640,640,8,batch_0008,538,datasets/df_2024_uniform/batch_0008/images/f542444eaca37bdd46e9824020aad30d6b703cd1.jpg,https://raw.githubusercontent.com/GUIA-DD/dataset-streetview/refs/heads/main/datasets/df_2024_uniform/batch_0008/images/f542444eaca37bdd46e9824020aad30d6b703cd1.jpg,True,downloaded,
95d35ac04c488e7bc6f1b7edf356c7d61e8f2d95,e87cb3766ae2819dc710525281f3d266db1851df,-15.666576000010226,-48.19053345000463,-15.66658320447153,-48.19056595460941,2024-08,2024,sUWJBMc_X_D76ML0EL049Q,95.6845299508676,© Google,OK,1_8,157927.42943361888,8265371.728445404,99a278baf2f949c180770fb2378255f67f2fe81c,cardinal,4,2,180_deg_south,cardinal,180,0,90,640,640,8,batch_0008,539,datasets/df_2024_uniform/batch_0008/images/99a278baf2f949c180770fb2378255f67f2fe81c.jpg,https://raw.githubusercontent.com/GUIA-DD/dataset-streetview/refs/heads/main/datasets/df_2024_uniform/batch_0008/images/99a278baf2f949c180770fb2378255f67f2fe81c.jpg,True,downloaded,
95d35ac04c488e7bc6f1b7edf356c7d61e8f2d95,e87cb3766ae2819dc710525281f3d266db1851df,-15.666576000010226,-48.19053345000463,-15.66658320447153,-48.19056595460941,2024-08,2024,sUWJBMc_X_D76ML0EL049Q,95.6845299508676,© Google,OK,1_8,157927.42943361888,8265371.728445404,0bb12db8fad4bc4dcfdb2bedab05f00e19f17109,cardinal,4,3,270_deg_west,cardinal,270,0,90,640,640,8,batch_0008,540,datasets/df_2024_uniform/batch_0008/images/0bb12db8fad4bc4dcfdb2bedab05f00e19f17109.jpg,https://raw.githubusercontent.com/GUIA-DD/dataset-streetview/refs/heads/main/datasets/df_2024_uniform/batch_0008/images/0bb12db8fad4bc4dcfdb2bedab05f00e19f17109.jpg,True,downloaded,
95fafd03724420aac35189284b8ce14267c2edac,8088534daafdc968894d8560aee056648b708bef,-15.83931540002683,-48.125636800109305,-15.83933011134195,-48.12563651016746,2026-01,2026,Csvxt9OtyLwwvTOaxujNGA,318.990387961787,© Google,OK,3_4,165174.94791920253,8246344.02735701,92257b3b002def33e9168ad0af7819f7a9ddfc5b,cardinal,4,0,0_deg_north,cardinal,0,0,90,640,640,8,batch_0008,541,datasets/df_2024_uniform/batch_0008/images/92257b3b002def33e9168ad0af7819f7a9ddfc5b.jpg,https://raw.githubusercontent.com/GUIA-DD/dataset-streetview/refs/heads/main/datasets/df_2024_uniform/batch_0008/images/92257b3b002def33e9168ad0af7819f7a9ddfc5b.jpg,True,downloaded,
95fafd03724420aac35189284b8ce14267c2edac,8088534daafdc968894d8560aee056648b708bef,-15.83931540002683,-48.125636800109305,-15.83933011134195,-48.12563651016746,2026-01,2026,Csvxt9OtyLwwvTOaxujNGA,318.990387961787,© Google,OK,3_4,165174.94791920253,8246344.02735701,239a1aceba09bb704e8de4fff1e0c3aecc415abc,cardinal,4,1,90_deg_east,cardinal,90,0,90,640,640,8,batch_0008,542,datasets/df_2024_uniform/batch_0008/images/239a1aceba09bb704e8de4fff1e0c3aecc415abc.jpg,https://raw.githubusercontent.com/GUIA-DD/dataset-streetview/refs/heads/main/datasets/df_2024_uniform/batch_0008/images/239a1aceba09bb704e8de4fff1e0c3aecc415abc.jpg,True,downloaded,
95fafd03724420aac35189284b8ce14267c2edac,8088534daafdc968894d8560aee056648b708bef,-15.83931540002683,-48.125636800109305,-15.83933011134195,-48.12563651016746,2026-01,2026,Csvxt9OtyLwwvTOaxujNGA,318.990387961787,© Google,OK,3_4,165174.94791920253,8246344.02735701,ebdb581b848d9a77d73ecd01c455cc02e39d8758,cardinal,4,2,180_deg_south,cardinal,180,0,90,640,640,8,batch_0008,543,datasets/df_2024_uniform/batch_0008/images/ebdb581b848d9a77d73ecd01c455cc02e39d8758.jpg,https://raw.githubusercontent.com/GUIA-DD/dataset-streetview/refs/heads/main/datasets/df_2024_uniform/batch_0008/images/ebdb581b848d9a77d73ecd01c455cc02e39d8758.jpg,True,downloaded,
95fafd03724420aac35189284b8ce14267c2edac,8088534daafdc968894d8560aee056648b708bef,-15.83931540002683,-48.125636800109305,-15.83933011134195,-48.12563651016746,2026-01,2026,Csvxt9OtyLwwvTOaxujNGA,318.990387961787,© Google,OK,3_4,165174.94791920253,8246344.02735701,271b5c51c19c8dbfa4f6c16d2ce008775c0b401e,cardinal,4,3,270_deg_west,cardinal,270,0,90,640,640,8,batch_0008,544,datasets/df_2024_uniform/batch_0008/images/271b5c51c19c8dbfa4f6c16d2ce008775c0b401e.jpg,https://raw.githubusercontent.com/GUIA-DD/dataset-streetview/refs/heads/main/datasets/df_2024_uniform/batch_0008/images/271b5c51c19c8dbfa4f6c16d2ce008775c0b401e.jpg,True,downloaded,
96dd7e81faa8ab1861581fab20ce7ff4eab61531,2ddf42be58c1cf0c67d34b83f73bd6b8ac12364e,-15.728497250197073,-47.603895750008725,-15.72850039980882,-47.60384936736001,2025-07,2025,z_ZDZ-G-ox8D0Cebi0jGjw,266.0892636922377,© Google,OK,14_7,220949.5074598925,8259376.61347331,9fd093ce2351f7f20e5575fe16909bd347dd3081,cardinal,4,0,0_deg_north,cardinal,0,0,90,640,640,8,batch_0008,545,datasets/df_2024_uniform/batch_0008/images/9fd093ce2351f7f20e5575fe16909bd347dd3081.jpg,https://raw.githubusercontent.com/GUIA-DD/dataset-streetview/refs/heads/main/datasets/df_2024_uniform/batch_0008/images/9fd093ce2351f7f20e5575fe16909bd347dd3081.jpg,True,downloaded,
96dd7e81faa8ab1861581fab20ce7ff4eab61531,2ddf42be58c1cf0c67d34b83f73bd6b8ac12364e,-15.728497250197073,-47.603895750008725,-15.72850039980882,-47.60384936736001,2025-07,2025,z_ZDZ-G-ox8D0Cebi0jGjw,266.0892636922377,© Google,OK,14_7,220949.5074598925,8259376.61347331,3eae3ec9f353abe107683103c11d54f4dc23fbd3,cardinal,4,1,90_deg_east,cardinal,90,0,90,640,640,8,batch_0008,546,datasets/df_2024_uniform/batch_0008/images/3eae3ec9f353abe107683103c11d54f4dc23fbd3.jpg,https://raw.githubusercontent.com/GUIA-DD/dataset-streetview/refs/heads/main/datasets/df_2024_uniform/batch_0008/images/3eae3ec9f353abe107683103c11d54f4dc23fbd3.jpg,True,downloaded,
96dd7e81faa8ab1861581fab20ce7ff4eab61531,2ddf42be58c1cf0c67d34b83f73bd6b8ac12364e,-15.728497250197073,-47.603895750008725,-15.72850039980882,-47.60384936736001,2025-07,2025,z_ZDZ-G-ox8D0Cebi0jGjw,266.0892636922377,© Google,OK,14_7,220949.5074598925,8259376.61347331,b381b4ea4887c07c03b3988a229f59c99518c203,cardinal,4,2,180_deg_south,cardinal,180,0,90,640,640,8,batch_0008,547,datasets/df_2024_uniform/batch_0008/images/b381b4ea4887c07c03b3988a229f59c99518c203.jpg,https://raw.githubusercontent.com/GUIA-DD/dataset-streetview/refs/heads/main/datasets/df_2024_uniform/batch_0008/images/b381b4ea4887c07c03b3988a229f59c99518c203.jpg,True,downloaded,
96dd7e81faa8ab1861581fab20ce7ff4eab61531,2ddf42be58c1cf0c67d34b83f73bd6b8ac12364e,-15.728497250197073,-47.603895750008725,-15.72850039980882,-47.60384936736001,2025-07,2025,z_ZDZ-G-ox8D0Cebi0jGjw,266.0892636922377,© Google,OK,14_7,220949.5074598925,8259376.61347331,d5808d961b2fed3f6ea891882204d32c1909cbc0,cardinal,4,3,270_deg_west,cardinal,270,0,90,640,640,8,batch_0008,548,datasets/df_2024_uniform/batch_0008/images/d5808d961b2fed3f6ea891882204d32c1909cbc0.jpg,https://raw.githubusercontent.com/GUIA-DD/dataset-streetview/refs/heads/main/datasets/df_2024_uniform/batch_0008/images/d5808d961b2fed3f6ea891882204d32c1909cbc0.jpg,True,downloaded,
974ea02132705d2dcda9d539b200f0a84b3eb5bc,90d6f5fcf059a44e4c10bd80bc00a62b53944e0c,-15.685545750072334,-47.39061094937481,-15.685516843186,-47.39062701194717,2025-07,2025,9Q2PHsHttNP9g5w5vusZng,359.4711287343951,© Google,OK,18_8,243764.6694290228,8264401.468150423,7e705d4829d4e84686d8db24567f6ad086d851dc,cardinal,4,0,0_deg_north,cardinal,0,0,90,640,640,8,batch_0008,549,datasets/df_2024_uniform/batch_0008/images/7e705d4829d4e84686d8db24567f6ad086d851dc.jpg,https://raw.githubusercontent.com/GUIA-DD/dataset-streetview/refs/heads/main/datasets/df_2024_uniform/batch_0008/images/7e705d4829d4e84686d8db24567f6ad086d851dc.jpg,True,downloaded,
974ea02132705d2dcda9d539b200f0a84b3eb5bc,90d6f5fcf059a44e4c10bd80bc00a62b53944e0c,-15.685545750072334,-47.39061094937481,-15.685516843186,-47.39062701194717,2025-07,2025,9Q2PHsHttNP9g5w5vusZng,359.4711287343951,© Google,OK,18_8,243764.6694290228,8264401.468150423,a73082f6409bcb20b396f1307c7df4060a295585,cardinal,4,1,90_deg_east,cardinal,90,0,90,640,640,8,batch_0008,550,datasets/df_2024_uniform/batch_0008/images/a73082f6409bcb20b396f1307c7df4060a295585.jpg,https://raw.githubusercontent.com/GUIA-DD/dataset-streetview/refs/heads/main/datasets/df_2024_uniform/batch_0008/images/a73082f6409bcb20b396f1307c7df4060a295585.jpg,True,downloaded,
974ea02132705d2dcda9d539b200f0a84b3eb5bc,90d6f5fcf059a44e4c10bd80bc00a62b53944e0c,-15.685545750072334,-47.39061094937481,-15.685516843186,-47.39062701194717,2025-07,2025,9Q2PHsHttNP9g5w5vusZng,359.4711287343951,© Google,OK,18_8,243764.6694290228,8264401.468150423,f86387f70e03db7afe5d5131daf168d893ef7059,cardinal,4,2,180_deg_south,cardinal,180,0,90,640,640,8,batch_0008,551,datasets/df_2024_uniform/batch_0008/images/f86387f70e03db7afe5d5131daf168d893ef7059.jpg,https://raw.githubusercontent.com/GUIA-DD/dataset-streetview/refs/heads/main/datasets/df_2024_uniform/batch_0008/images/f86387f70e03db7afe5d5131daf168d893ef7059.jpg,True,downloaded,
974ea02132705d2dcda9d539b200f0a84b3eb5bc,90d6f5fcf059a44e4c10bd80bc00a62b53944e0c,-15.685545750072334,-47.39061094937481,-15.685516843186,-47.39062701194717,2025-07,2025,9Q2PHsHttNP9g5w5vusZng,359.4711287343951,© Google,OK,18_8,243764.6694290228,8264401.468150423,1235602c52bb5e0678e21abdc3a558000c256e4a,cardinal,4,3,270_deg_west,cardinal,270,0,90,640,640,8,batch_0008,552,datasets/df_2024_uniform/batch_0008/images/1235602c52bb5e0678e21abdc3a558000c256e4a.jpg,https://raw.githubusercontent.com/GUIA-DD/dataset-streetview/refs/heads/main/datasets/df_2024_uniform/batch_0008/images/1235602c52bb5e0678e21abdc3a558000c256e4a.jpg,True,downloaded,
99657d6c4aa936ed68d1a065d4f35abe1ac0e0ae,e7dc405412948d81d403fe32a0d7945d926a95cc,-15.735771100074992,-47.90385284996787,-15.73579291185131,-47.9038711877946,2024-06,2024,D5aXXEHopknzwRkce9qsJA,72.05355626557579,© Google,OK,7_7,188792.7927918669,8258151.70150231,58c66cbb08e9f604cb0f984507fd847a6dc55854,cardinal,4,0,0_deg_north,cardinal,0,0,90,640,640,8,batch_0008,553,datasets/df_2024_uniform/batch_0008/images/58c66cbb08e9f604cb0f984507fd847a6dc55854.jpg,https://raw.githubusercontent.com/GUIA-DD/dataset-streetview/refs/heads/main/datasets/df_2024_uniform/batch_0008/images/58c66cbb08e9f604cb0f984507fd847a6dc55854.jpg,True,downloaded,
99657d6c4aa936ed68d1a065d4f35abe1ac0e0ae,e7dc405412948d81d403fe32a0d7945d926a95cc,-15.735771100074992,-47.90385284996787,-15.73579291185131,-47.9038711877946,2024-06,2024,D5aXXEHopknzwRkce9qsJA,72.05355626557579,© Google,OK,7_7,188792.7927918669,8258151.70150231,605f6ce259217c72ffb23e406264d80042b69c69,cardinal,4,1,90_deg_east,cardinal,90,0,90,640,640,8,batch_0008,554,datasets/df_2024_uniform/batch_0008/images/605f6ce259217c72ffb23e406264d80042b69c69.jpg,https://raw.githubusercontent.com/GUIA-DD/dataset-streetview/refs/heads/main/datasets/df_2024_uniform/batch_0008/images/605f6ce259217c72ffb23e406264d80042b69c69.jpg,True,downloaded,
99657d6c4aa936ed68d1a065d4f35abe1ac0e0ae,e7dc405412948d81d403fe32a0d7945d926a95cc,-15.735771100074992,-47.90385284996787,-15.73579291185131,-47.9038711877946,2024-06,2024,D5aXXEHopknzwRkce9qsJA,72.05355626557579,© Google,OK,7_7,188792.7927918669,8258151.70150231,4c3c216adb9b860f1c5069648c0748ef16a0b811,cardinal,4,2,180_deg_south,cardinal,180,0,90,640,640,8,batch_0008,555,datasets/df_2024_uniform/batch_0008/images/4c3c216adb9b860f1c5069648c0748ef16a0b811.jpg,https://raw.githubusercontent.com/GUIA-DD/dataset-streetview/refs/heads/main/datasets/df_2024_uniform/batch_0008/images/4c3c216adb9b860f1c5069648c0748ef16a0b811.jpg,True,downloaded,
99657d6c4aa936ed68d1a065d4f35abe1ac0e0ae,e7dc405412948d81d403fe32a0d7945d926a95cc,-15.735771100074992,-47.90385284996787,-15.73579291185131,-47.9038711877946,2024-06,2024,D5aXXEHopknzwRkce9qsJA,72.05355626557579,© Google,OK,7_7,188792.7927918669,8258151.70150231,fa98147b956cf1031d933a85c8a49962d016fef1,cardinal,4,3,270_deg_west,cardinal,270,0,90,640,640,8,batch_0008,556,datasets/df_2024_uniform/batch_0008/images/fa98147b956cf1031d933a85c8a49962d016fef1.jpg,https://raw.githubusercontent.com/GUIA-DD/dataset-streetview/refs/heads/main/datasets/df_2024_uniform/batch_0008/images/fa98147b956cf1031d933a85c8a49962d016fef1.jpg,True,downloaded,
9a25c28b410e91c23a1f04941dca2607aae2d6ea,1bcab395dbf10ffb6415a02eb59de881ce4d484a,-16.01364999999898,-47.9941814500158,-16.0136796456216,-47.99417866900368,2025-01,2025,nl3NEDv_h8ErHKgU28MmdQ,348.2158698406448,© Google,OK,6_0,179545.07035685406,8227243.327174725,8b4526ae10fdce28c83e9363e74aaa8bb2e86ce9,cardinal,4,0,0_deg_north,cardinal,0,0,90,640,640,8,batch_0008,557,datasets/df_2024_uniform/batch_0008/images/8b4526ae10fdce28c83e9363e74aaa8bb2e86ce9.jpg,https://raw.githubusercontent.com/GUIA-DD/dataset-streetview/refs/heads/main/datasets/df_2024_uniform/batch_0008/images/8b4526ae10fdce28c83e9363e74aaa8bb2e86ce9.jpg,True,downloaded,
9a25c28b410e91c23a1f04941dca2607aae2d6ea,1bcab395dbf10ffb6415a02eb59de881ce4d484a,-16.01364999999898,-47.9941814500158,-16.0136796456216,-47.99417866900368,2025-01,2025,nl3NEDv_h8ErHKgU28MmdQ,348.2158698406448,© Google,OK,6_0,179545.07035685406,8227243.327174725,62fd8b3da71520f6a6808ba4aade0844fb28c12f,cardinal,4,1,90_deg_east,cardinal,90,0,90,640,640,8,batch_0008,558,datasets/df_2024_uniform/batch_0008/images/62fd8b3da71520f6a6808ba4aade0844fb28c12f.jpg,https://raw.githubusercontent.com/GUIA-DD/dataset-streetview/refs/heads/main/datasets/df_2024_uniform/batch_0008/images/62fd8b3da71520f6a6808ba4aade0844fb28c12f.jpg,True,downloaded,
9a25c28b410e91c23a1f04941dca2607aae2d6ea,1bcab395dbf10ffb6415a02eb59de881ce4d484a,-16.01364999999898,-47.9941814500158,-16.0136796456216,-47.99417866900368,2025-01,2025,nl3NEDv_h8ErHKgU28MmdQ,348.2158698406448,© Google,OK,6_0,179545.07035685406,8227243.327174725,e67561dab4d959e64f34f2e52d5bca7492e0ca0e,cardinal,4,2,180_deg_south,cardinal,180,0,90,640,640,8,batch_0008,559,datasets/df_2024_uniform/batch_0008/images/e67561dab4d959e64f34f2e52d5bca7492e0ca0e.jpg,https://raw.githubusercontent.com/GUIA-DD/dataset-streetview/refs/heads/main/datasets/df_2024_uniform/batch_0008/images/e67561dab4d959e64f34f2e52d5bca7492e0ca0e.jpg,True,downloaded,
9a25c28b410e91c23a1f04941dca2607aae2d6ea,1bcab395dbf10ffb6415a02eb59de881ce4d484a,-16.01364999999898,-47.9941814500158,-16.0136796456216,-47.99417866900368,2025-01,2025,nl3NEDv_h8ErHKgU28MmdQ,348.2158698406448,© Google,OK,6_0,179545.07035685406,8227243.327174725,ebbe24c5e89f14f80e17eac72000ba56c125b9e5,cardinal,4,3,270_deg_west,cardinal,270,0,90,640,640,8,batch_0008,560,datasets/df_2024_uniform/batch_0008/images/ebbe24c5e89f14f80e17eac72000ba56c125b9e5.jpg,https://raw.githubusercontent.com/GUIA-DD/dataset-streetview/refs/heads/main/datasets/df_2024_uniform/batch_0008/images/ebbe24c5e89f14f80e17eac72000ba56c125b9e5.jpg,True,downloaded,
9a8df613f1c2acf5fc89723741b4fab7c54d0da1,06f42f2889fe627f960228cb504039e987241fa7,-15.839806200003418,-48.12581890001626,-15.83980573198659,-48.12584426983904,2026-01,2026,x9HkpFLq_getB7Q97l-Amw,321.82162486570985,© Google,OK,3_4,165156.23463526007,8246289.378323444,26ae3b7434b6b1c16115f651dfa155fdbcdabc15,cardinal,4,0,0_deg_north,cardinal,0,0,90,640,640,8,batch_0008,561,datasets/df_2024_uniform/batch_0008/images/26ae3b7434b6b1c16115f651dfa155fdbcdabc15.jpg,https://raw.githubusercontent.com/GUIA-DD/dataset-streetview/refs/heads/main/datasets/df_2024_uniform/batch_0008/images/26ae3b7434b6b1c16115f651dfa155fdbcdabc15.jpg,True,downloaded,
9a8df613f1c2acf5fc89723741b4fab7c54d0da1,06f42f2889fe627f960228cb504039e987241fa7,-15.839806200003418,-48.12581890001626,-15.83980573198659,-48.12584426983904,2026-01,2026,x9HkpFLq_getB7Q97l-Amw,321.82162486570985,© Google,OK,3_4,165156.23463526007,8246289.378323444,84286c2879b7648eea65c3b8f297c345f5a8a1be,cardinal,4,1,90_deg_east,cardinal,90,0,90,640,640,8,batch_0008,562,datasets/df_2024_uniform/batch_0008/images/84286c2879b7648eea65c3b8f297c345f5a8a1be.jpg,https://raw.githubusercontent.com/GUIA-DD/dataset-streetview/refs/heads/main/datasets/df_2024_uniform/batch_0008/images/84286c2879b7648eea65c3b8f297c345f5a8a1be.jpg,True,downloaded,
9a8df613f1c2acf5fc89723741b4fab7c54d0da1,06f42f2889fe627f960228cb504039e987241fa7,-15.839806200003418,-48.12581890001626,-15.83980573198659,-48.12584426983904,2026-01,2026,x9HkpFLq_getB7Q97l-Amw,321.82162486570985,© Google,OK,3_4,165156.23463526007,8246289.378323444,531cc4dca8e8f721bed32a4b51912bc0d6670635,cardinal,4,2,180_deg_south,cardinal,180,0,90,640,640,8,batch_0008,563,datasets/df_2024_uniform/batch_0008/images/531cc4dca8e8f721bed32a4b51912bc0d6670635.jpg,https://raw.githubusercontent.com/GUIA-DD/dataset-streetview/refs/heads/main/datasets/df_2024_uniform/batch_0008/images/531cc4dca8e8f721bed32a4b51912bc0d6670635.jpg,True,downloaded,
9a8df613f1c2acf5fc89723741b4fab7c54d0da1,06f42f2889fe627f960228cb504039e987241fa7,-15.839806200003418,-48.12581890001626,-15.83980573198659,-48.12584426983904,2026-01,2026,x9HkpFLq_getB7Q97l-Amw,321.82162486570985,© Google,OK,3_4,165156.23463526007,8246289.378323444,bfd9725cd87b5da26e5ac9d2519b7b10992bcfc9,cardinal,4,3,270_deg_west,cardinal,270,0,90,640,640,8,batch_0008,564,datasets/df_2024_uniform/batch_0008/images/bfd9725cd87b5da26e5ac9d2519b7b10992bcfc9.jpg,https://raw.githubusercontent.com/GUIA-DD/dataset-streetview/refs/heads/main/datasets/df_2024_uniform/batch_0008/images/bfd9725cd87b5da26e5ac9d2519b7b10992bcfc9.jpg,True,downloaded,
9acc8c81930051e84659d3fd9f9b3dee39407908,dfb704eae76bc53002416e76cf126ff0d94b38f8,-15.579188732313115,-47.394667294346704,-15.57916611124235,-47.39466780072517,2024-11,2024,yBaaU-lkyvNywu1ueKi_sQ,84.62053836269695,© Google,OK,18_10,243197.0072712619,8276169.623884887,35d22320444da9bd497d89f9e2a46ccbdede14ee,cardinal,4,0,0_deg_north,cardinal,0,0,90,640,640,8,batch_0008,565,datasets/df_2024_uniform/batch_0008/images/35d22320444da9bd497d89f9e2a46ccbdede14ee.jpg,https://raw.githubusercontent.com/GUIA-DD/dataset-streetview/refs/heads/main/datasets/df_2024_uniform/batch_0008/images/35d22320444da9bd497d89f9e2a46ccbdede14ee.jpg,True,downloaded,
9acc8c81930051e84659d3fd9f9b3dee39407908,dfb704eae76bc53002416e76cf126ff0d94b38f8,-15.579188732313115,-47.394667294346704,-15.57916611124235,-47.39466780072517,2024-11,2024,yBaaU-lkyvNywu1ueKi_sQ,84.62053836269695,© Google,OK,18_10,243197.0072712619,8276169.623884887,0a553d5d7dac115a70410be465950a3b813cc622,cardinal,4,1,90_deg_east,cardinal,90,0,90,640,640,8,batch_0008,566,datasets/df_2024_uniform/batch_0008/images/0a553d5d7dac115a70410be465950a3b813cc622.jpg,https://raw.githubusercontent.com/GUIA-DD/dataset-streetview/refs/heads/main/datasets/df_2024_uniform/batch_0008/images/0a553d5d7dac115a70410be465950a3b813cc622.jpg,True,downloaded,
9acc8c81930051e84659d3fd9f9b3dee39407908,dfb704eae76bc53002416e76cf126ff0d94b38f8,-15.579188732313115,-47.394667294346704,-15.57916611124235,-47.39466780072517,2024-11,2024,yBaaU-lkyvNywu1ueKi_sQ,84.62053836269695,© Google,OK,18_10,243197.0072712619,8276169.623884887,9370da32124e4c686c9c5122adf17d1823bdde48,cardinal,4,2,180_deg_south,cardinal,180,0,90,640,640,8,batch_0008,567,datasets/df_2024_uniform/batch_0008/images/9370da32124e4c686c9c5122adf17d1823bdde48.jpg,https://raw.githubusercontent.com/GUIA-DD/dataset-streetview/refs/heads/main/datasets/df_2024_uniform/batch_0008/images/9370da32124e4c686c9c5122adf17d1823bdde48.jpg,True,downloaded,
9acc8c81930051e84659d3fd9f9b3dee39407908,dfb704eae76bc53002416e76cf126ff0d94b38f8,-15.579188732313115,-47.394667294346704,-15.57916611124235,-47.39466780072517,2024-11,2024,yBaaU-lkyvNywu1ueKi_sQ,84.62053836269695,© Google,OK,18_10,243197.0072712619,8276169.623884887,e7226253354c087f77eced70cb9e5f5707db1a79,cardinal,4,3,270_deg_west,cardinal,270,0,90,640,640,8,batch_0008,568,datasets/df_2024_uniform/batch_0008/images/e7226253354c087f77eced70cb9e5f5707db1a79.jpg,https://raw.githubusercontent.com/GUIA-DD/dataset-streetview/refs/heads/main/datasets/df_2024_uniform/batch_0008/images/e7226253354c087f77eced70cb9e5f5707db1a79.jpg,True,downloaded,
9badb22bec9c82dab6d8e2ce4b69c5e6143efe69,ad962c7c17c629fb90c0c48414ca3b8273e58c55,-15.853915650066044,-48.11908419992504,-15.8538959486488,-48.11909756504959,2026-01,2026,fgboMuek1XX5rfPHPY6S5Q,52.384051521692,© Google,OK,3_4,165901.5333131097,8244737.46010964,5cf019a452af3ef5d0f9b1876f55c1d74f387a4a,cardinal,4,0,0_deg_north,cardinal,0,0,90,640,640,8,batch_0008,569,datasets/df_2024_uniform/batch_0008/images/5cf019a452af3ef5d0f9b1876f55c1d74f387a4a.jpg,https://raw.githubusercontent.com/GUIA-DD/dataset-streetview/refs/heads/main/datasets/df_2024_uniform/batch_0008/images/5cf019a452af3ef5d0f9b1876f55c1d74f387a4a.jpg,True,downloaded,
9badb22bec9c82dab6d8e2ce4b69c5e6143efe69,ad962c7c17c629fb90c0c48414ca3b8273e58c55,-15.853915650066044,-48.11908419992504,-15.8538959486488,-48.11909756504959,2026-01,2026,fgboMuek1XX5rfPHPY6S5Q,52.384051521692,© Google,OK,3_4,165901.5333131097,8244737.46010964,cb281f3dfd29f5e053920080aab3c68f49705ba9,cardinal,4,1,90_deg_east,cardinal,90,0,90,640,640,8,batch_0008,570,datasets/df_2024_uniform/batch_0008/images/cb281f3dfd29f5e053920080aab3c68f49705ba9.jpg,https://raw.githubusercontent.com/GUIA-DD/dataset-streetview/refs/heads/main/datasets/df_2024_uniform/batch_0008/images/cb281f3dfd29f5e053920080aab3c68f49705ba9.jpg,True,downloaded,
9badb22bec9c82dab6d8e2ce4b69c5e6143efe69,ad962c7c17c629fb90c0c48414ca3b8273e58c55,-15.853915650066044,-48.11908419992504,-15.8538959486488,-48.11909756504959,2026-01,2026,fgboMuek1XX5rfPHPY6S5Q,52.384051521692,© Google,OK,3_4,165901.5333131097,8244737.46010964,cfa8eb9ec512973d76e0df31e44775697ae7724e,cardinal,4,2,180_deg_south,cardinal,180,0,90,640,640,8,batch_0008,571,datasets/df_2024_uniform/batch_0008/images/cfa8eb9ec512973d76e0df31e44775697ae7724e.jpg,https://raw.githubusercontent.com/GUIA-DD/dataset-streetview/refs/heads/main/datasets/df_2024_uniform/batch_0008/images/cfa8eb9ec512973d76e0df31e44775697ae7724e.jpg,True,downloaded,
9badb22bec9c82dab6d8e2ce4b69c5e6143efe69,ad962c7c17c629fb90c0c48414ca3b8273e58c55,-15.853915650066044,-48.11908419992504,-15.8538959486488,-48.11909756504959,2026-01,2026,fgboMuek1XX5rfPHPY6S5Q,52.384051521692,© Google,OK,3_4,165901.5333131097,8244737.46010964,f0d71abf0e561011af8c2ad2e7989cfb19361c6f,cardinal,4,3,270_deg_west,cardinal,270,0,90,640,640,8,batch_0008,572,datasets/df_2024_uniform/batch_0008/images/f0d71abf0e561011af8c2ad2e7989cfb19361c6f.jpg,https://raw.githubusercontent.com/GUIA-DD/dataset-streetview/refs/heads/main/datasets/df_2024_uniform/batch_0008/images/f0d71abf0e561011af8c2ad2e7989cfb19361c6f.jpg,True,downloaded,
9c38f8acd86cc2ac67d53966c1bb01ee5886d90c,d55db3e1e8083d6728c27419740760704299783d,-15.97626865000205,-47.91092364998324,-15.97631124885048,-47.91091777382088,2024-12,2024,5-drpWgYWHT-IoMMYFgFFQ,1.525687434166929,© Google,OK,7_1,188404.45017713425,8231509.684816722,ab940945536bf3a22aec0cc711dd7bc4a95137d6,cardinal,4,0,0_deg_north,cardinal,0,0,90,640,640,8,batch_0008,573,datasets/df_2024_uniform/batch_0008/images/ab940945536bf3a22aec0cc711dd7bc4a95137d6.jpg,https://raw.githubusercontent.com/GUIA-DD/dataset-streetview/refs/heads/main/datasets/df_2024_uniform/batch_0008/images/ab940945536bf3a22aec0cc711dd7bc4a95137d6.jpg,True,downloaded,
9c38f8acd86cc2ac67d53966c1bb01ee5886d90c,d55db3e1e8083d6728c27419740760704299783d,-15.97626865000205,-47.91092364998324,-15.97631124885048,-47.91091777382088,2024-12,2024,5-drpWgYWHT-IoMMYFgFFQ,1.525687434166929,© Google,OK,7_1,188404.45017713425,8231509.684816722,15eb777e94319ce3aec3fdb53a2869eb86ad5a85,cardinal,4,1,90_deg_east,cardinal,90,0,90,640,640,8,batch_0008,574,datasets/df_2024_uniform/batch_0008/images/15eb777e94319ce3aec3fdb53a2869eb86ad5a85.jpg,https://raw.githubusercontent.com/GUIA-DD/dataset-streetview/refs/heads/main/datasets/df_2024_uniform/batch_0008/images/15eb777e94319ce3aec3fdb53a2869eb86ad5a85.jpg,True,downloaded,
9c38f8acd86cc2ac67d53966c1bb01ee5886d90c,d55db3e1e8083d6728c27419740760704299783d,-15.97626865000205,-47.91092364998324,-15.97631124885048,-47.91091777382088,2024-12,2024,5-drpWgYWHT-IoMMYFgFFQ,1.525687434166929,© Google,OK,7_1,188404.45017713425,8231509.684816722,ce05599f505b5e0349c62bde3bf76dc762f18f16,cardinal,4,2,180_deg_south,cardinal,180,0,90,640,640,8,batch_0008,575,datasets/df_2024_uniform/batch_0008/images/ce05599f505b5e0349c62bde3bf76dc762f18f16.jpg,https://raw.githubusercontent.com/GUIA-DD/dataset-streetview/refs/heads/main/datasets/df_2024_uniform/batch_0008/images/ce05599f505b5e0349c62bde3bf76dc762f18f16.jpg,True,downloaded,
9c38f8acd86cc2ac67d53966c1bb01ee5886d90c,d55db3e1e8083d6728c27419740760704299783d,-15.97626865000205,-47.91092364998324,-15.97631124885048,-47.91091777382088,2024-12,2024,5-drpWgYWHT-IoMMYFgFFQ,1.525687434166929,© Google,OK,7_1,188404.45017713425,8231509.684816722,f98ee6972f52f53d4a009ec5c71e530a41b87cb0,cardinal,4,3,270_deg_west,cardinal,270,0,90,640,640,8,batch_0008,576,datasets/df_2024_uniform/batch_0008/images/f98ee6972f52f53d4a009ec5c71e530a41b87cb0.jpg,https://raw.githubusercontent.com/GUIA-DD/dataset-streetview/refs/heads/main/datasets/df_2024_uniform/batch_0008/images/f98ee6972f52f53d4a009ec5c71e530a41b87cb0.jpg,True,downloaded,
9c8241b0d31218993827e8eaa8110b70b26f3020,ed8b774126d7302bcfe8b5755ba66e42910194d2,-15.641450900424417,-47.88378289987904,-15.64146374210056,-47.88381457324822,2026-01,2026,xIQ8QMFIFoq1pZj9W6lE0Q,76.1818537206679,© Google,OK,8_9,190802.99482504127,8268625.453215277,f1f3fe55ee97c2ff732d4ef5081471d1d1895cd6,cardinal,4,0,0_deg_north,cardinal,0,0,90,640,640,8,batch_0008,577,datasets/df_2024_uniform/batch_0008/images/f1f3fe55ee97c2ff732d4ef5081471d1d1895cd6.jpg,https://raw.githubusercontent.com/GUIA-DD/dataset-streetview/refs/heads/main/datasets/df_2024_uniform/batch_0008/images/f1f3fe55ee97c2ff732d4ef5081471d1d1895cd6.jpg,True,downloaded,
9c8241b0d31218993827e8eaa8110b70b26f3020,ed8b774126d7302bcfe8b5755ba66e42910194d2,-15.641450900424417,-47.88378289987904,-15.64146374210056,-47.88381457324822,2026-01,2026,xIQ8QMFIFoq1pZj9W6lE0Q,76.1818537206679,© Google,OK,8_9,190802.99482504127,8268625.453215277,9230855c47c150b2e405d67d34188f8ef4f610e5,cardinal,4,1,90_deg_east,cardinal,90,0,90,640,640,8,batch_0008,578,datasets/df_2024_uniform/batch_0008/images/9230855c47c150b2e405d67d34188f8ef4f610e5.jpg,https://raw.githubusercontent.com/GUIA-DD/dataset-streetview/refs/heads/main/datasets/df_2024_uniform/batch_0008/images/9230855c47c150b2e405d67d34188f8ef4f610e5.jpg,True,downloaded,
9c8241b0d31218993827e8eaa8110b70b26f3020,ed8b774126d7302bcfe8b5755ba66e42910194d2,-15.641450900424417,-47.88378289987904,-15.64146374210056,-47.88381457324822,2026-01,2026,xIQ8QMFIFoq1pZj9W6lE0Q,76.1818537206679,© Google,OK,8_9,190802.99482504127,8268625.453215277,1c319b48449c9652ac98a61179c2c575565d46fa,cardinal,4,2,180_deg_south,cardinal,180,0,90,640,640,8,batch_0008,579,datasets/df_2024_uniform/batch_0008/images/1c319b48449c9652ac98a61179c2c575565d46fa.jpg,https://raw.githubusercontent.com/GUIA-DD/dataset-streetview/refs/heads/main/datasets/df_2024_uniform/batch_0008/images/1c319b48449c9652ac98a61179c2c575565d46fa.jpg,True,downloaded,
9c8241b0d31218993827e8eaa8110b70b26f3020,ed8b774126d7302bcfe8b5755ba66e42910194d2,-15.641450900424417,-47.88378289987904,-15.64146374210056,-47.88381457324822,2026-01,2026,xIQ8QMFIFoq1pZj9W6lE0Q,76.1818537206679,© Google,OK,8_9,190802.99482504127,8268625.453215277,cb970e96e684f5fbf420fcfad091eb963ad0514b,cardinal,4,3,270_deg_west,cardinal,270,0,90,640,640,8,batch_0008,580,datasets/df_2024_uniform/batch_0008/images/cb970e96e684f5fbf420fcfad091eb963ad0514b.jpg,https://raw.githubusercontent.com/GUIA-DD/dataset-streetview/refs/heads/main/datasets/df_2024_uniform/batch_0008/images/cb970e96e684f5fbf420fcfad091eb963ad0514b.jpg,True,downloaded,
9cc23f04892a1c5f003dfd89e74b44ab3d0f7355,ac2a4234bf785c73c569e493f7409169ec59f7ac,-15.735357691679669,-47.67944470221287,-15.7353676364296,-47.67940694941196,2025-07,2025,Mhdj4F9sAW34HGiKjlXpZg,53.58308800874212,© Google,OK,12_7,212857.82616671835,8258515.729283221,5cc69e160f3b57c770ddd18c7c880f4540e5a670,cardinal,4,0,0_deg_north,cardinal,0,0,90,640,640,8,batch_0008,581,datasets/df_2024_uniform/batch_0008/images/5cc69e160f3b57c770ddd18c7c880f4540e5a670.jpg,https://raw.githubusercontent.com/GUIA-DD/dataset-streetview/refs/heads/main/datasets/df_2024_uniform/batch_0008/images/5cc69e160f3b57c770ddd18c7c880f4540e5a670.jpg,True,downloaded,
9cc23f04892a1c5f003dfd89e74b44ab3d0f7355,ac2a4234bf785c73c569e493f7409169ec59f7ac,-15.735357691679669,-47.67944470221287,-15.7353676364296,-47.67940694941196,2025-07,2025,Mhdj4F9sAW34HGiKjlXpZg,53.58308800874212,© Google,OK,12_7,212857.82616671835,8258515.729283221,ce5c2c93790da2345210b9a805380b915bc1fb94,cardinal,4,1,90_deg_east,cardinal,90,0,90,640,640,8,batch_0008,582,datasets/df_2024_uniform/batch_0008/images/ce5c2c93790da2345210b9a805380b915bc1fb94.jpg,https://raw.githubusercontent.com/GUIA-DD/dataset-streetview/refs/heads/main/datasets/df_2024_uniform/batch_0008/images/ce5c2c93790da2345210b9a805380b915bc1fb94.jpg,True,downloaded,
9cc23f04892a1c5f003dfd89e74b44ab3d0f7355,ac2a4234bf785c73c569e493f7409169ec59f7ac,-15.735357691679669,-47.67944470221287,-15.7353676364296,-47.67940694941196,2025-07,2025,Mhdj4F9sAW34HGiKjlXpZg,53.58308800874212,© Google,OK,12_7,212857.82616671835,8258515.729283221,edde6af40086128bd39559096572b1c0d21d8f8e,cardinal,4,2,180_deg_south,cardinal,180,0,90,640,640,8,batch_0008,583,datasets/df_2024_uniform/batch_0008/images/edde6af40086128bd39559096572b1c0d21d8f8e.jpg,https://raw.githubusercontent.com/GUIA-DD/dataset-streetview/refs/heads/main/datasets/df_2024_uniform/batch_0008/images/edde6af40086128bd39559096572b1c0d21d8f8e.jpg,True,downloaded,
9cc23f04892a1c5f003dfd89e74b44ab3d0f7355,ac2a4234bf785c73c569e493f7409169ec59f7ac,-15.735357691679669,-47.67944470221287,-15.7353676364296,-47.67940694941196,2025-07,2025,Mhdj4F9sAW34HGiKjlXpZg,53.58308800874212,© Google,OK,12_7,212857.82616671835,8258515.729283221,6b15298ef75cdb69b70a2d6055e7b9a1901eda15,cardinal,4,3,270_deg_west,cardinal,270,0,90,640,640,8,batch_0008,584,datasets/df_2024_uniform/batch_0008/images/6b15298ef75cdb69b70a2d6055e7b9a1901eda15.jpg,https://raw.githubusercontent.com/GUIA-DD/dataset-streetview/refs/heads/main/datasets/df_2024_uniform/batch_0008/images/6b15298ef75cdb69b70a2d6055e7b9a1901eda15.jpg,True,downloaded,
9e1381d4003484308405c56762dff8486d5536aa,305fe01724db9ffd8e118b5b9159869db37fae70,-15.730847400036623,-48.16806009996988,-15.73081672730194,-48.16804556144383,2026-02,2026,MvjXnJNG6t9dwxeKU7NLbw,240.3485226273038,© Google,OK,2_7,160445.63819411836,8258289.407770121,f47843b38da4f5298a68016c513c012da4cbfc40,cardinal,4,0,0_deg_north,cardinal,0,0,90,640,640,8,batch_0008,585,datasets/df_2024_uniform/batch_0008/images/f47843b38da4f5298a68016c513c012da4cbfc40.jpg,https://raw.githubusercontent.com/GUIA-DD/dataset-streetview/refs/heads/main/datasets/df_2024_uniform/batch_0008/images/f47843b38da4f5298a68016c513c012da4cbfc40.jpg,True,downloaded,
9e1381d4003484308405c56762dff8486d5536aa,305fe01724db9ffd8e118b5b9159869db37fae70,-15.730847400036623,-48.16806009996988,-15.73081672730194,-48.16804556144383,2026-02,2026,MvjXnJNG6t9dwxeKU7NLbw,240.3485226273038,© Google,OK,2_7,160445.63819411836,8258289.407770121,dd971514bf7e48bf4ef67181e0e36dd31ca0d239,cardinal,4,1,90_deg_east,cardinal,90,0,90,640,640,8,batch_0008,586,datasets/df_2024_uniform/batch_0008/images/dd971514bf7e48bf4ef67181e0e36dd31ca0d239.jpg,https://raw.githubusercontent.com/GUIA-DD/dataset-streetview/refs/heads/main/datasets/df_2024_uniform/batch_0008/images/dd971514bf7e48bf4ef67181e0e36dd31ca0d239.jpg,True,downloaded,
9e1381d4003484308405c56762dff8486d5536aa,305fe01724db9ffd8e118b5b9159869db37fae70,-15.730847400036623,-48.16806009996988,-15.73081672730194,-48.16804556144383,2026-02,2026,MvjXnJNG6t9dwxeKU7NLbw,240.3485226273038,© Google,OK,2_7,160445.63819411836,8258289.407770121,8fa27fa075b3906d32ae3ce3aed7128f7485d147,cardinal,4,2,180_deg_south,cardinal,180,0,90,640,640,8,batch_0008,587,datasets/df_2024_uniform/batch_0008/images/8fa27fa075b3906d32ae3ce3aed7128f7485d147.jpg,https://raw.githubusercontent.com/GUIA-DD/dataset-streetview/refs/heads/main/datasets/df_2024_uniform/batch_0008/images/8fa27fa075b3906d32ae3ce3aed7128f7485d147.jpg,True,downloaded,
9e1381d4003484308405c56762dff8486d5536aa,305fe01724db9ffd8e118b5b9159869db37fae70,-15.730847400036623,-48.16806009996988,-15.73081672730194,-48.16804556144383,2026-02,2026,MvjXnJNG6t9dwxeKU7NLbw,240.3485226273038,© Google,OK,2_7,160445.63819411836,8258289.407770121,82786fd1d9628451ca4e8e3a78981d74658f0e61,cardinal,4,3,270_deg_west,cardinal,270,0,90,640,640,8,batch_0008,588,datasets/df_2024_uniform/batch_0008/images/82786fd1d9628451ca4e8e3a78981d74658f0e61.jpg,https://raw.githubusercontent.com/GUIA-DD/dataset-streetview/refs/heads/main/datasets/df_2024_uniform/batch_0008/images/82786fd1d9628451ca4e8e3a78981d74658f0e61.jpg,True,downloaded,
9ea62f0a9e7da4302f5ca3dd7cd04806528ca243,7e6036ef626f86ddf98795b3c39dbe150af57dd0,-15.805237800161178,-48.10696694982008,-15.80526293296953,-48.10698958145827,2024-07,2024,7_sV8TKNV3RdQd84CtI4Kg,232.85353356538,© Google,OK,3_5,167120.7314041481,8250147.938340713,a9037ba6cae7ec7c04e449017022b5dacf471ee6,cardinal,4,0,0_deg_north,cardinal,0,0,90,640,640,8,batch_0008,589,datasets/df_2024_uniform/batch_0008/images/a9037ba6cae7ec7c04e449017022b5dacf471ee6.jpg,https://raw.githubusercontent.com/GUIA-DD/dataset-streetview/refs/heads/main/datasets/df_2024_uniform/batch_0008/images/a9037ba6cae7ec7c04e449017022b5dacf471ee6.jpg,True,downloaded,
9ea62f0a9e7da4302f5ca3dd7cd04806528ca243,7e6036ef626f86ddf98795b3c39dbe150af57dd0,-15.805237800161178,-48.10696694982008,-15.80526293296953,-48.10698958145827,2024-07,2024,7_sV8TKNV3RdQd84CtI4Kg,232.85353356538,© Google,OK,3_5,167120.7314041481,8250147.938340713,c4761f543f8189c249baf3b87a6ab5d51797085f,cardinal,4,1,90_deg_east,cardinal,90,0,90,640,640,8,batch_0008,590,datasets/df_2024_uniform/batch_0008/images/c4761f543f8189c249baf3b87a6ab5d51797085f.jpg,https://raw.githubusercontent.com/GUIA-DD/dataset-streetview/refs/heads/main/datasets/df_2024_uniform/batch_0008/images/c4761f543f8189c249baf3b87a6ab5d51797085f.jpg,True,downloaded,
9ea62f0a9e7da4302f5ca3dd7cd04806528ca243,7e6036ef626f86ddf98795b3c39dbe150af57dd0,-15.805237800161178,-48.10696694982008,-15.80526293296953,-48.10698958145827,2024-07,2024,7_sV8TKNV3RdQd84CtI4Kg,232.85353356538,© Google,OK,3_5,167120.7314041481,8250147.938340713,9b30efb6d1649e5840c22bcf102c108bc46c1282,cardinal,4,2,180_deg_south,cardinal,180,0,90,640,640,8,batch_0008,591,datasets/df_2024_uniform/batch_0008/images/9b30efb6d1649e5840c22bcf102c108bc46c1282.jpg,https://raw.githubusercontent.com/GUIA-DD/dataset-streetview/refs/heads/main/datasets/df_2024_uniform/batch_0008/images/9b30efb6d1649e5840c22bcf102c108bc46c1282.jpg,True,downloaded,
9ea62f0a9e7da4302f5ca3dd7cd04806528ca243,7e6036ef626f86ddf98795b3c39dbe150af57dd0,-15.805237800161178,-48.10696694982008,-15.80526293296953,-48.10698958145827,2024-07,2024,7_sV8TKNV3RdQd84CtI4Kg,232.85353356538,© Google,OK,3_5,167120.7314041481,8250147.938340713,8888e5e6822dd84587595fbe6b2b93e4f51b884a,cardinal,4,3,270_deg_west,cardinal,270,0,90,640,640,8,batch_0008,592,datasets/df_2024_uniform/batch_0008/images/8888e5e6822dd84587595fbe6b2b93e4f51b884a.jpg,https://raw.githubusercontent.com/GUIA-DD/dataset-streetview/refs/heads/main/datasets/df_2024_uniform/batch_0008/images/8888e5e6822dd84587595fbe6b2b93e4f51b884a.jpg,True,downloaded,
9efcc3a2e4011ede09fe65a6cdaf93ddf8628049,c50936bab2521c7c1651c4a24f1c4aaa02490aa5,-15.728754347640152,-47.60479137722338,-15.72878749835081,-47.60477713525166,2025-07,2025,juDP7N0BeQi_vGxer5gn8g,127.97267057049608,© Google,OK,14_7,220853.82041218245,8259346.966058853,728b2911b1addd6f8e4b90777223fb85be744cc5,cardinal,4,0,0_deg_north,cardinal,0,0,90,640,640,8,batch_0008,593,datasets/df_2024_uniform/batch_0008/images/728b2911b1addd6f8e4b90777223fb85be744cc5.jpg,https://raw.githubusercontent.com/GUIA-DD/dataset-streetview/refs/heads/main/datasets/df_2024_uniform/batch_0008/images/728b2911b1addd6f8e4b90777223fb85be744cc5.jpg,True,downloaded,
9efcc3a2e4011ede09fe65a6cdaf93ddf8628049,c50936bab2521c7c1651c4a24f1c4aaa02490aa5,-15.728754347640152,-47.60479137722338,-15.72878749835081,-47.60477713525166,2025-07,2025,juDP7N0BeQi_vGxer5gn8g,127.97267057049608,© Google,OK,14_7,220853.82041218245,8259346.966058853,4c5df1d9f4e0f7b4a1e2e7e1323ea7036b40a10e,cardinal,4,1,90_deg_east,cardinal,90,0,90,640,640,8,batch_0008,594,datasets/df_2024_uniform/batch_0008/images/4c5df1d9f4e0f7b4a1e2e7e1323ea7036b40a10e.jpg,https://raw.githubusercontent.com/GUIA-DD/dataset-streetview/refs/heads/main/datasets/df_2024_uniform/batch_0008/images/4c5df1d9f4e0f7b4a1e2e7e1323ea7036b40a10e.jpg,True,downloaded,
9efcc3a2e4011ede09fe65a6cdaf93ddf8628049,c50936bab2521c7c1651c4a24f1c4aaa02490aa5,-15.728754347640152,-47.60479137722338,-15.72878749835081,-47.60477713525166,2025-07,2025,juDP7N0BeQi_vGxer5gn8g,127.97267057049608,© Google,OK,14_7,220853.82041218245,8259346.966058853,0a5a18a21961e1e852233842f0e2c975d3642291,cardinal,4,2,180_deg_south,cardinal,180,0,90,640,640,8,batch_0008,595,datasets/df_2024_uniform/batch_0008/images/0a5a18a21961e1e852233842f0e2c975d3642291.jpg,https://raw.githubusercontent.com/GUIA-DD/dataset-streetview/refs/heads/main/datasets/df_2024_uniform/batch_0008/images/0a5a18a21961e1e852233842f0e2c975d3642291.jpg,True,downloaded,
9efcc3a2e4011ede09fe65a6cdaf93ddf8628049,c50936bab2521c7c1651c4a24f1c4aaa02490aa5,-15.728754347640152,-47.60479137722338,-15.72878749835081,-47.60477713525166,2025-07,2025,juDP7N0BeQi_vGxer5gn8g,127.97267057049608,© Google,OK,14_7,220853.82041218245,8259346.966058853,ba78b9da8d333d38f21f94a950c0a248672050b7,cardinal,4,3,270_deg_west,cardinal,270,0,90,640,640,8,batch_0008,596,datasets/df_2024_uniform/batch_0008/images/ba78b9da8d333d38f21f94a950c0a248672050b7.jpg,https://raw.githubusercontent.com/GUIA-DD/dataset-streetview/refs/heads/main/datasets/df_2024_uniform/batch_0008/images/ba78b9da8d333d38f21f94a950c0a248672050b7.jpg,True,downloaded,
9f2c8b9c67f29581a19721e9a322febf570868b1,f17eaeea0f67ed73ba8565fa4cf384542e1a9593,-15.604312689074511,-48.19827564137267,-15.60436399902674,-48.19829960992417,2024-11,2024,FEAeKCMyZd4A3PPmn09zHQ,116.808890939219,© Google,OK,1_9,156992.75052680238,8272255.438168958,2a2ef9a57e4f1a9610183e3ae6ad676f0b6f4ca7,cardinal,4,0,0_deg_north,cardinal,0,0,90,640,640,8,batch_0008,597,datasets/df_2024_uniform/batch_0008/images/2a2ef9a57e4f1a9610183e3ae6ad676f0b6f4ca7.jpg,https://raw.githubusercontent.com/GUIA-DD/dataset-streetview/refs/heads/main/datasets/df_2024_uniform/batch_0008/images/2a2ef9a57e4f1a9610183e3ae6ad676f0b6f4ca7.jpg,True,downloaded,
9f2c8b9c67f29581a19721e9a322febf570868b1,f17eaeea0f67ed73ba8565fa4cf384542e1a9593,-15.604312689074511,-48.19827564137267,-15.60436399902674,-48.19829960992417,2024-11,2024,FEAeKCMyZd4A3PPmn09zHQ,116.808890939219,© Google,OK,1_9,156992.75052680238,8272255.438168958,571eb598b6019ea1ddc786ee99f1506fcd1796c7,cardinal,4,1,90_deg_east,cardinal,90,0,90,640,640,8,batch_0008,598,datasets/df_2024_uniform/batch_0008/images/571eb598b6019ea1ddc786ee99f1506fcd1796c7.jpg,https://raw.githubusercontent.com/GUIA-DD/dataset-streetview/refs/heads/main/datasets/df_2024_uniform/batch_0008/images/571eb598b6019ea1ddc786ee99f1506fcd1796c7.jpg,True,downloaded,
9f2c8b9c67f29581a19721e9a322febf570868b1,f17eaeea0f67ed73ba8565fa4cf384542e1a9593,-15.604312689074511,-48.19827564137267,-15.60436399902674,-48.19829960992417,2024-11,2024,FEAeKCMyZd4A3PPmn09zHQ,116.808890939219,© Google,OK,1_9,156992.75052680238,8272255.438168958,9b56147bf18b483ff702db47302c5ac9dbcd6e6f,cardinal,4,2,180_deg_south,cardinal,180,0,90,640,640,8,batch_0008,599,datasets/df_2024_uniform/batch_0008/images/9b56147bf18b483ff702db47302c5ac9dbcd6e6f.jpg,https://raw.githubusercontent.com/GUIA-DD/dataset-streetview/refs/heads/main/datasets/df_2024_uniform/batch_0008/images/9b56147bf18b483ff702db47302c5ac9dbcd6e6f.jpg,True,downloaded,
9f2c8b9c67f29581a19721e9a322febf570868b1,f17eaeea0f67ed73ba8565fa4cf384542e1a9593,-15.604312689074511,-48.19827564137267,-15.60436399902674,-48.19829960992417,2024-11,2024,FEAeKCMyZd4A3PPmn09zHQ,116.808890939219,© Google,OK,1_9,156992.75052680238,8272255.438168958,12a2bacd75970c61cb594b77ec7109944c999c76,cardinal,4,3,270_deg_west,cardinal,270,0,90,640,640,8,batch_0008,600,datasets/df_2024_uniform/batch_0008/images/12a2bacd75970c61cb594b77ec7109944c999c76.jpg,https://raw.githubusercontent.com/GUIA-DD/dataset-streetview/refs/heads/main/datasets/df_2024_uniform/batch_0008/images/12a2bacd75970c61cb594b77ec7109944c999c76.jpg,True,downloaded,
a06067866a0f3a860dd044a2da456dc3a26eb944,0075bad53d52810bbfb5750fe2eb38e411bf466b,-15.82292549209875,-47.38775342789103,-15.82289515934942,-47.38772901398556,2025-07,2025,8G-c0TO2AC-IdkjKMej4Rg,110.3618294968576,© Google,OK,19_5,244243.2734446905,8249197.755898193,3e62cb4cd71dcbbfa15c2282efc8153261f6cf57,cardinal,4,0,0_deg_north,cardinal,0,0,90,640,640,8,batch_0008,601,datasets/df_2024_uniform/batch_0008/images/3e62cb4cd71dcbbfa15c2282efc8153261f6cf57.jpg,https://raw.githubusercontent.com/GUIA-DD/dataset-streetview/refs/heads/main/datasets/df_2024_uniform/batch_0008/images/3e62cb4cd71dcbbfa15c2282efc8153261f6cf57.jpg,True,downloaded,
a06067866a0f3a860dd044a2da456dc3a26eb944,0075bad53d52810bbfb5750fe2eb38e411bf466b,-15.82292549209875,-47.38775342789103,-15.82289515934942,-47.38772901398556,2025-07,2025,8G-c0TO2AC-IdkjKMej4Rg,110.3618294968576,© Google,OK,19_5,244243.2734446905,8249197.755898193,54dc0f7ae791691acd53156f3099228ff8f1a19a,cardinal,4,1,90_deg_east,cardinal,90,0,90,640,640,8,batch_0008,602,datasets/df_2024_uniform/batch_0008/images/54dc0f7ae791691acd53156f3099228ff8f1a19a.jpg,https://raw.githubusercontent.com/GUIA-DD/dataset-streetview/refs/heads/main/datasets/df_2024_uniform/batch_0008/images/54dc0f7ae791691acd53156f3099228ff8f1a19a.jpg,True,downloaded,
a06067866a0f3a860dd044a2da456dc3a26eb944,0075bad53d52810bbfb5750fe2eb38e411bf466b,-15.82292549209875,-47.38775342789103,-15.82289515934942,-47.38772901398556,2025-07,2025,8G-c0TO2AC-IdkjKMej4Rg,110.3618294968576,© Google,OK,19_5,244243.2734446905,8249197.755898193,c236e7d2a322cf2e1a11d83b95183ee284956c55,cardinal,4,2,180_deg_south,cardinal,180,0,90,640,640,8,batch_0008,603,datasets/df_2024_uniform/batch_0008/images/c236e7d2a322cf2e1a11d83b95183ee284956c55.jpg,https://raw.githubusercontent.com/GUIA-DD/dataset-streetview/refs/heads/main/datasets/df_2024_uniform/batch_0008/images/c236e7d2a322cf2e1a11d83b95183ee284956c55.jpg,True,downloaded,
a06067866a0f3a860dd044a2da456dc3a26eb944,0075bad53d52810bbfb5750fe2eb38e411bf466b,-15.82292549209875,-47.38775342789103,-15.82289515934942,-47.38772901398556,2025-07,2025,8G-c0TO2AC-IdkjKMej4Rg,110.3618294968576,© Google,OK,19_5,244243.2734446905,8249197.755898193,e3fea56567f81aee0e65a2f664edc630ab10aa46,cardinal,4,3,270_deg_west,cardinal,270,0,90,640,640,8,batch_0008,604,datasets/df_2024_uniform/batch_0008/images/e3fea56567f81aee0e65a2f664edc630ab10aa46.jpg,https://raw.githubusercontent.com/GUIA-DD/dataset-streetview/refs/heads/main/datasets/df_2024_uniform/batch_0008/images/e3fea56567f81aee0e65a2f664edc630ab10aa46.jpg,True,downloaded,
a1f5f23eb7039c1748461a03b151e3bec0924e55,034d97975695311a45c8ca1f7790f490abeab757,-15.830279109656717,-47.90804349050264,-15.83032296087915,-47.90795275019855,2024-05,2024,kkHdXuULqZRGQXOw_jQ05g,312.5111019229498,© Google,OK,7_5,188487.94967087265,8247680.215094224,530bcb1bdb87146ee44f04f8e8d87a2f3cb4aa27,cardinal,4,0,0_deg_north,cardinal,0,0,90,640,640,8,batch_0008,605,datasets/df_2024_uniform/batch_0008/images/530bcb1bdb87146ee44f04f8e8d87a2f3cb4aa27.jpg,https://raw.githubusercontent.com/GUIA-DD/dataset-streetview/refs/heads/main/datasets/df_2024_uniform/batch_0008/images/530bcb1bdb87146ee44f04f8e8d87a2f3cb4aa27.jpg,True,downloaded,
a1f5f23eb7039c1748461a03b151e3bec0924e55,034d97975695311a45c8ca1f7790f490abeab757,-15.830279109656717,-47.90804349050264,-15.83032296087915,-47.90795275019855,2024-05,2024,kkHdXuULqZRGQXOw_jQ05g,312.5111019229498,© Google,OK,7_5,188487.94967087265,8247680.215094224,dcbe9549dcd9d2e67257b485f94d202b6ea2eae9,cardinal,4,1,90_deg_east,cardinal,90,0,90,640,640,8,batch_0008,606,datasets/df_2024_uniform/batch_0008/images/dcbe9549dcd9d2e67257b485f94d202b6ea2eae9.jpg,https://raw.githubusercontent.com/GUIA-DD/dataset-streetview/refs/heads/main/datasets/df_2024_uniform/batch_0008/images/dcbe9549dcd9d2e67257b485f94d202b6ea2eae9.jpg,True,downloaded,
a1f5f23eb7039c1748461a03b151e3bec0924e55,034d97975695311a45c8ca1f7790f490abeab757,-15.830279109656717,-47.90804349050264,-15.83032296087915,-47.90795275019855,2024-05,2024,kkHdXuULqZRGQXOw_jQ05g,312.5111019229498,© Google,OK,7_5,188487.94967087265,8247680.215094224,d79b6d2149aaef5cb27b730fd68245010bda5b73,cardinal,4,2,180_deg_south,cardinal,180,0,90,640,640,8,batch_0008,607,datasets/df_2024_uniform/batch_0008/images/d79b6d2149aaef5cb27b730fd68245010bda5b73.jpg,https://raw.githubusercontent.com/GUIA-DD/dataset-streetview/refs/heads/main/datasets/df_2024_uniform/batch_0008/images/d79b6d2149aaef5cb27b730fd68245010bda5b73.jpg,True,downloaded,
a1f5f23eb7039c1748461a03b151e3bec0924e55,034d97975695311a45c8ca1f7790f490abeab757,-15.830279109656717,-47.90804349050264,-15.83032296087915,-47.90795275019855,2024-05,2024,kkHdXuULqZRGQXOw_jQ05g,312.5111019229498,© Google,OK,7_5,188487.94967087265,8247680.215094224,35b5ade71bcfef16f2dea53afac26d64cf058f09,cardinal,4,3,270_deg_west,cardinal,270,0,90,640,640,8,batch_0008,608,datasets/df_2024_uniform/batch_0008/images/35b5ade71bcfef16f2dea53afac26d64cf058f09.jpg,https://raw.githubusercontent.com/GUIA-DD/dataset-streetview/refs/heads/main/datasets/df_2024_uniform/batch_0008/images/35b5ade71bcfef16f2dea53afac26d64cf058f09.jpg,True,downloaded,
a22aad158b9f03d042744fd119738f8e0988952c,39d97ac53836e3552be78c224a7040705e285a8b,-15.94334360008439,-48.23364094993116,-15.94335506148952,-48.23360760070491,2025-05,2025,nFWmZdtPJs7c7CZacPxHpQ,240.4932351377265,© Google,OK,0_2,153773.2071813427,8234645.840619534,6d21387fc95c26fc49bf3d32fa86bb8042c5f865,cardinal,4,0,0_deg_north,cardinal,0,0,90,640,640,8,batch_0008,609,datasets/df_2024_uniform/batch_0008/images/6d21387fc95c26fc49bf3d32fa86bb8042c5f865.jpg,https://raw.githubusercontent.com/GUIA-DD/dataset-streetview/refs/heads/main/datasets/df_2024_uniform/batch_0008/images/6d21387fc95c26fc49bf3d32fa86bb8042c5f865.jpg,True,downloaded,
a22aad158b9f03d042744fd119738f8e0988952c,39d97ac53836e3552be78c224a7040705e285a8b,-15.94334360008439,-48.23364094993116,-15.94335506148952,-48.23360760070491,2025-05,2025,nFWmZdtPJs7c7CZacPxHpQ,240.4932351377265,© Google,OK,0_2,153773.2071813427,8234645.840619534,8b7a8bcb7cc95194e88c25b24e2b443218987547,cardinal,4,1,90_deg_east,cardinal,90,0,90,640,640,8,batch_0008,610,datasets/df_2024_uniform/batch_0008/images/8b7a8bcb7cc95194e88c25b24e2b443218987547.jpg,https://raw.githubusercontent.com/GUIA-DD/dataset-streetview/refs/heads/main/datasets/df_2024_uniform/batch_0008/images/8b7a8bcb7cc95194e88c25b24e2b443218987547.jpg,True,downloaded,
a22aad158b9f03d042744fd119738f8e0988952c,39d97ac53836e3552be78c224a7040705e285a8b,-15.94334360008439,-48.23364094993116,-15.94335506148952,-48.23360760070491,2025-05,2025,nFWmZdtPJs7c7CZacPxHpQ,240.4932351377265,© Google,OK,0_2,153773.2071813427,8234645.840619534,3e0c739c8d9c878845a131ea1f40679aa4d03418,cardinal,4,2,180_deg_south,cardinal,180,0,90,640,640,8,batch_0008,611,datasets/df_2024_uniform/batch_0008/images/3e0c739c8d9c878845a131ea1f40679aa4d03418.jpg,https://raw.githubusercontent.com/GUIA-DD/dataset-streetview/refs/heads/main/datasets/df_2024_uniform/batch_0008/images/3e0c739c8d9c878845a131ea1f40679aa4d03418.jpg,True,downloaded,
a22aad158b9f03d042744fd119738f8e0988952c,39d97ac53836e3552be78c224a7040705e285a8b,-15.94334360008439,-48.23364094993116,-15.94335506148952,-48.23360760070491,2025-05,2025,nFWmZdtPJs7c7CZacPxHpQ,240.4932351377265,© Google,OK,0_2,153773.2071813427,8234645.840619534,3036c72505f8b657ca02686f0e794d794c8c3c77,cardinal,4,3,270_deg_west,cardinal,270,0,90,640,640,8,batch_0008,612,datasets/df_2024_uniform/batch_0008/images/3036c72505f8b657ca02686f0e794d794c8c3c77.jpg,https://raw.githubusercontent.com/GUIA-DD/dataset-streetview/refs/heads/main/datasets/df_2024_uniform/batch_0008/images/3036c72505f8b657ca02686f0e794d794c8c3c77.jpg,True,downloaded,
a570718fd151de1023b73281a42642991ca4a7d1,284ffa1411b4726e0360bd58724030b79c1296f6,-15.936191700146958,-47.57784534996225,-15.93619014639708,-47.57781859783307,2024-09,2024,6y8VC2owrXDpqrHMxDZ0Rw,77.70370597844698,© Google,OK,15_2,224025.30165576813,8236417.294703114,aaed742804e4863975b029289796d595bca0e212,cardinal,4,0,0_deg_north,cardinal,0,0,90,640,640,8,batch_0008,613,datasets/df_2024_uniform/batch_0008/images/aaed742804e4863975b029289796d595bca0e212.jpg,https://raw.githubusercontent.com/GUIA-DD/dataset-streetview/refs/heads/main/datasets/df_2024_uniform/batch_0008/images/aaed742804e4863975b029289796d595bca0e212.jpg,True,downloaded,
a570718fd151de1023b73281a42642991ca4a7d1,284ffa1411b4726e0360bd58724030b79c1296f6,-15.936191700146958,-47.57784534996225,-15.93619014639708,-47.57781859783307,2024-09,2024,6y8VC2owrXDpqrHMxDZ0Rw,77.70370597844698,© Google,OK,15_2,224025.30165576813,8236417.294703114,ca374c5538dc951efbab6da1731fb05d86018cf6,cardinal,4,1,90_deg_east,cardinal,90,0,90,640,640,8,batch_0008,614,datasets/df_2024_uniform/batch_0008/images/ca374c5538dc951efbab6da1731fb05d86018cf6.jpg,https://raw.githubusercontent.com/GUIA-DD/dataset-streetview/refs/heads/main/datasets/df_2024_uniform/batch_0008/images/ca374c5538dc951efbab6da1731fb05d86018cf6.jpg,True,downloaded,
a570718fd151de1023b73281a42642991ca4a7d1,284ffa1411b4726e0360bd58724030b79c1296f6,-15.936191700146958,-47.57784534996225,-15.93619014639708,-47.57781859783307,2024-09,2024,6y8VC2owrXDpqrHMxDZ0Rw,77.70370597844698,© Google,OK,15_2,224025.30165576813,8236417.294703114,3374361707775a5b780d2a26e7bd0cccb0218c1a,cardinal,4,2,180_deg_south,cardinal,180,0,90,640,640,8,batch_0008,615,datasets/df_2024_uniform/batch_0008/images/3374361707775a5b780d2a26e7bd0cccb0218c1a.jpg,https://raw.githubusercontent.com/GUIA-DD/dataset-streetview/refs/heads/main/datasets/df_2024_uniform/batch_0008/images/3374361707775a5b780d2a26e7bd0cccb0218c1a.jpg,True,downloaded,
a570718fd151de1023b73281a42642991ca4a7d1,284ffa1411b4726e0360bd58724030b79c1296f6,-15.936191700146958,-47.57784534996225,-15.93619014639708,-47.57781859783307,2024-09,2024,6y8VC2owrXDpqrHMxDZ0Rw,77.70370597844698,© Google,OK,15_2,224025.30165576813,8236417.294703114,0c989be397e4468dd87e16dfaa4c94d8c61a9476,cardinal,4,3,270_deg_west,cardinal,270,0,90,640,640,8,batch_0008,616,datasets/df_2024_uniform/batch_0008/images/0c989be397e4468dd87e16dfaa4c94d8c61a9476.jpg,https://raw.githubusercontent.com/GUIA-DD/dataset-streetview/refs/heads/main/datasets/df_2024_uniform/batch_0008/images/0c989be397e4468dd87e16dfaa4c94d8c61a9476.jpg,True,downloaded,
a9ae3170a3c2dd24459d4b8e680aa9b1e96a10b5,19a0d54bc66fc613004cd0ca61b6f999c6c089a6,-15.791254950019525,-47.92010074993309,-15.79125167360489,-47.92011175123994,2024-05,2024,_MYQW0azJMURQLHuswLvag,18.087714277892253,© Google,OK,7_5,187135.3492922581,8251983.635906944,182d411902c442331138035ad1077e9efa4d9e19,cardinal,4,0,0_deg_north,cardinal,0,0,90,640,640,8,batch_0008,617,datasets/df_2024_uniform/batch_0008/images/182d411902c442331138035ad1077e9efa4d9e19.jpg,https://raw.githubusercontent.com/GUIA-DD/dataset-streetview/refs/heads/main/datasets/df_2024_uniform/batch_0008/images/182d411902c442331138035ad1077e9efa4d9e19.jpg,True,downloaded,
a9ae3170a3c2dd24459d4b8e680aa9b1e96a10b5,19a0d54bc66fc613004cd0ca61b6f999c6c089a6,-15.791254950019525,-47.92010074993309,-15.79125167360489,-47.92011175123994,2024-05,2024,_MYQW0azJMURQLHuswLvag,18.087714277892253,© Google,OK,7_5,187135.3492922581,8251983.635906944,e3302cb258c5295c1335efe69237b16e9a14faca,cardinal,4,1,90_deg_east,cardinal,90,0,90,640,640,8,batch_0008,618,datasets/df_2024_uniform/batch_0008/images/e3302cb258c5295c1335efe69237b16e9a14faca.jpg,https://raw.githubusercontent.com/GUIA-DD/dataset-streetview/refs/heads/main/datasets/df_2024_uniform/batch_0008/images/e3302cb258c5295c1335efe69237b16e9a14faca.jpg,True,downloaded,
a9ae3170a3c2dd24459d4b8e680aa9b1e96a10b5,19a0d54bc66fc613004cd0ca61b6f999c6c089a6,-15.791254950019525,-47.92010074993309,-15.79125167360489,-47.92011175123994,2024-05,2024,_MYQW0azJMURQLHuswLvag,18.087714277892253,© Google,OK,7_5,187135.3492922581,8251983.635906944,5c0ee3d7fe6a72b6a02a964e0403e5c238cb27e4,cardinal,4,2,180_deg_south,cardinal,180,0,90,640,640,8,batch_0008,619,datasets/df_2024_uniform/batch_0008/images/5c0ee3d7fe6a72b6a02a964e0403e5c238cb27e4.jpg,https://raw.githubusercontent.com/GUIA-DD/dataset-streetview/refs/heads/main/datasets/df_2024_uniform/batch_0008/images/5c0ee3d7fe6a72b6a02a964e0403e5c238cb27e4.jpg,True,downloaded,
a9ae3170a3c2dd24459d4b8e680aa9b1e96a10b5,19a0d54bc66fc613004cd0ca61b6f999c6c089a6,-15.791254950019525,-47.92010074993309,-15.79125167360489,-47.92011175123994,2024-05,2024,_MYQW0azJMURQLHuswLvag,18.087714277892253,© Google,OK,7_5,187135.3492922581,8251983.635906944,a3911c0f9b82859113b33d349310dcd3658e56c3,cardinal,4,3,270_deg_west,cardinal,270,0,90,640,640,8,batch_0008,620,datasets/df_2024_uniform/batch_0008/images/a3911c0f9b82859113b33d349310dcd3658e56c3.jpg,https://raw.githubusercontent.com/GUIA-DD/dataset-streetview/refs/heads/main/datasets/df_2024_uniform/batch_0008/images/a3911c0f9b82859113b33d349310dcd3658e56c3.jpg,True,downloaded,
aae87389b4ffb973fb5862f15ca2519dbf22914f,029c8b720977d3b2db0bed81e82f297eb9bfd229,-15.9768250721645,-47.812120294715164,-15.97683324119345,-47.81216307862024,2025-01,2025,aiAZXfSIRKdrDDz4M3I5Yg,41.13360733559595,© Google,OK,10_1,198988.92930605588,8231593.6821203185,ca2a8958f6c3469f13d0e4b3e9cae0519247088a,cardinal,4,0,0_deg_north,cardinal,0,0,90,640,640,8,batch_0008,621,datasets/df_2024_uniform/batch_0008/images/ca2a8958f6c3469f13d0e4b3e9cae0519247088a.jpg,https://raw.githubusercontent.com/GUIA-DD/dataset-streetview/refs/heads/main/datasets/df_2024_uniform/batch_0008/images/ca2a8958f6c3469f13d0e4b3e9cae0519247088a.jpg,True,downloaded,
aae87389b4ffb973fb5862f15ca2519dbf22914f,029c8b720977d3b2db0bed81e82f297eb9bfd229,-15.9768250721645,-47.812120294715164,-15.97683324119345,-47.81216307862024,2025-01,2025,aiAZXfSIRKdrDDz4M3I5Yg,41.13360733559595,© Google,OK,10_1,198988.92930605588,8231593.6821203185,fcee0957ff6f12643b542f1ddf1d562769db0f53,cardinal,4,1,90_deg_east,cardinal,90,0,90,640,640,8,batch_0008,622,datasets/df_2024_uniform/batch_0008/images/fcee0957ff6f12643b542f1ddf1d562769db0f53.jpg,https://raw.githubusercontent.com/GUIA-DD/dataset-streetview/refs/heads/main/datasets/df_2024_uniform/batch_0008/images/fcee0957ff6f12643b542f1ddf1d562769db0f53.jpg,True,downloaded,
aae87389b4ffb973fb5862f15ca2519dbf22914f,029c8b720977d3b2db0bed81e82f297eb9bfd229,-15.9768250721645,-47.812120294715164,-15.97683324119345,-47.81216307862024,2025-01,2025,aiAZXfSIRKdrDDz4M3I5Yg,41.13360733559595,© Google,OK,10_1,198988.92930605588,8231593.6821203185,3d7550c4b675f74ac13d953870992711556b1db4,cardinal,4,2,180_deg_south,cardinal,180,0,90,640,640,8,batch_0008,623,datasets/df_2024_uniform/batch_0008/images/3d7550c4b675f74ac13d953870992711556b1db4.jpg,https://raw.githubusercontent.com/GUIA-DD/dataset-streetview/refs/heads/main/datasets/df_2024_uniform/batch_0008/images/3d7550c4b675f74ac13d953870992711556b1db4.jpg,True,downloaded,
aae87389b4ffb973fb5862f15ca2519dbf22914f,029c8b720977d3b2db0bed81e82f297eb9bfd229,-15.9768250721645,-47.812120294715164,-15.97683324119345,-47.81216307862024,2025-01,2025,aiAZXfSIRKdrDDz4M3I5Yg,41.13360733559595,© Google,OK,10_1,198988.92930605588,8231593.6821203185,33fecde28401fdc9a5168ac094cddfc6cde19b7b,cardinal,4,3,270_deg_west,cardinal,270,0,90,640,640,8,batch_0008,624,datasets/df_2024_uniform/batch_0008/images/33fecde28401fdc9a5168ac094cddfc6cde19b7b.jpg,https://raw.githubusercontent.com/GUIA-DD/dataset-streetview/refs/heads/main/datasets/df_2024_uniform/batch_0008/images/33fecde28401fdc9a5168ac094cddfc6cde19b7b.jpg,True,downloaded,
ab13379661b2bb6fabd7aa12e1af6ca82a6f3adb,25e50235187f389c1b62fa6442e9e5b896bbc156,-15.81661356223116,-47.90609921840866,-15.81662619976238,-47.90604085378597,2024-05,2024,UFQhp-R7Lnumjm9rX8SUMQ,157.9095284593774,© Google,OK,7_5,188675.42794099275,8249196.352125463,15a42be4f51452c100186324557a36d39f181720,cardinal,4,0,0_deg_north,cardinal,0,0,90,640,640,8,batch_0008,625,datasets/df_2024_uniform/batch_0008/images/15a42be4f51452c100186324557a36d39f181720.jpg,https://raw.githubusercontent.com/GUIA-DD/dataset-streetview/refs/heads/main/datasets/df_2024_uniform/batch_0008/images/15a42be4f51452c100186324557a36d39f181720.jpg,True,downloaded,
ab13379661b2bb6fabd7aa12e1af6ca82a6f3adb,25e50235187f389c1b62fa6442e9e5b896bbc156,-15.81661356223116,-47.90609921840866,-15.81662619976238,-47.90604085378597,2024-05,2024,UFQhp-R7Lnumjm9rX8SUMQ,157.9095284593774,© Google,OK,7_5,188675.42794099275,8249196.352125463,3f3e7869234d93394bfa9388424d6bb008c6033e,cardinal,4,1,90_deg_east,cardinal,90,0,90,640,640,8,batch_0008,626,datasets/df_2024_uniform/batch_0008/images/3f3e7869234d93394bfa9388424d6bb008c6033e.jpg,https://raw.githubusercontent.com/GUIA-DD/dataset-streetview/refs/heads/main/datasets/df_2024_uniform/batch_0008/images/3f3e7869234d93394bfa9388424d6bb008c6033e.jpg,True,downloaded,
ab13379661b2bb6fabd7aa12e1af6ca82a6f3adb,25e50235187f389c1b62fa6442e9e5b896bbc156,-15.81661356223116,-47.90609921840866,-15.81662619976238,-47.90604085378597,2024-05,2024,UFQhp-R7Lnumjm9rX8SUMQ,157.9095284593774,© Google,OK,7_5,188675.42794099275,8249196.352125463,dabffdafd19ac7b2eaabc5697bb9f9ba94f53ca8,cardinal,4,2,180_deg_south,cardinal,180,0,90,640,640,8,batch_0008,627,datasets/df_2024_uniform/batch_0008/images/dabffdafd19ac7b2eaabc5697bb9f9ba94f53ca8.jpg,https://raw.githubusercontent.com/GUIA-DD/dataset-streetview/refs/heads/main/datasets/df_2024_uniform/batch_0008/images/dabffdafd19ac7b2eaabc5697bb9f9ba94f53ca8.jpg,True,downloaded,
ab13379661b2bb6fabd7aa12e1af6ca82a6f3adb,25e50235187f389c1b62fa6442e9e5b896bbc156,-15.81661356223116,-47.90609921840866,-15.81662619976238,-47.90604085378597,2024-05,2024,UFQhp-R7Lnumjm9rX8SUMQ,157.9095284593774,© Google,OK,7_5,188675.42794099275,8249196.352125463,92a5977775dc997152a92d4d102198f2cfc2b9b1,cardinal,4,3,270_deg_west,cardinal,270,0,90,640,640,8,batch_0008,628,datasets/df_2024_uniform/batch_0008/images/92a5977775dc997152a92d4d102198f2cfc2b9b1.jpg,https://raw.githubusercontent.com/GUIA-DD/dataset-streetview/refs/heads/main/datasets/df_2024_uniform/batch_0008/images/92a5977775dc997152a92d4d102198f2cfc2b9b1.jpg,True,downloaded,
ab206bab21985612298a523e1672e33fa556c2be,ff44da9ec2eb522c2230d72861e77625cd834865,-15.788039350364487,-47.802296850235024,-15.78803931095393,-47.80226461513904,2024-06,2024,bBmuoySA9Qpi72ECK9i4CA,101.12468949976856,© Google,OK,10_5,199761.1385997057,8252511.475359788,cc3130bbabf4d6741b96a6fb0dabbe791d630756,cardinal,4,0,0_deg_north,cardinal,0,0,90,640,640,8,batch_0008,629,datasets/df_2024_uniform/batch_0008/images/cc3130bbabf4d6741b96a6fb0dabbe791d630756.jpg,https://raw.githubusercontent.com/GUIA-DD/dataset-streetview/refs/heads/main/datasets/df_2024_uniform/batch_0008/images/cc3130bbabf4d6741b96a6fb0dabbe791d630756.jpg,True,downloaded,
ab206bab21985612298a523e1672e33fa556c2be,ff44da9ec2eb522c2230d72861e77625cd834865,-15.788039350364487,-47.802296850235024,-15.78803931095393,-47.80226461513904,2024-06,2024,bBmuoySA9Qpi72ECK9i4CA,101.12468949976856,© Google,OK,10_5,199761.1385997057,8252511.475359788,0860383ea5e52d25926e25a2c6b75113892fc205,cardinal,4,1,90_deg_east,cardinal,90,0,90,640,640,8,batch_0008,630,datasets/df_2024_uniform/batch_0008/images/0860383ea5e52d25926e25a2c6b75113892fc205.jpg,https://raw.githubusercontent.com/GUIA-DD/dataset-streetview/refs/heads/main/datasets/df_2024_uniform/batch_0008/images/0860383ea5e52d25926e25a2c6b75113892fc205.jpg,True,downloaded,
ab206bab21985612298a523e1672e33fa556c2be,ff44da9ec2eb522c2230d72861e77625cd834865,-15.788039350364487,-47.802296850235024,-15.78803931095393,-47.80226461513904,2024-06,2024,bBmuoySA9Qpi72ECK9i4CA,101.12468949976856,© Google,OK,10_5,199761.1385997057,8252511.475359788,9d838c4059379cccaa80d3b25a7e692ec3d254a7,cardinal,4,2,180_deg_south,cardinal,180,0,90,640,640,8,batch_0008,631,datasets/df_2024_uniform/batch_0008/images/9d838c4059379cccaa80d3b25a7e692ec3d254a7.jpg,https://raw.githubusercontent.com/GUIA-DD/dataset-streetview/refs/heads/main/datasets/df_2024_uniform/batch_0008/images/9d838c4059379cccaa80d3b25a7e692ec3d254a7.jpg,True,downloaded,
ab206bab21985612298a523e1672e33fa556c2be,ff44da9ec2eb522c2230d72861e77625cd834865,-15.788039350364487,-47.802296850235024,-15.78803931095393,-47.80226461513904,2024-06,2024,bBmuoySA9Qpi72ECK9i4CA,101.12468949976856,© Google,OK,10_5,199761.1385997057,8252511.475359788,97130be358a18e44f6d0bf46758a29f06cb5a56e,cardinal,4,3,270_deg_west,cardinal,270,0,90,640,640,8,batch_0008,632,datasets/df_2024_uniform/batch_0008/images/97130be358a18e44f6d0bf46758a29f06cb5a56e.jpg,https://raw.githubusercontent.com/GUIA-DD/dataset-streetview/refs/heads/main/datasets/df_2024_uniform/batch_0008/images/97130be358a18e44f6d0bf46758a29f06cb5a56e.jpg,True,downloaded,
abf61d96fe29247ae5d2882b58d892476b66433a,51573a16e1fe52c024876ced523e58dd636990c1,-15.64753830020456,-47.82425154996574,-15.64755782560622,-47.82426249917294,2024-07,2024,4iA3-q-fyUvZcEfUZJe4UQ,79.67056790071499,© Google,OK,9_9,197199.36519407207,8268037.272698676,260de26c14839fa1b927916934464742890bd114,cardinal,4,0,0_deg_north,cardinal,0,0,90,640,640,8,batch_0008,633,datasets/df_2024_uniform/batch_0008/images/260de26c14839fa1b927916934464742890bd114.jpg,https://raw.githubusercontent.com/GUIA-DD/dataset-streetview/refs/heads/main/datasets/df_2024_uniform/batch_0008/images/260de26c14839fa1b927916934464742890bd114.jpg,True,downloaded,
abf61d96fe29247ae5d2882b58d892476b66433a,51573a16e1fe52c024876ced523e58dd636990c1,-15.64753830020456,-47.82425154996574,-15.64755782560622,-47.82426249917294,2024-07,2024,4iA3-q-fyUvZcEfUZJe4UQ,79.67056790071499,© Google,OK,9_9,197199.36519407207,8268037.272698676,63c012d451fc165b08fce1f9e1075b784c340b68,cardinal,4,1,90_deg_east,cardinal,90,0,90,640,640,8,batch_0008,634,datasets/df_2024_uniform/batch_0008/images/63c012d451fc165b08fce1f9e1075b784c340b68.jpg,https://raw.githubusercontent.com/GUIA-DD/dataset-streetview/refs/heads/main/datasets/df_2024_uniform/batch_0008/images/63c012d451fc165b08fce1f9e1075b784c340b68.jpg,True,downloaded,
abf61d96fe29247ae5d2882b58d892476b66433a,51573a16e1fe52c024876ced523e58dd636990c1,-15.64753830020456,-47.82425154996574,-15.64755782560622,-47.82426249917294,2024-07,2024,4iA3-q-fyUvZcEfUZJe4UQ,79.67056790071499,© Google,OK,9_9,197199.36519407207,8268037.272698676,14ced2bb0954f16acbfabb0a669a3df1ab0befb8,cardinal,4,2,180_deg_south,cardinal,180,0,90,640,640,8,batch_0008,635,datasets/df_2024_uniform/batch_0008/images/14ced2bb0954f16acbfabb0a669a3df1ab0befb8.jpg,https://raw.githubusercontent.com/GUIA-DD/dataset-streetview/refs/heads/main/datasets/df_2024_uniform/batch_0008/images/14ced2bb0954f16acbfabb0a669a3df1ab0befb8.jpg,True,downloaded,
abf61d96fe29247ae5d2882b58d892476b66433a,51573a16e1fe52c024876ced523e58dd636990c1,-15.64753830020456,-47.82425154996574,-15.64755782560622,-47.82426249917294,2024-07,2024,4iA3-q-fyUvZcEfUZJe4UQ,79.67056790071499,© Google,OK,9_9,197199.36519407207,8268037.272698676,367b515e522e7ce9c93e6c1dcac82fc144695e4e,cardinal,4,3,270_deg_west,cardinal,270,0,90,640,640,8,batch_0008,636,datasets/df_2024_uniform/batch_0008/images/367b515e522e7ce9c93e6c1dcac82fc144695e4e.jpg,https://raw.githubusercontent.com/GUIA-DD/dataset-streetview/refs/heads/main/datasets/df_2024_uniform/batch_0008/images/367b515e522e7ce9c93e6c1dcac82fc144695e4e.jpg,True,downloaded,
afa8d4dc83dc55c6b6d2ceddbbfeae2692bd2097,2470c7bb12d1681f05093a19ca3417c3d03d8ac6,-15.884123500004875,-47.81440254998245,-15.88415578119988,-47.81441941022976,2025-01,2025,SnrZ_M_xN4JDGmbKerwkgQ,197.17219270812507,© Google,OK,9_3,198605.96442007608,8241855.02629243,a917c22ba5a0e34bae14b913e39fcbee058ddd86,cardinal,4,0,0_deg_north,cardinal,0,0,90,640,640,8,batch_0008,637,datasets/df_2024_uniform/batch_0008/images/a917c22ba5a0e34bae14b913e39fcbee058ddd86.jpg,https://raw.githubusercontent.com/GUIA-DD/dataset-streetview/refs/heads/main/datasets/df_2024_uniform/batch_0008/images/a917c22ba5a0e34bae14b913e39fcbee058ddd86.jpg,True,downloaded,
afa8d4dc83dc55c6b6d2ceddbbfeae2692bd2097,2470c7bb12d1681f05093a19ca3417c3d03d8ac6,-15.884123500004875,-47.81440254998245,-15.88415578119988,-47.81441941022976,2025-01,2025,SnrZ_M_xN4JDGmbKerwkgQ,197.17219270812507,© Google,OK,9_3,198605.96442007608,8241855.02629243,1ac9ad7a26ebed95bffdc5dbd7403ba99cf3332d,cardinal,4,1,90_deg_east,cardinal,90,0,90,640,640,8,batch_0008,638,datasets/df_2024_uniform/batch_0008/images/1ac9ad7a26ebed95bffdc5dbd7403ba99cf3332d.jpg,https://raw.githubusercontent.com/GUIA-DD/dataset-streetview/refs/heads/main/datasets/df_2024_uniform/batch_0008/images/1ac9ad7a26ebed95bffdc5dbd7403ba99cf3332d.jpg,True,downloaded,
afa8d4dc83dc55c6b6d2ceddbbfeae2692bd2097,2470c7bb12d1681f05093a19ca3417c3d03d8ac6,-15.884123500004875,-47.81440254998245,-15.88415578119988,-47.81441941022976,2025-01,2025,SnrZ_M_xN4JDGmbKerwkgQ,197.17219270812507,© Google,OK,9_3,198605.96442007608,8241855.02629243,d040fdb4a9d9d0258e5ba9edaf4129a59f9af099,cardinal,4,2,180_deg_south,cardinal,180,0,90,640,640,8,batch_0008,639,datasets/df_2024_uniform/batch_0008/images/d040fdb4a9d9d0258e5ba9edaf4129a59f9af099.jpg,https://raw.githubusercontent.com/GUIA-DD/dataset-streetview/refs/heads/main/datasets/df_2024_uniform/batch_0008/images/d040fdb4a9d9d0258e5ba9edaf4129a59f9af099.jpg,True,downloaded,
afa8d4dc83dc55c6b6d2ceddbbfeae2692bd2097,2470c7bb12d1681f05093a19ca3417c3d03d8ac6,-15.884123500004875,-47.81440254998245,-15.88415578119988,-47.81441941022976,2025-01,2025,SnrZ_M_xN4JDGmbKerwkgQ,197.17219270812507,© Google,OK,9_3,198605.96442007608,8241855.02629243,ebaa7e7d49f11c7c72d2e62851abe8dbca8c1278,cardinal,4,3,270_deg_west,cardinal,270,0,90,640,640,8,batch_0008,640,datasets/df_2024_uniform/batch_0008/images/ebaa7e7d49f11c7c72d2e62851abe8dbca8c1278.jpg,https://raw.githubusercontent.com/GUIA-DD/dataset-streetview/refs/heads/main/datasets/df_2024_uniform/batch_0008/images/ebaa7e7d49f11c7c72d2e62851abe8dbca8c1278.jpg,True,downloaded,
afc3d06d992ea0516725aa8ea432d528152470ad,6a8cd007ae826a604b13306d72afca55feb61d3c,-16.029228751242083,-47.80392644621321,-16.02924332437355,-47.80398276839173,2025-07,2025,_VyQMQ_05SDMMJ0AHQtC5g,21.99849064203312,© Google,OK,10_0,199944.9520024668,8225802.9966611825,098871d355959ddd64b81521eea06c339216b920,cardinal,4,0,0_deg_north,cardinal,0,0,90,640,640,8,batch_0008,641,datasets/df_2024_uniform/batch_0008/images/098871d355959ddd64b81521eea06c339216b920.jpg,https://raw.githubusercontent.com/GUIA-DD/dataset-streetview/refs/heads/main/datasets/df_2024_uniform/batch_0008/images/098871d355959ddd64b81521eea06c339216b920.jpg,True,downloaded,
afc3d06d992ea0516725aa8ea432d528152470ad,6a8cd007ae826a604b13306d72afca55feb61d3c,-16.029228751242083,-47.80392644621321,-16.02924332437355,-47.80398276839173,2025-07,2025,_VyQMQ_05SDMMJ0AHQtC5g,21.99849064203312,© Google,OK,10_0,199944.9520024668,8225802.9966611825,2c8c9faa037f3f6f310f8d3059ac9b139d61d342,cardinal,4,1,90_deg_east,cardinal,90,0,90,640,640,8,batch_0008,642,datasets/df_2024_uniform/batch_0008/images/2c8c9faa037f3f6f310f8d3059ac9b139d61d342.jpg,https://raw.githubusercontent.com/GUIA-DD/dataset-streetview/refs/heads/main/datasets/df_2024_uniform/batch_0008/images/2c8c9faa037f3f6f310f8d3059ac9b139d61d342.jpg,True,downloaded,
afc3d06d992ea0516725aa8ea432d528152470ad,6a8cd007ae826a604b13306d72afca55feb61d3c,-16.029228751242083,-47.80392644621321,-16.02924332437355,-47.80398276839173,2025-07,2025,_VyQMQ_05SDMMJ0AHQtC5g,21.99849064203312,© Google,OK,10_0,199944.9520024668,8225802.9966611825,1b517bf412e9ad14980deb0bc8e2ff7a36417791,cardinal,4,2,180_deg_south,cardinal,180,0,90,640,640,8,batch_0008,643,datasets/df_2024_uniform/batch_0008/images/1b517bf412e9ad14980deb0bc8e2ff7a36417791.jpg,https://raw.githubusercontent.com/GUIA-DD/dataset-streetview/refs/heads/main/datasets/df_2024_uniform/batch_0008/images/1b517bf412e9ad14980deb0bc8e2ff7a36417791.jpg,True,downloaded,
afc3d06d992ea0516725aa8ea432d528152470ad,6a8cd007ae826a604b13306d72afca55feb61d3c,-16.029228751242083,-47.80392644621321,-16.02924332437355,-47.80398276839173,2025-07,2025,_VyQMQ_05SDMMJ0AHQtC5g,21.99849064203312,© Google,OK,10_0,199944.9520024668,8225802.9966611825,dce9afd537777f293fb0b6d1cfb4eda02bc51232,cardinal,4,3,270_deg_west,cardinal,270,0,90,640,640,8,batch_0008,644,datasets/df_2024_uniform/batch_0008/images/dce9afd537777f293fb0b6d1cfb4eda02bc51232.jpg,https://raw.githubusercontent.com/GUIA-DD/dataset-streetview/refs/heads/main/datasets/df_2024_uniform/batch_0008/images/dce9afd537777f293fb0b6d1cfb4eda02bc51232.jpg,True,downloaded,
b032c70119b8b80e0e2cef91042c0871e0ea8ddd,5c4feafc7c7d14c7c3a6680c53dc1028871869c9,-15.92984653890818,-47.54598540121884,-15.92982141508144,-47.54599610919096,2024-09,2024,m2UGvAMzpF3sgCKCzgJo_Q,77.7278361089261,© Google,OK,15_2,227429.4690662833,8237161.675984558,bab8e468af95033c419acb34372133e875fe8bcf,cardinal,4,0,0_deg_north,cardinal,0,0,90,640,640,8,batch_0008,645,datasets/df_2024_uniform/batch_0008/images/bab8e468af95033c419acb34372133e875fe8bcf.jpg,https://raw.githubusercontent.com/GUIA-DD/dataset-streetview/refs/heads/main/datasets/df_2024_uniform/batch_0008/images/bab8e468af95033c419acb34372133e875fe8bcf.jpg,True,downloaded,
b032c70119b8b80e0e2cef91042c0871e0ea8ddd,5c4feafc7c7d14c7c3a6680c53dc1028871869c9,-15.92984653890818,-47.54598540121884,-15.92982141508144,-47.54599610919096,2024-09,2024,m2UGvAMzpF3sgCKCzgJo_Q,77.7278361089261,© Google,OK,15_2,227429.4690662833,8237161.675984558,b23cfadb9a959dc1e3149e648b94031b0a327813,cardinal,4,1,90_deg_east,cardinal,90,0,90,640,640,8,batch_0008,646,datasets/df_2024_uniform/batch_0008/images/b23cfadb9a959dc1e3149e648b94031b0a327813.jpg,https://raw.githubusercontent.com/GUIA-DD/dataset-streetview/refs/heads/main/datasets/df_2024_uniform/batch_0008/images/b23cfadb9a959dc1e3149e648b94031b0a327813.jpg,True,downloaded,
b032c70119b8b80e0e2cef91042c0871e0ea8ddd,5c4feafc7c7d14c7c3a6680c53dc1028871869c9,-15.92984653890818,-47.54598540121884,-15.92982141508144,-47.54599610919096,2024-09,2024,m2UGvAMzpF3sgCKCzgJo_Q,77.7278361089261,© Google,OK,15_2,227429.4690662833,8237161.675984558,41ed60a43bf9e280f1e4faeef4f7b271a3c55997,cardinal,4,2,180_deg_south,cardinal,180,0,90,640,640,8,batch_0008,647,datasets/df_2024_uniform/batch_0008/images/41ed60a43bf9e280f1e4faeef4f7b271a3c55997.jpg,https://raw.githubusercontent.com/GUIA-DD/dataset-streetview/refs/heads/main/datasets/df_2024_uniform/batch_0008/images/41ed60a43bf9e280f1e4faeef4f7b271a3c55997.jpg,True,downloaded,
b032c70119b8b80e0e2cef91042c0871e0ea8ddd,5c4feafc7c7d14c7c3a6680c53dc1028871869c9,-15.92984653890818,-47.54598540121884,-15.92982141508144,-47.54599610919096,2024-09,2024,m2UGvAMzpF3sgCKCzgJo_Q,77.7278361089261,© Google,OK,15_2,227429.4690662833,8237161.675984558,896d4f68f8066ac527fff65ce986b3e0eeac42e0,cardinal,4,3,270_deg_west,cardinal,270,0,90,640,640,8,batch_0008,648,datasets/df_2024_uniform/batch_0008/images/896d4f68f8066ac527fff65ce986b3e0eeac42e0.jpg,https://raw.githubusercontent.com/GUIA-DD/dataset-streetview/refs/heads/main/datasets/df_2024_uniform/batch_0008/images/896d4f68f8066ac527fff65ce986b3e0eeac42e0.jpg,True,downloaded,
b0a1d54eab3ff6deeac7b9d66b8b1085b79ac7b8,bbca02be4624aaa98ae5ee4176b895502391e6bb,-15.717894494535498,-47.70266652001938,-15.71786968350564,-47.70263109244995,2025-07,2025,Fhc3c3JJEbBwXCL9VYkGsw,351.52096637992526,© Google,OK,12_7,210342.94661559188,8260417.467337902,39cc9f3f38857ded4d433c89693e2e941b37a0c8,cardinal,4,0,0_deg_north,cardinal,0,0,90,640,640,8,batch_0008,649,datasets/df_2024_uniform/batch_0008/images/39cc9f3f38857ded4d433c89693e2e941b37a0c8.jpg,https://raw.githubusercontent.com/GUIA-DD/dataset-streetview/refs/heads/main/datasets/df_2024_uniform/batch_0008/images/39cc9f3f38857ded4d433c89693e2e941b37a0c8.jpg,True,downloaded,
b0a1d54eab3ff6deeac7b9d66b8b1085b79ac7b8,bbca02be4624aaa98ae5ee4176b895502391e6bb,-15.717894494535498,-47.70266652001938,-15.71786968350564,-47.70263109244995,2025-07,2025,Fhc3c3JJEbBwXCL9VYkGsw,351.52096637992526,© Google,OK,12_7,210342.94661559188,8260417.467337902,a61f338651eb2a54643bc5004c0cec4352f304d4,cardinal,4,1,90_deg_east,cardinal,90,0,90,640,640,8,batch_0008,650,datasets/df_2024_uniform/batch_0008/images/a61f338651eb2a54643bc5004c0cec4352f304d4.jpg,https://raw.githubusercontent.com/GUIA-DD/dataset-streetview/refs/heads/main/datasets/df_2024_uniform/batch_0008/images/a61f338651eb2a54643bc5004c0cec4352f304d4.jpg,True,downloaded,
b0a1d54eab3ff6deeac7b9d66b8b1085b79ac7b8,bbca02be4624aaa98ae5ee4176b895502391e6bb,-15.717894494535498,-47.70266652001938,-15.71786968350564,-47.70263109244995,2025-07,2025,Fhc3c3JJEbBwXCL9VYkGsw,351.52096637992526,© Google,OK,12_7,210342.94661559188,8260417.467337902,268603dd8376415a9da46cfea1210ba7d7dcb84e,cardinal,4,2,180_deg_south,cardinal,180,0,90,640,640,8,batch_0008,651,datasets/df_2024_uniform/batch_0008/images/268603dd8376415a9da46cfea1210ba7d7dcb84e.jpg,https://raw.githubusercontent.com/GUIA-DD/dataset-streetview/refs/heads/main/datasets/df_2024_uniform/batch_0008/images/268603dd8376415a9da46cfea1210ba7d7dcb84e.jpg,True,downloaded,
b0a1d54eab3ff6deeac7b9d66b8b1085b79ac7b8,bbca02be4624aaa98ae5ee4176b895502391e6bb,-15.717894494535498,-47.70266652001938,-15.71786968350564,-47.70263109244995,2025-07,2025,Fhc3c3JJEbBwXCL9VYkGsw,351.52096637992526,© Google,OK,12_7,210342.94661559188,8260417.467337902,3bea2eccead9dfbdb26d5c2aec7af37715149cde,cardinal,4,3,270_deg_west,cardinal,270,0,90,640,640,8,batch_0008,652,datasets/df_2024_uniform/batch_0008/images/3bea2eccead9dfbdb26d5c2aec7af37715149cde.jpg,https://raw.githubusercontent.com/GUIA-DD/dataset-streetview/refs/heads/main/datasets/df_2024_uniform/batch_0008/images/3bea2eccead9dfbdb26d5c2aec7af37715149cde.jpg,True,downloaded,
b180ab1ec76df30c5fb6b0e52328b53d650fba90,f1579cd3f3cfb83e37d74a45d4c80477bc44360d,-15.871183450032412,-48.09881210037764,-15.87116155416092,-48.09883334620868,2025-03,2025,Y4KXt4PPgftBPLHsLbWZ9w,333.202452656235,© Google,OK,3_4,168103.0847788109,8242857.269514807,a7f24947a67c614d2ac985fcd2b9aba354b8f549,cardinal,4,0,0_deg_north,cardinal,0,0,90,640,640,8,batch_0008,653,datasets/df_2024_uniform/batch_0008/images/a7f24947a67c614d2ac985fcd2b9aba354b8f549.jpg,https://raw.githubusercontent.com/GUIA-DD/dataset-streetview/refs/heads/main/datasets/df_2024_uniform/batch_0008/images/a7f24947a67c614d2ac985fcd2b9aba354b8f549.jpg,True,downloaded,
b180ab1ec76df30c5fb6b0e52328b53d650fba90,f1579cd3f3cfb83e37d74a45d4c80477bc44360d,-15.871183450032412,-48.09881210037764,-15.87116155416092,-48.09883334620868,2025-03,2025,Y4KXt4PPgftBPLHsLbWZ9w,333.202452656235,© Google,OK,3_4,168103.0847788109,8242857.269514807,842d632f782b8e5c8cd8b804114f81eb2c1aabda,cardinal,4,1,90_deg_east,cardinal,90,0,90,640,640,8,batch_0008,654,datasets/df_2024_uniform/batch_0008/images/842d632f782b8e5c8cd8b804114f81eb2c1aabda.jpg,https://raw.githubusercontent.com/GUIA-DD/dataset-streetview/refs/heads/main/datasets/df_2024_uniform/batch_0008/images/842d632f782b8e5c8cd8b804114f81eb2c1aabda.jpg,True,downloaded,
b180ab1ec76df30c5fb6b0e52328b53d650fba90,f1579cd3f3cfb83e37d74a45d4c80477bc44360d,-15.871183450032412,-48.09881210037764,-15.87116155416092,-48.09883334620868,2025-03,2025,Y4KXt4PPgftBPLHsLbWZ9w,333.202452656235,© Google,OK,3_4,168103.0847788109,8242857.269514807,c4a1d17d39b3571406693ebfd76173f06e9ed868,cardinal,4,2,180_deg_south,cardinal,180,0,90,640,640,8,batch_0008,655,datasets/df_2024_uniform/batch_0008/images/c4a1d17d39b3571406693ebfd76173f06e9ed868.jpg,https://raw.githubusercontent.com/GUIA-DD/dataset-streetview/refs/heads/main/datasets/df_2024_uniform/batch_0008/images/c4a1d17d39b3571406693ebfd76173f06e9ed868.jpg,True,downloaded,
b180ab1ec76df30c5fb6b0e52328b53d650fba90,f1579cd3f3cfb83e37d74a45d4c80477bc44360d,-15.871183450032412,-48.09881210037764,-15.87116155416092,-48.09883334620868,2025-03,2025,Y4KXt4PPgftBPLHsLbWZ9w,333.202452656235,© Google,OK,3_4,168103.0847788109,8242857.269514807,74900da45c36dcab7019f5acaffc3f5b3dbfe1f7,cardinal,4,3,270_deg_west,cardinal,270,0,90,640,640,8,batch_0008,656,datasets/df_2024_uniform/batch_0008/images/74900da45c36dcab7019f5acaffc3f5b3dbfe1f7.jpg,https://raw.githubusercontent.com/GUIA-DD/dataset-streetview/refs/heads/main/datasets/df_2024_uniform/batch_0008/images/74900da45c36dcab7019f5acaffc3f5b3dbfe1f7.jpg,True,downloaded,
b2f4674d3dd92c4f392c94aca091364178d49443,87b89d5b94878eede732c37dca69472dee96b527,-15.81557300000075,-47.811372049996685,-15.81560887311687,-47.811357457432,2024-12,2024,FUUdAJJqYKttehQ9nFCyBA,192.0964920794672,© Google,OK,9_5,198828.9196877509,8249449.786982054,4985bdeaba6fa23b28791711b0de61c91650ff22,cardinal,4,0,0_deg_north,cardinal,0,0,90,640,640,8,batch_0008,657,datasets/df_2024_uniform/batch_0008/images/4985bdeaba6fa23b28791711b0de61c91650ff22.jpg,https://raw.githubusercontent.com/GUIA-DD/dataset-streetview/refs/heads/main/datasets/df_2024_uniform/batch_0008/images/4985bdeaba6fa23b28791711b0de61c91650ff22.jpg,True,downloaded,
b2f4674d3dd92c4f392c94aca091364178d49443,87b89d5b94878eede732c37dca69472dee96b527,-15.81557300000075,-47.811372049996685,-15.81560887311687,-47.811357457432,2024-12,2024,FUUdAJJqYKttehQ9nFCyBA,192.0964920794672,© Google,OK,9_5,198828.9196877509,8249449.786982054,149676601ab05f6c2b256f0208429c1459992e34,cardinal,4,1,90_deg_east,cardinal,90,0,90,640,640,8,batch_0008,658,datasets/df_2024_uniform/batch_0008/images/149676601ab05f6c2b256f0208429c1459992e34.jpg,https://raw.githubusercontent.com/GUIA-DD/dataset-streetview/refs/heads/main/datasets/df_2024_uniform/batch_0008/images/149676601ab05f6c2b256f0208429c1459992e34.jpg,True,downloaded,
b2f4674d3dd92c4f392c94aca091364178d49443,87b89d5b94878eede732c37dca69472dee96b527,-15.81557300000075,-47.811372049996685,-15.81560887311687,-47.811357457432,2024-12,2024,FUUdAJJqYKttehQ9nFCyBA,192.0964920794672,© Google,OK,9_5,198828.9196877509,8249449.786982054,cd7daf16ad1355409b9c8bbdad8c5e8959006bbf,cardinal,4,2,180_deg_south,cardinal,180,0,90,640,640,8,batch_0008,659,datasets/df_2024_uniform/batch_0008/images/cd7daf16ad1355409b9c8bbdad8c5e8959006bbf.jpg,https://raw.githubusercontent.com/GUIA-DD/dataset-streetview/refs/heads/main/datasets/df_2024_uniform/batch_0008/images/cd7daf16ad1355409b9c8bbdad8c5e8959006bbf.jpg,True,downloaded,
b2f4674d3dd92c4f392c94aca091364178d49443,87b89d5b94878eede732c37dca69472dee96b527,-15.81557300000075,-47.811372049996685,-15.81560887311687,-47.811357457432,2024-12,2024,FUUdAJJqYKttehQ9nFCyBA,192.0964920794672,© Google,OK,9_5,198828.9196877509,8249449.786982054,f1e9900baa6691afd9bf2e1928000df8cdca5555,cardinal,4,3,270_deg_west,cardinal,270,0,90,640,640,8,batch_0008,660,datasets/df_2024_uniform/batch_0008/images/f1e9900baa6691afd9bf2e1928000df8cdca5555.jpg,https://raw.githubusercontent.com/GUIA-DD/dataset-streetview/refs/heads/main/datasets/df_2024_uniform/batch_0008/images/f1e9900baa6691afd9bf2e1928000df8cdca5555.jpg,True,downloaded,
b3bc39693c19d0cc82f54799355499d3b4f654da,7634ed7e5e9e1da0eaffbd9d9146f4326ca19439,-15.827918564585248,-47.382855584189386,-15.82789077088016,-47.38284149804324,2025-07,2025,2JsLXpCoLGpyqH0LVizYwQ,7.058558467846919,© Google,OK,19_5,244774.4224419928,8248651.01102225,9dd83f996a2093a37b9349d051217f4fdf76c199,cardinal,4,0,0_deg_north,cardinal,0,0,90,640,640,8,batch_0008,661,datasets/df_2024_uniform/batch_0008/images/9dd83f996a2093a37b9349d051217f4fdf76c199.jpg,https://raw.githubusercontent.com/GUIA-DD/dataset-streetview/refs/heads/main/datasets/df_2024_uniform/batch_0008/images/9dd83f996a2093a37b9349d051217f4fdf76c199.jpg,True,downloaded,
b3bc39693c19d0cc82f54799355499d3b4f654da,7634ed7e5e9e1da0eaffbd9d9146f4326ca19439,-15.827918564585248,-47.382855584189386,-15.82789077088016,-47.38284149804324,2025-07,2025,2JsLXpCoLGpyqH0LVizYwQ,7.058558467846919,© Google,OK,19_5,244774.4224419928,8248651.01102225,c6afb0484332137e0618cdb21f28749833fb6cfb,cardinal,4,1,90_deg_east,cardinal,90,0,90,640,640,8,batch_0008,662,datasets/df_2024_uniform/batch_0008/images/c6afb0484332137e0618cdb21f28749833fb6cfb.jpg,https://raw.githubusercontent.com/GUIA-DD/dataset-streetview/refs/heads/main/datasets/df_2024_uniform/batch_0008/images/c6afb0484332137e0618cdb21f28749833fb6cfb.jpg,True,downloaded,
b3bc39693c19d0cc82f54799355499d3b4f654da,7634ed7e5e9e1da0eaffbd9d9146f4326ca19439,-15.827918564585248,-47.382855584189386,-15.82789077088016,-47.38284149804324,2025-07,2025,2JsLXpCoLGpyqH0LVizYwQ,7.058558467846919,© Google,OK,19_5,244774.4224419928,8248651.01102225,ef6b3fdd53cdc31252ad33c7ffaf3d22c28e6cd1,cardinal,4,2,180_deg_south,cardinal,180,0,90,640,640,8,batch_0008,663,datasets/df_2024_uniform/batch_0008/images/ef6b3fdd53cdc31252ad33c7ffaf3d22c28e6cd1.jpg,https://raw.githubusercontent.com/GUIA-DD/dataset-streetview/refs/heads/main/datasets/df_2024_uniform/batch_0008/images/ef6b3fdd53cdc31252ad33c7ffaf3d22c28e6cd1.jpg,True,downloaded,
b3bc39693c19d0cc82f54799355499d3b4f654da,7634ed7e5e9e1da0eaffbd9d9146f4326ca19439,-15.827918564585248,-47.382855584189386,-15.82789077088016,-47.38284149804324,2025-07,2025,2JsLXpCoLGpyqH0LVizYwQ,7.058558467846919,© Google,OK,19_5,244774.4224419928,8248651.01102225,694f27097e76ce3f3140b8c2d053bebe455cb062,cardinal,4,3,270_deg_west,cardinal,270,0,90,640,640,8,batch_0008,664,datasets/df_2024_uniform/batch_0008/images/694f27097e76ce3f3140b8c2d053bebe455cb062.jpg,https://raw.githubusercontent.com/GUIA-DD/dataset-streetview/refs/heads/main/datasets/df_2024_uniform/batch_0008/images/694f27097e76ce3f3140b8c2d053bebe455cb062.jpg,True,downloaded,
b44b61b29f15dade5f9d1a621461f386faa74f68,ddaadc3f7838696f75e08a17910c1d9c4fcf3bd5,-15.602673900009451,-47.65486679992777,-15.60270574135462,-47.65489791615008,2024-08,2024,JxUGPX_xz1b8txkJq_Zz6w,182.1111999403062,© Google,OK,13_10,215309.3696939574,8273238.876318986,b9a4f0d70e9ead41f7ed0155775de4f7d436c602,cardinal,4,0,0_deg_north,cardinal,0,0,90,640,640,8,batch_0008,665,datasets/df_2024_uniform/batch_0008/images/b9a4f0d70e9ead41f7ed0155775de4f7d436c602.jpg,https://raw.githubusercontent.com/GUIA-DD/dataset-streetview/refs/heads/main/datasets/df_2024_uniform/batch_0008/images/b9a4f0d70e9ead41f7ed0155775de4f7d436c602.jpg,True,downloaded,
b44b61b29f15dade5f9d1a621461f386faa74f68,ddaadc3f7838696f75e08a17910c1d9c4fcf3bd5,-15.602673900009451,-47.65486679992777,-15.60270574135462,-47.65489791615008,2024-08,2024,JxUGPX_xz1b8txkJq_Zz6w,182.1111999403062,© Google,OK,13_10,215309.3696939574,8273238.876318986,526fc9264760d543aba7ad4cab266557da6fa870,cardinal,4,1,90_deg_east,cardinal,90,0,90,640,640,8,batch_0008,666,datasets/df_2024_uniform/batch_0008/images/526fc9264760d543aba7ad4cab266557da6fa870.jpg,https://raw.githubusercontent.com/GUIA-DD/dataset-streetview/refs/heads/main/datasets/df_2024_uniform/batch_0008/images/526fc9264760d543aba7ad4cab266557da6fa870.jpg,True,downloaded,
b44b61b29f15dade5f9d1a621461f386faa74f68,ddaadc3f7838696f75e08a17910c1d9c4fcf3bd5,-15.602673900009451,-47.65486679992777,-15.60270574135462,-47.65489791615008,2024-08,2024,JxUGPX_xz1b8txkJq_Zz6w,182.1111999403062,© Google,OK,13_10,215309.3696939574,8273238.876318986,5f28f37095a68bf3450beaf290b70028b74eb539,cardinal,4,2,180_deg_south,cardinal,180,0,90,640,640,8,batch_0008,667,datasets/df_2024_uniform/batch_0008/images/5f28f37095a68bf3450beaf290b70028b74eb539.jpg,https://raw.githubusercontent.com/GUIA-DD/dataset-streetview/refs/heads/main/datasets/df_2024_uniform/batch_0008/images/5f28f37095a68bf3450beaf290b70028b74eb539.jpg,True,downloaded,
b44b61b29f15dade5f9d1a621461f386faa74f68,ddaadc3f7838696f75e08a17910c1d9c4fcf3bd5,-15.602673900009451,-47.65486679992777,-15.60270574135462,-47.65489791615008,2024-08,2024,JxUGPX_xz1b8txkJq_Zz6w,182.1111999403062,© Google,OK,13_10,215309.3696939574,8273238.876318986,6be9746125b62cada39d790760b1e288af55f683,cardinal,4,3,270_deg_west,cardinal,270,0,90,640,640,8,batch_0008,668,datasets/df_2024_uniform/batch_0008/images/6be9746125b62cada39d790760b1e288af55f683.jpg,https://raw.githubusercontent.com/GUIA-DD/dataset-streetview/refs/heads/main/datasets/df_2024_uniform/batch_0008/images/6be9746125b62cada39d790760b1e288af55f683.jpg,True,downloaded,
b65bae4a2cf24cabe863eb724859e373872b08a9,36f18be18fe8d388865abddab07b464007d0578c,-15.942645300037348,-47.79870370005817,-15.9426755760277,-47.79867823497897,2025-05,2025,1XlTncCIDMa-rZpGEyc0Rw,298.5264324142216,© Google,OK,10_2,200375.1561411089,8235397.684785259,13b181801c55ece1af1c03828a79990885ef675b,cardinal,4,0,0_deg_north,cardinal,0,0,90,640,640,8,batch_0008,669,datasets/df_2024_uniform/batch_0008/images/13b181801c55ece1af1c03828a79990885ef675b.jpg,https://raw.githubusercontent.com/GUIA-DD/dataset-streetview/refs/heads/main/datasets/df_2024_uniform/batch_0008/images/13b181801c55ece1af1c03828a79990885ef675b.jpg,True,downloaded,
b65bae4a2cf24cabe863eb724859e373872b08a9,36f18be18fe8d388865abddab07b464007d0578c,-15.942645300037348,-47.79870370005817,-15.9426755760277,-47.79867823497897,2025-05,2025,1XlTncCIDMa-rZpGEyc0Rw,298.5264324142216,© Google,OK,10_2,200375.1561411089,8235397.684785259,51fbacfaf06f85168e280e7532f914920d7d3e18,cardinal,4,1,90_deg_east,cardinal,90,0,90,640,640,8,batch_0008,670,datasets/df_2024_uniform/batch_0008/images/51fbacfaf06f85168e280e7532f914920d7d3e18.jpg,https://raw.githubusercontent.com/GUIA-DD/dataset-streetview/refs/heads/main/datasets/df_2024_uniform/batch_0008/images/51fbacfaf06f85168e280e7532f914920d7d3e18.jpg,True,downloaded,
b65bae4a2cf24cabe863eb724859e373872b08a9,36f18be18fe8d388865abddab07b464007d0578c,-15.942645300037348,-47.79870370005817,-15.9426755760277,-47.79867823497897,2025-05,2025,1XlTncCIDMa-rZpGEyc0Rw,298.5264324142216,© Google,OK,10_2,200375.1561411089,8235397.684785259,c4e18d81f65f66ef9f13a4379efb34500624ec21,cardinal,4,2,180_deg_south,cardinal,180,0,90,640,640,8,batch_0008,671,datasets/df_2024_uniform/batch_0008/images/c4e18d81f65f66ef9f13a4379efb34500624ec21.jpg,https://raw.githubusercontent.com/GUIA-DD/dataset-streetview/refs/heads/main/datasets/df_2024_uniform/batch_0008/images/c4e18d81f65f66ef9f13a4379efb34500624ec21.jpg,True,downloaded,
b65bae4a2cf24cabe863eb724859e373872b08a9,36f18be18fe8d388865abddab07b464007d0578c,-15.942645300037348,-47.79870370005817,-15.9426755760277,-47.79867823497897,2025-05,2025,1XlTncCIDMa-rZpGEyc0Rw,298.5264324142216,© Google,OK,10_2,200375.1561411089,8235397.684785259,2b391636a2c90f2bd92558d4ec9a1f83a72ae213,cardinal,4,3,270_deg_west,cardinal,270,0,90,640,640,8,batch_0008,672,datasets/df_2024_uniform/batch_0008/images/2b391636a2c90f2bd92558d4ec9a1f83a72ae213.jpg,https://raw.githubusercontent.com/GUIA-DD/dataset-streetview/refs/heads/main/datasets/df_2024_uniform/batch_0008/images/2b391636a2c90f2bd92558d4ec9a1f83a72ae213.jpg,True,downloaded,
b7a68abe92ffdbee289a4627822a86f7def7ce0e,bbaf6e05a09c5fbf4359984d2bb0e8ef9a6ca71e,-15.923346001140462,-48.16613771190738,-15.92333259098524,-48.16612743453405,2025-07,2025,ODvLCQLLS2HTCQtYOxZLAg,15.313354615994337,© Google,OK,2_2,160973.5226186359,8236971.832866697,6df5ec4b17c9d8996397bc8e780ac5fd0b17c830,cardinal,4,0,0_deg_north,cardinal,0,0,90,640,640,8,batch_0008,673,datasets/df_2024_uniform/batch_0008/images/6df5ec4b17c9d8996397bc8e780ac5fd0b17c830.jpg,https://raw.githubusercontent.com/GUIA-DD/dataset-streetview/refs/heads/main/datasets/df_2024_uniform/batch_0008/images/6df5ec4b17c9d8996397bc8e780ac5fd0b17c830.jpg,True,downloaded,
b7a68abe92ffdbee289a4627822a86f7def7ce0e,bbaf6e05a09c5fbf4359984d2bb0e8ef9a6ca71e,-15.923346001140462,-48.16613771190738,-15.92333259098524,-48.16612743453405,2025-07,2025,ODvLCQLLS2HTCQtYOxZLAg,15.313354615994337,© Google,OK,2_2,160973.5226186359,8236971.832866697,bb538c8b100bfc8d56f02aedb51b4165eee6a888,cardinal,4,1,90_deg_east,cardinal,90,0,90,640,640,8,batch_0008,674,datasets/df_2024_uniform/batch_0008/images/bb538c8b100bfc8d56f02aedb51b4165eee6a888.jpg,https://raw.githubusercontent.com/GUIA-DD/dataset-streetview/refs/heads/main/datasets/df_2024_uniform/batch_0008/images/bb538c8b100bfc8d56f02aedb51b4165eee6a888.jpg,True,downloaded,
b7a68abe92ffdbee289a4627822a86f7def7ce0e,bbaf6e05a09c5fbf4359984d2bb0e8ef9a6ca71e,-15.923346001140462,-48.16613771190738,-15.92333259098524,-48.16612743453405,2025-07,2025,ODvLCQLLS2HTCQtYOxZLAg,15.313354615994337,© Google,OK,2_2,160973.5226186359,8236971.832866697,3de8d2681c3390d184ecaddb44adf1951e400aaa,cardinal,4,2,180_deg_south,cardinal,180,0,90,640,640,8,batch_0008,675,datasets/df_2024_uniform/batch_0008/images/3de8d2681c3390d184ecaddb44adf1951e400aaa.jpg,https://raw.githubusercontent.com/GUIA-DD/dataset-streetview/refs/heads/main/datasets/df_2024_uniform/batch_0008/images/3de8d2681c3390d184ecaddb44adf1951e400aaa.jpg,True,downloaded,
b7a68abe92ffdbee289a4627822a86f7def7ce0e,bbaf6e05a09c5fbf4359984d2bb0e8ef9a6ca71e,-15.923346001140462,-48.16613771190738,-15.92333259098524,-48.16612743453405,2025-07,2025,ODvLCQLLS2HTCQtYOxZLAg,15.313354615994337,© Google,OK,2_2,160973.5226186359,8236971.832866697,33f09516f5242e3adc6bf8fde4105aff21cb3d75,cardinal,4,3,270_deg_west,cardinal,270,0,90,640,640,8,batch_0008,676,datasets/df_2024_uniform/batch_0008/images/33f09516f5242e3adc6bf8fde4105aff21cb3d75.jpg,https://raw.githubusercontent.com/GUIA-DD/dataset-streetview/refs/heads/main/datasets/df_2024_uniform/batch_0008/images/33f09516f5242e3adc6bf8fde4105aff21cb3d75.jpg,True,downloaded,
b9d1889476564ef3a21561508ee359542bfab28d,b8442841f00f482a14892276aeb3d3797b597766,-15.728880707663317,-47.61373825064848,-15.72888565175712,-47.61375095543317,2025-07,2025,okfyvW0jqR0zXmPRhaoAZg,267.1850057417643,© Google,OK,14_7,219894.61861277223,8259321.124641527,5fa67a122f1fd063b1bf57741177b2d08d577dcd,cardinal,4,0,0_deg_north,cardinal,0,0,90,640,640,8,batch_0008,677,datasets/df_2024_uniform/batch_0008/images/5fa67a122f1fd063b1bf57741177b2d08d577dcd.jpg,https://raw.githubusercontent.com/GUIA-DD/dataset-streetview/refs/heads/main/datasets/df_2024_uniform/batch_0008/images/5fa67a122f1fd063b1bf57741177b2d08d577dcd.jpg,True,downloaded,
b9d1889476564ef3a21561508ee359542bfab28d,b8442841f00f482a14892276aeb3d3797b597766,-15.728880707663317,-47.61373825064848,-15.72888565175712,-47.61375095543317,2025-07,2025,okfyvW0jqR0zXmPRhaoAZg,267.1850057417643,© Google,OK,14_7,219894.61861277223,8259321.124641527,d6334bb49b6edd69fa26363ecf781f0bff55c4ac,cardinal,4,1,90_deg_east,cardinal,90,0,90,640,640,8,batch_0008,678,datasets/df_2024_uniform/batch_0008/images/d6334bb49b6edd69fa26363ecf781f0bff55c4ac.jpg,https://raw.githubusercontent.com/GUIA-DD/dataset-streetview/refs/heads/main/datasets/df_2024_uniform/batch_0008/images/d6334bb49b6edd69fa26363ecf781f0bff55c4ac.jpg,True,downloaded,
b9d1889476564ef3a21561508ee359542bfab28d,b8442841f00f482a14892276aeb3d3797b597766,-15.728880707663317,-47.61373825064848,-15.72888565175712,-47.61375095543317,2025-07,2025,okfyvW0jqR0zXmPRhaoAZg,267.1850057417643,© Google,OK,14_7,219894.61861277223,8259321.124641527,93f69dcf811fba174afd3c37f1a09ed69b68ab29,cardinal,4,2,180_deg_south,cardinal,180,0,90,640,640,8,batch_0008,679,datasets/df_2024_uniform/batch_0008/images/93f69dcf811fba174afd3c37f1a09ed69b68ab29.jpg,https://raw.githubusercontent.com/GUIA-DD/dataset-streetview/refs/heads/main/datasets/df_2024_uniform/batch_0008/images/93f69dcf811fba174afd3c37f1a09ed69b68ab29.jpg,True,downloaded,
b9d1889476564ef3a21561508ee359542bfab28d,b8442841f00f482a14892276aeb3d3797b597766,-15.728880707663317,-47.61373825064848,-15.72888565175712,-47.61375095543317,2025-07,2025,okfyvW0jqR0zXmPRhaoAZg,267.1850057417643,© Google,OK,14_7,219894.61861277223,8259321.124641527,8c364bd90eff0d117c5d6a55fd3fd81f3203ce73,cardinal,4,3,270_deg_west,cardinal,270,0,90,640,640,8,batch_0008,680,datasets/df_2024_uniform/batch_0008/images/8c364bd90eff0d117c5d6a55fd3fd81f3203ce73.jpg,https://raw.githubusercontent.com/GUIA-DD/dataset-streetview/refs/heads/main/datasets/df_2024_uniform/batch_0008/images/8c364bd90eff0d117c5d6a55fd3fd81f3203ce73.jpg,True,downloaded,
ba3b2a8a58652cf9507be90f9c9684b0f3b2cd40,7302bcec552e6417bb21bf720fa7e600b739fa41,-15.728612500080615,-48.08455695068017,-15.72864155559917,-48.08452990750244,2026-02,2026,JDR8YloH9_MRYX7ckwApww,330.0101529719711,© Google,OK,4_7,169399.46475345307,8258669.566951912,ff84204cc6694f92e0424e65b5e0e106eadeabe2,cardinal,4,0,0_deg_north,cardinal,0,0,90,640,640,8,batch_0008,681,datasets/df_2024_uniform/batch_0008/images/ff84204cc6694f92e0424e65b5e0e106eadeabe2.jpg,https://raw.githubusercontent.com/GUIA-DD/dataset-streetview/refs/heads/main/datasets/df_2024_uniform/batch_0008/images/ff84204cc6694f92e0424e65b5e0e106eadeabe2.jpg,True,downloaded,
ba3b2a8a58652cf9507be90f9c9684b0f3b2cd40,7302bcec552e6417bb21bf720fa7e600b739fa41,-15.728612500080615,-48.08455695068017,-15.72864155559917,-48.08452990750244,2026-02,2026,JDR8YloH9_MRYX7ckwApww,330.0101529719711,© Google,OK,4_7,169399.46475345307,8258669.566951912,ce2841903847d463b24059c558122ff28394a19b,cardinal,4,1,90_deg_east,cardinal,90,0,90,640,640,8,batch_0008,682,datasets/df_2024_uniform/batch_0008/images/ce2841903847d463b24059c558122ff28394a19b.jpg,https://raw.githubusercontent.com/GUIA-DD/dataset-streetview/refs/heads/main/datasets/df_2024_uniform/batch_0008/images/ce2841903847d463b24059c558122ff28394a19b.jpg,True,downloaded,
ba3b2a8a58652cf9507be90f9c9684b0f3b2cd40,7302bcec552e6417bb21bf720fa7e600b739fa41,-15.728612500080615,-48.08455695068017,-15.72864155559917,-48.08452990750244,2026-02,2026,JDR8YloH9_MRYX7ckwApww,330.0101529719711,© Google,OK,4_7,169399.46475345307,8258669.566951912,c19cd3feb34e16f3599d84e2a570d145e89d59d8,cardinal,4,2,180_deg_south,cardinal,180,0,90,640,640,8,batch_0008,683,datasets/df_2024_uniform/batch_0008/images/c19cd3feb34e16f3599d84e2a570d145e89d59d8.jpg,https://raw.githubusercontent.com/GUIA-DD/dataset-streetview/refs/heads/main/datasets/df_2024_uniform/batch_0008/images/c19cd3feb34e16f3599d84e2a570d145e89d59d8.jpg,True,downloaded,
ba3b2a8a58652cf9507be90f9c9684b0f3b2cd40,7302bcec552e6417bb21bf720fa7e600b739fa41,-15.728612500080615,-48.08455695068017,-15.72864155559917,-48.08452990750244,2026-02,2026,JDR8YloH9_MRYX7ckwApww,330.0101529719711,© Google,OK,4_7,169399.46475345307,8258669.566951912,e2914fda3a8ca994196fba4af88c173a9808aca9,cardinal,4,3,270_deg_west,cardinal,270,0,90,640,640,8,batch_0008,684,datasets/df_2024_uniform/batch_0008/images/e2914fda3a8ca994196fba4af88c173a9808aca9.jpg,https://raw.githubusercontent.com/GUIA-DD/dataset-streetview/refs/heads/main/datasets/df_2024_uniform/batch_0008/images/e2914fda3a8ca994196fba4af88c173a9808aca9.jpg,True,downloaded,
ba957737227c3778f5194ce66115e029ce334ccf,0080e4be8443b884e0239fc29eda2eecf015cf01,-15.931219308480236,-47.39779201881674,-15.93119259816059,-47.39777821081208,2024-10,2024,PUaBhnkzMh92e7VvAGwcRg,355.8229578211578,© Google,OK,18_2,243304.81190541,8237197.792065838,5bb6383fd030a8a7e7b12f62fa905a8b361221ed,cardinal,4,0,0_deg_north,cardinal,0,0,90,640,640,8,batch_0008,685,datasets/df_2024_uniform/batch_0008/images/5bb6383fd030a8a7e7b12f62fa905a8b361221ed.jpg,https://raw.githubusercontent.com/GUIA-DD/dataset-streetview/refs/heads/main/datasets/df_2024_uniform/batch_0008/images/5bb6383fd030a8a7e7b12f62fa905a8b361221ed.jpg,True,downloaded,
ba957737227c3778f5194ce66115e029ce334ccf,0080e4be8443b884e0239fc29eda2eecf015cf01,-15.931219308480236,-47.39779201881674,-15.93119259816059,-47.39777821081208,2024-10,2024,PUaBhnkzMh92e7VvAGwcRg,355.8229578211578,© Google,OK,18_2,243304.81190541,8237197.792065838,2f0567064d41f60e2cd5709870f8616e206f5ff0,cardinal,4,1,90_deg_east,cardinal,90,0,90,640,640,8,batch_0008,686,datasets/df_2024_uniform/batch_0008/images/2f0567064d41f60e2cd5709870f8616e206f5ff0.jpg,https://raw.githubusercontent.com/GUIA-DD/dataset-streetview/refs/heads/main/datasets/df_2024_uniform/batch_0008/images/2f0567064d41f60e2cd5709870f8616e206f5ff0.jpg,True,downloaded,
ba957737227c3778f5194ce66115e029ce334ccf,0080e4be8443b884e0239fc29eda2eecf015cf01,-15.931219308480236,-47.39779201881674,-15.93119259816059,-47.39777821081208,2024-10,2024,PUaBhnkzMh92e7VvAGwcRg,355.8229578211578,© Google,OK,18_2,243304.81190541,8237197.792065838,9063c191970ba73411a567718f21fc9f84f29e7f,cardinal,4,2,180_deg_south,cardinal,180,0,90,640,640,8,batch_0008,687,datasets/df_2024_uniform/batch_0008/images/9063c191970ba73411a567718f21fc9f84f29e7f.jpg,https://raw.githubusercontent.com/GUIA-DD/dataset-streetview/refs/heads/main/datasets/df_2024_uniform/batch_0008/images/9063c191970ba73411a567718f21fc9f84f29e7f.jpg,True,downloaded,
ba957737227c3778f5194ce66115e029ce334ccf,0080e4be8443b884e0239fc29eda2eecf015cf01,-15.931219308480236,-47.39779201881674,-15.93119259816059,-47.39777821081208,2024-10,2024,PUaBhnkzMh92e7VvAGwcRg,355.8229578211578,© Google,OK,18_2,243304.81190541,8237197.792065838,304931b418fc6c4082a9ba295aa5add93eccbe7c,cardinal,4,3,270_deg_west,cardinal,270,0,90,640,640,8,batch_0008,688,datasets/df_2024_uniform/batch_0008/images/304931b418fc6c4082a9ba295aa5add93eccbe7c.jpg,https://raw.githubusercontent.com/GUIA-DD/dataset-streetview/refs/heads/main/datasets/df_2024_uniform/batch_0008/images/304931b418fc6c4082a9ba295aa5add93eccbe7c.jpg,True,downloaded,
bd6634f1dc15b987d291590632f48ea1a485f7e0,9d41e45c992cd6d6c563783917a142f6e5143d0f,-16.020405950000516,-47.80113549999583,-16.02036332224709,-47.80116618000015,2025-07,2025,j3N3BuIO_hXlOnNcFMH9PQ,1.5467927380745887,© Google,OK,10_0,200230.62593673368,8226783.96387405,9229651c5d5b92927841caaf492f74b5e68bd4c6,cardinal,4,0,0_deg_north,cardinal,0,0,90,640,640,8,batch_0008,689,datasets/df_2024_uniform/batch_0008/images/9229651c5d5b92927841caaf492f74b5e68bd4c6.jpg,https://raw.githubusercontent.com/GUIA-DD/dataset-streetview/refs/heads/main/datasets/df_2024_uniform/batch_0008/images/9229651c5d5b92927841caaf492f74b5e68bd4c6.jpg,True,downloaded,
bd6634f1dc15b987d291590632f48ea1a485f7e0,9d41e45c992cd6d6c563783917a142f6e5143d0f,-16.020405950000516,-47.80113549999583,-16.02036332224709,-47.80116618000015,2025-07,2025,j3N3BuIO_hXlOnNcFMH9PQ,1.5467927380745887,© Google,OK,10_0,200230.62593673368,8226783.96387405,b30ece418e4cc7bd042e9d85833407aad17dd1f2,cardinal,4,1,90_deg_east,cardinal,90,0,90,640,640,8,batch_0008,690,datasets/df_2024_uniform/batch_0008/images/b30ece418e4cc7bd042e9d85833407aad17dd1f2.jpg,https://raw.githubusercontent.com/GUIA-DD/dataset-streetview/refs/heads/main/datasets/df_2024_uniform/batch_0008/images/b30ece418e4cc7bd042e9d85833407aad17dd1f2.jpg,True,downloaded,
bd6634f1dc15b987d291590632f48ea1a485f7e0,9d41e45c992cd6d6c563783917a142f6e5143d0f,-16.020405950000516,-47.80113549999583,-16.02036332224709,-47.80116618000015,2025-07,2025,j3N3BuIO_hXlOnNcFMH9PQ,1.5467927380745887,© Google,OK,10_0,200230.62593673368,8226783.96387405,3d52b5586509c45e8defda1563be6af08d05ecba,cardinal,4,2,180_deg_south,cardinal,180,0,90,640,640,8,batch_0008,691,datasets/df_2024_uniform/batch_0008/images/3d52b5586509c45e8defda1563be6af08d05ecba.jpg,https://raw.githubusercontent.com/GUIA-DD/dataset-streetview/refs/heads/main/datasets/df_2024_uniform/batch_0008/images/3d52b5586509c45e8defda1563be6af08d05ecba.jpg,True,downloaded,
bd6634f1dc15b987d291590632f48ea1a485f7e0,9d41e45c992cd6d6c563783917a142f6e5143d0f,-16.020405950000516,-47.80113549999583,-16.02036332224709,-47.80116618000015,2025-07,2025,j3N3BuIO_hXlOnNcFMH9PQ,1.5467927380745887,© Google,OK,10_0,200230.62593673368,8226783.96387405,5620b631102cf4619ffbc58f770b83f2a5a4da4b,cardinal,4,3,270_deg_west,cardinal,270,0,90,640,640,8,batch_0008,692,datasets/df_2024_uniform/batch_0008/images/5620b631102cf4619ffbc58f770b83f2a5a4da4b.jpg,https://raw.githubusercontent.com/GUIA-DD/dataset-streetview/refs/heads/main/datasets/df_2024_uniform/batch_0008/images/5620b631102cf4619ffbc58f770b83f2a5a4da4b.jpg,True,downloaded,
bdf6275d55e0bcf13258b5518006968f9684dd7d,92a5d2b3c8956a0d7987d772f1abe37b893ad119,-15.849607650293498,-48.11059169966826,-15.84963712975021,-48.11061378355074,2026-01,2026,6c3Bdl7iRS-VVMwOl_Fx4g,52.52151954628552,© Google,OK,3_4,166804.8859352483,8245228.117442361,c204c7932c88b3a3b6d323235f958394728b58fa,cardinal,4,0,0_deg_north,cardinal,0,0,90,640,640,8,batch_0008,693,datasets/df_2024_uniform/batch_0008/images/c204c7932c88b3a3b6d323235f958394728b58fa.jpg,https://raw.githubusercontent.com/GUIA-DD/dataset-streetview/refs/heads/main/datasets/df_2024_uniform/batch_0008/images/c204c7932c88b3a3b6d323235f958394728b58fa.jpg,True,downloaded,
bdf6275d55e0bcf13258b5518006968f9684dd7d,92a5d2b3c8956a0d7987d772f1abe37b893ad119,-15.849607650293498,-48.11059169966826,-15.84963712975021,-48.11061378355074,2026-01,2026,6c3Bdl7iRS-VVMwOl_Fx4g,52.52151954628552,© Google,OK,3_4,166804.8859352483,8245228.117442361,249287d52181b45dc7ecbd7cb705916fe83c8f4f,cardinal,4,1,90_deg_east,cardinal,90,0,90,640,640,8,batch_0008,694,datasets/df_2024_uniform/batch_0008/images/249287d52181b45dc7ecbd7cb705916fe83c8f4f.jpg,https://raw.githubusercontent.com/GUIA-DD/dataset-streetview/refs/heads/main/datasets/df_2024_uniform/batch_0008/images/249287d52181b45dc7ecbd7cb705916fe83c8f4f.jpg,True,downloaded,
bdf6275d55e0bcf13258b5518006968f9684dd7d,92a5d2b3c8956a0d7987d772f1abe37b893ad119,-15.849607650293498,-48.11059169966826,-15.84963712975021,-48.11061378355074,2026-01,2026,6c3Bdl7iRS-VVMwOl_Fx4g,52.52151954628552,© Google,OK,3_4,166804.8859352483,8245228.117442361,dff72b369a09bfb3760a36f27274baf87407ce0a,cardinal,4,2,180_deg_south,cardinal,180,0,90,640,640,8,batch_0008,695,datasets/df_2024_uniform/batch_0008/images/dff72b369a09bfb3760a36f27274baf87407ce0a.jpg,https://raw.githubusercontent.com/GUIA-DD/dataset-streetview/refs/heads/main/datasets/df_2024_uniform/batch_0008/images/dff72b369a09bfb3760a36f27274baf87407ce0a.jpg,True,downloaded,
bdf6275d55e0bcf13258b5518006968f9684dd7d,92a5d2b3c8956a0d7987d772f1abe37b893ad119,-15.849607650293498,-48.11059169966826,-15.84963712975021,-48.11061378355074,2026-01,2026,6c3Bdl7iRS-VVMwOl_Fx4g,52.52151954628552,© Google,OK,3_4,166804.8859352483,8245228.117442361,f0d807b9a0fc4da1235d85e932236209a8a59a2e,cardinal,4,3,270_deg_west,cardinal,270,0,90,640,640,8,batch_0008,696,datasets/df_2024_uniform/batch_0008/images/f0d807b9a0fc4da1235d85e932236209a8a59a2e.jpg,https://raw.githubusercontent.com/GUIA-DD/dataset-streetview/refs/heads/main/datasets/df_2024_uniform/batch_0008/images/f0d807b9a0fc4da1235d85e932236209a8a59a2e.jpg,True,downloaded,
be12b7c66d3bc6a90090eb8b4fa41700a73914d4,c44bd945d333723b8aa7ef78c100953a9ed6fe36,-15.867311900015672,-48.079639950224525,-15.86735167613855,-48.07964309627204,2025-06,2025,1whCvT1B2Jd94ApkTHCpHw,154.88125256982,© Google,OK,4_4,170151.90088422142,8243316.376504189,4feec05b6c50dd0e45918ba132cb1c7efbcfe85f,cardinal,4,0,0_deg_north,cardinal,0,0,90,640,640,8,batch_0008,697,datasets/df_2024_uniform/batch_0008/images/4feec05b6c50dd0e45918ba132cb1c7efbcfe85f.jpg,https://raw.githubusercontent.com/GUIA-DD/dataset-streetview/refs/heads/main/datasets/df_2024_uniform/batch_0008/images/4feec05b6c50dd0e45918ba132cb1c7efbcfe85f.jpg,True,downloaded,
be12b7c66d3bc6a90090eb8b4fa41700a73914d4,c44bd945d333723b8aa7ef78c100953a9ed6fe36,-15.867311900015672,-48.079639950224525,-15.86735167613855,-48.07964309627204,2025-06,2025,1whCvT1B2Jd94ApkTHCpHw,154.88125256982,© Google,OK,4_4,170151.90088422142,8243316.376504189,40d23a9a6f8c54d0e97fa75d201f578c3cddf9a0,cardinal,4,1,90_deg_east,cardinal,90,0,90,640,640,8,batch_0008,698,datasets/df_2024_uniform/batch_0008/images/40d23a9a6f8c54d0e97fa75d201f578c3cddf9a0.jpg,https://raw.githubusercontent.com/GUIA-DD/dataset-streetview/refs/heads/main/datasets/df_2024_uniform/batch_0008/images/40d23a9a6f8c54d0e97fa75d201f578c3cddf9a0.jpg,True,downloaded,
be12b7c66d3bc6a90090eb8b4fa41700a73914d4,c44bd945d333723b8aa7ef78c100953a9ed6fe36,-15.867311900015672,-48.079639950224525,-15.86735167613855,-48.07964309627204,2025-06,2025,1whCvT1B2Jd94ApkTHCpHw,154.88125256982,© Google,OK,4_4,170151.90088422142,8243316.376504189,5024008e53675cb6a63d3ad16a2cc3bd1d19c454,cardinal,4,2,180_deg_south,cardinal,180,0,90,640,640,8,batch_0008,699,datasets/df_2024_uniform/batch_0008/images/5024008e53675cb6a63d3ad16a2cc3bd1d19c454.jpg,https://raw.githubusercontent.com/GUIA-DD/dataset-streetview/refs/heads/main/datasets/df_2024_uniform/batch_0008/images/5024008e53675cb6a63d3ad16a2cc3bd1d19c454.jpg,True,downloaded,
be12b7c66d3bc6a90090eb8b4fa41700a73914d4,c44bd945d333723b8aa7ef78c100953a9ed6fe36,-15.867311900015672,-48.079639950224525,-15.86735167613855,-48.07964309627204,2025-06,2025,1whCvT1B2Jd94ApkTHCpHw,154.88125256982,© Google,OK,4_4,170151.90088422142,8243316.376504189,4c42d3349b5ab5c4c4ca11cf9fb11033820f4bab,cardinal,4,3,270_deg_west,cardinal,270,0,90,640,640,8,batch_0008,700,datasets/df_2024_uniform/batch_0008/images/4c42d3349b5ab5c4c4ca11cf9fb11033820f4bab.jpg,https://raw.githubusercontent.com/GUIA-DD/dataset-streetview/refs/heads/main/datasets/df_2024_uniform/batch_0008/images/4c42d3349b5ab5c4c4ca11cf9fb11033820f4bab.jpg,True,downloaded,
be22390d3cb6ac25e025d563430cb0a9b16ece8d,8996e10a49046fff2c1ef49806c71ba76025661e,-15.581411162929111,-47.67693296801448,-15.58139113290022,-47.67694140048601,2024-08,2024,kFf5YG-tYVsxb1BFl352rQ,32.82146721371458,© Google,OK,12_10,212912.0756413281,8275563.313329737,2ea2378c0b6c95b55f7b7f7c29b2f4307f21cc28,cardinal,4,0,0_deg_north,cardinal,0,0,90,640,640,8,batch_0008,701,datasets/df_2024_uniform/batch_0008/images/2ea2378c0b6c95b55f7b7f7c29b2f4307f21cc28.jpg,https://raw.githubusercontent.com/GUIA-DD/dataset-streetview/refs/heads/main/datasets/df_2024_uniform/batch_0008/images/2ea2378c0b6c95b55f7b7f7c29b2f4307f21cc28.jpg,True,downloaded,
be22390d3cb6ac25e025d563430cb0a9b16ece8d,8996e10a49046fff2c1ef49806c71ba76025661e,-15.581411162929111,-47.67693296801448,-15.58139113290022,-47.67694140048601,2024-08,2024,kFf5YG-tYVsxb1BFl352rQ,32.82146721371458,© Google,OK,12_10,212912.0756413281,8275563.313329737,698f20290a0ea0d6f6657d4862439e37d4d62019,cardinal,4,1,90_deg_east,cardinal,90,0,90,640,640,8,batch_0008,702,datasets/df_2024_uniform/batch_0008/images/698f20290a0ea0d6f6657d4862439e37d4d62019.jpg,https://raw.githubusercontent.com/GUIA-DD/dataset-streetview/refs/heads/main/datasets/df_2024_uniform/batch_0008/images/698f20290a0ea0d6f6657d4862439e37d4d62019.jpg,True,downloaded,
be22390d3cb6ac25e025d563430cb0a9b16ece8d,8996e10a49046fff2c1ef49806c71ba76025661e,-15.581411162929111,-47.67693296801448,-15.58139113290022,-47.67694140048601,2024-08,2024,kFf5YG-tYVsxb1BFl352rQ,32.82146721371458,© Google,OK,12_10,212912.0756413281,8275563.313329737,34c889342a1d04c44e21a79b8b56dc3ec5679bdb,cardinal,4,2,180_deg_south,cardinal,180,0,90,640,640,8,batch_0008,703,datasets/df_2024_uniform/batch_0008/images/34c889342a1d04c44e21a79b8b56dc3ec5679bdb.jpg,https://raw.githubusercontent.com/GUIA-DD/dataset-streetview/refs/heads/main/datasets/df_2024_uniform/batch_0008/images/34c889342a1d04c44e21a79b8b56dc3ec5679bdb.jpg,True,downloaded,
be22390d3cb6ac25e025d563430cb0a9b16ece8d,8996e10a49046fff2c1ef49806c71ba76025661e,-15.581411162929111,-47.67693296801448,-15.58139113290022,-47.67694140048601,2024-08,2024,kFf5YG-tYVsxb1BFl352rQ,32.82146721371458,© Google,OK,12_10,212912.0756413281,8275563.313329737,a408406fea6dfffe526989baaa854aa4b282827b,cardinal,4,3,270_deg_west,cardinal,270,0,90,640,640,8,batch_0008,704,datasets/df_2024_uniform/batch_0008/images/a408406fea6dfffe526989baaa854aa4b282827b.jpg,https://raw.githubusercontent.com/GUIA-DD/dataset-streetview/refs/heads/main/datasets/df_2024_uniform/batch_0008/images/a408406fea6dfffe526989baaa854aa4b282827b.jpg,True,downloaded,
be9a7c2f338cb053354a0c5a9ebd5de69a61a700,ab357cc47cf7005e687c0daad6baaa0853bb5699,-15.657384500160724,-47.7934691998871,-15.65736821694947,-47.79342754435941,2024-07,2024,Oa7IpN8Owa8J2yM8aq8jUQ,244.51842678748983,© Google,OK,10_8,200516.29433158904,8266990.765974217,e38ba8f26c977dcf81fe58f8e0fd205f1be67a54,cardinal,4,0,0_deg_north,cardinal,0,0,90,640,640,8,batch_0008,705,datasets/df_2024_uniform/batch_0008/images/e38ba8f26c977dcf81fe58f8e0fd205f1be67a54.jpg,https://raw.githubusercontent.com/GUIA-DD/dataset-streetview/refs/heads/main/datasets/df_2024_uniform/batch_0008/images/e38ba8f26c977dcf81fe58f8e0fd205f1be67a54.jpg,True,downloaded,
be9a7c2f338cb053354a0c5a9ebd5de69a61a700,ab357cc47cf7005e687c0daad6baaa0853bb5699,-15.657384500160724,-47.7934691998871,-15.65736821694947,-47.79342754435941,2024-07,2024,Oa7IpN8Owa8J2yM8aq8jUQ,244.51842678748983,© Google,OK,10_8,200516.29433158904,8266990.765974217,b6db7742db639fc82489d6b59324fc5b91adbe20,cardinal,4,1,90_deg_east,cardinal,90,0,90,640,640,8,batch_0008,706,datasets/df_2024_uniform/batch_0008/images/b6db7742db639fc82489d6b59324fc5b91adbe20.jpg,https://raw.githubusercontent.com/GUIA-DD/dataset-streetview/refs/heads/main/datasets/df_2024_uniform/batch_0008/images/b6db7742db639fc82489d6b59324fc5b91adbe20.jpg,True,downloaded,
be9a7c2f338cb053354a0c5a9ebd5de69a61a700,ab357cc47cf7005e687c0daad6baaa0853bb5699,-15.657384500160724,-47.7934691998871,-15.65736821694947,-47.79342754435941,2024-07,2024,Oa7IpN8Owa8J2yM8aq8jUQ,244.51842678748983,© Google,OK,10_8,200516.29433158904,8266990.765974217,e25da55d6461091f32e23685fca24654599a43cb,cardinal,4,2,180_deg_south,cardinal,180,0,90,640,640,8,batch_0008,707,datasets/df_2024_uniform/batch_0008/images/e25da55d6461091f32e23685fca24654599a43cb.jpg,https://raw.githubusercontent.com/GUIA-DD/dataset-streetview/refs/heads/main/datasets/df_2024_uniform/batch_0008/images/e25da55d6461091f32e23685fca24654599a43cb.jpg,True,downloaded,
be9a7c2f338cb053354a0c5a9ebd5de69a61a700,ab357cc47cf7005e687c0daad6baaa0853bb5699,-15.657384500160724,-47.7934691998871,-15.65736821694947,-47.79342754435941,2024-07,2024,Oa7IpN8Owa8J2yM8aq8jUQ,244.51842678748983,© Google,OK,10_8,200516.29433158904,8266990.765974217,a14455e189036cdd7e8819d746089b7a99620d9c,cardinal,4,3,270_deg_west,cardinal,270,0,90,640,640,8,batch_0008,708,datasets/df_2024_uniform/batch_0008/images/a14455e189036cdd7e8819d746089b7a99620d9c.jpg,https://raw.githubusercontent.com/GUIA-DD/dataset-streetview/refs/heads/main/datasets/df_2024_uniform/batch_0008/images/a14455e189036cdd7e8819d746089b7a99620d9c.jpg,True,downloaded,
c28508f5476458bf7399c6198985ce42bd5caa1b,4d62fe8ed99c6b63f7f58b0c2d860d78acdc86ea,-15.835625914153807,-47.97843537025795,-15.83562729138394,-47.97842363362874,2024-06,2024,PVDtQMVnLlVwnmzxVH6HYw,249.5773479689625,© Google,OK,6_4,180950.1630684196,8246982.266104602,014a0946fe5d1671c4782075e160c2fdc27fd153,cardinal,4,0,0_deg_north,cardinal,0,0,90,640,640,8,batch_0008,709,datasets/df_2024_uniform/batch_0008/images/014a0946fe5d1671c4782075e160c2fdc27fd153.jpg,https://raw.githubusercontent.com/GUIA-DD/dataset-streetview/refs/heads/main/datasets/df_2024_uniform/batch_0008/images/014a0946fe5d1671c4782075e160c2fdc27fd153.jpg,True,downloaded,
c28508f5476458bf7399c6198985ce42bd5caa1b,4d62fe8ed99c6b63f7f58b0c2d860d78acdc86ea,-15.835625914153807,-47.97843537025795,-15.83562729138394,-47.97842363362874,2024-06,2024,PVDtQMVnLlVwnmzxVH6HYw,249.5773479689625,© Google,OK,6_4,180950.1630684196,8246982.266104602,dd85a510fe5bfe8d41971b69cf54c3c3c6c09689,cardinal,4,1,90_deg_east,cardinal,90,0,90,640,640,8,batch_0008,710,datasets/df_2024_uniform/batch_0008/images/dd85a510fe5bfe8d41971b69cf54c3c3c6c09689.jpg,https://raw.githubusercontent.com/GUIA-DD/dataset-streetview/refs/heads/main/datasets/df_2024_uniform/batch_0008/images/dd85a510fe5bfe8d41971b69cf54c3c3c6c09689.jpg,True,downloaded,
c28508f5476458bf7399c6198985ce42bd5caa1b,4d62fe8ed99c6b63f7f58b0c2d860d78acdc86ea,-15.835625914153807,-47.97843537025795,-15.83562729138394,-47.97842363362874,2024-06,2024,PVDtQMVnLlVwnmzxVH6HYw,249.5773479689625,© Google,OK,6_4,180950.1630684196,8246982.266104602,227ff6d429820f936297d6c5450ed0dd22911e56,cardinal,4,2,180_deg_south,cardinal,180,0,90,640,640,8,batch_0008,711,datasets/df_2024_uniform/batch_0008/images/227ff6d429820f936297d6c5450ed0dd22911e56.jpg,https://raw.githubusercontent.com/GUIA-DD/dataset-streetview/refs/heads/main/datasets/df_2024_uniform/batch_0008/images/227ff6d429820f936297d6c5450ed0dd22911e56.jpg,True,downloaded,
c28508f5476458bf7399c6198985ce42bd5caa1b,4d62fe8ed99c6b63f7f58b0c2d860d78acdc86ea,-15.835625914153807,-47.97843537025795,-15.83562729138394,-47.97842363362874,2024-06,2024,PVDtQMVnLlVwnmzxVH6HYw,249.5773479689625,© Google,OK,6_4,180950.1630684196,8246982.266104602,99889f06389c47dac48add342cda9924931436e8,cardinal,4,3,270_deg_west,cardinal,270,0,90,640,640,8,batch_0008,712,datasets/df_2024_uniform/batch_0008/images/99889f06389c47dac48add342cda9924931436e8.jpg,https://raw.githubusercontent.com/GUIA-DD/dataset-streetview/refs/heads/main/datasets/df_2024_uniform/batch_0008/images/99889f06389c47dac48add342cda9924931436e8.jpg,True,downloaded,
c29711f32d2cf8472bc190b6de1f8c989f55a5d2,37442d30a9b2e18432e007985d080e68d47b4dc9,-15.581960751913488,-47.43074639998677,-15.58191983781247,-47.43076882834259,2024-08,2024,ahx-2o2gKs9yBgtE9XVsfw,264.9643761681626,© Google,OK,18_10,239329.41385281744,8275818.966433242,7d4b7a9aa0a8e954c6551d260f9b185a511e6df2,cardinal,4,0,0_deg_north,cardinal,0,0,90,640,640,8,batch_0008,713,datasets/df_2024_uniform/batch_0008/images/7d4b7a9aa0a8e954c6551d260f9b185a511e6df2.jpg,https://raw.githubusercontent.com/GUIA-DD/dataset-streetview/refs/heads/main/datasets/df_2024_uniform/batch_0008/images/7d4b7a9aa0a8e954c6551d260f9b185a511e6df2.jpg,True,downloaded,
c29711f32d2cf8472bc190b6de1f8c989f55a5d2,37442d30a9b2e18432e007985d080e68d47b4dc9,-15.581960751913488,-47.43074639998677,-15.58191983781247,-47.43076882834259,2024-08,2024,ahx-2o2gKs9yBgtE9XVsfw,264.9643761681626,© Google,OK,18_10,239329.41385281744,8275818.966433242,6648796d858c1eb7633254c1c0bf3532a8c3880e,cardinal,4,1,90_deg_east,cardinal,90,0,90,640,640,8,batch_0008,714,datasets/df_2024_uniform/batch_0008/images/6648796d858c1eb7633254c1c0bf3532a8c3880e.jpg,https://raw.githubusercontent.com/GUIA-DD/dataset-streetview/refs/heads/main/datasets/df_2024_uniform/batch_0008/images/6648796d858c1eb7633254c1c0bf3532a8c3880e.jpg,True,downloaded,
c29711f32d2cf8472bc190b6de1f8c989f55a5d2,37442d30a9b2e18432e007985d080e68d47b4dc9,-15.581960751913488,-47.43074639998677,-15.58191983781247,-47.43076882834259,2024-08,2024,ahx-2o2gKs9yBgtE9XVsfw,264.9643761681626,© Google,OK,18_10,239329.41385281744,8275818.966433242,613ce225a87926fd7cfc65a76486cb167b518e0e,cardinal,4,2,180_deg_south,cardinal,180,0,90,640,640,8,batch_0008,715,datasets/df_2024_uniform/batch_0008/images/613ce225a87926fd7cfc65a76486cb167b518e0e.jpg,https://raw.githubusercontent.com/GUIA-DD/dataset-streetview/refs/heads/main/datasets/df_2024_uniform/batch_0008/images/613ce225a87926fd7cfc65a76486cb167b518e0e.jpg,True,downloaded,
c29711f32d2cf8472bc190b6de1f8c989f55a5d2,37442d30a9b2e18432e007985d080e68d47b4dc9,-15.581960751913488,-47.43074639998677,-15.58191983781247,-47.43076882834259,2024-08,2024,ahx-2o2gKs9yBgtE9XVsfw,264.9643761681626,© Google,OK,18_10,239329.41385281744,8275818.966433242,3a5b005d2c17190c797fb8c950200a9970ce2cb0,cardinal,4,3,270_deg_west,cardinal,270,0,90,640,640,8,batch_0008,716,datasets/df_2024_uniform/batch_0008/images/3a5b005d2c17190c797fb8c950200a9970ce2cb0.jpg,https://raw.githubusercontent.com/GUIA-DD/dataset-streetview/refs/heads/main/datasets/df_2024_uniform/batch_0008/images/3a5b005d2c17190c797fb8c950200a9970ce2cb0.jpg,True,downloaded,
c2b9987233cae08b115cda15c56a0a56607283a6,2cc9c56041d39a710c9ebcda2ffeedc9e1d460a8,-15.904216850000548,-47.92784654999738,-15.90425580802067,-47.92785355811858,2024-12,2024,LjjBMksbT31DeTFzLtQ4Jw,10.45193693984397,© Google,OK,7_3,186479.54538276448,8239463.066132862,b31e506a7efb0c0e0a95dae0340344a6359fdc3d,cardinal,4,0,0_deg_north,cardinal,0,0,90,640,640,8,batch_0008,717,datasets/df_2024_uniform/batch_0008/images/b31e506a7efb0c0e0a95dae0340344a6359fdc3d.jpg,https://raw.githubusercontent.com/GUIA-DD/dataset-streetview/refs/heads/main/datasets/df_2024_uniform/batch_0008/images/b31e506a7efb0c0e0a95dae0340344a6359fdc3d.jpg,True,downloaded,
c2b9987233cae08b115cda15c56a0a56607283a6,2cc9c56041d39a710c9ebcda2ffeedc9e1d460a8,-15.904216850000548,-47.92784654999738,-15.90425580802067,-47.92785355811858,2024-12,2024,LjjBMksbT31DeTFzLtQ4Jw,10.45193693984397,© Google,OK,7_3,186479.54538276448,8239463.066132862,ea7d55e2369161ee17a70ba519b3b240e1cfbe7f,cardinal,4,1,90_deg_east,cardinal,90,0,90,640,640,8,batch_0008,718,datasets/df_2024_uniform/batch_0008/images/ea7d55e2369161ee17a70ba519b3b240e1cfbe7f.jpg,https://raw.githubusercontent.com/GUIA-DD/dataset-streetview/refs/heads/main/datasets/df_2024_uniform/batch_0008/images/ea7d55e2369161ee17a70ba519b3b240e1cfbe7f.jpg,True,downloaded,
c2b9987233cae08b115cda15c56a0a56607283a6,2cc9c56041d39a710c9ebcda2ffeedc9e1d460a8,-15.904216850000548,-47.92784654999738,-15.90425580802067,-47.92785355811858,2024-12,2024,LjjBMksbT31DeTFzLtQ4Jw,10.45193693984397,© Google,OK,7_3,186479.54538276448,8239463.066132862,5a217d1ac58430fbba5143460069a0e5f8250690,cardinal,4,2,180_deg_south,cardinal,180,0,90,640,640,8,batch_0008,719,datasets/df_2024_uniform/batch_0008/images/5a217d1ac58430fbba5143460069a0e5f8250690.jpg,https://raw.githubusercontent.com/GUIA-DD/dataset-streetview/refs/heads/main/datasets/df_2024_uniform/batch_0008/images/5a217d1ac58430fbba5143460069a0e5f8250690.jpg,True,downloaded,
c2b9987233cae08b115cda15c56a0a56607283a6,2cc9c56041d39a710c9ebcda2ffeedc9e1d460a8,-15.904216850000548,-47.92784654999738,-15.90425580802067,-47.92785355811858,2024-12,2024,LjjBMksbT31DeTFzLtQ4Jw,10.45193693984397,© Google,OK,7_3,186479.54538276448,8239463.066132862,6d9ca61be26f90eb3f59e7b40f6ae344acf0e7b4,cardinal,4,3,270_deg_west,cardinal,270,0,90,640,640,8,batch_0008,720,datasets/df_2024_uniform/batch_0008/images/6d9ca61be26f90eb3f59e7b40f6ae344acf0e7b4.jpg,https://raw.githubusercontent.com/GUIA-DD/dataset-streetview/refs/heads/main/datasets/df_2024_uniform/batch_0008/images/6d9ca61be26f90eb3f59e7b40f6ae344acf0e7b4.jpg,True,downloaded,
c31ed3c8a280dcd2e17e543ac67d3e8ecb27e361,5d14414c8a2d2a45d8fcb17c41281fcdc38bdcb2,-15.901139101495891,-47.40814984340495,-15.90115007059148,-47.40814883505431,2024-09,2024,9ybTYFIf9TceGJfyHFYknA,12.998028188781808,© Google,OK,18_3,242156.9974693785,8240514.807228779,c201a06400c5aba9f3034f55cf7b89ea6cf2456a,cardinal,4,0,0_deg_north,cardinal,0,0,90,640,640,8,batch_0008,721,datasets/df_2024_uniform/batch_0008/images/c201a06400c5aba9f3034f55cf7b89ea6cf2456a.jpg,https://raw.githubusercontent.com/GUIA-DD/dataset-streetview/refs/heads/main/datasets/df_2024_uniform/batch_0008/images/c201a06400c5aba9f3034f55cf7b89ea6cf2456a.jpg,True,downloaded,
c31ed3c8a280dcd2e17e543ac67d3e8ecb27e361,5d14414c8a2d2a45d8fcb17c41281fcdc38bdcb2,-15.901139101495891,-47.40814984340495,-15.90115007059148,-47.40814883505431,2024-09,2024,9ybTYFIf9TceGJfyHFYknA,12.998028188781808,© Google,OK,18_3,242156.9974693785,8240514.807228779,3a2c9824abcba67388368bdf4a29e0cc551c593b,cardinal,4,1,90_deg_east,cardinal,90,0,90,640,640,8,batch_0008,722,datasets/df_2024_uniform/batch_0008/images/3a2c9824abcba67388368bdf4a29e0cc551c593b.jpg,https://raw.githubusercontent.com/GUIA-DD/dataset-streetview/refs/heads/main/datasets/df_2024_uniform/batch_0008/images/3a2c9824abcba67388368bdf4a29e0cc551c593b.jpg,True,downloaded,
c31ed3c8a280dcd2e17e543ac67d3e8ecb27e361,5d14414c8a2d2a45d8fcb17c41281fcdc38bdcb2,-15.901139101495891,-47.40814984340495,-15.90115007059148,-47.40814883505431,2024-09,2024,9ybTYFIf9TceGJfyHFYknA,12.998028188781808,© Google,OK,18_3,242156.9974693785,8240514.807228779,c81d1dcdf234d42c5aecabd08cd6f9c0b1f749e0,cardinal,4,2,180_deg_south,cardinal,180,0,90,640,640,8,batch_0008,723,datasets/df_2024_uniform/batch_0008/images/c81d1dcdf234d42c5aecabd08cd6f9c0b1f749e0.jpg,https://raw.githubusercontent.com/GUIA-DD/dataset-streetview/refs/heads/main/datasets/df_2024_uniform/batch_0008/images/c81d1dcdf234d42c5aecabd08cd6f9c0b1f749e0.jpg,True,downloaded,
c31ed3c8a280dcd2e17e543ac67d3e8ecb27e361,5d14414c8a2d2a45d8fcb17c41281fcdc38bdcb2,-15.901139101495891,-47.40814984340495,-15.90115007059148,-47.40814883505431,2024-09,2024,9ybTYFIf9TceGJfyHFYknA,12.998028188781808,© Google,OK,18_3,242156.9974693785,8240514.807228779,1ea6521738c436ff60de189c9146c7da50952e6d,cardinal,4,3,270_deg_west,cardinal,270,0,90,640,640,8,batch_0008,724,datasets/df_2024_uniform/batch_0008/images/1ea6521738c436ff60de189c9146c7da50952e6d.jpg,https://raw.githubusercontent.com/GUIA-DD/dataset-streetview/refs/heads/main/datasets/df_2024_uniform/batch_0008/images/1ea6521738c436ff60de189c9146c7da50952e6d.jpg,True,downloaded,
c44850449906fd4b2058478aa1e0bb5c6ea5fc37,632ead684c137c88c894a5b4922ec8fe816e3811,-15.686704763002094,-47.85809042895067,-15.68669983774766,-47.85807049497532,2024-10,2024,RYrlEOeOqg5Ukqpz5uLGdA,43.86595870527938,© Google,OK,8_8,193627.2435105625,8263651.792241807,44ce12dc49238c5c9ba281f3eeb3358df611d4b2,cardinal,4,0,0_deg_north,cardinal,0,0,90,640,640,8,batch_0008,725,datasets/df_2024_uniform/batch_0008/images/44ce12dc49238c5c9ba281f3eeb3358df611d4b2.jpg,https://raw.githubusercontent.com/GUIA-DD/dataset-streetview/refs/heads/main/datasets/df_2024_uniform/batch_0008/images/44ce12dc49238c5c9ba281f3eeb3358df611d4b2.jpg,True,downloaded,
c44850449906fd4b2058478aa1e0bb5c6ea5fc37,632ead684c137c88c894a5b4922ec8fe816e3811,-15.686704763002094,-47.85809042895067,-15.68669983774766,-47.85807049497532,2024-10,2024,RYrlEOeOqg5Ukqpz5uLGdA,43.86595870527938,© Google,OK,8_8,193627.2435105625,8263651.792241807,635aef887287b7f0d8aea8b2a5ee2d12aa6500ee,cardinal,4,1,90_deg_east,cardinal,90,0,90,640,640,8,batch_0008,726,datasets/df_2024_uniform/batch_0008/images/635aef887287b7f0d8aea8b2a5ee2d12aa6500ee.jpg,https://raw.githubusercontent.com/GUIA-DD/dataset-streetview/refs/heads/main/datasets/df_2024_uniform/batch_0008/images/635aef887287b7f0d8aea8b2a5ee2d12aa6500ee.jpg,True,downloaded,
c44850449906fd4b2058478aa1e0bb5c6ea5fc37,632ead684c137c88c894a5b4922ec8fe816e3811,-15.686704763002094,-47.85809042895067,-15.68669983774766,-47.85807049497532,2024-10,2024,RYrlEOeOqg5Ukqpz5uLGdA,43.86595870527938,© Google,OK,8_8,193627.2435105625,8263651.792241807,e0d9d240aa19dcde21a8066956a5ce145eb373c1,cardinal,4,2,180_deg_south,cardinal,180,0,90,640,640,8,batch_0008,727,datasets/df_2024_uniform/batch_0008/images/e0d9d240aa19dcde21a8066956a5ce145eb373c1.jpg,https://raw.githubusercontent.com/GUIA-DD/dataset-streetview/refs/heads/main/datasets/df_2024_uniform/batch_0008/images/e0d9d240aa19dcde21a8066956a5ce145eb373c1.jpg,True,downloaded,
c44850449906fd4b2058478aa1e0bb5c6ea5fc37,632ead684c137c88c894a5b4922ec8fe816e3811,-15.686704763002094,-47.85809042895067,-15.68669983774766,-47.85807049497532,2024-10,2024,RYrlEOeOqg5Ukqpz5uLGdA,43.86595870527938,© Google,OK,8_8,193627.2435105625,8263651.792241807,0c20e2205566d4d6613f0d5d9b52906d3823aa09,cardinal,4,3,270_deg_west,cardinal,270,0,90,640,640,8,batch_0008,728,datasets/df_2024_uniform/batch_0008/images/0c20e2205566d4d6613f0d5d9b52906d3823aa09.jpg,https://raw.githubusercontent.com/GUIA-DD/dataset-streetview/refs/heads/main/datasets/df_2024_uniform/batch_0008/images/0c20e2205566d4d6613f0d5d9b52906d3823aa09.jpg,True,downloaded,
c4568055d3e7f2640535d756907beea193958b75,bebf9edf7d35a55e52b3f37e1a60f937038018c4,-15.746303958106946,-48.171298390808886,-15.74633783698151,-48.17129392950515,2026-02,2026,e8-8d7qB5Q9qYt1sCz9Cdw,101.39327231095308,© Google,OK,2_6,160123.9807941294,8256572.2642436195,befce5586056be5e3e254862bcc7a183f825f609,cardinal,4,0,0_deg_north,cardinal,0,0,90,640,640,8,batch_0008,729,datasets/df_2024_uniform/batch_0008/images/befce5586056be5e3e254862bcc7a183f825f609.jpg,https://raw.githubusercontent.com/GUIA-DD/dataset-streetview/refs/heads/main/datasets/df_2024_uniform/batch_0008/images/befce5586056be5e3e254862bcc7a183f825f609.jpg,True,downloaded,
c4568055d3e7f2640535d756907beea193958b75,bebf9edf7d35a55e52b3f37e1a60f937038018c4,-15.746303958106946,-48.171298390808886,-15.74633783698151,-48.17129392950515,2026-02,2026,e8-8d7qB5Q9qYt1sCz9Cdw,101.39327231095308,© Google,OK,2_6,160123.9807941294,8256572.2642436195,52f46ccbc5dfe724dcd6835bc050e6f32c578aaf,cardinal,4,1,90_deg_east,cardinal,90,0,90,640,640,8,batch_0008,730,datasets/df_2024_uniform/batch_0008/images/52f46ccbc5dfe724dcd6835bc050e6f32c578aaf.jpg,https://raw.githubusercontent.com/GUIA-DD/dataset-streetview/refs/heads/main/datasets/df_2024_uniform/batch_0008/images/52f46ccbc5dfe724dcd6835bc050e6f32c578aaf.jpg,True,downloaded,
c4568055d3e7f2640535d756907beea193958b75,bebf9edf7d35a55e52b3f37e1a60f937038018c4,-15.746303958106946,-48.171298390808886,-15.74633783698151,-48.17129392950515,2026-02,2026,e8-8d7qB5Q9qYt1sCz9Cdw,101.39327231095308,© Google,OK,2_6,160123.9807941294,8256572.2642436195,43569443d10b1f3a8a02affdebefdd0907bcad1f,cardinal,4,2,180_deg_south,cardinal,180,0,90,640,640,8,batch_0008,731,datasets/df_2024_uniform/batch_0008/images/43569443d10b1f3a8a02affdebefdd0907bcad1f.jpg,https://raw.githubusercontent.com/GUIA-DD/dataset-streetview/refs/heads/main/datasets/df_2024_uniform/batch_0008/images/43569443d10b1f3a8a02affdebefdd0907bcad1f.jpg,True,downloaded,
c4568055d3e7f2640535d756907beea193958b75,bebf9edf7d35a55e52b3f37e1a60f937038018c4,-15.746303958106946,-48.171298390808886,-15.74633783698151,-48.17129392950515,2026-02,2026,e8-8d7qB5Q9qYt1sCz9Cdw,101.39327231095308,© Google,OK,2_6,160123.9807941294,8256572.2642436195,6a9b43bd7c575116cf15ffcb9563eb6ba62de09c,cardinal,4,3,270_deg_west,cardinal,270,0,90,640,640,8,batch_0008,732,datasets/df_2024_uniform/batch_0008/images/6a9b43bd7c575116cf15ffcb9563eb6ba62de09c.jpg,https://raw.githubusercontent.com/GUIA-DD/dataset-streetview/refs/heads/main/datasets/df_2024_uniform/batch_0008/images/6a9b43bd7c575116cf15ffcb9563eb6ba62de09c.jpg,True,downloaded,
c579edb00ed681cfe3f603b6c5e599a9004ca019,f6b9e328a17df8afb421e20b5cc31bfead7cddbb,-15.80279270044929,-47.80457925045946,-15.80277470448402,-47.80458356651781,2024-12,2024,RlrEGl-9xQlAQQTFk7apZQ,289.20777984875576,© Google,OK,10_5,199538.21778697232,8250874.634729076,fbc8bcf038cfda58018ce36b58c684be450d7d0b,cardinal,4,0,0_deg_north,cardinal,0,0,90,640,640,8,batch_0008,733,datasets/df_2024_uniform/batch_0008/images/fbc8bcf038cfda58018ce36b58c684be450d7d0b.jpg,https://raw.githubusercontent.com/GUIA-DD/dataset-streetview/refs/heads/main/datasets/df_2024_uniform/batch_0008/images/fbc8bcf038cfda58018ce36b58c684be450d7d0b.jpg,True,downloaded,
c579edb00ed681cfe3f603b6c5e599a9004ca019,f6b9e328a17df8afb421e20b5cc31bfead7cddbb,-15.80279270044929,-47.80457925045946,-15.80277470448402,-47.80458356651781,2024-12,2024,RlrEGl-9xQlAQQTFk7apZQ,289.20777984875576,© Google,OK,10_5,199538.21778697232,8250874.634729076,a02e4db21d791a3e0c8359d4f421163e1d95af72,cardinal,4,1,90_deg_east,cardinal,90,0,90,640,640,8,batch_0008,734,datasets/df_2024_uniform/batch_0008/images/a02e4db21d791a3e0c8359d4f421163e1d95af72.jpg,https://raw.githubusercontent.com/GUIA-DD/dataset-streetview/refs/heads/main/datasets/df_2024_uniform/batch_0008/images/a02e4db21d791a3e0c8359d4f421163e1d95af72.jpg,True,downloaded,
c579edb00ed681cfe3f603b6c5e599a9004ca019,f6b9e328a17df8afb421e20b5cc31bfead7cddbb,-15.80279270044929,-47.80457925045946,-15.80277470448402,-47.80458356651781,2024-12,2024,RlrEGl-9xQlAQQTFk7apZQ,289.20777984875576,© Google,OK,10_5,199538.21778697232,8250874.634729076,e4024ca3dbb93c2f37c17d470b07ae297ceb28b9,cardinal,4,2,180_deg_south,cardinal,180,0,90,640,640,8,batch_0008,735,datasets/df_2024_uniform/batch_0008/images/e4024ca3dbb93c2f37c17d470b07ae297ceb28b9.jpg,https://raw.githubusercontent.com/GUIA-DD/dataset-streetview/refs/heads/main/datasets/df_2024_uniform/batch_0008/images/e4024ca3dbb93c2f37c17d470b07ae297ceb28b9.jpg,True,downloaded,
c579edb00ed681cfe3f603b6c5e599a9004ca019,f6b9e328a17df8afb421e20b5cc31bfead7cddbb,-15.80279270044929,-47.80457925045946,-15.80277470448402,-47.80458356651781,2024-12,2024,RlrEGl-9xQlAQQTFk7apZQ,289.20777984875576,© Google,OK,10_5,199538.21778697232,8250874.634729076,327efa48eae298cbc461c435d992a17fad5a2361,cardinal,4,3,270_deg_west,cardinal,270,0,90,640,640,8,batch_0008,736,datasets/df_2024_uniform/batch_0008/images/327efa48eae298cbc461c435d992a17fad5a2361.jpg,https://raw.githubusercontent.com/GUIA-DD/dataset-streetview/refs/heads/main/datasets/df_2024_uniform/batch_0008/images/327efa48eae298cbc461c435d992a17fad5a2361.jpg,True,downloaded,
c57ae8a8b7fb85fd914646d5e06d46a2a7d84d3d,671e23ac0a828d5045df8943fc31d063d7516d1a,-15.679311172194454,-47.69300856436245,-15.6792188490899,-47.69293194885949,2025-07,2025,ZBgHLIwCn9AkRohk4I_i2w,312.3436735596018,© Google,OK,12_8,211324.32189965525,8264702.49626278,65522c179139d03321cccb72cae3c6b1c3edcff8,cardinal,4,0,0_deg_north,cardinal,0,0,90,640,640,8,batch_0008,737,datasets/df_2024_uniform/batch_0008/images/65522c179139d03321cccb72cae3c6b1c3edcff8.jpg,https://raw.githubusercontent.com/GUIA-DD/dataset-streetview/refs/heads/main/datasets/df_2024_uniform/batch_0008/images/65522c179139d03321cccb72cae3c6b1c3edcff8.jpg,True,downloaded,
c57ae8a8b7fb85fd914646d5e06d46a2a7d84d3d,671e23ac0a828d5045df8943fc31d063d7516d1a,-15.679311172194454,-47.69300856436245,-15.6792188490899,-47.69293194885949,2025-07,2025,ZBgHLIwCn9AkRohk4I_i2w,312.3436735596018,© Google,OK,12_8,211324.32189965525,8264702.49626278,c1caf6fdc5ca3323c22343e0d58a8f6473d8df69,cardinal,4,1,90_deg_east,cardinal,90,0,90,640,640,8,batch_0008,738,datasets/df_2024_uniform/batch_0008/images/c1caf6fdc5ca3323c22343e0d58a8f6473d8df69.jpg,https://raw.githubusercontent.com/GUIA-DD/dataset-streetview/refs/heads/main/datasets/df_2024_uniform/batch_0008/images/c1caf6fdc5ca3323c22343e0d58a8f6473d8df69.jpg,True,downloaded,
c57ae8a8b7fb85fd914646d5e06d46a2a7d84d3d,671e23ac0a828d5045df8943fc31d063d7516d1a,-15.679311172194454,-47.69300856436245,-15.6792188490899,-47.69293194885949,2025-07,2025,ZBgHLIwCn9AkRohk4I_i2w,312.3436735596018,© Google,OK,12_8,211324.32189965525,8264702.49626278,720abac96867f8f84e229e449e8eda1e3f480af3,cardinal,4,2,180_deg_south,cardinal,180,0,90,640,640,8,batch_0008,739,datasets/df_2024_uniform/batch_0008/images/720abac96867f8f84e229e449e8eda1e3f480af3.jpg,https://raw.githubusercontent.com/GUIA-DD/dataset-streetview/refs/heads/main/datasets/df_2024_uniform/batch_0008/images/720abac96867f8f84e229e449e8eda1e3f480af3.jpg,True,downloaded,
c57ae8a8b7fb85fd914646d5e06d46a2a7d84d3d,671e23ac0a828d5045df8943fc31d063d7516d1a,-15.679311172194454,-47.69300856436245,-15.6792188490899,-47.69293194885949,2025-07,2025,ZBgHLIwCn9AkRohk4I_i2w,312.3436735596018,© Google,OK,12_8,211324.32189965525,8264702.49626278,1c44a019c0cfbb7f4fdef7adbed46445921da414,cardinal,4,3,270_deg_west,cardinal,270,0,90,640,640,8,batch_0008,740,datasets/df_2024_uniform/batch_0008/images/1c44a019c0cfbb7f4fdef7adbed46445921da414.jpg,https://raw.githubusercontent.com/GUIA-DD/dataset-streetview/refs/heads/main/datasets/df_2024_uniform/batch_0008/images/1c44a019c0cfbb7f4fdef7adbed46445921da414.jpg,True,downloaded,
c5cf0039f358c7f36ef5a5b47d4a409c10bf9da5,41844f7b30647b39245b0779ae598d38ed696c96,-15.583938050769326,-47.352131342559794,-15.5839053385081,-47.35210895761173,2025-07,2025,RWVyv7rEHffqbhfSK6U6Gg,77.31765534980912,© Google,OK,19_10,247766.5715392144,8275694.721490099,e2505382812a8cfb1478f86f0f96b71a4cdc269d,cardinal,4,0,0_deg_north,cardinal,0,0,90,640,640,8,batch_0008,741,datasets/df_2024_uniform/batch_0008/images/e2505382812a8cfb1478f86f0f96b71a4cdc269d.jpg,https://raw.githubusercontent.com/GUIA-DD/dataset-streetview/refs/heads/main/datasets/df_2024_uniform/batch_0008/images/e2505382812a8cfb1478f86f0f96b71a4cdc269d.jpg,True,downloaded,
c5cf0039f358c7f36ef5a5b47d4a409c10bf9da5,41844f7b30647b39245b0779ae598d38ed696c96,-15.583938050769326,-47.352131342559794,-15.5839053385081,-47.35210895761173,2025-07,2025,RWVyv7rEHffqbhfSK6U6Gg,77.31765534980912,© Google,OK,19_10,247766.5715392144,8275694.721490099,c22a1691fbac9f0a0a64520ab0773b13a02057e7,cardinal,4,1,90_deg_east,cardinal,90,0,90,640,640,8,batch_0008,742,datasets/df_2024_uniform/batch_0008/images/c22a1691fbac9f0a0a64520ab0773b13a02057e7.jpg,https://raw.githubusercontent.com/GUIA-DD/dataset-streetview/refs/heads/main/datasets/df_2024_uniform/batch_0008/images/c22a1691fbac9f0a0a64520ab0773b13a02057e7.jpg,True,downloaded,
c5cf0039f358c7f36ef5a5b47d4a409c10bf9da5,41844f7b30647b39245b0779ae598d38ed696c96,-15.583938050769326,-47.352131342559794,-15.5839053385081,-47.35210895761173,2025-07,2025,RWVyv7rEHffqbhfSK6U6Gg,77.31765534980912,© Google,OK,19_10,247766.5715392144,8275694.721490099,0e7adc7909b9cf9a4432759298f1d7be5e65427d,cardinal,4,2,180_deg_south,cardinal,180,0,90,640,640,8,batch_0008,743,datasets/df_2024_uniform/batch_0008/images/0e7adc7909b9cf9a4432759298f1d7be5e65427d.jpg,https://raw.githubusercontent.com/GUIA-DD/dataset-streetview/refs/heads/main/datasets/df_2024_uniform/batch_0008/images/0e7adc7909b9cf9a4432759298f1d7be5e65427d.jpg,True,downloaded,
c5cf0039f358c7f36ef5a5b47d4a409c10bf9da5,41844f7b30647b39245b0779ae598d38ed696c96,-15.583938050769326,-47.352131342559794,-15.5839053385081,-47.35210895761173,2025-07,2025,RWVyv7rEHffqbhfSK6U6Gg,77.31765534980912,© Google,OK,19_10,247766.5715392144,8275694.721490099,6d3cf76ab047dd9784fbd97ffeceaaf1a4c89754,cardinal,4,3,270_deg_west,cardinal,270,0,90,640,640,8,batch_0008,744,datasets/df_2024_uniform/batch_0008/images/6d3cf76ab047dd9784fbd97ffeceaaf1a4c89754.jpg,https://raw.githubusercontent.com/GUIA-DD/dataset-streetview/refs/heads/main/datasets/df_2024_uniform/batch_0008/images/6d3cf76ab047dd9784fbd97ffeceaaf1a4c89754.jpg,True,downloaded,
c8e552a33a6dcdf68d57ad4906f9246d408a5ceb,4c98b5100150411eaa210b89e92bb9a514cca230,-15.593968800510964,-48.094023750416206,-15.59408668442304,-48.09404814974208,2025-12,2025,57JHL70wjW5-45gH8XxnQw,284.20605262845856,© Google,OK,3_10,168166.38182236222,8273566.473165404,bfd1227fa08806c77eb5a9aef5b972fd23de128b,cardinal,4,0,0_deg_north,cardinal,0,0,90,640,640,8,batch_0008,745,datasets/df_2024_uniform/batch_0008/images/bfd1227fa08806c77eb5a9aef5b972fd23de128b.jpg,https://raw.githubusercontent.com/GUIA-DD/dataset-streetview/refs/heads/main/datasets/df_2024_uniform/batch_0008/images/bfd1227fa08806c77eb5a9aef5b972fd23de128b.jpg,True,downloaded,
c8e552a33a6dcdf68d57ad4906f9246d408a5ceb,4c98b5100150411eaa210b89e92bb9a514cca230,-15.593968800510964,-48.094023750416206,-15.59408668442304,-48.09404814974208,2025-12,2025,57JHL70wjW5-45gH8XxnQw,284.20605262845856,© Google,OK,3_10,168166.38182236222,8273566.473165404,5622e848ee8e23f2a9cebf60279a44875cb8d11e,cardinal,4,1,90_deg_east,cardinal,90,0,90,640,640,8,batch_0008,746,datasets/df_2024_uniform/batch_0008/images/5622e848ee8e23f2a9cebf60279a44875cb8d11e.jpg,https://raw.githubusercontent.com/GUIA-DD/dataset-streetview/refs/heads/main/datasets/df_2024_uniform/batch_0008/images/5622e848ee8e23f2a9cebf60279a44875cb8d11e.jpg,True,downloaded,
c8e552a33a6dcdf68d57ad4906f9246d408a5ceb,4c98b5100150411eaa210b89e92bb9a514cca230,-15.593968800510964,-48.094023750416206,-15.59408668442304,-48.09404814974208,2025-12,2025,57JHL70wjW5-45gH8XxnQw,284.20605262845856,© Google,OK,3_10,168166.38182236222,8273566.473165404,869ca0f2a6300f893f3f65f13617bf7762412add,cardinal,4,2,180_deg_south,cardinal,180,0,90,640,640,8,batch_0008,747,datasets/df_2024_uniform/batch_0008/images/869ca0f2a6300f893f3f65f13617bf7762412add.jpg,https://raw.githubusercontent.com/GUIA-DD/dataset-streetview/refs/heads/main/datasets/df_2024_uniform/batch_0008/images/869ca0f2a6300f893f3f65f13617bf7762412add.jpg,True,downloaded,
c8e552a33a6dcdf68d57ad4906f9246d408a5ceb,4c98b5100150411eaa210b89e92bb9a514cca230,-15.593968800510964,-48.094023750416206,-15.59408668442304,-48.09404814974208,2025-12,2025,57JHL70wjW5-45gH8XxnQw,284.20605262845856,© Google,OK,3_10,168166.38182236222,8273566.473165404,973aa1043e2fad8bc23dbbf8260173fa1f167dc1,cardinal,4,3,270_deg_west,cardinal,270,0,90,640,640,8,batch_0008,748,datasets/df_2024_uniform/batch_0008/images/973aa1043e2fad8bc23dbbf8260173fa1f167dc1.jpg,https://raw.githubusercontent.com/GUIA-DD/dataset-streetview/refs/heads/main/datasets/df_2024_uniform/batch_0008/images/973aa1043e2fad8bc23dbbf8260173fa1f167dc1.jpg,True,downloaded,
c92ec27e30685e338c3fae11c3db41148be1e9a6,e8c510e2b48b57410ea7e0eb021bfc54add46b72,-15.581899386465215,-47.73552004692704,-15.5819599439296,-47.73553287836449,2025-07,2025,V6oWD5s2SUjvrtJI4KlIsw,254.5231912939899,© Google,OK,11_10,206625.5217894853,8275429.4309679875,1de178489f0dbef17da4efbe5bd2d9daffc88f02,cardinal,4,0,0_deg_north,cardinal,0,0,90,640,640,8,batch_0008,749,datasets/df_2024_uniform/batch_0008/images/1de178489f0dbef17da4efbe5bd2d9daffc88f02.jpg,https://raw.githubusercontent.com/GUIA-DD/dataset-streetview/refs/heads/main/datasets/df_2024_uniform/batch_0008/images/1de178489f0dbef17da4efbe5bd2d9daffc88f02.jpg,True,downloaded,
c92ec27e30685e338c3fae11c3db41148be1e9a6,e8c510e2b48b57410ea7e0eb021bfc54add46b72,-15.581899386465215,-47.73552004692704,-15.5819599439296,-47.73553287836449,2025-07,2025,V6oWD5s2SUjvrtJI4KlIsw,254.5231912939899,© Google,OK,11_10,206625.5217894853,8275429.4309679875,1479d686536b09a1fb10571e1321a7062f4ee23a,cardinal,4,1,90_deg_east,cardinal,90,0,90,640,640,8,batch_0008,750,datasets/df_2024_uniform/batch_0008/images/1479d686536b09a1fb10571e1321a7062f4ee23a.jpg,https://raw.githubusercontent.com/GUIA-DD/dataset-streetview/refs/heads/main/datasets/df_2024_uniform/batch_0008/images/1479d686536b09a1fb10571e1321a7062f4ee23a.jpg,True,downloaded,
c92ec27e30685e338c3fae11c3db41148be1e9a6,e8c510e2b48b57410ea7e0eb021bfc54add46b72,-15.581899386465215,-47.73552004692704,-15.5819599439296,-47.73553287836449,2025-07,2025,V6oWD5s2SUjvrtJI4KlIsw,254.5231912939899,© Google,OK,11_10,206625.5217894853,8275429.4309679875,9ba3dac0ae167f7c40a0aea680618133d1a5f68e,cardinal,4,2,180_deg_south,cardinal,180,0,90,640,640,8,batch_0008,751,datasets/df_2024_uniform/batch_0008/images/9ba3dac0ae167f7c40a0aea680618133d1a5f68e.jpg,https://raw.githubusercontent.com/GUIA-DD/dataset-streetview/refs/heads/main/datasets/df_2024_uniform/batch_0008/images/9ba3dac0ae167f7c40a0aea680618133d1a5f68e.jpg,True,downloaded,
c92ec27e30685e338c3fae11c3db41148be1e9a6,e8c510e2b48b57410ea7e0eb021bfc54add46b72,-15.581899386465215,-47.73552004692704,-15.5819599439296,-47.73553287836449,2025-07,2025,V6oWD5s2SUjvrtJI4KlIsw,254.5231912939899,© Google,OK,11_10,206625.5217894853,8275429.4309679875,5b5ed7ab95f94f4a95b9a9711fd28eb5395c0c76,cardinal,4,3,270_deg_west,cardinal,270,0,90,640,640,8,batch_0008,752,datasets/df_2024_uniform/batch_0008/images/5b5ed7ab95f94f4a95b9a9711fd28eb5395c0c76.jpg,https://raw.githubusercontent.com/GUIA-DD/dataset-streetview/refs/heads/main/datasets/df_2024_uniform/batch_0008/images/5b5ed7ab95f94f4a95b9a9711fd28eb5395c0c76.jpg,True,downloaded,
c9a99cb11727ae6c4c99f43658c507b94b9d2cf9,6462693b942ce462d7166cbf2ab7b29bc4f92c71,-15.70724574902122,-47.91296564852016,-15.70723656292759,-47.91294274782484,2026-02,2026,BwB-51LSWwd6CDx7Yz-M_A,265.6029335188156,© Google,OK,7_7,187771.89552387435,8261296.974736208,267806deb972cd3f49305ed97460790b125ed7a1,cardinal,4,0,0_deg_north,cardinal,0,0,90,640,640,8,batch_0008,753,datasets/df_2024_uniform/batch_0008/images/267806deb972cd3f49305ed97460790b125ed7a1.jpg,https://raw.githubusercontent.com/GUIA-DD/dataset-streetview/refs/heads/main/datasets/df_2024_uniform/batch_0008/images/267806deb972cd3f49305ed97460790b125ed7a1.jpg,True,downloaded,
c9a99cb11727ae6c4c99f43658c507b94b9d2cf9,6462693b942ce462d7166cbf2ab7b29bc4f92c71,-15.70724574902122,-47.91296564852016,-15.70723656292759,-47.91294274782484,2026-02,2026,BwB-51LSWwd6CDx7Yz-M_A,265.6029335188156,© Google,OK,7_7,187771.89552387435,8261296.974736208,47dd215eab01b31036a7dd89f3bfdfc564682b2d,cardinal,4,1,90_deg_east,cardinal,90,0,90,640,640,8,batch_0008,754,datasets/df_2024_uniform/batch_0008/images/47dd215eab01b31036a7dd89f3bfdfc564682b2d.jpg,https://raw.githubusercontent.com/GUIA-DD/dataset-streetview/refs/heads/main/datasets/df_2024_uniform/batch_0008/images/47dd215eab01b31036a7dd89f3bfdfc564682b2d.jpg,True,downloaded,
c9a99cb11727ae6c4c99f43658c507b94b9d2cf9,6462693b942ce462d7166cbf2ab7b29bc4f92c71,-15.70724574902122,-47.91296564852016,-15.70723656292759,-47.91294274782484,2026-02,2026,BwB-51LSWwd6CDx7Yz-M_A,265.6029335188156,© Google,OK,7_7,187771.89552387435,8261296.974736208,d4dd15989e900175eeaa50aea303621cbdb035af,cardinal,4,2,180_deg_south,cardinal,180,0,90,640,640,8,batch_0008,755,datasets/df_2024_uniform/batch_0008/images/d4dd15989e900175eeaa50aea303621cbdb035af.jpg,https://raw.githubusercontent.com/GUIA-DD/dataset-streetview/refs/heads/main/datasets/df_2024_uniform/batch_0008/images/d4dd15989e900175eeaa50aea303621cbdb035af.jpg,True,downloaded,
c9a99cb11727ae6c4c99f43658c507b94b9d2cf9,6462693b942ce462d7166cbf2ab7b29bc4f92c71,-15.70724574902122,-47.91296564852016,-15.70723656292759,-47.91294274782484,2026-02,2026,BwB-51LSWwd6CDx7Yz-M_A,265.6029335188156,© Google,OK,7_7,187771.89552387435,8261296.974736208,de0d6f48911950acb4b6c508ff6a1066b404c33d,cardinal,4,3,270_deg_west,cardinal,270,0,90,640,640,8,batch_0008,756,datasets/df_2024_uniform/batch_0008/images/de0d6f48911950acb4b6c508ff6a1066b404c33d.jpg,https://raw.githubusercontent.com/GUIA-DD/dataset-streetview/refs/heads/main/datasets/df_2024_uniform/batch_0008/images/de0d6f48911950acb4b6c508ff6a1066b404c33d.jpg,True,downloaded,
cace66409de0e61430da6b50757936d99745864d,b84182261d57f758f0b8f3d45f7e2541006be0b8,-15.91028670000013,-48.06884520006477,-15.91030905206283,-48.06885110214652,2025-07,2025,b7o7ATS6r7X6AMVQrCszvQ,161.65525550545942,© Google,OK,4_3,171378.89120264282,8238573.943568168,338e3dfd46f3b77a9bf193b3f0c24e4114da0f04,cardinal,4,0,0_deg_north,cardinal,0,0,90,640,640,8,batch_0008,757,datasets/df_2024_uniform/batch_0008/images/338e3dfd46f3b77a9bf193b3f0c24e4114da0f04.jpg,https://raw.githubusercontent.com/GUIA-DD/dataset-streetview/refs/heads/main/datasets/df_2024_uniform/batch_0008/images/338e3dfd46f3b77a9bf193b3f0c24e4114da0f04.jpg,True,downloaded,
cace66409de0e61430da6b50757936d99745864d,b84182261d57f758f0b8f3d45f7e2541006be0b8,-15.91028670000013,-48.06884520006477,-15.91030905206283,-48.06885110214652,2025-07,2025,b7o7ATS6r7X6AMVQrCszvQ,161.65525550545942,© Google,OK,4_3,171378.89120264282,8238573.943568168,0fc5ee2950b05e3a2c17c176d9b3a349c43f6417,cardinal,4,1,90_deg_east,cardinal,90,0,90,640,640,8,batch_0008,758,datasets/df_2024_uniform/batch_0008/images/0fc5ee2950b05e3a2c17c176d9b3a349c43f6417.jpg,https://raw.githubusercontent.com/GUIA-DD/dataset-streetview/refs/heads/main/datasets/df_2024_uniform/batch_0008/images/0fc5ee2950b05e3a2c17c176d9b3a349c43f6417.jpg,True,downloaded,
cace66409de0e61430da6b50757936d99745864d,b84182261d57f758f0b8f3d45f7e2541006be0b8,-15.91028670000013,-48.06884520006477,-15.91030905206283,-48.06885110214652,2025-07,2025,b7o7ATS6r7X6AMVQrCszvQ,161.65525550545942,© Google,OK,4_3,171378.89120264282,8238573.943568168,09fcd3c8644aa6bffe397031d3a70dd525103985,cardinal,4,2,180_deg_south,cardinal,180,0,90,640,640,8,batch_0008,759,datasets/df_2024_uniform/batch_0008/images/09fcd3c8644aa6bffe397031d3a70dd525103985.jpg,https://raw.githubusercontent.com/GUIA-DD/dataset-streetview/refs/heads/main/datasets/df_2024_uniform/batch_0008/images/09fcd3c8644aa6bffe397031d3a70dd525103985.jpg,True,downloaded,
cace66409de0e61430da6b50757936d99745864d,b84182261d57f758f0b8f3d45f7e2541006be0b8,-15.91028670000013,-48.06884520006477,-15.91030905206283,-48.06885110214652,2025-07,2025,b7o7ATS6r7X6AMVQrCszvQ,161.65525550545942,© Google,OK,4_3,171378.89120264282,8238573.943568168,6ab015c0220cb54134abae1484243ecb3bfd3566,cardinal,4,3,270_deg_west,cardinal,270,0,90,640,640,8,batch_0008,760,datasets/df_2024_uniform/batch_0008/images/6ab015c0220cb54134abae1484243ecb3bfd3566.jpg,https://raw.githubusercontent.com/GUIA-DD/dataset-streetview/refs/heads/main/datasets/df_2024_uniform/batch_0008/images/6ab015c0220cb54134abae1484243ecb3bfd3566.jpg,True,downloaded,
ccffe483227b3518939fb5707681b74402ee357b,9b3b4834797a820a9d4b9941f1b7f74a7f038c97,-15.778337400005451,-47.98824304997935,-15.77829432288411,-47.98823729246822,2024-06,2024,mGvB8dm96X92YVrOucjBYA,15.214538981042836,© Google,OK,6_6,179808.53528076244,8253311.531630083,0f3b47b60f0c8f2f92d5736bbcffc65169a84574,cardinal,4,0,0_deg_north,cardinal,0,0,90,640,640,8,batch_0008,761,datasets/df_2024_uniform/batch_0008/images/0f3b47b60f0c8f2f92d5736bbcffc65169a84574.jpg,https://raw.githubusercontent.com/GUIA-DD/dataset-streetview/refs/heads/main/datasets/df_2024_uniform/batch_0008/images/0f3b47b60f0c8f2f92d5736bbcffc65169a84574.jpg,True,downloaded,
ccffe483227b3518939fb5707681b74402ee357b,9b3b4834797a820a9d4b9941f1b7f74a7f038c97,-15.778337400005451,-47.98824304997935,-15.77829432288411,-47.98823729246822,2024-06,2024,mGvB8dm96X92YVrOucjBYA,15.214538981042836,© Google,OK,6_6,179808.53528076244,8253311.531630083,fd34adab6d03e5767c0d52d82713c6080df6c204,cardinal,4,1,90_deg_east,cardinal,90,0,90,640,640,8,batch_0008,762,datasets/df_2024_uniform/batch_0008/images/fd34adab6d03e5767c0d52d82713c6080df6c204.jpg,https://raw.githubusercontent.com/GUIA-DD/dataset-streetview/refs/heads/main/datasets/df_2024_uniform/batch_0008/images/fd34adab6d03e5767c0d52d82713c6080df6c204.jpg,True,downloaded,
ccffe483227b3518939fb5707681b74402ee357b,9b3b4834797a820a9d4b9941f1b7f74a7f038c97,-15.778337400005451,-47.98824304997935,-15.77829432288411,-47.98823729246822,2024-06,2024,mGvB8dm96X92YVrOucjBYA,15.214538981042836,© Google,OK,6_6,179808.53528076244,8253311.531630083,0d2b453ffde208c980ed144787cbcf2783337384,cardinal,4,2,180_deg_south,cardinal,180,0,90,640,640,8,batch_0008,763,datasets/df_2024_uniform/batch_0008/images/0d2b453ffde208c980ed144787cbcf2783337384.jpg,https://raw.githubusercontent.com/GUIA-DD/dataset-streetview/refs/heads/main/datasets/df_2024_uniform/batch_0008/images/0d2b453ffde208c980ed144787cbcf2783337384.jpg,True,downloaded,
ccffe483227b3518939fb5707681b74402ee357b,9b3b4834797a820a9d4b9941f1b7f74a7f038c97,-15.778337400005451,-47.98824304997935,-15.77829432288411,-47.98823729246822,2024-06,2024,mGvB8dm96X92YVrOucjBYA,15.214538981042836,© Google,OK,6_6,179808.53528076244,8253311.531630083,fde917141d5082bbc703f61875d4b8de80d5630b,cardinal,4,3,270_deg_west,cardinal,270,0,90,640,640,8,batch_0008,764,datasets/df_2024_uniform/batch_0008/images/fde917141d5082bbc703f61875d4b8de80d5630b.jpg,https://raw.githubusercontent.com/GUIA-DD/dataset-streetview/refs/heads/main/datasets/df_2024_uniform/batch_0008/images/fde917141d5082bbc703f61875d4b8de80d5630b.jpg,True,downloaded,
cd5685225f5c9f00553d3632cb23f1b01abf6a34,cf26d7821ed30a4b201395ab733779a90a600049,-15.847126029755486,-47.8349774954628,-15.84714511219445,-47.83498760550058,2024-12,2024,xdqngz60uF6obTwabq-zFA,212.37604295499267,© Google,OK,9_4,196345.6000996204,8245921.94663624,11037351ab3a18641027adcdef4cf14eee017cbb,cardinal,4,0,0_deg_north,cardinal,0,0,90,640,640,8,batch_0008,765,datasets/df_2024_uniform/batch_0008/images/11037351ab3a18641027adcdef4cf14eee017cbb.jpg,https://raw.githubusercontent.com/GUIA-DD/dataset-streetview/refs/heads/main/datasets/df_2024_uniform/batch_0008/images/11037351ab3a18641027adcdef4cf14eee017cbb.jpg,True,downloaded,
cd5685225f5c9f00553d3632cb23f1b01abf6a34,cf26d7821ed30a4b201395ab733779a90a600049,-15.847126029755486,-47.8349774954628,-15.84714511219445,-47.83498760550058,2024-12,2024,xdqngz60uF6obTwabq-zFA,212.37604295499267,© Google,OK,9_4,196345.6000996204,8245921.94663624,199412ffa50ff828ae8663f98a2fa087f3e9e226,cardinal,4,1,90_deg_east,cardinal,90,0,90,640,640,8,batch_0008,766,datasets/df_2024_uniform/batch_0008/images/199412ffa50ff828ae8663f98a2fa087f3e9e226.jpg,https://raw.githubusercontent.com/GUIA-DD/dataset-streetview/refs/heads/main/datasets/df_2024_uniform/batch_0008/images/199412ffa50ff828ae8663f98a2fa087f3e9e226.jpg,True,downloaded,
cd5685225f5c9f00553d3632cb23f1b01abf6a34,cf26d7821ed30a4b201395ab733779a90a600049,-15.847126029755486,-47.8349774954628,-15.84714511219445,-47.83498760550058,2024-12,2024,xdqngz60uF6obTwabq-zFA,212.37604295499267,© Google,OK,9_4,196345.6000996204,8245921.94663624,a168123073d56242dce783e85367606673e54b00,cardinal,4,2,180_deg_south,cardinal,180,0,90,640,640,8,batch_0008,767,datasets/df_2024_uniform/batch_0008/images/a168123073d56242dce783e85367606673e54b00.jpg,https://raw.githubusercontent.com/GUIA-DD/dataset-streetview/refs/heads/main/datasets/df_2024_uniform/batch_0008/images/a168123073d56242dce783e85367606673e54b00.jpg,True,downloaded,
cd5685225f5c9f00553d3632cb23f1b01abf6a34,cf26d7821ed30a4b201395ab733779a90a600049,-15.847126029755486,-47.8349774954628,-15.84714511219445,-47.83498760550058,2024-12,2024,xdqngz60uF6obTwabq-zFA,212.37604295499267,© Google,OK,9_4,196345.6000996204,8245921.94663624,88676e4fb30648028066293fd4cc7d82cd6d4670,cardinal,4,3,270_deg_west,cardinal,270,0,90,640,640,8,batch_0008,768,datasets/df_2024_uniform/batch_0008/images/88676e4fb30648028066293fd4cc7d82cd6d4670.jpg,https://raw.githubusercontent.com/GUIA-DD/dataset-streetview/refs/heads/main/datasets/df_2024_uniform/batch_0008/images/88676e4fb30648028066293fd4cc7d82cd6d4670.jpg,True,downloaded,
cdc8b2e3d738968a94186d64e485b590f7bdf923,9276dad7c9b5cf35d23c7c3c5509b66bb1b5f6ca,-15.98818455251588,-48.04512964650196,-15.98817734553911,-48.04511825634324,2025-05,2025,7FGNkPJDMAO2LIgztl2r_Q,46.65308222363333,© Google,OK,5_1,174046.58923703938,8229984.1569769345,6ad1dbe5100ffa1a921388164f304bf8ce334bd8,cardinal,4,0,0_deg_north,cardinal,0,0,90,640,640,8,batch_0008,769,datasets/df_2024_uniform/batch_0008/images/6ad1dbe5100ffa1a921388164f304bf8ce334bd8.jpg,https://raw.githubusercontent.com/GUIA-DD/dataset-streetview/refs/heads/main/datasets/df_2024_uniform/batch_0008/images/6ad1dbe5100ffa1a921388164f304bf8ce334bd8.jpg,True,downloaded,
cdc8b2e3d738968a94186d64e485b590f7bdf923,9276dad7c9b5cf35d23c7c3c5509b66bb1b5f6ca,-15.98818455251588,-48.04512964650196,-15.98817734553911,-48.04511825634324,2025-05,2025,7FGNkPJDMAO2LIgztl2r_Q,46.65308222363333,© Google,OK,5_1,174046.58923703938,8229984.1569769345,8efe1ceb267d0040b0b8dcd2180c62a33e014be8,cardinal,4,1,90_deg_east,cardinal,90,0,90,640,640,8,batch_0008,770,datasets/df_2024_uniform/batch_0008/images/8efe1ceb267d0040b0b8dcd2180c62a33e014be8.jpg,https://raw.githubusercontent.com/GUIA-DD/dataset-streetview/refs/heads/main/datasets/df_2024_uniform/batch_0008/images/8efe1ceb267d0040b0b8dcd2180c62a33e014be8.jpg,True,downloaded,
cdc8b2e3d738968a94186d64e485b590f7bdf923,9276dad7c9b5cf35d23c7c3c5509b66bb1b5f6ca,-15.98818455251588,-48.04512964650196,-15.98817734553911,-48.04511825634324,2025-05,2025,7FGNkPJDMAO2LIgztl2r_Q,46.65308222363333,© Google,OK,5_1,174046.58923703938,8229984.1569769345,6d51b6a244b768117ece0f4cc6faa45d59bfc914,cardinal,4,2,180_deg_south,cardinal,180,0,90,640,640,8,batch_0008,771,datasets/df_2024_uniform/batch_0008/images/6d51b6a244b768117ece0f4cc6faa45d59bfc914.jpg,https://raw.githubusercontent.com/GUIA-DD/dataset-streetview/refs/heads/main/datasets/df_2024_uniform/batch_0008/images/6d51b6a244b768117ece0f4cc6faa45d59bfc914.jpg,True,downloaded,
cdc8b2e3d738968a94186d64e485b590f7bdf923,9276dad7c9b5cf35d23c7c3c5509b66bb1b5f6ca,-15.98818455251588,-48.04512964650196,-15.98817734553911,-48.04511825634324,2025-05,2025,7FGNkPJDMAO2LIgztl2r_Q,46.65308222363333,© Google,OK,5_1,174046.58923703938,8229984.1569769345,ff3b352c10f535a127141d11b7d5b7acbbff3227,cardinal,4,3,270_deg_west,cardinal,270,0,90,640,640,8,batch_0008,772,datasets/df_2024_uniform/batch_0008/images/ff3b352c10f535a127141d11b7d5b7acbbff3227.jpg,https://raw.githubusercontent.com/GUIA-DD/dataset-streetview/refs/heads/main/datasets/df_2024_uniform/batch_0008/images/ff3b352c10f535a127141d11b7d5b7acbbff3227.jpg,True,downloaded,
cdee993b5eebe2020b4cd04c23eae1a97a090451,a586ac8eea35d5ed11a9755572fab09f2607db16,-15.8860002123854,-48.0023747674824,-15.88600123594655,-48.00239647761579,2025-06,2025,i95mRv4JDYK0WI0xURslIw,126.87224847055865,© Google,OK,5_3,178463.73947999108,8241367.072146144,30e47a3ed1074a0b22f8db9b847cb0e35a0b8d61,cardinal,4,0,0_deg_north,cardinal,0,0,90,640,640,8,batch_0008,773,datasets/df_2024_uniform/batch_0008/images/30e47a3ed1074a0b22f8db9b847cb0e35a0b8d61.jpg,https://raw.githubusercontent.com/GUIA-DD/dataset-streetview/refs/heads/main/datasets/df_2024_uniform/batch_0008/images/30e47a3ed1074a0b22f8db9b847cb0e35a0b8d61.jpg,True,downloaded,
cdee993b5eebe2020b4cd04c23eae1a97a090451,a586ac8eea35d5ed11a9755572fab09f2607db16,-15.8860002123854,-48.0023747674824,-15.88600123594655,-48.00239647761579,2025-06,2025,i95mRv4JDYK0WI0xURslIw,126.87224847055865,© Google,OK,5_3,178463.73947999108,8241367.072146144,2803a80606810508d1fc1b3f9b718437c3773691,cardinal,4,1,90_deg_east,cardinal,90,0,90,640,640,8,batch_0008,774,datasets/df_2024_uniform/batch_0008/images/2803a80606810508d1fc1b3f9b718437c3773691.jpg,https://raw.githubusercontent.com/GUIA-DD/dataset-streetview/refs/heads/main/datasets/df_2024_uniform/batch_0008/images/2803a80606810508d1fc1b3f9b718437c3773691.jpg,True,downloaded,
cdee993b5eebe2020b4cd04c23eae1a97a090451,a586ac8eea35d5ed11a9755572fab09f2607db16,-15.8860002123854,-48.0023747674824,-15.88600123594655,-48.00239647761579,2025-06,2025,i95mRv4JDYK0WI0xURslIw,126.87224847055865,© Google,OK,5_3,178463.73947999108,8241367.072146144,2f76120fc32d6c732efe40baed11fc5a0f2fe987,cardinal,4,2,180_deg_south,cardinal,180,0,90,640,640,8,batch_0008,775,datasets/df_2024_uniform/batch_0008/images/2f76120fc32d6c732efe40baed11fc5a0f2fe987.jpg,https://raw.githubusercontent.com/GUIA-DD/dataset-streetview/refs/heads/main/datasets/df_2024_uniform/batch_0008/images/2f76120fc32d6c732efe40baed11fc5a0f2fe987.jpg,True,downloaded,
cdee993b5eebe2020b4cd04c23eae1a97a090451,a586ac8eea35d5ed11a9755572fab09f2607db16,-15.8860002123854,-48.0023747674824,-15.88600123594655,-48.00239647761579,2025-06,2025,i95mRv4JDYK0WI0xURslIw,126.87224847055865,© Google,OK,5_3,178463.73947999108,8241367.072146144,969e5963921a6b84bb7c0ceea815723115d96805,cardinal,4,3,270_deg_west,cardinal,270,0,90,640,640,8,batch_0008,776,datasets/df_2024_uniform/batch_0008/images/969e5963921a6b84bb7c0ceea815723115d96805.jpg,https://raw.githubusercontent.com/GUIA-DD/dataset-streetview/refs/heads/main/datasets/df_2024_uniform/batch_0008/images/969e5963921a6b84bb7c0ceea815723115d96805.jpg,True,downloaded,
ce5e260ef5949903fd4a141ad762fd5e01cbec13,3c29fb3fa662cc0ebd2ed5c6459db4eb0b8f9470,-15.62940700001917,-47.60694404997837,-15.6294258711713,-47.6069604744565,2025-07,2025,q6-Q_uxAFqXRqYlI4kcdfA,233.8254776680884,© Google,OK,14_9,220487.65140946177,8270342.828437734,638301d5b39385bcb881ef2eeb38ca867e63f691,cardinal,4,0,0_deg_north,cardinal,0,0,90,640,640,8,batch_0008,777,datasets/df_2024_uniform/batch_0008/images/638301d5b39385bcb881ef2eeb38ca867e63f691.jpg,https://raw.githubusercontent.com/GUIA-DD/dataset-streetview/refs/heads/main/datasets/df_2024_uniform/batch_0008/images/638301d5b39385bcb881ef2eeb38ca867e63f691.jpg,True,downloaded,
ce5e260ef5949903fd4a141ad762fd5e01cbec13,3c29fb3fa662cc0ebd2ed5c6459db4eb0b8f9470,-15.62940700001917,-47.60694404997837,-15.6294258711713,-47.6069604744565,2025-07,2025,q6-Q_uxAFqXRqYlI4kcdfA,233.8254776680884,© Google,OK,14_9,220487.65140946177,8270342.828437734,77387294f631f99349e2090c098cb32a2948751c,cardinal,4,1,90_deg_east,cardinal,90,0,90,640,640,8,batch_0008,778,datasets/df_2024_uniform/batch_0008/images/77387294f631f99349e2090c098cb32a2948751c.jpg,https://raw.githubusercontent.com/GUIA-DD/dataset-streetview/refs/heads/main/datasets/df_2024_uniform/batch_0008/images/77387294f631f99349e2090c098cb32a2948751c.jpg,True,downloaded,
ce5e260ef5949903fd4a141ad762fd5e01cbec13,3c29fb3fa662cc0ebd2ed5c6459db4eb0b8f9470,-15.62940700001917,-47.60694404997837,-15.6294258711713,-47.6069604744565,2025-07,2025,q6-Q_uxAFqXRqYlI4kcdfA,233.8254776680884,© Google,OK,14_9,220487.65140946177,8270342.828437734,d97a2decf9c4d03718191ca03a74726bed19d0f8,cardinal,4,2,180_deg_south,cardinal,180,0,90,640,640,8,batch_0008,779,datasets/df_2024_uniform/batch_0008/images/d97a2decf9c4d03718191ca03a74726bed19d0f8.jpg,https://raw.githubusercontent.com/GUIA-DD/dataset-streetview/refs/heads/main/datasets/df_2024_uniform/batch_0008/images/d97a2decf9c4d03718191ca03a74726bed19d0f8.jpg,True,downloaded,
ce5e260ef5949903fd4a141ad762fd5e01cbec13,3c29fb3fa662cc0ebd2ed5c6459db4eb0b8f9470,-15.62940700001917,-47.60694404997837,-15.6294258711713,-47.6069604744565,2025-07,2025,q6-Q_uxAFqXRqYlI4kcdfA,233.8254776680884,© Google,OK,14_9,220487.65140946177,8270342.828437734,1467e41ec2276184f5a91092c80a0b92b4c0974f,cardinal,4,3,270_deg_west,cardinal,270,0,90,640,640,8,batch_0008,780,datasets/df_2024_uniform/batch_0008/images/1467e41ec2276184f5a91092c80a0b92b4c0974f.jpg,https://raw.githubusercontent.com/GUIA-DD/dataset-streetview/refs/heads/main/datasets/df_2024_uniform/batch_0008/images/1467e41ec2276184f5a91092c80a0b92b4c0974f.jpg,True,downloaded,
cfa0a6d00352bc74d3a6d1fa49825e5d87520ad2,d3d278c98eeae2e99e38e117748694e2aed12f2e,-15.906333600028626,-48.24958584989802,-15.90633203884634,-48.24958447403545,2025-05,2025,Zm0EOVfBtalIhGvTI_wZ9w,196.26347358348843,© Google,OK,0_3,152000.55715022565,8238718.703323302,ba70e54d9506e61506b35fa725333e8217e85f79,cardinal,4,0,0_deg_north,cardinal,0,0,90,640,640,8,batch_0008,781,datasets/df_2024_uniform/batch_0008/images/ba70e54d9506e61506b35fa725333e8217e85f79.jpg,https://raw.githubusercontent.com/GUIA-DD/dataset-streetview/refs/heads/main/datasets/df_2024_uniform/batch_0008/images/ba70e54d9506e61506b35fa725333e8217e85f79.jpg,True,downloaded,
cfa0a6d00352bc74d3a6d1fa49825e5d87520ad2,d3d278c98eeae2e99e38e117748694e2aed12f2e,-15.906333600028626,-48.24958584989802,-15.90633203884634,-48.24958447403545,2025-05,2025,Zm0EOVfBtalIhGvTI_wZ9w,196.26347358348843,© Google,OK,0_3,152000.55715022565,8238718.703323302,43710ca8056f15db2bce700dc8e960233e613afb,cardinal,4,1,90_deg_east,cardinal,90,0,90,640,640,8,batch_0008,782,datasets/df_2024_uniform/batch_0008/images/43710ca8056f15db2bce700dc8e960233e613afb.jpg,https://raw.githubusercontent.com/GUIA-DD/dataset-streetview/refs/heads/main/datasets/df_2024_uniform/batch_0008/images/43710ca8056f15db2bce700dc8e960233e613afb.jpg,True,downloaded,
cfa0a6d00352bc74d3a6d1fa49825e5d87520ad2,d3d278c98eeae2e99e38e117748694e2aed12f2e,-15.906333600028626,-48.24958584989802,-15.90633203884634,-48.24958447403545,2025-05,2025,Zm0EOVfBtalIhGvTI_wZ9w,196.26347358348843,© Google,OK,0_3,152000.55715022565,8238718.703323302,1dd6f9611c7181f733947f52e98fcf08efdf2bb3,cardinal,4,2,180_deg_south,cardinal,180,0,90,640,640,8,batch_0008,783,datasets/df_2024_uniform/batch_0008/images/1dd6f9611c7181f733947f52e98fcf08efdf2bb3.jpg,https://raw.githubusercontent.com/GUIA-DD/dataset-streetview/refs/heads/main/datasets/df_2024_uniform/batch_0008/images/1dd6f9611c7181f733947f52e98fcf08efdf2bb3.jpg,True,downloaded,
cfa0a6d00352bc74d3a6d1fa49825e5d87520ad2,d3d278c98eeae2e99e38e117748694e2aed12f2e,-15.906333600028626,-48.24958584989802,-15.90633203884634,-48.24958447403545,2025-05,2025,Zm0EOVfBtalIhGvTI_wZ9w,196.26347358348843,© Google,OK,0_3,152000.55715022565,8238718.703323302,49560e0a3980162185cc82bcd856d3ae6082e773,cardinal,4,3,270_deg_west,cardinal,270,0,90,640,640,8,batch_0008,784,datasets/df_2024_uniform/batch_0008/images/49560e0a3980162185cc82bcd856d3ae6082e773.jpg,https://raw.githubusercontent.com/GUIA-DD/dataset-streetview/refs/heads/main/datasets/df_2024_uniform/batch_0008/images/49560e0a3980162185cc82bcd856d3ae6082e773.jpg,True,downloaded,
cfc5bf9a9b5bfdc39bd66cdd75ee9e6c9a378e74,8776cc13e2fcfa963067cf5de0875af028506dd7,-15.742530400020158,-47.51333474997161,-15.74251213863252,-47.51336826792673,2025-07,2025,sDNk1L0fLuwnbjVr-uVFiQ,47.65960737119838,© Google,OK,16_7,230678.55421079724,8257940.729005443,91e633afb44981b165b50e4ba40bbece50b8a1e5,cardinal,4,0,0_deg_north,cardinal,0,0,90,640,640,8,batch_0008,785,datasets/df_2024_uniform/batch_0008/images/91e633afb44981b165b50e4ba40bbece50b8a1e5.jpg,https://raw.githubusercontent.com/GUIA-DD/dataset-streetview/refs/heads/main/datasets/df_2024_uniform/batch_0008/images/91e633afb44981b165b50e4ba40bbece50b8a1e5.jpg,True,downloaded,
cfc5bf9a9b5bfdc39bd66cdd75ee9e6c9a378e74,8776cc13e2fcfa963067cf5de0875af028506dd7,-15.742530400020158,-47.51333474997161,-15.74251213863252,-47.51336826792673,2025-07,2025,sDNk1L0fLuwnbjVr-uVFiQ,47.65960737119838,© Google,OK,16_7,230678.55421079724,8257940.729005443,b358f1fcef982f9f7b35ce06e062aee836102192,cardinal,4,1,90_deg_east,cardinal,90,0,90,640,640,8,batch_0008,786,datasets/df_2024_uniform/batch_0008/images/b358f1fcef982f9f7b35ce06e062aee836102192.jpg,https://raw.githubusercontent.com/GUIA-DD/dataset-streetview/refs/heads/main/datasets/df_2024_uniform/batch_0008/images/b358f1fcef982f9f7b35ce06e062aee836102192.jpg,True,downloaded,
cfc5bf9a9b5bfdc39bd66cdd75ee9e6c9a378e74,8776cc13e2fcfa963067cf5de0875af028506dd7,-15.742530400020158,-47.51333474997161,-15.74251213863252,-47.51336826792673,2025-07,2025,sDNk1L0fLuwnbjVr-uVFiQ,47.65960737119838,© Google,OK,16_7,230678.55421079724,8257940.729005443,ad623e7eb17e0b44e4de32eb48189ca5bb6b81be,cardinal,4,2,180_deg_south,cardinal,180,0,90,640,640,8,batch_0008,787,datasets/df_2024_uniform/batch_0008/images/ad623e7eb17e0b44e4de32eb48189ca5bb6b81be.jpg,https://raw.githubusercontent.com/GUIA-DD/dataset-streetview/refs/heads/main/datasets/df_2024_uniform/batch_0008/images/ad623e7eb17e0b44e4de32eb48189ca5bb6b81be.jpg,True,downloaded,
cfc5bf9a9b5bfdc39bd66cdd75ee9e6c9a378e74,8776cc13e2fcfa963067cf5de0875af028506dd7,-15.742530400020158,-47.51333474997161,-15.74251213863252,-47.51336826792673,2025-07,2025,sDNk1L0fLuwnbjVr-uVFiQ,47.65960737119838,© Google,OK,16_7,230678.55421079724,8257940.729005443,718d749158a4cb58cdae409eec62bd65a0f11cc2,cardinal,4,3,270_deg_west,cardinal,270,0,90,640,640,8,batch_0008,788,datasets/df_2024_uniform/batch_0008/images/718d749158a4cb58cdae409eec62bd65a0f11cc2.jpg,https://raw.githubusercontent.com/GUIA-DD/dataset-streetview/refs/heads/main/datasets/df_2024_uniform/batch_0008/images/718d749158a4cb58cdae409eec62bd65a0f11cc2.jpg,True,downloaded,
d03cd40cfa5feff798d433d2ac434b5b16931a30,a5ef19e8d4317abc33071003cc73d902b6e9747c,-15.813884800001116,-48.10401865001023,-15.813925218534,-48.10399940203315,2026-01,2026,xhjl2EqtvI4M3pWXAgEZow,150.8608057004124,© Google,OK,3_5,167451.0252939993,8249194.939641887,762b67acf607edac5426f10af1ec89f3153ea44f,cardinal,4,0,0_deg_north,cardinal,0,0,90,640,640,8,batch_0008,789,datasets/df_2024_uniform/batch_0008/images/762b67acf607edac5426f10af1ec89f3153ea44f.jpg,https://raw.githubusercontent.com/GUIA-DD/dataset-streetview/refs/heads/main/datasets/df_2024_uniform/batch_0008/images/762b67acf607edac5426f10af1ec89f3153ea44f.jpg,True,downloaded,
d03cd40cfa5feff798d433d2ac434b5b16931a30,a5ef19e8d4317abc33071003cc73d902b6e9747c,-15.813884800001116,-48.10401865001023,-15.813925218534,-48.10399940203315,2026-01,2026,xhjl2EqtvI4M3pWXAgEZow,150.8608057004124,© Google,OK,3_5,167451.0252939993,8249194.939641887,a61a6f2f019405850d7cc5dbfbad5858566d3160,cardinal,4,1,90_deg_east,cardinal,90,0,90,640,640,8,batch_0008,790,datasets/df_2024_uniform/batch_0008/images/a61a6f2f019405850d7cc5dbfbad5858566d3160.jpg,https://raw.githubusercontent.com/GUIA-DD/dataset-streetview/refs/heads/main/datasets/df_2024_uniform/batch_0008/images/a61a6f2f019405850d7cc5dbfbad5858566d3160.jpg,True,downloaded,
d03cd40cfa5feff798d433d2ac434b5b16931a30,a5ef19e8d4317abc33071003cc73d902b6e9747c,-15.813884800001116,-48.10401865001023,-15.813925218534,-48.10399940203315,2026-01,2026,xhjl2EqtvI4M3pWXAgEZow,150.8608057004124,© Google,OK,3_5,167451.0252939993,8249194.939641887,b8e78132ad6e13c321e98ed65bca6eaddbe4ad51,cardinal,4,2,180_deg_south,cardinal,180,0,90,640,640,8,batch_0008,791,datasets/df_2024_uniform/batch_0008/images/b8e78132ad6e13c321e98ed65bca6eaddbe4ad51.jpg,https://raw.githubusercontent.com/GUIA-DD/dataset-streetview/refs/heads/main/datasets/df_2024_uniform/batch_0008/images/b8e78132ad6e13c321e98ed65bca6eaddbe4ad51.jpg,True,downloaded,
d03cd40cfa5feff798d433d2ac434b5b16931a30,a5ef19e8d4317abc33071003cc73d902b6e9747c,-15.813884800001116,-48.10401865001023,-15.813925218534,-48.10399940203315,2026-01,2026,xhjl2EqtvI4M3pWXAgEZow,150.8608057004124,© Google,OK,3_5,167451.0252939993,8249194.939641887,1a188d04107f91c0289fe45cbc16eac901ff80a1,cardinal,4,3,270_deg_west,cardinal,270,0,90,640,640,8,batch_0008,792,datasets/df_2024_uniform/batch_0008/images/1a188d04107f91c0289fe45cbc16eac901ff80a1.jpg,https://raw.githubusercontent.com/GUIA-DD/dataset-streetview/refs/heads/main/datasets/df_2024_uniform/batch_0008/images/1a188d04107f91c0289fe45cbc16eac901ff80a1.jpg,True,downloaded,
d0d97792f6a53daaceeb5ee128b8279c4549f83e,51129f44898b5515abdcb56e3b143dde0b260517,-15.719540985306512,-48.19648283078781,-15.7195328442934,-48.19652114870114,2024-11,2024,2NVReQGKM_ciumVyNrY4_g,342.11790798000203,© Google,OK,1_7,157377.6159376087,8259495.740131844,2a8ff4b7b307c4bc21722b6a1ab1c13b1b70fbce,cardinal,4,0,0_deg_north,cardinal,0,0,90,640,640,8,batch_0008,793,datasets/df_2024_uniform/batch_0008/images/2a8ff4b7b307c4bc21722b6a1ab1c13b1b70fbce.jpg,https://raw.githubusercontent.com/GUIA-DD/dataset-streetview/refs/heads/main/datasets/df_2024_uniform/batch_0008/images/2a8ff4b7b307c4bc21722b6a1ab1c13b1b70fbce.jpg,True,downloaded,
d0d97792f6a53daaceeb5ee128b8279c4549f83e,51129f44898b5515abdcb56e3b143dde0b260517,-15.719540985306512,-48.19648283078781,-15.7195328442934,-48.19652114870114,2024-11,2024,2NVReQGKM_ciumVyNrY4_g,342.11790798000203,© Google,OK,1_7,157377.6159376087,8259495.740131844,7009fbbabdc4004fd93759e66d84463f870d2e3a,cardinal,4,1,90_deg_east,cardinal,90,0,90,640,640,8,batch_0008,794,datasets/df_2024_uniform/batch_0008/images/7009fbbabdc4004fd93759e66d84463f870d2e3a.jpg,https://raw.githubusercontent.com/GUIA-DD/dataset-streetview/refs/heads/main/datasets/df_2024_uniform/batch_0008/images/7009fbbabdc4004fd93759e66d84463f870d2e3a.jpg,True,downloaded,
d0d97792f6a53daaceeb5ee128b8279c4549f83e,51129f44898b5515abdcb56e3b143dde0b260517,-15.719540985306512,-48.19648283078781,-15.7195328442934,-48.19652114870114,2024-11,2024,2NVReQGKM_ciumVyNrY4_g,342.11790798000203,© Google,OK,1_7,157377.6159376087,8259495.740131844,ceacb740649ab32ddfe182c705aff2cbf14be677,cardinal,4,2,180_deg_south,cardinal,180,0,90,640,640,8,batch_0008,795,datasets/df_2024_uniform/batch_0008/images/ceacb740649ab32ddfe182c705aff2cbf14be677.jpg,https://raw.githubusercontent.com/GUIA-DD/dataset-streetview/refs/heads/main/datasets/df_2024_uniform/batch_0008/images/ceacb740649ab32ddfe182c705aff2cbf14be677.jpg,True,downloaded,
d0d97792f6a53daaceeb5ee128b8279c4549f83e,51129f44898b5515abdcb56e3b143dde0b260517,-15.719540985306512,-48.19648283078781,-15.7195328442934,-48.19652114870114,2024-11,2024,2NVReQGKM_ciumVyNrY4_g,342.11790798000203,© Google,OK,1_7,157377.6159376087,8259495.740131844,7a672084d160fae38eed46a37f20bf4c7b4e47a6,cardinal,4,3,270_deg_west,cardinal,270,0,90,640,640,8,batch_0008,796,datasets/df_2024_uniform/batch_0008/images/7a672084d160fae38eed46a37f20bf4c7b4e47a6.jpg,https://raw.githubusercontent.com/GUIA-DD/dataset-streetview/refs/heads/main/datasets/df_2024_uniform/batch_0008/images/7a672084d160fae38eed46a37f20bf4c7b4e47a6.jpg,True,downloaded,
d111396346e2bc2ff25e7dc09c8367123bbf3f1c,01e86cca48f455d6aff541eb693dc75a6f5da84b,-15.774142950000751,-48.12903529999547,-15.77411786469184,-48.12902963922091,2024-11,2024,eqfIfOWeAsF09Q-FL5jxFw,5.487348432016528,© Google,OK,3_6,164703.09821183438,8253556.703244391,6c3c1d60aac9971a31c56d510dacf725c7a24172,cardinal,4,0,0_deg_north,cardinal,0,0,90,640,640,8,batch_0008,797,datasets/df_2024_uniform/batch_0008/images/6c3c1d60aac9971a31c56d510dacf725c7a24172.jpg,https://raw.githubusercontent.com/GUIA-DD/dataset-streetview/refs/heads/main/datasets/df_2024_uniform/batch_0008/images/6c3c1d60aac9971a31c56d510dacf725c7a24172.jpg,True,downloaded,
d111396346e2bc2ff25e7dc09c8367123bbf3f1c,01e86cca48f455d6aff541eb693dc75a6f5da84b,-15.774142950000751,-48.12903529999547,-15.77411786469184,-48.12902963922091,2024-11,2024,eqfIfOWeAsF09Q-FL5jxFw,5.487348432016528,© Google,OK,3_6,164703.09821183438,8253556.703244391,f216010a74022db3a8e1fccdb7e5e06a0befbade,cardinal,4,1,90_deg_east,cardinal,90,0,90,640,640,8,batch_0008,798,datasets/df_2024_uniform/batch_0008/images/f216010a74022db3a8e1fccdb7e5e06a0befbade.jpg,https://raw.githubusercontent.com/GUIA-DD/dataset-streetview/refs/heads/main/datasets/df_2024_uniform/batch_0008/images/f216010a74022db3a8e1fccdb7e5e06a0befbade.jpg,True,downloaded,
d111396346e2bc2ff25e7dc09c8367123bbf3f1c,01e86cca48f455d6aff541eb693dc75a6f5da84b,-15.774142950000751,-48.12903529999547,-15.77411786469184,-48.12902963922091,2024-11,2024,eqfIfOWeAsF09Q-FL5jxFw,5.487348432016528,© Google,OK,3_6,164703.09821183438,8253556.703244391,e2e09351755b8f17bc245b42c624aad5b9607719,cardinal,4,2,180_deg_south,cardinal,180,0,90,640,640,8,batch_0008,799,datasets/df_2024_uniform/batch_0008/images/e2e09351755b8f17bc245b42c624aad5b9607719.jpg,https://raw.githubusercontent.com/GUIA-DD/dataset-streetview/refs/heads/main/datasets/df_2024_uniform/batch_0008/images/e2e09351755b8f17bc245b42c624aad5b9607719.jpg,True,downloaded,
d111396346e2bc2ff25e7dc09c8367123bbf3f1c,01e86cca48f455d6aff541eb693dc75a6f5da84b,-15.774142950000751,-48.12903529999547,-15.77411786469184,-48.12902963922091,2024-11,2024,eqfIfOWeAsF09Q-FL5jxFw,5.487348432016528,© Google,OK,3_6,164703.09821183438,8253556.703244391,0e4121da31b76b4e66263d3258d80592ad0307ef,cardinal,4,3,270_deg_west,cardinal,270,0,90,640,640,8,batch_0008,800,datasets/df_2024_uniform/batch_0008/images/0e4121da31b76b4e66263d3258d80592ad0307ef.jpg,https://raw.githubusercontent.com/GUIA-DD/dataset-streetview/refs/heads/main/datasets/df_2024_uniform/batch_0008/images/0e4121da31b76b4e66263d3258d80592ad0307ef.jpg,True,downloaded,
d22e817157356fff78ef2e35ad2e87d062f607cf,7d7e1e83ce1baafe566148f8911ef9275909c2c4,-15.91916380000116,-47.60504535004366,-15.91917641862919,-47.60504125009324,2024-09,2024,9krN6sxRzI4DFhRbBrs7BQ,162.95639112690307,© Google,OK,14_3,221088.1235477212,8238266.271300516,ab29fc9ee8829549bb872ef292aa308be03a6f9a,cardinal,4,0,0_deg_north,cardinal,0,0,90,640,640,8,batch_0008,801,datasets/df_2024_uniform/batch_0008/images/ab29fc9ee8829549bb872ef292aa308be03a6f9a.jpg,https://raw.githubusercontent.com/GUIA-DD/dataset-streetview/refs/heads/main/datasets/df_2024_uniform/batch_0008/images/ab29fc9ee8829549bb872ef292aa308be03a6f9a.jpg,True,downloaded,
d22e817157356fff78ef2e35ad2e87d062f607cf,7d7e1e83ce1baafe566148f8911ef9275909c2c4,-15.91916380000116,-47.60504535004366,-15.91917641862919,-47.60504125009324,2024-09,2024,9krN6sxRzI4DFhRbBrs7BQ,162.95639112690307,© Google,OK,14_3,221088.1235477212,8238266.271300516,1ed951f84abc8b19d732e249fba7f0bd3d930de3,cardinal,4,1,90_deg_east,cardinal,90,0,90,640,640,8,batch_0008,802,datasets/df_2024_uniform/batch_0008/images/1ed951f84abc8b19d732e249fba7f0bd3d930de3.jpg,https://raw.githubusercontent.com/GUIA-DD/dataset-streetview/refs/heads/main/datasets/df_2024_uniform/batch_0008/images/1ed951f84abc8b19d732e249fba7f0bd3d930de3.jpg,True,downloaded,
d22e817157356fff78ef2e35ad2e87d062f607cf,7d7e1e83ce1baafe566148f8911ef9275909c2c4,-15.91916380000116,-47.60504535004366,-15.91917641862919,-47.60504125009324,2024-09,2024,9krN6sxRzI4DFhRbBrs7BQ,162.95639112690307,© Google,OK,14_3,221088.1235477212,8238266.271300516,bbe8010c4c2dbf88e2fd1b86ec6d52363ba17252,cardinal,4,2,180_deg_south,cardinal,180,0,90,640,640,8,batch_0008,803,datasets/df_2024_uniform/batch_0008/images/bbe8010c4c2dbf88e2fd1b86ec6d52363ba17252.jpg,https://raw.githubusercontent.com/GUIA-DD/dataset-streetview/refs/heads/main/datasets/df_2024_uniform/batch_0008/images/bbe8010c4c2dbf88e2fd1b86ec6d52363ba17252.jpg,True,downloaded,
d22e817157356fff78ef2e35ad2e87d062f607cf,7d7e1e83ce1baafe566148f8911ef9275909c2c4,-15.91916380000116,-47.60504535004366,-15.91917641862919,-47.60504125009324,2024-09,2024,9krN6sxRzI4DFhRbBrs7BQ,162.95639112690307,© Google,OK,14_3,221088.1235477212,8238266.271300516,de5c724ea124ff1adb642a2a75790e0b344c4ef6,cardinal,4,3,270_deg_west,cardinal,270,0,90,640,640,8,batch_0008,804,datasets/df_2024_uniform/batch_0008/images/de5c724ea124ff1adb642a2a75790e0b344c4ef6.jpg,https://raw.githubusercontent.com/GUIA-DD/dataset-streetview/refs/heads/main/datasets/df_2024_uniform/batch_0008/images/de5c724ea124ff1adb642a2a75790e0b344c4ef6.jpg,True,downloaded,
d2ad06af274de09bf27ba8a42b9e211c3010e601,9cd1a1ab024f8916d9003aaf0c27718dfc06802c,-15.92325950000011,-48.05307190004414,-15.92324500690877,-48.05308945986868,2025-07,2025,TW6iCdjX8peSCCp1S2Knwg,161.73854912404454,© Google,OK,4_2,173090.3304884398,8237162.012330608,20fbfe4b3fa42e32384091cae009ae912ae66d36,cardinal,4,0,0_deg_north,cardinal,0,0,90,640,640,8,batch_0008,805,datasets/df_2024_uniform/batch_0008/images/20fbfe4b3fa42e32384091cae009ae912ae66d36.jpg,https://raw.githubusercontent.com/GUIA-DD/dataset-streetview/refs/heads/main/datasets/df_2024_uniform/batch_0008/images/20fbfe4b3fa42e32384091cae009ae912ae66d36.jpg,True,downloaded,
d2ad06af274de09bf27ba8a42b9e211c3010e601,9cd1a1ab024f8916d9003aaf0c27718dfc06802c,-15.92325950000011,-48.05307190004414,-15.92324500690877,-48.05308945986868,2025-07,2025,TW6iCdjX8peSCCp1S2Knwg,161.73854912404454,© Google,OK,4_2,173090.3304884398,8237162.012330608,d7e18269441ee7e20954881d6011c09b9325e034,cardinal,4,1,90_deg_east,cardinal,90,0,90,640,640,8,batch_0008,806,datasets/df_2024_uniform/batch_0008/images/d7e18269441ee7e20954881d6011c09b9325e034.jpg,https://raw.githubusercontent.com/GUIA-DD/dataset-streetview/refs/heads/main/datasets/df_2024_uniform/batch_0008/images/d7e18269441ee7e20954881d6011c09b9325e034.jpg,True,downloaded,
d2ad06af274de09bf27ba8a42b9e211c3010e601,9cd1a1ab024f8916d9003aaf0c27718dfc06802c,-15.92325950000011,-48.05307190004414,-15.92324500690877,-48.05308945986868,2025-07,2025,TW6iCdjX8peSCCp1S2Knwg,161.73854912404454,© Google,OK,4_2,173090.3304884398,8237162.012330608,245f8a3188a983794d3d0bfdff00fcebc820e226,cardinal,4,2,180_deg_south,cardinal,180,0,90,640,640,8,batch_0008,807,datasets/df_2024_uniform/batch_0008/images/245f8a3188a983794d3d0bfdff00fcebc820e226.jpg,https://raw.githubusercontent.com/GUIA-DD/dataset-streetview/refs/heads/main/datasets/df_2024_uniform/batch_0008/images/245f8a3188a983794d3d0bfdff00fcebc820e226.jpg,True,downloaded,
d2ad06af274de09bf27ba8a42b9e211c3010e601,9cd1a1ab024f8916d9003aaf0c27718dfc06802c,-15.92325950000011,-48.05307190004414,-15.92324500690877,-48.05308945986868,2025-07,2025,TW6iCdjX8peSCCp1S2Knwg,161.73854912404454,© Google,OK,4_2,173090.3304884398,8237162.012330608,e14333accc4a54c18d9ec00044ca7c58a6423588,cardinal,4,3,270_deg_west,cardinal,270,0,90,640,640,8,batch_0008,808,datasets/df_2024_uniform/batch_0008/images/e14333accc4a54c18d9ec00044ca7c58a6423588.jpg,https://raw.githubusercontent.com/GUIA-DD/dataset-streetview/refs/heads/main/datasets/df_2024_uniform/batch_0008/images/e14333accc4a54c18d9ec00044ca7c58a6423588.jpg,True,downloaded,
d3ec20f500e19e01e275cda441f171bddaa94c84,a70491b0241c4e7e0c3a2ac2c3aaa912242074b8,-16.013349800001432,-48.047104699989134,-16.01333347114553,-48.04711781265388,2025-05,2025,JsY87vloHYJewoTfVzS85w,182.4937435262415,© Google,OK,4_0,173875.90314970195,8227194.052295428,1ccb8d35098607586d4222e96065f747a153621f,cardinal,4,0,0_deg_north,cardinal,0,0,90,640,640,8,batch_0008,809,datasets/df_2024_uniform/batch_0008/images/1ccb8d35098607586d4222e96065f747a153621f.jpg,https://raw.githubusercontent.com/GUIA-DD/dataset-streetview/refs/heads/main/datasets/df_2024_uniform/batch_0008/images/1ccb8d35098607586d4222e96065f747a153621f.jpg,True,downloaded,
d3ec20f500e19e01e275cda441f171bddaa94c84,a70491b0241c4e7e0c3a2ac2c3aaa912242074b8,-16.013349800001432,-48.047104699989134,-16.01333347114553,-48.04711781265388,2025-05,2025,JsY87vloHYJewoTfVzS85w,182.4937435262415,© Google,OK,4_0,173875.90314970195,8227194.052295428,4d5bd1bcd455a44de1d8f1e93db14c19f02eb319,cardinal,4,1,90_deg_east,cardinal,90,0,90,640,640,8,batch_0008,810,datasets/df_2024_uniform/batch_0008/images/4d5bd1bcd455a44de1d8f1e93db14c19f02eb319.jpg,https://raw.githubusercontent.com/GUIA-DD/dataset-streetview/refs/heads/main/datasets/df_2024_uniform/batch_0008/images/4d5bd1bcd455a44de1d8f1e93db14c19f02eb319.jpg,True,downloaded,
d3ec20f500e19e01e275cda441f171bddaa94c84,a70491b0241c4e7e0c3a2ac2c3aaa912242074b8,-16.013349800001432,-48.047104699989134,-16.01333347114553,-48.04711781265388,2025-05,2025,JsY87vloHYJewoTfVzS85w,182.4937435262415,© Google,OK,4_0,173875.90314970195,8227194.052295428,1282b459758b5de1e3eac3cb9e1cfe3ab4cc91c4,cardinal,4,2,180_deg_south,cardinal,180,0,90,640,640,8,batch_0008,811,datasets/df_2024_uniform/batch_0008/images/1282b459758b5de1e3eac3cb9e1cfe3ab4cc91c4.jpg,https://raw.githubusercontent.com/GUIA-DD/dataset-streetview/refs/heads/main/datasets/df_2024_uniform/batch_0008/images/1282b459758b5de1e3eac3cb9e1cfe3ab4cc91c4.jpg,True,downloaded,
d3ec20f500e19e01e275cda441f171bddaa94c84,a70491b0241c4e7e0c3a2ac2c3aaa912242074b8,-16.013349800001432,-48.047104699989134,-16.01333347114553,-48.04711781265388,2025-05,2025,JsY87vloHYJewoTfVzS85w,182.4937435262415,© Google,OK,4_0,173875.90314970195,8227194.052295428,9c87eae1f32ad218d0702a6ecb1a39eace1913c0,cardinal,4,3,270_deg_west,cardinal,270,0,90,640,640,8,batch_0008,812,datasets/df_2024_uniform/batch_0008/images/9c87eae1f32ad218d0702a6ecb1a39eace1913c0.jpg,https://raw.githubusercontent.com/GUIA-DD/dataset-streetview/refs/heads/main/datasets/df_2024_uniform/batch_0008/images/9c87eae1f32ad218d0702a6ecb1a39eace1913c0.jpg,True,downloaded,
d3f842a61e416522970f641debb464e0934c74d0,c1d66ec97c7ec67629495bc82ee39ed9a3acba6c,-15.970387151472725,-47.58761451087984,-15.97037396373487,-47.5876020171771,2024-09,2024,jxg0yNebIWhnXOU6P5o-Gw,22.385186481398243,© Google,OK,14_2,223025.86969072805,8232618.5414266195,8d369c525f66bafc621f5ea6f185aaf19cbca1e1,cardinal,4,0,0_deg_north,cardinal,0,0,90,640,640,8,batch_0008,813,datasets/df_2024_uniform/batch_0008/images/8d369c525f66bafc621f5ea6f185aaf19cbca1e1.jpg,https://raw.githubusercontent.com/GUIA-DD/dataset-streetview/refs/heads/main/datasets/df_2024_uniform/batch_0008/images/8d369c525f66bafc621f5ea6f185aaf19cbca1e1.jpg,True,downloaded,
d3f842a61e416522970f641debb464e0934c74d0,c1d66ec97c7ec67629495bc82ee39ed9a3acba6c,-15.970387151472725,-47.58761451087984,-15.97037396373487,-47.5876020171771,2024-09,2024,jxg0yNebIWhnXOU6P5o-Gw,22.385186481398243,© Google,OK,14_2,223025.86969072805,8232618.5414266195,b718b2182bc1fad7cf3a7848aa12a18b3a8110eb,cardinal,4,1,90_deg_east,cardinal,90,0,90,640,640,8,batch_0008,814,datasets/df_2024_uniform/batch_0008/images/b718b2182bc1fad7cf3a7848aa12a18b3a8110eb.jpg,https://raw.githubusercontent.com/GUIA-DD/dataset-streetview/refs/heads/main/datasets/df_2024_uniform/batch_0008/images/b718b2182bc1fad7cf3a7848aa12a18b3a8110eb.jpg,True,downloaded,
d3f842a61e416522970f641debb464e0934c74d0,c1d66ec97c7ec67629495bc82ee39ed9a3acba6c,-15.970387151472725,-47.58761451087984,-15.97037396373487,-47.5876020171771,2024-09,2024,jxg0yNebIWhnXOU6P5o-Gw,22.385186481398243,© Google,OK,14_2,223025.86969072805,8232618.5414266195,f845c6b03557cec08de23cc9c5a5b5793b644f09,cardinal,4,2,180_deg_south,cardinal,180,0,90,640,640,8,batch_0008,815,datasets/df_2024_uniform/batch_0008/images/f845c6b03557cec08de23cc9c5a5b5793b644f09.jpg,https://raw.githubusercontent.com/GUIA-DD/dataset-streetview/refs/heads/main/datasets/df_2024_uniform/batch_0008/images/f845c6b03557cec08de23cc9c5a5b5793b644f09.jpg,True,downloaded,
d3f842a61e416522970f641debb464e0934c74d0,c1d66ec97c7ec67629495bc82ee39ed9a3acba6c,-15.970387151472725,-47.58761451087984,-15.97037396373487,-47.5876020171771,2024-09,2024,jxg0yNebIWhnXOU6P5o-Gw,22.385186481398243,© Google,OK,14_2,223025.86969072805,8232618.5414266195,9a1a2c5ca157286c3d67000ed997f7da8509a7df,cardinal,4,3,270_deg_west,cardinal,270,0,90,640,640,8,batch_0008,816,datasets/df_2024_uniform/batch_0008/images/9a1a2c5ca157286c3d67000ed997f7da8509a7df.jpg,https://raw.githubusercontent.com/GUIA-DD/dataset-streetview/refs/heads/main/datasets/df_2024_uniform/batch_0008/images/9a1a2c5ca157286c3d67000ed997f7da8509a7df.jpg,True,downloaded,
d81a7bf6d01f5ca7bc3b75fe9a36337e5a6efef2,8d0079e88fc23b497f1898dd89f3c878d1eb7eb7,-15.641297650465924,-47.63279535004523,-15.64127324070346,-47.63277761684181,2024-08,2024,ubB_kkz8moRJhYozFLBslA,267.4677937193618,© Google,OK,13_9,217730.56001477395,8268992.209443111,f8e10999caa170f1ab56bd9833c8c621b747a032,cardinal,4,0,0_deg_north,cardinal,0,0,90,640,640,8,batch_0008,817,datasets/df_2024_uniform/batch_0008/images/f8e10999caa170f1ab56bd9833c8c621b747a032.jpg,https://raw.githubusercontent.com/GUIA-DD/dataset-streetview/refs/heads/main/datasets/df_2024_uniform/batch_0008/images/f8e10999caa170f1ab56bd9833c8c621b747a032.jpg,True,downloaded,
d81a7bf6d01f5ca7bc3b75fe9a36337e5a6efef2,8d0079e88fc23b497f1898dd89f3c878d1eb7eb7,-15.641297650465924,-47.63279535004523,-15.64127324070346,-47.63277761684181,2024-08,2024,ubB_kkz8moRJhYozFLBslA,267.4677937193618,© Google,OK,13_9,217730.56001477395,8268992.209443111,2410a2fb9cd7257aabd6a607413cea28a8f44de8,cardinal,4,1,90_deg_east,cardinal,90,0,90,640,640,8,batch_0008,818,datasets/df_2024_uniform/batch_0008/images/2410a2fb9cd7257aabd6a607413cea28a8f44de8.jpg,https://raw.githubusercontent.com/GUIA-DD/dataset-streetview/refs/heads/main/datasets/df_2024_uniform/batch_0008/images/2410a2fb9cd7257aabd6a607413cea28a8f44de8.jpg,True,downloaded,
d81a7bf6d01f5ca7bc3b75fe9a36337e5a6efef2,8d0079e88fc23b497f1898dd89f3c878d1eb7eb7,-15.641297650465924,-47.63279535004523,-15.64127324070346,-47.63277761684181,2024-08,2024,ubB_kkz8moRJhYozFLBslA,267.4677937193618,© Google,OK,13_9,217730.56001477395,8268992.209443111,cf5b7ac06cee8fd2c7b4759c0bf38c80c6892a03,cardinal,4,2,180_deg_south,cardinal,180,0,90,640,640,8,batch_0008,819,datasets/df_2024_uniform/batch_0008/images/cf5b7ac06cee8fd2c7b4759c0bf38c80c6892a03.jpg,https://raw.githubusercontent.com/GUIA-DD/dataset-streetview/refs/heads/main/datasets/df_2024_uniform/batch_0008/images/cf5b7ac06cee8fd2c7b4759c0bf38c80c6892a03.jpg,True,downloaded,
d81a7bf6d01f5ca7bc3b75fe9a36337e5a6efef2,8d0079e88fc23b497f1898dd89f3c878d1eb7eb7,-15.641297650465924,-47.63279535004523,-15.64127324070346,-47.63277761684181,2024-08,2024,ubB_kkz8moRJhYozFLBslA,267.4677937193618,© Google,OK,13_9,217730.56001477395,8268992.209443111,9b816b300c078b678483f45b154af9b46de74bc9,cardinal,4,3,270_deg_west,cardinal,270,0,90,640,640,8,batch_0008,820,datasets/df_2024_uniform/batch_0008/images/9b816b300c078b678483f45b154af9b46de74bc9.jpg,https://raw.githubusercontent.com/GUIA-DD/dataset-streetview/refs/heads/main/datasets/df_2024_uniform/batch_0008/images/9b816b300c078b678483f45b154af9b46de74bc9.jpg,True,downloaded,
d971b6d67682ef6325dd79403643a0a2e49c3ee5,be158dd1e72b55113823bd7814ff38ad5714f699,-15.527576444007767,-47.76503247496506,-15.52758124022528,-47.76504887600392,2025-07,2025,PujFGFJAAC0133j_Bh2lPg,262.4076938891381,© Google,OK,10_11,203380.4177141863,8281403.252375764,17868f04cb29cec1fb16b1baa91f19e94951b45d,cardinal,4,0,0_deg_north,cardinal,0,0,90,640,640,8,batch_0008,821,datasets/df_2024_uniform/batch_0008/images/17868f04cb29cec1fb16b1baa91f19e94951b45d.jpg,https://raw.githubusercontent.com/GUIA-DD/dataset-streetview/refs/heads/main/datasets/df_2024_uniform/batch_0008/images/17868f04cb29cec1fb16b1baa91f19e94951b45d.jpg,True,downloaded,
d971b6d67682ef6325dd79403643a0a2e49c3ee5,be158dd1e72b55113823bd7814ff38ad5714f699,-15.527576444007767,-47.76503247496506,-15.52758124022528,-47.76504887600392,2025-07,2025,PujFGFJAAC0133j_Bh2lPg,262.4076938891381,© Google,OK,10_11,203380.4177141863,8281403.252375764,db29488be42ca49b67dd0f193f244ecc99277dcf,cardinal,4,1,90_deg_east,cardinal,90,0,90,640,640,8,batch_0008,822,datasets/df_2024_uniform/batch_0008/images/db29488be42ca49b67dd0f193f244ecc99277dcf.jpg,https://raw.githubusercontent.com/GUIA-DD/dataset-streetview/refs/heads/main/datasets/df_2024_uniform/batch_0008/images/db29488be42ca49b67dd0f193f244ecc99277dcf.jpg,True,downloaded,
d971b6d67682ef6325dd79403643a0a2e49c3ee5,be158dd1e72b55113823bd7814ff38ad5714f699,-15.527576444007767,-47.76503247496506,-15.52758124022528,-47.76504887600392,2025-07,2025,PujFGFJAAC0133j_Bh2lPg,262.4076938891381,© Google,OK,10_11,203380.4177141863,8281403.252375764,2b7680b59bcd0a741afa4de78def9457071b24f0,cardinal,4,2,180_deg_south,cardinal,180,0,90,640,640,8,batch_0008,823,datasets/df_2024_uniform/batch_0008/images/2b7680b59bcd0a741afa4de78def9457071b24f0.jpg,https://raw.githubusercontent.com/GUIA-DD/dataset-streetview/refs/heads/main/datasets/df_2024_uniform/batch_0008/images/2b7680b59bcd0a741afa4de78def9457071b24f0.jpg,True,downloaded,
d971b6d67682ef6325dd79403643a0a2e49c3ee5,be158dd1e72b55113823bd7814ff38ad5714f699,-15.527576444007767,-47.76503247496506,-15.52758124022528,-47.76504887600392,2025-07,2025,PujFGFJAAC0133j_Bh2lPg,262.4076938891381,© Google,OK,10_11,203380.4177141863,8281403.252375764,fdec185e38a5ff14800716708779435c38ed8150,cardinal,4,3,270_deg_west,cardinal,270,0,90,640,640,8,batch_0008,824,datasets/df_2024_uniform/batch_0008/images/fdec185e38a5ff14800716708779435c38ed8150.jpg,https://raw.githubusercontent.com/GUIA-DD/dataset-streetview/refs/heads/main/datasets/df_2024_uniform/batch_0008/images/fdec185e38a5ff14800716708779435c38ed8150.jpg,True,downloaded,
da19092852cfea7d92b21e70a7355eb30a6ab241,0467edef343f5df5c0e1399e3242ee4e50fda351,-15.729496670204616,-47.388904018631614,-15.72948888546599,-47.38896424688193,2025-07,2025,xxb0lKUwSTnA9ANMykzgVQ,172.0950035481683,© Google,OK,19_7,244002.66486507907,8259538.426178233,518cee2caab372a53ce9674d77116b9b049ff3be,cardinal,4,0,0_deg_north,cardinal,0,0,90,640,640,8,batch_0008,825,datasets/df_2024_uniform/batch_0008/images/518cee2caab372a53ce9674d77116b9b049ff3be.jpg,https://raw.githubusercontent.com/GUIA-DD/dataset-streetview/refs/heads/main/datasets/df_2024_uniform/batch_0008/images/518cee2caab372a53ce9674d77116b9b049ff3be.jpg,True,downloaded,
da19092852cfea7d92b21e70a7355eb30a6ab241,0467edef343f5df5c0e1399e3242ee4e50fda351,-15.729496670204616,-47.388904018631614,-15.72948888546599,-47.38896424688193,2025-07,2025,xxb0lKUwSTnA9ANMykzgVQ,172.0950035481683,© Google,OK,19_7,244002.66486507907,8259538.426178233,a0ebafb90490dc895724dd8ff651b1d2577eb6a2,cardinal,4,1,90_deg_east,cardinal,90,0,90,640,640,8,batch_0008,826,datasets/df_2024_uniform/batch_0008/images/a0ebafb90490dc895724dd8ff651b1d2577eb6a2.jpg,https://raw.githubusercontent.com/GUIA-DD/dataset-streetview/refs/heads/main/datasets/df_2024_uniform/batch_0008/images/a0ebafb90490dc895724dd8ff651b1d2577eb6a2.jpg,True,downloaded,
da19092852cfea7d92b21e70a7355eb30a6ab241,0467edef343f5df5c0e1399e3242ee4e50fda351,-15.729496670204616,-47.388904018631614,-15.72948888546599,-47.38896424688193,2025-07,2025,xxb0lKUwSTnA9ANMykzgVQ,172.0950035481683,© Google,OK,19_7,244002.66486507907,8259538.426178233,bb29c15e036232faaaf6c6801dceceb8327540c9,cardinal,4,2,180_deg_south,cardinal,180,0,90,640,640,8,batch_0008,827,datasets/df_2024_uniform/batch_0008/images/bb29c15e036232faaaf6c6801dceceb8327540c9.jpg,https://raw.githubusercontent.com/GUIA-DD/dataset-streetview/refs/heads/main/datasets/df_2024_uniform/batch_0008/images/bb29c15e036232faaaf6c6801dceceb8327540c9.jpg,True,downloaded,
da19092852cfea7d92b21e70a7355eb30a6ab241,0467edef343f5df5c0e1399e3242ee4e50fda351,-15.729496670204616,-47.388904018631614,-15.72948888546599,-47.38896424688193,2025-07,2025,xxb0lKUwSTnA9ANMykzgVQ,172.0950035481683,© Google,OK,19_7,244002.66486507907,8259538.426178233,286e4a201278726c3b34dd371600bd59094aad24,cardinal,4,3,270_deg_west,cardinal,270,0,90,640,640,8,batch_0008,828,datasets/df_2024_uniform/batch_0008/images/286e4a201278726c3b34dd371600bd59094aad24.jpg,https://raw.githubusercontent.com/GUIA-DD/dataset-streetview/refs/heads/main/datasets/df_2024_uniform/batch_0008/images/286e4a201278726c3b34dd371600bd59094aad24.jpg,True,downloaded,
da6108122ede4a7c2eb7ceea174d20730806a3dd,ffcb7bb33c913cca45adfbedd24914754aff6fdd,-15.788171750000192,-47.80145399999872,-15.78820084814265,-47.80149973736749,2024-06,2024,yfF02slNI74gU0aRO_ly3g,184.0933161251419,© Google,OK,10_5,199851.69875778965,8252498.018612089,dd9fa37da18f0f41930346f832cc4bd9a8bb564b,cardinal,4,0,0_deg_north,cardinal,0,0,90,640,640,8,batch_0008,829,datasets/df_2024_uniform/batch_0008/images/dd9fa37da18f0f41930346f832cc4bd9a8bb564b.jpg,https://raw.githubusercontent.com/GUIA-DD/dataset-streetview/refs/heads/main/datasets/df_2024_uniform/batch_0008/images/dd9fa37da18f0f41930346f832cc4bd9a8bb564b.jpg,True,downloaded,
da6108122ede4a7c2eb7ceea174d20730806a3dd,ffcb7bb33c913cca45adfbedd24914754aff6fdd,-15.788171750000192,-47.80145399999872,-15.78820084814265,-47.80149973736749,2024-06,2024,yfF02slNI74gU0aRO_ly3g,184.0933161251419,© Google,OK,10_5,199851.69875778965,8252498.018612089,919b1351647e775b0c5c2fff7846269ef1df9d25,cardinal,4,1,90_deg_east,cardinal,90,0,90,640,640,8,batch_0008,830,datasets/df_2024_uniform/batch_0008/images/919b1351647e775b0c5c2fff7846269ef1df9d25.jpg,https://raw.githubusercontent.com/GUIA-DD/dataset-streetview/refs/heads/main/datasets/df_2024_uniform/batch_0008/images/919b1351647e775b0c5c2fff7846269ef1df9d25.jpg,True,downloaded,
da6108122ede4a7c2eb7ceea174d20730806a3dd,ffcb7bb33c913cca45adfbedd24914754aff6fdd,-15.788171750000192,-47.80145399999872,-15.78820084814265,-47.80149973736749,2024-06,2024,yfF02slNI74gU0aRO_ly3g,184.0933161251419,© Google,OK,10_5,199851.69875778965,8252498.018612089,89869490a895997592d670e83b2ce802eea3470e,cardinal,4,2,180_deg_south,cardinal,180,0,90,640,640,8,batch_0008,831,datasets/df_2024_uniform/batch_0008/images/89869490a895997592d670e83b2ce802eea3470e.jpg,https://raw.githubusercontent.com/GUIA-DD/dataset-streetview/refs/heads/main/datasets/df_2024_uniform/batch_0008/images/89869490a895997592d670e83b2ce802eea3470e.jpg,True,downloaded,
da6108122ede4a7c2eb7ceea174d20730806a3dd,ffcb7bb33c913cca45adfbedd24914754aff6fdd,-15.788171750000192,-47.80145399999872,-15.78820084814265,-47.80149973736749,2024-06,2024,yfF02slNI74gU0aRO_ly3g,184.0933161251419,© Google,OK,10_5,199851.69875778965,8252498.018612089,65345f4ffea1b3b263af225ecf2481601aa83982,cardinal,4,3,270_deg_west,cardinal,270,0,90,640,640,8,batch_0008,832,datasets/df_2024_uniform/batch_0008/images/65345f4ffea1b3b263af225ecf2481601aa83982.jpg,https://raw.githubusercontent.com/GUIA-DD/dataset-streetview/refs/heads/main/datasets/df_2024_uniform/batch_0008/images/65345f4ffea1b3b263af225ecf2481601aa83982.jpg,True,downloaded,
daa7536c498456750d561f75b04655918eab61fb,6cb35185dcb76c836ac0d1f00884ac46f8c1784a,-15.932792109501897,-47.9417901388217,-15.93280987044459,-47.94184101873229,2024-12,2024,7fLbJ0A0Ags2aMH79vwMpw,221.2263378783205,© Google,OK,7_2,185029.91463283525,8236277.695458124,d302bbb3982ed3e8af0090cbbcf0cbfa28b01f19,cardinal,4,0,0_deg_north,cardinal,0,0,90,640,640,8,batch_0008,833,datasets/df_2024_uniform/batch_0008/images/d302bbb3982ed3e8af0090cbbcf0cbfa28b01f19.jpg,https://raw.githubusercontent.com/GUIA-DD/dataset-streetview/refs/heads/main/datasets/df_2024_uniform/batch_0008/images/d302bbb3982ed3e8af0090cbbcf0cbfa28b01f19.jpg,True,downloaded,
daa7536c498456750d561f75b04655918eab61fb,6cb35185dcb76c836ac0d1f00884ac46f8c1784a,-15.932792109501897,-47.9417901388217,-15.93280987044459,-47.94184101873229,2024-12,2024,7fLbJ0A0Ags2aMH79vwMpw,221.2263378783205,© Google,OK,7_2,185029.91463283525,8236277.695458124,118bbf4200d9f8ef5f19ddff12c23442ba7461d3,cardinal,4,1,90_deg_east,cardinal,90,0,90,640,640,8,batch_0008,834,datasets/df_2024_uniform/batch_0008/images/118bbf4200d9f8ef5f19ddff12c23442ba7461d3.jpg,https://raw.githubusercontent.com/GUIA-DD/dataset-streetview/refs/heads/main/datasets/df_2024_uniform/batch_0008/images/118bbf4200d9f8ef5f19ddff12c23442ba7461d3.jpg,True,downloaded,
daa7536c498456750d561f75b04655918eab61fb,6cb35185dcb76c836ac0d1f00884ac46f8c1784a,-15.932792109501897,-47.9417901388217,-15.93280987044459,-47.94184101873229,2024-12,2024,7fLbJ0A0Ags2aMH79vwMpw,221.2263378783205,© Google,OK,7_2,185029.91463283525,8236277.695458124,8dc167827640569f75fed910a2fed53df3e9b50d,cardinal,4,2,180_deg_south,cardinal,180,0,90,640,640,8,batch_0008,835,datasets/df_2024_uniform/batch_0008/images/8dc167827640569f75fed910a2fed53df3e9b50d.jpg,https://raw.githubusercontent.com/GUIA-DD/dataset-streetview/refs/heads/main/datasets/df_2024_uniform/batch_0008/images/8dc167827640569f75fed910a2fed53df3e9b50d.jpg,True,downloaded,
daa7536c498456750d561f75b04655918eab61fb,6cb35185dcb76c836ac0d1f00884ac46f8c1784a,-15.932792109501897,-47.9417901388217,-15.93280987044459,-47.94184101873229,2024-12,2024,7fLbJ0A0Ags2aMH79vwMpw,221.2263378783205,© Google,OK,7_2,185029.91463283525,8236277.695458124,847c876c5d713981a7240b7af77b7bff934811c1,cardinal,4,3,270_deg_west,cardinal,270,0,90,640,640,8,batch_0008,836,datasets/df_2024_uniform/batch_0008/images/847c876c5d713981a7240b7af77b7bff934811c1.jpg,https://raw.githubusercontent.com/GUIA-DD/dataset-streetview/refs/heads/main/datasets/df_2024_uniform/batch_0008/images/847c876c5d713981a7240b7af77b7bff934811c1.jpg,True,downloaded,
daab3dfabc0d3b4fb7651e27a2e8371965629261,e85e62860a5e26ff53aded3d3664bf1302d17aeb,-15.90246940008434,-48.03503094996677,-15.9025629168698,-48.03520002987555,2025-06,2025,EwNB9qp-Wyt2YZxdexJKPA,72.8347400607505,© Google,OK,5_3,174990.15680721798,8239492.64739023,cb65c76319262aaadf33e083a77ca4f799984a01,cardinal,4,0,0_deg_north,cardinal,0,0,90,640,640,8,batch_0008,837,datasets/df_2024_uniform/batch_0008/images/cb65c76319262aaadf33e083a77ca4f799984a01.jpg,https://raw.githubusercontent.com/GUIA-DD/dataset-streetview/refs/heads/main/datasets/df_2024_uniform/batch_0008/images/cb65c76319262aaadf33e083a77ca4f799984a01.jpg,True,downloaded,
daab3dfabc0d3b4fb7651e27a2e8371965629261,e85e62860a5e26ff53aded3d3664bf1302d17aeb,-15.90246940008434,-48.03503094996677,-15.9025629168698,-48.03520002987555,2025-06,2025,EwNB9qp-Wyt2YZxdexJKPA,72.8347400607505,© Google,OK,5_3,174990.15680721798,8239492.64739023,fcc010aeb974f23431e9a84bc746a4460b6ad85a,cardinal,4,1,90_deg_east,cardinal,90,0,90,640,640,8,batch_0008,838,datasets/df_2024_uniform/batch_0008/images/fcc010aeb974f23431e9a84bc746a4460b6ad85a.jpg,https://raw.githubusercontent.com/GUIA-DD/dataset-streetview/refs/heads/main/datasets/df_2024_uniform/batch_0008/images/fcc010aeb974f23431e9a84bc746a4460b6ad85a.jpg,True,downloaded,
daab3dfabc0d3b4fb7651e27a2e8371965629261,e85e62860a5e26ff53aded3d3664bf1302d17aeb,-15.90246940008434,-48.03503094996677,-15.9025629168698,-48.03520002987555,2025-06,2025,EwNB9qp-Wyt2YZxdexJKPA,72.8347400607505,© Google,OK,5_3,174990.15680721798,8239492.64739023,9ea06e1d51c1271d44d4fe3c465581a2011941f0,cardinal,4,2,180_deg_south,cardinal,180,0,90,640,640,8,batch_0008,839,datasets/df_2024_uniform/batch_0008/images/9ea06e1d51c1271d44d4fe3c465581a2011941f0.jpg,https://raw.githubusercontent.com/GUIA-DD/dataset-streetview/refs/heads/main/datasets/df_2024_uniform/batch_0008/images/9ea06e1d51c1271d44d4fe3c465581a2011941f0.jpg,True,downloaded,
daab3dfabc0d3b4fb7651e27a2e8371965629261,e85e62860a5e26ff53aded3d3664bf1302d17aeb,-15.90246940008434,-48.03503094996677,-15.9025629168698,-48.03520002987555,2025-06,2025,EwNB9qp-Wyt2YZxdexJKPA,72.8347400607505,© Google,OK,5_3,174990.15680721798,8239492.64739023,4c68365125561587dd5f5b1755ba5e766c97afae,cardinal,4,3,270_deg_west,cardinal,270,0,90,640,640,8,batch_0008,840,datasets/df_2024_uniform/batch_0008/images/4c68365125561587dd5f5b1755ba5e766c97afae.jpg,https://raw.githubusercontent.com/GUIA-DD/dataset-streetview/refs/heads/main/datasets/df_2024_uniform/batch_0008/images/4c68365125561587dd5f5b1755ba5e766c97afae.jpg,True,downloaded,
db8aaa18ec5697ad51bd8087c45f594a96587a58,5132256fe8e71dae0f47a0f6753a019d08a231bc,-15.75432024862711,-47.66189490995407,-15.75422283483671,-47.66171163591947,2025-07,2025,8Zn887wZQCQrM8U8JuSQzQ,150.52755510807478,© Google,OK,13_6,214766.19897979373,8256440.107993416,6a1662d6b9ac29b737673c8d83e4e2e786956453,cardinal,4,0,0_deg_north,cardinal,0,0,90,640,640,8,batch_0008,841,datasets/df_2024_uniform/batch_0008/images/6a1662d6b9ac29b737673c8d83e4e2e786956453.jpg,https://raw.githubusercontent.com/GUIA-DD/dataset-streetview/refs/heads/main/datasets/df_2024_uniform/batch_0008/images/6a1662d6b9ac29b737673c8d83e4e2e786956453.jpg,True,downloaded,
db8aaa18ec5697ad51bd8087c45f594a96587a58,5132256fe8e71dae0f47a0f6753a019d08a231bc,-15.75432024862711,-47.66189490995407,-15.75422283483671,-47.66171163591947,2025-07,2025,8Zn887wZQCQrM8U8JuSQzQ,150.52755510807478,© Google,OK,13_6,214766.19897979373,8256440.107993416,89b666ea6d8c78f48fb08bc55a1273eb232e8374,cardinal,4,1,90_deg_east,cardinal,90,0,90,640,640,8,batch_0008,842,datasets/df_2024_uniform/batch_0008/images/89b666ea6d8c78f48fb08bc55a1273eb232e8374.jpg,https://raw.githubusercontent.com/GUIA-DD/dataset-streetview/refs/heads/main/datasets/df_2024_uniform/batch_0008/images/89b666ea6d8c78f48fb08bc55a1273eb232e8374.jpg,True,downloaded,
db8aaa18ec5697ad51bd8087c45f594a96587a58,5132256fe8e71dae0f47a0f6753a019d08a231bc,-15.75432024862711,-47.66189490995407,-15.75422283483671,-47.66171163591947,2025-07,2025,8Zn887wZQCQrM8U8JuSQzQ,150.52755510807478,© Google,OK,13_6,214766.19897979373,8256440.107993416,8d36ad297e22f8fc24ca485b9f51e2db0c71f38f,cardinal,4,2,180_deg_south,cardinal,180,0,90,640,640,8,batch_0008,843,datasets/df_2024_uniform/batch_0008/images/8d36ad297e22f8fc24ca485b9f51e2db0c71f38f.jpg,https://raw.githubusercontent.com/GUIA-DD/dataset-streetview/refs/heads/main/datasets/df_2024_uniform/batch_0008/images/8d36ad297e22f8fc24ca485b9f51e2db0c71f38f.jpg,True,downloaded,
db8aaa18ec5697ad51bd8087c45f594a96587a58,5132256fe8e71dae0f47a0f6753a019d08a231bc,-15.75432024862711,-47.66189490995407,-15.75422283483671,-47.66171163591947,2025-07,2025,8Zn887wZQCQrM8U8JuSQzQ,150.52755510807478,© Google,OK,13_6,214766.19897979373,8256440.107993416,12d81b335f1faa7ccf5ec0dac84248fe5cb90801,cardinal,4,3,270_deg_west,cardinal,270,0,90,640,640,8,batch_0008,844,datasets/df_2024_uniform/batch_0008/images/12d81b335f1faa7ccf5ec0dac84248fe5cb90801.jpg,https://raw.githubusercontent.com/GUIA-DD/dataset-streetview/refs/heads/main/datasets/df_2024_uniform/batch_0008/images/12d81b335f1faa7ccf5ec0dac84248fe5cb90801.jpg,True,downloaded,
dc751084fcdb1e6cbd4968725c61b30f4d7cfcbd,b9be994ce0217916e2ddccfcf469d6bcbcbc913b,-15.92396750010867,-48.05261799995284,-15.92395773043084,-48.05259202430758,2025-07,2025,3VUWCArwgNC8aPzov8BORw,71.6570745890166,© Google,OK,4_2,173140.11872542306,8237084.314438155,3af7499582b35bcf3971a28f6a46f3adf149ad9a,cardinal,4,0,0_deg_north,cardinal,0,0,90,640,640,8,batch_0008,845,datasets/df_2024_uniform/batch_0008/images/3af7499582b35bcf3971a28f6a46f3adf149ad9a.jpg,https://raw.githubusercontent.com/GUIA-DD/dataset-streetview/refs/heads/main/datasets/df_2024_uniform/batch_0008/images/3af7499582b35bcf3971a28f6a46f3adf149ad9a.jpg,True,downloaded,
dc751084fcdb1e6cbd4968725c61b30f4d7cfcbd,b9be994ce0217916e2ddccfcf469d6bcbcbc913b,-15.92396750010867,-48.05261799995284,-15.92395773043084,-48.05259202430758,2025-07,2025,3VUWCArwgNC8aPzov8BORw,71.6570745890166,© Google,OK,4_2,173140.11872542306,8237084.314438155,54bebef63ce7877524e9767d5f38bf651fa814a3,cardinal,4,1,90_deg_east,cardinal,90,0,90,640,640,8,batch_0008,846,datasets/df_2024_uniform/batch_0008/images/54bebef63ce7877524e9767d5f38bf651fa814a3.jpg,https://raw.githubusercontent.com/GUIA-DD/dataset-streetview/refs/heads/main/datasets/df_2024_uniform/batch_0008/images/54bebef63ce7877524e9767d5f38bf651fa814a3.jpg,True,downloaded,
dc751084fcdb1e6cbd4968725c61b30f4d7cfcbd,b9be994ce0217916e2ddccfcf469d6bcbcbc913b,-15.92396750010867,-48.05261799995284,-15.92395773043084,-48.05259202430758,2025-07,2025,3VUWCArwgNC8aPzov8BORw,71.6570745890166,© Google,OK,4_2,173140.11872542306,8237084.314438155,ef3e27fc573d1950df7403faf6727d294c09fcfe,cardinal,4,2,180_deg_south,cardinal,180,0,90,640,640,8,batch_0008,847,datasets/df_2024_uniform/batch_0008/images/ef3e27fc573d1950df7403faf6727d294c09fcfe.jpg,https://raw.githubusercontent.com/GUIA-DD/dataset-streetview/refs/heads/main/datasets/df_2024_uniform/batch_0008/images/ef3e27fc573d1950df7403faf6727d294c09fcfe.jpg,True,downloaded,
dc751084fcdb1e6cbd4968725c61b30f4d7cfcbd,b9be994ce0217916e2ddccfcf469d6bcbcbc913b,-15.92396750010867,-48.05261799995284,-15.92395773043084,-48.05259202430758,2025-07,2025,3VUWCArwgNC8aPzov8BORw,71.6570745890166,© Google,OK,4_2,173140.11872542306,8237084.314438155,370e6b5eff238988909f751ed0e2a0cefe5611d9,cardinal,4,3,270_deg_west,cardinal,270,0,90,640,640,8,batch_0008,848,datasets/df_2024_uniform/batch_0008/images/370e6b5eff238988909f751ed0e2a0cefe5611d9.jpg,https://raw.githubusercontent.com/GUIA-DD/dataset-streetview/refs/heads/main/datasets/df_2024_uniform/batch_0008/images/370e6b5eff238988909f751ed0e2a0cefe5611d9.jpg,True,downloaded,
de2b714163f55f7b7b2882e275aa657aa26aeaa9,6a475ae7b4359dead397bb14b7f7a1e791a5a62b,-15.686692150002104,-47.42589014998482,-15.68674428340345,-47.42582589320256,2025-07,2025,GS4cLV96GLa2KlKKfca0gA,182.69116948209745,© Google,OK,18_8,239982.82691888668,8264231.547887502,eff2e437212bf4f7859264a07bfaf1bf5e75d4c2,cardinal,4,0,0_deg_north,cardinal,0,0,90,640,640,8,batch_0008,849,datasets/df_2024_uniform/batch_0008/images/eff2e437212bf4f7859264a07bfaf1bf5e75d4c2.jpg,https://raw.githubusercontent.com/GUIA-DD/dataset-streetview/refs/heads/main/datasets/df_2024_uniform/batch_0008/images/eff2e437212bf4f7859264a07bfaf1bf5e75d4c2.jpg,True,downloaded,
de2b714163f55f7b7b2882e275aa657aa26aeaa9,6a475ae7b4359dead397bb14b7f7a1e791a5a62b,-15.686692150002104,-47.42589014998482,-15.68674428340345,-47.42582589320256,2025-07,2025,GS4cLV96GLa2KlKKfca0gA,182.69116948209745,© Google,OK,18_8,239982.82691888668,8264231.547887502,02ad8a942e04ddaed3137cc85b451d9caa5d5530,cardinal,4,1,90_deg_east,cardinal,90,0,90,640,640,8,batch_0008,850,datasets/df_2024_uniform/batch_0008/images/02ad8a942e04ddaed3137cc85b451d9caa5d5530.jpg,https://raw.githubusercontent.com/GUIA-DD/dataset-streetview/refs/heads/main/datasets/df_2024_uniform/batch_0008/images/02ad8a942e04ddaed3137cc85b451d9caa5d5530.jpg,True,downloaded,
de2b714163f55f7b7b2882e275aa657aa26aeaa9,6a475ae7b4359dead397bb14b7f7a1e791a5a62b,-15.686692150002104,-47.42589014998482,-15.68674428340345,-47.42582589320256,2025-07,2025,GS4cLV96GLa2KlKKfca0gA,182.69116948209745,© Google,OK,18_8,239982.82691888668,8264231.547887502,de0f3ab7c12fcb5d7b83bd61b2c9cf31724df210,cardinal,4,2,180_deg_south,cardinal,180,0,90,640,640,8,batch_0008,851,datasets/df_2024_uniform/batch_0008/images/de0f3ab7c12fcb5d7b83bd61b2c9cf31724df210.jpg,https://raw.githubusercontent.com/GUIA-DD/dataset-streetview/refs/heads/main/datasets/df_2024_uniform/batch_0008/images/de0f3ab7c12fcb5d7b83bd61b2c9cf31724df210.jpg,True,downloaded,
de2b714163f55f7b7b2882e275aa657aa26aeaa9,6a475ae7b4359dead397bb14b7f7a1e791a5a62b,-15.686692150002104,-47.42589014998482,-15.68674428340345,-47.42582589320256,2025-07,2025,GS4cLV96GLa2KlKKfca0gA,182.69116948209745,© Google,OK,18_8,239982.82691888668,8264231.547887502,01c076999fcbed67f3febfbfa1d0537a7ecfbb99,cardinal,4,3,270_deg_west,cardinal,270,0,90,640,640,8,batch_0008,852,datasets/df_2024_uniform/batch_0008/images/01c076999fcbed67f3febfbfa1d0537a7ecfbb99.jpg,https://raw.githubusercontent.com/GUIA-DD/dataset-streetview/refs/heads/main/datasets/df_2024_uniform/batch_0008/images/01c076999fcbed67f3febfbfa1d0537a7ecfbb99.jpg,True,downloaded,
dea44c8585d0367521e7a87f06168ec15509efde,0cb3b6cb2171ed5d7bfbd00f0509a7f44c8ddca5,-15.936923200284376,-47.95369129978864,-15.9368306904682,-47.95374723014361,2024-12,2024,NuIsfvsR0RdPW0I3A5zmFA,63.148622479446814,© Google,OK,6_2,183761.20400586328,8235802.194819238,12b7cf1e1a0ea9b9cb01005b6df0ad9e839e00b4,cardinal,4,0,0_deg_north,cardinal,0,0,90,640,640,8,batch_0008,853,datasets/df_2024_uniform/batch_0008/images/12b7cf1e1a0ea9b9cb01005b6df0ad9e839e00b4.jpg,https://raw.githubusercontent.com/GUIA-DD/dataset-streetview/refs/heads/main/datasets/df_2024_uniform/batch_0008/images/12b7cf1e1a0ea9b9cb01005b6df0ad9e839e00b4.jpg,True,downloaded,
dea44c8585d0367521e7a87f06168ec15509efde,0cb3b6cb2171ed5d7bfbd00f0509a7f44c8ddca5,-15.936923200284376,-47.95369129978864,-15.9368306904682,-47.95374723014361,2024-12,2024,NuIsfvsR0RdPW0I3A5zmFA,63.148622479446814,© Google,OK,6_2,183761.20400586328,8235802.194819238,a1730ad3565f23c93f14c1aabfe939007070045f,cardinal,4,1,90_deg_east,cardinal,90,0,90,640,640,8,batch_0008,854,datasets/df_2024_uniform/batch_0008/images/a1730ad3565f23c93f14c1aabfe939007070045f.jpg,https://raw.githubusercontent.com/GUIA-DD/dataset-streetview/refs/heads/main/datasets/df_2024_uniform/batch_0008/images/a1730ad3565f23c93f14c1aabfe939007070045f.jpg,True,downloaded,
dea44c8585d0367521e7a87f06168ec15509efde,0cb3b6cb2171ed5d7bfbd00f0509a7f44c8ddca5,-15.936923200284376,-47.95369129978864,-15.9368306904682,-47.95374723014361,2024-12,2024,NuIsfvsR0RdPW0I3A5zmFA,63.148622479446814,© Google,OK,6_2,183761.20400586328,8235802.194819238,1b82848a12ffcc3ebafa7c9ae9d385cbcf606656,cardinal,4,2,180_deg_south,cardinal,180,0,90,640,640,8,batch_0008,855,datasets/df_2024_uniform/batch_0008/images/1b82848a12ffcc3ebafa7c9ae9d385cbcf606656.jpg,https://raw.githubusercontent.com/GUIA-DD/dataset-streetview/refs/heads/main/datasets/df_2024_uniform/batch_0008/images/1b82848a12ffcc3ebafa7c9ae9d385cbcf606656.jpg,True,downloaded,
dea44c8585d0367521e7a87f06168ec15509efde,0cb3b6cb2171ed5d7bfbd00f0509a7f44c8ddca5,-15.936923200284376,-47.95369129978864,-15.9368306904682,-47.95374723014361,2024-12,2024,NuIsfvsR0RdPW0I3A5zmFA,63.148622479446814,© Google,OK,6_2,183761.20400586328,8235802.194819238,d1f6d9f5c95e8e27736fbecec6de0d387cd10c71,cardinal,4,3,270_deg_west,cardinal,270,0,90,640,640,8,batch_0008,856,datasets/df_2024_uniform/batch_0008/images/d1f6d9f5c95e8e27736fbecec6de0d387cd10c71.jpg,https://raw.githubusercontent.com/GUIA-DD/dataset-streetview/refs/heads/main/datasets/df_2024_uniform/batch_0008/images/d1f6d9f5c95e8e27736fbecec6de0d387cd10c71.jpg,True,downloaded,
dfeb3dd8a64a7f9d4233d4ba706beab103296ca1,c1d0492d4c19767896b68f253c403a3164347dfa,-15.851139571330974,-48.03311649343877,-15.85111603301188,-48.03306022700161,2024-10,2024,LU_s8fKmP92uhZRbgulF6g,248.38456423238875,© Google,OK,5_4,175112.92918411465,8245180.198506237,01c5456fa7981344bf62d1d713cd5d80ae71f201,cardinal,4,0,0_deg_north,cardinal,0,0,90,640,640,8,batch_0008,857,datasets/df_2024_uniform/batch_0008/images/01c5456fa7981344bf62d1d713cd5d80ae71f201.jpg,https://raw.githubusercontent.com/GUIA-DD/dataset-streetview/refs/heads/main/datasets/df_2024_uniform/batch_0008/images/01c5456fa7981344bf62d1d713cd5d80ae71f201.jpg,True,downloaded,
dfeb3dd8a64a7f9d4233d4ba706beab103296ca1,c1d0492d4c19767896b68f253c403a3164347dfa,-15.851139571330974,-48.03311649343877,-15.85111603301188,-48.03306022700161,2024-10,2024,LU_s8fKmP92uhZRbgulF6g,248.38456423238875,© Google,OK,5_4,175112.92918411465,8245180.198506237,4aebc5e14ead0f9a935e4f330d9188636597eb71,cardinal,4,1,90_deg_east,cardinal,90,0,90,640,640,8,batch_0008,858,datasets/df_2024_uniform/batch_0008/images/4aebc5e14ead0f9a935e4f330d9188636597eb71.jpg,https://raw.githubusercontent.com/GUIA-DD/dataset-streetview/refs/heads/main/datasets/df_2024_uniform/batch_0008/images/4aebc5e14ead0f9a935e4f330d9188636597eb71.jpg,True,downloaded,
dfeb3dd8a64a7f9d4233d4ba706beab103296ca1,c1d0492d4c19767896b68f253c403a3164347dfa,-15.851139571330974,-48.03311649343877,-15.85111603301188,-48.03306022700161,2024-10,2024,LU_s8fKmP92uhZRbgulF6g,248.38456423238875,© Google,OK,5_4,175112.92918411465,8245180.198506237,a4cd33e8d74e2296457c40ac31d67aab24bb1255,cardinal,4,2,180_deg_south,cardinal,180,0,90,640,640,8,batch_0008,859,datasets/df_2024_uniform/batch_0008/images/a4cd33e8d74e2296457c40ac31d67aab24bb1255.jpg,https://raw.githubusercontent.com/GUIA-DD/dataset-streetview/refs/heads/main/datasets/df_2024_uniform/batch_0008/images/a4cd33e8d74e2296457c40ac31d67aab24bb1255.jpg,True,downloaded,
dfeb3dd8a64a7f9d4233d4ba706beab103296ca1,c1d0492d4c19767896b68f253c403a3164347dfa,-15.851139571330974,-48.03311649343877,-15.85111603301188,-48.03306022700161,2024-10,2024,LU_s8fKmP92uhZRbgulF6g,248.38456423238875,© Google,OK,5_4,175112.92918411465,8245180.198506237,e1c66e8c7dfba88359168b46dbee9255e67aa138,cardinal,4,3,270_deg_west,cardinal,270,0,90,640,640,8,batch_0008,860,datasets/df_2024_uniform/batch_0008/images/e1c66e8c7dfba88359168b46dbee9255e67aa138.jpg,https://raw.githubusercontent.com/GUIA-DD/dataset-streetview/refs/heads/main/datasets/df_2024_uniform/batch_0008/images/e1c66e8c7dfba88359168b46dbee9255e67aa138.jpg,True,downloaded,
e16b6339191b64e943fe7070fe5a4fe260e14059,af9a52c21b703d01cefe51d549b0270307a7f777,-15.646238902225884,-47.8030034889333,-15.64625056688968,-47.80301609794133,2024-07,2024,G4gSusLD8JQR0xDOn4cU_w,10.865464841028317,© Google,OK,10_9,199477.13517043783,8268211.367444565,341c086041ca23a4109e00e4f6367c8af97d8f85,cardinal,4,0,0_deg_north,cardinal,0,0,90,640,640,8,batch_0008,861,datasets/df_2024_uniform/batch_0008/images/341c086041ca23a4109e00e4f6367c8af97d8f85.jpg,https://raw.githubusercontent.com/GUIA-DD/dataset-streetview/refs/heads/main/datasets/df_2024_uniform/batch_0008/images/341c086041ca23a4109e00e4f6367c8af97d8f85.jpg,True,downloaded,
e16b6339191b64e943fe7070fe5a4fe260e14059,af9a52c21b703d01cefe51d549b0270307a7f777,-15.646238902225884,-47.8030034889333,-15.64625056688968,-47.80301609794133,2024-07,2024,G4gSusLD8JQR0xDOn4cU_w,10.865464841028317,© Google,OK,10_9,199477.13517043783,8268211.367444565,ffb83c24704cdf3d33c99f1eb764d2461b126ffb,cardinal,4,1,90_deg_east,cardinal,90,0,90,640,640,8,batch_0008,862,datasets/df_2024_uniform/batch_0008/images/ffb83c24704cdf3d33c99f1eb764d2461b126ffb.jpg,https://raw.githubusercontent.com/GUIA-DD/dataset-streetview/refs/heads/main/datasets/df_2024_uniform/batch_0008/images/ffb83c24704cdf3d33c99f1eb764d2461b126ffb.jpg,True,downloaded,
e16b6339191b64e943fe7070fe5a4fe260e14059,af9a52c21b703d01cefe51d549b0270307a7f777,-15.646238902225884,-47.8030034889333,-15.64625056688968,-47.80301609794133,2024-07,2024,G4gSusLD8JQR0xDOn4cU_w,10.865464841028317,© Google,OK,10_9,199477.13517043783,8268211.367444565,ea8cf26461793e5af7ebe1afc73e61a44785ec0d,cardinal,4,2,180_deg_south,cardinal,180,0,90,640,640,8,batch_0008,863,datasets/df_2024_uniform/batch_0008/images/ea8cf26461793e5af7ebe1afc73e61a44785ec0d.jpg,https://raw.githubusercontent.com/GUIA-DD/dataset-streetview/refs/heads/main/datasets/df_2024_uniform/batch_0008/images/ea8cf26461793e5af7ebe1afc73e61a44785ec0d.jpg,True,downloaded,
e16b6339191b64e943fe7070fe5a4fe260e14059,af9a52c21b703d01cefe51d549b0270307a7f777,-15.646238902225884,-47.8030034889333,-15.64625056688968,-47.80301609794133,2024-07,2024,G4gSusLD8JQR0xDOn4cU_w,10.865464841028317,© Google,OK,10_9,199477.13517043783,8268211.367444565,30efa4c779b119413e5eed1160e32cf20ca86168,cardinal,4,3,270_deg_west,cardinal,270,0,90,640,640,8,batch_0008,864,datasets/df_2024_uniform/batch_0008/images/30efa4c779b119413e5eed1160e32cf20ca86168.jpg,https://raw.githubusercontent.com/GUIA-DD/dataset-streetview/refs/heads/main/datasets/df_2024_uniform/batch_0008/images/30efa4c779b119413e5eed1160e32cf20ca86168.jpg,True,downloaded,
e389162e4ab659ffb3db4994cbaed4e7aab04b1c,839f5e60e8a4f1e8085e500266eebaf0956316eb,-15.635476999392992,-47.66108173725876,-15.63549555901089,-47.66107099547931,2024-08,2024,ABsUE5B2ty9jv2ZniahDfQ,281.2121345788994,© Google,OK,13_9,214687.95526356035,8269598.809704651,a6435296c96c293849f9a92dc07933e4bed2a968,cardinal,4,0,0_deg_north,cardinal,0,0,90,640,640,8,batch_0008,865,datasets/df_2024_uniform/batch_0008/images/a6435296c96c293849f9a92dc07933e4bed2a968.jpg,https://raw.githubusercontent.com/GUIA-DD/dataset-streetview/refs/heads/main/datasets/df_2024_uniform/batch_0008/images/a6435296c96c293849f9a92dc07933e4bed2a968.jpg,True,downloaded,
e389162e4ab659ffb3db4994cbaed4e7aab04b1c,839f5e60e8a4f1e8085e500266eebaf0956316eb,-15.635476999392992,-47.66108173725876,-15.63549555901089,-47.66107099547931,2024-08,2024,ABsUE5B2ty9jv2ZniahDfQ,281.2121345788994,© Google,OK,13_9,214687.95526356035,8269598.809704651,fdcd54c4594cde5737cc30d96364b8795f2491bc,cardinal,4,1,90_deg_east,cardinal,90,0,90,640,640,8,batch_0008,866,datasets/df_2024_uniform/batch_0008/images/fdcd54c4594cde5737cc30d96364b8795f2491bc.jpg,https://raw.githubusercontent.com/GUIA-DD/dataset-streetview/refs/heads/main/datasets/df_2024_uniform/batch_0008/images/fdcd54c4594cde5737cc30d96364b8795f2491bc.jpg,True,downloaded,
e389162e4ab659ffb3db4994cbaed4e7aab04b1c,839f5e60e8a4f1e8085e500266eebaf0956316eb,-15.635476999392992,-47.66108173725876,-15.63549555901089,-47.66107099547931,2024-08,2024,ABsUE5B2ty9jv2ZniahDfQ,281.2121345788994,© Google,OK,13_9,214687.95526356035,8269598.809704651,ba40c4f54d9ba574ce20f2c6e5159c99a358f015,cardinal,4,2,180_deg_south,cardinal,180,0,90,640,640,8,batch_0008,867,datasets/df_2024_uniform/batch_0008/images/ba40c4f54d9ba574ce20f2c6e5159c99a358f015.jpg,https://raw.githubusercontent.com/GUIA-DD/dataset-streetview/refs/heads/main/datasets/df_2024_uniform/batch_0008/images/ba40c4f54d9ba574ce20f2c6e5159c99a358f015.jpg,True,downloaded,
e389162e4ab659ffb3db4994cbaed4e7aab04b1c,839f5e60e8a4f1e8085e500266eebaf0956316eb,-15.635476999392992,-47.66108173725876,-15.63549555901089,-47.66107099547931,2024-08,2024,ABsUE5B2ty9jv2ZniahDfQ,281.2121345788994,© Google,OK,13_9,214687.95526356035,8269598.809704651,5702f35d5d73d0c9ddc9bc2ded2313fd2d904a68,cardinal,4,3,270_deg_west,cardinal,270,0,90,640,640,8,batch_0008,868,datasets/df_2024_uniform/batch_0008/images/5702f35d5d73d0c9ddc9bc2ded2313fd2d904a68.jpg,https://raw.githubusercontent.com/GUIA-DD/dataset-streetview/refs/heads/main/datasets/df_2024_uniform/batch_0008/images/5702f35d5d73d0c9ddc9bc2ded2313fd2d904a68.jpg,True,downloaded,
e485c85acc28b6178056c68e43e0e225ba9d2c51,7768c81aea42f503c7a0b77c3de4e3ec3236eda3,-15.606085700036363,-47.64665550000948,-15.606079855204,-47.64665875690748,2024-08,2024,ums-Amzob4bYycFaS57vkQ,91.84207703439286,© Google,OK,13_10,216195.13331121,8272872.12036139,685c134b4a2f045a2b272174b6c45ba81f7c0732,cardinal,4,0,0_deg_north,cardinal,0,0,90,640,640,8,batch_0008,869,datasets/df_2024_uniform/batch_0008/images/685c134b4a2f045a2b272174b6c45ba81f7c0732.jpg,https://raw.githubusercontent.com/GUIA-DD/dataset-streetview/refs/heads/main/datasets/df_2024_uniform/batch_0008/images/685c134b4a2f045a2b272174b6c45ba81f7c0732.jpg,True,downloaded,
e485c85acc28b6178056c68e43e0e225ba9d2c51,7768c81aea42f503c7a0b77c3de4e3ec3236eda3,-15.606085700036363,-47.64665550000948,-15.606079855204,-47.64665875690748,2024-08,2024,ums-Amzob4bYycFaS57vkQ,91.84207703439286,© Google,OK,13_10,216195.13331121,8272872.12036139,8ef99d142cbd8ad9740f56521c6e0b41b40ec160,cardinal,4,1,90_deg_east,cardinal,90,0,90,640,640,8,batch_0008,870,datasets/df_2024_uniform/batch_0008/images/8ef99d142cbd8ad9740f56521c6e0b41b40ec160.jpg,https://raw.githubusercontent.com/GUIA-DD/dataset-streetview/refs/heads/main/datasets/df_2024_uniform/batch_0008/images/8ef99d142cbd8ad9740f56521c6e0b41b40ec160.jpg,True,downloaded,
e485c85acc28b6178056c68e43e0e225ba9d2c51,7768c81aea42f503c7a0b77c3de4e3ec3236eda3,-15.606085700036363,-47.64665550000948,-15.606079855204,-47.64665875690748,2024-08,2024,ums-Amzob4bYycFaS57vkQ,91.84207703439286,© Google,OK,13_10,216195.13331121,8272872.12036139,3fa3ef9dae4203dde793fb2bde64cc58b84897cf,cardinal,4,2,180_deg_south,cardinal,180,0,90,640,640,8,batch_0008,871,datasets/df_2024_uniform/batch_0008/images/3fa3ef9dae4203dde793fb2bde64cc58b84897cf.jpg,https://raw.githubusercontent.com/GUIA-DD/dataset-streetview/refs/heads/main/datasets/df_2024_uniform/batch_0008/images/3fa3ef9dae4203dde793fb2bde64cc58b84897cf.jpg,True,downloaded,
e485c85acc28b6178056c68e43e0e225ba9d2c51,7768c81aea42f503c7a0b77c3de4e3ec3236eda3,-15.606085700036363,-47.64665550000948,-15.606079855204,-47.64665875690748,2024-08,2024,ums-Amzob4bYycFaS57vkQ,91.84207703439286,© Google,OK,13_10,216195.13331121,8272872.12036139,51bd1d1ae38f774926b0ad3fb084e21edc2ac4f9,cardinal,4,3,270_deg_west,cardinal,270,0,90,640,640,8,batch_0008,872,datasets/df_2024_uniform/batch_0008/images/51bd1d1ae38f774926b0ad3fb084e21edc2ac4f9.jpg,https://raw.githubusercontent.com/GUIA-DD/dataset-streetview/refs/heads/main/datasets/df_2024_uniform/batch_0008/images/51bd1d1ae38f774926b0ad3fb084e21edc2ac4f9.jpg,True,downloaded,
e63118e4e09e1b2a6186a7886e1e30f57f19fc7b,0ea217a9dd4655e46a29ad2d005f34c21c456248,-15.614204650000032,-47.64293229999972,-15.61424670542239,-47.64294685523821,2025-07,2025,JlW5nCU3bHQrtu_YaCcdGw,182.21505027982585,© Google,OK,13_9,216605.7870477212,8271978.220926686,95b5d10dbccbc8c05d18fcd042aefe2a8b2f8d34,cardinal,4,0,0_deg_north,cardinal,0,0,90,640,640,8,batch_0008,873,datasets/df_2024_uniform/batch_0008/images/95b5d10dbccbc8c05d18fcd042aefe2a8b2f8d34.jpg,https://raw.githubusercontent.com/GUIA-DD/dataset-streetview/refs/heads/main/datasets/df_2024_uniform/batch_0008/images/95b5d10dbccbc8c05d18fcd042aefe2a8b2f8d34.jpg,True,downloaded,
e63118e4e09e1b2a6186a7886e1e30f57f19fc7b,0ea217a9dd4655e46a29ad2d005f34c21c456248,-15.614204650000032,-47.64293229999972,-15.61424670542239,-47.64294685523821,2025-07,2025,JlW5nCU3bHQrtu_YaCcdGw,182.21505027982585,© Google,OK,13_9,216605.7870477212,8271978.220926686,721680d376cb72f187e2448102ea9201113d4c9e,cardinal,4,1,90_deg_east,cardinal,90,0,90,640,640,8,batch_0008,874,datasets/df_2024_uniform/batch_0008/images/721680d376cb72f187e2448102ea9201113d4c9e.jpg,https://raw.githubusercontent.com/GUIA-DD/dataset-streetview/refs/heads/main/datasets/df_2024_uniform/batch_0008/images/721680d376cb72f187e2448102ea9201113d4c9e.jpg,True,downloaded,
e63118e4e09e1b2a6186a7886e1e30f57f19fc7b,0ea217a9dd4655e46a29ad2d005f34c21c456248,-15.614204650000032,-47.64293229999972,-15.61424670542239,-47.64294685523821,2025-07,2025,JlW5nCU3bHQrtu_YaCcdGw,182.21505027982585,© Google,OK,13_9,216605.7870477212,8271978.220926686,c8bc814adfbc8740b17deeb35a7a08d0fd6d4463,cardinal,4,2,180_deg_south,cardinal,180,0,90,640,640,8,batch_0008,875,datasets/df_2024_uniform/batch_0008/images/c8bc814adfbc8740b17deeb35a7a08d0fd6d4463.jpg,https://raw.githubusercontent.com/GUIA-DD/dataset-streetview/refs/heads/main/datasets/df_2024_uniform/batch_0008/images/c8bc814adfbc8740b17deeb35a7a08d0fd6d4463.jpg,True,downloaded,
e63118e4e09e1b2a6186a7886e1e30f57f19fc7b,0ea217a9dd4655e46a29ad2d005f34c21c456248,-15.614204650000032,-47.64293229999972,-15.61424670542239,-47.64294685523821,2025-07,2025,JlW5nCU3bHQrtu_YaCcdGw,182.21505027982585,© Google,OK,13_9,216605.7870477212,8271978.220926686,f1c84cd9154704bda5f055e875cc95b741a4325d,cardinal,4,3,270_deg_west,cardinal,270,0,90,640,640,8,batch_0008,876,datasets/df_2024_uniform/batch_0008/images/f1c84cd9154704bda5f055e875cc95b741a4325d.jpg,https://raw.githubusercontent.com/GUIA-DD/dataset-streetview/refs/heads/main/datasets/df_2024_uniform/batch_0008/images/f1c84cd9154704bda5f055e875cc95b741a4325d.jpg,True,downloaded,
e64b915efe234fdca24db422ef0c7c2a498202b1,553189acd2e63b28ce0888c5aea86384d344863b,-15.799269100144974,-47.93909169949946,-15.79926761204258,-47.93911597748264,2024-05,2024,M4PpfnuYyZ9dMQFXPos7Pg,17.849549096403127,© Google,OK,7_5,185111.50223230707,8251067.812553632,435da9363b30356a0d8045f77c575260735043ca,cardinal,4,0,0_deg_north,cardinal,0,0,90,640,640,8,batch_0008,877,datasets/df_2024_uniform/batch_0008/images/435da9363b30356a0d8045f77c575260735043ca.jpg,https://raw.githubusercontent.com/GUIA-DD/dataset-streetview/refs/heads/main/datasets/df_2024_uniform/batch_0008/images/435da9363b30356a0d8045f77c575260735043ca.jpg,True,downloaded,
e64b915efe234fdca24db422ef0c7c2a498202b1,553189acd2e63b28ce0888c5aea86384d344863b,-15.799269100144974,-47.93909169949946,-15.79926761204258,-47.93911597748264,2024-05,2024,M4PpfnuYyZ9dMQFXPos7Pg,17.849549096403127,© Google,OK,7_5,185111.50223230707,8251067.812553632,4aada3ba9808d47f90aa6dec64c36c6390237cb0,cardinal,4,1,90_deg_east,cardinal,90,0,90,640,640,8,batch_0008,878,datasets/df_2024_uniform/batch_0008/images/4aada3ba9808d47f90aa6dec64c36c6390237cb0.jpg,https://raw.githubusercontent.com/GUIA-DD/dataset-streetview/refs/heads/main/datasets/df_2024_uniform/batch_0008/images/4aada3ba9808d47f90aa6dec64c36c6390237cb0.jpg,True,downloaded,
e64b915efe234fdca24db422ef0c7c2a498202b1,553189acd2e63b28ce0888c5aea86384d344863b,-15.799269100144974,-47.93909169949946,-15.79926761204258,-47.93911597748264,2024-05,2024,M4PpfnuYyZ9dMQFXPos7Pg,17.849549096403127,© Google,OK,7_5,185111.50223230707,8251067.812553632,63dcb09b002a6261e5cee6e7666219d7959f86d8,cardinal,4,2,180_deg_south,cardinal,180,0,90,640,640,8,batch_0008,879,datasets/df_2024_uniform/batch_0008/images/63dcb09b002a6261e5cee6e7666219d7959f86d8.jpg,https://raw.githubusercontent.com/GUIA-DD/dataset-streetview/refs/heads/main/datasets/df_2024_uniform/batch_0008/images/63dcb09b002a6261e5cee6e7666219d7959f86d8.jpg,True,downloaded,
e64b915efe234fdca24db422ef0c7c2a498202b1,553189acd2e63b28ce0888c5aea86384d344863b,-15.799269100144974,-47.93909169949946,-15.79926761204258,-47.93911597748264,2024-05,2024,M4PpfnuYyZ9dMQFXPos7Pg,17.849549096403127,© Google,OK,7_5,185111.50223230707,8251067.812553632,df452861935a5fbb595734a4378a8f7cae71c136,cardinal,4,3,270_deg_west,cardinal,270,0,90,640,640,8,batch_0008,880,datasets/df_2024_uniform/batch_0008/images/df452861935a5fbb595734a4378a8f7cae71c136.jpg,https://raw.githubusercontent.com/GUIA-DD/dataset-streetview/refs/heads/main/datasets/df_2024_uniform/batch_0008/images/df452861935a5fbb595734a4378a8f7cae71c136.jpg,True,downloaded,
e80a234850eebef1f337d96531762be288b94a7f,b9a7552fc293a6d2456bac7971a2f839e52c53f6,-15.912758249999657,-48.07291775004049,-15.91273217266193,-48.07292774646143,2025-07,2025,Xgv9HymUUNRq8Dnv1DBa8w,342.6219236473488,© Google,OK,4_3,170946.46132018874,8238293.801099401,c1c52a075058c64bc62280c98619daaac0b89d84,cardinal,4,0,0_deg_north,cardinal,0,0,90,640,640,8,batch_0008,881,datasets/df_2024_uniform/batch_0008/images/c1c52a075058c64bc62280c98619daaac0b89d84.jpg,https://raw.githubusercontent.com/GUIA-DD/dataset-streetview/refs/heads/main/datasets/df_2024_uniform/batch_0008/images/c1c52a075058c64bc62280c98619daaac0b89d84.jpg,True,downloaded,
e80a234850eebef1f337d96531762be288b94a7f,b9a7552fc293a6d2456bac7971a2f839e52c53f6,-15.912758249999657,-48.07291775004049,-15.91273217266193,-48.07292774646143,2025-07,2025,Xgv9HymUUNRq8Dnv1DBa8w,342.6219236473488,© Google,OK,4_3,170946.46132018874,8238293.801099401,7cd80efa3e215dcf7f9a7094ef8c01d34cb4ad19,cardinal,4,1,90_deg_east,cardinal,90,0,90,640,640,8,batch_0008,882,datasets/df_2024_uniform/batch_0008/images/7cd80efa3e215dcf7f9a7094ef8c01d34cb4ad19.jpg,https://raw.githubusercontent.com/GUIA-DD/dataset-streetview/refs/heads/main/datasets/df_2024_uniform/batch_0008/images/7cd80efa3e215dcf7f9a7094ef8c01d34cb4ad19.jpg,True,downloaded,
e80a234850eebef1f337d96531762be288b94a7f,b9a7552fc293a6d2456bac7971a2f839e52c53f6,-15.912758249999657,-48.07291775004049,-15.91273217266193,-48.07292774646143,2025-07,2025,Xgv9HymUUNRq8Dnv1DBa8w,342.6219236473488,© Google,OK,4_3,170946.46132018874,8238293.801099401,c8c22c8f240a3791e4bbbf3429fd3b646ba769d1,cardinal,4,2,180_deg_south,cardinal,180,0,90,640,640,8,batch_0008,883,datasets/df_2024_uniform/batch_0008/images/c8c22c8f240a3791e4bbbf3429fd3b646ba769d1.jpg,https://raw.githubusercontent.com/GUIA-DD/dataset-streetview/refs/heads/main/datasets/df_2024_uniform/batch_0008/images/c8c22c8f240a3791e4bbbf3429fd3b646ba769d1.jpg,True,downloaded,
e80a234850eebef1f337d96531762be288b94a7f,b9a7552fc293a6d2456bac7971a2f839e52c53f6,-15.912758249999657,-48.07291775004049,-15.91273217266193,-48.07292774646143,2025-07,2025,Xgv9HymUUNRq8Dnv1DBa8w,342.6219236473488,© Google,OK,4_3,170946.46132018874,8238293.801099401,ffc2e9f5af488e879d7307bcb1d07de7651865dd,cardinal,4,3,270_deg_west,cardinal,270,0,90,640,640,8,batch_0008,884,datasets/df_2024_uniform/batch_0008/images/ffc2e9f5af488e879d7307bcb1d07de7651865dd.jpg,https://raw.githubusercontent.com/GUIA-DD/dataset-streetview/refs/heads/main/datasets/df_2024_uniform/batch_0008/images/ffc2e9f5af488e879d7307bcb1d07de7651865dd.jpg,True,downloaded,
e884c14dad024913b44aa1c159e7a200356ef4b3,27e75c6a6ca16e81c54e2c51c42d855b1edc3ef2,-15.655252800023268,-47.79188480023576,-15.65522696885256,-47.79189059980182,2024-07,2024,l7OnaX-BJlFHDL5lNJSjnA,333.6987689001461,© Google,OK,10_8,200683.1649182812,8267229.034022553,0cc2847c93431cde3fb281f868c050810e19e02e,cardinal,4,0,0_deg_north,cardinal,0,0,90,640,640,8,batch_0008,885,datasets/df_2024_uniform/batch_0008/images/0cc2847c93431cde3fb281f868c050810e19e02e.jpg,https://raw.githubusercontent.com/GUIA-DD/dataset-streetview/refs/heads/main/datasets/df_2024_uniform/batch_0008/images/0cc2847c93431cde3fb281f868c050810e19e02e.jpg,True,downloaded,
e884c14dad024913b44aa1c159e7a200356ef4b3,27e75c6a6ca16e81c54e2c51c42d855b1edc3ef2,-15.655252800023268,-47.79188480023576,-15.65522696885256,-47.79189059980182,2024-07,2024,l7OnaX-BJlFHDL5lNJSjnA,333.6987689001461,© Google,OK,10_8,200683.1649182812,8267229.034022553,530a0d93b74c62a3c0f518250e4f1fed5c1bfa9f,cardinal,4,1,90_deg_east,cardinal,90,0,90,640,640,8,batch_0008,886,datasets/df_2024_uniform/batch_0008/images/530a0d93b74c62a3c0f518250e4f1fed5c1bfa9f.jpg,https://raw.githubusercontent.com/GUIA-DD/dataset-streetview/refs/heads/main/datasets/df_2024_uniform/batch_0008/images/530a0d93b74c62a3c0f518250e4f1fed5c1bfa9f.jpg,True,downloaded,
e884c14dad024913b44aa1c159e7a200356ef4b3,27e75c6a6ca16e81c54e2c51c42d855b1edc3ef2,-15.655252800023268,-47.79188480023576,-15.65522696885256,-47.79189059980182,2024-07,2024,l7OnaX-BJlFHDL5lNJSjnA,333.6987689001461,© Google,OK,10_8,200683.1649182812,8267229.034022553,cd31f7727826eb778ec105e487398959b52b47ab,cardinal,4,2,180_deg_south,cardinal,180,0,90,640,640,8,batch_0008,887,datasets/df_2024_uniform/batch_0008/images/cd31f7727826eb778ec105e487398959b52b47ab.jpg,https://raw.githubusercontent.com/GUIA-DD/dataset-streetview/refs/heads/main/datasets/df_2024_uniform/batch_0008/images/cd31f7727826eb778ec105e487398959b52b47ab.jpg,True,downloaded,
e884c14dad024913b44aa1c159e7a200356ef4b3,27e75c6a6ca16e81c54e2c51c42d855b1edc3ef2,-15.655252800023268,-47.79188480023576,-15.65522696885256,-47.79189059980182,2024-07,2024,l7OnaX-BJlFHDL5lNJSjnA,333.6987689001461,© Google,OK,10_8,200683.1649182812,8267229.034022553,76191f88113270055b47e3a208fc0d01e7c927b4,cardinal,4,3,270_deg_west,cardinal,270,0,90,640,640,8,batch_0008,888,datasets/df_2024_uniform/batch_0008/images/76191f88113270055b47e3a208fc0d01e7c927b4.jpg,https://raw.githubusercontent.com/GUIA-DD/dataset-streetview/refs/heads/main/datasets/df_2024_uniform/batch_0008/images/76191f88113270055b47e3a208fc0d01e7c927b4.jpg,True,downloaded,
e8e0b11eb5cc6f9a54ced85c3a859a09d5c0abbb,990ff9997200c518b622e9cb9b37b92d2b7cfb19,-16.038120561336644,-48.25561028621034,-16.03810578777496,-48.2555652762148,2025-07,2025,uFVqbHVRsb8q6RUZxILpvA,19.67563006513925,© Google,OK,0_0,151583.29598072215,8224111.020194774,b5ffe81d089281fcb83337384fa1cec4794ba40f,cardinal,4,0,0_deg_north,cardinal,0,0,90,640,640,8,batch_0008,889,datasets/df_2024_uniform/batch_0008/images/b5ffe81d089281fcb83337384fa1cec4794ba40f.jpg,https://raw.githubusercontent.com/GUIA-DD/dataset-streetview/refs/heads/main/datasets/df_2024_uniform/batch_0008/images/b5ffe81d089281fcb83337384fa1cec4794ba40f.jpg,True,downloaded,
e8e0b11eb5cc6f9a54ced85c3a859a09d5c0abbb,990ff9997200c518b622e9cb9b37b92d2b7cfb19,-16.038120561336644,-48.25561028621034,-16.03810578777496,-48.2555652762148,2025-07,2025,uFVqbHVRsb8q6RUZxILpvA,19.67563006513925,© Google,OK,0_0,151583.29598072215,8224111.020194774,5ab848bb1f7ced18ecd9580b2bb5abb8c5f536b0,cardinal,4,1,90_deg_east,cardinal,90,0,90,640,640,8,batch_0008,890,datasets/df_2024_uniform/batch_0008/images/5ab848bb1f7ced18ecd9580b2bb5abb8c5f536b0.jpg,https://raw.githubusercontent.com/GUIA-DD/dataset-streetview/refs/heads/main/datasets/df_2024_uniform/batch_0008/images/5ab848bb1f7ced18ecd9580b2bb5abb8c5f536b0.jpg,True,downloaded,
e8e0b11eb5cc6f9a54ced85c3a859a09d5c0abbb,990ff9997200c518b622e9cb9b37b92d2b7cfb19,-16.038120561336644,-48.25561028621034,-16.03810578777496,-48.2555652762148,2025-07,2025,uFVqbHVRsb8q6RUZxILpvA,19.67563006513925,© Google,OK,0_0,151583.29598072215,8224111.020194774,763f1b9a799122c1a119fd1dd400979a50e8365b,cardinal,4,2,180_deg_south,cardinal,180,0,90,640,640,8,batch_0008,891,datasets/df_2024_uniform/batch_0008/images/763f1b9a799122c1a119fd1dd400979a50e8365b.jpg,https://raw.githubusercontent.com/GUIA-DD/dataset-streetview/refs/heads/main/datasets/df_2024_uniform/batch_0008/images/763f1b9a799122c1a119fd1dd400979a50e8365b.jpg,True,downloaded,
e8e0b11eb5cc6f9a54ced85c3a859a09d5c0abbb,990ff9997200c518b622e9cb9b37b92d2b7cfb19,-16.038120561336644,-48.25561028621034,-16.03810578777496,-48.2555652762148,2025-07,2025,uFVqbHVRsb8q6RUZxILpvA,19.67563006513925,© Google,OK,0_0,151583.29598072215,8224111.020194774,88b179d2e198b8d434fe44cf71a2e41f209d7a14,cardinal,4,3,270_deg_west,cardinal,270,0,90,640,640,8,batch_0008,892,datasets/df_2024_uniform/batch_0008/images/88b179d2e198b8d434fe44cf71a2e41f209d7a14.jpg,https://raw.githubusercontent.com/GUIA-DD/dataset-streetview/refs/heads/main/datasets/df_2024_uniform/batch_0008/images/88b179d2e198b8d434fe44cf71a2e41f209d7a14.jpg,True,downloaded,
e9b7cf98dd8dc7f56acd72d87e669d6dc85b49d4,e383a9708d9da1b1fc1227acff8879eeef63cb69,-15.882963699998054,-48.09204100025188,-15.88292680785599,-48.09204957791659,2025-06,2025,YJp7wxHCIMgpYNcGgE87uA,342.33813295621945,© Google,OK,3_3,168848.18535025505,8241563.327283688,c73dc14fea22ba50cb7c83f2f0a4b22cd85fa959,cardinal,4,0,0_deg_north,cardinal,0,0,90,640,640,8,batch_0008,893,datasets/df_2024_uniform/batch_0008/images/c73dc14fea22ba50cb7c83f2f0a4b22cd85fa959.jpg,https://raw.githubusercontent.com/GUIA-DD/dataset-streetview/refs/heads/main/datasets/df_2024_uniform/batch_0008/images/c73dc14fea22ba50cb7c83f2f0a4b22cd85fa959.jpg,True,downloaded,
e9b7cf98dd8dc7f56acd72d87e669d6dc85b49d4,e383a9708d9da1b1fc1227acff8879eeef63cb69,-15.882963699998054,-48.09204100025188,-15.88292680785599,-48.09204957791659,2025-06,2025,YJp7wxHCIMgpYNcGgE87uA,342.33813295621945,© Google,OK,3_3,168848.18535025505,8241563.327283688,de80ee8e35fca924c5bd11ec30abe30868a8f881,cardinal,4,1,90_deg_east,cardinal,90,0,90,640,640,8,batch_0008,894,datasets/df_2024_uniform/batch_0008/images/de80ee8e35fca924c5bd11ec30abe30868a8f881.jpg,https://raw.githubusercontent.com/GUIA-DD/dataset-streetview/refs/heads/main/datasets/df_2024_uniform/batch_0008/images/de80ee8e35fca924c5bd11ec30abe30868a8f881.jpg,True,downloaded,
e9b7cf98dd8dc7f56acd72d87e669d6dc85b49d4,e383a9708d9da1b1fc1227acff8879eeef63cb69,-15.882963699998054,-48.09204100025188,-15.88292680785599,-48.09204957791659,2025-06,2025,YJp7wxHCIMgpYNcGgE87uA,342.33813295621945,© Google,OK,3_3,168848.18535025505,8241563.327283688,534fc67d7b6b00f88839cf7d9167dc3f063a1c06,cardinal,4,2,180_deg_south,cardinal,180,0,90,640,640,8,batch_0008,895,datasets/df_2024_uniform/batch_0008/images/534fc67d7b6b00f88839cf7d9167dc3f063a1c06.jpg,https://raw.githubusercontent.com/GUIA-DD/dataset-streetview/refs/heads/main/datasets/df_2024_uniform/batch_0008/images/534fc67d7b6b00f88839cf7d9167dc3f063a1c06.jpg,True,downloaded,
e9b7cf98dd8dc7f56acd72d87e669d6dc85b49d4,e383a9708d9da1b1fc1227acff8879eeef63cb69,-15.882963699998054,-48.09204100025188,-15.88292680785599,-48.09204957791659,2025-06,2025,YJp7wxHCIMgpYNcGgE87uA,342.33813295621945,© Google,OK,3_3,168848.18535025505,8241563.327283688,81fc103b07ebf4fb5c56869b8cc1137309414314,cardinal,4,3,270_deg_west,cardinal,270,0,90,640,640,8,batch_0008,896,datasets/df_2024_uniform/batch_0008/images/81fc103b07ebf4fb5c56869b8cc1137309414314.jpg,https://raw.githubusercontent.com/GUIA-DD/dataset-streetview/refs/heads/main/datasets/df_2024_uniform/batch_0008/images/81fc103b07ebf4fb5c56869b8cc1137309414314.jpg,True,downloaded,
e9c7549984c5fc19e0847ead004c82fa1d45c3f5,3b9e8dce6b65afe8522fea33668f65c5c5ed38ca,-16.02225055003546,-47.40705324998317,-16.02225374931629,-47.40707101596337,2024-10,2024,05xu4dHNhMLcT4R4-d5mrw,71.90279318011567,© Google,OK,18_0,242429.44801983552,8227109.427387061,55ed262f56f0b14fc67216c56a4bf1074c446964,cardinal,4,0,0_deg_north,cardinal,0,0,90,640,640,8,batch_0008,897,datasets/df_2024_uniform/batch_0008/images/55ed262f56f0b14fc67216c56a4bf1074c446964.jpg,https://raw.githubusercontent.com/GUIA-DD/dataset-streetview/refs/heads/main/datasets/df_2024_uniform/batch_0008/images/55ed262f56f0b14fc67216c56a4bf1074c446964.jpg,True,downloaded,
e9c7549984c5fc19e0847ead004c82fa1d45c3f5,3b9e8dce6b65afe8522fea33668f65c5c5ed38ca,-16.02225055003546,-47.40705324998317,-16.02225374931629,-47.40707101596337,2024-10,2024,05xu4dHNhMLcT4R4-d5mrw,71.90279318011567,© Google,OK,18_0,242429.44801983552,8227109.427387061,0e5ea4c49b5ef28d1e4f54bdd7e8355f93eb5014,cardinal,4,1,90_deg_east,cardinal,90,0,90,640,640,8,batch_0008,898,datasets/df_2024_uniform/batch_0008/images/0e5ea4c49b5ef28d1e4f54bdd7e8355f93eb5014.jpg,https://raw.githubusercontent.com/GUIA-DD/dataset-streetview/refs/heads/main/datasets/df_2024_uniform/batch_0008/images/0e5ea4c49b5ef28d1e4f54bdd7e8355f93eb5014.jpg,True,downloaded,
e9c7549984c5fc19e0847ead004c82fa1d45c3f5,3b9e8dce6b65afe8522fea33668f65c5c5ed38ca,-16.02225055003546,-47.40705324998317,-16.02225374931629,-47.40707101596337,2024-10,2024,05xu4dHNhMLcT4R4-d5mrw,71.90279318011567,© Google,OK,18_0,242429.44801983552,8227109.427387061,4a97d74f5ebc07524fe3dfc149e6fb37ec9929d2,cardinal,4,2,180_deg_south,cardinal,180,0,90,640,640,8,batch_0008,899,datasets/df_2024_uniform/batch_0008/images/4a97d74f5ebc07524fe3dfc149e6fb37ec9929d2.jpg,https://raw.githubusercontent.com/GUIA-DD/dataset-streetview/refs/heads/main/datasets/df_2024_uniform/batch_0008/images/4a97d74f5ebc07524fe3dfc149e6fb37ec9929d2.jpg,True,downloaded,
e9c7549984c5fc19e0847ead004c82fa1d45c3f5,3b9e8dce6b65afe8522fea33668f65c5c5ed38ca,-16.02225055003546,-47.40705324998317,-16.02225374931629,-47.40707101596337,2024-10,2024,05xu4dHNhMLcT4R4-d5mrw,71.90279318011567,© Google,OK,18_0,242429.44801983552,8227109.427387061,d4fcf1f940594fd357333fe480c6aea2e8eb4173,cardinal,4,3,270_deg_west,cardinal,270,0,90,640,640,8,batch_0008,900,datasets/df_2024_uniform/batch_0008/images/d4fcf1f940594fd357333fe480c6aea2e8eb4173.jpg,https://raw.githubusercontent.com/GUIA-DD/dataset-streetview/refs/heads/main/datasets/df_2024_uniform/batch_0008/images/d4fcf1f940594fd357333fe480c6aea2e8eb4173.jpg,True,downloaded,
ea74e4416b62190d22e04abb6c056f586820db71,39d320293d35f866838e3a814bff2a4aacbb9a2a,-15.872830617487663,-48.08599516254021,-15.87281114650562,-48.08597775992119,2025-06,2025,0F07kzgW1p-5T8WSIZDXjg,63.11968124383034,© Google,OK,4_4,169479.66675808185,8242695.143693728,7226faba0b3be72355eea6722f33a6cdd29fe82c,cardinal,4,0,0_deg_north,cardinal,0,0,90,640,640,8,batch_0008,901,datasets/df_2024_uniform/batch_0008/images/7226faba0b3be72355eea6722f33a6cdd29fe82c.jpg,https://raw.githubusercontent.com/GUIA-DD/dataset-streetview/refs/heads/main/datasets/df_2024_uniform/batch_0008/images/7226faba0b3be72355eea6722f33a6cdd29fe82c.jpg,True,downloaded,
ea74e4416b62190d22e04abb6c056f586820db71,39d320293d35f866838e3a814bff2a4aacbb9a2a,-15.872830617487663,-48.08599516254021,-15.87281114650562,-48.08597775992119,2025-06,2025,0F07kzgW1p-5T8WSIZDXjg,63.11968124383034,© Google,OK,4_4,169479.66675808185,8242695.143693728,cabeca3a0bf508815c7dc40c8a5bacd43887c808,cardinal,4,1,90_deg_east,cardinal,90,0,90,640,640,8,batch_0008,902,datasets/df_2024_uniform/batch_0008/images/cabeca3a0bf508815c7dc40c8a5bacd43887c808.jpg,https://raw.githubusercontent.com/GUIA-DD/dataset-streetview/refs/heads/main/datasets/df_2024_uniform/batch_0008/images/cabeca3a0bf508815c7dc40c8a5bacd43887c808.jpg,True,downloaded,
ea74e4416b62190d22e04abb6c056f586820db71,39d320293d35f866838e3a814bff2a4aacbb9a2a,-15.872830617487663,-48.08599516254021,-15.87281114650562,-48.08597775992119,2025-06,2025,0F07kzgW1p-5T8WSIZDXjg,63.11968124383034,© Google,OK,4_4,169479.66675808185,8242695.143693728,5ce6828eb2e5102a40f8abae0e9ef632433146d8,cardinal,4,2,180_deg_south,cardinal,180,0,90,640,640,8,batch_0008,903,datasets/df_2024_uniform/batch_0008/images/5ce6828eb2e5102a40f8abae0e9ef632433146d8.jpg,https://raw.githubusercontent.com/GUIA-DD/dataset-streetview/refs/heads/main/datasets/df_2024_uniform/batch_0008/images/5ce6828eb2e5102a40f8abae0e9ef632433146d8.jpg,True,downloaded,
ea74e4416b62190d22e04abb6c056f586820db71,39d320293d35f866838e3a814bff2a4aacbb9a2a,-15.872830617487663,-48.08599516254021,-15.87281114650562,-48.08597775992119,2025-06,2025,0F07kzgW1p-5T8WSIZDXjg,63.11968124383034,© Google,OK,4_4,169479.66675808185,8242695.143693728,738e9a7d9e46a228b19ee41b01b64fee1a3acf26,cardinal,4,3,270_deg_west,cardinal,270,0,90,640,640,8,batch_0008,904,datasets/df_2024_uniform/batch_0008/images/738e9a7d9e46a228b19ee41b01b64fee1a3acf26.jpg,https://raw.githubusercontent.com/GUIA-DD/dataset-streetview/refs/heads/main/datasets/df_2024_uniform/batch_0008/images/738e9a7d9e46a228b19ee41b01b64fee1a3acf26.jpg,True,downloaded,
ead6466e3736507ea7b853b48fb6d27e5d672e9d,d29d1e9067cdd2d147cc95b2f9ebf7cfc885fafe,-15.737947613952697,-47.75848139973981,-15.7379416214691,-47.75843801767391,2024-07,2024,iw_8gC2GLTg_6BLgfzGNWQ,252.7670941967857,© Google,OK,11_7,204386.07938028264,8258119.809444114,14cd804f1281f60b116e01020fdcf4c2c91e7052,cardinal,4,0,0_deg_north,cardinal,0,0,90,640,640,8,batch_0008,905,datasets/df_2024_uniform/batch_0008/images/14cd804f1281f60b116e01020fdcf4c2c91e7052.jpg,https://raw.githubusercontent.com/GUIA-DD/dataset-streetview/refs/heads/main/datasets/df_2024_uniform/batch_0008/images/14cd804f1281f60b116e01020fdcf4c2c91e7052.jpg,True,downloaded,
ead6466e3736507ea7b853b48fb6d27e5d672e9d,d29d1e9067cdd2d147cc95b2f9ebf7cfc885fafe,-15.737947613952697,-47.75848139973981,-15.7379416214691,-47.75843801767391,2024-07,2024,iw_8gC2GLTg_6BLgfzGNWQ,252.7670941967857,© Google,OK,11_7,204386.07938028264,8258119.809444114,17a63b9bdc9b62d97895f9067d877e0efb61598e,cardinal,4,1,90_deg_east,cardinal,90,0,90,640,640,8,batch_0008,906,datasets/df_2024_uniform/batch_0008/images/17a63b9bdc9b62d97895f9067d877e0efb61598e.jpg,https://raw.githubusercontent.com/GUIA-DD/dataset-streetview/refs/heads/main/datasets/df_2024_uniform/batch_0008/images/17a63b9bdc9b62d97895f9067d877e0efb61598e.jpg,True,downloaded,
ead6466e3736507ea7b853b48fb6d27e5d672e9d,d29d1e9067cdd2d147cc95b2f9ebf7cfc885fafe,-15.737947613952697,-47.75848139973981,-15.7379416214691,-47.75843801767391,2024-07,2024,iw_8gC2GLTg_6BLgfzGNWQ,252.7670941967857,© Google,OK,11_7,204386.07938028264,8258119.809444114,a9e937a495e7c75b9229a521358dc3ac8198cb32,cardinal,4,2,180_deg_south,cardinal,180,0,90,640,640,8,batch_0008,907,datasets/df_2024_uniform/batch_0008/images/a9e937a495e7c75b9229a521358dc3ac8198cb32.jpg,https://raw.githubusercontent.com/GUIA-DD/dataset-streetview/refs/heads/main/datasets/df_2024_uniform/batch_0008/images/a9e937a495e7c75b9229a521358dc3ac8198cb32.jpg,True,downloaded,
ead6466e3736507ea7b853b48fb6d27e5d672e9d,d29d1e9067cdd2d147cc95b2f9ebf7cfc885fafe,-15.737947613952697,-47.75848139973981,-15.7379416214691,-47.75843801767391,2024-07,2024,iw_8gC2GLTg_6BLgfzGNWQ,252.7670941967857,© Google,OK,11_7,204386.07938028264,8258119.809444114,a730658047fe6e6be944e24774bdfbc9fd5a3457,cardinal,4,3,270_deg_west,cardinal,270,0,90,640,640,8,batch_0008,908,datasets/df_2024_uniform/batch_0008/images/a730658047fe6e6be944e24774bdfbc9fd5a3457.jpg,https://raw.githubusercontent.com/GUIA-DD/dataset-streetview/refs/heads/main/datasets/df_2024_uniform/batch_0008/images/a730658047fe6e6be944e24774bdfbc9fd5a3457.jpg,True,downloaded,
ecd0987f57e08bf3f92a406cd35d349093f62dd2,6a735f8c463bf8fd329cf9f57f86f17cade987e0,-15.715776071215725,-47.390408516549904,-15.71578077812304,-47.39042749526268,2024-12,2024,nK3BoMUribh7etfh6iqwrQ,351.69957673144046,© Google,OK,18_7,243824.180250356,8261055.393727328,92ac1258660ae1a2da9dfd0585805a98a52ea4a6,cardinal,4,0,0_deg_north,cardinal,0,0,90,640,640,8,batch_0008,909,datasets/df_2024_uniform/batch_0008/images/92ac1258660ae1a2da9dfd0585805a98a52ea4a6.jpg,https://raw.githubusercontent.com/GUIA-DD/dataset-streetview/refs/heads/main/datasets/df_2024_uniform/batch_0008/images/92ac1258660ae1a2da9dfd0585805a98a52ea4a6.jpg,True,downloaded,
ecd0987f57e08bf3f92a406cd35d349093f62dd2,6a735f8c463bf8fd329cf9f57f86f17cade987e0,-15.715776071215725,-47.390408516549904,-15.71578077812304,-47.39042749526268,2024-12,2024,nK3BoMUribh7etfh6iqwrQ,351.69957673144046,© Google,OK,18_7,243824.180250356,8261055.393727328,9f2b09f456c37d6c46c55ce58e820c7f51d75ba5,cardinal,4,1,90_deg_east,cardinal,90,0,90,640,640,8,batch_0008,910,datasets/df_2024_uniform/batch_0008/images/9f2b09f456c37d6c46c55ce58e820c7f51d75ba5.jpg,https://raw.githubusercontent.com/GUIA-DD/dataset-streetview/refs/heads/main/datasets/df_2024_uniform/batch_0008/images/9f2b09f456c37d6c46c55ce58e820c7f51d75ba5.jpg,True,downloaded,
ecd0987f57e08bf3f92a406cd35d349093f62dd2,6a735f8c463bf8fd329cf9f57f86f17cade987e0,-15.715776071215725,-47.390408516549904,-15.71578077812304,-47.39042749526268,2024-12,2024,nK3BoMUribh7etfh6iqwrQ,351.69957673144046,© Google,OK,18_7,243824.180250356,8261055.393727328,6c507a68fc8c4b388a397ce6a6968983381eda4a,cardinal,4,2,180_deg_south,cardinal,180,0,90,640,640,8,batch_0008,911,datasets/df_2024_uniform/batch_0008/images/6c507a68fc8c4b388a397ce6a6968983381eda4a.jpg,https://raw.githubusercontent.com/GUIA-DD/dataset-streetview/refs/heads/main/datasets/df_2024_uniform/batch_0008/images/6c507a68fc8c4b388a397ce6a6968983381eda4a.jpg,True,downloaded,
ecd0987f57e08bf3f92a406cd35d349093f62dd2,6a735f8c463bf8fd329cf9f57f86f17cade987e0,-15.715776071215725,-47.390408516549904,-15.71578077812304,-47.39042749526268,2024-12,2024,nK3BoMUribh7etfh6iqwrQ,351.69957673144046,© Google,OK,18_7,243824.180250356,8261055.393727328,4644697525e4e6310017f7dccea97f600e7c7179,cardinal,4,3,270_deg_west,cardinal,270,0,90,640,640,8,batch_0008,912,datasets/df_2024_uniform/batch_0008/images/4644697525e4e6310017f7dccea97f600e7c7179.jpg,https://raw.githubusercontent.com/GUIA-DD/dataset-streetview/refs/heads/main/datasets/df_2024_uniform/batch_0008/images/4644697525e4e6310017f7dccea97f600e7c7179.jpg,True,downloaded,
ee5256d682b8c08fd80038907f82614887cf6cfe,a90d00e8ce8c0280c1e204113ee4c1d25361e9ad,-15.944930102708184,-48.2360746268221,-15.94490462955032,-48.2360724069106,2025-05,2025,2Ozju45yHIVY6qNJWBjQ6w,112.2975232087161,© Google,OK,0_2,153515.12521653555,8234466.062775001,d8a3c6c7370f9318fcb3248cbac6c5b33c8000c5,cardinal,4,0,0_deg_north,cardinal,0,0,90,640,640,8,batch_0008,913,datasets/df_2024_uniform/batch_0008/images/d8a3c6c7370f9318fcb3248cbac6c5b33c8000c5.jpg,https://raw.githubusercontent.com/GUIA-DD/dataset-streetview/refs/heads/main/datasets/df_2024_uniform/batch_0008/images/d8a3c6c7370f9318fcb3248cbac6c5b33c8000c5.jpg,True,downloaded,
ee5256d682b8c08fd80038907f82614887cf6cfe,a90d00e8ce8c0280c1e204113ee4c1d25361e9ad,-15.944930102708184,-48.2360746268221,-15.94490462955032,-48.2360724069106,2025-05,2025,2Ozju45yHIVY6qNJWBjQ6w,112.2975232087161,© Google,OK,0_2,153515.12521653555,8234466.062775001,6b8b6016f45b89b4aca7e7a6f844434b63fdea80,cardinal,4,1,90_deg_east,cardinal,90,0,90,640,640,8,batch_0008,914,datasets/df_2024_uniform/batch_0008/images/6b8b6016f45b89b4aca7e7a6f844434b63fdea80.jpg,https://raw.githubusercontent.com/GUIA-DD/dataset-streetview/refs/heads/main/datasets/df_2024_uniform/batch_0008/images/6b8b6016f45b89b4aca7e7a6f844434b63fdea80.jpg,True,downloaded,
ee5256d682b8c08fd80038907f82614887cf6cfe,a90d00e8ce8c0280c1e204113ee4c1d25361e9ad,-15.944930102708184,-48.2360746268221,-15.94490462955032,-48.2360724069106,2025-05,2025,2Ozju45yHIVY6qNJWBjQ6w,112.2975232087161,© Google,OK,0_2,153515.12521653555,8234466.062775001,a0c1ed076195729eaf477a5283f1dc85865474e7,cardinal,4,2,180_deg_south,cardinal,180,0,90,640,640,8,batch_0008,915,datasets/df_2024_uniform/batch_0008/images/a0c1ed076195729eaf477a5283f1dc85865474e7.jpg,https://raw.githubusercontent.com/GUIA-DD/dataset-streetview/refs/heads/main/datasets/df_2024_uniform/batch_0008/images/a0c1ed076195729eaf477a5283f1dc85865474e7.jpg,True,downloaded,
ee5256d682b8c08fd80038907f82614887cf6cfe,a90d00e8ce8c0280c1e204113ee4c1d25361e9ad,-15.944930102708184,-48.2360746268221,-15.94490462955032,-48.2360724069106,2025-05,2025,2Ozju45yHIVY6qNJWBjQ6w,112.2975232087161,© Google,OK,0_2,153515.12521653555,8234466.062775001,9a8a08ad2670de58b19514d1c403215bc59d198e,cardinal,4,3,270_deg_west,cardinal,270,0,90,640,640,8,batch_0008,916,datasets/df_2024_uniform/batch_0008/images/9a8a08ad2670de58b19514d1c403215bc59d198e.jpg,https://raw.githubusercontent.com/GUIA-DD/dataset-streetview/refs/heads/main/datasets/df_2024_uniform/batch_0008/images/9a8a08ad2670de58b19514d1c403215bc59d198e.jpg,True,downloaded,
eee652b0a63e1864077f070b607cc61943833613,7b10f544daefd6f165014b783684fcb2726c05a5,-15.98635024318979,-48.21943090346412,-15.98637787067864,-48.21943673386107,2025-05,2025,w_FpzKccsB5LYRavoe0L6g,62.5197616100322,© Google,OK,1_1,155369.75238151578,8229905.859861913,f77d46b2e97297a50c64068fc101164030e8eb0a,cardinal,4,0,0_deg_north,cardinal,0,0,90,640,640,8,batch_0008,917,datasets/df_2024_uniform/batch_0008/images/f77d46b2e97297a50c64068fc101164030e8eb0a.jpg,https://raw.githubusercontent.com/GUIA-DD/dataset-streetview/refs/heads/main/datasets/df_2024_uniform/batch_0008/images/f77d46b2e97297a50c64068fc101164030e8eb0a.jpg,True,downloaded,
eee652b0a63e1864077f070b607cc61943833613,7b10f544daefd6f165014b783684fcb2726c05a5,-15.98635024318979,-48.21943090346412,-15.98637787067864,-48.21943673386107,2025-05,2025,w_FpzKccsB5LYRavoe0L6g,62.5197616100322,© Google,OK,1_1,155369.75238151578,8229905.859861913,8b103dc5747701120bd835bf1c89fc3b069a25cc,cardinal,4,1,90_deg_east,cardinal,90,0,90,640,640,8,batch_0008,918,datasets/df_2024_uniform/batch_0008/images/8b103dc5747701120bd835bf1c89fc3b069a25cc.jpg,https://raw.githubusercontent.com/GUIA-DD/dataset-streetview/refs/heads/main/datasets/df_2024_uniform/batch_0008/images/8b103dc5747701120bd835bf1c89fc3b069a25cc.jpg,True,downloaded,
eee652b0a63e1864077f070b607cc61943833613,7b10f544daefd6f165014b783684fcb2726c05a5,-15.98635024318979,-48.21943090346412,-15.98637787067864,-48.21943673386107,2025-05,2025,w_FpzKccsB5LYRavoe0L6g,62.5197616100322,© Google,OK,1_1,155369.75238151578,8229905.859861913,fc722f899cc3f1892f9c9fc05e1850361d5f3477,cardinal,4,2,180_deg_south,cardinal,180,0,90,640,640,8,batch_0008,919,datasets/df_2024_uniform/batch_0008/images/fc722f899cc3f1892f9c9fc05e1850361d5f3477.jpg,https://raw.githubusercontent.com/GUIA-DD/dataset-streetview/refs/heads/main/datasets/df_2024_uniform/batch_0008/images/fc722f899cc3f1892f9c9fc05e1850361d5f3477.jpg,True,downloaded,
eee652b0a63e1864077f070b607cc61943833613,7b10f544daefd6f165014b783684fcb2726c05a5,-15.98635024318979,-48.21943090346412,-15.98637787067864,-48.21943673386107,2025-05,2025,w_FpzKccsB5LYRavoe0L6g,62.5197616100322,© Google,OK,1_1,155369.75238151578,8229905.859861913,14fce70845478c1bab108c961b512fb6f2313c8e,cardinal,4,3,270_deg_west,cardinal,270,0,90,640,640,8,batch_0008,920,datasets/df_2024_uniform/batch_0008/images/14fce70845478c1bab108c961b512fb6f2313c8e.jpg,https://raw.githubusercontent.com/GUIA-DD/dataset-streetview/refs/heads/main/datasets/df_2024_uniform/batch_0008/images/14fce70845478c1bab108c961b512fb6f2313c8e.jpg,True,downloaded,
ef1a6cac9f3578a2c57cb553ebaea99616e62bee,db88ebeefa7870b91391a967be5e71f948f654b7,-15.889016500147902,-47.81551745011335,-15.88903581566031,-47.81550712087559,2025-01,2025,TLU5ysmeH7V21zZys9mBog,283.86742713398286,© Google,OK,9_3,198493.78136591893,8241311.6279935455,973c7796aee93e12e183ebe2d0897efc0fe66b79,cardinal,4,0,0_deg_north,cardinal,0,0,90,640,640,8,batch_0008,921,datasets/df_2024_uniform/batch_0008/images/973c7796aee93e12e183ebe2d0897efc0fe66b79.jpg,https://raw.githubusercontent.com/GUIA-DD/dataset-streetview/refs/heads/main/datasets/df_2024_uniform/batch_0008/images/973c7796aee93e12e183ebe2d0897efc0fe66b79.jpg,True,downloaded,
ef1a6cac9f3578a2c57cb553ebaea99616e62bee,db88ebeefa7870b91391a967be5e71f948f654b7,-15.889016500147902,-47.81551745011335,-15.88903581566031,-47.81550712087559,2025-01,2025,TLU5ysmeH7V21zZys9mBog,283.86742713398286,© Google,OK,9_3,198493.78136591893,8241311.6279935455,fea5f5655fc40999bf83a4a200dfcc02569c2291,cardinal,4,1,90_deg_east,cardinal,90,0,90,640,640,8,batch_0008,922,datasets/df_2024_uniform/batch_0008/images/fea5f5655fc40999bf83a4a200dfcc02569c2291.jpg,https://raw.githubusercontent.com/GUIA-DD/dataset-streetview/refs/heads/main/datasets/df_2024_uniform/batch_0008/images/fea5f5655fc40999bf83a4a200dfcc02569c2291.jpg,True,downloaded,
ef1a6cac9f3578a2c57cb553ebaea99616e62bee,db88ebeefa7870b91391a967be5e71f948f654b7,-15.889016500147902,-47.81551745011335,-15.88903581566031,-47.81550712087559,2025-01,2025,TLU5ysmeH7V21zZys9mBog,283.86742713398286,© Google,OK,9_3,198493.78136591893,8241311.6279935455,8ecf34743b885f229330c8af7a2f1b65efc4506e,cardinal,4,2,180_deg_south,cardinal,180,0,90,640,640,8,batch_0008,923,datasets/df_2024_uniform/batch_0008/images/8ecf34743b885f229330c8af7a2f1b65efc4506e.jpg,https://raw.githubusercontent.com/GUIA-DD/dataset-streetview/refs/heads/main/datasets/df_2024_uniform/batch_0008/images/8ecf34743b885f229330c8af7a2f1b65efc4506e.jpg,True,downloaded,
ef1a6cac9f3578a2c57cb553ebaea99616e62bee,db88ebeefa7870b91391a967be5e71f948f654b7,-15.889016500147902,-47.81551745011335,-15.88903581566031,-47.81550712087559,2025-01,2025,TLU5ysmeH7V21zZys9mBog,283.86742713398286,© Google,OK,9_3,198493.78136591893,8241311.6279935455,9c613841249f7f0add7d81c2bd0433969537884f,cardinal,4,3,270_deg_west,cardinal,270,0,90,640,640,8,batch_0008,924,datasets/df_2024_uniform/batch_0008/images/9c613841249f7f0add7d81c2bd0433969537884f.jpg,https://raw.githubusercontent.com/GUIA-DD/dataset-streetview/refs/heads/main/datasets/df_2024_uniform/batch_0008/images/9c613841249f7f0add7d81c2bd0433969537884f.jpg,True,downloaded,
ef855af218f07b2ad05a2d7992175edb8202de46,421d835bec02ea8f59cabd7845ea9cf57357b556,-15.652578637624556,-47.57050125233896,-15.65248751791792,-47.57046745847027,2025-07,2025,Q54V1On1ou6xu6hW1pF_jg,143.73939037410076,© Google,OK,15_9,224428.31233384807,8267825.198110193,0111048619b580be3df0c6bc8c645cfe2271d2e6,cardinal,4,0,0_deg_north,cardinal,0,0,90,640,640,8,batch_0008,925,datasets/df_2024_uniform/batch_0008/images/0111048619b580be3df0c6bc8c645cfe2271d2e6.jpg,https://raw.githubusercontent.com/GUIA-DD/dataset-streetview/refs/heads/main/datasets/df_2024_uniform/batch_0008/images/0111048619b580be3df0c6bc8c645cfe2271d2e6.jpg,True,downloaded,
ef855af218f07b2ad05a2d7992175edb8202de46,421d835bec02ea8f59cabd7845ea9cf57357b556,-15.652578637624556,-47.57050125233896,-15.65248751791792,-47.57046745847027,2025-07,2025,Q54V1On1ou6xu6hW1pF_jg,143.73939037410076,© Google,OK,15_9,224428.31233384807,8267825.198110193,aad8852ab24aba111af473e8c3c83ba09c54938d,cardinal,4,1,90_deg_east,cardinal,90,0,90,640,640,8,batch_0008,926,datasets/df_2024_uniform/batch_0008/images/aad8852ab24aba111af473e8c3c83ba09c54938d.jpg,https://raw.githubusercontent.com/GUIA-DD/dataset-streetview/refs/heads/main/datasets/df_2024_uniform/batch_0008/images/aad8852ab24aba111af473e8c3c83ba09c54938d.jpg,True,downloaded,
ef855af218f07b2ad05a2d7992175edb8202de46,421d835bec02ea8f59cabd7845ea9cf57357b556,-15.652578637624556,-47.57050125233896,-15.65248751791792,-47.57046745847027,2025-07,2025,Q54V1On1ou6xu6hW1pF_jg,143.73939037410076,© Google,OK,15_9,224428.31233384807,8267825.198110193,655b8ee5eaab1756b06182b72a35aab1397440ef,cardinal,4,2,180_deg_south,cardinal,180,0,90,640,640,8,batch_0008,927,datasets/df_2024_uniform/batch_0008/images/655b8ee5eaab1756b06182b72a35aab1397440ef.jpg,https://raw.githubusercontent.com/GUIA-DD/dataset-streetview/refs/heads/main/datasets/df_2024_uniform/batch_0008/images/655b8ee5eaab1756b06182b72a35aab1397440ef.jpg,True,downloaded,
ef855af218f07b2ad05a2d7992175edb8202de46,421d835bec02ea8f59cabd7845ea9cf57357b556,-15.652578637624556,-47.57050125233896,-15.65248751791792,-47.57046745847027,2025-07,2025,Q54V1On1ou6xu6hW1pF_jg,143.73939037410076,© Google,OK,15_9,224428.31233384807,8267825.198110193,60a68de041b6229037dfd2cd142753ce6853de4b,cardinal,4,3,270_deg_west,cardinal,270,0,90,640,640,8,batch_0008,928,datasets/df_2024_uniform/batch_0008/images/60a68de041b6229037dfd2cd142753ce6853de4b.jpg,https://raw.githubusercontent.com/GUIA-DD/dataset-streetview/refs/heads/main/datasets/df_2024_uniform/batch_0008/images/60a68de041b6229037dfd2cd142753ce6853de4b.jpg,True,downloaded,
efa82f39c4fd01bb38858aba61404fd6297d2858,b749644ffc0d0d14aa0f055ea9cdd7043d41abc9,-15.807968989674594,-47.85099327749838,-15.80796890177501,-47.85106036001329,2024-05,2024,bpnvRIrEH21eL_nded1pxA,223.99601745997907,© Google,OK,9_5,194570.0463319513,8250234.530134917,e0cf0205feff8ae8bd2a66d0f4413c4537955a20,cardinal,4,0,0_deg_north,cardinal,0,0,90,640,640,8,batch_0008,929,datasets/df_2024_uniform/batch_0008/images/e0cf0205feff8ae8bd2a66d0f4413c4537955a20.jpg,https://raw.githubusercontent.com/GUIA-DD/dataset-streetview/refs/heads/main/datasets/df_2024_uniform/batch_0008/images/e0cf0205feff8ae8bd2a66d0f4413c4537955a20.jpg,True,downloaded,
efa82f39c4fd01bb38858aba61404fd6297d2858,b749644ffc0d0d14aa0f055ea9cdd7043d41abc9,-15.807968989674594,-47.85099327749838,-15.80796890177501,-47.85106036001329,2024-05,2024,bpnvRIrEH21eL_nded1pxA,223.99601745997907,© Google,OK,9_5,194570.0463319513,8250234.530134917,1a774be74aec83b28a8f7f8a4c8997f06a3563bb,cardinal,4,1,90_deg_east,cardinal,90,0,90,640,640,8,batch_0008,930,datasets/df_2024_uniform/batch_0008/images/1a774be74aec83b28a8f7f8a4c8997f06a3563bb.jpg,https://raw.githubusercontent.com/GUIA-DD/dataset-streetview/refs/heads/main/datasets/df_2024_uniform/batch_0008/images/1a774be74aec83b28a8f7f8a4c8997f06a3563bb.jpg,True,downloaded,
efa82f39c4fd01bb38858aba61404fd6297d2858,b749644ffc0d0d14aa0f055ea9cdd7043d41abc9,-15.807968989674594,-47.85099327749838,-15.80796890177501,-47.85106036001329,2024-05,2024,bpnvRIrEH21eL_nded1pxA,223.99601745997907,© Google,OK,9_5,194570.0463319513,8250234.530134917,8c4540f2d250d79a78c5aacf73eeb7975e064df9,cardinal,4,2,180_deg_south,cardinal,180,0,90,640,640,8,batch_0008,931,datasets/df_2024_uniform/batch_0008/images/8c4540f2d250d79a78c5aacf73eeb7975e064df9.jpg,https://raw.githubusercontent.com/GUIA-DD/dataset-streetview/refs/heads/main/datasets/df_2024_uniform/batch_0008/images/8c4540f2d250d79a78c5aacf73eeb7975e064df9.jpg,True,downloaded,
efa82f39c4fd01bb38858aba61404fd6297d2858,b749644ffc0d0d14aa0f055ea9cdd7043d41abc9,-15.807968989674594,-47.85099327749838,-15.80796890177501,-47.85106036001329,2024-05,2024,bpnvRIrEH21eL_nded1pxA,223.99601745997907,© Google,OK,9_5,194570.0463319513,8250234.530134917,8dc6db42cca73447ffe726961628d365346556ca,cardinal,4,3,270_deg_west,cardinal,270,0,90,640,640,8,batch_0008,932,datasets/df_2024_uniform/batch_0008/images/8dc6db42cca73447ffe726961628d365346556ca.jpg,https://raw.githubusercontent.com/GUIA-DD/dataset-streetview/refs/heads/main/datasets/df_2024_uniform/batch_0008/images/8dc6db42cca73447ffe726961628d365346556ca.jpg,True,downloaded,
f07e56a9f2bed6dce46ea5f3f16a7b2b2b6ec2bd,bd96a15096461ce63a2137c7d5f4dc5b9be8d5a9,-15.766495750041258,-48.04470825002332,-15.76648166858095,-48.04485285485305,2026-02,2026,NXWtlU8aWznIBEwY8hioaw,98.73966050007456,© Google,OK,4_6,173734.46169298264,8254536.184796319,5420a6569fd2ad45f6adc28a2870cae30ae2809f,cardinal,4,0,0_deg_north,cardinal,0,0,90,640,640,8,batch_0008,933,datasets/df_2024_uniform/batch_0008/images/5420a6569fd2ad45f6adc28a2870cae30ae2809f.jpg,https://raw.githubusercontent.com/GUIA-DD/dataset-streetview/refs/heads/main/datasets/df_2024_uniform/batch_0008/images/5420a6569fd2ad45f6adc28a2870cae30ae2809f.jpg,True,downloaded,
f07e56a9f2bed6dce46ea5f3f16a7b2b2b6ec2bd,bd96a15096461ce63a2137c7d5f4dc5b9be8d5a9,-15.766495750041258,-48.04470825002332,-15.76648166858095,-48.04485285485305,2026-02,2026,NXWtlU8aWznIBEwY8hioaw,98.73966050007456,© Google,OK,4_6,173734.46169298264,8254536.184796319,1f011d4e95ac9699a9db4e075d1d0fc8a8ca06b8,cardinal,4,1,90_deg_east,cardinal,90,0,90,640,640,8,batch_0008,934,datasets/df_2024_uniform/batch_0008/images/1f011d4e95ac9699a9db4e075d1d0fc8a8ca06b8.jpg,https://raw.githubusercontent.com/GUIA-DD/dataset-streetview/refs/heads/main/datasets/df_2024_uniform/batch_0008/images/1f011d4e95ac9699a9db4e075d1d0fc8a8ca06b8.jpg,True,downloaded,
f07e56a9f2bed6dce46ea5f3f16a7b2b2b6ec2bd,bd96a15096461ce63a2137c7d5f4dc5b9be8d5a9,-15.766495750041258,-48.04470825002332,-15.76648166858095,-48.04485285485305,2026-02,2026,NXWtlU8aWznIBEwY8hioaw,98.73966050007456,© Google,OK,4_6,173734.46169298264,8254536.184796319,38167ee22b6ad450d34ccbbaaa1e506de0fc7c77,cardinal,4,2,180_deg_south,cardinal,180,0,90,640,640,8,batch_0008,935,datasets/df_2024_uniform/batch_0008/images/38167ee22b6ad450d34ccbbaaa1e506de0fc7c77.jpg,https://raw.githubusercontent.com/GUIA-DD/dataset-streetview/refs/heads/main/datasets/df_2024_uniform/batch_0008/images/38167ee22b6ad450d34ccbbaaa1e506de0fc7c77.jpg,True,downloaded,
f07e56a9f2bed6dce46ea5f3f16a7b2b2b6ec2bd,bd96a15096461ce63a2137c7d5f4dc5b9be8d5a9,-15.766495750041258,-48.04470825002332,-15.76648166858095,-48.04485285485305,2026-02,2026,NXWtlU8aWznIBEwY8hioaw,98.73966050007456,© Google,OK,4_6,173734.46169298264,8254536.184796319,ae9313c2cfc1c0be4bb54239c7d2eb1fd04a89bb,cardinal,4,3,270_deg_west,cardinal,270,0,90,640,640,8,batch_0008,936,datasets/df_2024_uniform/batch_0008/images/ae9313c2cfc1c0be4bb54239c7d2eb1fd04a89bb.jpg,https://raw.githubusercontent.com/GUIA-DD/dataset-streetview/refs/heads/main/datasets/df_2024_uniform/batch_0008/images/ae9313c2cfc1c0be4bb54239c7d2eb1fd04a89bb.jpg,True,downloaded,
f24075f42c220934f6fee4ac19b7adc37381a8c1,3b856ea18195b57791b1016912273fae697b7303,-15.580728550110736,-47.34037814997313,-15.58069322987662,-47.340381861415,2025-07,2025,hSr5IxwTlEp4cu3w384yKw,258.4800195372661,© Google,OK,20_10,249023.64356837823,8276063.860284938,f2a02f9d9ce322910f4dd99ee7191c42ea4ac9c2,cardinal,4,0,0_deg_north,cardinal,0,0,90,640,640,8,batch_0008,937,datasets/df_2024_uniform/batch_0008/images/f2a02f9d9ce322910f4dd99ee7191c42ea4ac9c2.jpg,https://raw.githubusercontent.com/GUIA-DD/dataset-streetview/refs/heads/main/datasets/df_2024_uniform/batch_0008/images/f2a02f9d9ce322910f4dd99ee7191c42ea4ac9c2.jpg,True,downloaded,
f24075f42c220934f6fee4ac19b7adc37381a8c1,3b856ea18195b57791b1016912273fae697b7303,-15.580728550110736,-47.34037814997313,-15.58069322987662,-47.340381861415,2025-07,2025,hSr5IxwTlEp4cu3w384yKw,258.4800195372661,© Google,OK,20_10,249023.64356837823,8276063.860284938,ecf53fb68162f0d3cbc140e6e3f13dd744615f48,cardinal,4,1,90_deg_east,cardinal,90,0,90,640,640,8,batch_0008,938,datasets/df_2024_uniform/batch_0008/images/ecf53fb68162f0d3cbc140e6e3f13dd744615f48.jpg,https://raw.githubusercontent.com/GUIA-DD/dataset-streetview/refs/heads/main/datasets/df_2024_uniform/batch_0008/images/ecf53fb68162f0d3cbc140e6e3f13dd744615f48.jpg,True,downloaded,
f24075f42c220934f6fee4ac19b7adc37381a8c1,3b856ea18195b57791b1016912273fae697b7303,-15.580728550110736,-47.34037814997313,-15.58069322987662,-47.340381861415,2025-07,2025,hSr5IxwTlEp4cu3w384yKw,258.4800195372661,© Google,OK,20_10,249023.64356837823,8276063.860284938,308acd351294efdf571e9434d08ae07b75afb41e,cardinal,4,2,180_deg_south,cardinal,180,0,90,640,640,8,batch_0008,939,datasets/df_2024_uniform/batch_0008/images/308acd351294efdf571e9434d08ae07b75afb41e.jpg,https://raw.githubusercontent.com/GUIA-DD/dataset-streetview/refs/heads/main/datasets/df_2024_uniform/batch_0008/images/308acd351294efdf571e9434d08ae07b75afb41e.jpg,True,downloaded,
f24075f42c220934f6fee4ac19b7adc37381a8c1,3b856ea18195b57791b1016912273fae697b7303,-15.580728550110736,-47.34037814997313,-15.58069322987662,-47.340381861415,2025-07,2025,hSr5IxwTlEp4cu3w384yKw,258.4800195372661,© Google,OK,20_10,249023.64356837823,8276063.860284938,b117a36117399eae94ffcdd0bd82dcdd74029e00,cardinal,4,3,270_deg_west,cardinal,270,0,90,640,640,8,batch_0008,940,datasets/df_2024_uniform/batch_0008/images/b117a36117399eae94ffcdd0bd82dcdd74029e00.jpg,https://raw.githubusercontent.com/GUIA-DD/dataset-streetview/refs/heads/main/datasets/df_2024_uniform/batch_0008/images/b117a36117399eae94ffcdd0bd82dcdd74029e00.jpg,True,downloaded,
f373bf48ff18ba840b4501136c10d1e36554d1fe,a20fd1d029b9c1003d59e27fda8e1bc1e186c388,-15.79753925001144,-48.026322600002615,-15.79754138726036,-48.02636104394962,2024-09,2024,1unaX2-nzqX4d1K43T2D6Q,90.30519057034238,© Google,OK,5_5,175755.6479791962,8251126.694037131,57c552a8d2303d5890a781704413b88fb74b9be8,cardinal,4,0,0_deg_north,cardinal,0,0,90,640,640,8,batch_0008,941,datasets/df_2024_uniform/batch_0008/images/57c552a8d2303d5890a781704413b88fb74b9be8.jpg,https://raw.githubusercontent.com/GUIA-DD/dataset-streetview/refs/heads/main/datasets/df_2024_uniform/batch_0008/images/57c552a8d2303d5890a781704413b88fb74b9be8.jpg,True,downloaded,
f373bf48ff18ba840b4501136c10d1e36554d1fe,a20fd1d029b9c1003d59e27fda8e1bc1e186c388,-15.79753925001144,-48.026322600002615,-15.79754138726036,-48.02636104394962,2024-09,2024,1unaX2-nzqX4d1K43T2D6Q,90.30519057034238,© Google,OK,5_5,175755.6479791962,8251126.694037131,c36c17a764fb8bb6a42c57a8682b11df5e5113e0,cardinal,4,1,90_deg_east,cardinal,90,0,90,640,640,8,batch_0008,942,datasets/df_2024_uniform/batch_0008/images/c36c17a764fb8bb6a42c57a8682b11df5e5113e0.jpg,https://raw.githubusercontent.com/GUIA-DD/dataset-streetview/refs/heads/main/datasets/df_2024_uniform/batch_0008/images/c36c17a764fb8bb6a42c57a8682b11df5e5113e0.jpg,True,downloaded,
f373bf48ff18ba840b4501136c10d1e36554d1fe,a20fd1d029b9c1003d59e27fda8e1bc1e186c388,-15.79753925001144,-48.026322600002615,-15.79754138726036,-48.02636104394962,2024-09,2024,1unaX2-nzqX4d1K43T2D6Q,90.30519057034238,© Google,OK,5_5,175755.6479791962,8251126.694037131,fb4d2bb0ef88f48a8848ab5b89bb02aeabc42d60,cardinal,4,2,180_deg_south,cardinal,180,0,90,640,640,8,batch_0008,943,datasets/df_2024_uniform/batch_0008/images/fb4d2bb0ef88f48a8848ab5b89bb02aeabc42d60.jpg,https://raw.githubusercontent.com/GUIA-DD/dataset-streetview/refs/heads/main/datasets/df_2024_uniform/batch_0008/images/fb4d2bb0ef88f48a8848ab5b89bb02aeabc42d60.jpg,True,downloaded,
f373bf48ff18ba840b4501136c10d1e36554d1fe,a20fd1d029b9c1003d59e27fda8e1bc1e186c388,-15.79753925001144,-48.026322600002615,-15.79754138726036,-48.02636104394962,2024-09,2024,1unaX2-nzqX4d1K43T2D6Q,90.30519057034238,© Google,OK,5_5,175755.6479791962,8251126.694037131,406cff1842da61113e4b39676956e5f91cf9077c,cardinal,4,3,270_deg_west,cardinal,270,0,90,640,640,8,batch_0008,944,datasets/df_2024_uniform/batch_0008/images/406cff1842da61113e4b39676956e5f91cf9077c.jpg,https://raw.githubusercontent.com/GUIA-DD/dataset-streetview/refs/heads/main/datasets/df_2024_uniform/batch_0008/images/406cff1842da61113e4b39676956e5f91cf9077c.jpg,True,downloaded,
f373df63c70b563643e0641801a2198ec6e4fed8,0776e39bde0212ceec1ee99907f58be112988111,-16.04991940000735,-47.61703809998583,-16.0498870752282,-47.61701117220112,2024-09,2024,KHsd6_mObb4giHzEBZHc5w,37.417573240965226,© Google,OK,14_0,219985.5593115312,8223773.872218167,5c0c99ca176a46c776ceefd726ef841855203add,cardinal,4,0,0_deg_north,cardinal,0,0,90,640,640,8,batch_0008,945,datasets/df_2024_uniform/batch_0008/images/5c0c99ca176a46c776ceefd726ef841855203add.jpg,https://raw.githubusercontent.com/GUIA-DD/dataset-streetview/refs/heads/main/datasets/df_2024_uniform/batch_0008/images/5c0c99ca176a46c776ceefd726ef841855203add.jpg,True,downloaded,
f373df63c70b563643e0641801a2198ec6e4fed8,0776e39bde0212ceec1ee99907f58be112988111,-16.04991940000735,-47.61703809998583,-16.0498870752282,-47.61701117220112,2024-09,2024,KHsd6_mObb4giHzEBZHc5w,37.417573240965226,© Google,OK,14_0,219985.5593115312,8223773.872218167,a77d8f0a1d79ca8e1bf6241c163fef2d86ca0ab1,cardinal,4,1,90_deg_east,cardinal,90,0,90,640,640,8,batch_0008,946,datasets/df_2024_uniform/batch_0008/images/a77d8f0a1d79ca8e1bf6241c163fef2d86ca0ab1.jpg,https://raw.githubusercontent.com/GUIA-DD/dataset-streetview/refs/heads/main/datasets/df_2024_uniform/batch_0008/images/a77d8f0a1d79ca8e1bf6241c163fef2d86ca0ab1.jpg,True,downloaded,
f373df63c70b563643e0641801a2198ec6e4fed8,0776e39bde0212ceec1ee99907f58be112988111,-16.04991940000735,-47.61703809998583,-16.0498870752282,-47.61701117220112,2024-09,2024,KHsd6_mObb4giHzEBZHc5w,37.417573240965226,© Google,OK,14_0,219985.5593115312,8223773.872218167,756b5416cc682e1574f2845a70710f4f62eadf73,cardinal,4,2,180_deg_south,cardinal,180,0,90,640,640,8,batch_0008,947,datasets/df_2024_uniform/batch_0008/images/756b5416cc682e1574f2845a70710f4f62eadf73.jpg,https://raw.githubusercontent.com/GUIA-DD/dataset-streetview/refs/heads/main/datasets/df_2024_uniform/batch_0008/images/756b5416cc682e1574f2845a70710f4f62eadf73.jpg,True,downloaded,
f373df63c70b563643e0641801a2198ec6e4fed8,0776e39bde0212ceec1ee99907f58be112988111,-16.04991940000735,-47.61703809998583,-16.0498870752282,-47.61701117220112,2024-09,2024,KHsd6_mObb4giHzEBZHc5w,37.417573240965226,© Google,OK,14_0,219985.5593115312,8223773.872218167,5120282263efaaaa65d914d2ae38e26e3f4730d7,cardinal,4,3,270_deg_west,cardinal,270,0,90,640,640,8,batch_0008,948,datasets/df_2024_uniform/batch_0008/images/5120282263efaaaa65d914d2ae38e26e3f4730d7.jpg,https://raw.githubusercontent.com/GUIA-DD/dataset-streetview/refs/heads/main/datasets/df_2024_uniform/batch_0008/images/5120282263efaaaa65d914d2ae38e26e3f4730d7.jpg,True,downloaded,
f3cab25f0cd724921c41fb1d56f2f64d0207287d,967ea3103c32549e1fb3a4cc8d09729fd4e6335f,-15.5772676270006,-47.46734214715863,-15.57730147274901,-47.46731586014193,2024-11,2024,yIVRIXyLBThb6S9Liu7tsA,109.28570674354438,© Google,OK,17_10,235396.8382081144,8276293.376981614,5b64cbae95371a2edfe9f8113fd6e081603534da,cardinal,4,0,0_deg_north,cardinal,0,0,90,640,640,8,batch_0008,949,datasets/df_2024_uniform/batch_0008/images/5b64cbae95371a2edfe9f8113fd6e081603534da.jpg,https://raw.githubusercontent.com/GUIA-DD/dataset-streetview/refs/heads/main/datasets/df_2024_uniform/batch_0008/images/5b64cbae95371a2edfe9f8113fd6e081603534da.jpg,True,downloaded,
f3cab25f0cd724921c41fb1d56f2f64d0207287d,967ea3103c32549e1fb3a4cc8d09729fd4e6335f,-15.5772676270006,-47.46734214715863,-15.57730147274901,-47.46731586014193,2024-11,2024,yIVRIXyLBThb6S9Liu7tsA,109.28570674354438,© Google,OK,17_10,235396.8382081144,8276293.376981614,fb902bd1281401902354852ba885bbbde3b82e2a,cardinal,4,1,90_deg_east,cardinal,90,0,90,640,640,8,batch_0008,950,datasets/df_2024_uniform/batch_0008/images/fb902bd1281401902354852ba885bbbde3b82e2a.jpg,https://raw.githubusercontent.com/GUIA-DD/dataset-streetview/refs/heads/main/datasets/df_2024_uniform/batch_0008/images/fb902bd1281401902354852ba885bbbde3b82e2a.jpg,True,downloaded,
f3cab25f0cd724921c41fb1d56f2f64d0207287d,967ea3103c32549e1fb3a4cc8d09729fd4e6335f,-15.5772676270006,-47.46734214715863,-15.57730147274901,-47.46731586014193,2024-11,2024,yIVRIXyLBThb6S9Liu7tsA,109.28570674354438,© Google,OK,17_10,235396.8382081144,8276293.376981614,d379749baeb76ae8dbd5ec542b183f338435c825,cardinal,4,2,180_deg_south,cardinal,180,0,90,640,640,8,batch_0008,951,datasets/df_2024_uniform/batch_0008/images/d379749baeb76ae8dbd5ec542b183f338435c825.jpg,https://raw.githubusercontent.com/GUIA-DD/dataset-streetview/refs/heads/main/datasets/df_2024_uniform/batch_0008/images/d379749baeb76ae8dbd5ec542b183f338435c825.jpg,True,downloaded,
f3cab25f0cd724921c41fb1d56f2f64d0207287d,967ea3103c32549e1fb3a4cc8d09729fd4e6335f,-15.5772676270006,-47.46734214715863,-15.57730147274901,-47.46731586014193,2024-11,2024,yIVRIXyLBThb6S9Liu7tsA,109.28570674354438,© Google,OK,17_10,235396.8382081144,8276293.376981614,e9218d34a20d44f1f0048c5861e620c53f321d08,cardinal,4,3,270_deg_west,cardinal,270,0,90,640,640,8,batch_0008,952,datasets/df_2024_uniform/batch_0008/images/e9218d34a20d44f1f0048c5861e620c53f321d08.jpg,https://raw.githubusercontent.com/GUIA-DD/dataset-streetview/refs/heads/main/datasets/df_2024_uniform/batch_0008/images/e9218d34a20d44f1f0048c5861e620c53f321d08.jpg,True,downloaded,
f56fa7cd76dfc095be2d960cec69c3812e801eec,db13c53b1ba28c82b6044c098913d725b3ab5c44,-16.018340073796395,-48.19725693639241,-16.01836682510536,-48.19725950537656,2025-05,2025,QGaXDPb_zdQQznjDS6afMw,95.67091531897174,© Google,OK,1_0,157800.08592471603,8226399.291960962,ed96e61f802bb980bd8896b3855a6590cdee4b93,cardinal,4,0,0_deg_north,cardinal,0,0,90,640,640,8,batch_0008,953,datasets/df_2024_uniform/batch_0008/images/ed96e61f802bb980bd8896b3855a6590cdee4b93.jpg,https://raw.githubusercontent.com/GUIA-DD/dataset-streetview/refs/heads/main/datasets/df_2024_uniform/batch_0008/images/ed96e61f802bb980bd8896b3855a6590cdee4b93.jpg,True,downloaded,
f56fa7cd76dfc095be2d960cec69c3812e801eec,db13c53b1ba28c82b6044c098913d725b3ab5c44,-16.018340073796395,-48.19725693639241,-16.01836682510536,-48.19725950537656,2025-05,2025,QGaXDPb_zdQQznjDS6afMw,95.67091531897174,© Google,OK,1_0,157800.08592471603,8226399.291960962,0966012727c1f3244d753a652d48f832a70c6d37,cardinal,4,1,90_deg_east,cardinal,90,0,90,640,640,8,batch_0008,954,datasets/df_2024_uniform/batch_0008/images/0966012727c1f3244d753a652d48f832a70c6d37.jpg,https://raw.githubusercontent.com/GUIA-DD/dataset-streetview/refs/heads/main/datasets/df_2024_uniform/batch_0008/images/0966012727c1f3244d753a652d48f832a70c6d37.jpg,True,downloaded,
f56fa7cd76dfc095be2d960cec69c3812e801eec,db13c53b1ba28c82b6044c098913d725b3ab5c44,-16.018340073796395,-48.19725693639241,-16.01836682510536,-48.19725950537656,2025-05,2025,QGaXDPb_zdQQznjDS6afMw,95.67091531897174,© Google,OK,1_0,157800.08592471603,8226399.291960962,533ec203141b8fc42d3996d9e19eae4679aa7f26,cardinal,4,2,180_deg_south,cardinal,180,0,90,640,640,8,batch_0008,955,datasets/df_2024_uniform/batch_0008/images/533ec203141b8fc42d3996d9e19eae4679aa7f26.jpg,https://raw.githubusercontent.com/GUIA-DD/dataset-streetview/refs/heads/main/datasets/df_2024_uniform/batch_0008/images/533ec203141b8fc42d3996d9e19eae4679aa7f26.jpg,True,downloaded,
f56fa7cd76dfc095be2d960cec69c3812e801eec,db13c53b1ba28c82b6044c098913d725b3ab5c44,-16.018340073796395,-48.19725693639241,-16.01836682510536,-48.19725950537656,2025-05,2025,QGaXDPb_zdQQznjDS6afMw,95.67091531897174,© Google,OK,1_0,157800.08592471603,8226399.291960962,66bf5791ebbb03b13be406b1c4a1a44db9d60283,cardinal,4,3,270_deg_west,cardinal,270,0,90,640,640,8,batch_0008,956,datasets/df_2024_uniform/batch_0008/images/66bf5791ebbb03b13be406b1c4a1a44db9d60283.jpg,https://raw.githubusercontent.com/GUIA-DD/dataset-streetview/refs/heads/main/datasets/df_2024_uniform/batch_0008/images/66bf5791ebbb03b13be406b1c4a1a44db9d60283.jpg,True,downloaded,
f8b78a0ccb5441c576566312ae11c28ab3099611,a9abb8e7afd51899e85516223f7bdfcae75e3101,-15.794754223695682,-47.85380951755775,-15.79474760768465,-47.85376681352628,2026-01,2026,mue6RoHKPVOGl2bdrMiPow,191.4642535647383,© Google,OK,9_5,194248.26255997235,8251693.7049295055,cc9b53e40761206b5a275338e57c25e424043062,cardinal,4,0,0_deg_north,cardinal,0,0,90,640,640,8,batch_0008,957,datasets/df_2024_uniform/batch_0008/images/cc9b53e40761206b5a275338e57c25e424043062.jpg,https://raw.githubusercontent.com/GUIA-DD/dataset-streetview/refs/heads/main/datasets/df_2024_uniform/batch_0008/images/cc9b53e40761206b5a275338e57c25e424043062.jpg,True,downloaded,
f8b78a0ccb5441c576566312ae11c28ab3099611,a9abb8e7afd51899e85516223f7bdfcae75e3101,-15.794754223695682,-47.85380951755775,-15.79474760768465,-47.85376681352628,2026-01,2026,mue6RoHKPVOGl2bdrMiPow,191.4642535647383,© Google,OK,9_5,194248.26255997235,8251693.7049295055,088e72efb6fb5ca502c84fd02373e89b241ccdc1,cardinal,4,1,90_deg_east,cardinal,90,0,90,640,640,8,batch_0008,958,datasets/df_2024_uniform/batch_0008/images/088e72efb6fb5ca502c84fd02373e89b241ccdc1.jpg,https://raw.githubusercontent.com/GUIA-DD/dataset-streetview/refs/heads/main/datasets/df_2024_uniform/batch_0008/images/088e72efb6fb5ca502c84fd02373e89b241ccdc1.jpg,True,downloaded,
f8b78a0ccb5441c576566312ae11c28ab3099611,a9abb8e7afd51899e85516223f7bdfcae75e3101,-15.794754223695682,-47.85380951755775,-15.79474760768465,-47.85376681352628,2026-01,2026,mue6RoHKPVOGl2bdrMiPow,191.4642535647383,© Google,OK,9_5,194248.26255997235,8251693.7049295055,6241f441911733b169388188f66ed49f52782d48,cardinal,4,2,180_deg_south,cardinal,180,0,90,640,640,8,batch_0008,959,datasets/df_2024_uniform/batch_0008/images/6241f441911733b169388188f66ed49f52782d48.jpg,https://raw.githubusercontent.com/GUIA-DD/dataset-streetview/refs/heads/main/datasets/df_2024_uniform/batch_0008/images/6241f441911733b169388188f66ed49f52782d48.jpg,True,downloaded,
f8b78a0ccb5441c576566312ae11c28ab3099611,a9abb8e7afd51899e85516223f7bdfcae75e3101,-15.794754223695682,-47.85380951755775,-15.79474760768465,-47.85376681352628,2026-01,2026,mue6RoHKPVOGl2bdrMiPow,191.4642535647383,© Google,OK,9_5,194248.26255997235,8251693.7049295055,bb23aeaf5bc421ee14a2d8ed510580588db26df3,cardinal,4,3,270_deg_west,cardinal,270,0,90,640,640,8,batch_0008,960,datasets/df_2024_uniform/batch_0008/images/bb23aeaf5bc421ee14a2d8ed510580588db26df3.jpg,https://raw.githubusercontent.com/GUIA-DD/dataset-streetview/refs/heads/main/datasets/df_2024_uniform/batch_0008/images/bb23aeaf5bc421ee14a2d8ed510580588db26df3.jpg,True,downloaded,
f8da2e357a2f022c4f12d7c481c700bfff39c7d9,02dfdb494f55b299db5769a202d699ce4e17cc5d,-15.972325249999871,-48.04476279999069,-15.97233071241058,-48.04476259746085,2025-05,2025,WhOl75hI5GF1bMCLM4jfrg,175.95402868968176,© Google,OK,5_1,174060.16776535317,8231741.114774067,954b468604aee21b396aee659657172982c40afd,cardinal,4,0,0_deg_north,cardinal,0,0,90,640,640,8,batch_0008,961,datasets/df_2024_uniform/batch_0008/images/954b468604aee21b396aee659657172982c40afd.jpg,https://raw.githubusercontent.com/GUIA-DD/dataset-streetview/refs/heads/main/datasets/df_2024_uniform/batch_0008/images/954b468604aee21b396aee659657172982c40afd.jpg,True,downloaded,
f8da2e357a2f022c4f12d7c481c700bfff39c7d9,02dfdb494f55b299db5769a202d699ce4e17cc5d,-15.972325249999871,-48.04476279999069,-15.97233071241058,-48.04476259746085,2025-05,2025,WhOl75hI5GF1bMCLM4jfrg,175.95402868968176,© Google,OK,5_1,174060.16776535317,8231741.114774067,8cad3b963974d3f3f9a2de363e446b945eb78a0a,cardinal,4,1,90_deg_east,cardinal,90,0,90,640,640,8,batch_0008,962,datasets/df_2024_uniform/batch_0008/images/8cad3b963974d3f3f9a2de363e446b945eb78a0a.jpg,https://raw.githubusercontent.com/GUIA-DD/dataset-streetview/refs/heads/main/datasets/df_2024_uniform/batch_0008/images/8cad3b963974d3f3f9a2de363e446b945eb78a0a.jpg,True,downloaded,
f8da2e357a2f022c4f12d7c481c700bfff39c7d9,02dfdb494f55b299db5769a202d699ce4e17cc5d,-15.972325249999871,-48.04476279999069,-15.97233071241058,-48.04476259746085,2025-05,2025,WhOl75hI5GF1bMCLM4jfrg,175.95402868968176,© Google,OK,5_1,174060.16776535317,8231741.114774067,9bc83f00d1fad6b65bfb96ae135c369a47f03e35,cardinal,4,2,180_deg_south,cardinal,180,0,90,640,640,8,batch_0008,963,datasets/df_2024_uniform/batch_0008/images/9bc83f00d1fad6b65bfb96ae135c369a47f03e35.jpg,https://raw.githubusercontent.com/GUIA-DD/dataset-streetview/refs/heads/main/datasets/df_2024_uniform/batch_0008/images/9bc83f00d1fad6b65bfb96ae135c369a47f03e35.jpg,True,downloaded,
f8da2e357a2f022c4f12d7c481c700bfff39c7d9,02dfdb494f55b299db5769a202d699ce4e17cc5d,-15.972325249999871,-48.04476279999069,-15.97233071241058,-48.04476259746085,2025-05,2025,WhOl75hI5GF1bMCLM4jfrg,175.95402868968176,© Google,OK,5_1,174060.16776535317,8231741.114774067,991ebee48666a794983d9b3711ee64ce8a40c16e,cardinal,4,3,270_deg_west,cardinal,270,0,90,640,640,8,batch_0008,964,datasets/df_2024_uniform/batch_0008/images/991ebee48666a794983d9b3711ee64ce8a40c16e.jpg,https://raw.githubusercontent.com/GUIA-DD/dataset-streetview/refs/heads/main/datasets/df_2024_uniform/batch_0008/images/991ebee48666a794983d9b3711ee64ce8a40c16e.jpg,True,downloaded,
f91150ab7b2f28d0abf77a6e0db1dd8c4f631421,82f18fe385e6ba86d788f02260751dbc6f52047d,-15.68238455001445,-47.39060429987506,-15.68239429772088,-47.39061400971293,2025-07,2025,GfntGZxYCj1VlR3UYa384Q,179.4684067041094,© Google,OK,18_8,243761.4332643782,8264751.402126949,38e6ebc2895d23ad84df27397b19a7c78ad07c94,cardinal,4,0,0_deg_north,cardinal,0,0,90,640,640,8,batch_0008,965,datasets/df_2024_uniform/batch_0008/images/38e6ebc2895d23ad84df27397b19a7c78ad07c94.jpg,https://raw.githubusercontent.com/GUIA-DD/dataset-streetview/refs/heads/main/datasets/df_2024_uniform/batch_0008/images/38e6ebc2895d23ad84df27397b19a7c78ad07c94.jpg,True,downloaded,
f91150ab7b2f28d0abf77a6e0db1dd8c4f631421,82f18fe385e6ba86d788f02260751dbc6f52047d,-15.68238455001445,-47.39060429987506,-15.68239429772088,-47.39061400971293,2025-07,2025,GfntGZxYCj1VlR3UYa384Q,179.4684067041094,© Google,OK,18_8,243761.4332643782,8264751.402126949,58a34c6e2824946526059cdc8831bf072083507d,cardinal,4,1,90_deg_east,cardinal,90,0,90,640,640,8,batch_0008,966,datasets/df_2024_uniform/batch_0008/images/58a34c6e2824946526059cdc8831bf072083507d.jpg,https://raw.githubusercontent.com/GUIA-DD/dataset-streetview/refs/heads/main/datasets/df_2024_uniform/batch_0008/images/58a34c6e2824946526059cdc8831bf072083507d.jpg,True,downloaded,
f91150ab7b2f28d0abf77a6e0db1dd8c4f631421,82f18fe385e6ba86d788f02260751dbc6f52047d,-15.68238455001445,-47.39060429987506,-15.68239429772088,-47.39061400971293,2025-07,2025,GfntGZxYCj1VlR3UYa384Q,179.4684067041094,© Google,OK,18_8,243761.4332643782,8264751.402126949,90c72d8456a19145569668a291c97e0c867285d8,cardinal,4,2,180_deg_south,cardinal,180,0,90,640,640,8,batch_0008,967,datasets/df_2024_uniform/batch_0008/images/90c72d8456a19145569668a291c97e0c867285d8.jpg,https://raw.githubusercontent.com/GUIA-DD/dataset-streetview/refs/heads/main/datasets/df_2024_uniform/batch_0008/images/90c72d8456a19145569668a291c97e0c867285d8.jpg,True,downloaded,
f91150ab7b2f28d0abf77a6e0db1dd8c4f631421,82f18fe385e6ba86d788f02260751dbc6f52047d,-15.68238455001445,-47.39060429987506,-15.68239429772088,-47.39061400971293,2025-07,2025,GfntGZxYCj1VlR3UYa384Q,179.4684067041094,© Google,OK,18_8,243761.4332643782,8264751.402126949,e8a525026657cbd94425511851681fe3cb66625b,cardinal,4,3,270_deg_west,cardinal,270,0,90,640,640,8,batch_0008,968,datasets/df_2024_uniform/batch_0008/images/e8a525026657cbd94425511851681fe3cb66625b.jpg,https://raw.githubusercontent.com/GUIA-DD/dataset-streetview/refs/heads/main/datasets/df_2024_uniform/batch_0008/images/e8a525026657cbd94425511851681fe3cb66625b.jpg,True,downloaded,
f95c4cefea013661ef4e99d9bd404c6fb41d50be,0bf9101dcf70c46bfad31acad9c86449e8c5d4d0,-15.86515040257719,-47.86370694847541,-15.86513606710887,-47.86373020765132,2024-12,2024,n-WvCxPdelg7IrdcrMbP2w,67.55136812287274,© Google,OK,8_4,193293.4821587771,8243884.229898835,e60255b278cda7c67b5ebad43d3261b6bd7abea5,cardinal,4,0,0_deg_north,cardinal,0,0,90,640,640,8,batch_0008,969,datasets/df_2024_uniform/batch_0008/images/e60255b278cda7c67b5ebad43d3261b6bd7abea5.jpg,https://raw.githubusercontent.com/GUIA-DD/dataset-streetview/refs/heads/main/datasets/df_2024_uniform/batch_0008/images/e60255b278cda7c67b5ebad43d3261b6bd7abea5.jpg,True,downloaded,
f95c4cefea013661ef4e99d9bd404c6fb41d50be,0bf9101dcf70c46bfad31acad9c86449e8c5d4d0,-15.86515040257719,-47.86370694847541,-15.86513606710887,-47.86373020765132,2024-12,2024,n-WvCxPdelg7IrdcrMbP2w,67.55136812287274,© Google,OK,8_4,193293.4821587771,8243884.229898835,8aecb2595d146c50679d816919a5a97beb85c962,cardinal,4,1,90_deg_east,cardinal,90,0,90,640,640,8,batch_0008,970,datasets/df_2024_uniform/batch_0008/images/8aecb2595d146c50679d816919a5a97beb85c962.jpg,https://raw.githubusercontent.com/GUIA-DD/dataset-streetview/refs/heads/main/datasets/df_2024_uniform/batch_0008/images/8aecb2595d146c50679d816919a5a97beb85c962.jpg,True,downloaded,
f95c4cefea013661ef4e99d9bd404c6fb41d50be,0bf9101dcf70c46bfad31acad9c86449e8c5d4d0,-15.86515040257719,-47.86370694847541,-15.86513606710887,-47.86373020765132,2024-12,2024,n-WvCxPdelg7IrdcrMbP2w,67.55136812287274,© Google,OK,8_4,193293.4821587771,8243884.229898835,0e66b188779ab1ead36cfba89f2ff82553ec2ad8,cardinal,4,2,180_deg_south,cardinal,180,0,90,640,640,8,batch_0008,971,datasets/df_2024_uniform/batch_0008/images/0e66b188779ab1ead36cfba89f2ff82553ec2ad8.jpg,https://raw.githubusercontent.com/GUIA-DD/dataset-streetview/refs/heads/main/datasets/df_2024_uniform/batch_0008/images/0e66b188779ab1ead36cfba89f2ff82553ec2ad8.jpg,True,downloaded,
f95c4cefea013661ef4e99d9bd404c6fb41d50be,0bf9101dcf70c46bfad31acad9c86449e8c5d4d0,-15.86515040257719,-47.86370694847541,-15.86513606710887,-47.86373020765132,2024-12,2024,n-WvCxPdelg7IrdcrMbP2w,67.55136812287274,© Google,OK,8_4,193293.4821587771,8243884.229898835,f7f4af3f5825fbcd08ff94ec9a22c3171162d4ec,cardinal,4,3,270_deg_west,cardinal,270,0,90,640,640,8,batch_0008,972,datasets/df_2024_uniform/batch_0008/images/f7f4af3f5825fbcd08ff94ec9a22c3171162d4ec.jpg,https://raw.githubusercontent.com/GUIA-DD/dataset-streetview/refs/heads/main/datasets/df_2024_uniform/batch_0008/images/f7f4af3f5825fbcd08ff94ec9a22c3171162d4ec.jpg,True,downloaded,
fa5cfacc9b2c372962de824ac79f0c1b8f352a71,786e9733a080a5289d0356b11cd1901aa7d271d1,-15.975700234024648,-48.194284045211695,-15.97572338050068,-48.19422723902777,2025-05,2025,4PfYPC9v6gTw8rcggksiIQ,79.81975069586032,© Google,OK,1_1,158045.91446872067,8231127.043356471,49e669d3a0f3cdf16d8b9fe8c1b9f1cf549973b2,cardinal,4,0,0_deg_north,cardinal,0,0,90,640,640,8,batch_0008,973,datasets/df_2024_uniform/batch_0008/images/49e669d3a0f3cdf16d8b9fe8c1b9f1cf549973b2.jpg,https://raw.githubusercontent.com/GUIA-DD/dataset-streetview/refs/heads/main/datasets/df_2024_uniform/batch_0008/images/49e669d3a0f3cdf16d8b9fe8c1b9f1cf549973b2.jpg,True,downloaded,
fa5cfacc9b2c372962de824ac79f0c1b8f352a71,786e9733a080a5289d0356b11cd1901aa7d271d1,-15.975700234024648,-48.194284045211695,-15.97572338050068,-48.19422723902777,2025-05,2025,4PfYPC9v6gTw8rcggksiIQ,79.81975069586032,© Google,OK,1_1,158045.91446872067,8231127.043356471,efb1f8f1bd1b9882a620d1779bc0cfb61d0b6b03,cardinal,4,1,90_deg_east,cardinal,90,0,90,640,640,8,batch_0008,974,datasets/df_2024_uniform/batch_0008/images/efb1f8f1bd1b9882a620d1779bc0cfb61d0b6b03.jpg,https://raw.githubusercontent.com/GUIA-DD/dataset-streetview/refs/heads/main/datasets/df_2024_uniform/batch_0008/images/efb1f8f1bd1b9882a620d1779bc0cfb61d0b6b03.jpg,True,downloaded,
fa5cfacc9b2c372962de824ac79f0c1b8f352a71,786e9733a080a5289d0356b11cd1901aa7d271d1,-15.975700234024648,-48.194284045211695,-15.97572338050068,-48.19422723902777,2025-05,2025,4PfYPC9v6gTw8rcggksiIQ,79.81975069586032,© Google,OK,1_1,158045.91446872067,8231127.043356471,474bfeb1b8a8bfd6dc0b2d36f28ba89710898a0a,cardinal,4,2,180_deg_south,cardinal,180,0,90,640,640,8,batch_0008,975,datasets/df_2024_uniform/batch_0008/images/474bfeb1b8a8bfd6dc0b2d36f28ba89710898a0a.jpg,https://raw.githubusercontent.com/GUIA-DD/dataset-streetview/refs/heads/main/datasets/df_2024_uniform/batch_0008/images/474bfeb1b8a8bfd6dc0b2d36f28ba89710898a0a.jpg,True,downloaded,
fa5cfacc9b2c372962de824ac79f0c1b8f352a71,786e9733a080a5289d0356b11cd1901aa7d271d1,-15.975700234024648,-48.194284045211695,-15.97572338050068,-48.19422723902777,2025-05,2025,4PfYPC9v6gTw8rcggksiIQ,79.81975069586032,© Google,OK,1_1,158045.91446872067,8231127.043356471,32e62433dbdc184fba2b920b8b4e6e987fcfcb33,cardinal,4,3,270_deg_west,cardinal,270,0,90,640,640,8,batch_0008,976,datasets/df_2024_uniform/batch_0008/images/32e62433dbdc184fba2b920b8b4e6e987fcfcb33.jpg,https://raw.githubusercontent.com/GUIA-DD/dataset-streetview/refs/heads/main/datasets/df_2024_uniform/batch_0008/images/32e62433dbdc184fba2b920b8b4e6e987fcfcb33.jpg,True,downloaded,
faa81fb907cab11e5655e2d6d27ad779fd6bb8dd,1b198b7effcc1e4179ca1fa8f8c4f232e5b6981b,-15.708488656123489,-48.199922887892775,-15.70848021050438,-48.19998837123553,2024-08,2024,4BwInpurbXDL7wCSaeAFeA,162.75010248016514,© Google,OK,1_7,156990.01999412486,8260714.307210986,c01259654d88bb6bbb50192c5e9c88c90ac49a03,cardinal,4,0,0_deg_north,cardinal,0,0,90,640,640,8,batch_0008,977,datasets/df_2024_uniform/batch_0008/images/c01259654d88bb6bbb50192c5e9c88c90ac49a03.jpg,https://raw.githubusercontent.com/GUIA-DD/dataset-streetview/refs/heads/main/datasets/df_2024_uniform/batch_0008/images/c01259654d88bb6bbb50192c5e9c88c90ac49a03.jpg,True,downloaded,
faa81fb907cab11e5655e2d6d27ad779fd6bb8dd,1b198b7effcc1e4179ca1fa8f8c4f232e5b6981b,-15.708488656123489,-48.199922887892775,-15.70848021050438,-48.19998837123553,2024-08,2024,4BwInpurbXDL7wCSaeAFeA,162.75010248016514,© Google,OK,1_7,156990.01999412486,8260714.307210986,ec9dd60faa995c34707557bf64938e3e542b15b9,cardinal,4,1,90_deg_east,cardinal,90,0,90,640,640,8,batch_0008,978,datasets/df_2024_uniform/batch_0008/images/ec9dd60faa995c34707557bf64938e3e542b15b9.jpg,https://raw.githubusercontent.com/GUIA-DD/dataset-streetview/refs/heads/main/datasets/df_2024_uniform/batch_0008/images/ec9dd60faa995c34707557bf64938e3e542b15b9.jpg,True,downloaded,
faa81fb907cab11e5655e2d6d27ad779fd6bb8dd,1b198b7effcc1e4179ca1fa8f8c4f232e5b6981b,-15.708488656123489,-48.199922887892775,-15.70848021050438,-48.19998837123553,2024-08,2024,4BwInpurbXDL7wCSaeAFeA,162.75010248016514,© Google,OK,1_7,156990.01999412486,8260714.307210986,0214b212a6b7bd84be6346ae645b2e7d896ddb64,cardinal,4,2,180_deg_south,cardinal,180,0,90,640,640,8,batch_0008,979,datasets/df_2024_uniform/batch_0008/images/0214b212a6b7bd84be6346ae645b2e7d896ddb64.jpg,https://raw.githubusercontent.com/GUIA-DD/dataset-streetview/refs/heads/main/datasets/df_2024_uniform/batch_0008/images/0214b212a6b7bd84be6346ae645b2e7d896ddb64.jpg,True,downloaded,
faa81fb907cab11e5655e2d6d27ad779fd6bb8dd,1b198b7effcc1e4179ca1fa8f8c4f232e5b6981b,-15.708488656123489,-48.199922887892775,-15.70848021050438,-48.19998837123553,2024-08,2024,4BwInpurbXDL7wCSaeAFeA,162.75010248016514,© Google,OK,1_7,156990.01999412486,8260714.307210986,d6c9b620e80caf442078ebc0166a9b2910ea38e3,cardinal,4,3,270_deg_west,cardinal,270,0,90,640,640,8,batch_0008,980,datasets/df_2024_uniform/batch_0008/images/d6c9b620e80caf442078ebc0166a9b2910ea38e3.jpg,https://raw.githubusercontent.com/GUIA-DD/dataset-streetview/refs/heads/main/datasets/df_2024_uniform/batch_0008/images/d6c9b620e80caf442078ebc0166a9b2910ea38e3.jpg,True,downloaded,
fab73f1fb745777c28b02f3ab394bffa009437a7,bc2f95e22084d9263b4bee2c5548d02bff76220e,-15.835829500113451,-47.82841554924335,-15.83583203454988,-47.82841550582971,2024-12,2024,NLZKzRhHRTtZIZ_oOmlwHQ,4.086598777226482,© Google,OK,9_4,197032.07020052543,8247182.292849245,177a313e203721747bbbd6a8cd0e17ca1fc74028,cardinal,4,0,0_deg_north,cardinal,0,0,90,640,640,8,batch_0008,981,datasets/df_2024_uniform/batch_0008/images/177a313e203721747bbbd6a8cd0e17ca1fc74028.jpg,https://raw.githubusercontent.com/GUIA-DD/dataset-streetview/refs/heads/main/datasets/df_2024_uniform/batch_0008/images/177a313e203721747bbbd6a8cd0e17ca1fc74028.jpg,True,downloaded,
fab73f1fb745777c28b02f3ab394bffa009437a7,bc2f95e22084d9263b4bee2c5548d02bff76220e,-15.835829500113451,-47.82841554924335,-15.83583203454988,-47.82841550582971,2024-12,2024,NLZKzRhHRTtZIZ_oOmlwHQ,4.086598777226482,© Google,OK,9_4,197032.07020052543,8247182.292849245,175fb410008632858f421ce25d5d6a0d15386d16,cardinal,4,1,90_deg_east,cardinal,90,0,90,640,640,8,batch_0008,982,datasets/df_2024_uniform/batch_0008/images/175fb410008632858f421ce25d5d6a0d15386d16.jpg,https://raw.githubusercontent.com/GUIA-DD/dataset-streetview/refs/heads/main/datasets/df_2024_uniform/batch_0008/images/175fb410008632858f421ce25d5d6a0d15386d16.jpg,True,downloaded,
fab73f1fb745777c28b02f3ab394bffa009437a7,bc2f95e22084d9263b4bee2c5548d02bff76220e,-15.835829500113451,-47.82841554924335,-15.83583203454988,-47.82841550582971,2024-12,2024,NLZKzRhHRTtZIZ_oOmlwHQ,4.086598777226482,© Google,OK,9_4,197032.07020052543,8247182.292849245,c1667af506022d80373b4ff219c22b5860b0b3f4,cardinal,4,2,180_deg_south,cardinal,180,0,90,640,640,8,batch_0008,983,datasets/df_2024_uniform/batch_0008/images/c1667af506022d80373b4ff219c22b5860b0b3f4.jpg,https://raw.githubusercontent.com/GUIA-DD/dataset-streetview/refs/heads/main/datasets/df_2024_uniform/batch_0008/images/c1667af506022d80373b4ff219c22b5860b0b3f4.jpg,True,downloaded,
fab73f1fb745777c28b02f3ab394bffa009437a7,bc2f95e22084d9263b4bee2c5548d02bff76220e,-15.835829500113451,-47.82841554924335,-15.83583203454988,-47.82841550582971,2024-12,2024,NLZKzRhHRTtZIZ_oOmlwHQ,4.086598777226482,© Google,OK,9_4,197032.07020052543,8247182.292849245,8a3e90233010365180c8f1962123d20c26a6011c,cardinal,4,3,270_deg_west,cardinal,270,0,90,640,640,8,batch_0008,984,datasets/df_2024_uniform/batch_0008/images/8a3e90233010365180c8f1962123d20c26a6011c.jpg,https://raw.githubusercontent.com/GUIA-DD/dataset-streetview/refs/heads/main/datasets/df_2024_uniform/batch_0008/images/8a3e90233010365180c8f1962123d20c26a6011c.jpg,True,downloaded,
fbcf90d6bd0835281873bf6f3b801dce0bd89671,584ac82b22dc446786dd3ded2d741966bea30cc4,-15.778051851779436,-48.12016945063508,-15.77803428136815,-48.12019852177941,2026-03,2026,rA-cv__GWJ7Q8kUGd0BGwg,273.4608126064786,© Google,OK,3_6,165660.35645571846,8253137.891202258,e9a2826ce2c1afa5820e3f50fcf6699ecf0e6b50,cardinal,4,0,0_deg_north,cardinal,0,0,90,640,640,8,batch_0008,985,datasets/df_2024_uniform/batch_0008/images/e9a2826ce2c1afa5820e3f50fcf6699ecf0e6b50.jpg,https://raw.githubusercontent.com/GUIA-DD/dataset-streetview/refs/heads/main/datasets/df_2024_uniform/batch_0008/images/e9a2826ce2c1afa5820e3f50fcf6699ecf0e6b50.jpg,True,downloaded,
fbcf90d6bd0835281873bf6f3b801dce0bd89671,584ac82b22dc446786dd3ded2d741966bea30cc4,-15.778051851779436,-48.12016945063508,-15.77803428136815,-48.12019852177941,2026-03,2026,rA-cv__GWJ7Q8kUGd0BGwg,273.4608126064786,© Google,OK,3_6,165660.35645571846,8253137.891202258,a3ee0701f516c3e99171b24e1dd7a6621d7daa62,cardinal,4,1,90_deg_east,cardinal,90,0,90,640,640,8,batch_0008,986,datasets/df_2024_uniform/batch_0008/images/a3ee0701f516c3e99171b24e1dd7a6621d7daa62.jpg,https://raw.githubusercontent.com/GUIA-DD/dataset-streetview/refs/heads/main/datasets/df_2024_uniform/batch_0008/images/a3ee0701f516c3e99171b24e1dd7a6621d7daa62.jpg,True,downloaded,
fbcf90d6bd0835281873bf6f3b801dce0bd89671,584ac82b22dc446786dd3ded2d741966bea30cc4,-15.778051851779436,-48.12016945063508,-15.77803428136815,-48.12019852177941,2026-03,2026,rA-cv__GWJ7Q8kUGd0BGwg,273.4608126064786,© Google,OK,3_6,165660.35645571846,8253137.891202258,84c80137d4a726539466e65f4184f265435d8d78,cardinal,4,2,180_deg_south,cardinal,180,0,90,640,640,8,batch_0008,987,datasets/df_2024_uniform/batch_0008/images/84c80137d4a726539466e65f4184f265435d8d78.jpg,https://raw.githubusercontent.com/GUIA-DD/dataset-streetview/refs/heads/main/datasets/df_2024_uniform/batch_0008/images/84c80137d4a726539466e65f4184f265435d8d78.jpg,True,downloaded,
fbcf90d6bd0835281873bf6f3b801dce0bd89671,584ac82b22dc446786dd3ded2d741966bea30cc4,-15.778051851779436,-48.12016945063508,-15.77803428136815,-48.12019852177941,2026-03,2026,rA-cv__GWJ7Q8kUGd0BGwg,273.4608126064786,© Google,OK,3_6,165660.35645571846,8253137.891202258,c3b8ede8d97122c93d457a3b0aa4a50f5dd3f4d7,cardinal,4,3,270_deg_west,cardinal,270,0,90,640,640,8,batch_0008,988,datasets/df_2024_uniform/batch_0008/images/c3b8ede8d97122c93d457a3b0aa4a50f5dd3f4d7.jpg,https://raw.githubusercontent.com/GUIA-DD/dataset-streetview/refs/heads/main/datasets/df_2024_uniform/batch_0008/images/c3b8ede8d97122c93d457a3b0aa4a50f5dd3f4d7.jpg,True,downloaded,
fbe98a249a198acf6c1d00f3439bc7367b6af1a5,bffb4d4eef99c8cb5de5683b6dd84088c4dc8d10,-15.80751425000461,-48.08939815003966,-15.80751426381827,-48.08941208827541,2024-07,2024,gZTAerpbkGHneI3iMCABlQ,150.27376392057587,© Google,OK,4_5,169008.32208333805,8249923.593738673,5dca52bddf73afc366c1e4b11aaa5daa16f4f26a,cardinal,4,0,0_deg_north,cardinal,0,0,90,640,640,8,batch_0008,989,datasets/df_2024_uniform/batch_0008/images/5dca52bddf73afc366c1e4b11aaa5daa16f4f26a.jpg,https://raw.githubusercontent.com/GUIA-DD/dataset-streetview/refs/heads/main/datasets/df_2024_uniform/batch_0008/images/5dca52bddf73afc366c1e4b11aaa5daa16f4f26a.jpg,True,downloaded,
fbe98a249a198acf6c1d00f3439bc7367b6af1a5,bffb4d4eef99c8cb5de5683b6dd84088c4dc8d10,-15.80751425000461,-48.08939815003966,-15.80751426381827,-48.08941208827541,2024-07,2024,gZTAerpbkGHneI3iMCABlQ,150.27376392057587,© Google,OK,4_5,169008.32208333805,8249923.593738673,d8522ffeadf2ba8de9aae4a547de3d465419bd83,cardinal,4,1,90_deg_east,cardinal,90,0,90,640,640,8,batch_0008,990,datasets/df_2024_uniform/batch_0008/images/d8522ffeadf2ba8de9aae4a547de3d465419bd83.jpg,https://raw.githubusercontent.com/GUIA-DD/dataset-streetview/refs/heads/main/datasets/df_2024_uniform/batch_0008/images/d8522ffeadf2ba8de9aae4a547de3d465419bd83.jpg,True,downloaded,
fbe98a249a198acf6c1d00f3439bc7367b6af1a5,bffb4d4eef99c8cb5de5683b6dd84088c4dc8d10,-15.80751425000461,-48.08939815003966,-15.80751426381827,-48.08941208827541,2024-07,2024,gZTAerpbkGHneI3iMCABlQ,150.27376392057587,© Google,OK,4_5,169008.32208333805,8249923.593738673,fd403f8cfff8e5d7d926332ee13fd71803971837,cardinal,4,2,180_deg_south,cardinal,180,0,90,640,640,8,batch_0008,991,datasets/df_2024_uniform/batch_0008/images/fd403f8cfff8e5d7d926332ee13fd71803971837.jpg,https://raw.githubusercontent.com/GUIA-DD/dataset-streetview/refs/heads/main/datasets/df_2024_uniform/batch_0008/images/fd403f8cfff8e5d7d926332ee13fd71803971837.jpg,True,downloaded,
fbe98a249a198acf6c1d00f3439bc7367b6af1a5,bffb4d4eef99c8cb5de5683b6dd84088c4dc8d10,-15.80751425000461,-48.08939815003966,-15.80751426381827,-48.08941208827541,2024-07,2024,gZTAerpbkGHneI3iMCABlQ,150.27376392057587,© Google,OK,4_5,169008.32208333805,8249923.593738673,98136530a6b55dc98dc196b28b4fc9de5b4bfc07,cardinal,4,3,270_deg_west,cardinal,270,0,90,640,640,8,batch_0008,992,datasets/df_2024_uniform/batch_0008/images/98136530a6b55dc98dc196b28b4fc9de5b4bfc07.jpg,https://raw.githubusercontent.com/GUIA-DD/dataset-streetview/refs/heads/main/datasets/df_2024_uniform/batch_0008/images/98136530a6b55dc98dc196b28b4fc9de5b4bfc07.jpg,True,downloaded,
fcd031987e8b64838c1273e592fece94df53bace,6e5b8b8cddfe77421e305a98e2f7f757cd1f9868,-15.647171650001564,-47.81889840000198,-15.64718403427955,-47.8189154099599,2024-09,2024,maMYWV5SqjALGLh70H6Z5Q,113.58227496384644,© Google,OK,9_9,197773.1601469559,8268085.505323496,42aca2bf2809d70ae6c8309d1f1c29f8c4525447,cardinal,4,0,0_deg_north,cardinal,0,0,90,640,640,8,batch_0008,993,datasets/df_2024_uniform/batch_0008/images/42aca2bf2809d70ae6c8309d1f1c29f8c4525447.jpg,https://raw.githubusercontent.com/GUIA-DD/dataset-streetview/refs/heads/main/datasets/df_2024_uniform/batch_0008/images/42aca2bf2809d70ae6c8309d1f1c29f8c4525447.jpg,True,downloaded,
fcd031987e8b64838c1273e592fece94df53bace,6e5b8b8cddfe77421e305a98e2f7f757cd1f9868,-15.647171650001564,-47.81889840000198,-15.64718403427955,-47.8189154099599,2024-09,2024,maMYWV5SqjALGLh70H6Z5Q,113.58227496384644,© Google,OK,9_9,197773.1601469559,8268085.505323496,ddd67423e5fd329343ab03880f202415535942dc,cardinal,4,1,90_deg_east,cardinal,90,0,90,640,640,8,batch_0008,994,datasets/df_2024_uniform/batch_0008/images/ddd67423e5fd329343ab03880f202415535942dc.jpg,https://raw.githubusercontent.com/GUIA-DD/dataset-streetview/refs/heads/main/datasets/df_2024_uniform/batch_0008/images/ddd67423e5fd329343ab03880f202415535942dc.jpg,True,downloaded,
fcd031987e8b64838c1273e592fece94df53bace,6e5b8b8cddfe77421e305a98e2f7f757cd1f9868,-15.647171650001564,-47.81889840000198,-15.64718403427955,-47.8189154099599,2024-09,2024,maMYWV5SqjALGLh70H6Z5Q,113.58227496384644,© Google,OK,9_9,197773.1601469559,8268085.505323496,aa3fd5c4ce7d18e3f1afe9ee044ab517c8153938,cardinal,4,2,180_deg_south,cardinal,180,0,90,640,640,8,batch_0008,995,datasets/df_2024_uniform/batch_0008/images/aa3fd5c4ce7d18e3f1afe9ee044ab517c8153938.jpg,https://raw.githubusercontent.com/GUIA-DD/dataset-streetview/refs/heads/main/datasets/df_2024_uniform/batch_0008/images/aa3fd5c4ce7d18e3f1afe9ee044ab517c8153938.jpg,True,downloaded,
fcd031987e8b64838c1273e592fece94df53bace,6e5b8b8cddfe77421e305a98e2f7f757cd1f9868,-15.647171650001564,-47.81889840000198,-15.64718403427955,-47.8189154099599,2024-09,2024,maMYWV5SqjALGLh70H6Z5Q,113.58227496384644,© Google,OK,9_9,197773.1601469559,8268085.505323496,798230354118c9aa2db723f7ee1ac29644801f47,cardinal,4,3,270_deg_west,cardinal,270,0,90,640,640,8,batch_0008,996,datasets/df_2024_uniform/batch_0008/images/798230354118c9aa2db723f7ee1ac29644801f47.jpg,https://raw.githubusercontent.com/GUIA-DD/dataset-streetview/refs/heads/main/datasets/df_2024_uniform/batch_0008/images/798230354118c9aa2db723f7ee1ac29644801f47.jpg,True,downloaded,
fd84c496cf44aa297d5ab0e0ec912782b8249c50,2e9d3c6d4fa93437104962d919a63934051bc2fd,-15.582097200535465,-47.735453501425766,-15.58213596908163,-47.7354639028533,2025-07,2025,TyZDQuBckiFaofoTRU5Ccg,68.1137648955077,© Google,OK,11_10,206632.94432024745,8275407.620877435,8e26fe990fbe82fdf2260744de9a83e8d809f069,cardinal,4,0,0_deg_north,cardinal,0,0,90,640,640,8,batch_0008,997,datasets/df_2024_uniform/batch_0008/images/8e26fe990fbe82fdf2260744de9a83e8d809f069.jpg,https://raw.githubusercontent.com/GUIA-DD/dataset-streetview/refs/heads/main/datasets/df_2024_uniform/batch_0008/images/8e26fe990fbe82fdf2260744de9a83e8d809f069.jpg,True,downloaded,
fd84c496cf44aa297d5ab0e0ec912782b8249c50,2e9d3c6d4fa93437104962d919a63934051bc2fd,-15.582097200535465,-47.735453501425766,-15.58213596908163,-47.7354639028533,2025-07,2025,TyZDQuBckiFaofoTRU5Ccg,68.1137648955077,© Google,OK,11_10,206632.94432024745,8275407.620877435,90b54a229bd9b48ad86ae2f35249a9de4d1b7915,cardinal,4,1,90_deg_east,cardinal,90,0,90,640,640,8,batch_0008,998,datasets/df_2024_uniform/batch_0008/images/90b54a229bd9b48ad86ae2f35249a9de4d1b7915.jpg,https://raw.githubusercontent.com/GUIA-DD/dataset-streetview/refs/heads/main/datasets/df_2024_uniform/batch_0008/images/90b54a229bd9b48ad86ae2f35249a9de4d1b7915.jpg,True,downloaded,
fd84c496cf44aa297d5ab0e0ec912782b8249c50,2e9d3c6d4fa93437104962d919a63934051bc2fd,-15.582097200535465,-47.735453501425766,-15.58213596908163,-47.7354639028533,2025-07,2025,TyZDQuBckiFaofoTRU5Ccg,68.1137648955077,© Google,OK,11_10,206632.94432024745,8275407.620877435,ca8e11445524338d23be77e3003e799ca9423bd6,cardinal,4,2,180_deg_south,cardinal,180,0,90,640,640,8,batch_0008,999,datasets/df_2024_uniform/batch_0008/images/ca8e11445524338d23be77e3003e799ca9423bd6.jpg,https://raw.githubusercontent.com/GUIA-DD/dataset-streetview/refs/heads/main/datasets/df_2024_uniform/batch_0008/images/ca8e11445524338d23be77e3003e799ca9423bd6.jpg,True,downloaded,
fd84c496cf44aa297d5ab0e0ec912782b8249c50,2e9d3c6d4fa93437104962d919a63934051bc2fd,-15.582097200535465,-47.735453501425766,-15.58213596908163,-47.7354639028533,2025-07,2025,TyZDQuBckiFaofoTRU5Ccg,68.1137648955077,© Google,OK,11_10,206632.94432024745,8275407.620877435,741cc135b8f07a8b75eebd1e56198571c50491f9,cardinal,4,3,270_deg_west,cardinal,270,0,90,640,640,8,batch_0008,1000,datasets/df_2024_uniform/batch_0008/images/741cc135b8f07a8b75eebd1e56198571c50491f9.jpg,https://raw.githubusercontent.com/GUIA-DD/dataset-streetview/refs/heads/main/datasets/df_2024_uniform/batch_0008/images/741cc135b8f07a8b75eebd1e56198571c50491f9.jpg,True,downloaded,
