location_id,candidate_id,requested_lat,requested_lng,pano_lat,pano_lng,capture_date,capture_year,pano_id,road_heading,copyright,metadata_status,cell_id,x_m,y_m,image_id,heading_set,images_per_location,direction_index,direction_label,heading_strategy,image_heading,image_pitch,image_fov,image_width,image_height,batch_number,batch_id,batch_location_index,image_file,image_url,image_downloaded,download_status,download_error
011382157bcc0da4556f378f31f8c14397ecae65,2ebab88750851cd02e98e904e77ae5e867798e6d,-15.873371308459364,-47.99967346928351,-15.87335455992126,-47.99971552642004,2024-06,2024,yKR0g_PnoDx52644PH94Pw,130.60740697043533,© Google,OK,5_4,178733.20557402156,8242769.790440385,2a3da60585826fd96f3477966c416f66bbd561cb,cardinal,4,0,0_deg_north,cardinal,0,0,90,640,640,2,batch_0002,1,datasets/df_2024_proportional/batch_0002/images/2a3da60585826fd96f3477966c416f66bbd561cb.jpg,https://raw.githubusercontent.com/GUIA-DD/dataset-streetview/refs/heads/main/datasets/df_2024_proportional/batch_0002/images/2a3da60585826fd96f3477966c416f66bbd561cb.jpg,True,downloaded,
011382157bcc0da4556f378f31f8c14397ecae65,2ebab88750851cd02e98e904e77ae5e867798e6d,-15.873371308459364,-47.99967346928351,-15.87335455992126,-47.99971552642004,2024-06,2024,yKR0g_PnoDx52644PH94Pw,130.60740697043533,© Google,OK,5_4,178733.20557402156,8242769.790440385,6ac703e0aa87fc8bf6c92385f6f3316e3a64fb48,cardinal,4,1,90_deg_east,cardinal,90,0,90,640,640,2,batch_0002,2,datasets/df_2024_proportional/batch_0002/images/6ac703e0aa87fc8bf6c92385f6f3316e3a64fb48.jpg,https://raw.githubusercontent.com/GUIA-DD/dataset-streetview/refs/heads/main/datasets/df_2024_proportional/batch_0002/images/6ac703e0aa87fc8bf6c92385f6f3316e3a64fb48.jpg,True,downloaded,
011382157bcc0da4556f378f31f8c14397ecae65,2ebab88750851cd02e98e904e77ae5e867798e6d,-15.873371308459364,-47.99967346928351,-15.87335455992126,-47.99971552642004,2024-06,2024,yKR0g_PnoDx52644PH94Pw,130.60740697043533,© Google,OK,5_4,178733.20557402156,8242769.790440385,58216df325d4b827adc7be907df58572b4c2a746,cardinal,4,2,180_deg_south,cardinal,180,0,90,640,640,2,batch_0002,3,datasets/df_2024_proportional/batch_0002/images/58216df325d4b827adc7be907df58572b4c2a746.jpg,https://raw.githubusercontent.com/GUIA-DD/dataset-streetview/refs/heads/main/datasets/df_2024_proportional/batch_0002/images/58216df325d4b827adc7be907df58572b4c2a746.jpg,True,downloaded,
011382157bcc0da4556f378f31f8c14397ecae65,2ebab88750851cd02e98e904e77ae5e867798e6d,-15.873371308459364,-47.99967346928351,-15.87335455992126,-47.99971552642004,2024-06,2024,yKR0g_PnoDx52644PH94Pw,130.60740697043533,© Google,OK,5_4,178733.20557402156,8242769.790440385,3a18ab848d3291f59f90cc676b62eb5963fd46c2,cardinal,4,3,270_deg_west,cardinal,270,0,90,640,640,2,batch_0002,4,datasets/df_2024_proportional/batch_0002/images/3a18ab848d3291f59f90cc676b62eb5963fd46c2.jpg,https://raw.githubusercontent.com/GUIA-DD/dataset-streetview/refs/heads/main/datasets/df_2024_proportional/batch_0002/images/3a18ab848d3291f59f90cc676b62eb5963fd46c2.jpg,True,downloaded,
024b42555b66fb5279519a71dcd4af7fb76e7e6f,d619172ec2eaf9a6f855cc096e230673cd7b1e85,-15.835528399999994,-47.92074825000086,-15.83553639652751,-47.92071582247029,2024-06,2024,j1Kkl2XjyKQl6FS73jyekw,164.02609591855025,© Google,OK,7_4,187134.08832494763,8247080.015319595,f6a8e3b1b8e34138a9eba0ab28b7738ad46dea39,cardinal,4,0,0_deg_north,cardinal,0,0,90,640,640,2,batch_0002,5,datasets/df_2024_proportional/batch_0002/images/f6a8e3b1b8e34138a9eba0ab28b7738ad46dea39.jpg,https://raw.githubusercontent.com/GUIA-DD/dataset-streetview/refs/heads/main/datasets/df_2024_proportional/batch_0002/images/f6a8e3b1b8e34138a9eba0ab28b7738ad46dea39.jpg,True,downloaded,
024b42555b66fb5279519a71dcd4af7fb76e7e6f,d619172ec2eaf9a6f855cc096e230673cd7b1e85,-15.835528399999994,-47.92074825000086,-15.83553639652751,-47.92071582247029,2024-06,2024,j1Kkl2XjyKQl6FS73jyekw,164.02609591855025,© Google,OK,7_4,187134.08832494763,8247080.015319595,63a2bb2bc3de7432a17d11778041e2655f655f44,cardinal,4,1,90_deg_east,cardinal,90,0,90,640,640,2,batch_0002,6,datasets/df_2024_proportional/batch_0002/images/63a2bb2bc3de7432a17d11778041e2655f655f44.jpg,https://raw.githubusercontent.com/GUIA-DD/dataset-streetview/refs/heads/main/datasets/df_2024_proportional/batch_0002/images/63a2bb2bc3de7432a17d11778041e2655f655f44.jpg,True,downloaded,
024b42555b66fb5279519a71dcd4af7fb76e7e6f,d619172ec2eaf9a6f855cc096e230673cd7b1e85,-15.835528399999994,-47.92074825000086,-15.83553639652751,-47.92071582247029,2024-06,2024,j1Kkl2XjyKQl6FS73jyekw,164.02609591855025,© Google,OK,7_4,187134.08832494763,8247080.015319595,e815dba6ec41a8d960ff3e1278b5c006b66038ff,cardinal,4,2,180_deg_south,cardinal,180,0,90,640,640,2,batch_0002,7,datasets/df_2024_proportional/batch_0002/images/e815dba6ec41a8d960ff3e1278b5c006b66038ff.jpg,https://raw.githubusercontent.com/GUIA-DD/dataset-streetview/refs/heads/main/datasets/df_2024_proportional/batch_0002/images/e815dba6ec41a8d960ff3e1278b5c006b66038ff.jpg,True,downloaded,
024b42555b66fb5279519a71dcd4af7fb76e7e6f,d619172ec2eaf9a6f855cc096e230673cd7b1e85,-15.835528399999994,-47.92074825000086,-15.83553639652751,-47.92071582247029,2024-06,2024,j1Kkl2XjyKQl6FS73jyekw,164.02609591855025,© Google,OK,7_4,187134.08832494763,8247080.015319595,42695d05aeb7802a825e083d3094816635a73223,cardinal,4,3,270_deg_west,cardinal,270,0,90,640,640,2,batch_0002,8,datasets/df_2024_proportional/batch_0002/images/42695d05aeb7802a825e083d3094816635a73223.jpg,https://raw.githubusercontent.com/GUIA-DD/dataset-streetview/refs/heads/main/datasets/df_2024_proportional/batch_0002/images/42695d05aeb7802a825e083d3094816635a73223.jpg,True,downloaded,
0287be6066ba1a19bcf8dd40c35377f66116fd1d,674dd6f74bef6a061384cbdc4eb5925182250959,-15.752153550103865,-47.76894994994344,-15.75216233333721,-47.76898598135514,2024-07,2024,cA8SZQ8R1zA3KjJRatedqQ,249.04114928379605,© Google,OK,10_6,203284.10710066705,8256532.189236676,6e37bb70799b1fbbe366f6097e3d697610eff62f,cardinal,4,0,0_deg_north,cardinal,0,0,90,640,640,2,batch_0002,9,datasets/df_2024_proportional/batch_0002/images/6e37bb70799b1fbbe366f6097e3d697610eff62f.jpg,https://raw.githubusercontent.com/GUIA-DD/dataset-streetview/refs/heads/main/datasets/df_2024_proportional/batch_0002/images/6e37bb70799b1fbbe366f6097e3d697610eff62f.jpg,True,downloaded,
0287be6066ba1a19bcf8dd40c35377f66116fd1d,674dd6f74bef6a061384cbdc4eb5925182250959,-15.752153550103865,-47.76894994994344,-15.75216233333721,-47.76898598135514,2024-07,2024,cA8SZQ8R1zA3KjJRatedqQ,249.04114928379605,© Google,OK,10_6,203284.10710066705,8256532.189236676,d78322b69aed1758446e6a5020a20285b43dd46f,cardinal,4,1,90_deg_east,cardinal,90,0,90,640,640,2,batch_0002,10,datasets/df_2024_proportional/batch_0002/images/d78322b69aed1758446e6a5020a20285b43dd46f.jpg,https://raw.githubusercontent.com/GUIA-DD/dataset-streetview/refs/heads/main/datasets/df_2024_proportional/batch_0002/images/d78322b69aed1758446e6a5020a20285b43dd46f.jpg,True,downloaded,
0287be6066ba1a19bcf8dd40c35377f66116fd1d,674dd6f74bef6a061384cbdc4eb5925182250959,-15.752153550103865,-47.76894994994344,-15.75216233333721,-47.76898598135514,2024-07,2024,cA8SZQ8R1zA3KjJRatedqQ,249.04114928379605,© Google,OK,10_6,203284.10710066705,8256532.189236676,946b00712f56ffe6e074b9afc481e62219a86c47,cardinal,4,2,180_deg_south,cardinal,180,0,90,640,640,2,batch_0002,11,datasets/df_2024_proportional/batch_0002/images/946b00712f56ffe6e074b9afc481e62219a86c47.jpg,https://raw.githubusercontent.com/GUIA-DD/dataset-streetview/refs/heads/main/datasets/df_2024_proportional/batch_0002/images/946b00712f56ffe6e074b9afc481e62219a86c47.jpg,True,downloaded,
0287be6066ba1a19bcf8dd40c35377f66116fd1d,674dd6f74bef6a061384cbdc4eb5925182250959,-15.752153550103865,-47.76894994994344,-15.75216233333721,-47.76898598135514,2024-07,2024,cA8SZQ8R1zA3KjJRatedqQ,249.04114928379605,© Google,OK,10_6,203284.10710066705,8256532.189236676,5cdbf700f407cda4157cd87dc8af35112eda7ac1,cardinal,4,3,270_deg_west,cardinal,270,0,90,640,640,2,batch_0002,12,datasets/df_2024_proportional/batch_0002/images/5cdbf700f407cda4157cd87dc8af35112eda7ac1.jpg,https://raw.githubusercontent.com/GUIA-DD/dataset-streetview/refs/heads/main/datasets/df_2024_proportional/batch_0002/images/5cdbf700f407cda4157cd87dc8af35112eda7ac1.jpg,True,downloaded,
035d807bc42700702690330bf20d18c840a4e4f7,8ad879d0ba05a7faf8f42fcf9380efc9d3fefddb,-15.899997049999453,-48.063619850154645,-15.9000199500614,-48.06362468629353,2025-07,2025,xo5RZlMek1m2IoUclpQlsg,342.1997173506187,© Google,OK,4_3,171922.17952894678,8239721.73398505,b49f9a6f87528f73c3a5553fe02089ee7bb171bf,cardinal,4,0,0_deg_north,cardinal,0,0,90,640,640,2,batch_0002,13,datasets/df_2024_proportional/batch_0002/images/b49f9a6f87528f73c3a5553fe02089ee7bb171bf.jpg,https://raw.githubusercontent.com/GUIA-DD/dataset-streetview/refs/heads/main/datasets/df_2024_proportional/batch_0002/images/b49f9a6f87528f73c3a5553fe02089ee7bb171bf.jpg,True,downloaded,
035d807bc42700702690330bf20d18c840a4e4f7,8ad879d0ba05a7faf8f42fcf9380efc9d3fefddb,-15.899997049999453,-48.063619850154645,-15.9000199500614,-48.06362468629353,2025-07,2025,xo5RZlMek1m2IoUclpQlsg,342.1997173506187,© Google,OK,4_3,171922.17952894678,8239721.73398505,94e8e28a47811ac3753edbfa9ad16f8157de784a,cardinal,4,1,90_deg_east,cardinal,90,0,90,640,640,2,batch_0002,14,datasets/df_2024_proportional/batch_0002/images/94e8e28a47811ac3753edbfa9ad16f8157de784a.jpg,https://raw.githubusercontent.com/GUIA-DD/dataset-streetview/refs/heads/main/datasets/df_2024_proportional/batch_0002/images/94e8e28a47811ac3753edbfa9ad16f8157de784a.jpg,True,downloaded,
035d807bc42700702690330bf20d18c840a4e4f7,8ad879d0ba05a7faf8f42fcf9380efc9d3fefddb,-15.899997049999453,-48.063619850154645,-15.9000199500614,-48.06362468629353,2025-07,2025,xo5RZlMek1m2IoUclpQlsg,342.1997173506187,© Google,OK,4_3,171922.17952894678,8239721.73398505,b2bba95d305f9449dea02dd7eb9c4d06434fbdc4,cardinal,4,2,180_deg_south,cardinal,180,0,90,640,640,2,batch_0002,15,datasets/df_2024_proportional/batch_0002/images/b2bba95d305f9449dea02dd7eb9c4d06434fbdc4.jpg,https://raw.githubusercontent.com/GUIA-DD/dataset-streetview/refs/heads/main/datasets/df_2024_proportional/batch_0002/images/b2bba95d305f9449dea02dd7eb9c4d06434fbdc4.jpg,True,downloaded,
035d807bc42700702690330bf20d18c840a4e4f7,8ad879d0ba05a7faf8f42fcf9380efc9d3fefddb,-15.899997049999453,-48.063619850154645,-15.9000199500614,-48.06362468629353,2025-07,2025,xo5RZlMek1m2IoUclpQlsg,342.1997173506187,© Google,OK,4_3,171922.17952894678,8239721.73398505,c32cf39a0a9e19ed771ff5f9b70acb9541b17235,cardinal,4,3,270_deg_west,cardinal,270,0,90,640,640,2,batch_0002,16,datasets/df_2024_proportional/batch_0002/images/c32cf39a0a9e19ed771ff5f9b70acb9541b17235.jpg,https://raw.githubusercontent.com/GUIA-DD/dataset-streetview/refs/heads/main/datasets/df_2024_proportional/batch_0002/images/c32cf39a0a9e19ed771ff5f9b70acb9541b17235.jpg,True,downloaded,
036e057b62fbcfc8a343a95ae4c74c5169254eaf,a553a3db57090ffdec18311e4df992a151c22a4e,-15.764503821470704,-47.38401592968756,-15.76454092807189,-47.38418383234725,2025-07,2025,bdKwMNhIvHQhDiSZBIOpNQ,317.70306544743306,© Google,OK,19_6,244570.52145359482,8255669.262631405,3488f5855e350a75fed9b3e0ae6f8726e4a553ab,cardinal,4,0,0_deg_north,cardinal,0,0,90,640,640,2,batch_0002,17,datasets/df_2024_proportional/batch_0002/images/3488f5855e350a75fed9b3e0ae6f8726e4a553ab.jpg,https://raw.githubusercontent.com/GUIA-DD/dataset-streetview/refs/heads/main/datasets/df_2024_proportional/batch_0002/images/3488f5855e350a75fed9b3e0ae6f8726e4a553ab.jpg,True,downloaded,
036e057b62fbcfc8a343a95ae4c74c5169254eaf,a553a3db57090ffdec18311e4df992a151c22a4e,-15.764503821470704,-47.38401592968756,-15.76454092807189,-47.38418383234725,2025-07,2025,bdKwMNhIvHQhDiSZBIOpNQ,317.70306544743306,© Google,OK,19_6,244570.52145359482,8255669.262631405,87576152a3cf2b18e6ab9beee271272d46fe3b65,cardinal,4,1,90_deg_east,cardinal,90,0,90,640,640,2,batch_0002,18,datasets/df_2024_proportional/batch_0002/images/87576152a3cf2b18e6ab9beee271272d46fe3b65.jpg,https://raw.githubusercontent.com/GUIA-DD/dataset-streetview/refs/heads/main/datasets/df_2024_proportional/batch_0002/images/87576152a3cf2b18e6ab9beee271272d46fe3b65.jpg,True,downloaded,
036e057b62fbcfc8a343a95ae4c74c5169254eaf,a553a3db57090ffdec18311e4df992a151c22a4e,-15.764503821470704,-47.38401592968756,-15.76454092807189,-47.38418383234725,2025-07,2025,bdKwMNhIvHQhDiSZBIOpNQ,317.70306544743306,© Google,OK,19_6,244570.52145359482,8255669.262631405,508f7c07d826c5df14b6f4af0e875fd7ed6826f4,cardinal,4,2,180_deg_south,cardinal,180,0,90,640,640,2,batch_0002,19,datasets/df_2024_proportional/batch_0002/images/508f7c07d826c5df14b6f4af0e875fd7ed6826f4.jpg,https://raw.githubusercontent.com/GUIA-DD/dataset-streetview/refs/heads/main/datasets/df_2024_proportional/batch_0002/images/508f7c07d826c5df14b6f4af0e875fd7ed6826f4.jpg,True,downloaded,
036e057b62fbcfc8a343a95ae4c74c5169254eaf,a553a3db57090ffdec18311e4df992a151c22a4e,-15.764503821470704,-47.38401592968756,-15.76454092807189,-47.38418383234725,2025-07,2025,bdKwMNhIvHQhDiSZBIOpNQ,317.70306544743306,© Google,OK,19_6,244570.52145359482,8255669.262631405,5a56ae73f62f339b77bbce05b3f3426888bf37e2,cardinal,4,3,270_deg_west,cardinal,270,0,90,640,640,2,batch_0002,20,datasets/df_2024_proportional/batch_0002/images/5a56ae73f62f339b77bbce05b3f3426888bf37e2.jpg,https://raw.githubusercontent.com/GUIA-DD/dataset-streetview/refs/heads/main/datasets/df_2024_proportional/batch_0002/images/5a56ae73f62f339b77bbce05b3f3426888bf37e2.jpg,True,downloaded,
048a3453c6e51b24ceb1430527fcfaadf8b781e9,92cb7250bda7ca8a4fff2469c9e51d87723bc17f,-15.880984250014542,-48.063146399993954,-15.88098958467782,-48.06312246118905,2025-07,2025,ZnzjeAWHm89ksUGJNCdL9Q,72.14066032250518,© Google,OK,4_3,171942.06981801504,8241828.120964486,5d9ab1523e40c404bb21f75b27be9f627d00c403,cardinal,4,0,0_deg_north,cardinal,0,0,90,640,640,2,batch_0002,21,datasets/df_2024_proportional/batch_0002/images/5d9ab1523e40c404bb21f75b27be9f627d00c403.jpg,https://raw.githubusercontent.com/GUIA-DD/dataset-streetview/refs/heads/main/datasets/df_2024_proportional/batch_0002/images/5d9ab1523e40c404bb21f75b27be9f627d00c403.jpg,True,downloaded,
048a3453c6e51b24ceb1430527fcfaadf8b781e9,92cb7250bda7ca8a4fff2469c9e51d87723bc17f,-15.880984250014542,-48.063146399993954,-15.88098958467782,-48.06312246118905,2025-07,2025,ZnzjeAWHm89ksUGJNCdL9Q,72.14066032250518,© Google,OK,4_3,171942.06981801504,8241828.120964486,130ff3e6a8d5d5d16b3ab10675757e2d9750b390,cardinal,4,1,90_deg_east,cardinal,90,0,90,640,640,2,batch_0002,22,datasets/df_2024_proportional/batch_0002/images/130ff3e6a8d5d5d16b3ab10675757e2d9750b390.jpg,https://raw.githubusercontent.com/GUIA-DD/dataset-streetview/refs/heads/main/datasets/df_2024_proportional/batch_0002/images/130ff3e6a8d5d5d16b3ab10675757e2d9750b390.jpg,True,downloaded,
048a3453c6e51b24ceb1430527fcfaadf8b781e9,92cb7250bda7ca8a4fff2469c9e51d87723bc17f,-15.880984250014542,-48.063146399993954,-15.88098958467782,-48.06312246118905,2025-07,2025,ZnzjeAWHm89ksUGJNCdL9Q,72.14066032250518,© Google,OK,4_3,171942.06981801504,8241828.120964486,247a61708cf3c8fd012d1a3462a09910aab43889,cardinal,4,2,180_deg_south,cardinal,180,0,90,640,640,2,batch_0002,23,datasets/df_2024_proportional/batch_0002/images/247a61708cf3c8fd012d1a3462a09910aab43889.jpg,https://raw.githubusercontent.com/GUIA-DD/dataset-streetview/refs/heads/main/datasets/df_2024_proportional/batch_0002/images/247a61708cf3c8fd012d1a3462a09910aab43889.jpg,True,downloaded,
048a3453c6e51b24ceb1430527fcfaadf8b781e9,92cb7250bda7ca8a4fff2469c9e51d87723bc17f,-15.880984250014542,-48.063146399993954,-15.88098958467782,-48.06312246118905,2025-07,2025,ZnzjeAWHm89ksUGJNCdL9Q,72.14066032250518,© Google,OK,4_3,171942.06981801504,8241828.120964486,805ec92618e1439eb0936c99abf6427d108dcaff,cardinal,4,3,270_deg_west,cardinal,270,0,90,640,640,2,batch_0002,24,datasets/df_2024_proportional/batch_0002/images/805ec92618e1439eb0936c99abf6427d108dcaff.jpg,https://raw.githubusercontent.com/GUIA-DD/dataset-streetview/refs/heads/main/datasets/df_2024_proportional/batch_0002/images/805ec92618e1439eb0936c99abf6427d108dcaff.jpg,True,downloaded,
05b32f494ab7f2fb5a0d6b368ed844b27e497478,4e281181792ee81ee97f40caa4ec682066914263,-15.68180520000001,-47.83514255000116,-15.68183497819514,-47.83514940325242,2024-07,2024,gTOgoyEnHJhrvPz1Afa7Sw,161.79682290700396,© Google,OK,9_8,196081.60988417757,8264227.404621556,e61fef2316834b1f7c9f15df0042a9b343cb570b,cardinal,4,0,0_deg_north,cardinal,0,0,90,640,640,2,batch_0002,25,datasets/df_2024_proportional/batch_0002/images/e61fef2316834b1f7c9f15df0042a9b343cb570b.jpg,https://raw.githubusercontent.com/GUIA-DD/dataset-streetview/refs/heads/main/datasets/df_2024_proportional/batch_0002/images/e61fef2316834b1f7c9f15df0042a9b343cb570b.jpg,True,downloaded,
05b32f494ab7f2fb5a0d6b368ed844b27e497478,4e281181792ee81ee97f40caa4ec682066914263,-15.68180520000001,-47.83514255000116,-15.68183497819514,-47.83514940325242,2024-07,2024,gTOgoyEnHJhrvPz1Afa7Sw,161.79682290700396,© Google,OK,9_8,196081.60988417757,8264227.404621556,957e26394e548db4cddf0edec272ca94467fd228,cardinal,4,1,90_deg_east,cardinal,90,0,90,640,640,2,batch_0002,26,datasets/df_2024_proportional/batch_0002/images/957e26394e548db4cddf0edec272ca94467fd228.jpg,https://raw.githubusercontent.com/GUIA-DD/dataset-streetview/refs/heads/main/datasets/df_2024_proportional/batch_0002/images/957e26394e548db4cddf0edec272ca94467fd228.jpg,True,downloaded,
05b32f494ab7f2fb5a0d6b368ed844b27e497478,4e281181792ee81ee97f40caa4ec682066914263,-15.68180520000001,-47.83514255000116,-15.68183497819514,-47.83514940325242,2024-07,2024,gTOgoyEnHJhrvPz1Afa7Sw,161.79682290700396,© Google,OK,9_8,196081.60988417757,8264227.404621556,9200ba95e1910d47659478a2ca19e25b2602fb1a,cardinal,4,2,180_deg_south,cardinal,180,0,90,640,640,2,batch_0002,27,datasets/df_2024_proportional/batch_0002/images/9200ba95e1910d47659478a2ca19e25b2602fb1a.jpg,https://raw.githubusercontent.com/GUIA-DD/dataset-streetview/refs/heads/main/datasets/df_2024_proportional/batch_0002/images/9200ba95e1910d47659478a2ca19e25b2602fb1a.jpg,True,downloaded,
05b32f494ab7f2fb5a0d6b368ed844b27e497478,4e281181792ee81ee97f40caa4ec682066914263,-15.68180520000001,-47.83514255000116,-15.68183497819514,-47.83514940325242,2024-07,2024,gTOgoyEnHJhrvPz1Afa7Sw,161.79682290700396,© Google,OK,9_8,196081.60988417757,8264227.404621556,9fbcabd54922de3f00d144159bc7720ec74abbf2,cardinal,4,3,270_deg_west,cardinal,270,0,90,640,640,2,batch_0002,28,datasets/df_2024_proportional/batch_0002/images/9fbcabd54922de3f00d144159bc7720ec74abbf2.jpg,https://raw.githubusercontent.com/GUIA-DD/dataset-streetview/refs/heads/main/datasets/df_2024_proportional/batch_0002/images/9fbcabd54922de3f00d144159bc7720ec74abbf2.jpg,True,downloaded,
05fce55858a9a2d5da57c77012b77b404e8e160e,34f0df90ff379401c2832a68d77e079932657ec9,-15.835171534757043,-48.094097626859714,-15.83519397748409,-48.09411615079749,2025-02,2025,yHbKvL46gZcTMwMKmq_BtQ,339.94986193536687,© Google,OK,3_4,168549.5528655607,8246853.108394362,008f1f696133ab13724e463d7d237f82942c2998,cardinal,4,0,0_deg_north,cardinal,0,0,90,640,640,2,batch_0002,29,datasets/df_2024_proportional/batch_0002/images/008f1f696133ab13724e463d7d237f82942c2998.jpg,https://raw.githubusercontent.com/GUIA-DD/dataset-streetview/refs/heads/main/datasets/df_2024_proportional/batch_0002/images/008f1f696133ab13724e463d7d237f82942c2998.jpg,True,downloaded,
05fce55858a9a2d5da57c77012b77b404e8e160e,34f0df90ff379401c2832a68d77e079932657ec9,-15.835171534757043,-48.094097626859714,-15.83519397748409,-48.09411615079749,2025-02,2025,yHbKvL46gZcTMwMKmq_BtQ,339.94986193536687,© Google,OK,3_4,168549.5528655607,8246853.108394362,ec313bd94e73aed474cb3da2de2abbf52a86d21e,cardinal,4,1,90_deg_east,cardinal,90,0,90,640,640,2,batch_0002,30,datasets/df_2024_proportional/batch_0002/images/ec313bd94e73aed474cb3da2de2abbf52a86d21e.jpg,https://raw.githubusercontent.com/GUIA-DD/dataset-streetview/refs/heads/main/datasets/df_2024_proportional/batch_0002/images/ec313bd94e73aed474cb3da2de2abbf52a86d21e.jpg,True,downloaded,
05fce55858a9a2d5da57c77012b77b404e8e160e,34f0df90ff379401c2832a68d77e079932657ec9,-15.835171534757043,-48.094097626859714,-15.83519397748409,-48.09411615079749,2025-02,2025,yHbKvL46gZcTMwMKmq_BtQ,339.94986193536687,© Google,OK,3_4,168549.5528655607,8246853.108394362,30280ffd09405f865ab219f609bf0222fe5263d0,cardinal,4,2,180_deg_south,cardinal,180,0,90,640,640,2,batch_0002,31,datasets/df_2024_proportional/batch_0002/images/30280ffd09405f865ab219f609bf0222fe5263d0.jpg,https://raw.githubusercontent.com/GUIA-DD/dataset-streetview/refs/heads/main/datasets/df_2024_proportional/batch_0002/images/30280ffd09405f865ab219f609bf0222fe5263d0.jpg,True,downloaded,
05fce55858a9a2d5da57c77012b77b404e8e160e,34f0df90ff379401c2832a68d77e079932657ec9,-15.835171534757043,-48.094097626859714,-15.83519397748409,-48.09411615079749,2025-02,2025,yHbKvL46gZcTMwMKmq_BtQ,339.94986193536687,© Google,OK,3_4,168549.5528655607,8246853.108394362,c1f599a389fc6a004d59f97eb4499362a964af5c,cardinal,4,3,270_deg_west,cardinal,270,0,90,640,640,2,batch_0002,32,datasets/df_2024_proportional/batch_0002/images/c1f599a389fc6a004d59f97eb4499362a964af5c.jpg,https://raw.githubusercontent.com/GUIA-DD/dataset-streetview/refs/heads/main/datasets/df_2024_proportional/batch_0002/images/c1f599a389fc6a004d59f97eb4499362a964af5c.jpg,True,downloaded,
078621ea0af1908f9348dddf69ca57b2fc21d517,e20624c0e263575ffe7fee493aa1d1ec75ab134a,-15.795467150009538,-48.001635849857585,-15.79549139353174,-48.00161565046795,2024-09,2024,GgJbPtfjXK-RJlVVgpK3OA,178.12696823053122,© Google,OK,5_5,178399.42950194963,8251394.107468566,74fced087d7cb7bf3c6a2fe132ba925dbfee2065,cardinal,4,0,0_deg_north,cardinal,0,0,90,640,640,2,batch_0002,33,datasets/df_2024_proportional/batch_0002/images/74fced087d7cb7bf3c6a2fe132ba925dbfee2065.jpg,https://raw.githubusercontent.com/GUIA-DD/dataset-streetview/refs/heads/main/datasets/df_2024_proportional/batch_0002/images/74fced087d7cb7bf3c6a2fe132ba925dbfee2065.jpg,True,downloaded,
078621ea0af1908f9348dddf69ca57b2fc21d517,e20624c0e263575ffe7fee493aa1d1ec75ab134a,-15.795467150009538,-48.001635849857585,-15.79549139353174,-48.00161565046795,2024-09,2024,GgJbPtfjXK-RJlVVgpK3OA,178.12696823053122,© Google,OK,5_5,178399.42950194963,8251394.107468566,1293ba8e86a55590bf02eeef8ce125f587ffb9db,cardinal,4,1,90_deg_east,cardinal,90,0,90,640,640,2,batch_0002,34,datasets/df_2024_proportional/batch_0002/images/1293ba8e86a55590bf02eeef8ce125f587ffb9db.jpg,https://raw.githubusercontent.com/GUIA-DD/dataset-streetview/refs/heads/main/datasets/df_2024_proportional/batch_0002/images/1293ba8e86a55590bf02eeef8ce125f587ffb9db.jpg,True,downloaded,
078621ea0af1908f9348dddf69ca57b2fc21d517,e20624c0e263575ffe7fee493aa1d1ec75ab134a,-15.795467150009538,-48.001635849857585,-15.79549139353174,-48.00161565046795,2024-09,2024,GgJbPtfjXK-RJlVVgpK3OA,178.12696823053122,© Google,OK,5_5,178399.42950194963,8251394.107468566,f1ebf2cdd6ec2b30510dcb6ac7c9b9c64e1fd541,cardinal,4,2,180_deg_south,cardinal,180,0,90,640,640,2,batch_0002,35,datasets/df_2024_proportional/batch_0002/images/f1ebf2cdd6ec2b30510dcb6ac7c9b9c64e1fd541.jpg,https://raw.githubusercontent.com/GUIA-DD/dataset-streetview/refs/heads/main/datasets/df_2024_proportional/batch_0002/images/f1ebf2cdd6ec2b30510dcb6ac7c9b9c64e1fd541.jpg,True,downloaded,
078621ea0af1908f9348dddf69ca57b2fc21d517,e20624c0e263575ffe7fee493aa1d1ec75ab134a,-15.795467150009538,-48.001635849857585,-15.79549139353174,-48.00161565046795,2024-09,2024,GgJbPtfjXK-RJlVVgpK3OA,178.12696823053122,© Google,OK,5_5,178399.42950194963,8251394.107468566,c88a384ea0e885ffbfb424544ebb2e40f865de57,cardinal,4,3,270_deg_west,cardinal,270,0,90,640,640,2,batch_0002,36,datasets/df_2024_proportional/batch_0002/images/c88a384ea0e885ffbfb424544ebb2e40f865de57.jpg,https://raw.githubusercontent.com/GUIA-DD/dataset-streetview/refs/heads/main/datasets/df_2024_proportional/batch_0002/images/c88a384ea0e885ffbfb424544ebb2e40f865de57.jpg,True,downloaded,
08357404edcac9ba0fc3597ec859b7815e4f7ad8,e1a537b3bddf7ba55c6d74dd376fee6d37c72386,-15.829430599999958,-48.08556700000436,-15.82941838858141,-48.08557647914701,2024-10,2024,FmxctnAAfmcYKSG5NyM5gQ,342.42689885383396,© Google,OK,4_4,169454.79085932532,8247502.390253609,85a912a8162727547232673f0edaa09c7d2e7e80,cardinal,4,0,0_deg_north,cardinal,0,0,90,640,640,2,batch_0002,37,datasets/df_2024_proportional/batch_0002/images/85a912a8162727547232673f0edaa09c7d2e7e80.jpg,https://raw.githubusercontent.com/GUIA-DD/dataset-streetview/refs/heads/main/datasets/df_2024_proportional/batch_0002/images/85a912a8162727547232673f0edaa09c7d2e7e80.jpg,True,downloaded,
08357404edcac9ba0fc3597ec859b7815e4f7ad8,e1a537b3bddf7ba55c6d74dd376fee6d37c72386,-15.829430599999958,-48.08556700000436,-15.82941838858141,-48.08557647914701,2024-10,2024,FmxctnAAfmcYKSG5NyM5gQ,342.42689885383396,© Google,OK,4_4,169454.79085932532,8247502.390253609,ff9ae979785bedfb00656b01229b77d50699c633,cardinal,4,1,90_deg_east,cardinal,90,0,90,640,640,2,batch_0002,38,datasets/df_2024_proportional/batch_0002/images/ff9ae979785bedfb00656b01229b77d50699c633.jpg,https://raw.githubusercontent.com/GUIA-DD/dataset-streetview/refs/heads/main/datasets/df_2024_proportional/batch_0002/images/ff9ae979785bedfb00656b01229b77d50699c633.jpg,True,downloaded,
08357404edcac9ba0fc3597ec859b7815e4f7ad8,e1a537b3bddf7ba55c6d74dd376fee6d37c72386,-15.829430599999958,-48.08556700000436,-15.82941838858141,-48.08557647914701,2024-10,2024,FmxctnAAfmcYKSG5NyM5gQ,342.42689885383396,© Google,OK,4_4,169454.79085932532,8247502.390253609,03bdbe6c59dfacb26ac75cc9186f13507e6e6b7c,cardinal,4,2,180_deg_south,cardinal,180,0,90,640,640,2,batch_0002,39,datasets/df_2024_proportional/batch_0002/images/03bdbe6c59dfacb26ac75cc9186f13507e6e6b7c.jpg,https://raw.githubusercontent.com/GUIA-DD/dataset-streetview/refs/heads/main/datasets/df_2024_proportional/batch_0002/images/03bdbe6c59dfacb26ac75cc9186f13507e6e6b7c.jpg,True,downloaded,
08357404edcac9ba0fc3597ec859b7815e4f7ad8,e1a537b3bddf7ba55c6d74dd376fee6d37c72386,-15.829430599999958,-48.08556700000436,-15.82941838858141,-48.08557647914701,2024-10,2024,FmxctnAAfmcYKSG5NyM5gQ,342.42689885383396,© Google,OK,4_4,169454.79085932532,8247502.390253609,072453eba54888f1111826751405db1112d09810,cardinal,4,3,270_deg_west,cardinal,270,0,90,640,640,2,batch_0002,40,datasets/df_2024_proportional/batch_0002/images/072453eba54888f1111826751405db1112d09810.jpg,https://raw.githubusercontent.com/GUIA-DD/dataset-streetview/refs/heads/main/datasets/df_2024_proportional/batch_0002/images/072453eba54888f1111826751405db1112d09810.jpg,True,downloaded,
0a5c660248bb4f90c858de059ac2fa4d4658d5bb,a9f7732507990fd48ffbef6b8d6b76150df442a6,-15.928051850043824,-48.10801204993061,-15.92803731491787,-48.10800303376035,2025-07,2025,d3ky1cb-X2hKOe0WdATkJA,42.27786453510693,© Google,OK,3_2,167210.59180515606,8236544.313975342,f519616f195c58ad838c2a3a486cd7a6acdc5a50,cardinal,4,0,0_deg_north,cardinal,0,0,90,640,640,2,batch_0002,41,datasets/df_2024_proportional/batch_0002/images/f519616f195c58ad838c2a3a486cd7a6acdc5a50.jpg,https://raw.githubusercontent.com/GUIA-DD/dataset-streetview/refs/heads/main/datasets/df_2024_proportional/batch_0002/images/f519616f195c58ad838c2a3a486cd7a6acdc5a50.jpg,True,downloaded,
0a5c660248bb4f90c858de059ac2fa4d4658d5bb,a9f7732507990fd48ffbef6b8d6b76150df442a6,-15.928051850043824,-48.10801204993061,-15.92803731491787,-48.10800303376035,2025-07,2025,d3ky1cb-X2hKOe0WdATkJA,42.27786453510693,© Google,OK,3_2,167210.59180515606,8236544.313975342,f517d298867eca531cb3edec43f1407c9c7bd7b4,cardinal,4,1,90_deg_east,cardinal,90,0,90,640,640,2,batch_0002,42,datasets/df_2024_proportional/batch_0002/images/f517d298867eca531cb3edec43f1407c9c7bd7b4.jpg,https://raw.githubusercontent.com/GUIA-DD/dataset-streetview/refs/heads/main/datasets/df_2024_proportional/batch_0002/images/f517d298867eca531cb3edec43f1407c9c7bd7b4.jpg,True,downloaded,
0a5c660248bb4f90c858de059ac2fa4d4658d5bb,a9f7732507990fd48ffbef6b8d6b76150df442a6,-15.928051850043824,-48.10801204993061,-15.92803731491787,-48.10800303376035,2025-07,2025,d3ky1cb-X2hKOe0WdATkJA,42.27786453510693,© Google,OK,3_2,167210.59180515606,8236544.313975342,4d3602c8f51b4a657aad50e3e8dbfa6affd7212c,cardinal,4,2,180_deg_south,cardinal,180,0,90,640,640,2,batch_0002,43,datasets/df_2024_proportional/batch_0002/images/4d3602c8f51b4a657aad50e3e8dbfa6affd7212c.jpg,https://raw.githubusercontent.com/GUIA-DD/dataset-streetview/refs/heads/main/datasets/df_2024_proportional/batch_0002/images/4d3602c8f51b4a657aad50e3e8dbfa6affd7212c.jpg,True,downloaded,
0a5c660248bb4f90c858de059ac2fa4d4658d5bb,a9f7732507990fd48ffbef6b8d6b76150df442a6,-15.928051850043824,-48.10801204993061,-15.92803731491787,-48.10800303376035,2025-07,2025,d3ky1cb-X2hKOe0WdATkJA,42.27786453510693,© Google,OK,3_2,167210.59180515606,8236544.313975342,1842fd65d747d3d61f2ac8a441afaedff6110cc9,cardinal,4,3,270_deg_west,cardinal,270,0,90,640,640,2,batch_0002,44,datasets/df_2024_proportional/batch_0002/images/1842fd65d747d3d61f2ac8a441afaedff6110cc9.jpg,https://raw.githubusercontent.com/GUIA-DD/dataset-streetview/refs/heads/main/datasets/df_2024_proportional/batch_0002/images/1842fd65d747d3d61f2ac8a441afaedff6110cc9.jpg,True,downloaded,
0b35de08a51c16b34bee313df96d4f677b1c18ef,fd528de5062dfad39ae7d8ab684a0ae73bbda70b,-15.748369650034382,-47.76214529990057,-15.74833112863574,-47.76212861796685,2024-12,2024,m2YQXB9LQN_oXneXdnnYqw,23.528752254769525,© Google,OK,11_6,204008.28052985924,8256960.720063409,1787ca4e6064ddd2edeb0e9a30fbccd7c04b554e,cardinal,4,0,0_deg_north,cardinal,0,0,90,640,640,2,batch_0002,45,datasets/df_2024_proportional/batch_0002/images/1787ca4e6064ddd2edeb0e9a30fbccd7c04b554e.jpg,https://raw.githubusercontent.com/GUIA-DD/dataset-streetview/refs/heads/main/datasets/df_2024_proportional/batch_0002/images/1787ca4e6064ddd2edeb0e9a30fbccd7c04b554e.jpg,True,downloaded,
0b35de08a51c16b34bee313df96d4f677b1c18ef,fd528de5062dfad39ae7d8ab684a0ae73bbda70b,-15.748369650034382,-47.76214529990057,-15.74833112863574,-47.76212861796685,2024-12,2024,m2YQXB9LQN_oXneXdnnYqw,23.528752254769525,© Google,OK,11_6,204008.28052985924,8256960.720063409,9ba6ede629d475626891f72b9c45e3ff59eb815a,cardinal,4,1,90_deg_east,cardinal,90,0,90,640,640,2,batch_0002,46,datasets/df_2024_proportional/batch_0002/images/9ba6ede629d475626891f72b9c45e3ff59eb815a.jpg,https://raw.githubusercontent.com/GUIA-DD/dataset-streetview/refs/heads/main/datasets/df_2024_proportional/batch_0002/images/9ba6ede629d475626891f72b9c45e3ff59eb815a.jpg,True,downloaded,
0b35de08a51c16b34bee313df96d4f677b1c18ef,fd528de5062dfad39ae7d8ab684a0ae73bbda70b,-15.748369650034382,-47.76214529990057,-15.74833112863574,-47.76212861796685,2024-12,2024,m2YQXB9LQN_oXneXdnnYqw,23.528752254769525,© Google,OK,11_6,204008.28052985924,8256960.720063409,edccfc89a22947dc52fdaba137bd7d7b02d3c693,cardinal,4,2,180_deg_south,cardinal,180,0,90,640,640,2,batch_0002,47,datasets/df_2024_proportional/batch_0002/images/edccfc89a22947dc52fdaba137bd7d7b02d3c693.jpg,https://raw.githubusercontent.com/GUIA-DD/dataset-streetview/refs/heads/main/datasets/df_2024_proportional/batch_0002/images/edccfc89a22947dc52fdaba137bd7d7b02d3c693.jpg,True,downloaded,
0b35de08a51c16b34bee313df96d4f677b1c18ef,fd528de5062dfad39ae7d8ab684a0ae73bbda70b,-15.748369650034382,-47.76214529990057,-15.74833112863574,-47.76212861796685,2024-12,2024,m2YQXB9LQN_oXneXdnnYqw,23.528752254769525,© Google,OK,11_6,204008.28052985924,8256960.720063409,fc024b137b0a045b4066bc43178414a6440aa3c2,cardinal,4,3,270_deg_west,cardinal,270,0,90,640,640,2,batch_0002,48,datasets/df_2024_proportional/batch_0002/images/fc024b137b0a045b4066bc43178414a6440aa3c2.jpg,https://raw.githubusercontent.com/GUIA-DD/dataset-streetview/refs/heads/main/datasets/df_2024_proportional/batch_0002/images/fc024b137b0a045b4066bc43178414a6440aa3c2.jpg,True,downloaded,
0d91559453cb998b803514836a36ca9f0b111912,c91047261bdc6a2c106cc0ff9327d21dd5a6c3f9,-15.816457500378208,-48.05993499982569,-15.81645468194555,-48.05991645907424,2024-09,2024,XkYEY6YoyS5hl4g42FdqRA,250.82471590527646,© Google,OK,4_5,172181.9566860119,8248979.3749446785,690c2aa4ea1449a7957da0801116766dc0bd3525,cardinal,4,0,0_deg_north,cardinal,0,0,90,640,640,2,batch_0002,49,datasets/df_2024_proportional/batch_0002/images/690c2aa4ea1449a7957da0801116766dc0bd3525.jpg,https://raw.githubusercontent.com/GUIA-DD/dataset-streetview/refs/heads/main/datasets/df_2024_proportional/batch_0002/images/690c2aa4ea1449a7957da0801116766dc0bd3525.jpg,True,downloaded,
0d91559453cb998b803514836a36ca9f0b111912,c91047261bdc6a2c106cc0ff9327d21dd5a6c3f9,-15.816457500378208,-48.05993499982569,-15.81645468194555,-48.05991645907424,2024-09,2024,XkYEY6YoyS5hl4g42FdqRA,250.82471590527646,© Google,OK,4_5,172181.9566860119,8248979.3749446785,03d306f6d3de9c800d8e8e06b9700073505af426,cardinal,4,1,90_deg_east,cardinal,90,0,90,640,640,2,batch_0002,50,datasets/df_2024_proportional/batch_0002/images/03d306f6d3de9c800d8e8e06b9700073505af426.jpg,https://raw.githubusercontent.com/GUIA-DD/dataset-streetview/refs/heads/main/datasets/df_2024_proportional/batch_0002/images/03d306f6d3de9c800d8e8e06b9700073505af426.jpg,True,downloaded,
0d91559453cb998b803514836a36ca9f0b111912,c91047261bdc6a2c106cc0ff9327d21dd5a6c3f9,-15.816457500378208,-48.05993499982569,-15.81645468194555,-48.05991645907424,2024-09,2024,XkYEY6YoyS5hl4g42FdqRA,250.82471590527646,© Google,OK,4_5,172181.9566860119,8248979.3749446785,bcf4a07f60a07e3a7dbf9571cdebe50c87744e4c,cardinal,4,2,180_deg_south,cardinal,180,0,90,640,640,2,batch_0002,51,datasets/df_2024_proportional/batch_0002/images/bcf4a07f60a07e3a7dbf9571cdebe50c87744e4c.jpg,https://raw.githubusercontent.com/GUIA-DD/dataset-streetview/refs/heads/main/datasets/df_2024_proportional/batch_0002/images/bcf4a07f60a07e3a7dbf9571cdebe50c87744e4c.jpg,True,downloaded,
0d91559453cb998b803514836a36ca9f0b111912,c91047261bdc6a2c106cc0ff9327d21dd5a6c3f9,-15.816457500378208,-48.05993499982569,-15.81645468194555,-48.05991645907424,2024-09,2024,XkYEY6YoyS5hl4g42FdqRA,250.82471590527646,© Google,OK,4_5,172181.9566860119,8248979.3749446785,ab743a3d68dbfc7d39ab3a9aceab10eefa0cfb7f,cardinal,4,3,270_deg_west,cardinal,270,0,90,640,640,2,batch_0002,52,datasets/df_2024_proportional/batch_0002/images/ab743a3d68dbfc7d39ab3a9aceab10eefa0cfb7f.jpg,https://raw.githubusercontent.com/GUIA-DD/dataset-streetview/refs/heads/main/datasets/df_2024_proportional/batch_0002/images/ab743a3d68dbfc7d39ab3a9aceab10eefa0cfb7f.jpg,True,downloaded,
0e09d4feb1c9a996db8f4ef4a599312342df458a,708cbe4f82799f78960d050d4b5e5084f8aee628,-15.577292808279584,-47.48583325999561,-15.57728975904294,-47.48578737757794,2024-11,2024,D1A0qqTZioRCImINOPVtzg,76.91458301599033,© Google,OK,16_10,233412.77489750768,8276267.544547699,6adca878f249b7a34c5b5b08e79eb0c42043249f,cardinal,4,0,0_deg_north,cardinal,0,0,90,640,640,2,batch_0002,53,datasets/df_2024_proportional/batch_0002/images/6adca878f249b7a34c5b5b08e79eb0c42043249f.jpg,https://raw.githubusercontent.com/GUIA-DD/dataset-streetview/refs/heads/main/datasets/df_2024_proportional/batch_0002/images/6adca878f249b7a34c5b5b08e79eb0c42043249f.jpg,True,downloaded,
0e09d4feb1c9a996db8f4ef4a599312342df458a,708cbe4f82799f78960d050d4b5e5084f8aee628,-15.577292808279584,-47.48583325999561,-15.57728975904294,-47.48578737757794,2024-11,2024,D1A0qqTZioRCImINOPVtzg,76.91458301599033,© Google,OK,16_10,233412.77489750768,8276267.544547699,75c13c012f2bfecc9655b5b1a9120b4a864be637,cardinal,4,1,90_deg_east,cardinal,90,0,90,640,640,2,batch_0002,54,datasets/df_2024_proportional/batch_0002/images/75c13c012f2bfecc9655b5b1a9120b4a864be637.jpg,https://raw.githubusercontent.com/GUIA-DD/dataset-streetview/refs/heads/main/datasets/df_2024_proportional/batch_0002/images/75c13c012f2bfecc9655b5b1a9120b4a864be637.jpg,True,downloaded,
0e09d4feb1c9a996db8f4ef4a599312342df458a,708cbe4f82799f78960d050d4b5e5084f8aee628,-15.577292808279584,-47.48583325999561,-15.57728975904294,-47.48578737757794,2024-11,2024,D1A0qqTZioRCImINOPVtzg,76.91458301599033,© Google,OK,16_10,233412.77489750768,8276267.544547699,3b98b5be89e670d8a61f4d4032d64659cba40a68,cardinal,4,2,180_deg_south,cardinal,180,0,90,640,640,2,batch_0002,55,datasets/df_2024_proportional/batch_0002/images/3b98b5be89e670d8a61f4d4032d64659cba40a68.jpg,https://raw.githubusercontent.com/GUIA-DD/dataset-streetview/refs/heads/main/datasets/df_2024_proportional/batch_0002/images/3b98b5be89e670d8a61f4d4032d64659cba40a68.jpg,True,downloaded,
0e09d4feb1c9a996db8f4ef4a599312342df458a,708cbe4f82799f78960d050d4b5e5084f8aee628,-15.577292808279584,-47.48583325999561,-15.57728975904294,-47.48578737757794,2024-11,2024,D1A0qqTZioRCImINOPVtzg,76.91458301599033,© Google,OK,16_10,233412.77489750768,8276267.544547699,38693348a491e88fec869acd85be8e698ffee7cd,cardinal,4,3,270_deg_west,cardinal,270,0,90,640,640,2,batch_0002,56,datasets/df_2024_proportional/batch_0002/images/38693348a491e88fec869acd85be8e698ffee7cd.jpg,https://raw.githubusercontent.com/GUIA-DD/dataset-streetview/refs/heads/main/datasets/df_2024_proportional/batch_0002/images/38693348a491e88fec869acd85be8e698ffee7cd.jpg,True,downloaded,
0e0dd9b44c84e642afb74293b385738229671dcc,b860fcf08af42d44b816804dae3bd4517e8acd84,-15.612109300021089,-47.64291260000502,-15.61214677812985,-47.64293138733857,2025-07,2025,ESnbGn4HFaYETkRiBne12w,91.24392970203253,© Google,OK,13_9,216605.0186446257,8272210.227298139,bba728f69316f27766bef048adbe7375fb7433f9,cardinal,4,0,0_deg_north,cardinal,0,0,90,640,640,2,batch_0002,57,datasets/df_2024_proportional/batch_0002/images/bba728f69316f27766bef048adbe7375fb7433f9.jpg,https://raw.githubusercontent.com/GUIA-DD/dataset-streetview/refs/heads/main/datasets/df_2024_proportional/batch_0002/images/bba728f69316f27766bef048adbe7375fb7433f9.jpg,True,downloaded,
0e0dd9b44c84e642afb74293b385738229671dcc,b860fcf08af42d44b816804dae3bd4517e8acd84,-15.612109300021089,-47.64291260000502,-15.61214677812985,-47.64293138733857,2025-07,2025,ESnbGn4HFaYETkRiBne12w,91.24392970203253,© Google,OK,13_9,216605.0186446257,8272210.227298139,4df5d2a8ee04f0b9820f322e0c879cc16bd38427,cardinal,4,1,90_deg_east,cardinal,90,0,90,640,640,2,batch_0002,58,datasets/df_2024_proportional/batch_0002/images/4df5d2a8ee04f0b9820f322e0c879cc16bd38427.jpg,https://raw.githubusercontent.com/GUIA-DD/dataset-streetview/refs/heads/main/datasets/df_2024_proportional/batch_0002/images/4df5d2a8ee04f0b9820f322e0c879cc16bd38427.jpg,True,downloaded,
0e0dd9b44c84e642afb74293b385738229671dcc,b860fcf08af42d44b816804dae3bd4517e8acd84,-15.612109300021089,-47.64291260000502,-15.61214677812985,-47.64293138733857,2025-07,2025,ESnbGn4HFaYETkRiBne12w,91.24392970203253,© Google,OK,13_9,216605.0186446257,8272210.227298139,71612d040c6d7f158ca38b5f191b55a5686828e7,cardinal,4,2,180_deg_south,cardinal,180,0,90,640,640,2,batch_0002,59,datasets/df_2024_proportional/batch_0002/images/71612d040c6d7f158ca38b5f191b55a5686828e7.jpg,https://raw.githubusercontent.com/GUIA-DD/dataset-streetview/refs/heads/main/datasets/df_2024_proportional/batch_0002/images/71612d040c6d7f158ca38b5f191b55a5686828e7.jpg,True,downloaded,
0e0dd9b44c84e642afb74293b385738229671dcc,b860fcf08af42d44b816804dae3bd4517e8acd84,-15.612109300021089,-47.64291260000502,-15.61214677812985,-47.64293138733857,2025-07,2025,ESnbGn4HFaYETkRiBne12w,91.24392970203253,© Google,OK,13_9,216605.0186446257,8272210.227298139,2b63de416e2f6dff1105a694b15f25704437c262,cardinal,4,3,270_deg_west,cardinal,270,0,90,640,640,2,batch_0002,60,datasets/df_2024_proportional/batch_0002/images/2b63de416e2f6dff1105a694b15f25704437c262.jpg,https://raw.githubusercontent.com/GUIA-DD/dataset-streetview/refs/heads/main/datasets/df_2024_proportional/batch_0002/images/2b63de416e2f6dff1105a694b15f25704437c262.jpg,True,downloaded,
0f960606002f11aa1439aa7c776a0e022c307ac0,f8d108c9b86ba9d98e0219cb4d1ad1fe5b1142fe,-15.688219956463211,-47.35781175097641,-15.68823694262571,-47.35779143512253,2025-07,2025,LN-4EimTap8v8CulG5bstw,269.4905477796458,© Google,OK,19_8,247285.2337669498,8264144.882492403,6e353e1ab952da094158cc44ba595d6ac97992c2,cardinal,4,0,0_deg_north,cardinal,0,0,90,640,640,2,batch_0002,61,datasets/df_2024_proportional/batch_0002/images/6e353e1ab952da094158cc44ba595d6ac97992c2.jpg,https://raw.githubusercontent.com/GUIA-DD/dataset-streetview/refs/heads/main/datasets/df_2024_proportional/batch_0002/images/6e353e1ab952da094158cc44ba595d6ac97992c2.jpg,True,downloaded,
0f960606002f11aa1439aa7c776a0e022c307ac0,f8d108c9b86ba9d98e0219cb4d1ad1fe5b1142fe,-15.688219956463211,-47.35781175097641,-15.68823694262571,-47.35779143512253,2025-07,2025,LN-4EimTap8v8CulG5bstw,269.4905477796458,© Google,OK,19_8,247285.2337669498,8264144.882492403,efe97d5e4eeb892652b5457e9d8fa35e3928f1ec,cardinal,4,1,90_deg_east,cardinal,90,0,90,640,640,2,batch_0002,62,datasets/df_2024_proportional/batch_0002/images/efe97d5e4eeb892652b5457e9d8fa35e3928f1ec.jpg,https://raw.githubusercontent.com/GUIA-DD/dataset-streetview/refs/heads/main/datasets/df_2024_proportional/batch_0002/images/efe97d5e4eeb892652b5457e9d8fa35e3928f1ec.jpg,True,downloaded,
0f960606002f11aa1439aa7c776a0e022c307ac0,f8d108c9b86ba9d98e0219cb4d1ad1fe5b1142fe,-15.688219956463211,-47.35781175097641,-15.68823694262571,-47.35779143512253,2025-07,2025,LN-4EimTap8v8CulG5bstw,269.4905477796458,© Google,OK,19_8,247285.2337669498,8264144.882492403,8b53736bd46b7680d6fa06c0252bfc7eb179b55a,cardinal,4,2,180_deg_south,cardinal,180,0,90,640,640,2,batch_0002,63,datasets/df_2024_proportional/batch_0002/images/8b53736bd46b7680d6fa06c0252bfc7eb179b55a.jpg,https://raw.githubusercontent.com/GUIA-DD/dataset-streetview/refs/heads/main/datasets/df_2024_proportional/batch_0002/images/8b53736bd46b7680d6fa06c0252bfc7eb179b55a.jpg,True,downloaded,
0f960606002f11aa1439aa7c776a0e022c307ac0,f8d108c9b86ba9d98e0219cb4d1ad1fe5b1142fe,-15.688219956463211,-47.35781175097641,-15.68823694262571,-47.35779143512253,2025-07,2025,LN-4EimTap8v8CulG5bstw,269.4905477796458,© Google,OK,19_8,247285.2337669498,8264144.882492403,e61a552005d4abf60608b5b34e6c1810875cf6a1,cardinal,4,3,270_deg_west,cardinal,270,0,90,640,640,2,batch_0002,64,datasets/df_2024_proportional/batch_0002/images/e61a552005d4abf60608b5b34e6c1810875cf6a1.jpg,https://raw.githubusercontent.com/GUIA-DD/dataset-streetview/refs/heads/main/datasets/df_2024_proportional/batch_0002/images/e61a552005d4abf60608b5b34e6c1810875cf6a1.jpg,True,downloaded,
107e48c6475630eac515a5fa6fd808fdb2301186,2a28ca0c9ff1cb7b632d2191b58236f7acd6e1f2,-15.78733475012647,-47.989184150089926,-15.7873370777939,-47.98919386937682,2025-07,2025,rTGVdLKgJTPro1_BkSHVrw,282.23296735450424,© Google,OK,6_5,179721.76930932104,8252313.719355022,151c656d1e7df15dffeed7dbd4699fac56e15954,cardinal,4,0,0_deg_north,cardinal,0,0,90,640,640,2,batch_0002,65,datasets/df_2024_proportional/batch_0002/images/151c656d1e7df15dffeed7dbd4699fac56e15954.jpg,https://raw.githubusercontent.com/GUIA-DD/dataset-streetview/refs/heads/main/datasets/df_2024_proportional/batch_0002/images/151c656d1e7df15dffeed7dbd4699fac56e15954.jpg,True,downloaded,
107e48c6475630eac515a5fa6fd808fdb2301186,2a28ca0c9ff1cb7b632d2191b58236f7acd6e1f2,-15.78733475012647,-47.989184150089926,-15.7873370777939,-47.98919386937682,2025-07,2025,rTGVdLKgJTPro1_BkSHVrw,282.23296735450424,© Google,OK,6_5,179721.76930932104,8252313.719355022,ecc375880e1d4e04de969b7b579688be64a82dda,cardinal,4,1,90_deg_east,cardinal,90,0,90,640,640,2,batch_0002,66,datasets/df_2024_proportional/batch_0002/images/ecc375880e1d4e04de969b7b579688be64a82dda.jpg,https://raw.githubusercontent.com/GUIA-DD/dataset-streetview/refs/heads/main/datasets/df_2024_proportional/batch_0002/images/ecc375880e1d4e04de969b7b579688be64a82dda.jpg,True,downloaded,
107e48c6475630eac515a5fa6fd808fdb2301186,2a28ca0c9ff1cb7b632d2191b58236f7acd6e1f2,-15.78733475012647,-47.989184150089926,-15.7873370777939,-47.98919386937682,2025-07,2025,rTGVdLKgJTPro1_BkSHVrw,282.23296735450424,© Google,OK,6_5,179721.76930932104,8252313.719355022,fa685fae51e00da27473f75f8c6a14ad523d1922,cardinal,4,2,180_deg_south,cardinal,180,0,90,640,640,2,batch_0002,67,datasets/df_2024_proportional/batch_0002/images/fa685fae51e00da27473f75f8c6a14ad523d1922.jpg,https://raw.githubusercontent.com/GUIA-DD/dataset-streetview/refs/heads/main/datasets/df_2024_proportional/batch_0002/images/fa685fae51e00da27473f75f8c6a14ad523d1922.jpg,True,downloaded,
107e48c6475630eac515a5fa6fd808fdb2301186,2a28ca0c9ff1cb7b632d2191b58236f7acd6e1f2,-15.78733475012647,-47.989184150089926,-15.7873370777939,-47.98919386937682,2025-07,2025,rTGVdLKgJTPro1_BkSHVrw,282.23296735450424,© Google,OK,6_5,179721.76930932104,8252313.719355022,5969af481f9c832517043acfa72dc1d3b14c636c,cardinal,4,3,270_deg_west,cardinal,270,0,90,640,640,2,batch_0002,68,datasets/df_2024_proportional/batch_0002/images/5969af481f9c832517043acfa72dc1d3b14c636c.jpg,https://raw.githubusercontent.com/GUIA-DD/dataset-streetview/refs/heads/main/datasets/df_2024_proportional/batch_0002/images/5969af481f9c832517043acfa72dc1d3b14c636c.jpg,True,downloaded,
108c94852090d2bbbc294cbe694d8002d7aaa2f3,0273cd650f2ccb4d00293e8948f0c86987db3e4f,-15.823048150000155,-48.09015825002195,-15.82304786412936,-48.09016889953097,2024-07,2024,jJ5Brb4r1f-fBSTCKE_b-w,340.8784351288387,© Google,OK,4_5,168952.13152559492,8248202.0070909355,fcc14dee9ea89462cc2a940ec0ae9b5792ae3464,cardinal,4,0,0_deg_north,cardinal,0,0,90,640,640,2,batch_0002,69,datasets/df_2024_proportional/batch_0002/images/fcc14dee9ea89462cc2a940ec0ae9b5792ae3464.jpg,https://raw.githubusercontent.com/GUIA-DD/dataset-streetview/refs/heads/main/datasets/df_2024_proportional/batch_0002/images/fcc14dee9ea89462cc2a940ec0ae9b5792ae3464.jpg,True,downloaded,
108c94852090d2bbbc294cbe694d8002d7aaa2f3,0273cd650f2ccb4d00293e8948f0c86987db3e4f,-15.823048150000155,-48.09015825002195,-15.82304786412936,-48.09016889953097,2024-07,2024,jJ5Brb4r1f-fBSTCKE_b-w,340.8784351288387,© Google,OK,4_5,168952.13152559492,8248202.0070909355,db00f9dc89111a14ea2594cfa621b33940424372,cardinal,4,1,90_deg_east,cardinal,90,0,90,640,640,2,batch_0002,70,datasets/df_2024_proportional/batch_0002/images/db00f9dc89111a14ea2594cfa621b33940424372.jpg,https://raw.githubusercontent.com/GUIA-DD/dataset-streetview/refs/heads/main/datasets/df_2024_proportional/batch_0002/images/db00f9dc89111a14ea2594cfa621b33940424372.jpg,True,downloaded,
108c94852090d2bbbc294cbe694d8002d7aaa2f3,0273cd650f2ccb4d00293e8948f0c86987db3e4f,-15.823048150000155,-48.09015825002195,-15.82304786412936,-48.09016889953097,2024-07,2024,jJ5Brb4r1f-fBSTCKE_b-w,340.8784351288387,© Google,OK,4_5,168952.13152559492,8248202.0070909355,8126d82a6fe83e7172c714e3f64a3f9ca9153cc7,cardinal,4,2,180_deg_south,cardinal,180,0,90,640,640,2,batch_0002,71,datasets/df_2024_proportional/batch_0002/images/8126d82a6fe83e7172c714e3f64a3f9ca9153cc7.jpg,https://raw.githubusercontent.com/GUIA-DD/dataset-streetview/refs/heads/main/datasets/df_2024_proportional/batch_0002/images/8126d82a6fe83e7172c714e3f64a3f9ca9153cc7.jpg,True,downloaded,
108c94852090d2bbbc294cbe694d8002d7aaa2f3,0273cd650f2ccb4d00293e8948f0c86987db3e4f,-15.823048150000155,-48.09015825002195,-15.82304786412936,-48.09016889953097,2024-07,2024,jJ5Brb4r1f-fBSTCKE_b-w,340.8784351288387,© Google,OK,4_5,168952.13152559492,8248202.0070909355,9f38e5d47815074d80096143047473b2f8de559d,cardinal,4,3,270_deg_west,cardinal,270,0,90,640,640,2,batch_0002,72,datasets/df_2024_proportional/batch_0002/images/9f38e5d47815074d80096143047473b2f8de559d.jpg,https://raw.githubusercontent.com/GUIA-DD/dataset-streetview/refs/heads/main/datasets/df_2024_proportional/batch_0002/images/9f38e5d47815074d80096143047473b2f8de559d.jpg,True,downloaded,
10e82118f3e48c801c4e699d81fb3cdef51d67b9,0aab7167dd22354bee00656e9c2f78449c9079da,-15.63329180002075,-47.84240679995505,-15.63330082412699,-47.84243216789721,2024-08,2024,Q0YPtk8mZyoxnEjFx79Wog,32.50023270285812,© Google,OK,9_9,195230.3736238753,8269588.756684449,b0ecfdf5bac0a567f494971a7c1eb287a1965084,cardinal,4,0,0_deg_north,cardinal,0,0,90,640,640,2,batch_0002,73,datasets/df_2024_proportional/batch_0002/images/b0ecfdf5bac0a567f494971a7c1eb287a1965084.jpg,https://raw.githubusercontent.com/GUIA-DD/dataset-streetview/refs/heads/main/datasets/df_2024_proportional/batch_0002/images/b0ecfdf5bac0a567f494971a7c1eb287a1965084.jpg,True,downloaded,
10e82118f3e48c801c4e699d81fb3cdef51d67b9,0aab7167dd22354bee00656e9c2f78449c9079da,-15.63329180002075,-47.84240679995505,-15.63330082412699,-47.84243216789721,2024-08,2024,Q0YPtk8mZyoxnEjFx79Wog,32.50023270285812,© Google,OK,9_9,195230.3736238753,8269588.756684449,8485b7eb1034b69833442e005384a249cbef72a0,cardinal,4,1,90_deg_east,cardinal,90,0,90,640,640,2,batch_0002,74,datasets/df_2024_proportional/batch_0002/images/8485b7eb1034b69833442e005384a249cbef72a0.jpg,https://raw.githubusercontent.com/GUIA-DD/dataset-streetview/refs/heads/main/datasets/df_2024_proportional/batch_0002/images/8485b7eb1034b69833442e005384a249cbef72a0.jpg,True,downloaded,
10e82118f3e48c801c4e699d81fb3cdef51d67b9,0aab7167dd22354bee00656e9c2f78449c9079da,-15.63329180002075,-47.84240679995505,-15.63330082412699,-47.84243216789721,2024-08,2024,Q0YPtk8mZyoxnEjFx79Wog,32.50023270285812,© Google,OK,9_9,195230.3736238753,8269588.756684449,9a44cd3afb48079abb2693b3cd9712e039355c4f,cardinal,4,2,180_deg_south,cardinal,180,0,90,640,640,2,batch_0002,75,datasets/df_2024_proportional/batch_0002/images/9a44cd3afb48079abb2693b3cd9712e039355c4f.jpg,https://raw.githubusercontent.com/GUIA-DD/dataset-streetview/refs/heads/main/datasets/df_2024_proportional/batch_0002/images/9a44cd3afb48079abb2693b3cd9712e039355c4f.jpg,True,downloaded,
10e82118f3e48c801c4e699d81fb3cdef51d67b9,0aab7167dd22354bee00656e9c2f78449c9079da,-15.63329180002075,-47.84240679995505,-15.63330082412699,-47.84243216789721,2024-08,2024,Q0YPtk8mZyoxnEjFx79Wog,32.50023270285812,© Google,OK,9_9,195230.3736238753,8269588.756684449,0d3c7df453ae7255ccf1dad23501b7aa20aa491a,cardinal,4,3,270_deg_west,cardinal,270,0,90,640,640,2,batch_0002,76,datasets/df_2024_proportional/batch_0002/images/0d3c7df453ae7255ccf1dad23501b7aa20aa491a.jpg,https://raw.githubusercontent.com/GUIA-DD/dataset-streetview/refs/heads/main/datasets/df_2024_proportional/batch_0002/images/0d3c7df453ae7255ccf1dad23501b7aa20aa491a.jpg,True,downloaded,
1151f53ea462e8b2d30305535b22a1eeef4a5d1b,49ef98e5e07b89ddfe81634381118185475d726d,-15.742860050000862,-47.91198439999775,-15.74287879413993,-47.91198315475992,2024-05,2024,irsVp0eaqZPy2_rcOCx4Wg,26.369018763631026,© Google,OK,7_6,187931.51893623694,8257354.695671771,df3c705bf3bb80c2a61b1d42afbcc047d4ccea74,cardinal,4,0,0_deg_north,cardinal,0,0,90,640,640,2,batch_0002,77,datasets/df_2024_proportional/batch_0002/images/df3c705bf3bb80c2a61b1d42afbcc047d4ccea74.jpg,https://raw.githubusercontent.com/GUIA-DD/dataset-streetview/refs/heads/main/datasets/df_2024_proportional/batch_0002/images/df3c705bf3bb80c2a61b1d42afbcc047d4ccea74.jpg,True,downloaded,
1151f53ea462e8b2d30305535b22a1eeef4a5d1b,49ef98e5e07b89ddfe81634381118185475d726d,-15.742860050000862,-47.91198439999775,-15.74287879413993,-47.91198315475992,2024-05,2024,irsVp0eaqZPy2_rcOCx4Wg,26.369018763631026,© Google,OK,7_6,187931.51893623694,8257354.695671771,d5bb320e78816d4cc5775dd05affe50da1863665,cardinal,4,1,90_deg_east,cardinal,90,0,90,640,640,2,batch_0002,78,datasets/df_2024_proportional/batch_0002/images/d5bb320e78816d4cc5775dd05affe50da1863665.jpg,https://raw.githubusercontent.com/GUIA-DD/dataset-streetview/refs/heads/main/datasets/df_2024_proportional/batch_0002/images/d5bb320e78816d4cc5775dd05affe50da1863665.jpg,True,downloaded,
1151f53ea462e8b2d30305535b22a1eeef4a5d1b,49ef98e5e07b89ddfe81634381118185475d726d,-15.742860050000862,-47.91198439999775,-15.74287879413993,-47.91198315475992,2024-05,2024,irsVp0eaqZPy2_rcOCx4Wg,26.369018763631026,© Google,OK,7_6,187931.51893623694,8257354.695671771,d98cceebc2724730980fd86626ee9d406d841b4b,cardinal,4,2,180_deg_south,cardinal,180,0,90,640,640,2,batch_0002,79,datasets/df_2024_proportional/batch_0002/images/d98cceebc2724730980fd86626ee9d406d841b4b.jpg,https://raw.githubusercontent.com/GUIA-DD/dataset-streetview/refs/heads/main/datasets/df_2024_proportional/batch_0002/images/d98cceebc2724730980fd86626ee9d406d841b4b.jpg,True,downloaded,
1151f53ea462e8b2d30305535b22a1eeef4a5d1b,49ef98e5e07b89ddfe81634381118185475d726d,-15.742860050000862,-47.91198439999775,-15.74287879413993,-47.91198315475992,2024-05,2024,irsVp0eaqZPy2_rcOCx4Wg,26.369018763631026,© Google,OK,7_6,187931.51893623694,8257354.695671771,dcafe37113a424c2166b38dfa408c5d070afbf67,cardinal,4,3,270_deg_west,cardinal,270,0,90,640,640,2,batch_0002,80,datasets/df_2024_proportional/batch_0002/images/dcafe37113a424c2166b38dfa408c5d070afbf67.jpg,https://raw.githubusercontent.com/GUIA-DD/dataset-streetview/refs/heads/main/datasets/df_2024_proportional/batch_0002/images/dcafe37113a424c2166b38dfa408c5d070afbf67.jpg,True,downloaded,
12c90e7e717fdef6053bae4409db0502887954b0,d23a220f96434e5c8e0299d2cd375cf9a73e3bf5,-15.790350543330852,-48.13234728815062,-15.79033898722092,-48.1323622824164,2026-01,2026,hAV-5jpZrPUH3Ju2l10yeQ,339.2949274163548,© Google,OK,3_5,164374.61145840437,8251756.363875231,578af256e57279c18fff7f599e6f6b31b235c64d,cardinal,4,0,0_deg_north,cardinal,0,0,90,640,640,2,batch_0002,81,datasets/df_2024_proportional/batch_0002/images/578af256e57279c18fff7f599e6f6b31b235c64d.jpg,https://raw.githubusercontent.com/GUIA-DD/dataset-streetview/refs/heads/main/datasets/df_2024_proportional/batch_0002/images/578af256e57279c18fff7f599e6f6b31b235c64d.jpg,True,downloaded,
12c90e7e717fdef6053bae4409db0502887954b0,d23a220f96434e5c8e0299d2cd375cf9a73e3bf5,-15.790350543330852,-48.13234728815062,-15.79033898722092,-48.1323622824164,2026-01,2026,hAV-5jpZrPUH3Ju2l10yeQ,339.2949274163548,© Google,OK,3_5,164374.61145840437,8251756.363875231,8aacdaa9e3bb6f32fb343866791385bdedd6682d,cardinal,4,1,90_deg_east,cardinal,90,0,90,640,640,2,batch_0002,82,datasets/df_2024_proportional/batch_0002/images/8aacdaa9e3bb6f32fb343866791385bdedd6682d.jpg,https://raw.githubusercontent.com/GUIA-DD/dataset-streetview/refs/heads/main/datasets/df_2024_proportional/batch_0002/images/8aacdaa9e3bb6f32fb343866791385bdedd6682d.jpg,True,downloaded,
12c90e7e717fdef6053bae4409db0502887954b0,d23a220f96434e5c8e0299d2cd375cf9a73e3bf5,-15.790350543330852,-48.13234728815062,-15.79033898722092,-48.1323622824164,2026-01,2026,hAV-5jpZrPUH3Ju2l10yeQ,339.2949274163548,© Google,OK,3_5,164374.61145840437,8251756.363875231,db0687c5f63476d2f2379b8817546094377dc488,cardinal,4,2,180_deg_south,cardinal,180,0,90,640,640,2,batch_0002,83,datasets/df_2024_proportional/batch_0002/images/db0687c5f63476d2f2379b8817546094377dc488.jpg,https://raw.githubusercontent.com/GUIA-DD/dataset-streetview/refs/heads/main/datasets/df_2024_proportional/batch_0002/images/db0687c5f63476d2f2379b8817546094377dc488.jpg,True,downloaded,
12c90e7e717fdef6053bae4409db0502887954b0,d23a220f96434e5c8e0299d2cd375cf9a73e3bf5,-15.790350543330852,-48.13234728815062,-15.79033898722092,-48.1323622824164,2026-01,2026,hAV-5jpZrPUH3Ju2l10yeQ,339.2949274163548,© Google,OK,3_5,164374.61145840437,8251756.363875231,3f1a51eb60be1be860369ac1a13e0be7f593ec63,cardinal,4,3,270_deg_west,cardinal,270,0,90,640,640,2,batch_0002,84,datasets/df_2024_proportional/batch_0002/images/3f1a51eb60be1be860369ac1a13e0be7f593ec63.jpg,https://raw.githubusercontent.com/GUIA-DD/dataset-streetview/refs/heads/main/datasets/df_2024_proportional/batch_0002/images/3f1a51eb60be1be860369ac1a13e0be7f593ec63.jpg,True,downloaded,
12cf5955f2ab67570d6a39d9d08eaaf2f8e0d862,91e5f83ca517a6f2f6b1449ee62264fd774c6425,-15.861651650016153,-48.07959369998875,-15.86161232375848,-48.07955792850121,2025-06,2025,lLFHdvdtnwIAO9STWDeAFQ,64.1254310386933,© Google,OK,4_4,170147.6389789041,8243943.321991265,5f6c3fd8e2d56a763110b7f2882f2d4af8c4d73b,cardinal,4,0,0_deg_north,cardinal,0,0,90,640,640,2,batch_0002,85,datasets/df_2024_proportional/batch_0002/images/5f6c3fd8e2d56a763110b7f2882f2d4af8c4d73b.jpg,https://raw.githubusercontent.com/GUIA-DD/dataset-streetview/refs/heads/main/datasets/df_2024_proportional/batch_0002/images/5f6c3fd8e2d56a763110b7f2882f2d4af8c4d73b.jpg,True,downloaded,
12cf5955f2ab67570d6a39d9d08eaaf2f8e0d862,91e5f83ca517a6f2f6b1449ee62264fd774c6425,-15.861651650016153,-48.07959369998875,-15.86161232375848,-48.07955792850121,2025-06,2025,lLFHdvdtnwIAO9STWDeAFQ,64.1254310386933,© Google,OK,4_4,170147.6389789041,8243943.321991265,085ae518fa7855cd4087b0b54e1db53560894339,cardinal,4,1,90_deg_east,cardinal,90,0,90,640,640,2,batch_0002,86,datasets/df_2024_proportional/batch_0002/images/085ae518fa7855cd4087b0b54e1db53560894339.jpg,https://raw.githubusercontent.com/GUIA-DD/dataset-streetview/refs/heads/main/datasets/df_2024_proportional/batch_0002/images/085ae518fa7855cd4087b0b54e1db53560894339.jpg,True,downloaded,
12cf5955f2ab67570d6a39d9d08eaaf2f8e0d862,91e5f83ca517a6f2f6b1449ee62264fd774c6425,-15.861651650016153,-48.07959369998875,-15.86161232375848,-48.07955792850121,2025-06,2025,lLFHdvdtnwIAO9STWDeAFQ,64.1254310386933,© Google,OK,4_4,170147.6389789041,8243943.321991265,5b2be4fc2985af0d6047cde23019e74663bd5d92,cardinal,4,2,180_deg_south,cardinal,180,0,90,640,640,2,batch_0002,87,datasets/df_2024_proportional/batch_0002/images/5b2be4fc2985af0d6047cde23019e74663bd5d92.jpg,https://raw.githubusercontent.com/GUIA-DD/dataset-streetview/refs/heads/main/datasets/df_2024_proportional/batch_0002/images/5b2be4fc2985af0d6047cde23019e74663bd5d92.jpg,True,downloaded,
12cf5955f2ab67570d6a39d9d08eaaf2f8e0d862,91e5f83ca517a6f2f6b1449ee62264fd774c6425,-15.861651650016153,-48.07959369998875,-15.86161232375848,-48.07955792850121,2025-06,2025,lLFHdvdtnwIAO9STWDeAFQ,64.1254310386933,© Google,OK,4_4,170147.6389789041,8243943.321991265,4f19c4eadf9006a34e865f966719a3c705172897,cardinal,4,3,270_deg_west,cardinal,270,0,90,640,640,2,batch_0002,88,datasets/df_2024_proportional/batch_0002/images/4f19c4eadf9006a34e865f966719a3c705172897.jpg,https://raw.githubusercontent.com/GUIA-DD/dataset-streetview/refs/heads/main/datasets/df_2024_proportional/batch_0002/images/4f19c4eadf9006a34e865f966719a3c705172897.jpg,True,downloaded,
138ab24345e313ea4c8370bc6f3484d405171773,356460fa047abff63e44fc799ff9aa7a6cfe3409,-15.7791064999986,-48.13938740002458,-15.77913058763651,-48.13938590535297,2024-07,2024,g-icV7idONAF6j93vsq3hA,345.9758394305429,© Google,OK,2_6,163601.04848091942,8252990.439797199,be972f82f94d598293b875c7b8c168226457aa59,cardinal,4,0,0_deg_north,cardinal,0,0,90,640,640,2,batch_0002,89,datasets/df_2024_proportional/batch_0002/images/be972f82f94d598293b875c7b8c168226457aa59.jpg,https://raw.githubusercontent.com/GUIA-DD/dataset-streetview/refs/heads/main/datasets/df_2024_proportional/batch_0002/images/be972f82f94d598293b875c7b8c168226457aa59.jpg,True,downloaded,
138ab24345e313ea4c8370bc6f3484d405171773,356460fa047abff63e44fc799ff9aa7a6cfe3409,-15.7791064999986,-48.13938740002458,-15.77913058763651,-48.13938590535297,2024-07,2024,g-icV7idONAF6j93vsq3hA,345.9758394305429,© Google,OK,2_6,163601.04848091942,8252990.439797199,1f1a0a92fda2e2d8d9b272299a09d26055c2b164,cardinal,4,1,90_deg_east,cardinal,90,0,90,640,640,2,batch_0002,90,datasets/df_2024_proportional/batch_0002/images/1f1a0a92fda2e2d8d9b272299a09d26055c2b164.jpg,https://raw.githubusercontent.com/GUIA-DD/dataset-streetview/refs/heads/main/datasets/df_2024_proportional/batch_0002/images/1f1a0a92fda2e2d8d9b272299a09d26055c2b164.jpg,True,downloaded,
138ab24345e313ea4c8370bc6f3484d405171773,356460fa047abff63e44fc799ff9aa7a6cfe3409,-15.7791064999986,-48.13938740002458,-15.77913058763651,-48.13938590535297,2024-07,2024,g-icV7idONAF6j93vsq3hA,345.9758394305429,© Google,OK,2_6,163601.04848091942,8252990.439797199,fd316ab1b0be049c9243e211ff23f6f02cbffe6f,cardinal,4,2,180_deg_south,cardinal,180,0,90,640,640,2,batch_0002,91,datasets/df_2024_proportional/batch_0002/images/fd316ab1b0be049c9243e211ff23f6f02cbffe6f.jpg,https://raw.githubusercontent.com/GUIA-DD/dataset-streetview/refs/heads/main/datasets/df_2024_proportional/batch_0002/images/fd316ab1b0be049c9243e211ff23f6f02cbffe6f.jpg,True,downloaded,
138ab24345e313ea4c8370bc6f3484d405171773,356460fa047abff63e44fc799ff9aa7a6cfe3409,-15.7791064999986,-48.13938740002458,-15.77913058763651,-48.13938590535297,2024-07,2024,g-icV7idONAF6j93vsq3hA,345.9758394305429,© Google,OK,2_6,163601.04848091942,8252990.439797199,c81c1be814c0fcbb298c1604170c49f03984061a,cardinal,4,3,270_deg_west,cardinal,270,0,90,640,640,2,batch_0002,92,datasets/df_2024_proportional/batch_0002/images/c81c1be814c0fcbb298c1604170c49f03984061a.jpg,https://raw.githubusercontent.com/GUIA-DD/dataset-streetview/refs/heads/main/datasets/df_2024_proportional/batch_0002/images/c81c1be814c0fcbb298c1604170c49f03984061a.jpg,True,downloaded,
1628d61e722c822c6ce3e3bd76689ac199bab996,5c1514203ad832c519f22898c68e37f40adbce88,-15.895984700030713,-47.786347900078866,-15.89597179097129,-47.78638014851673,2025-01,2025,AOhcJQL2YhNUKJoHJaRWrg,130.5569168779447,© Google,OK,10_3,201629.87286542053,8240581.940264353,7d17e00eee3b7e82762143121c6ee2eda2bf5685,cardinal,4,0,0_deg_north,cardinal,0,0,90,640,640,2,batch_0002,93,datasets/df_2024_proportional/batch_0002/images/7d17e00eee3b7e82762143121c6ee2eda2bf5685.jpg,https://raw.githubusercontent.com/GUIA-DD/dataset-streetview/refs/heads/main/datasets/df_2024_proportional/batch_0002/images/7d17e00eee3b7e82762143121c6ee2eda2bf5685.jpg,True,downloaded,
1628d61e722c822c6ce3e3bd76689ac199bab996,5c1514203ad832c519f22898c68e37f40adbce88,-15.895984700030713,-47.786347900078866,-15.89597179097129,-47.78638014851673,2025-01,2025,AOhcJQL2YhNUKJoHJaRWrg,130.5569168779447,© Google,OK,10_3,201629.87286542053,8240581.940264353,edff143693bf8a833a470a50b13a4abe73aa4daa,cardinal,4,1,90_deg_east,cardinal,90,0,90,640,640,2,batch_0002,94,datasets/df_2024_proportional/batch_0002/images/edff143693bf8a833a470a50b13a4abe73aa4daa.jpg,https://raw.githubusercontent.com/GUIA-DD/dataset-streetview/refs/heads/main/datasets/df_2024_proportional/batch_0002/images/edff143693bf8a833a470a50b13a4abe73aa4daa.jpg,True,downloaded,
1628d61e722c822c6ce3e3bd76689ac199bab996,5c1514203ad832c519f22898c68e37f40adbce88,-15.895984700030713,-47.786347900078866,-15.89597179097129,-47.78638014851673,2025-01,2025,AOhcJQL2YhNUKJoHJaRWrg,130.5569168779447,© Google,OK,10_3,201629.87286542053,8240581.940264353,7c56d1e589f77392ac8ca7f86052e5c7d6e4637c,cardinal,4,2,180_deg_south,cardinal,180,0,90,640,640,2,batch_0002,95,datasets/df_2024_proportional/batch_0002/images/7c56d1e589f77392ac8ca7f86052e5c7d6e4637c.jpg,https://raw.githubusercontent.com/GUIA-DD/dataset-streetview/refs/heads/main/datasets/df_2024_proportional/batch_0002/images/7c56d1e589f77392ac8ca7f86052e5c7d6e4637c.jpg,True,downloaded,
1628d61e722c822c6ce3e3bd76689ac199bab996,5c1514203ad832c519f22898c68e37f40adbce88,-15.895984700030713,-47.786347900078866,-15.89597179097129,-47.78638014851673,2025-01,2025,AOhcJQL2YhNUKJoHJaRWrg,130.5569168779447,© Google,OK,10_3,201629.87286542053,8240581.940264353,276fff8539f3bda222776d5b7c218a6f60e46e93,cardinal,4,3,270_deg_west,cardinal,270,0,90,640,640,2,batch_0002,96,datasets/df_2024_proportional/batch_0002/images/276fff8539f3bda222776d5b7c218a6f60e46e93.jpg,https://raw.githubusercontent.com/GUIA-DD/dataset-streetview/refs/heads/main/datasets/df_2024_proportional/batch_0002/images/276fff8539f3bda222776d5b7c218a6f60e46e93.jpg,True,downloaded,
1648c87aaf5ec8a2b331fb823c7ea416963be5e9,00f37eeb6f4ced024f70758c013a30841c90f44a,-15.841805250048996,-48.111257350244195,-15.84180031699636,-48.11128840114425,2024-07,2024,SrpNpVIkDvgmCIAFjQfPFA,142.67218211387927,© Google,OK,3_4,166720.69849416296,8246091.194859436,ff4ef47417e072d3d0602776198e851169378632,cardinal,4,0,0_deg_north,cardinal,0,0,90,640,640,2,batch_0002,97,datasets/df_2024_proportional/batch_0002/images/ff4ef47417e072d3d0602776198e851169378632.jpg,https://raw.githubusercontent.com/GUIA-DD/dataset-streetview/refs/heads/main/datasets/df_2024_proportional/batch_0002/images/ff4ef47417e072d3d0602776198e851169378632.jpg,True,downloaded,
1648c87aaf5ec8a2b331fb823c7ea416963be5e9,00f37eeb6f4ced024f70758c013a30841c90f44a,-15.841805250048996,-48.111257350244195,-15.84180031699636,-48.11128840114425,2024-07,2024,SrpNpVIkDvgmCIAFjQfPFA,142.67218211387927,© Google,OK,3_4,166720.69849416296,8246091.194859436,a5f418895b27c038c3c74b93efcc8a9e0302c23c,cardinal,4,1,90_deg_east,cardinal,90,0,90,640,640,2,batch_0002,98,datasets/df_2024_proportional/batch_0002/images/a5f418895b27c038c3c74b93efcc8a9e0302c23c.jpg,https://raw.githubusercontent.com/GUIA-DD/dataset-streetview/refs/heads/main/datasets/df_2024_proportional/batch_0002/images/a5f418895b27c038c3c74b93efcc8a9e0302c23c.jpg,True,downloaded,
1648c87aaf5ec8a2b331fb823c7ea416963be5e9,00f37eeb6f4ced024f70758c013a30841c90f44a,-15.841805250048996,-48.111257350244195,-15.84180031699636,-48.11128840114425,2024-07,2024,SrpNpVIkDvgmCIAFjQfPFA,142.67218211387927,© Google,OK,3_4,166720.69849416296,8246091.194859436,5584ed7f9091b16146d2060099657205f1fa108b,cardinal,4,2,180_deg_south,cardinal,180,0,90,640,640,2,batch_0002,99,datasets/df_2024_proportional/batch_0002/images/5584ed7f9091b16146d2060099657205f1fa108b.jpg,https://raw.githubusercontent.com/GUIA-DD/dataset-streetview/refs/heads/main/datasets/df_2024_proportional/batch_0002/images/5584ed7f9091b16146d2060099657205f1fa108b.jpg,True,downloaded,
1648c87aaf5ec8a2b331fb823c7ea416963be5e9,00f37eeb6f4ced024f70758c013a30841c90f44a,-15.841805250048996,-48.111257350244195,-15.84180031699636,-48.11128840114425,2024-07,2024,SrpNpVIkDvgmCIAFjQfPFA,142.67218211387927,© Google,OK,3_4,166720.69849416296,8246091.194859436,3b99387e0be590eed0c6e7907ff916f4a7219f1c,cardinal,4,3,270_deg_west,cardinal,270,0,90,640,640,2,batch_0002,100,datasets/df_2024_proportional/batch_0002/images/3b99387e0be590eed0c6e7907ff916f4a7219f1c.jpg,https://raw.githubusercontent.com/GUIA-DD/dataset-streetview/refs/heads/main/datasets/df_2024_proportional/batch_0002/images/3b99387e0be590eed0c6e7907ff916f4a7219f1c.jpg,True,downloaded,
167d98d0c04ad3811a5ad1681b3b3ed64091b6c3,604406f82eb4c37059c3d1c140d7da18e51171a0,-15.916985750056714,-47.954252249736285,-15.91695612375559,-47.95425221025819,2024-12,2024,w229L47wSthjF3lYuqM9hw,10.526087473735151,© Google,OK,6_3,183669.83264358557,8238009.206803769,c623824b44696116581067835b8ca7687f1e1f18,cardinal,4,0,0_deg_north,cardinal,0,0,90,640,640,2,batch_0002,101,datasets/df_2024_proportional/batch_0002/images/c623824b44696116581067835b8ca7687f1e1f18.jpg,https://raw.githubusercontent.com/GUIA-DD/dataset-streetview/refs/heads/main/datasets/df_2024_proportional/batch_0002/images/c623824b44696116581067835b8ca7687f1e1f18.jpg,True,downloaded,
167d98d0c04ad3811a5ad1681b3b3ed64091b6c3,604406f82eb4c37059c3d1c140d7da18e51171a0,-15.916985750056714,-47.954252249736285,-15.91695612375559,-47.95425221025819,2024-12,2024,w229L47wSthjF3lYuqM9hw,10.526087473735151,© Google,OK,6_3,183669.83264358557,8238009.206803769,e9cc724f3319857686f3de5ba2da576f3ca4861b,cardinal,4,1,90_deg_east,cardinal,90,0,90,640,640,2,batch_0002,102,datasets/df_2024_proportional/batch_0002/images/e9cc724f3319857686f3de5ba2da576f3ca4861b.jpg,https://raw.githubusercontent.com/GUIA-DD/dataset-streetview/refs/heads/main/datasets/df_2024_proportional/batch_0002/images/e9cc724f3319857686f3de5ba2da576f3ca4861b.jpg,True,downloaded,
167d98d0c04ad3811a5ad1681b3b3ed64091b6c3,604406f82eb4c37059c3d1c140d7da18e51171a0,-15.916985750056714,-47.954252249736285,-15.91695612375559,-47.95425221025819,2024-12,2024,w229L47wSthjF3lYuqM9hw,10.526087473735151,© Google,OK,6_3,183669.83264358557,8238009.206803769,2be129cd14c39a6cefa4418bbec710d4d3926da7,cardinal,4,2,180_deg_south,cardinal,180,0,90,640,640,2,batch_0002,103,datasets/df_2024_proportional/batch_0002/images/2be129cd14c39a6cefa4418bbec710d4d3926da7.jpg,https://raw.githubusercontent.com/GUIA-DD/dataset-streetview/refs/heads/main/datasets/df_2024_proportional/batch_0002/images/2be129cd14c39a6cefa4418bbec710d4d3926da7.jpg,True,downloaded,
167d98d0c04ad3811a5ad1681b3b3ed64091b6c3,604406f82eb4c37059c3d1c140d7da18e51171a0,-15.916985750056714,-47.954252249736285,-15.91695612375559,-47.95425221025819,2024-12,2024,w229L47wSthjF3lYuqM9hw,10.526087473735151,© Google,OK,6_3,183669.83264358557,8238009.206803769,ba92726c9baed61f8edf69349140b8b35106ad4c,cardinal,4,3,270_deg_west,cardinal,270,0,90,640,640,2,batch_0002,104,datasets/df_2024_proportional/batch_0002/images/ba92726c9baed61f8edf69349140b8b35106ad4c.jpg,https://raw.githubusercontent.com/GUIA-DD/dataset-streetview/refs/heads/main/datasets/df_2024_proportional/batch_0002/images/ba92726c9baed61f8edf69349140b8b35106ad4c.jpg,True,downloaded,
1761f367d2f23d6731c558631f208a23afeeb187,714fd4627ce6e0fe91aeedd11d5ffc10b9e92c87,-15.81320502712784,-47.97821612528538,-15.81317256945242,-47.97818191002365,2024-06,2024,XSwCwWrmP3iwUANDZjTxzA,245.20825488652818,© Google,OK,6_5,180938.44083304508,8249465.506869114,67e8771cc0ca1b60ad0245160b61cfef49ef7533,cardinal,4,0,0_deg_north,cardinal,0,0,90,640,640,2,batch_0002,105,datasets/df_2024_proportional/batch_0002/images/67e8771cc0ca1b60ad0245160b61cfef49ef7533.jpg,https://raw.githubusercontent.com/GUIA-DD/dataset-streetview/refs/heads/main/datasets/df_2024_proportional/batch_0002/images/67e8771cc0ca1b60ad0245160b61cfef49ef7533.jpg,True,downloaded,
1761f367d2f23d6731c558631f208a23afeeb187,714fd4627ce6e0fe91aeedd11d5ffc10b9e92c87,-15.81320502712784,-47.97821612528538,-15.81317256945242,-47.97818191002365,2024-06,2024,XSwCwWrmP3iwUANDZjTxzA,245.20825488652818,© Google,OK,6_5,180938.44083304508,8249465.506869114,e55ac07c5365324e6f95ea75510882efbb04b311,cardinal,4,1,90_deg_east,cardinal,90,0,90,640,640,2,batch_0002,106,datasets/df_2024_proportional/batch_0002/images/e55ac07c5365324e6f95ea75510882efbb04b311.jpg,https://raw.githubusercontent.com/GUIA-DD/dataset-streetview/refs/heads/main/datasets/df_2024_proportional/batch_0002/images/e55ac07c5365324e6f95ea75510882efbb04b311.jpg,True,downloaded,
1761f367d2f23d6731c558631f208a23afeeb187,714fd4627ce6e0fe91aeedd11d5ffc10b9e92c87,-15.81320502712784,-47.97821612528538,-15.81317256945242,-47.97818191002365,2024-06,2024,XSwCwWrmP3iwUANDZjTxzA,245.20825488652818,© Google,OK,6_5,180938.44083304508,8249465.506869114,8f42f6713ee4c8420d385011abc9e69e5db1078a,cardinal,4,2,180_deg_south,cardinal,180,0,90,640,640,2,batch_0002,107,datasets/df_2024_proportional/batch_0002/images/8f42f6713ee4c8420d385011abc9e69e5db1078a.jpg,https://raw.githubusercontent.com/GUIA-DD/dataset-streetview/refs/heads/main/datasets/df_2024_proportional/batch_0002/images/8f42f6713ee4c8420d385011abc9e69e5db1078a.jpg,True,downloaded,
1761f367d2f23d6731c558631f208a23afeeb187,714fd4627ce6e0fe91aeedd11d5ffc10b9e92c87,-15.81320502712784,-47.97821612528538,-15.81317256945242,-47.97818191002365,2024-06,2024,XSwCwWrmP3iwUANDZjTxzA,245.20825488652818,© Google,OK,6_5,180938.44083304508,8249465.506869114,5c27cd21b8564b2043e38b53ce8e8ad72f432ba8,cardinal,4,3,270_deg_west,cardinal,270,0,90,640,640,2,batch_0002,108,datasets/df_2024_proportional/batch_0002/images/5c27cd21b8564b2043e38b53ce8e8ad72f432ba8.jpg,https://raw.githubusercontent.com/GUIA-DD/dataset-streetview/refs/heads/main/datasets/df_2024_proportional/batch_0002/images/5c27cd21b8564b2043e38b53ce8e8ad72f432ba8.jpg,True,downloaded,
19866b787a618d40c6a9ed4a64ae5a3852ca5262,e5efa844023ff8d847aac88d0a7195cdc8cd33f2,-15.84187435008457,-48.12885984990584,-15.84184594006015,-48.12882603486575,2026-01,2026,hL_U7TIOhW43sXpUv8lBZQ,52.88766687591146,© Google,OK,3_4,164833.62258134005,8246055.459789239,88f92d54966abc3650023443f735b0c205b36901,cardinal,4,0,0_deg_north,cardinal,0,0,90,640,640,2,batch_0002,109,datasets/df_2024_proportional/batch_0002/images/88f92d54966abc3650023443f735b0c205b36901.jpg,https://raw.githubusercontent.com/GUIA-DD/dataset-streetview/refs/heads/main/datasets/df_2024_proportional/batch_0002/images/88f92d54966abc3650023443f735b0c205b36901.jpg,True,downloaded,
19866b787a618d40c6a9ed4a64ae5a3852ca5262,e5efa844023ff8d847aac88d0a7195cdc8cd33f2,-15.84187435008457,-48.12885984990584,-15.84184594006015,-48.12882603486575,2026-01,2026,hL_U7TIOhW43sXpUv8lBZQ,52.88766687591146,© Google,OK,3_4,164833.62258134005,8246055.459789239,0d6d7a828ba2af9b78cf86e4bc5b6b1bfb54b5f3,cardinal,4,1,90_deg_east,cardinal,90,0,90,640,640,2,batch_0002,110,datasets/df_2024_proportional/batch_0002/images/0d6d7a828ba2af9b78cf86e4bc5b6b1bfb54b5f3.jpg,https://raw.githubusercontent.com/GUIA-DD/dataset-streetview/refs/heads/main/datasets/df_2024_proportional/batch_0002/images/0d6d7a828ba2af9b78cf86e4bc5b6b1bfb54b5f3.jpg,True,downloaded,
19866b787a618d40c6a9ed4a64ae5a3852ca5262,e5efa844023ff8d847aac88d0a7195cdc8cd33f2,-15.84187435008457,-48.12885984990584,-15.84184594006015,-48.12882603486575,2026-01,2026,hL_U7TIOhW43sXpUv8lBZQ,52.88766687591146,© Google,OK,3_4,164833.62258134005,8246055.459789239,ae58a7d67e3ac13a04bbe65c98baaca4237d0a02,cardinal,4,2,180_deg_south,cardinal,180,0,90,640,640,2,batch_0002,111,datasets/df_2024_proportional/batch_0002/images/ae58a7d67e3ac13a04bbe65c98baaca4237d0a02.jpg,https://raw.githubusercontent.com/GUIA-DD/dataset-streetview/refs/heads/main/datasets/df_2024_proportional/batch_0002/images/ae58a7d67e3ac13a04bbe65c98baaca4237d0a02.jpg,True,downloaded,
19866b787a618d40c6a9ed4a64ae5a3852ca5262,e5efa844023ff8d847aac88d0a7195cdc8cd33f2,-15.84187435008457,-48.12885984990584,-15.84184594006015,-48.12882603486575,2026-01,2026,hL_U7TIOhW43sXpUv8lBZQ,52.88766687591146,© Google,OK,3_4,164833.62258134005,8246055.459789239,c210a05544e153b6360d61806bea87564d6e9fd2,cardinal,4,3,270_deg_west,cardinal,270,0,90,640,640,2,batch_0002,112,datasets/df_2024_proportional/batch_0002/images/c210a05544e153b6360d61806bea87564d6e9fd2.jpg,https://raw.githubusercontent.com/GUIA-DD/dataset-streetview/refs/heads/main/datasets/df_2024_proportional/batch_0002/images/c210a05544e153b6360d61806bea87564d6e9fd2.jpg,True,downloaded,
199ec045de54ff49777e7ab99d2c27953335baaf,1d54f0cfc5c7385a3c4704be3e089eaf6b85279a,-15.871544649999704,-48.06725780005439,-15.87159001772675,-48.06725778404262,2024-06,2024,4_2WQJGhkoVoWh50aFshiA,162.3022720070857,© Google,OK,4_4,171486.06071457814,8242867.08940097,339bde72fe5b45a7dd26d61fceade4d095ad61b9,cardinal,4,0,0_deg_north,cardinal,0,0,90,640,640,2,batch_0002,113,datasets/df_2024_proportional/batch_0002/images/339bde72fe5b45a7dd26d61fceade4d095ad61b9.jpg,https://raw.githubusercontent.com/GUIA-DD/dataset-streetview/refs/heads/main/datasets/df_2024_proportional/batch_0002/images/339bde72fe5b45a7dd26d61fceade4d095ad61b9.jpg,True,downloaded,
199ec045de54ff49777e7ab99d2c27953335baaf,1d54f0cfc5c7385a3c4704be3e089eaf6b85279a,-15.871544649999704,-48.06725780005439,-15.87159001772675,-48.06725778404262,2024-06,2024,4_2WQJGhkoVoWh50aFshiA,162.3022720070857,© Google,OK,4_4,171486.06071457814,8242867.08940097,4adcaaa698f867d5152aa693cc345e1a662bd8dd,cardinal,4,1,90_deg_east,cardinal,90,0,90,640,640,2,batch_0002,114,datasets/df_2024_proportional/batch_0002/images/4adcaaa698f867d5152aa693cc345e1a662bd8dd.jpg,https://raw.githubusercontent.com/GUIA-DD/dataset-streetview/refs/heads/main/datasets/df_2024_proportional/batch_0002/images/4adcaaa698f867d5152aa693cc345e1a662bd8dd.jpg,True,downloaded,
199ec045de54ff49777e7ab99d2c27953335baaf,1d54f0cfc5c7385a3c4704be3e089eaf6b85279a,-15.871544649999704,-48.06725780005439,-15.87159001772675,-48.06725778404262,2024-06,2024,4_2WQJGhkoVoWh50aFshiA,162.3022720070857,© Google,OK,4_4,171486.06071457814,8242867.08940097,6b20a2f91b212af8e52328a8045cc5b2b294d013,cardinal,4,2,180_deg_south,cardinal,180,0,90,640,640,2,batch_0002,115,datasets/df_2024_proportional/batch_0002/images/6b20a2f91b212af8e52328a8045cc5b2b294d013.jpg,https://raw.githubusercontent.com/GUIA-DD/dataset-streetview/refs/heads/main/datasets/df_2024_proportional/batch_0002/images/6b20a2f91b212af8e52328a8045cc5b2b294d013.jpg,True,downloaded,
199ec045de54ff49777e7ab99d2c27953335baaf,1d54f0cfc5c7385a3c4704be3e089eaf6b85279a,-15.871544649999704,-48.06725780005439,-15.87159001772675,-48.06725778404262,2024-06,2024,4_2WQJGhkoVoWh50aFshiA,162.3022720070857,© Google,OK,4_4,171486.06071457814,8242867.08940097,8a712a310a662f746461a32c417199bc7f2ea784,cardinal,4,3,270_deg_west,cardinal,270,0,90,640,640,2,batch_0002,116,datasets/df_2024_proportional/batch_0002/images/8a712a310a662f746461a32c417199bc7f2ea784.jpg,https://raw.githubusercontent.com/GUIA-DD/dataset-streetview/refs/heads/main/datasets/df_2024_proportional/batch_0002/images/8a712a310a662f746461a32c417199bc7f2ea784.jpg,True,downloaded,
1a0a44a3a96b05ab11ecaabdd6c11d4a9b6711a8,ec43584832d3a287c5c62466a9b6a6decbd730a9,-15.799362680927851,-48.13590195324274,-15.79934981729913,-48.13588860614809,2026-02,2026,XZtEg6DCfwDIl4K1gGmQpw,158.79417532751376,© Google,OK,3_5,164008.2942648179,8250752.548741713,91671dc5bd32c7461662c410044f5d168aa8507f,cardinal,4,0,0_deg_north,cardinal,0,0,90,640,640,2,batch_0002,117,datasets/df_2024_proportional/batch_0002/images/91671dc5bd32c7461662c410044f5d168aa8507f.jpg,https://raw.githubusercontent.com/GUIA-DD/dataset-streetview/refs/heads/main/datasets/df_2024_proportional/batch_0002/images/91671dc5bd32c7461662c410044f5d168aa8507f.jpg,True,downloaded,
1a0a44a3a96b05ab11ecaabdd6c11d4a9b6711a8,ec43584832d3a287c5c62466a9b6a6decbd730a9,-15.799362680927851,-48.13590195324274,-15.79934981729913,-48.13588860614809,2026-02,2026,XZtEg6DCfwDIl4K1gGmQpw,158.79417532751376,© Google,OK,3_5,164008.2942648179,8250752.548741713,0da9c4a7cce6f7619118744e381e8a6de7ac6b4e,cardinal,4,1,90_deg_east,cardinal,90,0,90,640,640,2,batch_0002,118,datasets/df_2024_proportional/batch_0002/images/0da9c4a7cce6f7619118744e381e8a6de7ac6b4e.jpg,https://raw.githubusercontent.com/GUIA-DD/dataset-streetview/refs/heads/main/datasets/df_2024_proportional/batch_0002/images/0da9c4a7cce6f7619118744e381e8a6de7ac6b4e.jpg,True,downloaded,
1a0a44a3a96b05ab11ecaabdd6c11d4a9b6711a8,ec43584832d3a287c5c62466a9b6a6decbd730a9,-15.799362680927851,-48.13590195324274,-15.79934981729913,-48.13588860614809,2026-02,2026,XZtEg6DCfwDIl4K1gGmQpw,158.79417532751376,© Google,OK,3_5,164008.2942648179,8250752.548741713,6eeac9b97207bcc7f5bfe5840e4e7afb982dfd28,cardinal,4,2,180_deg_south,cardinal,180,0,90,640,640,2,batch_0002,119,datasets/df_2024_proportional/batch_0002/images/6eeac9b97207bcc7f5bfe5840e4e7afb982dfd28.jpg,https://raw.githubusercontent.com/GUIA-DD/dataset-streetview/refs/heads/main/datasets/df_2024_proportional/batch_0002/images/6eeac9b97207bcc7f5bfe5840e4e7afb982dfd28.jpg,True,downloaded,
1a0a44a3a96b05ab11ecaabdd6c11d4a9b6711a8,ec43584832d3a287c5c62466a9b6a6decbd730a9,-15.799362680927851,-48.13590195324274,-15.79934981729913,-48.13588860614809,2026-02,2026,XZtEg6DCfwDIl4K1gGmQpw,158.79417532751376,© Google,OK,3_5,164008.2942648179,8250752.548741713,72b5118b19e58aec0b81b6ec18bd34224f6137e7,cardinal,4,3,270_deg_west,cardinal,270,0,90,640,640,2,batch_0002,120,datasets/df_2024_proportional/batch_0002/images/72b5118b19e58aec0b81b6ec18bd34224f6137e7.jpg,https://raw.githubusercontent.com/GUIA-DD/dataset-streetview/refs/heads/main/datasets/df_2024_proportional/batch_0002/images/72b5118b19e58aec0b81b6ec18bd34224f6137e7.jpg,True,downloaded,
1ad2785357078a2eaa2e6c1925ed5440daad0561,ced3402ddb71225edd640e63ce26445e72277f91,-15.918050150019141,-48.10398629996796,-15.91803402749223,-48.10399470622057,2025-07,2025,346pz8xlwVnN7blU6EYp2Q,40.45808295398963,© Google,OK,3_3,167625.5288268885,8237658.452574764,b4397ebe6c84fad662db8ee1b618b0f1771ebdc8,cardinal,4,0,0_deg_north,cardinal,0,0,90,640,640,2,batch_0002,121,datasets/df_2024_proportional/batch_0002/images/b4397ebe6c84fad662db8ee1b618b0f1771ebdc8.jpg,https://raw.githubusercontent.com/GUIA-DD/dataset-streetview/refs/heads/main/datasets/df_2024_proportional/batch_0002/images/b4397ebe6c84fad662db8ee1b618b0f1771ebdc8.jpg,True,downloaded,
1ad2785357078a2eaa2e6c1925ed5440daad0561,ced3402ddb71225edd640e63ce26445e72277f91,-15.918050150019141,-48.10398629996796,-15.91803402749223,-48.10399470622057,2025-07,2025,346pz8xlwVnN7blU6EYp2Q,40.45808295398963,© Google,OK,3_3,167625.5288268885,8237658.452574764,acaf2874e7c45d191e694ebd2abaaf771c39c31a,cardinal,4,1,90_deg_east,cardinal,90,0,90,640,640,2,batch_0002,122,datasets/df_2024_proportional/batch_0002/images/acaf2874e7c45d191e694ebd2abaaf771c39c31a.jpg,https://raw.githubusercontent.com/GUIA-DD/dataset-streetview/refs/heads/main/datasets/df_2024_proportional/batch_0002/images/acaf2874e7c45d191e694ebd2abaaf771c39c31a.jpg,True,downloaded,
1ad2785357078a2eaa2e6c1925ed5440daad0561,ced3402ddb71225edd640e63ce26445e72277f91,-15.918050150019141,-48.10398629996796,-15.91803402749223,-48.10399470622057,2025-07,2025,346pz8xlwVnN7blU6EYp2Q,40.45808295398963,© Google,OK,3_3,167625.5288268885,8237658.452574764,db1ead43409bdb3c14e9f02ad6c940ed30be1913,cardinal,4,2,180_deg_south,cardinal,180,0,90,640,640,2,batch_0002,123,datasets/df_2024_proportional/batch_0002/images/db1ead43409bdb3c14e9f02ad6c940ed30be1913.jpg,https://raw.githubusercontent.com/GUIA-DD/dataset-streetview/refs/heads/main/datasets/df_2024_proportional/batch_0002/images/db1ead43409bdb3c14e9f02ad6c940ed30be1913.jpg,True,downloaded,
1ad2785357078a2eaa2e6c1925ed5440daad0561,ced3402ddb71225edd640e63ce26445e72277f91,-15.918050150019141,-48.10398629996796,-15.91803402749223,-48.10399470622057,2025-07,2025,346pz8xlwVnN7blU6EYp2Q,40.45808295398963,© Google,OK,3_3,167625.5288268885,8237658.452574764,b912658491d1e82d6e8f47be64fa52262d8727f1,cardinal,4,3,270_deg_west,cardinal,270,0,90,640,640,2,batch_0002,124,datasets/df_2024_proportional/batch_0002/images/b912658491d1e82d6e8f47be64fa52262d8727f1.jpg,https://raw.githubusercontent.com/GUIA-DD/dataset-streetview/refs/heads/main/datasets/df_2024_proportional/batch_0002/images/b912658491d1e82d6e8f47be64fa52262d8727f1.jpg,True,downloaded,
1b7a02cc842d41635dd1606dc096de6cca2cbb9f,04b241daca155648edf0a8cce0a1cfbc22ee0ded,-15.885014800013375,-47.9102943499984,-15.88498677624051,-47.91037237522331,2024-12,2024,YMDYvGU2r7RwPGOjVI7P2w,80.95681107376242,© Google,OK,7_3,188330.85727793985,8241615.6985680945,11fcda59bcf3cf5bbe76a125e8d6b557a9f90de5,cardinal,4,0,0_deg_north,cardinal,0,0,90,640,640,2,batch_0002,125,datasets/df_2024_proportional/batch_0002/images/11fcda59bcf3cf5bbe76a125e8d6b557a9f90de5.jpg,https://raw.githubusercontent.com/GUIA-DD/dataset-streetview/refs/heads/main/datasets/df_2024_proportional/batch_0002/images/11fcda59bcf3cf5bbe76a125e8d6b557a9f90de5.jpg,True,downloaded,
1b7a02cc842d41635dd1606dc096de6cca2cbb9f,04b241daca155648edf0a8cce0a1cfbc22ee0ded,-15.885014800013375,-47.9102943499984,-15.88498677624051,-47.91037237522331,2024-12,2024,YMDYvGU2r7RwPGOjVI7P2w,80.95681107376242,© Google,OK,7_3,188330.85727793985,8241615.6985680945,44315c19a4cc21bd9829a9f6a41a050c65b52b0b,cardinal,4,1,90_deg_east,cardinal,90,0,90,640,640,2,batch_0002,126,datasets/df_2024_proportional/batch_0002/images/44315c19a4cc21bd9829a9f6a41a050c65b52b0b.jpg,https://raw.githubusercontent.com/GUIA-DD/dataset-streetview/refs/heads/main/datasets/df_2024_proportional/batch_0002/images/44315c19a4cc21bd9829a9f6a41a050c65b52b0b.jpg,True,downloaded,
1b7a02cc842d41635dd1606dc096de6cca2cbb9f,04b241daca155648edf0a8cce0a1cfbc22ee0ded,-15.885014800013375,-47.9102943499984,-15.88498677624051,-47.91037237522331,2024-12,2024,YMDYvGU2r7RwPGOjVI7P2w,80.95681107376242,© Google,OK,7_3,188330.85727793985,8241615.6985680945,45b3d47456ba8db0c778071dfe60ee344c81ad8d,cardinal,4,2,180_deg_south,cardinal,180,0,90,640,640,2,batch_0002,127,datasets/df_2024_proportional/batch_0002/images/45b3d47456ba8db0c778071dfe60ee344c81ad8d.jpg,https://raw.githubusercontent.com/GUIA-DD/dataset-streetview/refs/heads/main/datasets/df_2024_proportional/batch_0002/images/45b3d47456ba8db0c778071dfe60ee344c81ad8d.jpg,True,downloaded,
1b7a02cc842d41635dd1606dc096de6cca2cbb9f,04b241daca155648edf0a8cce0a1cfbc22ee0ded,-15.885014800013375,-47.9102943499984,-15.88498677624051,-47.91037237522331,2024-12,2024,YMDYvGU2r7RwPGOjVI7P2w,80.95681107376242,© Google,OK,7_3,188330.85727793985,8241615.6985680945,376c690596215453af8edf3facd370a615e29320,cardinal,4,3,270_deg_west,cardinal,270,0,90,640,640,2,batch_0002,128,datasets/df_2024_proportional/batch_0002/images/376c690596215453af8edf3facd370a615e29320.jpg,https://raw.githubusercontent.com/GUIA-DD/dataset-streetview/refs/heads/main/datasets/df_2024_proportional/batch_0002/images/376c690596215453af8edf3facd370a615e29320.jpg,True,downloaded,
1baae367d550942f62b13bae15e57f785c93056b,1f225d28e67cf8213bf120e89e5cef57b9e08437,-15.913922747115178,-48.0486862402171,-15.91393596607443,-48.04869267913564,2025-07,2025,WEeDV4AvtbYC03KXICd2EQ,162.655827276908,© Google,OK,4_3,173545.2025060477,8238202.907925889,6a411a973f49748747757655de1edae617ac64b3,cardinal,4,0,0_deg_north,cardinal,0,0,90,640,640,2,batch_0002,129,datasets/df_2024_proportional/batch_0002/images/6a411a973f49748747757655de1edae617ac64b3.jpg,https://raw.githubusercontent.com/GUIA-DD/dataset-streetview/refs/heads/main/datasets/df_2024_proportional/batch_0002/images/6a411a973f49748747757655de1edae617ac64b3.jpg,True,downloaded,
1baae367d550942f62b13bae15e57f785c93056b,1f225d28e67cf8213bf120e89e5cef57b9e08437,-15.913922747115178,-48.0486862402171,-15.91393596607443,-48.04869267913564,2025-07,2025,WEeDV4AvtbYC03KXICd2EQ,162.655827276908,© Google,OK,4_3,173545.2025060477,8238202.907925889,266c55aea82b3b134c92b557d69baf67cbd5fa11,cardinal,4,1,90_deg_east,cardinal,90,0,90,640,640,2,batch_0002,130,datasets/df_2024_proportional/batch_0002/images/266c55aea82b3b134c92b557d69baf67cbd5fa11.jpg,https://raw.githubusercontent.com/GUIA-DD/dataset-streetview/refs/heads/main/datasets/df_2024_proportional/batch_0002/images/266c55aea82b3b134c92b557d69baf67cbd5fa11.jpg,True,downloaded,
1baae367d550942f62b13bae15e57f785c93056b,1f225d28e67cf8213bf120e89e5cef57b9e08437,-15.913922747115178,-48.0486862402171,-15.91393596607443,-48.04869267913564,2025-07,2025,WEeDV4AvtbYC03KXICd2EQ,162.655827276908,© Google,OK,4_3,173545.2025060477,8238202.907925889,65fd7464c48cd219ceb7b851a822e6cacb3da4b5,cardinal,4,2,180_deg_south,cardinal,180,0,90,640,640,2,batch_0002,131,datasets/df_2024_proportional/batch_0002/images/65fd7464c48cd219ceb7b851a822e6cacb3da4b5.jpg,https://raw.githubusercontent.com/GUIA-DD/dataset-streetview/refs/heads/main/datasets/df_2024_proportional/batch_0002/images/65fd7464c48cd219ceb7b851a822e6cacb3da4b5.jpg,True,downloaded,
1baae367d550942f62b13bae15e57f785c93056b,1f225d28e67cf8213bf120e89e5cef57b9e08437,-15.913922747115178,-48.0486862402171,-15.91393596607443,-48.04869267913564,2025-07,2025,WEeDV4AvtbYC03KXICd2EQ,162.655827276908,© Google,OK,4_3,173545.2025060477,8238202.907925889,a53e9a99730713c070dd8836670e1684e8ca149e,cardinal,4,3,270_deg_west,cardinal,270,0,90,640,640,2,batch_0002,132,datasets/df_2024_proportional/batch_0002/images/a53e9a99730713c070dd8836670e1684e8ca149e.jpg,https://raw.githubusercontent.com/GUIA-DD/dataset-streetview/refs/heads/main/datasets/df_2024_proportional/batch_0002/images/a53e9a99730713c070dd8836670e1684e8ca149e.jpg,True,downloaded,
1c4274eca48a006438b592a380590fcecb61a7e7,7c169bada7ba894931f05a64607c182034fc272e,-15.916113400163763,-47.762539149948594,-15.91611741886673,-47.76254877661751,2025-01,2025,jnuXo00WfJREy3SEbmG2bg,75.6961398988256,© Google,OK,11_3,204210.55434685719,8238387.08221944,62e6b0d3867000d482a1513dfb57bab0af064eae,cardinal,4,0,0_deg_north,cardinal,0,0,90,640,640,2,batch_0002,133,datasets/df_2024_proportional/batch_0002/images/62e6b0d3867000d482a1513dfb57bab0af064eae.jpg,https://raw.githubusercontent.com/GUIA-DD/dataset-streetview/refs/heads/main/datasets/df_2024_proportional/batch_0002/images/62e6b0d3867000d482a1513dfb57bab0af064eae.jpg,True,downloaded,
1c4274eca48a006438b592a380590fcecb61a7e7,7c169bada7ba894931f05a64607c182034fc272e,-15.916113400163763,-47.762539149948594,-15.91611741886673,-47.76254877661751,2025-01,2025,jnuXo00WfJREy3SEbmG2bg,75.6961398988256,© Google,OK,11_3,204210.55434685719,8238387.08221944,5e64694586023fa777727a7e577d914fbf4c4f13,cardinal,4,1,90_deg_east,cardinal,90,0,90,640,640,2,batch_0002,134,datasets/df_2024_proportional/batch_0002/images/5e64694586023fa777727a7e577d914fbf4c4f13.jpg,https://raw.githubusercontent.com/GUIA-DD/dataset-streetview/refs/heads/main/datasets/df_2024_proportional/batch_0002/images/5e64694586023fa777727a7e577d914fbf4c4f13.jpg,True,downloaded,
1c4274eca48a006438b592a380590fcecb61a7e7,7c169bada7ba894931f05a64607c182034fc272e,-15.916113400163763,-47.762539149948594,-15.91611741886673,-47.76254877661751,2025-01,2025,jnuXo00WfJREy3SEbmG2bg,75.6961398988256,© Google,OK,11_3,204210.55434685719,8238387.08221944,074dc5507d305db4f4de49f79f7b8365f5e38392,cardinal,4,2,180_deg_south,cardinal,180,0,90,640,640,2,batch_0002,135,datasets/df_2024_proportional/batch_0002/images/074dc5507d305db4f4de49f79f7b8365f5e38392.jpg,https://raw.githubusercontent.com/GUIA-DD/dataset-streetview/refs/heads/main/datasets/df_2024_proportional/batch_0002/images/074dc5507d305db4f4de49f79f7b8365f5e38392.jpg,True,downloaded,
1c4274eca48a006438b592a380590fcecb61a7e7,7c169bada7ba894931f05a64607c182034fc272e,-15.916113400163763,-47.762539149948594,-15.91611741886673,-47.76254877661751,2025-01,2025,jnuXo00WfJREy3SEbmG2bg,75.6961398988256,© Google,OK,11_3,204210.55434685719,8238387.08221944,f622f8d05b876756f1596dde632de702ff0a5576,cardinal,4,3,270_deg_west,cardinal,270,0,90,640,640,2,batch_0002,136,datasets/df_2024_proportional/batch_0002/images/f622f8d05b876756f1596dde632de702ff0a5576.jpg,https://raw.githubusercontent.com/GUIA-DD/dataset-streetview/refs/heads/main/datasets/df_2024_proportional/batch_0002/images/f622f8d05b876756f1596dde632de702ff0a5576.jpg,True,downloaded,
1dbba3fe3820fa6660616bd594a45cbcea927cc0,89e8be0ff04343d1fecfe35cc17ef65bd9d64875,-15.736512100000366,-47.75333450000609,-15.73651909330732,-47.7533472141961,2024-06,2024,AYgcvVf_iKW7hdXiYfaFLA,157.9658357489857,© Google,OK,11_7,204935.94109866297,8258285.95813136,2df583b8845ea08404592e1721cddf4f2ec98841,cardinal,4,0,0_deg_north,cardinal,0,0,90,640,640,2,batch_0002,137,datasets/df_2024_proportional/batch_0002/images/2df583b8845ea08404592e1721cddf4f2ec98841.jpg,https://raw.githubusercontent.com/GUIA-DD/dataset-streetview/refs/heads/main/datasets/df_2024_proportional/batch_0002/images/2df583b8845ea08404592e1721cddf4f2ec98841.jpg,True,downloaded,
1dbba3fe3820fa6660616bd594a45cbcea927cc0,89e8be0ff04343d1fecfe35cc17ef65bd9d64875,-15.736512100000366,-47.75333450000609,-15.73651909330732,-47.7533472141961,2024-06,2024,AYgcvVf_iKW7hdXiYfaFLA,157.9658357489857,© Google,OK,11_7,204935.94109866297,8258285.95813136,4a89e3ffcbcf5d161456fe5489b4813aac527812,cardinal,4,1,90_deg_east,cardinal,90,0,90,640,640,2,batch_0002,138,datasets/df_2024_proportional/batch_0002/images/4a89e3ffcbcf5d161456fe5489b4813aac527812.jpg,https://raw.githubusercontent.com/GUIA-DD/dataset-streetview/refs/heads/main/datasets/df_2024_proportional/batch_0002/images/4a89e3ffcbcf5d161456fe5489b4813aac527812.jpg,True,downloaded,
1dbba3fe3820fa6660616bd594a45cbcea927cc0,89e8be0ff04343d1fecfe35cc17ef65bd9d64875,-15.736512100000366,-47.75333450000609,-15.73651909330732,-47.7533472141961,2024-06,2024,AYgcvVf_iKW7hdXiYfaFLA,157.9658357489857,© Google,OK,11_7,204935.94109866297,8258285.95813136,e78857dd87c02d0e967dc1bfb5527a90c866ccc9,cardinal,4,2,180_deg_south,cardinal,180,0,90,640,640,2,batch_0002,139,datasets/df_2024_proportional/batch_0002/images/e78857dd87c02d0e967dc1bfb5527a90c866ccc9.jpg,https://raw.githubusercontent.com/GUIA-DD/dataset-streetview/refs/heads/main/datasets/df_2024_proportional/batch_0002/images/e78857dd87c02d0e967dc1bfb5527a90c866ccc9.jpg,True,downloaded,
1dbba3fe3820fa6660616bd594a45cbcea927cc0,89e8be0ff04343d1fecfe35cc17ef65bd9d64875,-15.736512100000366,-47.75333450000609,-15.73651909330732,-47.7533472141961,2024-06,2024,AYgcvVf_iKW7hdXiYfaFLA,157.9658357489857,© Google,OK,11_7,204935.94109866297,8258285.95813136,e4b8ff416319260ff7483a2d0dd7cc355e8f3a2f,cardinal,4,3,270_deg_west,cardinal,270,0,90,640,640,2,batch_0002,140,datasets/df_2024_proportional/batch_0002/images/e4b8ff416319260ff7483a2d0dd7cc355e8f3a2f.jpg,https://raw.githubusercontent.com/GUIA-DD/dataset-streetview/refs/heads/main/datasets/df_2024_proportional/batch_0002/images/e4b8ff416319260ff7483a2d0dd7cc355e8f3a2f.jpg,True,downloaded,
1fe20e1f804828ce6e5bf75f22f6e3f21420e42d,db79daae1329d21d78a6aa65fb61d104e0e6fa4a,-16.05022074707169,-47.966578873809986,-16.05018935179874,-47.96656157177809,2025-02,2025,4Qglpq-SeSJ3tcSvIx3zMg,186.43778604018934,© Google,OK,6_0,182559.48899369795,8223235.89665245,02e6b24be07292f781977d38b15d52dd6fb7eeda,cardinal,4,0,0_deg_north,cardinal,0,0,90,640,640,2,batch_0002,141,datasets/df_2024_proportional/batch_0002/images/02e6b24be07292f781977d38b15d52dd6fb7eeda.jpg,https://raw.githubusercontent.com/GUIA-DD/dataset-streetview/refs/heads/main/datasets/df_2024_proportional/batch_0002/images/02e6b24be07292f781977d38b15d52dd6fb7eeda.jpg,True,downloaded,
1fe20e1f804828ce6e5bf75f22f6e3f21420e42d,db79daae1329d21d78a6aa65fb61d104e0e6fa4a,-16.05022074707169,-47.966578873809986,-16.05018935179874,-47.96656157177809,2025-02,2025,4Qglpq-SeSJ3tcSvIx3zMg,186.43778604018934,© Google,OK,6_0,182559.48899369795,8223235.89665245,aa683f4c509b012566f8d0f02504382ccd5faaae,cardinal,4,1,90_deg_east,cardinal,90,0,90,640,640,2,batch_0002,142,datasets/df_2024_proportional/batch_0002/images/aa683f4c509b012566f8d0f02504382ccd5faaae.jpg,https://raw.githubusercontent.com/GUIA-DD/dataset-streetview/refs/heads/main/datasets/df_2024_proportional/batch_0002/images/aa683f4c509b012566f8d0f02504382ccd5faaae.jpg,True,downloaded,
1fe20e1f804828ce6e5bf75f22f6e3f21420e42d,db79daae1329d21d78a6aa65fb61d104e0e6fa4a,-16.05022074707169,-47.966578873809986,-16.05018935179874,-47.96656157177809,2025-02,2025,4Qglpq-SeSJ3tcSvIx3zMg,186.43778604018934,© Google,OK,6_0,182559.48899369795,8223235.89665245,1916abdc5ad948d2a8a275bc6f53ae52fb535047,cardinal,4,2,180_deg_south,cardinal,180,0,90,640,640,2,batch_0002,143,datasets/df_2024_proportional/batch_0002/images/1916abdc5ad948d2a8a275bc6f53ae52fb535047.jpg,https://raw.githubusercontent.com/GUIA-DD/dataset-streetview/refs/heads/main/datasets/df_2024_proportional/batch_0002/images/1916abdc5ad948d2a8a275bc6f53ae52fb535047.jpg,True,downloaded,
1fe20e1f804828ce6e5bf75f22f6e3f21420e42d,db79daae1329d21d78a6aa65fb61d104e0e6fa4a,-16.05022074707169,-47.966578873809986,-16.05018935179874,-47.96656157177809,2025-02,2025,4Qglpq-SeSJ3tcSvIx3zMg,186.43778604018934,© Google,OK,6_0,182559.48899369795,8223235.89665245,0527686d8bd62b79bf77679337f69f57fcca4103,cardinal,4,3,270_deg_west,cardinal,270,0,90,640,640,2,batch_0002,144,datasets/df_2024_proportional/batch_0002/images/0527686d8bd62b79bf77679337f69f57fcca4103.jpg,https://raw.githubusercontent.com/GUIA-DD/dataset-streetview/refs/heads/main/datasets/df_2024_proportional/batch_0002/images/0527686d8bd62b79bf77679337f69f57fcca4103.jpg,True,downloaded,
20b4935737e8155cfc74fc211687579729849f0b,17a30b7d402d26176f8269ad3901738d9d8aac61,-16.041195450020503,-48.05911904995605,-16.04124396244649,-48.05911943431225,2025-05,2025,kmCB_wzzm-Tjy20cWmGUTA,32.4669480448273,© Google,OK,4_0,172634.49952857362,8224091.22906521,a41f4b665399bd0b08a39da56153fd7e7eef3e4b,cardinal,4,0,0_deg_north,cardinal,0,0,90,640,640,2,batch_0002,145,datasets/df_2024_proportional/batch_0002/images/a41f4b665399bd0b08a39da56153fd7e7eef3e4b.jpg,https://raw.githubusercontent.com/GUIA-DD/dataset-streetview/refs/heads/main/datasets/df_2024_proportional/batch_0002/images/a41f4b665399bd0b08a39da56153fd7e7eef3e4b.jpg,True,downloaded,
20b4935737e8155cfc74fc211687579729849f0b,17a30b7d402d26176f8269ad3901738d9d8aac61,-16.041195450020503,-48.05911904995605,-16.04124396244649,-48.05911943431225,2025-05,2025,kmCB_wzzm-Tjy20cWmGUTA,32.4669480448273,© Google,OK,4_0,172634.49952857362,8224091.22906521,b15ac27f76ccdb4632a886cbe2c346c193e58724,cardinal,4,1,90_deg_east,cardinal,90,0,90,640,640,2,batch_0002,146,datasets/df_2024_proportional/batch_0002/images/b15ac27f76ccdb4632a886cbe2c346c193e58724.jpg,https://raw.githubusercontent.com/GUIA-DD/dataset-streetview/refs/heads/main/datasets/df_2024_proportional/batch_0002/images/b15ac27f76ccdb4632a886cbe2c346c193e58724.jpg,True,downloaded,
20b4935737e8155cfc74fc211687579729849f0b,17a30b7d402d26176f8269ad3901738d9d8aac61,-16.041195450020503,-48.05911904995605,-16.04124396244649,-48.05911943431225,2025-05,2025,kmCB_wzzm-Tjy20cWmGUTA,32.4669480448273,© Google,OK,4_0,172634.49952857362,8224091.22906521,2ec125c9ea9a8bfd99873a62f354ac38f749a1c3,cardinal,4,2,180_deg_south,cardinal,180,0,90,640,640,2,batch_0002,147,datasets/df_2024_proportional/batch_0002/images/2ec125c9ea9a8bfd99873a62f354ac38f749a1c3.jpg,https://raw.githubusercontent.com/GUIA-DD/dataset-streetview/refs/heads/main/datasets/df_2024_proportional/batch_0002/images/2ec125c9ea9a8bfd99873a62f354ac38f749a1c3.jpg,True,downloaded,
20b4935737e8155cfc74fc211687579729849f0b,17a30b7d402d26176f8269ad3901738d9d8aac61,-16.041195450020503,-48.05911904995605,-16.04124396244649,-48.05911943431225,2025-05,2025,kmCB_wzzm-Tjy20cWmGUTA,32.4669480448273,© Google,OK,4_0,172634.49952857362,8224091.22906521,0bfc5569f6505395861cdc71f15952a3c6347cec,cardinal,4,3,270_deg_west,cardinal,270,0,90,640,640,2,batch_0002,148,datasets/df_2024_proportional/batch_0002/images/0bfc5569f6505395861cdc71f15952a3c6347cec.jpg,https://raw.githubusercontent.com/GUIA-DD/dataset-streetview/refs/heads/main/datasets/df_2024_proportional/batch_0002/images/0bfc5569f6505395861cdc71f15952a3c6347cec.jpg,True,downloaded,
233e692c32c9ca38a0c19d932737f616656d23a7,e7b1f7a81554c313dbfdd70dad743022ee3c7916,-15.810575300011328,-48.08284404999504,-15.81057692574075,-48.08284633484693,2024-08,2024,ZeC6aMu_ysOMnmzU8fpi4w,251.4350582828568,© Google,OK,4_5,169716.07091403176,8249594.904564813,5f8c456f2939d0619acec8867ce56f5cef272a0e,cardinal,4,0,0_deg_north,cardinal,0,0,90,640,640,2,batch_0002,149,datasets/df_2024_proportional/batch_0002/images/5f8c456f2939d0619acec8867ce56f5cef272a0e.jpg,https://raw.githubusercontent.com/GUIA-DD/dataset-streetview/refs/heads/main/datasets/df_2024_proportional/batch_0002/images/5f8c456f2939d0619acec8867ce56f5cef272a0e.jpg,True,downloaded,
233e692c32c9ca38a0c19d932737f616656d23a7,e7b1f7a81554c313dbfdd70dad743022ee3c7916,-15.810575300011328,-48.08284404999504,-15.81057692574075,-48.08284633484693,2024-08,2024,ZeC6aMu_ysOMnmzU8fpi4w,251.4350582828568,© Google,OK,4_5,169716.07091403176,8249594.904564813,577df6433f968bff474f5d8158d93fbd4af6b61c,cardinal,4,1,90_deg_east,cardinal,90,0,90,640,640,2,batch_0002,150,datasets/df_2024_proportional/batch_0002/images/577df6433f968bff474f5d8158d93fbd4af6b61c.jpg,https://raw.githubusercontent.com/GUIA-DD/dataset-streetview/refs/heads/main/datasets/df_2024_proportional/batch_0002/images/577df6433f968bff474f5d8158d93fbd4af6b61c.jpg,True,downloaded,
233e692c32c9ca38a0c19d932737f616656d23a7,e7b1f7a81554c313dbfdd70dad743022ee3c7916,-15.810575300011328,-48.08284404999504,-15.81057692574075,-48.08284633484693,2024-08,2024,ZeC6aMu_ysOMnmzU8fpi4w,251.4350582828568,© Google,OK,4_5,169716.07091403176,8249594.904564813,dcced4c6800aed0fb0dbd2c7f90226cc75397527,cardinal,4,2,180_deg_south,cardinal,180,0,90,640,640,2,batch_0002,151,datasets/df_2024_proportional/batch_0002/images/dcced4c6800aed0fb0dbd2c7f90226cc75397527.jpg,https://raw.githubusercontent.com/GUIA-DD/dataset-streetview/refs/heads/main/datasets/df_2024_proportional/batch_0002/images/dcced4c6800aed0fb0dbd2c7f90226cc75397527.jpg,True,downloaded,
233e692c32c9ca38a0c19d932737f616656d23a7,e7b1f7a81554c313dbfdd70dad743022ee3c7916,-15.810575300011328,-48.08284404999504,-15.81057692574075,-48.08284633484693,2024-08,2024,ZeC6aMu_ysOMnmzU8fpi4w,251.4350582828568,© Google,OK,4_5,169716.07091403176,8249594.904564813,816dc139bdae3e3a305d22f7aa18780eea87531b,cardinal,4,3,270_deg_west,cardinal,270,0,90,640,640,2,batch_0002,152,datasets/df_2024_proportional/batch_0002/images/816dc139bdae3e3a305d22f7aa18780eea87531b.jpg,https://raw.githubusercontent.com/GUIA-DD/dataset-streetview/refs/heads/main/datasets/df_2024_proportional/batch_0002/images/816dc139bdae3e3a305d22f7aa18780eea87531b.jpg,True,downloaded,
242fb18a283b135120f45a43e5917ba83fb31e53,19c11da008092a8bb10eb145883deeae917392eb,-15.655564850013107,-47.78894070012805,-15.6555308884844,-47.78894461886608,2024-07,2024,BItMKciezHZwPbDW96vuBw,333.34826919695627,© Google,OK,10_8,200999.46955400915,8267198.636979697,8191733b0a44905aafcab8b845f71d7cc84dae8a,cardinal,4,0,0_deg_north,cardinal,0,0,90,640,640,2,batch_0002,153,datasets/df_2024_proportional/batch_0002/images/8191733b0a44905aafcab8b845f71d7cc84dae8a.jpg,https://raw.githubusercontent.com/GUIA-DD/dataset-streetview/refs/heads/main/datasets/df_2024_proportional/batch_0002/images/8191733b0a44905aafcab8b845f71d7cc84dae8a.jpg,True,downloaded,
242fb18a283b135120f45a43e5917ba83fb31e53,19c11da008092a8bb10eb145883deeae917392eb,-15.655564850013107,-47.78894070012805,-15.6555308884844,-47.78894461886608,2024-07,2024,BItMKciezHZwPbDW96vuBw,333.34826919695627,© Google,OK,10_8,200999.46955400915,8267198.636979697,88fc56926b763736ab08f5fc7acb85ac507114c1,cardinal,4,1,90_deg_east,cardinal,90,0,90,640,640,2,batch_0002,154,datasets/df_2024_proportional/batch_0002/images/88fc56926b763736ab08f5fc7acb85ac507114c1.jpg,https://raw.githubusercontent.com/GUIA-DD/dataset-streetview/refs/heads/main/datasets/df_2024_proportional/batch_0002/images/88fc56926b763736ab08f5fc7acb85ac507114c1.jpg,True,downloaded,
242fb18a283b135120f45a43e5917ba83fb31e53,19c11da008092a8bb10eb145883deeae917392eb,-15.655564850013107,-47.78894070012805,-15.6555308884844,-47.78894461886608,2024-07,2024,BItMKciezHZwPbDW96vuBw,333.34826919695627,© Google,OK,10_8,200999.46955400915,8267198.636979697,094bcb59a6a22d517645665952d635e86211c023,cardinal,4,2,180_deg_south,cardinal,180,0,90,640,640,2,batch_0002,155,datasets/df_2024_proportional/batch_0002/images/094bcb59a6a22d517645665952d635e86211c023.jpg,https://raw.githubusercontent.com/GUIA-DD/dataset-streetview/refs/heads/main/datasets/df_2024_proportional/batch_0002/images/094bcb59a6a22d517645665952d635e86211c023.jpg,True,downloaded,
242fb18a283b135120f45a43e5917ba83fb31e53,19c11da008092a8bb10eb145883deeae917392eb,-15.655564850013107,-47.78894070012805,-15.6555308884844,-47.78894461886608,2024-07,2024,BItMKciezHZwPbDW96vuBw,333.34826919695627,© Google,OK,10_8,200999.46955400915,8267198.636979697,9e6b2215cbbfc4979b1a05dc82f7bdf2419f431b,cardinal,4,3,270_deg_west,cardinal,270,0,90,640,640,2,batch_0002,156,datasets/df_2024_proportional/batch_0002/images/9e6b2215cbbfc4979b1a05dc82f7bdf2419f431b.jpg,https://raw.githubusercontent.com/GUIA-DD/dataset-streetview/refs/heads/main/datasets/df_2024_proportional/batch_0002/images/9e6b2215cbbfc4979b1a05dc82f7bdf2419f431b.jpg,True,downloaded,
24c26a1e44fe98a354b396c00ea6563da46a12b3,aad0be0d390d2b3efa8cbc692ac72e6953bd2c5c,-15.682078950037186,-47.65648025000738,-15.68210762923533,-47.65644800918106,2024-07,2024,eK8fubhnpO6jzqo1115Ovw,270.1841416834153,© Google,OK,13_8,215246.22853478492,8264445.53383741,ccde23abc5b8dd46bc8ca53720151b632721da9d,cardinal,4,0,0_deg_north,cardinal,0,0,90,640,640,2,batch_0002,157,datasets/df_2024_proportional/batch_0002/images/ccde23abc5b8dd46bc8ca53720151b632721da9d.jpg,https://raw.githubusercontent.com/GUIA-DD/dataset-streetview/refs/heads/main/datasets/df_2024_proportional/batch_0002/images/ccde23abc5b8dd46bc8ca53720151b632721da9d.jpg,True,downloaded,
24c26a1e44fe98a354b396c00ea6563da46a12b3,aad0be0d390d2b3efa8cbc692ac72e6953bd2c5c,-15.682078950037186,-47.65648025000738,-15.68210762923533,-47.65644800918106,2024-07,2024,eK8fubhnpO6jzqo1115Ovw,270.1841416834153,© Google,OK,13_8,215246.22853478492,8264445.53383741,b39c0889d1b5d2dcce371e59b09fd6e5cd17d901,cardinal,4,1,90_deg_east,cardinal,90,0,90,640,640,2,batch_0002,158,datasets/df_2024_proportional/batch_0002/images/b39c0889d1b5d2dcce371e59b09fd6e5cd17d901.jpg,https://raw.githubusercontent.com/GUIA-DD/dataset-streetview/refs/heads/main/datasets/df_2024_proportional/batch_0002/images/b39c0889d1b5d2dcce371e59b09fd6e5cd17d901.jpg,True,downloaded,
24c26a1e44fe98a354b396c00ea6563da46a12b3,aad0be0d390d2b3efa8cbc692ac72e6953bd2c5c,-15.682078950037186,-47.65648025000738,-15.68210762923533,-47.65644800918106,2024-07,2024,eK8fubhnpO6jzqo1115Ovw,270.1841416834153,© Google,OK,13_8,215246.22853478492,8264445.53383741,7e90f3addde09fb4c90728e2d7a3f1f090d00f1d,cardinal,4,2,180_deg_south,cardinal,180,0,90,640,640,2,batch_0002,159,datasets/df_2024_proportional/batch_0002/images/7e90f3addde09fb4c90728e2d7a3f1f090d00f1d.jpg,https://raw.githubusercontent.com/GUIA-DD/dataset-streetview/refs/heads/main/datasets/df_2024_proportional/batch_0002/images/7e90f3addde09fb4c90728e2d7a3f1f090d00f1d.jpg,True,downloaded,
24c26a1e44fe98a354b396c00ea6563da46a12b3,aad0be0d390d2b3efa8cbc692ac72e6953bd2c5c,-15.682078950037186,-47.65648025000738,-15.68210762923533,-47.65644800918106,2024-07,2024,eK8fubhnpO6jzqo1115Ovw,270.1841416834153,© Google,OK,13_8,215246.22853478492,8264445.53383741,0d6504861c33872d4e6f5e089226b5395b8a0f15,cardinal,4,3,270_deg_west,cardinal,270,0,90,640,640,2,batch_0002,160,datasets/df_2024_proportional/batch_0002/images/0d6504861c33872d4e6f5e089226b5395b8a0f15.jpg,https://raw.githubusercontent.com/GUIA-DD/dataset-streetview/refs/heads/main/datasets/df_2024_proportional/batch_0002/images/0d6504861c33872d4e6f5e089226b5395b8a0f15.jpg,True,downloaded,
257020c45bbf7c722bbb7d61710e22325ea23aaa,b7af28cd69ab5ef109b37ef64e102d1fb2df28b6,-15.69403277812232,-47.83440221370443,-15.69404895049982,-47.83439814435422,2025-07,2025,O87L2BFczBwhCnBt4lqv2w,319.9982233641863,© Google,OK,9_8,196179.1531693834,8262874.536322279,86ed42fd2cbd726e55c448196078852a919a30f7,cardinal,4,0,0_deg_north,cardinal,0,0,90,640,640,2,batch_0002,161,datasets/df_2024_proportional/batch_0002/images/86ed42fd2cbd726e55c448196078852a919a30f7.jpg,https://raw.githubusercontent.com/GUIA-DD/dataset-streetview/refs/heads/main/datasets/df_2024_proportional/batch_0002/images/86ed42fd2cbd726e55c448196078852a919a30f7.jpg,True,downloaded,
257020c45bbf7c722bbb7d61710e22325ea23aaa,b7af28cd69ab5ef109b37ef64e102d1fb2df28b6,-15.69403277812232,-47.83440221370443,-15.69404895049982,-47.83439814435422,2025-07,2025,O87L2BFczBwhCnBt4lqv2w,319.9982233641863,© Google,OK,9_8,196179.1531693834,8262874.536322279,096297e094d43212f9967526e95cb358b999a553,cardinal,4,1,90_deg_east,cardinal,90,0,90,640,640,2,batch_0002,162,datasets/df_2024_proportional/batch_0002/images/096297e094d43212f9967526e95cb358b999a553.jpg,https://raw.githubusercontent.com/GUIA-DD/dataset-streetview/refs/heads/main/datasets/df_2024_proportional/batch_0002/images/096297e094d43212f9967526e95cb358b999a553.jpg,True,downloaded,
257020c45bbf7c722bbb7d61710e22325ea23aaa,b7af28cd69ab5ef109b37ef64e102d1fb2df28b6,-15.69403277812232,-47.83440221370443,-15.69404895049982,-47.83439814435422,2025-07,2025,O87L2BFczBwhCnBt4lqv2w,319.9982233641863,© Google,OK,9_8,196179.1531693834,8262874.536322279,d3dabe19976aac35f333cf26888407b1afa8bf95,cardinal,4,2,180_deg_south,cardinal,180,0,90,640,640,2,batch_0002,163,datasets/df_2024_proportional/batch_0002/images/d3dabe19976aac35f333cf26888407b1afa8bf95.jpg,https://raw.githubusercontent.com/GUIA-DD/dataset-streetview/refs/heads/main/datasets/df_2024_proportional/batch_0002/images/d3dabe19976aac35f333cf26888407b1afa8bf95.jpg,True,downloaded,
257020c45bbf7c722bbb7d61710e22325ea23aaa,b7af28cd69ab5ef109b37ef64e102d1fb2df28b6,-15.69403277812232,-47.83440221370443,-15.69404895049982,-47.83439814435422,2025-07,2025,O87L2BFczBwhCnBt4lqv2w,319.9982233641863,© Google,OK,9_8,196179.1531693834,8262874.536322279,b4e171b9fa5cf7a62a5b201fa45b2c0c1930cc74,cardinal,4,3,270_deg_west,cardinal,270,0,90,640,640,2,batch_0002,164,datasets/df_2024_proportional/batch_0002/images/b4e171b9fa5cf7a62a5b201fa45b2c0c1930cc74.jpg,https://raw.githubusercontent.com/GUIA-DD/dataset-streetview/refs/heads/main/datasets/df_2024_proportional/batch_0002/images/b4e171b9fa5cf7a62a5b201fa45b2c0c1930cc74.jpg,True,downloaded,
2599074f35b91a713a770d2dc1be2f43ab16446c,cb6cd54bde9c63f92f7bb0df35816241e72208fb,-15.644556500810227,-47.806752900713214,-15.64453761843551,-47.80675905937338,2024-07,2024,Yn98hMe_BIjVeI0NfF8qbg,11.370949774828915,© Google,OK,10_9,199072.40392601295,8268392.3360738065,4a85607f6751aac2e5e6aa93f5f0322f08dbcf1c,cardinal,4,0,0_deg_north,cardinal,0,0,90,640,640,2,batch_0002,165,datasets/df_2024_proportional/batch_0002/images/4a85607f6751aac2e5e6aa93f5f0322f08dbcf1c.jpg,https://raw.githubusercontent.com/GUIA-DD/dataset-streetview/refs/heads/main/datasets/df_2024_proportional/batch_0002/images/4a85607f6751aac2e5e6aa93f5f0322f08dbcf1c.jpg,True,downloaded,
2599074f35b91a713a770d2dc1be2f43ab16446c,cb6cd54bde9c63f92f7bb0df35816241e72208fb,-15.644556500810227,-47.806752900713214,-15.64453761843551,-47.80675905937338,2024-07,2024,Yn98hMe_BIjVeI0NfF8qbg,11.370949774828915,© Google,OK,10_9,199072.40392601295,8268392.3360738065,bd44b92ec474b4d21348f4c576a765c4ad67617d,cardinal,4,1,90_deg_east,cardinal,90,0,90,640,640,2,batch_0002,166,datasets/df_2024_proportional/batch_0002/images/bd44b92ec474b4d21348f4c576a765c4ad67617d.jpg,https://raw.githubusercontent.com/GUIA-DD/dataset-streetview/refs/heads/main/datasets/df_2024_proportional/batch_0002/images/bd44b92ec474b4d21348f4c576a765c4ad67617d.jpg,True,downloaded,
2599074f35b91a713a770d2dc1be2f43ab16446c,cb6cd54bde9c63f92f7bb0df35816241e72208fb,-15.644556500810227,-47.806752900713214,-15.64453761843551,-47.80675905937338,2024-07,2024,Yn98hMe_BIjVeI0NfF8qbg,11.370949774828915,© Google,OK,10_9,199072.40392601295,8268392.3360738065,d5ead12c989c6154aec8f347acecde10edfc942e,cardinal,4,2,180_deg_south,cardinal,180,0,90,640,640,2,batch_0002,167,datasets/df_2024_proportional/batch_0002/images/d5ead12c989c6154aec8f347acecde10edfc942e.jpg,https://raw.githubusercontent.com/GUIA-DD/dataset-streetview/refs/heads/main/datasets/df_2024_proportional/batch_0002/images/d5ead12c989c6154aec8f347acecde10edfc942e.jpg,True,downloaded,
2599074f35b91a713a770d2dc1be2f43ab16446c,cb6cd54bde9c63f92f7bb0df35816241e72208fb,-15.644556500810227,-47.806752900713214,-15.64453761843551,-47.80675905937338,2024-07,2024,Yn98hMe_BIjVeI0NfF8qbg,11.370949774828915,© Google,OK,10_9,199072.40392601295,8268392.3360738065,cc2053607216a914a94ad930db329fffba6a4d86,cardinal,4,3,270_deg_west,cardinal,270,0,90,640,640,2,batch_0002,168,datasets/df_2024_proportional/batch_0002/images/cc2053607216a914a94ad930db329fffba6a4d86.jpg,https://raw.githubusercontent.com/GUIA-DD/dataset-streetview/refs/heads/main/datasets/df_2024_proportional/batch_0002/images/cc2053607216a914a94ad930db329fffba6a4d86.jpg,True,downloaded,
25fe1cd5f0a94e1b1635102615fdc7faf67f9c2d,8f41880f804ab348516563197d82c251c5782097,-15.921928850097283,-47.77440309978135,-15.92194925803696,-47.77441558852801,2024-07,2024,rwEgjcRPSSwel3_9tCFoYQ,211.70683599998023,© Google,OK,10_3,202947.97336191445,8237726.312348876,cc66d6487c4576965f5f395b64683c93c13eee68,cardinal,4,0,0_deg_north,cardinal,0,0,90,640,640,2,batch_0002,169,datasets/df_2024_proportional/batch_0002/images/cc66d6487c4576965f5f395b64683c93c13eee68.jpg,https://raw.githubusercontent.com/GUIA-DD/dataset-streetview/refs/heads/main/datasets/df_2024_proportional/batch_0002/images/cc66d6487c4576965f5f395b64683c93c13eee68.jpg,True,downloaded,
25fe1cd5f0a94e1b1635102615fdc7faf67f9c2d,8f41880f804ab348516563197d82c251c5782097,-15.921928850097283,-47.77440309978135,-15.92194925803696,-47.77441558852801,2024-07,2024,rwEgjcRPSSwel3_9tCFoYQ,211.70683599998023,© Google,OK,10_3,202947.97336191445,8237726.312348876,2743b35be0f7d3979e1e6dae7633661d10fbcb1c,cardinal,4,1,90_deg_east,cardinal,90,0,90,640,640,2,batch_0002,170,datasets/df_2024_proportional/batch_0002/images/2743b35be0f7d3979e1e6dae7633661d10fbcb1c.jpg,https://raw.githubusercontent.com/GUIA-DD/dataset-streetview/refs/heads/main/datasets/df_2024_proportional/batch_0002/images/2743b35be0f7d3979e1e6dae7633661d10fbcb1c.jpg,True,downloaded,
25fe1cd5f0a94e1b1635102615fdc7faf67f9c2d,8f41880f804ab348516563197d82c251c5782097,-15.921928850097283,-47.77440309978135,-15.92194925803696,-47.77441558852801,2024-07,2024,rwEgjcRPSSwel3_9tCFoYQ,211.70683599998023,© Google,OK,10_3,202947.97336191445,8237726.312348876,7be0f519724ceaacf1ca146ac1667d18f9cf1f70,cardinal,4,2,180_deg_south,cardinal,180,0,90,640,640,2,batch_0002,171,datasets/df_2024_proportional/batch_0002/images/7be0f519724ceaacf1ca146ac1667d18f9cf1f70.jpg,https://raw.githubusercontent.com/GUIA-DD/dataset-streetview/refs/heads/main/datasets/df_2024_proportional/batch_0002/images/7be0f519724ceaacf1ca146ac1667d18f9cf1f70.jpg,True,downloaded,
25fe1cd5f0a94e1b1635102615fdc7faf67f9c2d,8f41880f804ab348516563197d82c251c5782097,-15.921928850097283,-47.77440309978135,-15.92194925803696,-47.77441558852801,2024-07,2024,rwEgjcRPSSwel3_9tCFoYQ,211.70683599998023,© Google,OK,10_3,202947.97336191445,8237726.312348876,34b2527e6f6fb7a6df10745a368632d472639ea3,cardinal,4,3,270_deg_west,cardinal,270,0,90,640,640,2,batch_0002,172,datasets/df_2024_proportional/batch_0002/images/34b2527e6f6fb7a6df10745a368632d472639ea3.jpg,https://raw.githubusercontent.com/GUIA-DD/dataset-streetview/refs/heads/main/datasets/df_2024_proportional/batch_0002/images/34b2527e6f6fb7a6df10745a368632d472639ea3.jpg,True,downloaded,
2874efe482de6ce625a3db4d343db90faf7d7edd,5599bd6be1bb395317f22e1da69d5cf63becbc4b,-15.830675800179682,-48.135157399684196,-15.8306930437855,-48.13519238661588,2024-07,2024,TxUFoeBqQP0Lm_HNsqo86Q,218.68931445891877,© Google,OK,3_4,164139.90745929256,8247285.667146858,e236e590c5517215e18e74cfaa68d4af3c873313,cardinal,4,0,0_deg_north,cardinal,0,0,90,640,640,2,batch_0002,173,datasets/df_2024_proportional/batch_0002/images/e236e590c5517215e18e74cfaa68d4af3c873313.jpg,https://raw.githubusercontent.com/GUIA-DD/dataset-streetview/refs/heads/main/datasets/df_2024_proportional/batch_0002/images/e236e590c5517215e18e74cfaa68d4af3c873313.jpg,True,downloaded,
2874efe482de6ce625a3db4d343db90faf7d7edd,5599bd6be1bb395317f22e1da69d5cf63becbc4b,-15.830675800179682,-48.135157399684196,-15.8306930437855,-48.13519238661588,2024-07,2024,TxUFoeBqQP0Lm_HNsqo86Q,218.68931445891877,© Google,OK,3_4,164139.90745929256,8247285.667146858,454db13a60806f41d3ae28f105d3874d7a0d2ef3,cardinal,4,1,90_deg_east,cardinal,90,0,90,640,640,2,batch_0002,174,datasets/df_2024_proportional/batch_0002/images/454db13a60806f41d3ae28f105d3874d7a0d2ef3.jpg,https://raw.githubusercontent.com/GUIA-DD/dataset-streetview/refs/heads/main/datasets/df_2024_proportional/batch_0002/images/454db13a60806f41d3ae28f105d3874d7a0d2ef3.jpg,True,downloaded,
2874efe482de6ce625a3db4d343db90faf7d7edd,5599bd6be1bb395317f22e1da69d5cf63becbc4b,-15.830675800179682,-48.135157399684196,-15.8306930437855,-48.13519238661588,2024-07,2024,TxUFoeBqQP0Lm_HNsqo86Q,218.68931445891877,© Google,OK,3_4,164139.90745929256,8247285.667146858,fd98717a69bb4affc4cf7ec7d5b6978e18317e91,cardinal,4,2,180_deg_south,cardinal,180,0,90,640,640,2,batch_0002,175,datasets/df_2024_proportional/batch_0002/images/fd98717a69bb4affc4cf7ec7d5b6978e18317e91.jpg,https://raw.githubusercontent.com/GUIA-DD/dataset-streetview/refs/heads/main/datasets/df_2024_proportional/batch_0002/images/fd98717a69bb4affc4cf7ec7d5b6978e18317e91.jpg,True,downloaded,
2874efe482de6ce625a3db4d343db90faf7d7edd,5599bd6be1bb395317f22e1da69d5cf63becbc4b,-15.830675800179682,-48.135157399684196,-15.8306930437855,-48.13519238661588,2024-07,2024,TxUFoeBqQP0Lm_HNsqo86Q,218.68931445891877,© Google,OK,3_4,164139.90745929256,8247285.667146858,9d7f500e9f22b0cebdf9e8f4b4f23fdcb64cfa1e,cardinal,4,3,270_deg_west,cardinal,270,0,90,640,640,2,batch_0002,176,datasets/df_2024_proportional/batch_0002/images/9d7f500e9f22b0cebdf9e8f4b4f23fdcb64cfa1e.jpg,https://raw.githubusercontent.com/GUIA-DD/dataset-streetview/refs/heads/main/datasets/df_2024_proportional/batch_0002/images/9d7f500e9f22b0cebdf9e8f4b4f23fdcb64cfa1e.jpg,True,downloaded,
292d148b9d27b223f9ba714f6a6d6a1b0fd30099,aa1486c5b572c87fb66ba77c7f32bd9abcbd0700,-15.820716500414163,-48.01932404941764,-15.82071313833445,-48.0193510642908,2024-10,2024,FS9FSTEToQUXnsMLzBrajQ,46.26233822815714,© Google,OK,5_5,176542.96273040626,8248570.735140007,0bbd855c62b285d90f3df3da583fc3e6da95a14c,cardinal,4,0,0_deg_north,cardinal,0,0,90,640,640,2,batch_0002,177,datasets/df_2024_proportional/batch_0002/images/0bbd855c62b285d90f3df3da583fc3e6da95a14c.jpg,https://raw.githubusercontent.com/GUIA-DD/dataset-streetview/refs/heads/main/datasets/df_2024_proportional/batch_0002/images/0bbd855c62b285d90f3df3da583fc3e6da95a14c.jpg,True,downloaded,
292d148b9d27b223f9ba714f6a6d6a1b0fd30099,aa1486c5b572c87fb66ba77c7f32bd9abcbd0700,-15.820716500414163,-48.01932404941764,-15.82071313833445,-48.0193510642908,2024-10,2024,FS9FSTEToQUXnsMLzBrajQ,46.26233822815714,© Google,OK,5_5,176542.96273040626,8248570.735140007,f1e9b362913d589d9577f6f05923d97e03aeee71,cardinal,4,1,90_deg_east,cardinal,90,0,90,640,640,2,batch_0002,178,datasets/df_2024_proportional/batch_0002/images/f1e9b362913d589d9577f6f05923d97e03aeee71.jpg,https://raw.githubusercontent.com/GUIA-DD/dataset-streetview/refs/heads/main/datasets/df_2024_proportional/batch_0002/images/f1e9b362913d589d9577f6f05923d97e03aeee71.jpg,True,downloaded,
292d148b9d27b223f9ba714f6a6d6a1b0fd30099,aa1486c5b572c87fb66ba77c7f32bd9abcbd0700,-15.820716500414163,-48.01932404941764,-15.82071313833445,-48.0193510642908,2024-10,2024,FS9FSTEToQUXnsMLzBrajQ,46.26233822815714,© Google,OK,5_5,176542.96273040626,8248570.735140007,5a0f220c97946d62a8c762ba5e4b9022fab98c34,cardinal,4,2,180_deg_south,cardinal,180,0,90,640,640,2,batch_0002,179,datasets/df_2024_proportional/batch_0002/images/5a0f220c97946d62a8c762ba5e4b9022fab98c34.jpg,https://raw.githubusercontent.com/GUIA-DD/dataset-streetview/refs/heads/main/datasets/df_2024_proportional/batch_0002/images/5a0f220c97946d62a8c762ba5e4b9022fab98c34.jpg,True,downloaded,
292d148b9d27b223f9ba714f6a6d6a1b0fd30099,aa1486c5b572c87fb66ba77c7f32bd9abcbd0700,-15.820716500414163,-48.01932404941764,-15.82071313833445,-48.0193510642908,2024-10,2024,FS9FSTEToQUXnsMLzBrajQ,46.26233822815714,© Google,OK,5_5,176542.96273040626,8248570.735140007,693af66d0dc5e32868a2590aecf5a1fc98988e7f,cardinal,4,3,270_deg_west,cardinal,270,0,90,640,640,2,batch_0002,180,datasets/df_2024_proportional/batch_0002/images/693af66d0dc5e32868a2590aecf5a1fc98988e7f.jpg,https://raw.githubusercontent.com/GUIA-DD/dataset-streetview/refs/heads/main/datasets/df_2024_proportional/batch_0002/images/693af66d0dc5e32868a2590aecf5a1fc98988e7f.jpg,True,downloaded,
2a78e2eed95b5cdd2bc81e661438b193bc52b784,84901b270f017a941855246d66efef8cb5ff0b6a,-15.800208450164313,-48.115356199864394,-15.80020265128196,-48.11534590444988,2026-01,2026,aJUa86Ab1sWLdrl4YzmV2Q,60.44246973132519,© Google,OK,3_5,166212.89525349892,8250691.634867437,9262e05deb4be52b0356f5de1e49de6a12feae3b,cardinal,4,0,0_deg_north,cardinal,0,0,90,640,640,2,batch_0002,181,datasets/df_2024_proportional/batch_0002/images/9262e05deb4be52b0356f5de1e49de6a12feae3b.jpg,https://raw.githubusercontent.com/GUIA-DD/dataset-streetview/refs/heads/main/datasets/df_2024_proportional/batch_0002/images/9262e05deb4be52b0356f5de1e49de6a12feae3b.jpg,True,downloaded,
2a78e2eed95b5cdd2bc81e661438b193bc52b784,84901b270f017a941855246d66efef8cb5ff0b6a,-15.800208450164313,-48.115356199864394,-15.80020265128196,-48.11534590444988,2026-01,2026,aJUa86Ab1sWLdrl4YzmV2Q,60.44246973132519,© Google,OK,3_5,166212.89525349892,8250691.634867437,5a8437cdb41489e3235d731bf18f1d0ee9978010,cardinal,4,1,90_deg_east,cardinal,90,0,90,640,640,2,batch_0002,182,datasets/df_2024_proportional/batch_0002/images/5a8437cdb41489e3235d731bf18f1d0ee9978010.jpg,https://raw.githubusercontent.com/GUIA-DD/dataset-streetview/refs/heads/main/datasets/df_2024_proportional/batch_0002/images/5a8437cdb41489e3235d731bf18f1d0ee9978010.jpg,True,downloaded,
2a78e2eed95b5cdd2bc81e661438b193bc52b784,84901b270f017a941855246d66efef8cb5ff0b6a,-15.800208450164313,-48.115356199864394,-15.80020265128196,-48.11534590444988,2026-01,2026,aJUa86Ab1sWLdrl4YzmV2Q,60.44246973132519,© Google,OK,3_5,166212.89525349892,8250691.634867437,c37d31633b74341f514d75e702232b68fa33d466,cardinal,4,2,180_deg_south,cardinal,180,0,90,640,640,2,batch_0002,183,datasets/df_2024_proportional/batch_0002/images/c37d31633b74341f514d75e702232b68fa33d466.jpg,https://raw.githubusercontent.com/GUIA-DD/dataset-streetview/refs/heads/main/datasets/df_2024_proportional/batch_0002/images/c37d31633b74341f514d75e702232b68fa33d466.jpg,True,downloaded,
2a78e2eed95b5cdd2bc81e661438b193bc52b784,84901b270f017a941855246d66efef8cb5ff0b6a,-15.800208450164313,-48.115356199864394,-15.80020265128196,-48.11534590444988,2026-01,2026,aJUa86Ab1sWLdrl4YzmV2Q,60.44246973132519,© Google,OK,3_5,166212.89525349892,8250691.634867437,7779f18821e55e71c00044578d5c3cca2db2fc8e,cardinal,4,3,270_deg_west,cardinal,270,0,90,640,640,2,batch_0002,184,datasets/df_2024_proportional/batch_0002/images/7779f18821e55e71c00044578d5c3cca2db2fc8e.jpg,https://raw.githubusercontent.com/GUIA-DD/dataset-streetview/refs/heads/main/datasets/df_2024_proportional/batch_0002/images/7779f18821e55e71c00044578d5c3cca2db2fc8e.jpg,True,downloaded,
2b75bdff867b6edd68bd87c084c3fe03b7a5e8d5,8adc9e494cc3e5c26a482157406da6182207671a,-15.791808289142352,-47.94016130071029,-15.79180506659601,-47.94017844693033,2024-05,2024,-FB7oN8jH_u0j5HS86KYqw,353.2793396232738,© Google,OK,7_5,184985.27014213105,8251892.399434022,3fcfd4141bc83e9fbb635d5c6234e4538ba88465,cardinal,4,0,0_deg_north,cardinal,0,0,90,640,640,2,batch_0002,185,datasets/df_2024_proportional/batch_0002/images/3fcfd4141bc83e9fbb635d5c6234e4538ba88465.jpg,https://raw.githubusercontent.com/GUIA-DD/dataset-streetview/refs/heads/main/datasets/df_2024_proportional/batch_0002/images/3fcfd4141bc83e9fbb635d5c6234e4538ba88465.jpg,True,downloaded,
2b75bdff867b6edd68bd87c084c3fe03b7a5e8d5,8adc9e494cc3e5c26a482157406da6182207671a,-15.791808289142352,-47.94016130071029,-15.79180506659601,-47.94017844693033,2024-05,2024,-FB7oN8jH_u0j5HS86KYqw,353.2793396232738,© Google,OK,7_5,184985.27014213105,8251892.399434022,05306a101ff8d6823bbecf1368e988b237efdc98,cardinal,4,1,90_deg_east,cardinal,90,0,90,640,640,2,batch_0002,186,datasets/df_2024_proportional/batch_0002/images/05306a101ff8d6823bbecf1368e988b237efdc98.jpg,https://raw.githubusercontent.com/GUIA-DD/dataset-streetview/refs/heads/main/datasets/df_2024_proportional/batch_0002/images/05306a101ff8d6823bbecf1368e988b237efdc98.jpg,True,downloaded,
2b75bdff867b6edd68bd87c084c3fe03b7a5e8d5,8adc9e494cc3e5c26a482157406da6182207671a,-15.791808289142352,-47.94016130071029,-15.79180506659601,-47.94017844693033,2024-05,2024,-FB7oN8jH_u0j5HS86KYqw,353.2793396232738,© Google,OK,7_5,184985.27014213105,8251892.399434022,dac25c28948dce5a623a7fbea55d07a638b39287,cardinal,4,2,180_deg_south,cardinal,180,0,90,640,640,2,batch_0002,187,datasets/df_2024_proportional/batch_0002/images/dac25c28948dce5a623a7fbea55d07a638b39287.jpg,https://raw.githubusercontent.com/GUIA-DD/dataset-streetview/refs/heads/main/datasets/df_2024_proportional/batch_0002/images/dac25c28948dce5a623a7fbea55d07a638b39287.jpg,True,downloaded,
2b75bdff867b6edd68bd87c084c3fe03b7a5e8d5,8adc9e494cc3e5c26a482157406da6182207671a,-15.791808289142352,-47.94016130071029,-15.79180506659601,-47.94017844693033,2024-05,2024,-FB7oN8jH_u0j5HS86KYqw,353.2793396232738,© Google,OK,7_5,184985.27014213105,8251892.399434022,d2accb49d540dbb442e00717cb518235a33f4ade,cardinal,4,3,270_deg_west,cardinal,270,0,90,640,640,2,batch_0002,188,datasets/df_2024_proportional/batch_0002/images/d2accb49d540dbb442e00717cb518235a33f4ade.jpg,https://raw.githubusercontent.com/GUIA-DD/dataset-streetview/refs/heads/main/datasets/df_2024_proportional/batch_0002/images/d2accb49d540dbb442e00717cb518235a33f4ade.jpg,True,downloaded,
2bf7341cae970c6d1fe83ed34d839a3a66202bfc,0393f48d4c1202af05fe033c4589bb34f7f960f4,-15.80865617653289,-47.896252591934264,-15.80865446254671,-47.89634802751562,2024-05,2024,pDTzv7M3DPT5hwB1rl9RGA,50.28435930567114,© Google,OK,8_5,189718.90142070176,8250092.08466902,1330e40def3e7db092afdb21c163aa574f6a056f,cardinal,4,0,0_deg_north,cardinal,0,0,90,640,640,2,batch_0002,189,datasets/df_2024_proportional/batch_0002/images/1330e40def3e7db092afdb21c163aa574f6a056f.jpg,https://raw.githubusercontent.com/GUIA-DD/dataset-streetview/refs/heads/main/datasets/df_2024_proportional/batch_0002/images/1330e40def3e7db092afdb21c163aa574f6a056f.jpg,True,downloaded,
2bf7341cae970c6d1fe83ed34d839a3a66202bfc,0393f48d4c1202af05fe033c4589bb34f7f960f4,-15.80865617653289,-47.896252591934264,-15.80865446254671,-47.89634802751562,2024-05,2024,pDTzv7M3DPT5hwB1rl9RGA,50.28435930567114,© Google,OK,8_5,189718.90142070176,8250092.08466902,9477cacd59c3ea3b98a7a4db8035997a62548380,cardinal,4,1,90_deg_east,cardinal,90,0,90,640,640,2,batch_0002,190,datasets/df_2024_proportional/batch_0002/images/9477cacd59c3ea3b98a7a4db8035997a62548380.jpg,https://raw.githubusercontent.com/GUIA-DD/dataset-streetview/refs/heads/main/datasets/df_2024_proportional/batch_0002/images/9477cacd59c3ea3b98a7a4db8035997a62548380.jpg,True,downloaded,
2bf7341cae970c6d1fe83ed34d839a3a66202bfc,0393f48d4c1202af05fe033c4589bb34f7f960f4,-15.80865617653289,-47.896252591934264,-15.80865446254671,-47.89634802751562,2024-05,2024,pDTzv7M3DPT5hwB1rl9RGA,50.28435930567114,© Google,OK,8_5,189718.90142070176,8250092.08466902,76241eacffe282b011c530d6cd4667c19ed4872c,cardinal,4,2,180_deg_south,cardinal,180,0,90,640,640,2,batch_0002,191,datasets/df_2024_proportional/batch_0002/images/76241eacffe282b011c530d6cd4667c19ed4872c.jpg,https://raw.githubusercontent.com/GUIA-DD/dataset-streetview/refs/heads/main/datasets/df_2024_proportional/batch_0002/images/76241eacffe282b011c530d6cd4667c19ed4872c.jpg,True,downloaded,
2bf7341cae970c6d1fe83ed34d839a3a66202bfc,0393f48d4c1202af05fe033c4589bb34f7f960f4,-15.80865617653289,-47.896252591934264,-15.80865446254671,-47.89634802751562,2024-05,2024,pDTzv7M3DPT5hwB1rl9RGA,50.28435930567114,© Google,OK,8_5,189718.90142070176,8250092.08466902,1e417c00d1ad2380652be93bd0d134590cc6f562,cardinal,4,3,270_deg_west,cardinal,270,0,90,640,640,2,batch_0002,192,datasets/df_2024_proportional/batch_0002/images/1e417c00d1ad2380652be93bd0d134590cc6f562.jpg,https://raw.githubusercontent.com/GUIA-DD/dataset-streetview/refs/heads/main/datasets/df_2024_proportional/batch_0002/images/1e417c00d1ad2380652be93bd0d134590cc6f562.jpg,True,downloaded,
2c32f367d3973d14df9da09bfaa0fdaed206a190,81c3832f1c8efc4afe9f2f5daad74fe654b878c8,-15.923261600050456,-48.0990691998925,-15.92324285676802,-48.09906447976211,2025-07,2025,dMVKjGtZvDzdL8wxgNVCzQ,212.43473022573573,© Google,OK,3_2,168161.06317621426,8237089.104661686,a2a0bced65c52a36cfd691f95b9de4d36c24b49f,cardinal,4,0,0_deg_north,cardinal,0,0,90,640,640,2,batch_0002,193,datasets/df_2024_proportional/batch_0002/images/a2a0bced65c52a36cfd691f95b9de4d36c24b49f.jpg,https://raw.githubusercontent.com/GUIA-DD/dataset-streetview/refs/heads/main/datasets/df_2024_proportional/batch_0002/images/a2a0bced65c52a36cfd691f95b9de4d36c24b49f.jpg,True,downloaded,
2c32f367d3973d14df9da09bfaa0fdaed206a190,81c3832f1c8efc4afe9f2f5daad74fe654b878c8,-15.923261600050456,-48.0990691998925,-15.92324285676802,-48.09906447976211,2025-07,2025,dMVKjGtZvDzdL8wxgNVCzQ,212.43473022573573,© Google,OK,3_2,168161.06317621426,8237089.104661686,9a60d3a52df6418e88a9eddb6f48b694e7bdedae,cardinal,4,1,90_deg_east,cardinal,90,0,90,640,640,2,batch_0002,194,datasets/df_2024_proportional/batch_0002/images/9a60d3a52df6418e88a9eddb6f48b694e7bdedae.jpg,https://raw.githubusercontent.com/GUIA-DD/dataset-streetview/refs/heads/main/datasets/df_2024_proportional/batch_0002/images/9a60d3a52df6418e88a9eddb6f48b694e7bdedae.jpg,True,downloaded,
2c32f367d3973d14df9da09bfaa0fdaed206a190,81c3832f1c8efc4afe9f2f5daad74fe654b878c8,-15.923261600050456,-48.0990691998925,-15.92324285676802,-48.09906447976211,2025-07,2025,dMVKjGtZvDzdL8wxgNVCzQ,212.43473022573573,© Google,OK,3_2,168161.06317621426,8237089.104661686,9e5a18586527ff4dacd13584267005ac34ab9faa,cardinal,4,2,180_deg_south,cardinal,180,0,90,640,640,2,batch_0002,195,datasets/df_2024_proportional/batch_0002/images/9e5a18586527ff4dacd13584267005ac34ab9faa.jpg,https://raw.githubusercontent.com/GUIA-DD/dataset-streetview/refs/heads/main/datasets/df_2024_proportional/batch_0002/images/9e5a18586527ff4dacd13584267005ac34ab9faa.jpg,True,downloaded,
2c32f367d3973d14df9da09bfaa0fdaed206a190,81c3832f1c8efc4afe9f2f5daad74fe654b878c8,-15.923261600050456,-48.0990691998925,-15.92324285676802,-48.09906447976211,2025-07,2025,dMVKjGtZvDzdL8wxgNVCzQ,212.43473022573573,© Google,OK,3_2,168161.06317621426,8237089.104661686,b293daaf51a940a45b847b7c05bacb5f4d6df82c,cardinal,4,3,270_deg_west,cardinal,270,0,90,640,640,2,batch_0002,196,datasets/df_2024_proportional/batch_0002/images/b293daaf51a940a45b847b7c05bacb5f4d6df82c.jpg,https://raw.githubusercontent.com/GUIA-DD/dataset-streetview/refs/heads/main/datasets/df_2024_proportional/batch_0002/images/b293daaf51a940a45b847b7c05bacb5f4d6df82c.jpg,True,downloaded,
2cfed2880c497b22d963ed0aec90743061dae788,721f926e2568a8d081b989efcdfa77e386ee0488,-15.915162200030021,-48.09691810010087,-15.91517084369282,-48.09689904252707,2024-06,2024,ISO6cqUYAy6Rj7XtKdfa6A,135.31153058830358,© Google,OK,3_3,168378.27659176517,8237989.551796814,df9bb0cce199890ccf72bb17706fa0d3c62ab83c,cardinal,4,0,0_deg_north,cardinal,0,0,90,640,640,2,batch_0002,197,datasets/df_2024_proportional/batch_0002/images/df9bb0cce199890ccf72bb17706fa0d3c62ab83c.jpg,https://raw.githubusercontent.com/GUIA-DD/dataset-streetview/refs/heads/main/datasets/df_2024_proportional/batch_0002/images/df9bb0cce199890ccf72bb17706fa0d3c62ab83c.jpg,True,downloaded,
2cfed2880c497b22d963ed0aec90743061dae788,721f926e2568a8d081b989efcdfa77e386ee0488,-15.915162200030021,-48.09691810010087,-15.91517084369282,-48.09689904252707,2024-06,2024,ISO6cqUYAy6Rj7XtKdfa6A,135.31153058830358,© Google,OK,3_3,168378.27659176517,8237989.551796814,50d816b6e8e68d8cad6ad8475320bb9d4b384f19,cardinal,4,1,90_deg_east,cardinal,90,0,90,640,640,2,batch_0002,198,datasets/df_2024_proportional/batch_0002/images/50d816b6e8e68d8cad6ad8475320bb9d4b384f19.jpg,https://raw.githubusercontent.com/GUIA-DD/dataset-streetview/refs/heads/main/datasets/df_2024_proportional/batch_0002/images/50d816b6e8e68d8cad6ad8475320bb9d4b384f19.jpg,True,downloaded,
2cfed2880c497b22d963ed0aec90743061dae788,721f926e2568a8d081b989efcdfa77e386ee0488,-15.915162200030021,-48.09691810010087,-15.91517084369282,-48.09689904252707,2024-06,2024,ISO6cqUYAy6Rj7XtKdfa6A,135.31153058830358,© Google,OK,3_3,168378.27659176517,8237989.551796814,27b87462a5854eec0a8db2f77482904a9c791d96,cardinal,4,2,180_deg_south,cardinal,180,0,90,640,640,2,batch_0002,199,datasets/df_2024_proportional/batch_0002/images/27b87462a5854eec0a8db2f77482904a9c791d96.jpg,https://raw.githubusercontent.com/GUIA-DD/dataset-streetview/refs/heads/main/datasets/df_2024_proportional/batch_0002/images/27b87462a5854eec0a8db2f77482904a9c791d96.jpg,True,downloaded,
2cfed2880c497b22d963ed0aec90743061dae788,721f926e2568a8d081b989efcdfa77e386ee0488,-15.915162200030021,-48.09691810010087,-15.91517084369282,-48.09689904252707,2024-06,2024,ISO6cqUYAy6Rj7XtKdfa6A,135.31153058830358,© Google,OK,3_3,168378.27659176517,8237989.551796814,e0c864cfbacfa72539463fde628600aa9d6dd385,cardinal,4,3,270_deg_west,cardinal,270,0,90,640,640,2,batch_0002,200,datasets/df_2024_proportional/batch_0002/images/e0c864cfbacfa72539463fde628600aa9d6dd385.jpg,https://raw.githubusercontent.com/GUIA-DD/dataset-streetview/refs/heads/main/datasets/df_2024_proportional/batch_0002/images/e0c864cfbacfa72539463fde628600aa9d6dd385.jpg,True,downloaded,
2d02bc45e348514128487e3ba43d4fc40b1bbd66,24053c40cc520750b0718a5bdd46d5fca4f22e87,-15.796638250173247,-48.139604799929614,-15.79663718291069,-48.13961554501584,2026-02,2026,aIZ9_0JQ2T6L-DPi7Adtlw,252.2211327352266,© Google,OK,2_5,163606.71149737487,8251048.366107582,91180b5e479fe637014345c4a5d0eb21a40201ba,cardinal,4,0,0_deg_north,cardinal,0,0,90,640,640,2,batch_0002,201,datasets/df_2024_proportional/batch_0002/images/91180b5e479fe637014345c4a5d0eb21a40201ba.jpg,https://raw.githubusercontent.com/GUIA-DD/dataset-streetview/refs/heads/main/datasets/df_2024_proportional/batch_0002/images/91180b5e479fe637014345c4a5d0eb21a40201ba.jpg,True,downloaded,
2d02bc45e348514128487e3ba43d4fc40b1bbd66,24053c40cc520750b0718a5bdd46d5fca4f22e87,-15.796638250173247,-48.139604799929614,-15.79663718291069,-48.13961554501584,2026-02,2026,aIZ9_0JQ2T6L-DPi7Adtlw,252.2211327352266,© Google,OK,2_5,163606.71149737487,8251048.366107582,c7a4b1d8f9c4f25819342ecbc3ddaa5c235dc619,cardinal,4,1,90_deg_east,cardinal,90,0,90,640,640,2,batch_0002,202,datasets/df_2024_proportional/batch_0002/images/c7a4b1d8f9c4f25819342ecbc3ddaa5c235dc619.jpg,https://raw.githubusercontent.com/GUIA-DD/dataset-streetview/refs/heads/main/datasets/df_2024_proportional/batch_0002/images/c7a4b1d8f9c4f25819342ecbc3ddaa5c235dc619.jpg,True,downloaded,
2d02bc45e348514128487e3ba43d4fc40b1bbd66,24053c40cc520750b0718a5bdd46d5fca4f22e87,-15.796638250173247,-48.139604799929614,-15.79663718291069,-48.13961554501584,2026-02,2026,aIZ9_0JQ2T6L-DPi7Adtlw,252.2211327352266,© Google,OK,2_5,163606.71149737487,8251048.366107582,1c15b675e4b693e95f26f718b4d9b8ccb4827445,cardinal,4,2,180_deg_south,cardinal,180,0,90,640,640,2,batch_0002,203,datasets/df_2024_proportional/batch_0002/images/1c15b675e4b693e95f26f718b4d9b8ccb4827445.jpg,https://raw.githubusercontent.com/GUIA-DD/dataset-streetview/refs/heads/main/datasets/df_2024_proportional/batch_0002/images/1c15b675e4b693e95f26f718b4d9b8ccb4827445.jpg,True,downloaded,
2d02bc45e348514128487e3ba43d4fc40b1bbd66,24053c40cc520750b0718a5bdd46d5fca4f22e87,-15.796638250173247,-48.139604799929614,-15.79663718291069,-48.13961554501584,2026-02,2026,aIZ9_0JQ2T6L-DPi7Adtlw,252.2211327352266,© Google,OK,2_5,163606.71149737487,8251048.366107582,2fcf1ecc2780babdb2ffd41869e83b7cc9f5ca78,cardinal,4,3,270_deg_west,cardinal,270,0,90,640,640,2,batch_0002,204,datasets/df_2024_proportional/batch_0002/images/2fcf1ecc2780babdb2ffd41869e83b7cc9f5ca78.jpg,https://raw.githubusercontent.com/GUIA-DD/dataset-streetview/refs/heads/main/datasets/df_2024_proportional/batch_0002/images/2fcf1ecc2780babdb2ffd41869e83b7cc9f5ca78.jpg,True,downloaded,
2dd5a095b4c0166706f505256c6f098c1d8a06ab,bfad4dcdff45c8e0037c41bddf1537798be3b177,-15.833057100116688,-48.058541549945275,-15.83306972621508,-48.05855754348202,2024-08,2024,SMiu95DMtoVc9wK1SilMLg,250.60264338241288,© Google,OK,4_4,172358.14885943494,8247143.181828972,1131c7248abca6b82845fd8da90aac04e34ba515,cardinal,4,0,0_deg_north,cardinal,0,0,90,640,640,2,batch_0002,205,datasets/df_2024_proportional/batch_0002/images/1131c7248abca6b82845fd8da90aac04e34ba515.jpg,https://raw.githubusercontent.com/GUIA-DD/dataset-streetview/refs/heads/main/datasets/df_2024_proportional/batch_0002/images/1131c7248abca6b82845fd8da90aac04e34ba515.jpg,True,downloaded,
2dd5a095b4c0166706f505256c6f098c1d8a06ab,bfad4dcdff45c8e0037c41bddf1537798be3b177,-15.833057100116688,-48.058541549945275,-15.83306972621508,-48.05855754348202,2024-08,2024,SMiu95DMtoVc9wK1SilMLg,250.60264338241288,© Google,OK,4_4,172358.14885943494,8247143.181828972,2c4c3c29f3100b3e60465c49f3571fbc5150667e,cardinal,4,1,90_deg_east,cardinal,90,0,90,640,640,2,batch_0002,206,datasets/df_2024_proportional/batch_0002/images/2c4c3c29f3100b3e60465c49f3571fbc5150667e.jpg,https://raw.githubusercontent.com/GUIA-DD/dataset-streetview/refs/heads/main/datasets/df_2024_proportional/batch_0002/images/2c4c3c29f3100b3e60465c49f3571fbc5150667e.jpg,True,downloaded,
2dd5a095b4c0166706f505256c6f098c1d8a06ab,bfad4dcdff45c8e0037c41bddf1537798be3b177,-15.833057100116688,-48.058541549945275,-15.83306972621508,-48.05855754348202,2024-08,2024,SMiu95DMtoVc9wK1SilMLg,250.60264338241288,© Google,OK,4_4,172358.14885943494,8247143.181828972,1ecc436a795a6d604b305d7d4066cf4d21a9ca56,cardinal,4,2,180_deg_south,cardinal,180,0,90,640,640,2,batch_0002,207,datasets/df_2024_proportional/batch_0002/images/1ecc436a795a6d604b305d7d4066cf4d21a9ca56.jpg,https://raw.githubusercontent.com/GUIA-DD/dataset-streetview/refs/heads/main/datasets/df_2024_proportional/batch_0002/images/1ecc436a795a6d604b305d7d4066cf4d21a9ca56.jpg,True,downloaded,
2dd5a095b4c0166706f505256c6f098c1d8a06ab,bfad4dcdff45c8e0037c41bddf1537798be3b177,-15.833057100116688,-48.058541549945275,-15.83306972621508,-48.05855754348202,2024-08,2024,SMiu95DMtoVc9wK1SilMLg,250.60264338241288,© Google,OK,4_4,172358.14885943494,8247143.181828972,0431ac9f906ed14b60c9a16bbbdc3f3b8f2e61c9,cardinal,4,3,270_deg_west,cardinal,270,0,90,640,640,2,batch_0002,208,datasets/df_2024_proportional/batch_0002/images/0431ac9f906ed14b60c9a16bbbdc3f3b8f2e61c9.jpg,https://raw.githubusercontent.com/GUIA-DD/dataset-streetview/refs/heads/main/datasets/df_2024_proportional/batch_0002/images/0431ac9f906ed14b60c9a16bbbdc3f3b8f2e61c9.jpg,True,downloaded,
2ecf91b28f9dea4d349d095a04f762050ae153ab,301cb16b2f772884d9f942680487e26ffe0b98a4,-15.87965047282533,-47.81267369948774,-15.87965316822076,-47.81269956357105,2025-01,2025,sUvc3a_ocRzH0q3m3W6S8Q,87.71442869920494,© Google,OK,9_3,198784.57517336015,8242352.804930522,a3fe7111abd1b1d72bbb385333b7ac48c8be9e6e,cardinal,4,0,0_deg_north,cardinal,0,0,90,640,640,2,batch_0002,209,datasets/df_2024_proportional/batch_0002/images/a3fe7111abd1b1d72bbb385333b7ac48c8be9e6e.jpg,https://raw.githubusercontent.com/GUIA-DD/dataset-streetview/refs/heads/main/datasets/df_2024_proportional/batch_0002/images/a3fe7111abd1b1d72bbb385333b7ac48c8be9e6e.jpg,True,downloaded,
2ecf91b28f9dea4d349d095a04f762050ae153ab,301cb16b2f772884d9f942680487e26ffe0b98a4,-15.87965047282533,-47.81267369948774,-15.87965316822076,-47.81269956357105,2025-01,2025,sUvc3a_ocRzH0q3m3W6S8Q,87.71442869920494,© Google,OK,9_3,198784.57517336015,8242352.804930522,7abe297ca6df44febb6aa711ffb14350128bc30b,cardinal,4,1,90_deg_east,cardinal,90,0,90,640,640,2,batch_0002,210,datasets/df_2024_proportional/batch_0002/images/7abe297ca6df44febb6aa711ffb14350128bc30b.jpg,https://raw.githubusercontent.com/GUIA-DD/dataset-streetview/refs/heads/main/datasets/df_2024_proportional/batch_0002/images/7abe297ca6df44febb6aa711ffb14350128bc30b.jpg,True,downloaded,
2ecf91b28f9dea4d349d095a04f762050ae153ab,301cb16b2f772884d9f942680487e26ffe0b98a4,-15.87965047282533,-47.81267369948774,-15.87965316822076,-47.81269956357105,2025-01,2025,sUvc3a_ocRzH0q3m3W6S8Q,87.71442869920494,© Google,OK,9_3,198784.57517336015,8242352.804930522,64fed829c7c30d70013f9743d447a3e3b4e318a7,cardinal,4,2,180_deg_south,cardinal,180,0,90,640,640,2,batch_0002,211,datasets/df_2024_proportional/batch_0002/images/64fed829c7c30d70013f9743d447a3e3b4e318a7.jpg,https://raw.githubusercontent.com/GUIA-DD/dataset-streetview/refs/heads/main/datasets/df_2024_proportional/batch_0002/images/64fed829c7c30d70013f9743d447a3e3b4e318a7.jpg,True,downloaded,
2ecf91b28f9dea4d349d095a04f762050ae153ab,301cb16b2f772884d9f942680487e26ffe0b98a4,-15.87965047282533,-47.81267369948774,-15.87965316822076,-47.81269956357105,2025-01,2025,sUvc3a_ocRzH0q3m3W6S8Q,87.71442869920494,© Google,OK,9_3,198784.57517336015,8242352.804930522,c58d989b3bca9b2d15f5c36c36b6530c60266797,cardinal,4,3,270_deg_west,cardinal,270,0,90,640,640,2,batch_0002,212,datasets/df_2024_proportional/batch_0002/images/c58d989b3bca9b2d15f5c36c36b6530c60266797.jpg,https://raw.githubusercontent.com/GUIA-DD/dataset-streetview/refs/heads/main/datasets/df_2024_proportional/batch_0002/images/c58d989b3bca9b2d15f5c36c36b6530c60266797.jpg,True,downloaded,
30be1a7a17a2c48acf5efd452e14f3211b17a22e,158b4b426abb1177e48484d7bba2f86fbca4ee73,-15.892366300765042,-48.107006249445305,-15.89236126384898,-48.10700616920164,2025-06,2025,kuoPmaoHAtrmlnMF-9vebw,243.27002696001688,© Google,OK,3_3,167259.56708947968,8240498.1928653885,35b349ade3146de936f77fc7ee2306d30476d4a7,cardinal,4,0,0_deg_north,cardinal,0,0,90,640,640,2,batch_0002,213,datasets/df_2024_proportional/batch_0002/images/35b349ade3146de936f77fc7ee2306d30476d4a7.jpg,https://raw.githubusercontent.com/GUIA-DD/dataset-streetview/refs/heads/main/datasets/df_2024_proportional/batch_0002/images/35b349ade3146de936f77fc7ee2306d30476d4a7.jpg,True,downloaded,
30be1a7a17a2c48acf5efd452e14f3211b17a22e,158b4b426abb1177e48484d7bba2f86fbca4ee73,-15.892366300765042,-48.107006249445305,-15.89236126384898,-48.10700616920164,2025-06,2025,kuoPmaoHAtrmlnMF-9vebw,243.27002696001688,© Google,OK,3_3,167259.56708947968,8240498.1928653885,21c5125d8d6f2ec9ec9b169e218087aefed03f8e,cardinal,4,1,90_deg_east,cardinal,90,0,90,640,640,2,batch_0002,214,datasets/df_2024_proportional/batch_0002/images/21c5125d8d6f2ec9ec9b169e218087aefed03f8e.jpg,https://raw.githubusercontent.com/GUIA-DD/dataset-streetview/refs/heads/main/datasets/df_2024_proportional/batch_0002/images/21c5125d8d6f2ec9ec9b169e218087aefed03f8e.jpg,True,downloaded,
30be1a7a17a2c48acf5efd452e14f3211b17a22e,158b4b426abb1177e48484d7bba2f86fbca4ee73,-15.892366300765042,-48.107006249445305,-15.89236126384898,-48.10700616920164,2025-06,2025,kuoPmaoHAtrmlnMF-9vebw,243.27002696001688,© Google,OK,3_3,167259.56708947968,8240498.1928653885,9da424d2a5c885fa0b2c42d4a9f7b06f506bb4b6,cardinal,4,2,180_deg_south,cardinal,180,0,90,640,640,2,batch_0002,215,datasets/df_2024_proportional/batch_0002/images/9da424d2a5c885fa0b2c42d4a9f7b06f506bb4b6.jpg,https://raw.githubusercontent.com/GUIA-DD/dataset-streetview/refs/heads/main/datasets/df_2024_proportional/batch_0002/images/9da424d2a5c885fa0b2c42d4a9f7b06f506bb4b6.jpg,True,downloaded,
30be1a7a17a2c48acf5efd452e14f3211b17a22e,158b4b426abb1177e48484d7bba2f86fbca4ee73,-15.892366300765042,-48.107006249445305,-15.89236126384898,-48.10700616920164,2025-06,2025,kuoPmaoHAtrmlnMF-9vebw,243.27002696001688,© Google,OK,3_3,167259.56708947968,8240498.1928653885,4079be1ff5ccf217c40459d9c4ef199eee541bf1,cardinal,4,3,270_deg_west,cardinal,270,0,90,640,640,2,batch_0002,216,datasets/df_2024_proportional/batch_0002/images/4079be1ff5ccf217c40459d9c4ef199eee541bf1.jpg,https://raw.githubusercontent.com/GUIA-DD/dataset-streetview/refs/heads/main/datasets/df_2024_proportional/batch_0002/images/4079be1ff5ccf217c40459d9c4ef199eee541bf1.jpg,True,downloaded,
32c0a83601fe56627d6728ead108325b07ee54fe,f9daac5154a2df66753203fa8c4796567a145a98,-15.87437695017429,-48.10060714987983,-15.87439114883656,-48.10060193687672,2025-03,2025,jYVkg-9aiPdVGZaRsnYIdQ,64.26684101148717,© Google,OK,3_3,167915.9060862211,8242500.73358624,54359961ff2dd1d3b6bab694c2e0e5e6fd8f8640,cardinal,4,0,0_deg_north,cardinal,0,0,90,640,640,2,batch_0002,217,datasets/df_2024_proportional/batch_0002/images/54359961ff2dd1d3b6bab694c2e0e5e6fd8f8640.jpg,https://raw.githubusercontent.com/GUIA-DD/dataset-streetview/refs/heads/main/datasets/df_2024_proportional/batch_0002/images/54359961ff2dd1d3b6bab694c2e0e5e6fd8f8640.jpg,True,downloaded,
32c0a83601fe56627d6728ead108325b07ee54fe,f9daac5154a2df66753203fa8c4796567a145a98,-15.87437695017429,-48.10060714987983,-15.87439114883656,-48.10060193687672,2025-03,2025,jYVkg-9aiPdVGZaRsnYIdQ,64.26684101148717,© Google,OK,3_3,167915.9060862211,8242500.73358624,54da2ec874ebc155e3d29c7aae958e0bca147809,cardinal,4,1,90_deg_east,cardinal,90,0,90,640,640,2,batch_0002,218,datasets/df_2024_proportional/batch_0002/images/54da2ec874ebc155e3d29c7aae958e0bca147809.jpg,https://raw.githubusercontent.com/GUIA-DD/dataset-streetview/refs/heads/main/datasets/df_2024_proportional/batch_0002/images/54da2ec874ebc155e3d29c7aae958e0bca147809.jpg,True,downloaded,
32c0a83601fe56627d6728ead108325b07ee54fe,f9daac5154a2df66753203fa8c4796567a145a98,-15.87437695017429,-48.10060714987983,-15.87439114883656,-48.10060193687672,2025-03,2025,jYVkg-9aiPdVGZaRsnYIdQ,64.26684101148717,© Google,OK,3_3,167915.9060862211,8242500.73358624,a04c6a72bfa95af398625847af89fbd641d340e2,cardinal,4,2,180_deg_south,cardinal,180,0,90,640,640,2,batch_0002,219,datasets/df_2024_proportional/batch_0002/images/a04c6a72bfa95af398625847af89fbd641d340e2.jpg,https://raw.githubusercontent.com/GUIA-DD/dataset-streetview/refs/heads/main/datasets/df_2024_proportional/batch_0002/images/a04c6a72bfa95af398625847af89fbd641d340e2.jpg,True,downloaded,
32c0a83601fe56627d6728ead108325b07ee54fe,f9daac5154a2df66753203fa8c4796567a145a98,-15.87437695017429,-48.10060714987983,-15.87439114883656,-48.10060193687672,2025-03,2025,jYVkg-9aiPdVGZaRsnYIdQ,64.26684101148717,© Google,OK,3_3,167915.9060862211,8242500.73358624,4e8672ddfeade59f319c3bf8cc54be0d9b985faf,cardinal,4,3,270_deg_west,cardinal,270,0,90,640,640,2,batch_0002,220,datasets/df_2024_proportional/batch_0002/images/4e8672ddfeade59f319c3bf8cc54be0d9b985faf.jpg,https://raw.githubusercontent.com/GUIA-DD/dataset-streetview/refs/heads/main/datasets/df_2024_proportional/batch_0002/images/4e8672ddfeade59f319c3bf8cc54be0d9b985faf.jpg,True,downloaded,
33384b7c1e5f8670da414e1db357f72995a08162,aeed1fc0bf7905dc502721292c841d1069bfe4ff,-15.8073546500009,-47.987915250000455,-15.80734288769553,-47.9879566030723,2024-06,2024,9UlM9oZ_pukU6Ur-fl7I6w,277.4562706782614,© Google,OK,6_5,179889.33613863733,8250098.619454484,99d479430e2186c6df976b21b97dedee2554b2f3,cardinal,4,0,0_deg_north,cardinal,0,0,90,640,640,2,batch_0002,221,datasets/df_2024_proportional/batch_0002/images/99d479430e2186c6df976b21b97dedee2554b2f3.jpg,https://raw.githubusercontent.com/GUIA-DD/dataset-streetview/refs/heads/main/datasets/df_2024_proportional/batch_0002/images/99d479430e2186c6df976b21b97dedee2554b2f3.jpg,True,downloaded,
33384b7c1e5f8670da414e1db357f72995a08162,aeed1fc0bf7905dc502721292c841d1069bfe4ff,-15.8073546500009,-47.987915250000455,-15.80734288769553,-47.9879566030723,2024-06,2024,9UlM9oZ_pukU6Ur-fl7I6w,277.4562706782614,© Google,OK,6_5,179889.33613863733,8250098.619454484,e008d54c4177912d4db4e5857437d2210278206a,cardinal,4,1,90_deg_east,cardinal,90,0,90,640,640,2,batch_0002,222,datasets/df_2024_proportional/batch_0002/images/e008d54c4177912d4db4e5857437d2210278206a.jpg,https://raw.githubusercontent.com/GUIA-DD/dataset-streetview/refs/heads/main/datasets/df_2024_proportional/batch_0002/images/e008d54c4177912d4db4e5857437d2210278206a.jpg,True,downloaded,
33384b7c1e5f8670da414e1db357f72995a08162,aeed1fc0bf7905dc502721292c841d1069bfe4ff,-15.8073546500009,-47.987915250000455,-15.80734288769553,-47.9879566030723,2024-06,2024,9UlM9oZ_pukU6Ur-fl7I6w,277.4562706782614,© Google,OK,6_5,179889.33613863733,8250098.619454484,b3d6dc5885665d6411007b47da0fdfedd95d0d99,cardinal,4,2,180_deg_south,cardinal,180,0,90,640,640,2,batch_0002,223,datasets/df_2024_proportional/batch_0002/images/b3d6dc5885665d6411007b47da0fdfedd95d0d99.jpg,https://raw.githubusercontent.com/GUIA-DD/dataset-streetview/refs/heads/main/datasets/df_2024_proportional/batch_0002/images/b3d6dc5885665d6411007b47da0fdfedd95d0d99.jpg,True,downloaded,
33384b7c1e5f8670da414e1db357f72995a08162,aeed1fc0bf7905dc502721292c841d1069bfe4ff,-15.8073546500009,-47.987915250000455,-15.80734288769553,-47.9879566030723,2024-06,2024,9UlM9oZ_pukU6Ur-fl7I6w,277.4562706782614,© Google,OK,6_5,179889.33613863733,8250098.619454484,b66bc3a6162007ecb56e92507d181b84a2f06767,cardinal,4,3,270_deg_west,cardinal,270,0,90,640,640,2,batch_0002,224,datasets/df_2024_proportional/batch_0002/images/b66bc3a6162007ecb56e92507d181b84a2f06767.jpg,https://raw.githubusercontent.com/GUIA-DD/dataset-streetview/refs/heads/main/datasets/df_2024_proportional/batch_0002/images/b66bc3a6162007ecb56e92507d181b84a2f06767.jpg,True,downloaded,
33c680c9b3189b8e7de8e49f08731d19f625c764,482ba5900327f631b244957eacfc28a39214e437,-15.785023878513094,-48.00077869424,-15.78501379213162,-48.00076611979767,2024-09,2024,DkkLhkTVeXLqZbuNDu1BGQ,40.345036316965896,© Google,OK,5_6,178474.84111560168,8252551.933189544,d2525db6301d83376234b7233a474705c7861942,cardinal,4,0,0_deg_north,cardinal,0,0,90,640,640,2,batch_0002,225,datasets/df_2024_proportional/batch_0002/images/d2525db6301d83376234b7233a474705c7861942.jpg,https://raw.githubusercontent.com/GUIA-DD/dataset-streetview/refs/heads/main/datasets/df_2024_proportional/batch_0002/images/d2525db6301d83376234b7233a474705c7861942.jpg,True,downloaded,
33c680c9b3189b8e7de8e49f08731d19f625c764,482ba5900327f631b244957eacfc28a39214e437,-15.785023878513094,-48.00077869424,-15.78501379213162,-48.00076611979767,2024-09,2024,DkkLhkTVeXLqZbuNDu1BGQ,40.345036316965896,© Google,OK,5_6,178474.84111560168,8252551.933189544,fc12083f8873bd3edb84a7f3f88a64f37952dfcd,cardinal,4,1,90_deg_east,cardinal,90,0,90,640,640,2,batch_0002,226,datasets/df_2024_proportional/batch_0002/images/fc12083f8873bd3edb84a7f3f88a64f37952dfcd.jpg,https://raw.githubusercontent.com/GUIA-DD/dataset-streetview/refs/heads/main/datasets/df_2024_proportional/batch_0002/images/fc12083f8873bd3edb84a7f3f88a64f37952dfcd.jpg,True,downloaded,
33c680c9b3189b8e7de8e49f08731d19f625c764,482ba5900327f631b244957eacfc28a39214e437,-15.785023878513094,-48.00077869424,-15.78501379213162,-48.00076611979767,2024-09,2024,DkkLhkTVeXLqZbuNDu1BGQ,40.345036316965896,© Google,OK,5_6,178474.84111560168,8252551.933189544,8243e00a49b588789ea1edaa59df1a41e4d4db54,cardinal,4,2,180_deg_south,cardinal,180,0,90,640,640,2,batch_0002,227,datasets/df_2024_proportional/batch_0002/images/8243e00a49b588789ea1edaa59df1a41e4d4db54.jpg,https://raw.githubusercontent.com/GUIA-DD/dataset-streetview/refs/heads/main/datasets/df_2024_proportional/batch_0002/images/8243e00a49b588789ea1edaa59df1a41e4d4db54.jpg,True,downloaded,
33c680c9b3189b8e7de8e49f08731d19f625c764,482ba5900327f631b244957eacfc28a39214e437,-15.785023878513094,-48.00077869424,-15.78501379213162,-48.00076611979767,2024-09,2024,DkkLhkTVeXLqZbuNDu1BGQ,40.345036316965896,© Google,OK,5_6,178474.84111560168,8252551.933189544,641a5fab3b89849cf094d1a93680930f5338dc1c,cardinal,4,3,270_deg_west,cardinal,270,0,90,640,640,2,batch_0002,228,datasets/df_2024_proportional/batch_0002/images/641a5fab3b89849cf094d1a93680930f5338dc1c.jpg,https://raw.githubusercontent.com/GUIA-DD/dataset-streetview/refs/heads/main/datasets/df_2024_proportional/batch_0002/images/641a5fab3b89849cf094d1a93680930f5338dc1c.jpg,True,downloaded,
3671ebe69dae9121735e06aa8f8d044d76207fe4,8014600cbd474429132cf127da6c2e3894a16a1d,-15.744591350263374,-47.89460874988109,-15.74457312916971,-47.89461316095554,2024-06,2024,wPMwWlYL6haoennBGEJSWg,71.41687519565768,© Google,OK,8_6,189797.60958168985,8257188.625325174,1d7b5d9eba686f3675f3ec00555447c51d147801,cardinal,4,0,0_deg_north,cardinal,0,0,90,640,640,2,batch_0002,229,datasets/df_2024_proportional/batch_0002/images/1d7b5d9eba686f3675f3ec00555447c51d147801.jpg,https://raw.githubusercontent.com/GUIA-DD/dataset-streetview/refs/heads/main/datasets/df_2024_proportional/batch_0002/images/1d7b5d9eba686f3675f3ec00555447c51d147801.jpg,True,downloaded,
3671ebe69dae9121735e06aa8f8d044d76207fe4,8014600cbd474429132cf127da6c2e3894a16a1d,-15.744591350263374,-47.89460874988109,-15.74457312916971,-47.89461316095554,2024-06,2024,wPMwWlYL6haoennBGEJSWg,71.41687519565768,© Google,OK,8_6,189797.60958168985,8257188.625325174,899a4578ef5b43347ec084a30460c4de29cbe826,cardinal,4,1,90_deg_east,cardinal,90,0,90,640,640,2,batch_0002,230,datasets/df_2024_proportional/batch_0002/images/899a4578ef5b43347ec084a30460c4de29cbe826.jpg,https://raw.githubusercontent.com/GUIA-DD/dataset-streetview/refs/heads/main/datasets/df_2024_proportional/batch_0002/images/899a4578ef5b43347ec084a30460c4de29cbe826.jpg,True,downloaded,
3671ebe69dae9121735e06aa8f8d044d76207fe4,8014600cbd474429132cf127da6c2e3894a16a1d,-15.744591350263374,-47.89460874988109,-15.74457312916971,-47.89461316095554,2024-06,2024,wPMwWlYL6haoennBGEJSWg,71.41687519565768,© Google,OK,8_6,189797.60958168985,8257188.625325174,0af1547d3de9b9a213617e3bd4bcc72d3e590d42,cardinal,4,2,180_deg_south,cardinal,180,0,90,640,640,2,batch_0002,231,datasets/df_2024_proportional/batch_0002/images/0af1547d3de9b9a213617e3bd4bcc72d3e590d42.jpg,https://raw.githubusercontent.com/GUIA-DD/dataset-streetview/refs/heads/main/datasets/df_2024_proportional/batch_0002/images/0af1547d3de9b9a213617e3bd4bcc72d3e590d42.jpg,True,downloaded,
3671ebe69dae9121735e06aa8f8d044d76207fe4,8014600cbd474429132cf127da6c2e3894a16a1d,-15.744591350263374,-47.89460874988109,-15.74457312916971,-47.89461316095554,2024-06,2024,wPMwWlYL6haoennBGEJSWg,71.41687519565768,© Google,OK,8_6,189797.60958168985,8257188.625325174,c5e51b76a2a56097ded6a7d462929e4a0219f789,cardinal,4,3,270_deg_west,cardinal,270,0,90,640,640,2,batch_0002,232,datasets/df_2024_proportional/batch_0002/images/c5e51b76a2a56097ded6a7d462929e4a0219f789.jpg,https://raw.githubusercontent.com/GUIA-DD/dataset-streetview/refs/heads/main/datasets/df_2024_proportional/batch_0002/images/c5e51b76a2a56097ded6a7d462929e4a0219f789.jpg,True,downloaded,
37893f10391e47d5c09df3065ba5a22516b673b1,fcc1a4aa36fcfa61d75e11dae489f6f78c442435,-15.974218850005775,-48.18814399996307,-15.97416587586213,-48.18823414059753,2025-05,2025,wGed7J8xdML39UfdHqi4EA,184.62886868647405,© Google,OK,1_1,158701.2829036998,8231301.217989787,449ec997efbcda0abbbe26de3b8d8942af5a31eb,cardinal,4,0,0_deg_north,cardinal,0,0,90,640,640,2,batch_0002,233,datasets/df_2024_proportional/batch_0002/images/449ec997efbcda0abbbe26de3b8d8942af5a31eb.jpg,https://raw.githubusercontent.com/GUIA-DD/dataset-streetview/refs/heads/main/datasets/df_2024_proportional/batch_0002/images/449ec997efbcda0abbbe26de3b8d8942af5a31eb.jpg,True,downloaded,
37893f10391e47d5c09df3065ba5a22516b673b1,fcc1a4aa36fcfa61d75e11dae489f6f78c442435,-15.974218850005775,-48.18814399996307,-15.97416587586213,-48.18823414059753,2025-05,2025,wGed7J8xdML39UfdHqi4EA,184.62886868647405,© Google,OK,1_1,158701.2829036998,8231301.217989787,38774c19c9cbfd299133410f2e50884e2b4a56d3,cardinal,4,1,90_deg_east,cardinal,90,0,90,640,640,2,batch_0002,234,datasets/df_2024_proportional/batch_0002/images/38774c19c9cbfd299133410f2e50884e2b4a56d3.jpg,https://raw.githubusercontent.com/GUIA-DD/dataset-streetview/refs/heads/main/datasets/df_2024_proportional/batch_0002/images/38774c19c9cbfd299133410f2e50884e2b4a56d3.jpg,True,downloaded,
37893f10391e47d5c09df3065ba5a22516b673b1,fcc1a4aa36fcfa61d75e11dae489f6f78c442435,-15.974218850005775,-48.18814399996307,-15.97416587586213,-48.18823414059753,2025-05,2025,wGed7J8xdML39UfdHqi4EA,184.62886868647405,© Google,OK,1_1,158701.2829036998,8231301.217989787,39fa4f95c48fedb5707e4db580dd70c360b491ec,cardinal,4,2,180_deg_south,cardinal,180,0,90,640,640,2,batch_0002,235,datasets/df_2024_proportional/batch_0002/images/39fa4f95c48fedb5707e4db580dd70c360b491ec.jpg,https://raw.githubusercontent.com/GUIA-DD/dataset-streetview/refs/heads/main/datasets/df_2024_proportional/batch_0002/images/39fa4f95c48fedb5707e4db580dd70c360b491ec.jpg,True,downloaded,
37893f10391e47d5c09df3065ba5a22516b673b1,fcc1a4aa36fcfa61d75e11dae489f6f78c442435,-15.974218850005775,-48.18814399996307,-15.97416587586213,-48.18823414059753,2025-05,2025,wGed7J8xdML39UfdHqi4EA,184.62886868647405,© Google,OK,1_1,158701.2829036998,8231301.217989787,565ab57fe1baa1da95bb4ed0afacb847340d2348,cardinal,4,3,270_deg_west,cardinal,270,0,90,640,640,2,batch_0002,236,datasets/df_2024_proportional/batch_0002/images/565ab57fe1baa1da95bb4ed0afacb847340d2348.jpg,https://raw.githubusercontent.com/GUIA-DD/dataset-streetview/refs/heads/main/datasets/df_2024_proportional/batch_0002/images/565ab57fe1baa1da95bb4ed0afacb847340d2348.jpg,True,downloaded,
37b86988ae8bc748239d919ed5c7bcffa7a4d19e,36b43dd7d702412587771c6f44bb77eb933d957e,-15.899731299999775,-48.0473131500661,-15.89971126555834,-48.0473304907072,2025-06,2025,_io9LPsiEqx7v_DRHGDSWQ,342.3197853143646,© Google,OK,4_3,173669.42049623284,8239776.722658512,bfd5696fe0600090efbbba8b90c8a7487a083a2a,cardinal,4,0,0_deg_north,cardinal,0,0,90,640,640,2,batch_0002,237,datasets/df_2024_proportional/batch_0002/images/bfd5696fe0600090efbbba8b90c8a7487a083a2a.jpg,https://raw.githubusercontent.com/GUIA-DD/dataset-streetview/refs/heads/main/datasets/df_2024_proportional/batch_0002/images/bfd5696fe0600090efbbba8b90c8a7487a083a2a.jpg,True,downloaded,
37b86988ae8bc748239d919ed5c7bcffa7a4d19e,36b43dd7d702412587771c6f44bb77eb933d957e,-15.899731299999775,-48.0473131500661,-15.89971126555834,-48.0473304907072,2025-06,2025,_io9LPsiEqx7v_DRHGDSWQ,342.3197853143646,© Google,OK,4_3,173669.42049623284,8239776.722658512,0bb76a1e35db7d1775835e2dbd0eff80dbb08640,cardinal,4,1,90_deg_east,cardinal,90,0,90,640,640,2,batch_0002,238,datasets/df_2024_proportional/batch_0002/images/0bb76a1e35db7d1775835e2dbd0eff80dbb08640.jpg,https://raw.githubusercontent.com/GUIA-DD/dataset-streetview/refs/heads/main/datasets/df_2024_proportional/batch_0002/images/0bb76a1e35db7d1775835e2dbd0eff80dbb08640.jpg,True,downloaded,
37b86988ae8bc748239d919ed5c7bcffa7a4d19e,36b43dd7d702412587771c6f44bb77eb933d957e,-15.899731299999775,-48.0473131500661,-15.89971126555834,-48.0473304907072,2025-06,2025,_io9LPsiEqx7v_DRHGDSWQ,342.3197853143646,© Google,OK,4_3,173669.42049623284,8239776.722658512,e06ee404b8bef42f770cccee94ce46b9470e3912,cardinal,4,2,180_deg_south,cardinal,180,0,90,640,640,2,batch_0002,239,datasets/df_2024_proportional/batch_0002/images/e06ee404b8bef42f770cccee94ce46b9470e3912.jpg,https://raw.githubusercontent.com/GUIA-DD/dataset-streetview/refs/heads/main/datasets/df_2024_proportional/batch_0002/images/e06ee404b8bef42f770cccee94ce46b9470e3912.jpg,True,downloaded,
37b86988ae8bc748239d919ed5c7bcffa7a4d19e,36b43dd7d702412587771c6f44bb77eb933d957e,-15.899731299999775,-48.0473131500661,-15.89971126555834,-48.0473304907072,2025-06,2025,_io9LPsiEqx7v_DRHGDSWQ,342.3197853143646,© Google,OK,4_3,173669.42049623284,8239776.722658512,0f64aec04aace0989db05f236e7b6a6e985de3fe,cardinal,4,3,270_deg_west,cardinal,270,0,90,640,640,2,batch_0002,240,datasets/df_2024_proportional/batch_0002/images/0f64aec04aace0989db05f236e7b6a6e985de3fe.jpg,https://raw.githubusercontent.com/GUIA-DD/dataset-streetview/refs/heads/main/datasets/df_2024_proportional/batch_0002/images/0f64aec04aace0989db05f236e7b6a6e985de3fe.jpg,True,downloaded,
3a6c8d7bf0d9663cac11f2cd5d6e4b1e1c3e5ea6,a242cee9424c472ec93e67d0721c576649164f13,-15.878513400075745,-48.06169650008195,-15.87851978076129,-48.06174015541271,2025-06,2025,SjRbayloyA0vCUNNta98bw,289.739165086838,© Google,OK,4_3,172093.47344075298,8242104.039079608,1c4c421e0ac54fb3615ff5282a5f15cfac276876,cardinal,4,0,0_deg_north,cardinal,0,0,90,640,640,2,batch_0002,241,datasets/df_2024_proportional/batch_0002/images/1c4c421e0ac54fb3615ff5282a5f15cfac276876.jpg,https://raw.githubusercontent.com/GUIA-DD/dataset-streetview/refs/heads/main/datasets/df_2024_proportional/batch_0002/images/1c4c421e0ac54fb3615ff5282a5f15cfac276876.jpg,True,downloaded,
3a6c8d7bf0d9663cac11f2cd5d6e4b1e1c3e5ea6,a242cee9424c472ec93e67d0721c576649164f13,-15.878513400075745,-48.06169650008195,-15.87851978076129,-48.06174015541271,2025-06,2025,SjRbayloyA0vCUNNta98bw,289.739165086838,© Google,OK,4_3,172093.47344075298,8242104.039079608,2c73fdd7c414f959024fd24eedaac5e002cc900a,cardinal,4,1,90_deg_east,cardinal,90,0,90,640,640,2,batch_0002,242,datasets/df_2024_proportional/batch_0002/images/2c73fdd7c414f959024fd24eedaac5e002cc900a.jpg,https://raw.githubusercontent.com/GUIA-DD/dataset-streetview/refs/heads/main/datasets/df_2024_proportional/batch_0002/images/2c73fdd7c414f959024fd24eedaac5e002cc900a.jpg,True,downloaded,
3a6c8d7bf0d9663cac11f2cd5d6e4b1e1c3e5ea6,a242cee9424c472ec93e67d0721c576649164f13,-15.878513400075745,-48.06169650008195,-15.87851978076129,-48.06174015541271,2025-06,2025,SjRbayloyA0vCUNNta98bw,289.739165086838,© Google,OK,4_3,172093.47344075298,8242104.039079608,42f44d98076b2bdb133bfc57b8dfab204ef78f21,cardinal,4,2,180_deg_south,cardinal,180,0,90,640,640,2,batch_0002,243,datasets/df_2024_proportional/batch_0002/images/42f44d98076b2bdb133bfc57b8dfab204ef78f21.jpg,https://raw.githubusercontent.com/GUIA-DD/dataset-streetview/refs/heads/main/datasets/df_2024_proportional/batch_0002/images/42f44d98076b2bdb133bfc57b8dfab204ef78f21.jpg,True,downloaded,
3a6c8d7bf0d9663cac11f2cd5d6e4b1e1c3e5ea6,a242cee9424c472ec93e67d0721c576649164f13,-15.878513400075745,-48.06169650008195,-15.87851978076129,-48.06174015541271,2025-06,2025,SjRbayloyA0vCUNNta98bw,289.739165086838,© Google,OK,4_3,172093.47344075298,8242104.039079608,ed8b61ea110ea0b9b5f223bcceb6562143bdbf5a,cardinal,4,3,270_deg_west,cardinal,270,0,90,640,640,2,batch_0002,244,datasets/df_2024_proportional/batch_0002/images/ed8b61ea110ea0b9b5f223bcceb6562143bdbf5a.jpg,https://raw.githubusercontent.com/GUIA-DD/dataset-streetview/refs/heads/main/datasets/df_2024_proportional/batch_0002/images/ed8b61ea110ea0b9b5f223bcceb6562143bdbf5a.jpg,True,downloaded,
3b7c30b51080d61517819756216b3c515aa0ae00,b50984eb217b2e0ac5309ed1a85598544c9824c6,-15.825693324805716,-48.0785260091775,-15.82570707901615,-48.07849504603332,2024-08,2024,CoJekAWtto_RZ67m-AgnmQ,69.69143202269683,© Google,OK,4_5,170203.61739746472,8247927.379576695,4266fb9d14c882ee70906785b2b8a266f0f32e28,cardinal,4,0,0_deg_north,cardinal,0,0,90,640,640,2,batch_0002,245,datasets/df_2024_proportional/batch_0002/images/4266fb9d14c882ee70906785b2b8a266f0f32e28.jpg,https://raw.githubusercontent.com/GUIA-DD/dataset-streetview/refs/heads/main/datasets/df_2024_proportional/batch_0002/images/4266fb9d14c882ee70906785b2b8a266f0f32e28.jpg,True,downloaded,
3b7c30b51080d61517819756216b3c515aa0ae00,b50984eb217b2e0ac5309ed1a85598544c9824c6,-15.825693324805716,-48.0785260091775,-15.82570707901615,-48.07849504603332,2024-08,2024,CoJekAWtto_RZ67m-AgnmQ,69.69143202269683,© Google,OK,4_5,170203.61739746472,8247927.379576695,c57fe5373be9f05835bb69c099a60caa916165e2,cardinal,4,1,90_deg_east,cardinal,90,0,90,640,640,2,batch_0002,246,datasets/df_2024_proportional/batch_0002/images/c57fe5373be9f05835bb69c099a60caa916165e2.jpg,https://raw.githubusercontent.com/GUIA-DD/dataset-streetview/refs/heads/main/datasets/df_2024_proportional/batch_0002/images/c57fe5373be9f05835bb69c099a60caa916165e2.jpg,True,downloaded,
3b7c30b51080d61517819756216b3c515aa0ae00,b50984eb217b2e0ac5309ed1a85598544c9824c6,-15.825693324805716,-48.0785260091775,-15.82570707901615,-48.07849504603332,2024-08,2024,CoJekAWtto_RZ67m-AgnmQ,69.69143202269683,© Google,OK,4_5,170203.61739746472,8247927.379576695,ec37041c8668e2fb0f987b60f412bffbee0af02c,cardinal,4,2,180_deg_south,cardinal,180,0,90,640,640,2,batch_0002,247,datasets/df_2024_proportional/batch_0002/images/ec37041c8668e2fb0f987b60f412bffbee0af02c.jpg,https://raw.githubusercontent.com/GUIA-DD/dataset-streetview/refs/heads/main/datasets/df_2024_proportional/batch_0002/images/ec37041c8668e2fb0f987b60f412bffbee0af02c.jpg,True,downloaded,
3b7c30b51080d61517819756216b3c515aa0ae00,b50984eb217b2e0ac5309ed1a85598544c9824c6,-15.825693324805716,-48.0785260091775,-15.82570707901615,-48.07849504603332,2024-08,2024,CoJekAWtto_RZ67m-AgnmQ,69.69143202269683,© Google,OK,4_5,170203.61739746472,8247927.379576695,f4abc8c257afd43c9d608c0bfe956b22a2cd604c,cardinal,4,3,270_deg_west,cardinal,270,0,90,640,640,2,batch_0002,248,datasets/df_2024_proportional/batch_0002/images/f4abc8c257afd43c9d608c0bfe956b22a2cd604c.jpg,https://raw.githubusercontent.com/GUIA-DD/dataset-streetview/refs/heads/main/datasets/df_2024_proportional/batch_0002/images/f4abc8c257afd43c9d608c0bfe956b22a2cd604c.jpg,True,downloaded,
3bd675f882bbca8971d70b0efa245fd0f1418fa7,4b4437940a6e8e363a9b20900ffd1214f346df7a,-15.778731350000523,-47.778113699995494,-15.77876287495156,-47.77813349836524,2024-06,2024,BJmaZOpPps2AHMo7rFpNBg,181.07277498399742,© Google,OK,10_6,202340.27486608693,8253576.47371804,ba347c67a4681c14f107971ad3f7fe7f52567564,cardinal,4,0,0_deg_north,cardinal,0,0,90,640,640,2,batch_0002,249,datasets/df_2024_proportional/batch_0002/images/ba347c67a4681c14f107971ad3f7fe7f52567564.jpg,https://raw.githubusercontent.com/GUIA-DD/dataset-streetview/refs/heads/main/datasets/df_2024_proportional/batch_0002/images/ba347c67a4681c14f107971ad3f7fe7f52567564.jpg,True,downloaded,
3bd675f882bbca8971d70b0efa245fd0f1418fa7,4b4437940a6e8e363a9b20900ffd1214f346df7a,-15.778731350000523,-47.778113699995494,-15.77876287495156,-47.77813349836524,2024-06,2024,BJmaZOpPps2AHMo7rFpNBg,181.07277498399742,© Google,OK,10_6,202340.27486608693,8253576.47371804,63591642a99e75c0ba20a660477894d5c328c2a7,cardinal,4,1,90_deg_east,cardinal,90,0,90,640,640,2,batch_0002,250,datasets/df_2024_proportional/batch_0002/images/63591642a99e75c0ba20a660477894d5c328c2a7.jpg,https://raw.githubusercontent.com/GUIA-DD/dataset-streetview/refs/heads/main/datasets/df_2024_proportional/batch_0002/images/63591642a99e75c0ba20a660477894d5c328c2a7.jpg,True,downloaded,
3bd675f882bbca8971d70b0efa245fd0f1418fa7,4b4437940a6e8e363a9b20900ffd1214f346df7a,-15.778731350000523,-47.778113699995494,-15.77876287495156,-47.77813349836524,2024-06,2024,BJmaZOpPps2AHMo7rFpNBg,181.07277498399742,© Google,OK,10_6,202340.27486608693,8253576.47371804,9d0430d69630a8a6087a2eff9757f2250b0d4cc8,cardinal,4,2,180_deg_south,cardinal,180,0,90,640,640,2,batch_0002,251,datasets/df_2024_proportional/batch_0002/images/9d0430d69630a8a6087a2eff9757f2250b0d4cc8.jpg,https://raw.githubusercontent.com/GUIA-DD/dataset-streetview/refs/heads/main/datasets/df_2024_proportional/batch_0002/images/9d0430d69630a8a6087a2eff9757f2250b0d4cc8.jpg,True,downloaded,
3bd675f882bbca8971d70b0efa245fd0f1418fa7,4b4437940a6e8e363a9b20900ffd1214f346df7a,-15.778731350000523,-47.778113699995494,-15.77876287495156,-47.77813349836524,2024-06,2024,BJmaZOpPps2AHMo7rFpNBg,181.07277498399742,© Google,OK,10_6,202340.27486608693,8253576.47371804,2f259df3d3f870092e3f6f332e25b85d4b127d53,cardinal,4,3,270_deg_west,cardinal,270,0,90,640,640,2,batch_0002,252,datasets/df_2024_proportional/batch_0002/images/2f259df3d3f870092e3f6f332e25b85d4b127d53.jpg,https://raw.githubusercontent.com/GUIA-DD/dataset-streetview/refs/heads/main/datasets/df_2024_proportional/batch_0002/images/2f259df3d3f870092e3f6f332e25b85d4b127d53.jpg,True,downloaded,
3cea809efc351f36d3ecdca20f46bac5c6a3ea3b,2908d74c2b0c3f0bf7ddb1e1ca8682b7795a24fb,-15.807390500714698,-48.07638629967182,-15.80739846264569,-48.07637615695052,2024-08,2024,xuCbCPLn41EFirZTkmAdjw,70.83434740132556,© Google,OK,4_5,170403.33570103376,8249957.769017717,ff03cd3105523f3d761aa2ae74f312f6954e7bff,cardinal,4,0,0_deg_north,cardinal,0,0,90,640,640,2,batch_0002,253,datasets/df_2024_proportional/batch_0002/images/ff03cd3105523f3d761aa2ae74f312f6954e7bff.jpg,https://raw.githubusercontent.com/GUIA-DD/dataset-streetview/refs/heads/main/datasets/df_2024_proportional/batch_0002/images/ff03cd3105523f3d761aa2ae74f312f6954e7bff.jpg,True,downloaded,
3cea809efc351f36d3ecdca20f46bac5c6a3ea3b,2908d74c2b0c3f0bf7ddb1e1ca8682b7795a24fb,-15.807390500714698,-48.07638629967182,-15.80739846264569,-48.07637615695052,2024-08,2024,xuCbCPLn41EFirZTkmAdjw,70.83434740132556,© Google,OK,4_5,170403.33570103376,8249957.769017717,c1027ecf67b887047a7a7ad1509404bc4e7b6d23,cardinal,4,1,90_deg_east,cardinal,90,0,90,640,640,2,batch_0002,254,datasets/df_2024_proportional/batch_0002/images/c1027ecf67b887047a7a7ad1509404bc4e7b6d23.jpg,https://raw.githubusercontent.com/GUIA-DD/dataset-streetview/refs/heads/main/datasets/df_2024_proportional/batch_0002/images/c1027ecf67b887047a7a7ad1509404bc4e7b6d23.jpg,True,downloaded,
3cea809efc351f36d3ecdca20f46bac5c6a3ea3b,2908d74c2b0c3f0bf7ddb1e1ca8682b7795a24fb,-15.807390500714698,-48.07638629967182,-15.80739846264569,-48.07637615695052,2024-08,2024,xuCbCPLn41EFirZTkmAdjw,70.83434740132556,© Google,OK,4_5,170403.33570103376,8249957.769017717,4e6f2e48bc9383f3d40d453004b4ebb6deb15acb,cardinal,4,2,180_deg_south,cardinal,180,0,90,640,640,2,batch_0002,255,datasets/df_2024_proportional/batch_0002/images/4e6f2e48bc9383f3d40d453004b4ebb6deb15acb.jpg,https://raw.githubusercontent.com/GUIA-DD/dataset-streetview/refs/heads/main/datasets/df_2024_proportional/batch_0002/images/4e6f2e48bc9383f3d40d453004b4ebb6deb15acb.jpg,True,downloaded,
3cea809efc351f36d3ecdca20f46bac5c6a3ea3b,2908d74c2b0c3f0bf7ddb1e1ca8682b7795a24fb,-15.807390500714698,-48.07638629967182,-15.80739846264569,-48.07637615695052,2024-08,2024,xuCbCPLn41EFirZTkmAdjw,70.83434740132556,© Google,OK,4_5,170403.33570103376,8249957.769017717,055860eefb30b4581c2f8a952bfefd63970e4cab,cardinal,4,3,270_deg_west,cardinal,270,0,90,640,640,2,batch_0002,256,datasets/df_2024_proportional/batch_0002/images/055860eefb30b4581c2f8a952bfefd63970e4cab.jpg,https://raw.githubusercontent.com/GUIA-DD/dataset-streetview/refs/heads/main/datasets/df_2024_proportional/batch_0002/images/055860eefb30b4581c2f8a952bfefd63970e4cab.jpg,True,downloaded,
3d1e15f97a27132bb0f768c987809cf263ffb9f9,52d2aea05675d7f61636f3de23618e7a4e63bd7d,-15.857389550020455,-47.83310239993427,-15.85734543590184,-47.8331029654598,2024-12,2024,ZrTjDRaxwAGy-3wz4H9Odw,200.2297646123154,© Google,OK,9_4,196561.94470049161,8244788.196035007,2e9e4a9738306610742dffc094b536d79616cd4d,cardinal,4,0,0_deg_north,cardinal,0,0,90,640,640,2,batch_0002,257,datasets/df_2024_proportional/batch_0002/images/2e9e4a9738306610742dffc094b536d79616cd4d.jpg,https://raw.githubusercontent.com/GUIA-DD/dataset-streetview/refs/heads/main/datasets/df_2024_proportional/batch_0002/images/2e9e4a9738306610742dffc094b536d79616cd4d.jpg,True,downloaded,
3d1e15f97a27132bb0f768c987809cf263ffb9f9,52d2aea05675d7f61636f3de23618e7a4e63bd7d,-15.857389550020455,-47.83310239993427,-15.85734543590184,-47.8331029654598,2024-12,2024,ZrTjDRaxwAGy-3wz4H9Odw,200.2297646123154,© Google,OK,9_4,196561.94470049161,8244788.196035007,f8bee1bfaf2ffd5b4f87120b630b2a2a7998b685,cardinal,4,1,90_deg_east,cardinal,90,0,90,640,640,2,batch_0002,258,datasets/df_2024_proportional/batch_0002/images/f8bee1bfaf2ffd5b4f87120b630b2a2a7998b685.jpg,https://raw.githubusercontent.com/GUIA-DD/dataset-streetview/refs/heads/main/datasets/df_2024_proportional/batch_0002/images/f8bee1bfaf2ffd5b4f87120b630b2a2a7998b685.jpg,True,downloaded,
3d1e15f97a27132bb0f768c987809cf263ffb9f9,52d2aea05675d7f61636f3de23618e7a4e63bd7d,-15.857389550020455,-47.83310239993427,-15.85734543590184,-47.8331029654598,2024-12,2024,ZrTjDRaxwAGy-3wz4H9Odw,200.2297646123154,© Google,OK,9_4,196561.94470049161,8244788.196035007,0382ae73ad7cecd0f04b5e9f29cbe2033648d80d,cardinal,4,2,180_deg_south,cardinal,180,0,90,640,640,2,batch_0002,259,datasets/df_2024_proportional/batch_0002/images/0382ae73ad7cecd0f04b5e9f29cbe2033648d80d.jpg,https://raw.githubusercontent.com/GUIA-DD/dataset-streetview/refs/heads/main/datasets/df_2024_proportional/batch_0002/images/0382ae73ad7cecd0f04b5e9f29cbe2033648d80d.jpg,True,downloaded,
3d1e15f97a27132bb0f768c987809cf263ffb9f9,52d2aea05675d7f61636f3de23618e7a4e63bd7d,-15.857389550020455,-47.83310239993427,-15.85734543590184,-47.8331029654598,2024-12,2024,ZrTjDRaxwAGy-3wz4H9Odw,200.2297646123154,© Google,OK,9_4,196561.94470049161,8244788.196035007,565f4cbe53a6fe168c5dc1489a39ea10a16b50f6,cardinal,4,3,270_deg_west,cardinal,270,0,90,640,640,2,batch_0002,260,datasets/df_2024_proportional/batch_0002/images/565f4cbe53a6fe168c5dc1489a39ea10a16b50f6.jpg,https://raw.githubusercontent.com/GUIA-DD/dataset-streetview/refs/heads/main/datasets/df_2024_proportional/batch_0002/images/565f4cbe53a6fe168c5dc1489a39ea10a16b50f6.jpg,True,downloaded,
3d435e0e780c2c50811658a961a35d4746eba98d,5ad82f80a12ef02170c51111ff4c4db23815465e,-15.825568450030188,-48.08941319998277,-15.82557649466524,-48.08938581397822,2024-07,2024,AEkaDoRpsfq1WciSnySqFg,67.62762779938775,© Google,OK,4_5,169036.1230504456,8247924.058219254,794360c75dc08d98cbce8b71662dea15e1614f79,cardinal,4,0,0_deg_north,cardinal,0,0,90,640,640,2,batch_0002,261,datasets/df_2024_proportional/batch_0002/images/794360c75dc08d98cbce8b71662dea15e1614f79.jpg,https://raw.githubusercontent.com/GUIA-DD/dataset-streetview/refs/heads/main/datasets/df_2024_proportional/batch_0002/images/794360c75dc08d98cbce8b71662dea15e1614f79.jpg,True,downloaded,
3d435e0e780c2c50811658a961a35d4746eba98d,5ad82f80a12ef02170c51111ff4c4db23815465e,-15.825568450030188,-48.08941319998277,-15.82557649466524,-48.08938581397822,2024-07,2024,AEkaDoRpsfq1WciSnySqFg,67.62762779938775,© Google,OK,4_5,169036.1230504456,8247924.058219254,5c9b9107680f5210f005c249be6b4187fb211103,cardinal,4,1,90_deg_east,cardinal,90,0,90,640,640,2,batch_0002,262,datasets/df_2024_proportional/batch_0002/images/5c9b9107680f5210f005c249be6b4187fb211103.jpg,https://raw.githubusercontent.com/GUIA-DD/dataset-streetview/refs/heads/main/datasets/df_2024_proportional/batch_0002/images/5c9b9107680f5210f005c249be6b4187fb211103.jpg,True,downloaded,
3d435e0e780c2c50811658a961a35d4746eba98d,5ad82f80a12ef02170c51111ff4c4db23815465e,-15.825568450030188,-48.08941319998277,-15.82557649466524,-48.08938581397822,2024-07,2024,AEkaDoRpsfq1WciSnySqFg,67.62762779938775,© Google,OK,4_5,169036.1230504456,8247924.058219254,e7c6bd73c808962c179699f76fbb132cdffd81e3,cardinal,4,2,180_deg_south,cardinal,180,0,90,640,640,2,batch_0002,263,datasets/df_2024_proportional/batch_0002/images/e7c6bd73c808962c179699f76fbb132cdffd81e3.jpg,https://raw.githubusercontent.com/GUIA-DD/dataset-streetview/refs/heads/main/datasets/df_2024_proportional/batch_0002/images/e7c6bd73c808962c179699f76fbb132cdffd81e3.jpg,True,downloaded,
3d435e0e780c2c50811658a961a35d4746eba98d,5ad82f80a12ef02170c51111ff4c4db23815465e,-15.825568450030188,-48.08941319998277,-15.82557649466524,-48.08938581397822,2024-07,2024,AEkaDoRpsfq1WciSnySqFg,67.62762779938775,© Google,OK,4_5,169036.1230504456,8247924.058219254,39cb124ba1e48583b57d8cc676e824f396102d78,cardinal,4,3,270_deg_west,cardinal,270,0,90,640,640,2,batch_0002,264,datasets/df_2024_proportional/batch_0002/images/39cb124ba1e48583b57d8cc676e824f396102d78.jpg,https://raw.githubusercontent.com/GUIA-DD/dataset-streetview/refs/heads/main/datasets/df_2024_proportional/batch_0002/images/39cb124ba1e48583b57d8cc676e824f396102d78.jpg,True,downloaded,
3d6964ba424ac8ff7cb409c3d996c814d8bff0b3,89ff55f7d8ca741c0f1b67dcc280eaa80bdbc659,-15.85211115012818,-47.883051050266396,-15.85225940764961,-47.88275035760174,2024-05,2024,Wy009R_iSU6bAVejsg5qIg,125.12593888828124,© Google,OK,8_4,191200.3412525017,8245299.657247263,933585e918075ecbc6227df6e37dd87e39145eb4,cardinal,4,0,0_deg_north,cardinal,0,0,90,640,640,2,batch_0002,265,datasets/df_2024_proportional/batch_0002/images/933585e918075ecbc6227df6e37dd87e39145eb4.jpg,https://raw.githubusercontent.com/GUIA-DD/dataset-streetview/refs/heads/main/datasets/df_2024_proportional/batch_0002/images/933585e918075ecbc6227df6e37dd87e39145eb4.jpg,True,downloaded,
3d6964ba424ac8ff7cb409c3d996c814d8bff0b3,89ff55f7d8ca741c0f1b67dcc280eaa80bdbc659,-15.85211115012818,-47.883051050266396,-15.85225940764961,-47.88275035760174,2024-05,2024,Wy009R_iSU6bAVejsg5qIg,125.12593888828124,© Google,OK,8_4,191200.3412525017,8245299.657247263,ef5fa8da7e5cc3102f96a7cafadb749abd58a07c,cardinal,4,1,90_deg_east,cardinal,90,0,90,640,640,2,batch_0002,266,datasets/df_2024_proportional/batch_0002/images/ef5fa8da7e5cc3102f96a7cafadb749abd58a07c.jpg,https://raw.githubusercontent.com/GUIA-DD/dataset-streetview/refs/heads/main/datasets/df_2024_proportional/batch_0002/images/ef5fa8da7e5cc3102f96a7cafadb749abd58a07c.jpg,True,downloaded,
3d6964ba424ac8ff7cb409c3d996c814d8bff0b3,89ff55f7d8ca741c0f1b67dcc280eaa80bdbc659,-15.85211115012818,-47.883051050266396,-15.85225940764961,-47.88275035760174,2024-05,2024,Wy009R_iSU6bAVejsg5qIg,125.12593888828124,© Google,OK,8_4,191200.3412525017,8245299.657247263,e6bf44597055341f77c11c4dd05e09cbceb0e01a,cardinal,4,2,180_deg_south,cardinal,180,0,90,640,640,2,batch_0002,267,datasets/df_2024_proportional/batch_0002/images/e6bf44597055341f77c11c4dd05e09cbceb0e01a.jpg,https://raw.githubusercontent.com/GUIA-DD/dataset-streetview/refs/heads/main/datasets/df_2024_proportional/batch_0002/images/e6bf44597055341f77c11c4dd05e09cbceb0e01a.jpg,True,downloaded,
3d6964ba424ac8ff7cb409c3d996c814d8bff0b3,89ff55f7d8ca741c0f1b67dcc280eaa80bdbc659,-15.85211115012818,-47.883051050266396,-15.85225940764961,-47.88275035760174,2024-05,2024,Wy009R_iSU6bAVejsg5qIg,125.12593888828124,© Google,OK,8_4,191200.3412525017,8245299.657247263,55ad615b0bf750da95290a866cbadf22d5bbf9b3,cardinal,4,3,270_deg_west,cardinal,270,0,90,640,640,2,batch_0002,268,datasets/df_2024_proportional/batch_0002/images/55ad615b0bf750da95290a866cbadf22d5bbf9b3.jpg,https://raw.githubusercontent.com/GUIA-DD/dataset-streetview/refs/heads/main/datasets/df_2024_proportional/batch_0002/images/55ad615b0bf750da95290a866cbadf22d5bbf9b3.jpg,True,downloaded,
3de2497589ca36d1f1f4ed727e653c785d7411bb,dfb5051f45305cb4d81f2c9b9a025e88d546e1a4,-15.8890841454841,-48.125074426757976,-15.88898367779795,-48.12512355480521,2025-06,2025,uUAfrHB4355Yk26GvKXamw,63.51842437688827,© Google,OK,3_3,165317.5086168378,8240832.835643692,1d4e40118830e6f12c577c07d3da6181ad5ceaf3,cardinal,4,0,0_deg_north,cardinal,0,0,90,640,640,2,batch_0002,269,datasets/df_2024_proportional/batch_0002/images/1d4e40118830e6f12c577c07d3da6181ad5ceaf3.jpg,https://raw.githubusercontent.com/GUIA-DD/dataset-streetview/refs/heads/main/datasets/df_2024_proportional/batch_0002/images/1d4e40118830e6f12c577c07d3da6181ad5ceaf3.jpg,True,downloaded,
3de2497589ca36d1f1f4ed727e653c785d7411bb,dfb5051f45305cb4d81f2c9b9a025e88d546e1a4,-15.8890841454841,-48.125074426757976,-15.88898367779795,-48.12512355480521,2025-06,2025,uUAfrHB4355Yk26GvKXamw,63.51842437688827,© Google,OK,3_3,165317.5086168378,8240832.835643692,406e54ffcbf0366b5015fd1e5e8773aa835bdaa9,cardinal,4,1,90_deg_east,cardinal,90,0,90,640,640,2,batch_0002,270,datasets/df_2024_proportional/batch_0002/images/406e54ffcbf0366b5015fd1e5e8773aa835bdaa9.jpg,https://raw.githubusercontent.com/GUIA-DD/dataset-streetview/refs/heads/main/datasets/df_2024_proportional/batch_0002/images/406e54ffcbf0366b5015fd1e5e8773aa835bdaa9.jpg,True,downloaded,
3de2497589ca36d1f1f4ed727e653c785d7411bb,dfb5051f45305cb4d81f2c9b9a025e88d546e1a4,-15.8890841454841,-48.125074426757976,-15.88898367779795,-48.12512355480521,2025-06,2025,uUAfrHB4355Yk26GvKXamw,63.51842437688827,© Google,OK,3_3,165317.5086168378,8240832.835643692,53a5df77b1b80114c1c9c5a1736a04931974d0e8,cardinal,4,2,180_deg_south,cardinal,180,0,90,640,640,2,batch_0002,271,datasets/df_2024_proportional/batch_0002/images/53a5df77b1b80114c1c9c5a1736a04931974d0e8.jpg,https://raw.githubusercontent.com/GUIA-DD/dataset-streetview/refs/heads/main/datasets/df_2024_proportional/batch_0002/images/53a5df77b1b80114c1c9c5a1736a04931974d0e8.jpg,True,downloaded,
3de2497589ca36d1f1f4ed727e653c785d7411bb,dfb5051f45305cb4d81f2c9b9a025e88d546e1a4,-15.8890841454841,-48.125074426757976,-15.88898367779795,-48.12512355480521,2025-06,2025,uUAfrHB4355Yk26GvKXamw,63.51842437688827,© Google,OK,3_3,165317.5086168378,8240832.835643692,e15bd6c7c6c4f5f2b811bae242863389e9d0d98b,cardinal,4,3,270_deg_west,cardinal,270,0,90,640,640,2,batch_0002,272,datasets/df_2024_proportional/batch_0002/images/e15bd6c7c6c4f5f2b811bae242863389e9d0d98b.jpg,https://raw.githubusercontent.com/GUIA-DD/dataset-streetview/refs/heads/main/datasets/df_2024_proportional/batch_0002/images/e15bd6c7c6c4f5f2b811bae242863389e9d0d98b.jpg,True,downloaded,
3e46025fde3b6897e2a5a84dfc29070190b7003d,f3e4d5ebbdfbecdec0e536afe53e317f1c86061c,-15.891589364371274,-47.77629440998479,-15.89160214492661,-47.7762998790821,2025-01,2025,zhTWHaC95r6VPF3mROsnUQ,328.87247505338223,© Google,OK,10_3,202700.68894341655,8241082.946313982,b7527934520117f38762a7b784250934781656f8,cardinal,4,0,0_deg_north,cardinal,0,0,90,640,640,2,batch_0002,273,datasets/df_2024_proportional/batch_0002/images/b7527934520117f38762a7b784250934781656f8.jpg,https://raw.githubusercontent.com/GUIA-DD/dataset-streetview/refs/heads/main/datasets/df_2024_proportional/batch_0002/images/b7527934520117f38762a7b784250934781656f8.jpg,True,downloaded,
3e46025fde3b6897e2a5a84dfc29070190b7003d,f3e4d5ebbdfbecdec0e536afe53e317f1c86061c,-15.891589364371274,-47.77629440998479,-15.89160214492661,-47.7762998790821,2025-01,2025,zhTWHaC95r6VPF3mROsnUQ,328.87247505338223,© Google,OK,10_3,202700.68894341655,8241082.946313982,3361c412d05df8cfb5572b9166a8f9422bd30b20,cardinal,4,1,90_deg_east,cardinal,90,0,90,640,640,2,batch_0002,274,datasets/df_2024_proportional/batch_0002/images/3361c412d05df8cfb5572b9166a8f9422bd30b20.jpg,https://raw.githubusercontent.com/GUIA-DD/dataset-streetview/refs/heads/main/datasets/df_2024_proportional/batch_0002/images/3361c412d05df8cfb5572b9166a8f9422bd30b20.jpg,True,downloaded,
3e46025fde3b6897e2a5a84dfc29070190b7003d,f3e4d5ebbdfbecdec0e536afe53e317f1c86061c,-15.891589364371274,-47.77629440998479,-15.89160214492661,-47.7762998790821,2025-01,2025,zhTWHaC95r6VPF3mROsnUQ,328.87247505338223,© Google,OK,10_3,202700.68894341655,8241082.946313982,6c6afd0500ab5d7b3067d85277ef6d5d9f788de8,cardinal,4,2,180_deg_south,cardinal,180,0,90,640,640,2,batch_0002,275,datasets/df_2024_proportional/batch_0002/images/6c6afd0500ab5d7b3067d85277ef6d5d9f788de8.jpg,https://raw.githubusercontent.com/GUIA-DD/dataset-streetview/refs/heads/main/datasets/df_2024_proportional/batch_0002/images/6c6afd0500ab5d7b3067d85277ef6d5d9f788de8.jpg,True,downloaded,
3e46025fde3b6897e2a5a84dfc29070190b7003d,f3e4d5ebbdfbecdec0e536afe53e317f1c86061c,-15.891589364371274,-47.77629440998479,-15.89160214492661,-47.7762998790821,2025-01,2025,zhTWHaC95r6VPF3mROsnUQ,328.87247505338223,© Google,OK,10_3,202700.68894341655,8241082.946313982,b8aaa2c121eeac29c95690075799985bf5696069,cardinal,4,3,270_deg_west,cardinal,270,0,90,640,640,2,batch_0002,276,datasets/df_2024_proportional/batch_0002/images/b8aaa2c121eeac29c95690075799985bf5696069.jpg,https://raw.githubusercontent.com/GUIA-DD/dataset-streetview/refs/heads/main/datasets/df_2024_proportional/batch_0002/images/b8aaa2c121eeac29c95690075799985bf5696069.jpg,True,downloaded,
3e6393237e8f0921cd08ff4752b7251424af0350,fa23af909bbf0f5f0c14f1af772af94172222fc6,-15.85056965037506,-48.12139095182319,-15.85060427404425,-48.1213826131917,2026-01,2026,Y4vHsbBWQbHvcvr0Ux7Ekw,142.20772534838085,© Google,OK,3_4,165648.7175461879,8245104.358955577,8f13e2ef8415ca932688276946b8ffc49bc31887,cardinal,4,0,0_deg_north,cardinal,0,0,90,640,640,2,batch_0002,277,datasets/df_2024_proportional/batch_0002/images/8f13e2ef8415ca932688276946b8ffc49bc31887.jpg,https://raw.githubusercontent.com/GUIA-DD/dataset-streetview/refs/heads/main/datasets/df_2024_proportional/batch_0002/images/8f13e2ef8415ca932688276946b8ffc49bc31887.jpg,True,downloaded,
3e6393237e8f0921cd08ff4752b7251424af0350,fa23af909bbf0f5f0c14f1af772af94172222fc6,-15.85056965037506,-48.12139095182319,-15.85060427404425,-48.1213826131917,2026-01,2026,Y4vHsbBWQbHvcvr0Ux7Ekw,142.20772534838085,© Google,OK,3_4,165648.7175461879,8245104.358955577,3b8ae20d140c7736be8ef1b953894f5092d95d35,cardinal,4,1,90_deg_east,cardinal,90,0,90,640,640,2,batch_0002,278,datasets/df_2024_proportional/batch_0002/images/3b8ae20d140c7736be8ef1b953894f5092d95d35.jpg,https://raw.githubusercontent.com/GUIA-DD/dataset-streetview/refs/heads/main/datasets/df_2024_proportional/batch_0002/images/3b8ae20d140c7736be8ef1b953894f5092d95d35.jpg,True,downloaded,
3e6393237e8f0921cd08ff4752b7251424af0350,fa23af909bbf0f5f0c14f1af772af94172222fc6,-15.85056965037506,-48.12139095182319,-15.85060427404425,-48.1213826131917,2026-01,2026,Y4vHsbBWQbHvcvr0Ux7Ekw,142.20772534838085,© Google,OK,3_4,165648.7175461879,8245104.358955577,e1ba67e3c1cbae71c3d338c7d77d8c7f54ab4128,cardinal,4,2,180_deg_south,cardinal,180,0,90,640,640,2,batch_0002,279,datasets/df_2024_proportional/batch_0002/images/e1ba67e3c1cbae71c3d338c7d77d8c7f54ab4128.jpg,https://raw.githubusercontent.com/GUIA-DD/dataset-streetview/refs/heads/main/datasets/df_2024_proportional/batch_0002/images/e1ba67e3c1cbae71c3d338c7d77d8c7f54ab4128.jpg,True,downloaded,
3e6393237e8f0921cd08ff4752b7251424af0350,fa23af909bbf0f5f0c14f1af772af94172222fc6,-15.85056965037506,-48.12139095182319,-15.85060427404425,-48.1213826131917,2026-01,2026,Y4vHsbBWQbHvcvr0Ux7Ekw,142.20772534838085,© Google,OK,3_4,165648.7175461879,8245104.358955577,94c5f91479e5aa3d51e9c9cad6aa91bf62f725d8,cardinal,4,3,270_deg_west,cardinal,270,0,90,640,640,2,batch_0002,280,datasets/df_2024_proportional/batch_0002/images/94c5f91479e5aa3d51e9c9cad6aa91bf62f725d8.jpg,https://raw.githubusercontent.com/GUIA-DD/dataset-streetview/refs/heads/main/datasets/df_2024_proportional/batch_0002/images/94c5f91479e5aa3d51e9c9cad6aa91bf62f725d8.jpg,True,downloaded,
3f8118ff9c3acd3c7a5659be85fd51a8cd19f7f4,37196007e6205cb36362af8c64c0878caecb5259,-15.753207500001913,-47.88020465011143,-15.75317065593488,-47.88022096006852,2024-06,2024,7GsB4KTGiR2I0ztjVYdL3Q,161.44077205786422,© Google,OK,8_6,191355.38160233526,8256255.684408929,7cd5063f6d57e40fc316dc3dfe39d4a2634f689d,cardinal,4,0,0_deg_north,cardinal,0,0,90,640,640,2,batch_0002,281,datasets/df_2024_proportional/batch_0002/images/7cd5063f6d57e40fc316dc3dfe39d4a2634f689d.jpg,https://raw.githubusercontent.com/GUIA-DD/dataset-streetview/refs/heads/main/datasets/df_2024_proportional/batch_0002/images/7cd5063f6d57e40fc316dc3dfe39d4a2634f689d.jpg,True,downloaded,
3f8118ff9c3acd3c7a5659be85fd51a8cd19f7f4,37196007e6205cb36362af8c64c0878caecb5259,-15.753207500001913,-47.88020465011143,-15.75317065593488,-47.88022096006852,2024-06,2024,7GsB4KTGiR2I0ztjVYdL3Q,161.44077205786422,© Google,OK,8_6,191355.38160233526,8256255.684408929,9ae88a6e6f51d0ea496cfdea7c6baef0805f39ae,cardinal,4,1,90_deg_east,cardinal,90,0,90,640,640,2,batch_0002,282,datasets/df_2024_proportional/batch_0002/images/9ae88a6e6f51d0ea496cfdea7c6baef0805f39ae.jpg,https://raw.githubusercontent.com/GUIA-DD/dataset-streetview/refs/heads/main/datasets/df_2024_proportional/batch_0002/images/9ae88a6e6f51d0ea496cfdea7c6baef0805f39ae.jpg,True,downloaded,
3f8118ff9c3acd3c7a5659be85fd51a8cd19f7f4,37196007e6205cb36362af8c64c0878caecb5259,-15.753207500001913,-47.88020465011143,-15.75317065593488,-47.88022096006852,2024-06,2024,7GsB4KTGiR2I0ztjVYdL3Q,161.44077205786422,© Google,OK,8_6,191355.38160233526,8256255.684408929,d3cf296409e4109193e9ba89def15da2c814c51f,cardinal,4,2,180_deg_south,cardinal,180,0,90,640,640,2,batch_0002,283,datasets/df_2024_proportional/batch_0002/images/d3cf296409e4109193e9ba89def15da2c814c51f.jpg,https://raw.githubusercontent.com/GUIA-DD/dataset-streetview/refs/heads/main/datasets/df_2024_proportional/batch_0002/images/d3cf296409e4109193e9ba89def15da2c814c51f.jpg,True,downloaded,
3f8118ff9c3acd3c7a5659be85fd51a8cd19f7f4,37196007e6205cb36362af8c64c0878caecb5259,-15.753207500001913,-47.88020465011143,-15.75317065593488,-47.88022096006852,2024-06,2024,7GsB4KTGiR2I0ztjVYdL3Q,161.44077205786422,© Google,OK,8_6,191355.38160233526,8256255.684408929,8ba417b6363367c9bdbbd9e7c7b23055755ea2ce,cardinal,4,3,270_deg_west,cardinal,270,0,90,640,640,2,batch_0002,284,datasets/df_2024_proportional/batch_0002/images/8ba417b6363367c9bdbbd9e7c7b23055755ea2ce.jpg,https://raw.githubusercontent.com/GUIA-DD/dataset-streetview/refs/heads/main/datasets/df_2024_proportional/batch_0002/images/8ba417b6363367c9bdbbd9e7c7b23055755ea2ce.jpg,True,downloaded,
42e810726116986d255e2ebe903987a5fee20ba4,a0f3ccf6b8c6a1aaf14584d65d5adcc53375771c,-15.755123150000015,-47.77001265000027,-15.75510635975116,-47.77004521353174,2024-07,2024,Rzjk2cKeaolP7AVCLfEcUQ,337.03329486199556,© Google,OK,10_6,203174.47309733683,8256201.88987633,bbcee7cb348362c6f703d5b365c96f386d26a4e8,cardinal,4,0,0_deg_north,cardinal,0,0,90,640,640,2,batch_0002,285,datasets/df_2024_proportional/batch_0002/images/bbcee7cb348362c6f703d5b365c96f386d26a4e8.jpg,https://raw.githubusercontent.com/GUIA-DD/dataset-streetview/refs/heads/main/datasets/df_2024_proportional/batch_0002/images/bbcee7cb348362c6f703d5b365c96f386d26a4e8.jpg,True,downloaded,
42e810726116986d255e2ebe903987a5fee20ba4,a0f3ccf6b8c6a1aaf14584d65d5adcc53375771c,-15.755123150000015,-47.77001265000027,-15.75510635975116,-47.77004521353174,2024-07,2024,Rzjk2cKeaolP7AVCLfEcUQ,337.03329486199556,© Google,OK,10_6,203174.47309733683,8256201.88987633,10d011ad1b3c5a5b93804ba8b67ffe69b6c21722,cardinal,4,1,90_deg_east,cardinal,90,0,90,640,640,2,batch_0002,286,datasets/df_2024_proportional/batch_0002/images/10d011ad1b3c5a5b93804ba8b67ffe69b6c21722.jpg,https://raw.githubusercontent.com/GUIA-DD/dataset-streetview/refs/heads/main/datasets/df_2024_proportional/batch_0002/images/10d011ad1b3c5a5b93804ba8b67ffe69b6c21722.jpg,True,downloaded,
42e810726116986d255e2ebe903987a5fee20ba4,a0f3ccf6b8c6a1aaf14584d65d5adcc53375771c,-15.755123150000015,-47.77001265000027,-15.75510635975116,-47.77004521353174,2024-07,2024,Rzjk2cKeaolP7AVCLfEcUQ,337.03329486199556,© Google,OK,10_6,203174.47309733683,8256201.88987633,7e246337ee54ff6b18f3b59238ceeda5ba79681e,cardinal,4,2,180_deg_south,cardinal,180,0,90,640,640,2,batch_0002,287,datasets/df_2024_proportional/batch_0002/images/7e246337ee54ff6b18f3b59238ceeda5ba79681e.jpg,https://raw.githubusercontent.com/GUIA-DD/dataset-streetview/refs/heads/main/datasets/df_2024_proportional/batch_0002/images/7e246337ee54ff6b18f3b59238ceeda5ba79681e.jpg,True,downloaded,
42e810726116986d255e2ebe903987a5fee20ba4,a0f3ccf6b8c6a1aaf14584d65d5adcc53375771c,-15.755123150000015,-47.77001265000027,-15.75510635975116,-47.77004521353174,2024-07,2024,Rzjk2cKeaolP7AVCLfEcUQ,337.03329486199556,© Google,OK,10_6,203174.47309733683,8256201.88987633,a994018cd2ed4a4d8269949b642dc689992f17d7,cardinal,4,3,270_deg_west,cardinal,270,0,90,640,640,2,batch_0002,288,datasets/df_2024_proportional/batch_0002/images/a994018cd2ed4a4d8269949b642dc689992f17d7.jpg,https://raw.githubusercontent.com/GUIA-DD/dataset-streetview/refs/heads/main/datasets/df_2024_proportional/batch_0002/images/a994018cd2ed4a4d8269949b642dc689992f17d7.jpg,True,downloaded,
43f0533f4e394b314d756e9546df656b4f7169e2,7fdecc30b401edd8df4a050bd40020737328a313,-15.644294752204004,-47.63064852491173,-15.64427428187711,-47.63068058623267,2024-08,2024,sRvHG-jHgtlu9wKBUEbhxA,86.70464551350634,© Google,OK,13_9,217964.9772963573,8268663.250971361,3145d4c90261fdd58b9d62a2afdb186806a40da6,cardinal,4,0,0_deg_north,cardinal,0,0,90,640,640,2,batch_0002,289,datasets/df_2024_proportional/batch_0002/images/3145d4c90261fdd58b9d62a2afdb186806a40da6.jpg,https://raw.githubusercontent.com/GUIA-DD/dataset-streetview/refs/heads/main/datasets/df_2024_proportional/batch_0002/images/3145d4c90261fdd58b9d62a2afdb186806a40da6.jpg,True,downloaded,
43f0533f4e394b314d756e9546df656b4f7169e2,7fdecc30b401edd8df4a050bd40020737328a313,-15.644294752204004,-47.63064852491173,-15.64427428187711,-47.63068058623267,2024-08,2024,sRvHG-jHgtlu9wKBUEbhxA,86.70464551350634,© Google,OK,13_9,217964.9772963573,8268663.250971361,925fabf181b373083edaf720493698015b1f0596,cardinal,4,1,90_deg_east,cardinal,90,0,90,640,640,2,batch_0002,290,datasets/df_2024_proportional/batch_0002/images/925fabf181b373083edaf720493698015b1f0596.jpg,https://raw.githubusercontent.com/GUIA-DD/dataset-streetview/refs/heads/main/datasets/df_2024_proportional/batch_0002/images/925fabf181b373083edaf720493698015b1f0596.jpg,True,downloaded,
43f0533f4e394b314d756e9546df656b4f7169e2,7fdecc30b401edd8df4a050bd40020737328a313,-15.644294752204004,-47.63064852491173,-15.64427428187711,-47.63068058623267,2024-08,2024,sRvHG-jHgtlu9wKBUEbhxA,86.70464551350634,© Google,OK,13_9,217964.9772963573,8268663.250971361,c43fa7f5f01b17ccb3fa67b6960ab57f22f10879,cardinal,4,2,180_deg_south,cardinal,180,0,90,640,640,2,batch_0002,291,datasets/df_2024_proportional/batch_0002/images/c43fa7f5f01b17ccb3fa67b6960ab57f22f10879.jpg,https://raw.githubusercontent.com/GUIA-DD/dataset-streetview/refs/heads/main/datasets/df_2024_proportional/batch_0002/images/c43fa7f5f01b17ccb3fa67b6960ab57f22f10879.jpg,True,downloaded,
43f0533f4e394b314d756e9546df656b4f7169e2,7fdecc30b401edd8df4a050bd40020737328a313,-15.644294752204004,-47.63064852491173,-15.64427428187711,-47.63068058623267,2024-08,2024,sRvHG-jHgtlu9wKBUEbhxA,86.70464551350634,© Google,OK,13_9,217964.9772963573,8268663.250971361,9ed621e9a8b4b7548a80f281a4ec740e2ba6270a,cardinal,4,3,270_deg_west,cardinal,270,0,90,640,640,2,batch_0002,292,datasets/df_2024_proportional/batch_0002/images/9ed621e9a8b4b7548a80f281a4ec740e2ba6270a.jpg,https://raw.githubusercontent.com/GUIA-DD/dataset-streetview/refs/heads/main/datasets/df_2024_proportional/batch_0002/images/9ed621e9a8b4b7548a80f281a4ec740e2ba6270a.jpg,True,downloaded,
45c6defbe0c1c22b47ffb56620cd67e0560b7a92,edeadfcd9cbc2959f0b535b2df2a0afebff18edf,-15.866883050016588,-47.94016359997968,-15.86684217220795,-47.94018977320535,2024-12,2024,0_TrdJK1Got6uHNNGObMtg,50.687990677871284,© Google,OK,7_4,185101.49717154758,8243578.7983082365,b8efcd0b51a717b37e13626da17a3fd9e7806b28,cardinal,4,0,0_deg_north,cardinal,0,0,90,640,640,2,batch_0002,293,datasets/df_2024_proportional/batch_0002/images/b8efcd0b51a717b37e13626da17a3fd9e7806b28.jpg,https://raw.githubusercontent.com/GUIA-DD/dataset-streetview/refs/heads/main/datasets/df_2024_proportional/batch_0002/images/b8efcd0b51a717b37e13626da17a3fd9e7806b28.jpg,True,downloaded,
45c6defbe0c1c22b47ffb56620cd67e0560b7a92,edeadfcd9cbc2959f0b535b2df2a0afebff18edf,-15.866883050016588,-47.94016359997968,-15.86684217220795,-47.94018977320535,2024-12,2024,0_TrdJK1Got6uHNNGObMtg,50.687990677871284,© Google,OK,7_4,185101.49717154758,8243578.7983082365,04b112ab465710f5dba2f160b849ef60cd5305d3,cardinal,4,1,90_deg_east,cardinal,90,0,90,640,640,2,batch_0002,294,datasets/df_2024_proportional/batch_0002/images/04b112ab465710f5dba2f160b849ef60cd5305d3.jpg,https://raw.githubusercontent.com/GUIA-DD/dataset-streetview/refs/heads/main/datasets/df_2024_proportional/batch_0002/images/04b112ab465710f5dba2f160b849ef60cd5305d3.jpg,True,downloaded,
45c6defbe0c1c22b47ffb56620cd67e0560b7a92,edeadfcd9cbc2959f0b535b2df2a0afebff18edf,-15.866883050016588,-47.94016359997968,-15.86684217220795,-47.94018977320535,2024-12,2024,0_TrdJK1Got6uHNNGObMtg,50.687990677871284,© Google,OK,7_4,185101.49717154758,8243578.7983082365,c8dd4204797ce47ea32fe398154286e033a4df36,cardinal,4,2,180_deg_south,cardinal,180,0,90,640,640,2,batch_0002,295,datasets/df_2024_proportional/batch_0002/images/c8dd4204797ce47ea32fe398154286e033a4df36.jpg,https://raw.githubusercontent.com/GUIA-DD/dataset-streetview/refs/heads/main/datasets/df_2024_proportional/batch_0002/images/c8dd4204797ce47ea32fe398154286e033a4df36.jpg,True,downloaded,
45c6defbe0c1c22b47ffb56620cd67e0560b7a92,edeadfcd9cbc2959f0b535b2df2a0afebff18edf,-15.866883050016588,-47.94016359997968,-15.86684217220795,-47.94018977320535,2024-12,2024,0_TrdJK1Got6uHNNGObMtg,50.687990677871284,© Google,OK,7_4,185101.49717154758,8243578.7983082365,83e74a3eb10d645d3f6f2d3af7299a40d6840344,cardinal,4,3,270_deg_west,cardinal,270,0,90,640,640,2,batch_0002,296,datasets/df_2024_proportional/batch_0002/images/83e74a3eb10d645d3f6f2d3af7299a40d6840344.jpg,https://raw.githubusercontent.com/GUIA-DD/dataset-streetview/refs/heads/main/datasets/df_2024_proportional/batch_0002/images/83e74a3eb10d645d3f6f2d3af7299a40d6840344.jpg,True,downloaded,
48cb9546a68e76debd33f712ab2c291b4b1dc0fd,d3c98f13b7f647f44fe5a72db9d21c9721a5715c,-15.745049350061933,-47.9111776000064,-15.74448931197795,-47.91113813846957,2024-05,2024,s1KQVVjIiDR1ebB_KMQEcg,87.12465428488038,© Google,OK,7_6,188021.3903905481,8257113.458684443,d3629d9678ef708ec7e7d008158d20318f9e7bd9,cardinal,4,0,0_deg_north,cardinal,0,0,90,640,640,2,batch_0002,297,datasets/df_2024_proportional/batch_0002/images/d3629d9678ef708ec7e7d008158d20318f9e7bd9.jpg,https://raw.githubusercontent.com/GUIA-DD/dataset-streetview/refs/heads/main/datasets/df_2024_proportional/batch_0002/images/d3629d9678ef708ec7e7d008158d20318f9e7bd9.jpg,True,downloaded,
48cb9546a68e76debd33f712ab2c291b4b1dc0fd,d3c98f13b7f647f44fe5a72db9d21c9721a5715c,-15.745049350061933,-47.9111776000064,-15.74448931197795,-47.91113813846957,2024-05,2024,s1KQVVjIiDR1ebB_KMQEcg,87.12465428488038,© Google,OK,7_6,188021.3903905481,8257113.458684443,a558ffc482790c5938b93250d6c2f3aed8a40d1b,cardinal,4,1,90_deg_east,cardinal,90,0,90,640,640,2,batch_0002,298,datasets/df_2024_proportional/batch_0002/images/a558ffc482790c5938b93250d6c2f3aed8a40d1b.jpg,https://raw.githubusercontent.com/GUIA-DD/dataset-streetview/refs/heads/main/datasets/df_2024_proportional/batch_0002/images/a558ffc482790c5938b93250d6c2f3aed8a40d1b.jpg,True,downloaded,
48cb9546a68e76debd33f712ab2c291b4b1dc0fd,d3c98f13b7f647f44fe5a72db9d21c9721a5715c,-15.745049350061933,-47.9111776000064,-15.74448931197795,-47.91113813846957,2024-05,2024,s1KQVVjIiDR1ebB_KMQEcg,87.12465428488038,© Google,OK,7_6,188021.3903905481,8257113.458684443,b963c11bc5c69d64030459ae10e5e0a4afd9dc40,cardinal,4,2,180_deg_south,cardinal,180,0,90,640,640,2,batch_0002,299,datasets/df_2024_proportional/batch_0002/images/b963c11bc5c69d64030459ae10e5e0a4afd9dc40.jpg,https://raw.githubusercontent.com/GUIA-DD/dataset-streetview/refs/heads/main/datasets/df_2024_proportional/batch_0002/images/b963c11bc5c69d64030459ae10e5e0a4afd9dc40.jpg,True,downloaded,
48cb9546a68e76debd33f712ab2c291b4b1dc0fd,d3c98f13b7f647f44fe5a72db9d21c9721a5715c,-15.745049350061933,-47.9111776000064,-15.74448931197795,-47.91113813846957,2024-05,2024,s1KQVVjIiDR1ebB_KMQEcg,87.12465428488038,© Google,OK,7_6,188021.3903905481,8257113.458684443,14ad97b00bffaa080d7e128ee71a27cbaa1c5100,cardinal,4,3,270_deg_west,cardinal,270,0,90,640,640,2,batch_0002,300,datasets/df_2024_proportional/batch_0002/images/14ad97b00bffaa080d7e128ee71a27cbaa1c5100.jpg,https://raw.githubusercontent.com/GUIA-DD/dataset-streetview/refs/heads/main/datasets/df_2024_proportional/batch_0002/images/14ad97b00bffaa080d7e128ee71a27cbaa1c5100.jpg,True,downloaded,
49ce3a235bd6e0901ab6d5017ff5b272481088e4,7a3304adf5910a9707cd5fab08b4433daaf5519f,-15.884427430351732,-48.130477855659535,-15.88442444081193,-48.13050406981274,2025-02,2025,jCScg8hHTTHublvViR8hEg,66.01861952183347,© Google,OK,3_3,164730.6095695511,8241339.923931789,76c2895fe69c2dc4baef31ca128e0dc3a2546e77,cardinal,4,0,0_deg_north,cardinal,0,0,90,640,640,2,batch_0002,301,datasets/df_2024_proportional/batch_0002/images/76c2895fe69c2dc4baef31ca128e0dc3a2546e77.jpg,https://raw.githubusercontent.com/GUIA-DD/dataset-streetview/refs/heads/main/datasets/df_2024_proportional/batch_0002/images/76c2895fe69c2dc4baef31ca128e0dc3a2546e77.jpg,True,downloaded,
49ce3a235bd6e0901ab6d5017ff5b272481088e4,7a3304adf5910a9707cd5fab08b4433daaf5519f,-15.884427430351732,-48.130477855659535,-15.88442444081193,-48.13050406981274,2025-02,2025,jCScg8hHTTHublvViR8hEg,66.01861952183347,© Google,OK,3_3,164730.6095695511,8241339.923931789,166dda979e428f27c5ea0f434e97f2077c0acc1a,cardinal,4,1,90_deg_east,cardinal,90,0,90,640,640,2,batch_0002,302,datasets/df_2024_proportional/batch_0002/images/166dda979e428f27c5ea0f434e97f2077c0acc1a.jpg,https://raw.githubusercontent.com/GUIA-DD/dataset-streetview/refs/heads/main/datasets/df_2024_proportional/batch_0002/images/166dda979e428f27c5ea0f434e97f2077c0acc1a.jpg,True,downloaded,
49ce3a235bd6e0901ab6d5017ff5b272481088e4,7a3304adf5910a9707cd5fab08b4433daaf5519f,-15.884427430351732,-48.130477855659535,-15.88442444081193,-48.13050406981274,2025-02,2025,jCScg8hHTTHublvViR8hEg,66.01861952183347,© Google,OK,3_3,164730.6095695511,8241339.923931789,09dfa355699bb055261c54551d13a65e2cbe7a2f,cardinal,4,2,180_deg_south,cardinal,180,0,90,640,640,2,batch_0002,303,datasets/df_2024_proportional/batch_0002/images/09dfa355699bb055261c54551d13a65e2cbe7a2f.jpg,https://raw.githubusercontent.com/GUIA-DD/dataset-streetview/refs/heads/main/datasets/df_2024_proportional/batch_0002/images/09dfa355699bb055261c54551d13a65e2cbe7a2f.jpg,True,downloaded,
49ce3a235bd6e0901ab6d5017ff5b272481088e4,7a3304adf5910a9707cd5fab08b4433daaf5519f,-15.884427430351732,-48.130477855659535,-15.88442444081193,-48.13050406981274,2025-02,2025,jCScg8hHTTHublvViR8hEg,66.01861952183347,© Google,OK,3_3,164730.6095695511,8241339.923931789,ed7fc85e8f74731ef59e97be9530db178646b745,cardinal,4,3,270_deg_west,cardinal,270,0,90,640,640,2,batch_0002,304,datasets/df_2024_proportional/batch_0002/images/ed7fc85e8f74731ef59e97be9530db178646b745.jpg,https://raw.githubusercontent.com/GUIA-DD/dataset-streetview/refs/heads/main/datasets/df_2024_proportional/batch_0002/images/ed7fc85e8f74731ef59e97be9530db178646b745.jpg,True,downloaded,
4a0c5e2503b666095c0e096b61b069c86658d2fa,b2a8dcea13bdc224ceafe633160c73c3cc72160b,-15.989398862946139,-47.98677968131656,-15.9893677187843,-47.98678859120941,2025-02,2025,S_RAcwCHABiPeKk_vjH_lw,347.81079840754364,© Google,OK,6_1,180299.2363804913,8229940.393114509,e66814619343a891a565a415bc6f4bb374609c1d,cardinal,4,0,0_deg_north,cardinal,0,0,90,640,640,2,batch_0002,305,datasets/df_2024_proportional/batch_0002/images/e66814619343a891a565a415bc6f4bb374609c1d.jpg,https://raw.githubusercontent.com/GUIA-DD/dataset-streetview/refs/heads/main/datasets/df_2024_proportional/batch_0002/images/e66814619343a891a565a415bc6f4bb374609c1d.jpg,True,downloaded,
4a0c5e2503b666095c0e096b61b069c86658d2fa,b2a8dcea13bdc224ceafe633160c73c3cc72160b,-15.989398862946139,-47.98677968131656,-15.9893677187843,-47.98678859120941,2025-02,2025,S_RAcwCHABiPeKk_vjH_lw,347.81079840754364,© Google,OK,6_1,180299.2363804913,8229940.393114509,3958f5abdc5fad1e83d97dab3c2291a1e761a8a5,cardinal,4,1,90_deg_east,cardinal,90,0,90,640,640,2,batch_0002,306,datasets/df_2024_proportional/batch_0002/images/3958f5abdc5fad1e83d97dab3c2291a1e761a8a5.jpg,https://raw.githubusercontent.com/GUIA-DD/dataset-streetview/refs/heads/main/datasets/df_2024_proportional/batch_0002/images/3958f5abdc5fad1e83d97dab3c2291a1e761a8a5.jpg,True,downloaded,
4a0c5e2503b666095c0e096b61b069c86658d2fa,b2a8dcea13bdc224ceafe633160c73c3cc72160b,-15.989398862946139,-47.98677968131656,-15.9893677187843,-47.98678859120941,2025-02,2025,S_RAcwCHABiPeKk_vjH_lw,347.81079840754364,© Google,OK,6_1,180299.2363804913,8229940.393114509,d35e3052559a8aa484736cde49b349c7d87a3eeb,cardinal,4,2,180_deg_south,cardinal,180,0,90,640,640,2,batch_0002,307,datasets/df_2024_proportional/batch_0002/images/d35e3052559a8aa484736cde49b349c7d87a3eeb.jpg,https://raw.githubusercontent.com/GUIA-DD/dataset-streetview/refs/heads/main/datasets/df_2024_proportional/batch_0002/images/d35e3052559a8aa484736cde49b349c7d87a3eeb.jpg,True,downloaded,
4a0c5e2503b666095c0e096b61b069c86658d2fa,b2a8dcea13bdc224ceafe633160c73c3cc72160b,-15.989398862946139,-47.98677968131656,-15.9893677187843,-47.98678859120941,2025-02,2025,S_RAcwCHABiPeKk_vjH_lw,347.81079840754364,© Google,OK,6_1,180299.2363804913,8229940.393114509,995d09830951c8fd6931f2d5a29029270d1f3219,cardinal,4,3,270_deg_west,cardinal,270,0,90,640,640,2,batch_0002,308,datasets/df_2024_proportional/batch_0002/images/995d09830951c8fd6931f2d5a29029270d1f3219.jpg,https://raw.githubusercontent.com/GUIA-DD/dataset-streetview/refs/heads/main/datasets/df_2024_proportional/batch_0002/images/995d09830951c8fd6931f2d5a29029270d1f3219.jpg,True,downloaded,
4a24938d0236e4daac0659df4d9d1850a2d8a660,f3925c7b8c7ee3b1f97ca58f6e12f8f8d74b35fe,-15.600983350000918,-47.68194169998738,-15.60099805734332,-47.68195376738053,2025-07,2025,PvrKhjmDNkzqChbWp90ioA,177.47998208057842,© Google,OK,12_10,212401.85800192592,8273389.627466657,4df2c93e2937cf6957af0bd6333bac948dba43de,cardinal,4,0,0_deg_north,cardinal,0,0,90,640,640,2,batch_0002,309,datasets/df_2024_proportional/batch_0002/images/4df2c93e2937cf6957af0bd6333bac948dba43de.jpg,https://raw.githubusercontent.com/GUIA-DD/dataset-streetview/refs/heads/main/datasets/df_2024_proportional/batch_0002/images/4df2c93e2937cf6957af0bd6333bac948dba43de.jpg,True,downloaded,
4a24938d0236e4daac0659df4d9d1850a2d8a660,f3925c7b8c7ee3b1f97ca58f6e12f8f8d74b35fe,-15.600983350000918,-47.68194169998738,-15.60099805734332,-47.68195376738053,2025-07,2025,PvrKhjmDNkzqChbWp90ioA,177.47998208057842,© Google,OK,12_10,212401.85800192592,8273389.627466657,55e160140ae99d7489909a0639bd5a6d9b08b9ca,cardinal,4,1,90_deg_east,cardinal,90,0,90,640,640,2,batch_0002,310,datasets/df_2024_proportional/batch_0002/images/55e160140ae99d7489909a0639bd5a6d9b08b9ca.jpg,https://raw.githubusercontent.com/GUIA-DD/dataset-streetview/refs/heads/main/datasets/df_2024_proportional/batch_0002/images/55e160140ae99d7489909a0639bd5a6d9b08b9ca.jpg,True,downloaded,
4a24938d0236e4daac0659df4d9d1850a2d8a660,f3925c7b8c7ee3b1f97ca58f6e12f8f8d74b35fe,-15.600983350000918,-47.68194169998738,-15.60099805734332,-47.68195376738053,2025-07,2025,PvrKhjmDNkzqChbWp90ioA,177.47998208057842,© Google,OK,12_10,212401.85800192592,8273389.627466657,1ff208a699a406595cc39f3bbb2953279a889671,cardinal,4,2,180_deg_south,cardinal,180,0,90,640,640,2,batch_0002,311,datasets/df_2024_proportional/batch_0002/images/1ff208a699a406595cc39f3bbb2953279a889671.jpg,https://raw.githubusercontent.com/GUIA-DD/dataset-streetview/refs/heads/main/datasets/df_2024_proportional/batch_0002/images/1ff208a699a406595cc39f3bbb2953279a889671.jpg,True,downloaded,
4a24938d0236e4daac0659df4d9d1850a2d8a660,f3925c7b8c7ee3b1f97ca58f6e12f8f8d74b35fe,-15.600983350000918,-47.68194169998738,-15.60099805734332,-47.68195376738053,2025-07,2025,PvrKhjmDNkzqChbWp90ioA,177.47998208057842,© Google,OK,12_10,212401.85800192592,8273389.627466657,87f36ee9b3c67b731d0a6a166bbd120120e95151,cardinal,4,3,270_deg_west,cardinal,270,0,90,640,640,2,batch_0002,312,datasets/df_2024_proportional/batch_0002/images/87f36ee9b3c67b731d0a6a166bbd120120e95151.jpg,https://raw.githubusercontent.com/GUIA-DD/dataset-streetview/refs/heads/main/datasets/df_2024_proportional/batch_0002/images/87f36ee9b3c67b731d0a6a166bbd120120e95151.jpg,True,downloaded,
4ae8208a3b7662fc82daff67ef784b224a271346,ae985fb267dbf0a8299c9bc343193309d9f3ce96,-15.937303351964282,-48.22701564986929,-15.93732744704057,-48.22704059329505,2025-05,2025,FCO4EjBrLVw31QE81X1H5A,81.85106271758099,© Google,OK,1_2,154472.86220186148,8235325.890048888,7fb1b9e4fa5b4a720cb647a7b5977420471692e9,cardinal,4,0,0_deg_north,cardinal,0,0,90,640,640,2,batch_0002,313,datasets/df_2024_proportional/batch_0002/images/7fb1b9e4fa5b4a720cb647a7b5977420471692e9.jpg,https://raw.githubusercontent.com/GUIA-DD/dataset-streetview/refs/heads/main/datasets/df_2024_proportional/batch_0002/images/7fb1b9e4fa5b4a720cb647a7b5977420471692e9.jpg,True,downloaded,
4ae8208a3b7662fc82daff67ef784b224a271346,ae985fb267dbf0a8299c9bc343193309d9f3ce96,-15.937303351964282,-48.22701564986929,-15.93732744704057,-48.22704059329505,2025-05,2025,FCO4EjBrLVw31QE81X1H5A,81.85106271758099,© Google,OK,1_2,154472.86220186148,8235325.890048888,405e7ae511f2bfc64e13b07d789857ee20319698,cardinal,4,1,90_deg_east,cardinal,90,0,90,640,640,2,batch_0002,314,datasets/df_2024_proportional/batch_0002/images/405e7ae511f2bfc64e13b07d789857ee20319698.jpg,https://raw.githubusercontent.com/GUIA-DD/dataset-streetview/refs/heads/main/datasets/df_2024_proportional/batch_0002/images/405e7ae511f2bfc64e13b07d789857ee20319698.jpg,True,downloaded,
4ae8208a3b7662fc82daff67ef784b224a271346,ae985fb267dbf0a8299c9bc343193309d9f3ce96,-15.937303351964282,-48.22701564986929,-15.93732744704057,-48.22704059329505,2025-05,2025,FCO4EjBrLVw31QE81X1H5A,81.85106271758099,© Google,OK,1_2,154472.86220186148,8235325.890048888,75d30a0a10084e94547f97b875b37fe3515f20eb,cardinal,4,2,180_deg_south,cardinal,180,0,90,640,640,2,batch_0002,315,datasets/df_2024_proportional/batch_0002/images/75d30a0a10084e94547f97b875b37fe3515f20eb.jpg,https://raw.githubusercontent.com/GUIA-DD/dataset-streetview/refs/heads/main/datasets/df_2024_proportional/batch_0002/images/75d30a0a10084e94547f97b875b37fe3515f20eb.jpg,True,downloaded,
4ae8208a3b7662fc82daff67ef784b224a271346,ae985fb267dbf0a8299c9bc343193309d9f3ce96,-15.937303351964282,-48.22701564986929,-15.93732744704057,-48.22704059329505,2025-05,2025,FCO4EjBrLVw31QE81X1H5A,81.85106271758099,© Google,OK,1_2,154472.86220186148,8235325.890048888,cb20d81df5b151ed3ee28935f7d0c04ba347bae5,cardinal,4,3,270_deg_west,cardinal,270,0,90,640,640,2,batch_0002,316,datasets/df_2024_proportional/batch_0002/images/cb20d81df5b151ed3ee28935f7d0c04ba347bae5.jpg,https://raw.githubusercontent.com/GUIA-DD/dataset-streetview/refs/heads/main/datasets/df_2024_proportional/batch_0002/images/cb20d81df5b151ed3ee28935f7d0c04ba347bae5.jpg,True,downloaded,
4af342840bc8ba2e04c43b824a633f92dc540c2b,f8dc27a10616137269ae2213108ed7f5392c2446,-15.806406650081414,-48.1365845999555,-15.8064229233208,-48.13660522069615,2026-02,2026,ZkH1gOuBePrDU5BJ4jmRhg,68.19634308536165,© Google,OK,3_5,163946.73294739908,8249971.304249251,507a9d59115091d485f13c6c159d0c9af4fcd9f3,cardinal,4,0,0_deg_north,cardinal,0,0,90,640,640,2,batch_0002,317,datasets/df_2024_proportional/batch_0002/images/507a9d59115091d485f13c6c159d0c9af4fcd9f3.jpg,https://raw.githubusercontent.com/GUIA-DD/dataset-streetview/refs/heads/main/datasets/df_2024_proportional/batch_0002/images/507a9d59115091d485f13c6c159d0c9af4fcd9f3.jpg,True,downloaded,
4af342840bc8ba2e04c43b824a633f92dc540c2b,f8dc27a10616137269ae2213108ed7f5392c2446,-15.806406650081414,-48.1365845999555,-15.8064229233208,-48.13660522069615,2026-02,2026,ZkH1gOuBePrDU5BJ4jmRhg,68.19634308536165,© Google,OK,3_5,163946.73294739908,8249971.304249251,cf76bade25a45745fd355be6c1d630d5dc46f192,cardinal,4,1,90_deg_east,cardinal,90,0,90,640,640,2,batch_0002,318,datasets/df_2024_proportional/batch_0002/images/cf76bade25a45745fd355be6c1d630d5dc46f192.jpg,https://raw.githubusercontent.com/GUIA-DD/dataset-streetview/refs/heads/main/datasets/df_2024_proportional/batch_0002/images/cf76bade25a45745fd355be6c1d630d5dc46f192.jpg,True,downloaded,
4af342840bc8ba2e04c43b824a633f92dc540c2b,f8dc27a10616137269ae2213108ed7f5392c2446,-15.806406650081414,-48.1365845999555,-15.8064229233208,-48.13660522069615,2026-02,2026,ZkH1gOuBePrDU5BJ4jmRhg,68.19634308536165,© Google,OK,3_5,163946.73294739908,8249971.304249251,a69f7fcbf398576a27de77381cf43619d710962b,cardinal,4,2,180_deg_south,cardinal,180,0,90,640,640,2,batch_0002,319,datasets/df_2024_proportional/batch_0002/images/a69f7fcbf398576a27de77381cf43619d710962b.jpg,https://raw.githubusercontent.com/GUIA-DD/dataset-streetview/refs/heads/main/datasets/df_2024_proportional/batch_0002/images/a69f7fcbf398576a27de77381cf43619d710962b.jpg,True,downloaded,
4af342840bc8ba2e04c43b824a633f92dc540c2b,f8dc27a10616137269ae2213108ed7f5392c2446,-15.806406650081414,-48.1365845999555,-15.8064229233208,-48.13660522069615,2026-02,2026,ZkH1gOuBePrDU5BJ4jmRhg,68.19634308536165,© Google,OK,3_5,163946.73294739908,8249971.304249251,564294590ecb89f179d50581e528180715cb5ff9,cardinal,4,3,270_deg_west,cardinal,270,0,90,640,640,2,batch_0002,320,datasets/df_2024_proportional/batch_0002/images/564294590ecb89f179d50581e528180715cb5ff9.jpg,https://raw.githubusercontent.com/GUIA-DD/dataset-streetview/refs/heads/main/datasets/df_2024_proportional/batch_0002/images/564294590ecb89f179d50581e528180715cb5ff9.jpg,True,downloaded,
4bb02f1e154bb6ea0e8c038dc9ed31527296599d,caf23268bbb1498974001f0d9c86f4115e7090d4,-16.04322955002707,-48.03947774970707,-16.04321758984519,-48.03948972521563,2025-02,2025,LDrrI7NUFxZu4NzgIadaXw,359.50745691599883,© Google,OK,5_0,174741.3679318119,8223896.922422772,38fd58c0423afe28e19135193e3d3ea492082963,cardinal,4,0,0_deg_north,cardinal,0,0,90,640,640,2,batch_0002,321,datasets/df_2024_proportional/batch_0002/images/38fd58c0423afe28e19135193e3d3ea492082963.jpg,https://raw.githubusercontent.com/GUIA-DD/dataset-streetview/refs/heads/main/datasets/df_2024_proportional/batch_0002/images/38fd58c0423afe28e19135193e3d3ea492082963.jpg,True,downloaded,
4bb02f1e154bb6ea0e8c038dc9ed31527296599d,caf23268bbb1498974001f0d9c86f4115e7090d4,-16.04322955002707,-48.03947774970707,-16.04321758984519,-48.03948972521563,2025-02,2025,LDrrI7NUFxZu4NzgIadaXw,359.50745691599883,© Google,OK,5_0,174741.3679318119,8223896.922422772,b8a8eda1b4fcca9cc6dfefd4051da610ed3cd210,cardinal,4,1,90_deg_east,cardinal,90,0,90,640,640,2,batch_0002,322,datasets/df_2024_proportional/batch_0002/images/b8a8eda1b4fcca9cc6dfefd4051da610ed3cd210.jpg,https://raw.githubusercontent.com/GUIA-DD/dataset-streetview/refs/heads/main/datasets/df_2024_proportional/batch_0002/images/b8a8eda1b4fcca9cc6dfefd4051da610ed3cd210.jpg,True,downloaded,
4bb02f1e154bb6ea0e8c038dc9ed31527296599d,caf23268bbb1498974001f0d9c86f4115e7090d4,-16.04322955002707,-48.03947774970707,-16.04321758984519,-48.03948972521563,2025-02,2025,LDrrI7NUFxZu4NzgIadaXw,359.50745691599883,© Google,OK,5_0,174741.3679318119,8223896.922422772,cbac4edb2583d4d73a441747c2772cccb3ab0cf1,cardinal,4,2,180_deg_south,cardinal,180,0,90,640,640,2,batch_0002,323,datasets/df_2024_proportional/batch_0002/images/cbac4edb2583d4d73a441747c2772cccb3ab0cf1.jpg,https://raw.githubusercontent.com/GUIA-DD/dataset-streetview/refs/heads/main/datasets/df_2024_proportional/batch_0002/images/cbac4edb2583d4d73a441747c2772cccb3ab0cf1.jpg,True,downloaded,
4bb02f1e154bb6ea0e8c038dc9ed31527296599d,caf23268bbb1498974001f0d9c86f4115e7090d4,-16.04322955002707,-48.03947774970707,-16.04321758984519,-48.03948972521563,2025-02,2025,LDrrI7NUFxZu4NzgIadaXw,359.50745691599883,© Google,OK,5_0,174741.3679318119,8223896.922422772,79ad3fb8b0fe351683d2c9a57e60ddd4973689e0,cardinal,4,3,270_deg_west,cardinal,270,0,90,640,640,2,batch_0002,324,datasets/df_2024_proportional/batch_0002/images/79ad3fb8b0fe351683d2c9a57e60ddd4973689e0.jpg,https://raw.githubusercontent.com/GUIA-DD/dataset-streetview/refs/heads/main/datasets/df_2024_proportional/batch_0002/images/79ad3fb8b0fe351683d2c9a57e60ddd4973689e0.jpg,True,downloaded,
4c2708f2d0cb639898fe32950c24105ab3029a7d,7ce85a9bf60c48fbd783e596cf93c1db46d1d45a,-15.885068950002221,-48.014590200032266,-15.8850862756235,-48.01459984119132,2024-06,2024,Ca4sP4WrlnyZt_0rZJCP-g,155.45300808103536,© Google,OK,5_3,177153.02179809767,8241451.369460735,f1decdc8642d8be8478fe05af5f6939788bf2462,cardinal,4,0,0_deg_north,cardinal,0,0,90,640,640,2,batch_0002,325,datasets/df_2024_proportional/batch_0002/images/f1decdc8642d8be8478fe05af5f6939788bf2462.jpg,https://raw.githubusercontent.com/GUIA-DD/dataset-streetview/refs/heads/main/datasets/df_2024_proportional/batch_0002/images/f1decdc8642d8be8478fe05af5f6939788bf2462.jpg,True,downloaded,
4c2708f2d0cb639898fe32950c24105ab3029a7d,7ce85a9bf60c48fbd783e596cf93c1db46d1d45a,-15.885068950002221,-48.014590200032266,-15.8850862756235,-48.01459984119132,2024-06,2024,Ca4sP4WrlnyZt_0rZJCP-g,155.45300808103536,© Google,OK,5_3,177153.02179809767,8241451.369460735,bdbcb4aad8f67f1e736affc73c6f7583c652b3ca,cardinal,4,1,90_deg_east,cardinal,90,0,90,640,640,2,batch_0002,326,datasets/df_2024_proportional/batch_0002/images/bdbcb4aad8f67f1e736affc73c6f7583c652b3ca.jpg,https://raw.githubusercontent.com/GUIA-DD/dataset-streetview/refs/heads/main/datasets/df_2024_proportional/batch_0002/images/bdbcb4aad8f67f1e736affc73c6f7583c652b3ca.jpg,True,downloaded,
4c2708f2d0cb639898fe32950c24105ab3029a7d,7ce85a9bf60c48fbd783e596cf93c1db46d1d45a,-15.885068950002221,-48.014590200032266,-15.8850862756235,-48.01459984119132,2024-06,2024,Ca4sP4WrlnyZt_0rZJCP-g,155.45300808103536,© Google,OK,5_3,177153.02179809767,8241451.369460735,efcbde7103131941c14ef98934e6e0ad333e4710,cardinal,4,2,180_deg_south,cardinal,180,0,90,640,640,2,batch_0002,327,datasets/df_2024_proportional/batch_0002/images/efcbde7103131941c14ef98934e6e0ad333e4710.jpg,https://raw.githubusercontent.com/GUIA-DD/dataset-streetview/refs/heads/main/datasets/df_2024_proportional/batch_0002/images/efcbde7103131941c14ef98934e6e0ad333e4710.jpg,True,downloaded,
4c2708f2d0cb639898fe32950c24105ab3029a7d,7ce85a9bf60c48fbd783e596cf93c1db46d1d45a,-15.885068950002221,-48.014590200032266,-15.8850862756235,-48.01459984119132,2024-06,2024,Ca4sP4WrlnyZt_0rZJCP-g,155.45300808103536,© Google,OK,5_3,177153.02179809767,8241451.369460735,be6eceb20585117d1b55d213ddaf4cdc2c719999,cardinal,4,3,270_deg_west,cardinal,270,0,90,640,640,2,batch_0002,328,datasets/df_2024_proportional/batch_0002/images/be6eceb20585117d1b55d213ddaf4cdc2c719999.jpg,https://raw.githubusercontent.com/GUIA-DD/dataset-streetview/refs/heads/main/datasets/df_2024_proportional/batch_0002/images/be6eceb20585117d1b55d213ddaf4cdc2c719999.jpg,True,downloaded,
4d37b6910a820ed6860c8c6a0710b17e76b578e6,c04c6401d913a3f3c1e96b29e7de706870cc0e51,-15.652313450149983,-47.75773549983626,-15.65229597979061,-47.7577193731127,2024-07,2024,HcRcZWY9hAbJHPyyW_z1uQ,234.32355290138094,© Google,OK,11_9,204342.51574637584,8267602.398506656,069ed5c0e2228914a2e92844971d658bfdba6186,cardinal,4,0,0_deg_north,cardinal,0,0,90,640,640,2,batch_0002,329,datasets/df_2024_proportional/batch_0002/images/069ed5c0e2228914a2e92844971d658bfdba6186.jpg,https://raw.githubusercontent.com/GUIA-DD/dataset-streetview/refs/heads/main/datasets/df_2024_proportional/batch_0002/images/069ed5c0e2228914a2e92844971d658bfdba6186.jpg,True,downloaded,
4d37b6910a820ed6860c8c6a0710b17e76b578e6,c04c6401d913a3f3c1e96b29e7de706870cc0e51,-15.652313450149983,-47.75773549983626,-15.65229597979061,-47.7577193731127,2024-07,2024,HcRcZWY9hAbJHPyyW_z1uQ,234.32355290138094,© Google,OK,11_9,204342.51574637584,8267602.398506656,e2685fbbacc5e791274ca427cd287c84cfe88247,cardinal,4,1,90_deg_east,cardinal,90,0,90,640,640,2,batch_0002,330,datasets/df_2024_proportional/batch_0002/images/e2685fbbacc5e791274ca427cd287c84cfe88247.jpg,https://raw.githubusercontent.com/GUIA-DD/dataset-streetview/refs/heads/main/datasets/df_2024_proportional/batch_0002/images/e2685fbbacc5e791274ca427cd287c84cfe88247.jpg,True,downloaded,
4d37b6910a820ed6860c8c6a0710b17e76b578e6,c04c6401d913a3f3c1e96b29e7de706870cc0e51,-15.652313450149983,-47.75773549983626,-15.65229597979061,-47.7577193731127,2024-07,2024,HcRcZWY9hAbJHPyyW_z1uQ,234.32355290138094,© Google,OK,11_9,204342.51574637584,8267602.398506656,13507eed596a3d6e1e5aec5c45cb8410a5c49ea6,cardinal,4,2,180_deg_south,cardinal,180,0,90,640,640,2,batch_0002,331,datasets/df_2024_proportional/batch_0002/images/13507eed596a3d6e1e5aec5c45cb8410a5c49ea6.jpg,https://raw.githubusercontent.com/GUIA-DD/dataset-streetview/refs/heads/main/datasets/df_2024_proportional/batch_0002/images/13507eed596a3d6e1e5aec5c45cb8410a5c49ea6.jpg,True,downloaded,
4d37b6910a820ed6860c8c6a0710b17e76b578e6,c04c6401d913a3f3c1e96b29e7de706870cc0e51,-15.652313450149983,-47.75773549983626,-15.65229597979061,-47.7577193731127,2024-07,2024,HcRcZWY9hAbJHPyyW_z1uQ,234.32355290138094,© Google,OK,11_9,204342.51574637584,8267602.398506656,70f2038b1f81b7248a3e9135e8a739dbd5817097,cardinal,4,3,270_deg_west,cardinal,270,0,90,640,640,2,batch_0002,332,datasets/df_2024_proportional/batch_0002/images/70f2038b1f81b7248a3e9135e8a739dbd5817097.jpg,https://raw.githubusercontent.com/GUIA-DD/dataset-streetview/refs/heads/main/datasets/df_2024_proportional/batch_0002/images/70f2038b1f81b7248a3e9135e8a739dbd5817097.jpg,True,downloaded,
5086dad4e2147e0f05b8ef2722ff233a8a9dc051,cb5ea203fda340161985cd3bc9e2fbde4b303b4a,-15.766773000104903,-47.77798764998649,-15.7667625942744,-47.77799257587304,2024-06,2024,Mo65i_yxlDV6S4Lz5rmaPQ,260.9023883681582,© Google,OK,10_6,202336.32520030314,8254900.725217929,f827a442dd39fb4900087b6607ddbd96a2bdb437,cardinal,4,0,0_deg_north,cardinal,0,0,90,640,640,2,batch_0002,333,datasets/df_2024_proportional/batch_0002/images/f827a442dd39fb4900087b6607ddbd96a2bdb437.jpg,https://raw.githubusercontent.com/GUIA-DD/dataset-streetview/refs/heads/main/datasets/df_2024_proportional/batch_0002/images/f827a442dd39fb4900087b6607ddbd96a2bdb437.jpg,True,downloaded,
5086dad4e2147e0f05b8ef2722ff233a8a9dc051,cb5ea203fda340161985cd3bc9e2fbde4b303b4a,-15.766773000104903,-47.77798764998649,-15.7667625942744,-47.77799257587304,2024-06,2024,Mo65i_yxlDV6S4Lz5rmaPQ,260.9023883681582,© Google,OK,10_6,202336.32520030314,8254900.725217929,bc08730d6ca3d170c10cc0c541b44d22c9aea3d6,cardinal,4,1,90_deg_east,cardinal,90,0,90,640,640,2,batch_0002,334,datasets/df_2024_proportional/batch_0002/images/bc08730d6ca3d170c10cc0c541b44d22c9aea3d6.jpg,https://raw.githubusercontent.com/GUIA-DD/dataset-streetview/refs/heads/main/datasets/df_2024_proportional/batch_0002/images/bc08730d6ca3d170c10cc0c541b44d22c9aea3d6.jpg,True,downloaded,
5086dad4e2147e0f05b8ef2722ff233a8a9dc051,cb5ea203fda340161985cd3bc9e2fbde4b303b4a,-15.766773000104903,-47.77798764998649,-15.7667625942744,-47.77799257587304,2024-06,2024,Mo65i_yxlDV6S4Lz5rmaPQ,260.9023883681582,© Google,OK,10_6,202336.32520030314,8254900.725217929,361f65fa9c480d86f53a60b2442b7ad44325961b,cardinal,4,2,180_deg_south,cardinal,180,0,90,640,640,2,batch_0002,335,datasets/df_2024_proportional/batch_0002/images/361f65fa9c480d86f53a60b2442b7ad44325961b.jpg,https://raw.githubusercontent.com/GUIA-DD/dataset-streetview/refs/heads/main/datasets/df_2024_proportional/batch_0002/images/361f65fa9c480d86f53a60b2442b7ad44325961b.jpg,True,downloaded,
5086dad4e2147e0f05b8ef2722ff233a8a9dc051,cb5ea203fda340161985cd3bc9e2fbde4b303b4a,-15.766773000104903,-47.77798764998649,-15.7667625942744,-47.77799257587304,2024-06,2024,Mo65i_yxlDV6S4Lz5rmaPQ,260.9023883681582,© Google,OK,10_6,202336.32520030314,8254900.725217929,63f5e610670a3f3bdd2e39ba17ed0aa81b01ff65,cardinal,4,3,270_deg_west,cardinal,270,0,90,640,640,2,batch_0002,336,datasets/df_2024_proportional/batch_0002/images/63f5e610670a3f3bdd2e39ba17ed0aa81b01ff65.jpg,https://raw.githubusercontent.com/GUIA-DD/dataset-streetview/refs/heads/main/datasets/df_2024_proportional/batch_0002/images/63f5e610670a3f3bdd2e39ba17ed0aa81b01ff65.jpg,True,downloaded,
51dda0ebebad1a6861a4b565ea03330e10330400,d2accacea97661c49f1ac558c2ba6705959406f7,-15.870662800011429,-48.077285500125015,-15.87066747718172,-48.07730031241316,2025-06,2025,2J_-SrZpppYImR0EQNUIfg,332.80125519720474,© Google,OK,4_4,170409.7400917952,8242948.976175231,3964612412350743183792d732f16b711c6ddd05,cardinal,4,0,0_deg_north,cardinal,0,0,90,640,640,2,batch_0002,337,datasets/df_2024_proportional/batch_0002/images/3964612412350743183792d732f16b711c6ddd05.jpg,https://raw.githubusercontent.com/GUIA-DD/dataset-streetview/refs/heads/main/datasets/df_2024_proportional/batch_0002/images/3964612412350743183792d732f16b711c6ddd05.jpg,True,downloaded,
51dda0ebebad1a6861a4b565ea03330e10330400,d2accacea97661c49f1ac558c2ba6705959406f7,-15.870662800011429,-48.077285500125015,-15.87066747718172,-48.07730031241316,2025-06,2025,2J_-SrZpppYImR0EQNUIfg,332.80125519720474,© Google,OK,4_4,170409.7400917952,8242948.976175231,10d2c9590329783b33e8e213e1fee4d834a0a9dc,cardinal,4,1,90_deg_east,cardinal,90,0,90,640,640,2,batch_0002,338,datasets/df_2024_proportional/batch_0002/images/10d2c9590329783b33e8e213e1fee4d834a0a9dc.jpg,https://raw.githubusercontent.com/GUIA-DD/dataset-streetview/refs/heads/main/datasets/df_2024_proportional/batch_0002/images/10d2c9590329783b33e8e213e1fee4d834a0a9dc.jpg,True,downloaded,
51dda0ebebad1a6861a4b565ea03330e10330400,d2accacea97661c49f1ac558c2ba6705959406f7,-15.870662800011429,-48.077285500125015,-15.87066747718172,-48.07730031241316,2025-06,2025,2J_-SrZpppYImR0EQNUIfg,332.80125519720474,© Google,OK,4_4,170409.7400917952,8242948.976175231,c1ba3f14cee98fb393815326796a6cbb09266836,cardinal,4,2,180_deg_south,cardinal,180,0,90,640,640,2,batch_0002,339,datasets/df_2024_proportional/batch_0002/images/c1ba3f14cee98fb393815326796a6cbb09266836.jpg,https://raw.githubusercontent.com/GUIA-DD/dataset-streetview/refs/heads/main/datasets/df_2024_proportional/batch_0002/images/c1ba3f14cee98fb393815326796a6cbb09266836.jpg,True,downloaded,
51dda0ebebad1a6861a4b565ea03330e10330400,d2accacea97661c49f1ac558c2ba6705959406f7,-15.870662800011429,-48.077285500125015,-15.87066747718172,-48.07730031241316,2025-06,2025,2J_-SrZpppYImR0EQNUIfg,332.80125519720474,© Google,OK,4_4,170409.7400917952,8242948.976175231,3863ad2904897d17a56674048e2575ff20f658fd,cardinal,4,3,270_deg_west,cardinal,270,0,90,640,640,2,batch_0002,340,datasets/df_2024_proportional/batch_0002/images/3863ad2904897d17a56674048e2575ff20f658fd.jpg,https://raw.githubusercontent.com/GUIA-DD/dataset-streetview/refs/heads/main/datasets/df_2024_proportional/batch_0002/images/3863ad2904897d17a56674048e2575ff20f658fd.jpg,True,downloaded,
52c2cb1a78a043f25b06e755dad50652285be483,17f70e4eaa59e2d018982b5d3c3ed5b60392c2ee,-15.808947507728721,-47.85933260778544,-15.80894227481122,-47.85937721351184,2024-06,2024,sJU0h3GD9YBNO2QpXuB6pA,57.04401234352693,© Google,OK,8_5,193677.48398983915,8250114.031476336,50b07f13dfa929de031b70f7794604fa3147807e,cardinal,4,0,0_deg_north,cardinal,0,0,90,640,640,2,batch_0002,341,datasets/df_2024_proportional/batch_0002/images/50b07f13dfa929de031b70f7794604fa3147807e.jpg,https://raw.githubusercontent.com/GUIA-DD/dataset-streetview/refs/heads/main/datasets/df_2024_proportional/batch_0002/images/50b07f13dfa929de031b70f7794604fa3147807e.jpg,True,downloaded,
52c2cb1a78a043f25b06e755dad50652285be483,17f70e4eaa59e2d018982b5d3c3ed5b60392c2ee,-15.808947507728721,-47.85933260778544,-15.80894227481122,-47.85937721351184,2024-06,2024,sJU0h3GD9YBNO2QpXuB6pA,57.04401234352693,© Google,OK,8_5,193677.48398983915,8250114.031476336,4e0046f5859ffc7a184a532e09df4256ee754a23,cardinal,4,1,90_deg_east,cardinal,90,0,90,640,640,2,batch_0002,342,datasets/df_2024_proportional/batch_0002/images/4e0046f5859ffc7a184a532e09df4256ee754a23.jpg,https://raw.githubusercontent.com/GUIA-DD/dataset-streetview/refs/heads/main/datasets/df_2024_proportional/batch_0002/images/4e0046f5859ffc7a184a532e09df4256ee754a23.jpg,True,downloaded,
52c2cb1a78a043f25b06e755dad50652285be483,17f70e4eaa59e2d018982b5d3c3ed5b60392c2ee,-15.808947507728721,-47.85933260778544,-15.80894227481122,-47.85937721351184,2024-06,2024,sJU0h3GD9YBNO2QpXuB6pA,57.04401234352693,© Google,OK,8_5,193677.48398983915,8250114.031476336,4f4a9e941d7b6a0b13b7e4ea8fec8be1f7515bd7,cardinal,4,2,180_deg_south,cardinal,180,0,90,640,640,2,batch_0002,343,datasets/df_2024_proportional/batch_0002/images/4f4a9e941d7b6a0b13b7e4ea8fec8be1f7515bd7.jpg,https://raw.githubusercontent.com/GUIA-DD/dataset-streetview/refs/heads/main/datasets/df_2024_proportional/batch_0002/images/4f4a9e941d7b6a0b13b7e4ea8fec8be1f7515bd7.jpg,True,downloaded,
52c2cb1a78a043f25b06e755dad50652285be483,17f70e4eaa59e2d018982b5d3c3ed5b60392c2ee,-15.808947507728721,-47.85933260778544,-15.80894227481122,-47.85937721351184,2024-06,2024,sJU0h3GD9YBNO2QpXuB6pA,57.04401234352693,© Google,OK,8_5,193677.48398983915,8250114.031476336,590746cc6e386adfce2ea41922d7180dd6463dc1,cardinal,4,3,270_deg_west,cardinal,270,0,90,640,640,2,batch_0002,344,datasets/df_2024_proportional/batch_0002/images/590746cc6e386adfce2ea41922d7180dd6463dc1.jpg,https://raw.githubusercontent.com/GUIA-DD/dataset-streetview/refs/heads/main/datasets/df_2024_proportional/batch_0002/images/590746cc6e386adfce2ea41922d7180dd6463dc1.jpg,True,downloaded,
531a5a662bdb78c643e512b82e1c671f5b44d45e,6b7e7682a27033f10d11adcff7d103344aba89e8,-16.01331134999021,-47.9923575501918,-16.01335435827751,-47.99234713423333,2025-01,2025,YvaLJwiKvYQYH_AMmBgbvA,167.2169327040158,© Google,OK,6_0,179739.88565507764,8227283.648505109,5064127604abb5f3b8f4bea312e263bfa1ab0980,cardinal,4,0,0_deg_north,cardinal,0,0,90,640,640,2,batch_0002,345,datasets/df_2024_proportional/batch_0002/images/5064127604abb5f3b8f4bea312e263bfa1ab0980.jpg,https://raw.githubusercontent.com/GUIA-DD/dataset-streetview/refs/heads/main/datasets/df_2024_proportional/batch_0002/images/5064127604abb5f3b8f4bea312e263bfa1ab0980.jpg,True,downloaded,
531a5a662bdb78c643e512b82e1c671f5b44d45e,6b7e7682a27033f10d11adcff7d103344aba89e8,-16.01331134999021,-47.9923575501918,-16.01335435827751,-47.99234713423333,2025-01,2025,YvaLJwiKvYQYH_AMmBgbvA,167.2169327040158,© Google,OK,6_0,179739.88565507764,8227283.648505109,ef6d641b8a4064a2efc63a62fde8ab9f32508eef,cardinal,4,1,90_deg_east,cardinal,90,0,90,640,640,2,batch_0002,346,datasets/df_2024_proportional/batch_0002/images/ef6d641b8a4064a2efc63a62fde8ab9f32508eef.jpg,https://raw.githubusercontent.com/GUIA-DD/dataset-streetview/refs/heads/main/datasets/df_2024_proportional/batch_0002/images/ef6d641b8a4064a2efc63a62fde8ab9f32508eef.jpg,True,downloaded,
531a5a662bdb78c643e512b82e1c671f5b44d45e,6b7e7682a27033f10d11adcff7d103344aba89e8,-16.01331134999021,-47.9923575501918,-16.01335435827751,-47.99234713423333,2025-01,2025,YvaLJwiKvYQYH_AMmBgbvA,167.2169327040158,© Google,OK,6_0,179739.88565507764,8227283.648505109,37e10c9e55aced2998fe2d2e92209cc6a592eba2,cardinal,4,2,180_deg_south,cardinal,180,0,90,640,640,2,batch_0002,347,datasets/df_2024_proportional/batch_0002/images/37e10c9e55aced2998fe2d2e92209cc6a592eba2.jpg,https://raw.githubusercontent.com/GUIA-DD/dataset-streetview/refs/heads/main/datasets/df_2024_proportional/batch_0002/images/37e10c9e55aced2998fe2d2e92209cc6a592eba2.jpg,True,downloaded,
531a5a662bdb78c643e512b82e1c671f5b44d45e,6b7e7682a27033f10d11adcff7d103344aba89e8,-16.01331134999021,-47.9923575501918,-16.01335435827751,-47.99234713423333,2025-01,2025,YvaLJwiKvYQYH_AMmBgbvA,167.2169327040158,© Google,OK,6_0,179739.88565507764,8227283.648505109,c3d820bbcf6656e04a0b10747d17a9486ff95fb7,cardinal,4,3,270_deg_west,cardinal,270,0,90,640,640,2,batch_0002,348,datasets/df_2024_proportional/batch_0002/images/c3d820bbcf6656e04a0b10747d17a9486ff95fb7.jpg,https://raw.githubusercontent.com/GUIA-DD/dataset-streetview/refs/heads/main/datasets/df_2024_proportional/batch_0002/images/c3d820bbcf6656e04a0b10747d17a9486ff95fb7.jpg,True,downloaded,
53d681cecb14226fa2d86dcf95cdb4869728d75f,cd1592d87f460614c8380dbc15ad136acf2c3f37,-15.860429618783336,-48.08247792003735,-15.86044048176672,-48.08246710859311,2025-06,2025,ArTjqqJf1IvOFPXWe-P8rw,330.5189783461558,© Google,OK,4_4,169836.46567177755,8244074.113605272,ad237d13f93e1adb504dc50b5e63fa17aba84f1b,cardinal,4,0,0_deg_north,cardinal,0,0,90,640,640,2,batch_0002,349,datasets/df_2024_proportional/batch_0002/images/ad237d13f93e1adb504dc50b5e63fa17aba84f1b.jpg,https://raw.githubusercontent.com/GUIA-DD/dataset-streetview/refs/heads/main/datasets/df_2024_proportional/batch_0002/images/ad237d13f93e1adb504dc50b5e63fa17aba84f1b.jpg,True,downloaded,
53d681cecb14226fa2d86dcf95cdb4869728d75f,cd1592d87f460614c8380dbc15ad136acf2c3f37,-15.860429618783336,-48.08247792003735,-15.86044048176672,-48.08246710859311,2025-06,2025,ArTjqqJf1IvOFPXWe-P8rw,330.5189783461558,© Google,OK,4_4,169836.46567177755,8244074.113605272,ed5be719ef5145acf0e6d0b4f08f65710eb5cd0b,cardinal,4,1,90_deg_east,cardinal,90,0,90,640,640,2,batch_0002,350,datasets/df_2024_proportional/batch_0002/images/ed5be719ef5145acf0e6d0b4f08f65710eb5cd0b.jpg,https://raw.githubusercontent.com/GUIA-DD/dataset-streetview/refs/heads/main/datasets/df_2024_proportional/batch_0002/images/ed5be719ef5145acf0e6d0b4f08f65710eb5cd0b.jpg,True,downloaded,
53d681cecb14226fa2d86dcf95cdb4869728d75f,cd1592d87f460614c8380dbc15ad136acf2c3f37,-15.860429618783336,-48.08247792003735,-15.86044048176672,-48.08246710859311,2025-06,2025,ArTjqqJf1IvOFPXWe-P8rw,330.5189783461558,© Google,OK,4_4,169836.46567177755,8244074.113605272,b0be33a9fd2af46ae912d20b395457f183b11fec,cardinal,4,2,180_deg_south,cardinal,180,0,90,640,640,2,batch_0002,351,datasets/df_2024_proportional/batch_0002/images/b0be33a9fd2af46ae912d20b395457f183b11fec.jpg,https://raw.githubusercontent.com/GUIA-DD/dataset-streetview/refs/heads/main/datasets/df_2024_proportional/batch_0002/images/b0be33a9fd2af46ae912d20b395457f183b11fec.jpg,True,downloaded,
53d681cecb14226fa2d86dcf95cdb4869728d75f,cd1592d87f460614c8380dbc15ad136acf2c3f37,-15.860429618783336,-48.08247792003735,-15.86044048176672,-48.08246710859311,2025-06,2025,ArTjqqJf1IvOFPXWe-P8rw,330.5189783461558,© Google,OK,4_4,169836.46567177755,8244074.113605272,fc0317675c3bf24ecaaef6a92294ff1bbb54d586,cardinal,4,3,270_deg_west,cardinal,270,0,90,640,640,2,batch_0002,352,datasets/df_2024_proportional/batch_0002/images/fc0317675c3bf24ecaaef6a92294ff1bbb54d586.jpg,https://raw.githubusercontent.com/GUIA-DD/dataset-streetview/refs/heads/main/datasets/df_2024_proportional/batch_0002/images/fc0317675c3bf24ecaaef6a92294ff1bbb54d586.jpg,True,downloaded,
53e23bf6e8e349a05a9393149c20a39d3be39205,5b8130baf776c3ba524d25ab590456a036a93e6b,-15.852038372321303,-47.820628031472495,-15.85204898844405,-47.82063922470393,2024-12,2024,DocT5WNFVN7P2HdbHKlN1Q,121.2608254239377,© Google,OK,9_4,197890.95714799396,8245398.759573761,0a9e96426cada35bfc921eb7b070c73513ec13eb,cardinal,4,0,0_deg_north,cardinal,0,0,90,640,640,2,batch_0002,353,datasets/df_2024_proportional/batch_0002/images/0a9e96426cada35bfc921eb7b070c73513ec13eb.jpg,https://raw.githubusercontent.com/GUIA-DD/dataset-streetview/refs/heads/main/datasets/df_2024_proportional/batch_0002/images/0a9e96426cada35bfc921eb7b070c73513ec13eb.jpg,True,downloaded,
53e23bf6e8e349a05a9393149c20a39d3be39205,5b8130baf776c3ba524d25ab590456a036a93e6b,-15.852038372321303,-47.820628031472495,-15.85204898844405,-47.82063922470393,2024-12,2024,DocT5WNFVN7P2HdbHKlN1Q,121.2608254239377,© Google,OK,9_4,197890.95714799396,8245398.759573761,55bc175bc71d5ebfb7eb40e44ae4cd02aa25bb5a,cardinal,4,1,90_deg_east,cardinal,90,0,90,640,640,2,batch_0002,354,datasets/df_2024_proportional/batch_0002/images/55bc175bc71d5ebfb7eb40e44ae4cd02aa25bb5a.jpg,https://raw.githubusercontent.com/GUIA-DD/dataset-streetview/refs/heads/main/datasets/df_2024_proportional/batch_0002/images/55bc175bc71d5ebfb7eb40e44ae4cd02aa25bb5a.jpg,True,downloaded,
53e23bf6e8e349a05a9393149c20a39d3be39205,5b8130baf776c3ba524d25ab590456a036a93e6b,-15.852038372321303,-47.820628031472495,-15.85204898844405,-47.82063922470393,2024-12,2024,DocT5WNFVN7P2HdbHKlN1Q,121.2608254239377,© Google,OK,9_4,197890.95714799396,8245398.759573761,1825563dbd523842bf6a8e7c2a3a2a88d1cc3bbe,cardinal,4,2,180_deg_south,cardinal,180,0,90,640,640,2,batch_0002,355,datasets/df_2024_proportional/batch_0002/images/1825563dbd523842bf6a8e7c2a3a2a88d1cc3bbe.jpg,https://raw.githubusercontent.com/GUIA-DD/dataset-streetview/refs/heads/main/datasets/df_2024_proportional/batch_0002/images/1825563dbd523842bf6a8e7c2a3a2a88d1cc3bbe.jpg,True,downloaded,
53e23bf6e8e349a05a9393149c20a39d3be39205,5b8130baf776c3ba524d25ab590456a036a93e6b,-15.852038372321303,-47.820628031472495,-15.85204898844405,-47.82063922470393,2024-12,2024,DocT5WNFVN7P2HdbHKlN1Q,121.2608254239377,© Google,OK,9_4,197890.95714799396,8245398.759573761,2cb981c9523ddebef9122ba8b540e97f05b28bd2,cardinal,4,3,270_deg_west,cardinal,270,0,90,640,640,2,batch_0002,356,datasets/df_2024_proportional/batch_0002/images/2cb981c9523ddebef9122ba8b540e97f05b28bd2.jpg,https://raw.githubusercontent.com/GUIA-DD/dataset-streetview/refs/heads/main/datasets/df_2024_proportional/batch_0002/images/2cb981c9523ddebef9122ba8b540e97f05b28bd2.jpg,True,downloaded,
549bdf13f546507e1dd0e1693da332cf40461841,8e7b7c9ff5834a72d2d86f7a9560fabbe05e1a4f,-15.856788419895741,-47.99511554480381,-15.85682250232196,-47.99510632680881,2024-07,2024,vYThzhcSMQDzE8Q7G6cAbg,228.21314273263525,© Google,OK,6_4,179195.4753517257,8244613.218862321,f937f10c6e63b657d290f8ddff36194b830a2038,cardinal,4,0,0_deg_north,cardinal,0,0,90,640,640,2,batch_0002,357,datasets/df_2024_proportional/batch_0002/images/f937f10c6e63b657d290f8ddff36194b830a2038.jpg,https://raw.githubusercontent.com/GUIA-DD/dataset-streetview/refs/heads/main/datasets/df_2024_proportional/batch_0002/images/f937f10c6e63b657d290f8ddff36194b830a2038.jpg,True,downloaded,
549bdf13f546507e1dd0e1693da332cf40461841,8e7b7c9ff5834a72d2d86f7a9560fabbe05e1a4f,-15.856788419895741,-47.99511554480381,-15.85682250232196,-47.99510632680881,2024-07,2024,vYThzhcSMQDzE8Q7G6cAbg,228.21314273263525,© Google,OK,6_4,179195.4753517257,8244613.218862321,0a4e48e22347a4f3f910f37d4638b6265e213350,cardinal,4,1,90_deg_east,cardinal,90,0,90,640,640,2,batch_0002,358,datasets/df_2024_proportional/batch_0002/images/0a4e48e22347a4f3f910f37d4638b6265e213350.jpg,https://raw.githubusercontent.com/GUIA-DD/dataset-streetview/refs/heads/main/datasets/df_2024_proportional/batch_0002/images/0a4e48e22347a4f3f910f37d4638b6265e213350.jpg,True,downloaded,
549bdf13f546507e1dd0e1693da332cf40461841,8e7b7c9ff5834a72d2d86f7a9560fabbe05e1a4f,-15.856788419895741,-47.99511554480381,-15.85682250232196,-47.99510632680881,2024-07,2024,vYThzhcSMQDzE8Q7G6cAbg,228.21314273263525,© Google,OK,6_4,179195.4753517257,8244613.218862321,0b38690beb1b456a0b69bb6de61890b80d3e4d14,cardinal,4,2,180_deg_south,cardinal,180,0,90,640,640,2,batch_0002,359,datasets/df_2024_proportional/batch_0002/images/0b38690beb1b456a0b69bb6de61890b80d3e4d14.jpg,https://raw.githubusercontent.com/GUIA-DD/dataset-streetview/refs/heads/main/datasets/df_2024_proportional/batch_0002/images/0b38690beb1b456a0b69bb6de61890b80d3e4d14.jpg,True,downloaded,
549bdf13f546507e1dd0e1693da332cf40461841,8e7b7c9ff5834a72d2d86f7a9560fabbe05e1a4f,-15.856788419895741,-47.99511554480381,-15.85682250232196,-47.99510632680881,2024-07,2024,vYThzhcSMQDzE8Q7G6cAbg,228.21314273263525,© Google,OK,6_4,179195.4753517257,8244613.218862321,d4a4f94aca81048ab475fa86e72921b113a23af0,cardinal,4,3,270_deg_west,cardinal,270,0,90,640,640,2,batch_0002,360,datasets/df_2024_proportional/batch_0002/images/d4a4f94aca81048ab475fa86e72921b113a23af0.jpg,https://raw.githubusercontent.com/GUIA-DD/dataset-streetview/refs/heads/main/datasets/df_2024_proportional/batch_0002/images/d4a4f94aca81048ab475fa86e72921b113a23af0.jpg,True,downloaded,
555a7e8bf2218c0bb952ea631be8b49128edd6e6,223e450475c33797707236b99f87cfbf0479f4ba,-15.623514500071902,-47.658811499452966,-15.62354818278318,-47.65884207209345,2024-08,2024,T7y7yOaHVuldIIPLkqIwjQ,2.1649792129166987,© Google,OK,13_9,214914.94269962085,8270926.266216023,d3e5fd8e85bccfc05f70ea2845663e3c70657872,cardinal,4,0,0_deg_north,cardinal,0,0,90,640,640,2,batch_0002,361,datasets/df_2024_proportional/batch_0002/images/d3e5fd8e85bccfc05f70ea2845663e3c70657872.jpg,https://raw.githubusercontent.com/GUIA-DD/dataset-streetview/refs/heads/main/datasets/df_2024_proportional/batch_0002/images/d3e5fd8e85bccfc05f70ea2845663e3c70657872.jpg,True,downloaded,
555a7e8bf2218c0bb952ea631be8b49128edd6e6,223e450475c33797707236b99f87cfbf0479f4ba,-15.623514500071902,-47.658811499452966,-15.62354818278318,-47.65884207209345,2024-08,2024,T7y7yOaHVuldIIPLkqIwjQ,2.1649792129166987,© Google,OK,13_9,214914.94269962085,8270926.266216023,131c22b3f58cc22378382d7b6a481d59c1373e23,cardinal,4,1,90_deg_east,cardinal,90,0,90,640,640,2,batch_0002,362,datasets/df_2024_proportional/batch_0002/images/131c22b3f58cc22378382d7b6a481d59c1373e23.jpg,https://raw.githubusercontent.com/GUIA-DD/dataset-streetview/refs/heads/main/datasets/df_2024_proportional/batch_0002/images/131c22b3f58cc22378382d7b6a481d59c1373e23.jpg,True,downloaded,
555a7e8bf2218c0bb952ea631be8b49128edd6e6,223e450475c33797707236b99f87cfbf0479f4ba,-15.623514500071902,-47.658811499452966,-15.62354818278318,-47.65884207209345,2024-08,2024,T7y7yOaHVuldIIPLkqIwjQ,2.1649792129166987,© Google,OK,13_9,214914.94269962085,8270926.266216023,0f3a0d20a31048abaf9af6a6a9e3781f619598fe,cardinal,4,2,180_deg_south,cardinal,180,0,90,640,640,2,batch_0002,363,datasets/df_2024_proportional/batch_0002/images/0f3a0d20a31048abaf9af6a6a9e3781f619598fe.jpg,https://raw.githubusercontent.com/GUIA-DD/dataset-streetview/refs/heads/main/datasets/df_2024_proportional/batch_0002/images/0f3a0d20a31048abaf9af6a6a9e3781f619598fe.jpg,True,downloaded,
555a7e8bf2218c0bb952ea631be8b49128edd6e6,223e450475c33797707236b99f87cfbf0479f4ba,-15.623514500071902,-47.658811499452966,-15.62354818278318,-47.65884207209345,2024-08,2024,T7y7yOaHVuldIIPLkqIwjQ,2.1649792129166987,© Google,OK,13_9,214914.94269962085,8270926.266216023,722a5add88ae0e0739a595ce7f41003166edcaae,cardinal,4,3,270_deg_west,cardinal,270,0,90,640,640,2,batch_0002,364,datasets/df_2024_proportional/batch_0002/images/722a5add88ae0e0739a595ce7f41003166edcaae.jpg,https://raw.githubusercontent.com/GUIA-DD/dataset-streetview/refs/heads/main/datasets/df_2024_proportional/batch_0002/images/722a5add88ae0e0739a595ce7f41003166edcaae.jpg,True,downloaded,
558ef553b6ba7a46e32ff005164a1cb72ae5cf78,2b8e6295c4145e65f88aeac4947acafb3c7299cf,-15.6357694001323,-47.64744745001056,-15.6357695803315,-47.64740472805725,2024-08,2024,HWVUr3zAsq78S8GcfvaOZw,266.9631737360642,© Google,OK,13_9,216151.07813836134,8269584.713424956,f40d7a9ac7c8a2b58b2a39608fc827a3afa09b46,cardinal,4,0,0_deg_north,cardinal,0,0,90,640,640,2,batch_0002,365,datasets/df_2024_proportional/batch_0002/images/f40d7a9ac7c8a2b58b2a39608fc827a3afa09b46.jpg,https://raw.githubusercontent.com/GUIA-DD/dataset-streetview/refs/heads/main/datasets/df_2024_proportional/batch_0002/images/f40d7a9ac7c8a2b58b2a39608fc827a3afa09b46.jpg,True,downloaded,
558ef553b6ba7a46e32ff005164a1cb72ae5cf78,2b8e6295c4145e65f88aeac4947acafb3c7299cf,-15.6357694001323,-47.64744745001056,-15.6357695803315,-47.64740472805725,2024-08,2024,HWVUr3zAsq78S8GcfvaOZw,266.9631737360642,© Google,OK,13_9,216151.07813836134,8269584.713424956,68d4b240b1bc815590e76bbf7520b5ddb49ab534,cardinal,4,1,90_deg_east,cardinal,90,0,90,640,640,2,batch_0002,366,datasets/df_2024_proportional/batch_0002/images/68d4b240b1bc815590e76bbf7520b5ddb49ab534.jpg,https://raw.githubusercontent.com/GUIA-DD/dataset-streetview/refs/heads/main/datasets/df_2024_proportional/batch_0002/images/68d4b240b1bc815590e76bbf7520b5ddb49ab534.jpg,True,downloaded,
558ef553b6ba7a46e32ff005164a1cb72ae5cf78,2b8e6295c4145e65f88aeac4947acafb3c7299cf,-15.6357694001323,-47.64744745001056,-15.6357695803315,-47.64740472805725,2024-08,2024,HWVUr3zAsq78S8GcfvaOZw,266.9631737360642,© Google,OK,13_9,216151.07813836134,8269584.713424956,1badee9ee9257aaf600d18d0cbfab3dc9c58bf32,cardinal,4,2,180_deg_south,cardinal,180,0,90,640,640,2,batch_0002,367,datasets/df_2024_proportional/batch_0002/images/1badee9ee9257aaf600d18d0cbfab3dc9c58bf32.jpg,https://raw.githubusercontent.com/GUIA-DD/dataset-streetview/refs/heads/main/datasets/df_2024_proportional/batch_0002/images/1badee9ee9257aaf600d18d0cbfab3dc9c58bf32.jpg,True,downloaded,
558ef553b6ba7a46e32ff005164a1cb72ae5cf78,2b8e6295c4145e65f88aeac4947acafb3c7299cf,-15.6357694001323,-47.64744745001056,-15.6357695803315,-47.64740472805725,2024-08,2024,HWVUr3zAsq78S8GcfvaOZw,266.9631737360642,© Google,OK,13_9,216151.07813836134,8269584.713424956,c1fe578e741671f67552610125ef9760a111e31e,cardinal,4,3,270_deg_west,cardinal,270,0,90,640,640,2,batch_0002,368,datasets/df_2024_proportional/batch_0002/images/c1fe578e741671f67552610125ef9760a111e31e.jpg,https://raw.githubusercontent.com/GUIA-DD/dataset-streetview/refs/heads/main/datasets/df_2024_proportional/batch_0002/images/c1fe578e741671f67552610125ef9760a111e31e.jpg,True,downloaded,
56d37320926ec1510d1da2bd65f88599e1863a39,9851965b5c9549fa4dd58e2c8faea290f3114b28,-16.003595050076928,-47.99610844997978,-16.00361838071499,-47.99606015382545,2025-02,2025,gVJOoEAzkuIgKfp5aK27DQ,256.71947166102615,© Google,OK,6_1,179322.59776009366,8228353.870492682,082e66e7f5de03a7891b28570991f6d4848bfb66,cardinal,4,0,0_deg_north,cardinal,0,0,90,640,640,2,batch_0002,369,datasets/df_2024_proportional/batch_0002/images/082e66e7f5de03a7891b28570991f6d4848bfb66.jpg,https://raw.githubusercontent.com/GUIA-DD/dataset-streetview/refs/heads/main/datasets/df_2024_proportional/batch_0002/images/082e66e7f5de03a7891b28570991f6d4848bfb66.jpg,True,downloaded,
56d37320926ec1510d1da2bd65f88599e1863a39,9851965b5c9549fa4dd58e2c8faea290f3114b28,-16.003595050076928,-47.99610844997978,-16.00361838071499,-47.99606015382545,2025-02,2025,gVJOoEAzkuIgKfp5aK27DQ,256.71947166102615,© Google,OK,6_1,179322.59776009366,8228353.870492682,e29ac079b5437ccda8b58acc5f2103f87ef03a98,cardinal,4,1,90_deg_east,cardinal,90,0,90,640,640,2,batch_0002,370,datasets/df_2024_proportional/batch_0002/images/e29ac079b5437ccda8b58acc5f2103f87ef03a98.jpg,https://raw.githubusercontent.com/GUIA-DD/dataset-streetview/refs/heads/main/datasets/df_2024_proportional/batch_0002/images/e29ac079b5437ccda8b58acc5f2103f87ef03a98.jpg,True,downloaded,
56d37320926ec1510d1da2bd65f88599e1863a39,9851965b5c9549fa4dd58e2c8faea290f3114b28,-16.003595050076928,-47.99610844997978,-16.00361838071499,-47.99606015382545,2025-02,2025,gVJOoEAzkuIgKfp5aK27DQ,256.71947166102615,© Google,OK,6_1,179322.59776009366,8228353.870492682,955e76342b60899a02943033f878711aa58b3f2c,cardinal,4,2,180_deg_south,cardinal,180,0,90,640,640,2,batch_0002,371,datasets/df_2024_proportional/batch_0002/images/955e76342b60899a02943033f878711aa58b3f2c.jpg,https://raw.githubusercontent.com/GUIA-DD/dataset-streetview/refs/heads/main/datasets/df_2024_proportional/batch_0002/images/955e76342b60899a02943033f878711aa58b3f2c.jpg,True,downloaded,
56d37320926ec1510d1da2bd65f88599e1863a39,9851965b5c9549fa4dd58e2c8faea290f3114b28,-16.003595050076928,-47.99610844997978,-16.00361838071499,-47.99606015382545,2025-02,2025,gVJOoEAzkuIgKfp5aK27DQ,256.71947166102615,© Google,OK,6_1,179322.59776009366,8228353.870492682,7dca36bcd871d09c9877f061b4ebbc7866cd091d,cardinal,4,3,270_deg_west,cardinal,270,0,90,640,640,2,batch_0002,372,datasets/df_2024_proportional/batch_0002/images/7dca36bcd871d09c9877f061b4ebbc7866cd091d.jpg,https://raw.githubusercontent.com/GUIA-DD/dataset-streetview/refs/heads/main/datasets/df_2024_proportional/batch_0002/images/7dca36bcd871d09c9877f061b4ebbc7866cd091d.jpg,True,downloaded,
5859b4c9bed577eb5a9314e5f80486ef82e57a8b,edbd11047bc020f52558a1c1d10cc18dd05f98c4,-15.840349550018452,-48.126585500101676,-15.84038067502536,-48.12656757067739,2026-01,2026,FBBBxJ4FJCMbtRq168WfRQ,324.21382394002575,© Google,OK,3_4,165074.94232873968,8246227.974859152,8ebe4514a8080ff58751e9443d46b8c0bbfaa513,cardinal,4,0,0_deg_north,cardinal,0,0,90,640,640,2,batch_0002,373,datasets/df_2024_proportional/batch_0002/images/8ebe4514a8080ff58751e9443d46b8c0bbfaa513.jpg,https://raw.githubusercontent.com/GUIA-DD/dataset-streetview/refs/heads/main/datasets/df_2024_proportional/batch_0002/images/8ebe4514a8080ff58751e9443d46b8c0bbfaa513.jpg,True,downloaded,
5859b4c9bed577eb5a9314e5f80486ef82e57a8b,edbd11047bc020f52558a1c1d10cc18dd05f98c4,-15.840349550018452,-48.126585500101676,-15.84038067502536,-48.12656757067739,2026-01,2026,FBBBxJ4FJCMbtRq168WfRQ,324.21382394002575,© Google,OK,3_4,165074.94232873968,8246227.974859152,9391eb096c4a2e95562afa0f011cee64693a14dd,cardinal,4,1,90_deg_east,cardinal,90,0,90,640,640,2,batch_0002,374,datasets/df_2024_proportional/batch_0002/images/9391eb096c4a2e95562afa0f011cee64693a14dd.jpg,https://raw.githubusercontent.com/GUIA-DD/dataset-streetview/refs/heads/main/datasets/df_2024_proportional/batch_0002/images/9391eb096c4a2e95562afa0f011cee64693a14dd.jpg,True,downloaded,
5859b4c9bed577eb5a9314e5f80486ef82e57a8b,edbd11047bc020f52558a1c1d10cc18dd05f98c4,-15.840349550018452,-48.126585500101676,-15.84038067502536,-48.12656757067739,2026-01,2026,FBBBxJ4FJCMbtRq168WfRQ,324.21382394002575,© Google,OK,3_4,165074.94232873968,8246227.974859152,89bea8595cf86b428dcc21b988c6ddfa832db79b,cardinal,4,2,180_deg_south,cardinal,180,0,90,640,640,2,batch_0002,375,datasets/df_2024_proportional/batch_0002/images/89bea8595cf86b428dcc21b988c6ddfa832db79b.jpg,https://raw.githubusercontent.com/GUIA-DD/dataset-streetview/refs/heads/main/datasets/df_2024_proportional/batch_0002/images/89bea8595cf86b428dcc21b988c6ddfa832db79b.jpg,True,downloaded,
5859b4c9bed577eb5a9314e5f80486ef82e57a8b,edbd11047bc020f52558a1c1d10cc18dd05f98c4,-15.840349550018452,-48.126585500101676,-15.84038067502536,-48.12656757067739,2026-01,2026,FBBBxJ4FJCMbtRq168WfRQ,324.21382394002575,© Google,OK,3_4,165074.94232873968,8246227.974859152,33c7f918f911d3a68bc0f25fd46245ce604b6a2b,cardinal,4,3,270_deg_west,cardinal,270,0,90,640,640,2,batch_0002,376,datasets/df_2024_proportional/batch_0002/images/33c7f918f911d3a68bc0f25fd46245ce604b6a2b.jpg,https://raw.githubusercontent.com/GUIA-DD/dataset-streetview/refs/heads/main/datasets/df_2024_proportional/batch_0002/images/33c7f918f911d3a68bc0f25fd46245ce604b6a2b.jpg,True,downloaded,
5b0b4943f9709fc5acd6f98f78b41a6c0f0e87c9,87ff6dd59840b4815c2b4e4b435b1f96e168fef6,-15.96037400023113,-48.045688251358285,-15.96038237527138,-48.04568923713172,2025-05,2025,2O6H8v34_ljYFPAeHxYqWA,145.75988413994077,© Google,OK,5_2,173941.6470345812,8233063.237014231,02ba8b106bf9ee1f67375e3b7f0d32a70517330c,cardinal,4,0,0_deg_north,cardinal,0,0,90,640,640,2,batch_0002,377,datasets/df_2024_proportional/batch_0002/images/02ba8b106bf9ee1f67375e3b7f0d32a70517330c.jpg,https://raw.githubusercontent.com/GUIA-DD/dataset-streetview/refs/heads/main/datasets/df_2024_proportional/batch_0002/images/02ba8b106bf9ee1f67375e3b7f0d32a70517330c.jpg,True,downloaded,
5b0b4943f9709fc5acd6f98f78b41a6c0f0e87c9,87ff6dd59840b4815c2b4e4b435b1f96e168fef6,-15.96037400023113,-48.045688251358285,-15.96038237527138,-48.04568923713172,2025-05,2025,2O6H8v34_ljYFPAeHxYqWA,145.75988413994077,© Google,OK,5_2,173941.6470345812,8233063.237014231,19685f996c76c2d8d9774a73694672b4899535a2,cardinal,4,1,90_deg_east,cardinal,90,0,90,640,640,2,batch_0002,378,datasets/df_2024_proportional/batch_0002/images/19685f996c76c2d8d9774a73694672b4899535a2.jpg,https://raw.githubusercontent.com/GUIA-DD/dataset-streetview/refs/heads/main/datasets/df_2024_proportional/batch_0002/images/19685f996c76c2d8d9774a73694672b4899535a2.jpg,True,downloaded,
5b0b4943f9709fc5acd6f98f78b41a6c0f0e87c9,87ff6dd59840b4815c2b4e4b435b1f96e168fef6,-15.96037400023113,-48.045688251358285,-15.96038237527138,-48.04568923713172,2025-05,2025,2O6H8v34_ljYFPAeHxYqWA,145.75988413994077,© Google,OK,5_2,173941.6470345812,8233063.237014231,5f4351c1640679a392981a0651684960674b4bb1,cardinal,4,2,180_deg_south,cardinal,180,0,90,640,640,2,batch_0002,379,datasets/df_2024_proportional/batch_0002/images/5f4351c1640679a392981a0651684960674b4bb1.jpg,https://raw.githubusercontent.com/GUIA-DD/dataset-streetview/refs/heads/main/datasets/df_2024_proportional/batch_0002/images/5f4351c1640679a392981a0651684960674b4bb1.jpg,True,downloaded,
5b0b4943f9709fc5acd6f98f78b41a6c0f0e87c9,87ff6dd59840b4815c2b4e4b435b1f96e168fef6,-15.96037400023113,-48.045688251358285,-15.96038237527138,-48.04568923713172,2025-05,2025,2O6H8v34_ljYFPAeHxYqWA,145.75988413994077,© Google,OK,5_2,173941.6470345812,8233063.237014231,7d7e6d9a43d2eae8a082bbf61267a7b8b82024ba,cardinal,4,3,270_deg_west,cardinal,270,0,90,640,640,2,batch_0002,380,datasets/df_2024_proportional/batch_0002/images/7d7e6d9a43d2eae8a082bbf61267a7b8b82024ba.jpg,https://raw.githubusercontent.com/GUIA-DD/dataset-streetview/refs/heads/main/datasets/df_2024_proportional/batch_0002/images/7d7e6d9a43d2eae8a082bbf61267a7b8b82024ba.jpg,True,downloaded,
5c2051925eade80436354a99cae6109c0eac2d66,c66a224a2bac5a326a9a2a9fc57ada324de3458d,-15.819911250447111,-47.90956434949922,-15.81987753566796,-47.90955923073962,2024-05,2024,uT740uY4KLcjkyX0fPNAWg,53.303305594486744,© Google,OK,7_5,188309.0011247709,8248826.039754202,0e022d9d561b64af51ba604360c621a6d6e9f364,cardinal,4,0,0_deg_north,cardinal,0,0,90,640,640,2,batch_0002,381,datasets/df_2024_proportional/batch_0002/images/0e022d9d561b64af51ba604360c621a6d6e9f364.jpg,https://raw.githubusercontent.com/GUIA-DD/dataset-streetview/refs/heads/main/datasets/df_2024_proportional/batch_0002/images/0e022d9d561b64af51ba604360c621a6d6e9f364.jpg,True,downloaded,
5c2051925eade80436354a99cae6109c0eac2d66,c66a224a2bac5a326a9a2a9fc57ada324de3458d,-15.819911250447111,-47.90956434949922,-15.81987753566796,-47.90955923073962,2024-05,2024,uT740uY4KLcjkyX0fPNAWg,53.303305594486744,© Google,OK,7_5,188309.0011247709,8248826.039754202,63bac6296c4bff54d5df662dc12dcad14521aee3,cardinal,4,1,90_deg_east,cardinal,90,0,90,640,640,2,batch_0002,382,datasets/df_2024_proportional/batch_0002/images/63bac6296c4bff54d5df662dc12dcad14521aee3.jpg,https://raw.githubusercontent.com/GUIA-DD/dataset-streetview/refs/heads/main/datasets/df_2024_proportional/batch_0002/images/63bac6296c4bff54d5df662dc12dcad14521aee3.jpg,True,downloaded,
5c2051925eade80436354a99cae6109c0eac2d66,c66a224a2bac5a326a9a2a9fc57ada324de3458d,-15.819911250447111,-47.90956434949922,-15.81987753566796,-47.90955923073962,2024-05,2024,uT740uY4KLcjkyX0fPNAWg,53.303305594486744,© Google,OK,7_5,188309.0011247709,8248826.039754202,f0d995814e78fd969d546ac1f616a71df1c8bd8e,cardinal,4,2,180_deg_south,cardinal,180,0,90,640,640,2,batch_0002,383,datasets/df_2024_proportional/batch_0002/images/f0d995814e78fd969d546ac1f616a71df1c8bd8e.jpg,https://raw.githubusercontent.com/GUIA-DD/dataset-streetview/refs/heads/main/datasets/df_2024_proportional/batch_0002/images/f0d995814e78fd969d546ac1f616a71df1c8bd8e.jpg,True,downloaded,
5c2051925eade80436354a99cae6109c0eac2d66,c66a224a2bac5a326a9a2a9fc57ada324de3458d,-15.819911250447111,-47.90956434949922,-15.81987753566796,-47.90955923073962,2024-05,2024,uT740uY4KLcjkyX0fPNAWg,53.303305594486744,© Google,OK,7_5,188309.0011247709,8248826.039754202,95cc70147f53151c9036a2f0c3d1502ec08341b0,cardinal,4,3,270_deg_west,cardinal,270,0,90,640,640,2,batch_0002,384,datasets/df_2024_proportional/batch_0002/images/95cc70147f53151c9036a2f0c3d1502ec08341b0.jpg,https://raw.githubusercontent.com/GUIA-DD/dataset-streetview/refs/heads/main/datasets/df_2024_proportional/batch_0002/images/95cc70147f53151c9036a2f0c3d1502ec08341b0.jpg,True,downloaded,
5cce104429ab2d702550f92464b4a1b29b5cfbdf,c8d21569f091dd0a2cf470b65ebdeb75bd172178,-16.012878000052137,-48.00667275017229,-16.01289963684235,-48.0066828002029,2025-01,2025,bSN7yjYPh-AqGDGsGqLdgQ,315.4248358362351,© Google,OK,5_0,178205.89318182418,8227309.475684436,f071a833f2dd1950060c1240bc3858fe59910a9a,cardinal,4,0,0_deg_north,cardinal,0,0,90,640,640,2,batch_0002,385,datasets/df_2024_proportional/batch_0002/images/f071a833f2dd1950060c1240bc3858fe59910a9a.jpg,https://raw.githubusercontent.com/GUIA-DD/dataset-streetview/refs/heads/main/datasets/df_2024_proportional/batch_0002/images/f071a833f2dd1950060c1240bc3858fe59910a9a.jpg,True,downloaded,
5cce104429ab2d702550f92464b4a1b29b5cfbdf,c8d21569f091dd0a2cf470b65ebdeb75bd172178,-16.012878000052137,-48.00667275017229,-16.01289963684235,-48.0066828002029,2025-01,2025,bSN7yjYPh-AqGDGsGqLdgQ,315.4248358362351,© Google,OK,5_0,178205.89318182418,8227309.475684436,5d7a0cc18949a24b04bab671ad510a12ac494295,cardinal,4,1,90_deg_east,cardinal,90,0,90,640,640,2,batch_0002,386,datasets/df_2024_proportional/batch_0002/images/5d7a0cc18949a24b04bab671ad510a12ac494295.jpg,https://raw.githubusercontent.com/GUIA-DD/dataset-streetview/refs/heads/main/datasets/df_2024_proportional/batch_0002/images/5d7a0cc18949a24b04bab671ad510a12ac494295.jpg,True,downloaded,
5cce104429ab2d702550f92464b4a1b29b5cfbdf,c8d21569f091dd0a2cf470b65ebdeb75bd172178,-16.012878000052137,-48.00667275017229,-16.01289963684235,-48.0066828002029,2025-01,2025,bSN7yjYPh-AqGDGsGqLdgQ,315.4248358362351,© Google,OK,5_0,178205.89318182418,8227309.475684436,909dc7fca187dadc5fca255915cf9cf8d154a8d7,cardinal,4,2,180_deg_south,cardinal,180,0,90,640,640,2,batch_0002,387,datasets/df_2024_proportional/batch_0002/images/909dc7fca187dadc5fca255915cf9cf8d154a8d7.jpg,https://raw.githubusercontent.com/GUIA-DD/dataset-streetview/refs/heads/main/datasets/df_2024_proportional/batch_0002/images/909dc7fca187dadc5fca255915cf9cf8d154a8d7.jpg,True,downloaded,
5cce104429ab2d702550f92464b4a1b29b5cfbdf,c8d21569f091dd0a2cf470b65ebdeb75bd172178,-16.012878000052137,-48.00667275017229,-16.01289963684235,-48.0066828002029,2025-01,2025,bSN7yjYPh-AqGDGsGqLdgQ,315.4248358362351,© Google,OK,5_0,178205.89318182418,8227309.475684436,33ef9495c5274161e42795d0eda62c61fffe1443,cardinal,4,3,270_deg_west,cardinal,270,0,90,640,640,2,batch_0002,388,datasets/df_2024_proportional/batch_0002/images/33ef9495c5274161e42795d0eda62c61fffe1443.jpg,https://raw.githubusercontent.com/GUIA-DD/dataset-streetview/refs/heads/main/datasets/df_2024_proportional/batch_0002/images/33ef9495c5274161e42795d0eda62c61fffe1443.jpg,True,downloaded,
5cfddb6fb41670155e1729b55e17d57109a51180,510fe5a151c0aed7f42af2b7df0ce0ba8afe3cb6,-15.840647591534902,-48.13340531671315,-15.84062366734576,-48.13340129372505,2024-07,2024,Mvp-GSjc9CXqx45XNksyYg,329.8632487853352,© Google,OK,3_4,164344.2617298763,8246184.0515514305,fe2b81ecb963fef5706556440531d2bc95c9912d,cardinal,4,0,0_deg_north,cardinal,0,0,90,640,640,2,batch_0002,389,datasets/df_2024_proportional/batch_0002/images/fe2b81ecb963fef5706556440531d2bc95c9912d.jpg,https://raw.githubusercontent.com/GUIA-DD/dataset-streetview/refs/heads/main/datasets/df_2024_proportional/batch_0002/images/fe2b81ecb963fef5706556440531d2bc95c9912d.jpg,True,downloaded,
5cfddb6fb41670155e1729b55e17d57109a51180,510fe5a151c0aed7f42af2b7df0ce0ba8afe3cb6,-15.840647591534902,-48.13340531671315,-15.84062366734576,-48.13340129372505,2024-07,2024,Mvp-GSjc9CXqx45XNksyYg,329.8632487853352,© Google,OK,3_4,164344.2617298763,8246184.0515514305,c3434e1186bfb1c66d500527bb29803e9245601f,cardinal,4,1,90_deg_east,cardinal,90,0,90,640,640,2,batch_0002,390,datasets/df_2024_proportional/batch_0002/images/c3434e1186bfb1c66d500527bb29803e9245601f.jpg,https://raw.githubusercontent.com/GUIA-DD/dataset-streetview/refs/heads/main/datasets/df_2024_proportional/batch_0002/images/c3434e1186bfb1c66d500527bb29803e9245601f.jpg,True,downloaded,
5cfddb6fb41670155e1729b55e17d57109a51180,510fe5a151c0aed7f42af2b7df0ce0ba8afe3cb6,-15.840647591534902,-48.13340531671315,-15.84062366734576,-48.13340129372505,2024-07,2024,Mvp-GSjc9CXqx45XNksyYg,329.8632487853352,© Google,OK,3_4,164344.2617298763,8246184.0515514305,35eb94c1fb11fa5a2531349f4b12fb51ebf2638a,cardinal,4,2,180_deg_south,cardinal,180,0,90,640,640,2,batch_0002,391,datasets/df_2024_proportional/batch_0002/images/35eb94c1fb11fa5a2531349f4b12fb51ebf2638a.jpg,https://raw.githubusercontent.com/GUIA-DD/dataset-streetview/refs/heads/main/datasets/df_2024_proportional/batch_0002/images/35eb94c1fb11fa5a2531349f4b12fb51ebf2638a.jpg,True,downloaded,
5cfddb6fb41670155e1729b55e17d57109a51180,510fe5a151c0aed7f42af2b7df0ce0ba8afe3cb6,-15.840647591534902,-48.13340531671315,-15.84062366734576,-48.13340129372505,2024-07,2024,Mvp-GSjc9CXqx45XNksyYg,329.8632487853352,© Google,OK,3_4,164344.2617298763,8246184.0515514305,4b5219041a1141b545032d372aa7c98b4a117b02,cardinal,4,3,270_deg_west,cardinal,270,0,90,640,640,2,batch_0002,392,datasets/df_2024_proportional/batch_0002/images/4b5219041a1141b545032d372aa7c98b4a117b02.jpg,https://raw.githubusercontent.com/GUIA-DD/dataset-streetview/refs/heads/main/datasets/df_2024_proportional/batch_0002/images/4b5219041a1141b545032d372aa7c98b4a117b02.jpg,True,downloaded,
626de3d59029a77588e873e1d3ecd1c9b335fcbc,cc461b5e14454a9f786bf424e00bd0848392ca1b,-15.872196695802183,-48.07243728500581,-15.87216828222732,-48.07245480418751,2025-06,2025,eC9JgmuCmy7h2_qi0lKAzA,159.9643496146263,© Google,OK,4_4,170931.9248530545,8242786.732589169,c9ed4cb452fd6c8d6ea1edfeb6b058a2f9286078,cardinal,4,0,0_deg_north,cardinal,0,0,90,640,640,2,batch_0002,393,datasets/df_2024_proportional/batch_0002/images/c9ed4cb452fd6c8d6ea1edfeb6b058a2f9286078.jpg,https://raw.githubusercontent.com/GUIA-DD/dataset-streetview/refs/heads/main/datasets/df_2024_proportional/batch_0002/images/c9ed4cb452fd6c8d6ea1edfeb6b058a2f9286078.jpg,True,downloaded,
626de3d59029a77588e873e1d3ecd1c9b335fcbc,cc461b5e14454a9f786bf424e00bd0848392ca1b,-15.872196695802183,-48.07243728500581,-15.87216828222732,-48.07245480418751,2025-06,2025,eC9JgmuCmy7h2_qi0lKAzA,159.9643496146263,© Google,OK,4_4,170931.9248530545,8242786.732589169,553cff76e74b1bac327df9e2b02ad19e8e6d6253,cardinal,4,1,90_deg_east,cardinal,90,0,90,640,640,2,batch_0002,394,datasets/df_2024_proportional/batch_0002/images/553cff76e74b1bac327df9e2b02ad19e8e6d6253.jpg,https://raw.githubusercontent.com/GUIA-DD/dataset-streetview/refs/heads/main/datasets/df_2024_proportional/batch_0002/images/553cff76e74b1bac327df9e2b02ad19e8e6d6253.jpg,True,downloaded,
626de3d59029a77588e873e1d3ecd1c9b335fcbc,cc461b5e14454a9f786bf424e00bd0848392ca1b,-15.872196695802183,-48.07243728500581,-15.87216828222732,-48.07245480418751,2025-06,2025,eC9JgmuCmy7h2_qi0lKAzA,159.9643496146263,© Google,OK,4_4,170931.9248530545,8242786.732589169,90e1bc34a51471dfca1402290ae910b713938ce7,cardinal,4,2,180_deg_south,cardinal,180,0,90,640,640,2,batch_0002,395,datasets/df_2024_proportional/batch_0002/images/90e1bc34a51471dfca1402290ae910b713938ce7.jpg,https://raw.githubusercontent.com/GUIA-DD/dataset-streetview/refs/heads/main/datasets/df_2024_proportional/batch_0002/images/90e1bc34a51471dfca1402290ae910b713938ce7.jpg,True,downloaded,
626de3d59029a77588e873e1d3ecd1c9b335fcbc,cc461b5e14454a9f786bf424e00bd0848392ca1b,-15.872196695802183,-48.07243728500581,-15.87216828222732,-48.07245480418751,2025-06,2025,eC9JgmuCmy7h2_qi0lKAzA,159.9643496146263,© Google,OK,4_4,170931.9248530545,8242786.732589169,98c6ba6b0c201d28876d5b53744de469d9c4b43c,cardinal,4,3,270_deg_west,cardinal,270,0,90,640,640,2,batch_0002,396,datasets/df_2024_proportional/batch_0002/images/98c6ba6b0c201d28876d5b53744de469d9c4b43c.jpg,https://raw.githubusercontent.com/GUIA-DD/dataset-streetview/refs/heads/main/datasets/df_2024_proportional/batch_0002/images/98c6ba6b0c201d28876d5b53744de469d9c4b43c.jpg,True,downloaded,
628d9a7655107e0a44fbe84b84fc24ffc4f4907c,262a7bfe9b413a0e4301607fafd539360682eb0d,-15.907872937363761,-48.144950155318874,-15.90785329568517,-48.1449329988515,2025-07,2025,7PafKhfC2xOL6hfk8zbGqQ,251.38779988418975,© Google,OK,2_3,163218.3974413292,8238719.916010354,6e21d24c7e70da39d67374d25729b2b0e3696f31,cardinal,4,0,0_deg_north,cardinal,0,0,90,640,640,2,batch_0002,397,datasets/df_2024_proportional/batch_0002/images/6e21d24c7e70da39d67374d25729b2b0e3696f31.jpg,https://raw.githubusercontent.com/GUIA-DD/dataset-streetview/refs/heads/main/datasets/df_2024_proportional/batch_0002/images/6e21d24c7e70da39d67374d25729b2b0e3696f31.jpg,True,downloaded,
628d9a7655107e0a44fbe84b84fc24ffc4f4907c,262a7bfe9b413a0e4301607fafd539360682eb0d,-15.907872937363761,-48.144950155318874,-15.90785329568517,-48.1449329988515,2025-07,2025,7PafKhfC2xOL6hfk8zbGqQ,251.38779988418975,© Google,OK,2_3,163218.3974413292,8238719.916010354,15e39132e445c44aca7d56dcfd522a391c9c2507,cardinal,4,1,90_deg_east,cardinal,90,0,90,640,640,2,batch_0002,398,datasets/df_2024_proportional/batch_0002/images/15e39132e445c44aca7d56dcfd522a391c9c2507.jpg,https://raw.githubusercontent.com/GUIA-DD/dataset-streetview/refs/heads/main/datasets/df_2024_proportional/batch_0002/images/15e39132e445c44aca7d56dcfd522a391c9c2507.jpg,True,downloaded,
628d9a7655107e0a44fbe84b84fc24ffc4f4907c,262a7bfe9b413a0e4301607fafd539360682eb0d,-15.907872937363761,-48.144950155318874,-15.90785329568517,-48.1449329988515,2025-07,2025,7PafKhfC2xOL6hfk8zbGqQ,251.38779988418975,© Google,OK,2_3,163218.3974413292,8238719.916010354,fdb73f465fae32a20b9197706db0d767ad17ad12,cardinal,4,2,180_deg_south,cardinal,180,0,90,640,640,2,batch_0002,399,datasets/df_2024_proportional/batch_0002/images/fdb73f465fae32a20b9197706db0d767ad17ad12.jpg,https://raw.githubusercontent.com/GUIA-DD/dataset-streetview/refs/heads/main/datasets/df_2024_proportional/batch_0002/images/fdb73f465fae32a20b9197706db0d767ad17ad12.jpg,True,downloaded,
628d9a7655107e0a44fbe84b84fc24ffc4f4907c,262a7bfe9b413a0e4301607fafd539360682eb0d,-15.907872937363761,-48.144950155318874,-15.90785329568517,-48.1449329988515,2025-07,2025,7PafKhfC2xOL6hfk8zbGqQ,251.38779988418975,© Google,OK,2_3,163218.3974413292,8238719.916010354,77099c5f940e287dcc0f73ce965ab13d41211e15,cardinal,4,3,270_deg_west,cardinal,270,0,90,640,640,2,batch_0002,400,datasets/df_2024_proportional/batch_0002/images/77099c5f940e287dcc0f73ce965ab13d41211e15.jpg,https://raw.githubusercontent.com/GUIA-DD/dataset-streetview/refs/heads/main/datasets/df_2024_proportional/batch_0002/images/77099c5f940e287dcc0f73ce965ab13d41211e15.jpg,True,downloaded,
630dc5c6aa6bc012d10dfcb8e2dcce89c19eb4a0,4c27b991588f3bce0850273ea3632cae5a6f647f,-15.907979500002547,-47.95231354998816,-15.90795190084658,-47.95230316132506,2024-12,2024,gK8yXsQDM6QyUXZiI2-nXQ,10.588370280257635,© Google,OK,6_3,183863.47612318193,8239009.491416742,23c5b0ac9f083d2fdf2edaa56711c67415103529,cardinal,4,0,0_deg_north,cardinal,0,0,90,640,640,2,batch_0002,401,datasets/df_2024_proportional/batch_0002/images/23c5b0ac9f083d2fdf2edaa56711c67415103529.jpg,https://raw.githubusercontent.com/GUIA-DD/dataset-streetview/refs/heads/main/datasets/df_2024_proportional/batch_0002/images/23c5b0ac9f083d2fdf2edaa56711c67415103529.jpg,True,downloaded,
630dc5c6aa6bc012d10dfcb8e2dcce89c19eb4a0,4c27b991588f3bce0850273ea3632cae5a6f647f,-15.907979500002547,-47.95231354998816,-15.90795190084658,-47.95230316132506,2024-12,2024,gK8yXsQDM6QyUXZiI2-nXQ,10.588370280257635,© Google,OK,6_3,183863.47612318193,8239009.491416742,22dabbbe268fb971cbafede520d195bef317b3ed,cardinal,4,1,90_deg_east,cardinal,90,0,90,640,640,2,batch_0002,402,datasets/df_2024_proportional/batch_0002/images/22dabbbe268fb971cbafede520d195bef317b3ed.jpg,https://raw.githubusercontent.com/GUIA-DD/dataset-streetview/refs/heads/main/datasets/df_2024_proportional/batch_0002/images/22dabbbe268fb971cbafede520d195bef317b3ed.jpg,True,downloaded,
630dc5c6aa6bc012d10dfcb8e2dcce89c19eb4a0,4c27b991588f3bce0850273ea3632cae5a6f647f,-15.907979500002547,-47.95231354998816,-15.90795190084658,-47.95230316132506,2024-12,2024,gK8yXsQDM6QyUXZiI2-nXQ,10.588370280257635,© Google,OK,6_3,183863.47612318193,8239009.491416742,b9d7ec46c24a4c0d8f0cf1c3b20fd098fae4bb40,cardinal,4,2,180_deg_south,cardinal,180,0,90,640,640,2,batch_0002,403,datasets/df_2024_proportional/batch_0002/images/b9d7ec46c24a4c0d8f0cf1c3b20fd098fae4bb40.jpg,https://raw.githubusercontent.com/GUIA-DD/dataset-streetview/refs/heads/main/datasets/df_2024_proportional/batch_0002/images/b9d7ec46c24a4c0d8f0cf1c3b20fd098fae4bb40.jpg,True,downloaded,
630dc5c6aa6bc012d10dfcb8e2dcce89c19eb4a0,4c27b991588f3bce0850273ea3632cae5a6f647f,-15.907979500002547,-47.95231354998816,-15.90795190084658,-47.95230316132506,2024-12,2024,gK8yXsQDM6QyUXZiI2-nXQ,10.588370280257635,© Google,OK,6_3,183863.47612318193,8239009.491416742,d0d3dd4133c1e1faa4cb64fe72b4a1a6d445c771,cardinal,4,3,270_deg_west,cardinal,270,0,90,640,640,2,batch_0002,404,datasets/df_2024_proportional/batch_0002/images/d0d3dd4133c1e1faa4cb64fe72b4a1a6d445c771.jpg,https://raw.githubusercontent.com/GUIA-DD/dataset-streetview/refs/heads/main/datasets/df_2024_proportional/batch_0002/images/d0d3dd4133c1e1faa4cb64fe72b4a1a6d445c771.jpg,True,downloaded,
6618dde7136ab4cf4eda8ef05c6c62c43bdda2bb,73f44876e67061bd212631e2fbd1bf0b2968969f,-15.803482050003096,-48.01194974997102,-15.80350566561977,-48.01194882720353,2024-05,2024,SMpZDz1xuV_wNCBHH9YYnQ,180.49871275650668,© Google,OK,5_5,177306.2240433964,8250490.696352975,3f4404fe437962d8633b11a849f64295f0ae0d13,cardinal,4,0,0_deg_north,cardinal,0,0,90,640,640,2,batch_0002,405,datasets/df_2024_proportional/batch_0002/images/3f4404fe437962d8633b11a849f64295f0ae0d13.jpg,https://raw.githubusercontent.com/GUIA-DD/dataset-streetview/refs/heads/main/datasets/df_2024_proportional/batch_0002/images/3f4404fe437962d8633b11a849f64295f0ae0d13.jpg,True,downloaded,
6618dde7136ab4cf4eda8ef05c6c62c43bdda2bb,73f44876e67061bd212631e2fbd1bf0b2968969f,-15.803482050003096,-48.01194974997102,-15.80350566561977,-48.01194882720353,2024-05,2024,SMpZDz1xuV_wNCBHH9YYnQ,180.49871275650668,© Google,OK,5_5,177306.2240433964,8250490.696352975,db1a5e9a7651804097ad3e0519ef50fc78727fc7,cardinal,4,1,90_deg_east,cardinal,90,0,90,640,640,2,batch_0002,406,datasets/df_2024_proportional/batch_0002/images/db1a5e9a7651804097ad3e0519ef50fc78727fc7.jpg,https://raw.githubusercontent.com/GUIA-DD/dataset-streetview/refs/heads/main/datasets/df_2024_proportional/batch_0002/images/db1a5e9a7651804097ad3e0519ef50fc78727fc7.jpg,True,downloaded,
6618dde7136ab4cf4eda8ef05c6c62c43bdda2bb,73f44876e67061bd212631e2fbd1bf0b2968969f,-15.803482050003096,-48.01194974997102,-15.80350566561977,-48.01194882720353,2024-05,2024,SMpZDz1xuV_wNCBHH9YYnQ,180.49871275650668,© Google,OK,5_5,177306.2240433964,8250490.696352975,03d77ef3b4af634299dcecac8528db192e6923c4,cardinal,4,2,180_deg_south,cardinal,180,0,90,640,640,2,batch_0002,407,datasets/df_2024_proportional/batch_0002/images/03d77ef3b4af634299dcecac8528db192e6923c4.jpg,https://raw.githubusercontent.com/GUIA-DD/dataset-streetview/refs/heads/main/datasets/df_2024_proportional/batch_0002/images/03d77ef3b4af634299dcecac8528db192e6923c4.jpg,True,downloaded,
6618dde7136ab4cf4eda8ef05c6c62c43bdda2bb,73f44876e67061bd212631e2fbd1bf0b2968969f,-15.803482050003096,-48.01194974997102,-15.80350566561977,-48.01194882720353,2024-05,2024,SMpZDz1xuV_wNCBHH9YYnQ,180.49871275650668,© Google,OK,5_5,177306.2240433964,8250490.696352975,60314b7d90fbaff62c832a3d8047adf424fe46ea,cardinal,4,3,270_deg_west,cardinal,270,0,90,640,640,2,batch_0002,408,datasets/df_2024_proportional/batch_0002/images/60314b7d90fbaff62c832a3d8047adf424fe46ea.jpg,https://raw.githubusercontent.com/GUIA-DD/dataset-streetview/refs/heads/main/datasets/df_2024_proportional/batch_0002/images/60314b7d90fbaff62c832a3d8047adf424fe46ea.jpg,True,downloaded,
66f59a4fea0d12588800bfffeb8415fa42cf9ad4,6c0e28fc3375a1bfe6b60940788a24f58a919b4f,-15.879070180755097,-48.06945840624898,-15.87905263499803,-48.06944466321406,2025-06,2025,qJ5-MFQEhNe1pP3VRkurjQ,71.3375442083088,© Google,OK,4_3,171262.40060174113,8242030.185142538,8814dff1fe4a377c73c556480db80623d80b1f96,cardinal,4,0,0_deg_north,cardinal,0,0,90,640,640,2,batch_0002,409,datasets/df_2024_proportional/batch_0002/images/8814dff1fe4a377c73c556480db80623d80b1f96.jpg,https://raw.githubusercontent.com/GUIA-DD/dataset-streetview/refs/heads/main/datasets/df_2024_proportional/batch_0002/images/8814dff1fe4a377c73c556480db80623d80b1f96.jpg,True,downloaded,
66f59a4fea0d12588800bfffeb8415fa42cf9ad4,6c0e28fc3375a1bfe6b60940788a24f58a919b4f,-15.879070180755097,-48.06945840624898,-15.87905263499803,-48.06944466321406,2025-06,2025,qJ5-MFQEhNe1pP3VRkurjQ,71.3375442083088,© Google,OK,4_3,171262.40060174113,8242030.185142538,36e81f2f60e68ad495084331c4d68cfebaccb7b3,cardinal,4,1,90_deg_east,cardinal,90,0,90,640,640,2,batch_0002,410,datasets/df_2024_proportional/batch_0002/images/36e81f2f60e68ad495084331c4d68cfebaccb7b3.jpg,https://raw.githubusercontent.com/GUIA-DD/dataset-streetview/refs/heads/main/datasets/df_2024_proportional/batch_0002/images/36e81f2f60e68ad495084331c4d68cfebaccb7b3.jpg,True,downloaded,
66f59a4fea0d12588800bfffeb8415fa42cf9ad4,6c0e28fc3375a1bfe6b60940788a24f58a919b4f,-15.879070180755097,-48.06945840624898,-15.87905263499803,-48.06944466321406,2025-06,2025,qJ5-MFQEhNe1pP3VRkurjQ,71.3375442083088,© Google,OK,4_3,171262.40060174113,8242030.185142538,7830f4dd9efee1fffb1d8b2383f51cc24fb952b1,cardinal,4,2,180_deg_south,cardinal,180,0,90,640,640,2,batch_0002,411,datasets/df_2024_proportional/batch_0002/images/7830f4dd9efee1fffb1d8b2383f51cc24fb952b1.jpg,https://raw.githubusercontent.com/GUIA-DD/dataset-streetview/refs/heads/main/datasets/df_2024_proportional/batch_0002/images/7830f4dd9efee1fffb1d8b2383f51cc24fb952b1.jpg,True,downloaded,
66f59a4fea0d12588800bfffeb8415fa42cf9ad4,6c0e28fc3375a1bfe6b60940788a24f58a919b4f,-15.879070180755097,-48.06945840624898,-15.87905263499803,-48.06944466321406,2025-06,2025,qJ5-MFQEhNe1pP3VRkurjQ,71.3375442083088,© Google,OK,4_3,171262.40060174113,8242030.185142538,a90df4342f48a01be59ad3598410f8462746ed70,cardinal,4,3,270_deg_west,cardinal,270,0,90,640,640,2,batch_0002,412,datasets/df_2024_proportional/batch_0002/images/a90df4342f48a01be59ad3598410f8462746ed70.jpg,https://raw.githubusercontent.com/GUIA-DD/dataset-streetview/refs/heads/main/datasets/df_2024_proportional/batch_0002/images/a90df4342f48a01be59ad3598410f8462746ed70.jpg,True,downloaded,
6786a6eb1dcacc114c31551b39eb9d59b3f2df76,25114cec0deb50ca6b95b20a5f744849bd67801f,-15.820718350240268,-48.1532810990897,-15.82073049990739,-48.15327297470429,2026-01,2026,xtxk_hcvsgudToEBGOKagA,194.84904164143458,© Google,OK,2_5,162180.12393529867,8248359.39782914,4e431dab501da36cf0d90c7c138734cc20f61781,cardinal,4,0,0_deg_north,cardinal,0,0,90,640,640,2,batch_0002,413,datasets/df_2024_proportional/batch_0002/images/4e431dab501da36cf0d90c7c138734cc20f61781.jpg,https://raw.githubusercontent.com/GUIA-DD/dataset-streetview/refs/heads/main/datasets/df_2024_proportional/batch_0002/images/4e431dab501da36cf0d90c7c138734cc20f61781.jpg,True,downloaded,
6786a6eb1dcacc114c31551b39eb9d59b3f2df76,25114cec0deb50ca6b95b20a5f744849bd67801f,-15.820718350240268,-48.1532810990897,-15.82073049990739,-48.15327297470429,2026-01,2026,xtxk_hcvsgudToEBGOKagA,194.84904164143458,© Google,OK,2_5,162180.12393529867,8248359.39782914,912430db68516bf54b111604b081af0764445c33,cardinal,4,1,90_deg_east,cardinal,90,0,90,640,640,2,batch_0002,414,datasets/df_2024_proportional/batch_0002/images/912430db68516bf54b111604b081af0764445c33.jpg,https://raw.githubusercontent.com/GUIA-DD/dataset-streetview/refs/heads/main/datasets/df_2024_proportional/batch_0002/images/912430db68516bf54b111604b081af0764445c33.jpg,True,downloaded,
6786a6eb1dcacc114c31551b39eb9d59b3f2df76,25114cec0deb50ca6b95b20a5f744849bd67801f,-15.820718350240268,-48.1532810990897,-15.82073049990739,-48.15327297470429,2026-01,2026,xtxk_hcvsgudToEBGOKagA,194.84904164143458,© Google,OK,2_5,162180.12393529867,8248359.39782914,cef49b5cd31851b00477cf4cb46bd07859526298,cardinal,4,2,180_deg_south,cardinal,180,0,90,640,640,2,batch_0002,415,datasets/df_2024_proportional/batch_0002/images/cef49b5cd31851b00477cf4cb46bd07859526298.jpg,https://raw.githubusercontent.com/GUIA-DD/dataset-streetview/refs/heads/main/datasets/df_2024_proportional/batch_0002/images/cef49b5cd31851b00477cf4cb46bd07859526298.jpg,True,downloaded,
6786a6eb1dcacc114c31551b39eb9d59b3f2df76,25114cec0deb50ca6b95b20a5f744849bd67801f,-15.820718350240268,-48.1532810990897,-15.82073049990739,-48.15327297470429,2026-01,2026,xtxk_hcvsgudToEBGOKagA,194.84904164143458,© Google,OK,2_5,162180.12393529867,8248359.39782914,78cda7e3aec2b291c9a6f4682ea01b203f040f8c,cardinal,4,3,270_deg_west,cardinal,270,0,90,640,640,2,batch_0002,416,datasets/df_2024_proportional/batch_0002/images/78cda7e3aec2b291c9a6f4682ea01b203f040f8c.jpg,https://raw.githubusercontent.com/GUIA-DD/dataset-streetview/refs/heads/main/datasets/df_2024_proportional/batch_0002/images/78cda7e3aec2b291c9a6f4682ea01b203f040f8c.jpg,True,downloaded,
67b9e9986a8e36bd8b177406a8a79a8755d86259,c94a1811d40ac29c6bfed07a119a6bbe47243a6b,-15.89126270000412,-48.14861435005675,-15.89125841484808,-48.14859954041192,2025-05,2025,FzLLHP7sSHtkkO2VunBeLg,334.1766461455121,© Google,OK,2_3,162797.94948954447,8240553.688818584,1084f00103c04aefb9371d7c3bdce7e7d870aad5,cardinal,4,0,0_deg_north,cardinal,0,0,90,640,640,2,batch_0002,417,datasets/df_2024_proportional/batch_0002/images/1084f00103c04aefb9371d7c3bdce7e7d870aad5.jpg,https://raw.githubusercontent.com/GUIA-DD/dataset-streetview/refs/heads/main/datasets/df_2024_proportional/batch_0002/images/1084f00103c04aefb9371d7c3bdce7e7d870aad5.jpg,True,downloaded,
67b9e9986a8e36bd8b177406a8a79a8755d86259,c94a1811d40ac29c6bfed07a119a6bbe47243a6b,-15.89126270000412,-48.14861435005675,-15.89125841484808,-48.14859954041192,2025-05,2025,FzLLHP7sSHtkkO2VunBeLg,334.1766461455121,© Google,OK,2_3,162797.94948954447,8240553.688818584,5c20066be85432709e70a1edf18b969d3d93dfc2,cardinal,4,1,90_deg_east,cardinal,90,0,90,640,640,2,batch_0002,418,datasets/df_2024_proportional/batch_0002/images/5c20066be85432709e70a1edf18b969d3d93dfc2.jpg,https://raw.githubusercontent.com/GUIA-DD/dataset-streetview/refs/heads/main/datasets/df_2024_proportional/batch_0002/images/5c20066be85432709e70a1edf18b969d3d93dfc2.jpg,True,downloaded,
67b9e9986a8e36bd8b177406a8a79a8755d86259,c94a1811d40ac29c6bfed07a119a6bbe47243a6b,-15.89126270000412,-48.14861435005675,-15.89125841484808,-48.14859954041192,2025-05,2025,FzLLHP7sSHtkkO2VunBeLg,334.1766461455121,© Google,OK,2_3,162797.94948954447,8240553.688818584,dc15edf765b0b6ac2388a93043af3315163e78dc,cardinal,4,2,180_deg_south,cardinal,180,0,90,640,640,2,batch_0002,419,datasets/df_2024_proportional/batch_0002/images/dc15edf765b0b6ac2388a93043af3315163e78dc.jpg,https://raw.githubusercontent.com/GUIA-DD/dataset-streetview/refs/heads/main/datasets/df_2024_proportional/batch_0002/images/dc15edf765b0b6ac2388a93043af3315163e78dc.jpg,True,downloaded,
67b9e9986a8e36bd8b177406a8a79a8755d86259,c94a1811d40ac29c6bfed07a119a6bbe47243a6b,-15.89126270000412,-48.14861435005675,-15.89125841484808,-48.14859954041192,2025-05,2025,FzLLHP7sSHtkkO2VunBeLg,334.1766461455121,© Google,OK,2_3,162797.94948954447,8240553.688818584,aee4c53c74946169356b871bf88aed2f1802dd57,cardinal,4,3,270_deg_west,cardinal,270,0,90,640,640,2,batch_0002,420,datasets/df_2024_proportional/batch_0002/images/aee4c53c74946169356b871bf88aed2f1802dd57.jpg,https://raw.githubusercontent.com/GUIA-DD/dataset-streetview/refs/heads/main/datasets/df_2024_proportional/batch_0002/images/aee4c53c74946169356b871bf88aed2f1802dd57.jpg,True,downloaded,
6867925c3b2695198e04c13a295472e09b45d9db,7bb5b54302cb661f59827791c21ed06370af4b9d,-15.95761051456451,-48.053798536835465,-15.95762690369899,-48.05379362582114,2025-07,2025,b0nHFEQRJ88Ku4WQSiqurw,229.53454192204117,© Google,OK,4_2,173068.2031470967,8233356.558110512,a31d06f0e8c9e77d4869305c5c842438e10c14fd,cardinal,4,0,0_deg_north,cardinal,0,0,90,640,640,2,batch_0002,421,datasets/df_2024_proportional/batch_0002/images/a31d06f0e8c9e77d4869305c5c842438e10c14fd.jpg,https://raw.githubusercontent.com/GUIA-DD/dataset-streetview/refs/heads/main/datasets/df_2024_proportional/batch_0002/images/a31d06f0e8c9e77d4869305c5c842438e10c14fd.jpg,True,downloaded,
6867925c3b2695198e04c13a295472e09b45d9db,7bb5b54302cb661f59827791c21ed06370af4b9d,-15.95761051456451,-48.053798536835465,-15.95762690369899,-48.05379362582114,2025-07,2025,b0nHFEQRJ88Ku4WQSiqurw,229.53454192204117,© Google,OK,4_2,173068.2031470967,8233356.558110512,636decb5199a52ca54991dcf1a8e44a96af56374,cardinal,4,1,90_deg_east,cardinal,90,0,90,640,640,2,batch_0002,422,datasets/df_2024_proportional/batch_0002/images/636decb5199a52ca54991dcf1a8e44a96af56374.jpg,https://raw.githubusercontent.com/GUIA-DD/dataset-streetview/refs/heads/main/datasets/df_2024_proportional/batch_0002/images/636decb5199a52ca54991dcf1a8e44a96af56374.jpg,True,downloaded,
6867925c3b2695198e04c13a295472e09b45d9db,7bb5b54302cb661f59827791c21ed06370af4b9d,-15.95761051456451,-48.053798536835465,-15.95762690369899,-48.05379362582114,2025-07,2025,b0nHFEQRJ88Ku4WQSiqurw,229.53454192204117,© Google,OK,4_2,173068.2031470967,8233356.558110512,c5d6808554607715567e4e1899767f06c24ddefb,cardinal,4,2,180_deg_south,cardinal,180,0,90,640,640,2,batch_0002,423,datasets/df_2024_proportional/batch_0002/images/c5d6808554607715567e4e1899767f06c24ddefb.jpg,https://raw.githubusercontent.com/GUIA-DD/dataset-streetview/refs/heads/main/datasets/df_2024_proportional/batch_0002/images/c5d6808554607715567e4e1899767f06c24ddefb.jpg,True,downloaded,
6867925c3b2695198e04c13a295472e09b45d9db,7bb5b54302cb661f59827791c21ed06370af4b9d,-15.95761051456451,-48.053798536835465,-15.95762690369899,-48.05379362582114,2025-07,2025,b0nHFEQRJ88Ku4WQSiqurw,229.53454192204117,© Google,OK,4_2,173068.2031470967,8233356.558110512,5059577377e82dfd6729c8e4d326df253c4f7842,cardinal,4,3,270_deg_west,cardinal,270,0,90,640,640,2,batch_0002,424,datasets/df_2024_proportional/batch_0002/images/5059577377e82dfd6729c8e4d326df253c4f7842.jpg,https://raw.githubusercontent.com/GUIA-DD/dataset-streetview/refs/heads/main/datasets/df_2024_proportional/batch_0002/images/5059577377e82dfd6729c8e4d326df253c4f7842.jpg,True,downloaded,
69c9af8a7664fbe9af4c784d1a4affc36a150bd7,54652d01bfb7d105b2d1c14bd9c763231baf6878,-15.87915845678786,-48.08129376473087,-15.87916506841399,-48.08130786930453,2025-06,2025,VwPBuhF3T_3vGPvbbHxjJQ,27.912527436214628,© Google,OK,4_3,169993.9383572207,8242001.759546141,5bc928b2179524ff17279d7dc150bb46dbabcab9,cardinal,4,0,0_deg_north,cardinal,0,0,90,640,640,2,batch_0002,425,datasets/df_2024_proportional/batch_0002/images/5bc928b2179524ff17279d7dc150bb46dbabcab9.jpg,https://raw.githubusercontent.com/GUIA-DD/dataset-streetview/refs/heads/main/datasets/df_2024_proportional/batch_0002/images/5bc928b2179524ff17279d7dc150bb46dbabcab9.jpg,True,downloaded,
69c9af8a7664fbe9af4c784d1a4affc36a150bd7,54652d01bfb7d105b2d1c14bd9c763231baf6878,-15.87915845678786,-48.08129376473087,-15.87916506841399,-48.08130786930453,2025-06,2025,VwPBuhF3T_3vGPvbbHxjJQ,27.912527436214628,© Google,OK,4_3,169993.9383572207,8242001.759546141,d2e7fca8cb4e97090b9583dbed2cecf8652f166a,cardinal,4,1,90_deg_east,cardinal,90,0,90,640,640,2,batch_0002,426,datasets/df_2024_proportional/batch_0002/images/d2e7fca8cb4e97090b9583dbed2cecf8652f166a.jpg,https://raw.githubusercontent.com/GUIA-DD/dataset-streetview/refs/heads/main/datasets/df_2024_proportional/batch_0002/images/d2e7fca8cb4e97090b9583dbed2cecf8652f166a.jpg,True,downloaded,
69c9af8a7664fbe9af4c784d1a4affc36a150bd7,54652d01bfb7d105b2d1c14bd9c763231baf6878,-15.87915845678786,-48.08129376473087,-15.87916506841399,-48.08130786930453,2025-06,2025,VwPBuhF3T_3vGPvbbHxjJQ,27.912527436214628,© Google,OK,4_3,169993.9383572207,8242001.759546141,cbb988180d215e621b09b051f5fd667e94d21e11,cardinal,4,2,180_deg_south,cardinal,180,0,90,640,640,2,batch_0002,427,datasets/df_2024_proportional/batch_0002/images/cbb988180d215e621b09b051f5fd667e94d21e11.jpg,https://raw.githubusercontent.com/GUIA-DD/dataset-streetview/refs/heads/main/datasets/df_2024_proportional/batch_0002/images/cbb988180d215e621b09b051f5fd667e94d21e11.jpg,True,downloaded,
69c9af8a7664fbe9af4c784d1a4affc36a150bd7,54652d01bfb7d105b2d1c14bd9c763231baf6878,-15.87915845678786,-48.08129376473087,-15.87916506841399,-48.08130786930453,2025-06,2025,VwPBuhF3T_3vGPvbbHxjJQ,27.912527436214628,© Google,OK,4_3,169993.9383572207,8242001.759546141,f84b28252b8cbbf83c656195618d9bd45f9ea09a,cardinal,4,3,270_deg_west,cardinal,270,0,90,640,640,2,batch_0002,428,datasets/df_2024_proportional/batch_0002/images/f84b28252b8cbbf83c656195618d9bd45f9ea09a.jpg,https://raw.githubusercontent.com/GUIA-DD/dataset-streetview/refs/heads/main/datasets/df_2024_proportional/batch_0002/images/f84b28252b8cbbf83c656195618d9bd45f9ea09a.jpg,True,downloaded,
6b1fce9192cbca2bf4f12012839769901ad0cc6d,3956050545433a00f52ce128b8383a2c503cf5f8,-15.644678351970507,-47.637771100158325,-15.64466796071523,-47.63772594633144,2024-08,2024,ro-U134VppY9DM1VFygepA,86.99864929869291,© Google,OK,13_9,217201.4212360734,8268611.302081978,3bbcff05f6721d835ef90f9c0e74a741bf248f9d,cardinal,4,0,0_deg_north,cardinal,0,0,90,640,640,2,batch_0002,429,datasets/df_2024_proportional/batch_0002/images/3bbcff05f6721d835ef90f9c0e74a741bf248f9d.jpg,https://raw.githubusercontent.com/GUIA-DD/dataset-streetview/refs/heads/main/datasets/df_2024_proportional/batch_0002/images/3bbcff05f6721d835ef90f9c0e74a741bf248f9d.jpg,True,downloaded,
6b1fce9192cbca2bf4f12012839769901ad0cc6d,3956050545433a00f52ce128b8383a2c503cf5f8,-15.644678351970507,-47.637771100158325,-15.64466796071523,-47.63772594633144,2024-08,2024,ro-U134VppY9DM1VFygepA,86.99864929869291,© Google,OK,13_9,217201.4212360734,8268611.302081978,9823027adfb8b1a395180c70078a8ae51e28024a,cardinal,4,1,90_deg_east,cardinal,90,0,90,640,640,2,batch_0002,430,datasets/df_2024_proportional/batch_0002/images/9823027adfb8b1a395180c70078a8ae51e28024a.jpg,https://raw.githubusercontent.com/GUIA-DD/dataset-streetview/refs/heads/main/datasets/df_2024_proportional/batch_0002/images/9823027adfb8b1a395180c70078a8ae51e28024a.jpg,True,downloaded,
6b1fce9192cbca2bf4f12012839769901ad0cc6d,3956050545433a00f52ce128b8383a2c503cf5f8,-15.644678351970507,-47.637771100158325,-15.64466796071523,-47.63772594633144,2024-08,2024,ro-U134VppY9DM1VFygepA,86.99864929869291,© Google,OK,13_9,217201.4212360734,8268611.302081978,71deb4b5bbd511fd487c50b1449f4ce5d8b08e2c,cardinal,4,2,180_deg_south,cardinal,180,0,90,640,640,2,batch_0002,431,datasets/df_2024_proportional/batch_0002/images/71deb4b5bbd511fd487c50b1449f4ce5d8b08e2c.jpg,https://raw.githubusercontent.com/GUIA-DD/dataset-streetview/refs/heads/main/datasets/df_2024_proportional/batch_0002/images/71deb4b5bbd511fd487c50b1449f4ce5d8b08e2c.jpg,True,downloaded,
6b1fce9192cbca2bf4f12012839769901ad0cc6d,3956050545433a00f52ce128b8383a2c503cf5f8,-15.644678351970507,-47.637771100158325,-15.64466796071523,-47.63772594633144,2024-08,2024,ro-U134VppY9DM1VFygepA,86.99864929869291,© Google,OK,13_9,217201.4212360734,8268611.302081978,59994e548e31f575ec641f3100f935396ea50560,cardinal,4,3,270_deg_west,cardinal,270,0,90,640,640,2,batch_0002,432,datasets/df_2024_proportional/batch_0002/images/59994e548e31f575ec641f3100f935396ea50560.jpg,https://raw.githubusercontent.com/GUIA-DD/dataset-streetview/refs/heads/main/datasets/df_2024_proportional/batch_0002/images/59994e548e31f575ec641f3100f935396ea50560.jpg,True,downloaded,
6bc5d0f10e3e342da730a5ff16f14487bfbc7d7f,bd86146fce54ac96db4aab5c7072e244faa1ac1e,-15.897354900078822,-48.14629624994439,-15.89734365840674,-48.14626096587209,2024-06,2024,t3iO91QeLQuQcJEQRqjnyw,63.72534057269345,© Google,OK,2_3,163056.5788425359,8239882.681147782,c390d9b368df5633e4997964e8973e842666b375,cardinal,4,0,0_deg_north,cardinal,0,0,90,640,640,2,batch_0002,433,datasets/df_2024_proportional/batch_0002/images/c390d9b368df5633e4997964e8973e842666b375.jpg,https://raw.githubusercontent.com/GUIA-DD/dataset-streetview/refs/heads/main/datasets/df_2024_proportional/batch_0002/images/c390d9b368df5633e4997964e8973e842666b375.jpg,True,downloaded,
6bc5d0f10e3e342da730a5ff16f14487bfbc7d7f,bd86146fce54ac96db4aab5c7072e244faa1ac1e,-15.897354900078822,-48.14629624994439,-15.89734365840674,-48.14626096587209,2024-06,2024,t3iO91QeLQuQcJEQRqjnyw,63.72534057269345,© Google,OK,2_3,163056.5788425359,8239882.681147782,6c5fc0361226353d1422f8afc9c8026d5ef96166,cardinal,4,1,90_deg_east,cardinal,90,0,90,640,640,2,batch_0002,434,datasets/df_2024_proportional/batch_0002/images/6c5fc0361226353d1422f8afc9c8026d5ef96166.jpg,https://raw.githubusercontent.com/GUIA-DD/dataset-streetview/refs/heads/main/datasets/df_2024_proportional/batch_0002/images/6c5fc0361226353d1422f8afc9c8026d5ef96166.jpg,True,downloaded,
6bc5d0f10e3e342da730a5ff16f14487bfbc7d7f,bd86146fce54ac96db4aab5c7072e244faa1ac1e,-15.897354900078822,-48.14629624994439,-15.89734365840674,-48.14626096587209,2024-06,2024,t3iO91QeLQuQcJEQRqjnyw,63.72534057269345,© Google,OK,2_3,163056.5788425359,8239882.681147782,8f8d2505b1cdbe5c2685d993928b2c2b1c8bed36,cardinal,4,2,180_deg_south,cardinal,180,0,90,640,640,2,batch_0002,435,datasets/df_2024_proportional/batch_0002/images/8f8d2505b1cdbe5c2685d993928b2c2b1c8bed36.jpg,https://raw.githubusercontent.com/GUIA-DD/dataset-streetview/refs/heads/main/datasets/df_2024_proportional/batch_0002/images/8f8d2505b1cdbe5c2685d993928b2c2b1c8bed36.jpg,True,downloaded,
6bc5d0f10e3e342da730a5ff16f14487bfbc7d7f,bd86146fce54ac96db4aab5c7072e244faa1ac1e,-15.897354900078822,-48.14629624994439,-15.89734365840674,-48.14626096587209,2024-06,2024,t3iO91QeLQuQcJEQRqjnyw,63.72534057269345,© Google,OK,2_3,163056.5788425359,8239882.681147782,88e997e1768a1e20c713da245b8c0249cad337b0,cardinal,4,3,270_deg_west,cardinal,270,0,90,640,640,2,batch_0002,436,datasets/df_2024_proportional/batch_0002/images/88e997e1768a1e20c713da245b8c0249cad337b0.jpg,https://raw.githubusercontent.com/GUIA-DD/dataset-streetview/refs/heads/main/datasets/df_2024_proportional/batch_0002/images/88e997e1768a1e20c713da245b8c0249cad337b0.jpg,True,downloaded,
6de8c357d6d2354182127b48eac8f57d87182a95,a4e4c9d23de6458b29f5bb3f98b263926fb2abb1,-15.740762200093398,-47.74761840384513,-15.74075967956169,-47.74760949126917,2024-06,2024,5mNzA9s240VLowUWHyOhhA,161.77229188594205,© Google,OK,11_7,205555.04245290163,8257823.369557545,bc4739500da34867a1dd20ae84c176c71d7bb8a4,cardinal,4,0,0_deg_north,cardinal,0,0,90,640,640,2,batch_0002,437,datasets/df_2024_proportional/batch_0002/images/bc4739500da34867a1dd20ae84c176c71d7bb8a4.jpg,https://raw.githubusercontent.com/GUIA-DD/dataset-streetview/refs/heads/main/datasets/df_2024_proportional/batch_0002/images/bc4739500da34867a1dd20ae84c176c71d7bb8a4.jpg,True,downloaded,
6de8c357d6d2354182127b48eac8f57d87182a95,a4e4c9d23de6458b29f5bb3f98b263926fb2abb1,-15.740762200093398,-47.74761840384513,-15.74075967956169,-47.74760949126917,2024-06,2024,5mNzA9s240VLowUWHyOhhA,161.77229188594205,© Google,OK,11_7,205555.04245290163,8257823.369557545,e46d98b664dadb4444e11f4b3f45a79c7aba4313,cardinal,4,1,90_deg_east,cardinal,90,0,90,640,640,2,batch_0002,438,datasets/df_2024_proportional/batch_0002/images/e46d98b664dadb4444e11f4b3f45a79c7aba4313.jpg,https://raw.githubusercontent.com/GUIA-DD/dataset-streetview/refs/heads/main/datasets/df_2024_proportional/batch_0002/images/e46d98b664dadb4444e11f4b3f45a79c7aba4313.jpg,True,downloaded,
6de8c357d6d2354182127b48eac8f57d87182a95,a4e4c9d23de6458b29f5bb3f98b263926fb2abb1,-15.740762200093398,-47.74761840384513,-15.74075967956169,-47.74760949126917,2024-06,2024,5mNzA9s240VLowUWHyOhhA,161.77229188594205,© Google,OK,11_7,205555.04245290163,8257823.369557545,7885081d007250ad93d5a6bcd38fa0f86c628399,cardinal,4,2,180_deg_south,cardinal,180,0,90,640,640,2,batch_0002,439,datasets/df_2024_proportional/batch_0002/images/7885081d007250ad93d5a6bcd38fa0f86c628399.jpg,https://raw.githubusercontent.com/GUIA-DD/dataset-streetview/refs/heads/main/datasets/df_2024_proportional/batch_0002/images/7885081d007250ad93d5a6bcd38fa0f86c628399.jpg,True,downloaded,
6de8c357d6d2354182127b48eac8f57d87182a95,a4e4c9d23de6458b29f5bb3f98b263926fb2abb1,-15.740762200093398,-47.74761840384513,-15.74075967956169,-47.74760949126917,2024-06,2024,5mNzA9s240VLowUWHyOhhA,161.77229188594205,© Google,OK,11_7,205555.04245290163,8257823.369557545,6fbb297c208678cd42a9bc65392bf8491d0b5a16,cardinal,4,3,270_deg_west,cardinal,270,0,90,640,640,2,batch_0002,440,datasets/df_2024_proportional/batch_0002/images/6fbb297c208678cd42a9bc65392bf8491d0b5a16.jpg,https://raw.githubusercontent.com/GUIA-DD/dataset-streetview/refs/heads/main/datasets/df_2024_proportional/batch_0002/images/6fbb297c208678cd42a9bc65392bf8491d0b5a16.jpg,True,downloaded,
6e8b205c2bd3645b5d5d1dc312d0a7eb031bbdb7,a2e05ec5011b21ff43fe9fe7a5cf64aa524dac4b,-15.818172700261055,-47.87698779979651,-15.81817640835025,-47.87702595218437,2025-07,2025,-1LYM66uGkC79UoHr1ZqNQ,62.27902462526878,© Google,OK,8_5,191798.7001033715,8249066.671304664,dbd08555a3e503450b85eec0e41abf580bdb2468,cardinal,4,0,0_deg_north,cardinal,0,0,90,640,640,2,batch_0002,441,datasets/df_2024_proportional/batch_0002/images/dbd08555a3e503450b85eec0e41abf580bdb2468.jpg,https://raw.githubusercontent.com/GUIA-DD/dataset-streetview/refs/heads/main/datasets/df_2024_proportional/batch_0002/images/dbd08555a3e503450b85eec0e41abf580bdb2468.jpg,True,downloaded,
6e8b205c2bd3645b5d5d1dc312d0a7eb031bbdb7,a2e05ec5011b21ff43fe9fe7a5cf64aa524dac4b,-15.818172700261055,-47.87698779979651,-15.81817640835025,-47.87702595218437,2025-07,2025,-1LYM66uGkC79UoHr1ZqNQ,62.27902462526878,© Google,OK,8_5,191798.7001033715,8249066.671304664,1d6a355673cfb5271ac4187aad772803eb831969,cardinal,4,1,90_deg_east,cardinal,90,0,90,640,640,2,batch_0002,442,datasets/df_2024_proportional/batch_0002/images/1d6a355673cfb5271ac4187aad772803eb831969.jpg,https://raw.githubusercontent.com/GUIA-DD/dataset-streetview/refs/heads/main/datasets/df_2024_proportional/batch_0002/images/1d6a355673cfb5271ac4187aad772803eb831969.jpg,True,downloaded,
6e8b205c2bd3645b5d5d1dc312d0a7eb031bbdb7,a2e05ec5011b21ff43fe9fe7a5cf64aa524dac4b,-15.818172700261055,-47.87698779979651,-15.81817640835025,-47.87702595218437,2025-07,2025,-1LYM66uGkC79UoHr1ZqNQ,62.27902462526878,© Google,OK,8_5,191798.7001033715,8249066.671304664,4165c1f5f8b1658e9076bb64818d9519108520f7,cardinal,4,2,180_deg_south,cardinal,180,0,90,640,640,2,batch_0002,443,datasets/df_2024_proportional/batch_0002/images/4165c1f5f8b1658e9076bb64818d9519108520f7.jpg,https://raw.githubusercontent.com/GUIA-DD/dataset-streetview/refs/heads/main/datasets/df_2024_proportional/batch_0002/images/4165c1f5f8b1658e9076bb64818d9519108520f7.jpg,True,downloaded,
6e8b205c2bd3645b5d5d1dc312d0a7eb031bbdb7,a2e05ec5011b21ff43fe9fe7a5cf64aa524dac4b,-15.818172700261055,-47.87698779979651,-15.81817640835025,-47.87702595218437,2025-07,2025,-1LYM66uGkC79UoHr1ZqNQ,62.27902462526878,© Google,OK,8_5,191798.7001033715,8249066.671304664,c619c3bbd417ad2645f6021ad21980b2f124c11e,cardinal,4,3,270_deg_west,cardinal,270,0,90,640,640,2,batch_0002,444,datasets/df_2024_proportional/batch_0002/images/c619c3bbd417ad2645f6021ad21980b2f124c11e.jpg,https://raw.githubusercontent.com/GUIA-DD/dataset-streetview/refs/heads/main/datasets/df_2024_proportional/batch_0002/images/c619c3bbd417ad2645f6021ad21980b2f124c11e.jpg,True,downloaded,
6e9af3c53d4c9b568f5732bf1a32bbda2f6e38e6,eac4f633ff81a105b70998fd0e9ec1c0ab73d3eb,-15.902778700036173,-47.78825109991384,-15.90274795593372,-47.78825793703064,2025-01,2025,vld-ZRCmKnKyIKQK14GFGQ,209.73891137916866,© Google,OK,10_3,201435.9720068862,8239826.951413557,2ad342fe32aa3bf856a88e10e7594f5b9fd0b5fe,cardinal,4,0,0_deg_north,cardinal,0,0,90,640,640,2,batch_0002,445,datasets/df_2024_proportional/batch_0002/images/2ad342fe32aa3bf856a88e10e7594f5b9fd0b5fe.jpg,https://raw.githubusercontent.com/GUIA-DD/dataset-streetview/refs/heads/main/datasets/df_2024_proportional/batch_0002/images/2ad342fe32aa3bf856a88e10e7594f5b9fd0b5fe.jpg,True,downloaded,
6e9af3c53d4c9b568f5732bf1a32bbda2f6e38e6,eac4f633ff81a105b70998fd0e9ec1c0ab73d3eb,-15.902778700036173,-47.78825109991384,-15.90274795593372,-47.78825793703064,2025-01,2025,vld-ZRCmKnKyIKQK14GFGQ,209.73891137916866,© Google,OK,10_3,201435.9720068862,8239826.951413557,1f85fbca60ea75e8e974cdf3fca81162644ae243,cardinal,4,1,90_deg_east,cardinal,90,0,90,640,640,2,batch_0002,446,datasets/df_2024_proportional/batch_0002/images/1f85fbca60ea75e8e974cdf3fca81162644ae243.jpg,https://raw.githubusercontent.com/GUIA-DD/dataset-streetview/refs/heads/main/datasets/df_2024_proportional/batch_0002/images/1f85fbca60ea75e8e974cdf3fca81162644ae243.jpg,True,downloaded,
6e9af3c53d4c9b568f5732bf1a32bbda2f6e38e6,eac4f633ff81a105b70998fd0e9ec1c0ab73d3eb,-15.902778700036173,-47.78825109991384,-15.90274795593372,-47.78825793703064,2025-01,2025,vld-ZRCmKnKyIKQK14GFGQ,209.73891137916866,© Google,OK,10_3,201435.9720068862,8239826.951413557,7839e61de63e83c188af139b693ea22180a87b48,cardinal,4,2,180_deg_south,cardinal,180,0,90,640,640,2,batch_0002,447,datasets/df_2024_proportional/batch_0002/images/7839e61de63e83c188af139b693ea22180a87b48.jpg,https://raw.githubusercontent.com/GUIA-DD/dataset-streetview/refs/heads/main/datasets/df_2024_proportional/batch_0002/images/7839e61de63e83c188af139b693ea22180a87b48.jpg,True,downloaded,
6e9af3c53d4c9b568f5732bf1a32bbda2f6e38e6,eac4f633ff81a105b70998fd0e9ec1c0ab73d3eb,-15.902778700036173,-47.78825109991384,-15.90274795593372,-47.78825793703064,2025-01,2025,vld-ZRCmKnKyIKQK14GFGQ,209.73891137916866,© Google,OK,10_3,201435.9720068862,8239826.951413557,3d9af86e743925dec4ff44ff3eaae1724091529c,cardinal,4,3,270_deg_west,cardinal,270,0,90,640,640,2,batch_0002,448,datasets/df_2024_proportional/batch_0002/images/3d9af86e743925dec4ff44ff3eaae1724091529c.jpg,https://raw.githubusercontent.com/GUIA-DD/dataset-streetview/refs/heads/main/datasets/df_2024_proportional/batch_0002/images/3d9af86e743925dec4ff44ff3eaae1724091529c.jpg,True,downloaded,
717e0ff0170aa2f67ca0114c22f6f69bbf146de7,f5afe8cbf4da48c3e1ab7389171286e5975576f9,-15.644140201697263,-47.68171180289581,-15.64414021061742,-47.68176598664133,2025-07,2025,A-q2cfu6eS6G9fauWBlfjw,120.94454070114612,© Google,OK,12_9,212486.7968098893,8268611.82988994,eb27240ac47b82651e528078db55745201a65232,cardinal,4,0,0_deg_north,cardinal,0,0,90,640,640,2,batch_0002,449,datasets/df_2024_proportional/batch_0002/images/eb27240ac47b82651e528078db55745201a65232.jpg,https://raw.githubusercontent.com/GUIA-DD/dataset-streetview/refs/heads/main/datasets/df_2024_proportional/batch_0002/images/eb27240ac47b82651e528078db55745201a65232.jpg,True,downloaded,
717e0ff0170aa2f67ca0114c22f6f69bbf146de7,f5afe8cbf4da48c3e1ab7389171286e5975576f9,-15.644140201697263,-47.68171180289581,-15.64414021061742,-47.68176598664133,2025-07,2025,A-q2cfu6eS6G9fauWBlfjw,120.94454070114612,© Google,OK,12_9,212486.7968098893,8268611.82988994,7eb5853abb69b9b885e345ecf65a25b848ec06f2,cardinal,4,1,90_deg_east,cardinal,90,0,90,640,640,2,batch_0002,450,datasets/df_2024_proportional/batch_0002/images/7eb5853abb69b9b885e345ecf65a25b848ec06f2.jpg,https://raw.githubusercontent.com/GUIA-DD/dataset-streetview/refs/heads/main/datasets/df_2024_proportional/batch_0002/images/7eb5853abb69b9b885e345ecf65a25b848ec06f2.jpg,True,downloaded,
717e0ff0170aa2f67ca0114c22f6f69bbf146de7,f5afe8cbf4da48c3e1ab7389171286e5975576f9,-15.644140201697263,-47.68171180289581,-15.64414021061742,-47.68176598664133,2025-07,2025,A-q2cfu6eS6G9fauWBlfjw,120.94454070114612,© Google,OK,12_9,212486.7968098893,8268611.82988994,470136bc6fc352b749bd8a06e07c03f4eb38dd5c,cardinal,4,2,180_deg_south,cardinal,180,0,90,640,640,2,batch_0002,451,datasets/df_2024_proportional/batch_0002/images/470136bc6fc352b749bd8a06e07c03f4eb38dd5c.jpg,https://raw.githubusercontent.com/GUIA-DD/dataset-streetview/refs/heads/main/datasets/df_2024_proportional/batch_0002/images/470136bc6fc352b749bd8a06e07c03f4eb38dd5c.jpg,True,downloaded,
717e0ff0170aa2f67ca0114c22f6f69bbf146de7,f5afe8cbf4da48c3e1ab7389171286e5975576f9,-15.644140201697263,-47.68171180289581,-15.64414021061742,-47.68176598664133,2025-07,2025,A-q2cfu6eS6G9fauWBlfjw,120.94454070114612,© Google,OK,12_9,212486.7968098893,8268611.82988994,6e47d94fab1062391bc3ccbd5f553cf06980353d,cardinal,4,3,270_deg_west,cardinal,270,0,90,640,640,2,batch_0002,452,datasets/df_2024_proportional/batch_0002/images/6e47d94fab1062391bc3ccbd5f553cf06980353d.jpg,https://raw.githubusercontent.com/GUIA-DD/dataset-streetview/refs/heads/main/datasets/df_2024_proportional/batch_0002/images/6e47d94fab1062391bc3ccbd5f553cf06980353d.jpg,True,downloaded,
7191d0885730a8a524451c0817d8318b872e554e,f9043922b0d359869c440c8107a21c374a93c4f2,-15.831992600001412,-48.12354514998983,-15.83202654094952,-48.12352501404767,2024-07,2024,ezxUujsz-MovDc74k99cbQ,183.10971540276202,© Google,OK,3_4,165387.12315606113,8247158.395922689,dd53cfe62bde8b703086f01a7f944c024b606bb1,cardinal,4,0,0_deg_north,cardinal,0,0,90,640,640,2,batch_0002,453,datasets/df_2024_proportional/batch_0002/images/dd53cfe62bde8b703086f01a7f944c024b606bb1.jpg,https://raw.githubusercontent.com/GUIA-DD/dataset-streetview/refs/heads/main/datasets/df_2024_proportional/batch_0002/images/dd53cfe62bde8b703086f01a7f944c024b606bb1.jpg,True,downloaded,
7191d0885730a8a524451c0817d8318b872e554e,f9043922b0d359869c440c8107a21c374a93c4f2,-15.831992600001412,-48.12354514998983,-15.83202654094952,-48.12352501404767,2024-07,2024,ezxUujsz-MovDc74k99cbQ,183.10971540276202,© Google,OK,3_4,165387.12315606113,8247158.395922689,d45002bfed1bbc0bb7e18a74f01aac118c0fbf68,cardinal,4,1,90_deg_east,cardinal,90,0,90,640,640,2,batch_0002,454,datasets/df_2024_proportional/batch_0002/images/d45002bfed1bbc0bb7e18a74f01aac118c0fbf68.jpg,https://raw.githubusercontent.com/GUIA-DD/dataset-streetview/refs/heads/main/datasets/df_2024_proportional/batch_0002/images/d45002bfed1bbc0bb7e18a74f01aac118c0fbf68.jpg,True,downloaded,
7191d0885730a8a524451c0817d8318b872e554e,f9043922b0d359869c440c8107a21c374a93c4f2,-15.831992600001412,-48.12354514998983,-15.83202654094952,-48.12352501404767,2024-07,2024,ezxUujsz-MovDc74k99cbQ,183.10971540276202,© Google,OK,3_4,165387.12315606113,8247158.395922689,5edacd9ba9855c5377ffe3b607ca1611539cf425,cardinal,4,2,180_deg_south,cardinal,180,0,90,640,640,2,batch_0002,455,datasets/df_2024_proportional/batch_0002/images/5edacd9ba9855c5377ffe3b607ca1611539cf425.jpg,https://raw.githubusercontent.com/GUIA-DD/dataset-streetview/refs/heads/main/datasets/df_2024_proportional/batch_0002/images/5edacd9ba9855c5377ffe3b607ca1611539cf425.jpg,True,downloaded,
7191d0885730a8a524451c0817d8318b872e554e,f9043922b0d359869c440c8107a21c374a93c4f2,-15.831992600001412,-48.12354514998983,-15.83202654094952,-48.12352501404767,2024-07,2024,ezxUujsz-MovDc74k99cbQ,183.10971540276202,© Google,OK,3_4,165387.12315606113,8247158.395922689,2680c02b7e2b604b9c5045fda49346795e9b930c,cardinal,4,3,270_deg_west,cardinal,270,0,90,640,640,2,batch_0002,456,datasets/df_2024_proportional/batch_0002/images/2680c02b7e2b604b9c5045fda49346795e9b930c.jpg,https://raw.githubusercontent.com/GUIA-DD/dataset-streetview/refs/heads/main/datasets/df_2024_proportional/batch_0002/images/2680c02b7e2b604b9c5045fda49346795e9b930c.jpg,True,downloaded,
747aa79774fd3a1b4e56dea9d025427b64744fe3,ee25665494a9d299f33596444c2d2105f4d5286c,-15.816505500093296,-48.15602189976583,-15.81652406593153,-48.1560370031105,2024-07,2024,eqVKICDXcsHAQkAhZiaiyw,26.802204881840137,© Google,OK,2_5,161879.22631754426,8248821.582597247,50ff58ea5a47f696b06bada988c8499b2a57edc9,cardinal,4,0,0_deg_north,cardinal,0,0,90,640,640,2,batch_0002,457,datasets/df_2024_proportional/batch_0002/images/50ff58ea5a47f696b06bada988c8499b2a57edc9.jpg,https://raw.githubusercontent.com/GUIA-DD/dataset-streetview/refs/heads/main/datasets/df_2024_proportional/batch_0002/images/50ff58ea5a47f696b06bada988c8499b2a57edc9.jpg,True,downloaded,
747aa79774fd3a1b4e56dea9d025427b64744fe3,ee25665494a9d299f33596444c2d2105f4d5286c,-15.816505500093296,-48.15602189976583,-15.81652406593153,-48.1560370031105,2024-07,2024,eqVKICDXcsHAQkAhZiaiyw,26.802204881840137,© Google,OK,2_5,161879.22631754426,8248821.582597247,d05ade6bac6545c8faa5ed9c1594c5e95055f8db,cardinal,4,1,90_deg_east,cardinal,90,0,90,640,640,2,batch_0002,458,datasets/df_2024_proportional/batch_0002/images/d05ade6bac6545c8faa5ed9c1594c5e95055f8db.jpg,https://raw.githubusercontent.com/GUIA-DD/dataset-streetview/refs/heads/main/datasets/df_2024_proportional/batch_0002/images/d05ade6bac6545c8faa5ed9c1594c5e95055f8db.jpg,True,downloaded,
747aa79774fd3a1b4e56dea9d025427b64744fe3,ee25665494a9d299f33596444c2d2105f4d5286c,-15.816505500093296,-48.15602189976583,-15.81652406593153,-48.1560370031105,2024-07,2024,eqVKICDXcsHAQkAhZiaiyw,26.802204881840137,© Google,OK,2_5,161879.22631754426,8248821.582597247,598bbafc19358c17f16ca9aea5b15ade98aef0e7,cardinal,4,2,180_deg_south,cardinal,180,0,90,640,640,2,batch_0002,459,datasets/df_2024_proportional/batch_0002/images/598bbafc19358c17f16ca9aea5b15ade98aef0e7.jpg,https://raw.githubusercontent.com/GUIA-DD/dataset-streetview/refs/heads/main/datasets/df_2024_proportional/batch_0002/images/598bbafc19358c17f16ca9aea5b15ade98aef0e7.jpg,True,downloaded,
747aa79774fd3a1b4e56dea9d025427b64744fe3,ee25665494a9d299f33596444c2d2105f4d5286c,-15.816505500093296,-48.15602189976583,-15.81652406593153,-48.1560370031105,2024-07,2024,eqVKICDXcsHAQkAhZiaiyw,26.802204881840137,© Google,OK,2_5,161879.22631754426,8248821.582597247,46c43e96ecbb31faeab961fab8383b402a57baa8,cardinal,4,3,270_deg_west,cardinal,270,0,90,640,640,2,batch_0002,460,datasets/df_2024_proportional/batch_0002/images/46c43e96ecbb31faeab961fab8383b402a57baa8.jpg,https://raw.githubusercontent.com/GUIA-DD/dataset-streetview/refs/heads/main/datasets/df_2024_proportional/batch_0002/images/46c43e96ecbb31faeab961fab8383b402a57baa8.jpg,True,downloaded,
756f8ce4aaffa468f1c9cd6c14e8c619e04281e2,07ac8c776de1a3827287139221e3949f0ec4f7dc,-15.866335449999792,-47.98471000001368,-15.86643010450499,-47.98465313373388,2024-06,2024,QhfVHqs78aLLdS6KGWkUFA,163.905385827478,© Google,OK,6_4,180325.93750505155,8243571.883528478,f264ac87f554635b04972fe0ad6c8904bd2fe1b0,cardinal,4,0,0_deg_north,cardinal,0,0,90,640,640,2,batch_0002,461,datasets/df_2024_proportional/batch_0002/images/f264ac87f554635b04972fe0ad6c8904bd2fe1b0.jpg,https://raw.githubusercontent.com/GUIA-DD/dataset-streetview/refs/heads/main/datasets/df_2024_proportional/batch_0002/images/f264ac87f554635b04972fe0ad6c8904bd2fe1b0.jpg,True,downloaded,
756f8ce4aaffa468f1c9cd6c14e8c619e04281e2,07ac8c776de1a3827287139221e3949f0ec4f7dc,-15.866335449999792,-47.98471000001368,-15.86643010450499,-47.98465313373388,2024-06,2024,QhfVHqs78aLLdS6KGWkUFA,163.905385827478,© Google,OK,6_4,180325.93750505155,8243571.883528478,3f9bd68a88b859a7c53bc78571ff1c9202054ed9,cardinal,4,1,90_deg_east,cardinal,90,0,90,640,640,2,batch_0002,462,datasets/df_2024_proportional/batch_0002/images/3f9bd68a88b859a7c53bc78571ff1c9202054ed9.jpg,https://raw.githubusercontent.com/GUIA-DD/dataset-streetview/refs/heads/main/datasets/df_2024_proportional/batch_0002/images/3f9bd68a88b859a7c53bc78571ff1c9202054ed9.jpg,True,downloaded,
756f8ce4aaffa468f1c9cd6c14e8c619e04281e2,07ac8c776de1a3827287139221e3949f0ec4f7dc,-15.866335449999792,-47.98471000001368,-15.86643010450499,-47.98465313373388,2024-06,2024,QhfVHqs78aLLdS6KGWkUFA,163.905385827478,© Google,OK,6_4,180325.93750505155,8243571.883528478,1494e5d0b8d79f00ebfa9c574b38de7d2c5a83e3,cardinal,4,2,180_deg_south,cardinal,180,0,90,640,640,2,batch_0002,463,datasets/df_2024_proportional/batch_0002/images/1494e5d0b8d79f00ebfa9c574b38de7d2c5a83e3.jpg,https://raw.githubusercontent.com/GUIA-DD/dataset-streetview/refs/heads/main/datasets/df_2024_proportional/batch_0002/images/1494e5d0b8d79f00ebfa9c574b38de7d2c5a83e3.jpg,True,downloaded,
756f8ce4aaffa468f1c9cd6c14e8c619e04281e2,07ac8c776de1a3827287139221e3949f0ec4f7dc,-15.866335449999792,-47.98471000001368,-15.86643010450499,-47.98465313373388,2024-06,2024,QhfVHqs78aLLdS6KGWkUFA,163.905385827478,© Google,OK,6_4,180325.93750505155,8243571.883528478,d4b2bb3b77520aa92ff5b55a8256adf8697ecb08,cardinal,4,3,270_deg_west,cardinal,270,0,90,640,640,2,batch_0002,464,datasets/df_2024_proportional/batch_0002/images/d4b2bb3b77520aa92ff5b55a8256adf8697ecb08.jpg,https://raw.githubusercontent.com/GUIA-DD/dataset-streetview/refs/heads/main/datasets/df_2024_proportional/batch_0002/images/d4b2bb3b77520aa92ff5b55a8256adf8697ecb08.jpg,True,downloaded,
75833058a56738b070a26985405fb47a0a16bf65,d534f468bbb249ab9035795c1b4e714b1002f804,-15.889857263131876,-48.094285368514306,-15.88982368514176,-48.09424889697991,2025-06,2025,lMua_cbQKX8sf9OvOCsa0A,71.75425071471672,© Google,OK,3_3,168618.9151860023,8240796.297412209,835255d35b3204424beb73d3d7861b8f5952915d,cardinal,4,0,0_deg_north,cardinal,0,0,90,640,640,2,batch_0002,465,datasets/df_2024_proportional/batch_0002/images/835255d35b3204424beb73d3d7861b8f5952915d.jpg,https://raw.githubusercontent.com/GUIA-DD/dataset-streetview/refs/heads/main/datasets/df_2024_proportional/batch_0002/images/835255d35b3204424beb73d3d7861b8f5952915d.jpg,True,downloaded,
75833058a56738b070a26985405fb47a0a16bf65,d534f468bbb249ab9035795c1b4e714b1002f804,-15.889857263131876,-48.094285368514306,-15.88982368514176,-48.09424889697991,2025-06,2025,lMua_cbQKX8sf9OvOCsa0A,71.75425071471672,© Google,OK,3_3,168618.9151860023,8240796.297412209,d84e3936522455cdeb76f0723a2f84d47d5d0097,cardinal,4,1,90_deg_east,cardinal,90,0,90,640,640,2,batch_0002,466,datasets/df_2024_proportional/batch_0002/images/d84e3936522455cdeb76f0723a2f84d47d5d0097.jpg,https://raw.githubusercontent.com/GUIA-DD/dataset-streetview/refs/heads/main/datasets/df_2024_proportional/batch_0002/images/d84e3936522455cdeb76f0723a2f84d47d5d0097.jpg,True,downloaded,
75833058a56738b070a26985405fb47a0a16bf65,d534f468bbb249ab9035795c1b4e714b1002f804,-15.889857263131876,-48.094285368514306,-15.88982368514176,-48.09424889697991,2025-06,2025,lMua_cbQKX8sf9OvOCsa0A,71.75425071471672,© Google,OK,3_3,168618.9151860023,8240796.297412209,16ed1e67d7d14e71d305aa4ece125ec9776dc659,cardinal,4,2,180_deg_south,cardinal,180,0,90,640,640,2,batch_0002,467,datasets/df_2024_proportional/batch_0002/images/16ed1e67d7d14e71d305aa4ece125ec9776dc659.jpg,https://raw.githubusercontent.com/GUIA-DD/dataset-streetview/refs/heads/main/datasets/df_2024_proportional/batch_0002/images/16ed1e67d7d14e71d305aa4ece125ec9776dc659.jpg,True,downloaded,
75833058a56738b070a26985405fb47a0a16bf65,d534f468bbb249ab9035795c1b4e714b1002f804,-15.889857263131876,-48.094285368514306,-15.88982368514176,-48.09424889697991,2025-06,2025,lMua_cbQKX8sf9OvOCsa0A,71.75425071471672,© Google,OK,3_3,168618.9151860023,8240796.297412209,924216f435efb3085081d02d751855b445570d6c,cardinal,4,3,270_deg_west,cardinal,270,0,90,640,640,2,batch_0002,468,datasets/df_2024_proportional/batch_0002/images/924216f435efb3085081d02d751855b445570d6c.jpg,https://raw.githubusercontent.com/GUIA-DD/dataset-streetview/refs/heads/main/datasets/df_2024_proportional/batch_0002/images/924216f435efb3085081d02d751855b445570d6c.jpg,True,downloaded,
7616c40a343152f584e89da85ed1001d50a8e0fc,04a1e23ebdf0361cbc0ee7892d9fb4da5ac5512a,-15.844221450067241,-48.12601164993329,-15.84422100078332,-48.12600649266127,2026-01,2026,djROORlkotsNDzWClSAFFQ,235.99527138215012,© Google,OK,3_4,165142.8598945274,8245800.06376314,59fb194762ab8234c2f5b285256bc23804a61e97,cardinal,4,0,0_deg_north,cardinal,0,0,90,640,640,2,batch_0002,469,datasets/df_2024_proportional/batch_0002/images/59fb194762ab8234c2f5b285256bc23804a61e97.jpg,https://raw.githubusercontent.com/GUIA-DD/dataset-streetview/refs/heads/main/datasets/df_2024_proportional/batch_0002/images/59fb194762ab8234c2f5b285256bc23804a61e97.jpg,True,downloaded,
7616c40a343152f584e89da85ed1001d50a8e0fc,04a1e23ebdf0361cbc0ee7892d9fb4da5ac5512a,-15.844221450067241,-48.12601164993329,-15.84422100078332,-48.12600649266127,2026-01,2026,djROORlkotsNDzWClSAFFQ,235.99527138215012,© Google,OK,3_4,165142.8598945274,8245800.06376314,c9bd80710c71f0986fa65346ac1a77ec64a896fd,cardinal,4,1,90_deg_east,cardinal,90,0,90,640,640,2,batch_0002,470,datasets/df_2024_proportional/batch_0002/images/c9bd80710c71f0986fa65346ac1a77ec64a896fd.jpg,https://raw.githubusercontent.com/GUIA-DD/dataset-streetview/refs/heads/main/datasets/df_2024_proportional/batch_0002/images/c9bd80710c71f0986fa65346ac1a77ec64a896fd.jpg,True,downloaded,
7616c40a343152f584e89da85ed1001d50a8e0fc,04a1e23ebdf0361cbc0ee7892d9fb4da5ac5512a,-15.844221450067241,-48.12601164993329,-15.84422100078332,-48.12600649266127,2026-01,2026,djROORlkotsNDzWClSAFFQ,235.99527138215012,© Google,OK,3_4,165142.8598945274,8245800.06376314,bf6080f04719c4b0cbe0ca4c9d53ef747a64b837,cardinal,4,2,180_deg_south,cardinal,180,0,90,640,640,2,batch_0002,471,datasets/df_2024_proportional/batch_0002/images/bf6080f04719c4b0cbe0ca4c9d53ef747a64b837.jpg,https://raw.githubusercontent.com/GUIA-DD/dataset-streetview/refs/heads/main/datasets/df_2024_proportional/batch_0002/images/bf6080f04719c4b0cbe0ca4c9d53ef747a64b837.jpg,True,downloaded,
7616c40a343152f584e89da85ed1001d50a8e0fc,04a1e23ebdf0361cbc0ee7892d9fb4da5ac5512a,-15.844221450067241,-48.12601164993329,-15.84422100078332,-48.12600649266127,2026-01,2026,djROORlkotsNDzWClSAFFQ,235.99527138215012,© Google,OK,3_4,165142.8598945274,8245800.06376314,1eeacc17af3456675566599ad826a745f2ca7f9e,cardinal,4,3,270_deg_west,cardinal,270,0,90,640,640,2,batch_0002,472,datasets/df_2024_proportional/batch_0002/images/1eeacc17af3456675566599ad826a745f2ca7f9e.jpg,https://raw.githubusercontent.com/GUIA-DD/dataset-streetview/refs/heads/main/datasets/df_2024_proportional/batch_0002/images/1eeacc17af3456675566599ad826a745f2ca7f9e.jpg,True,downloaded,
769a9c286d2ef1819adf0a153995e850f341025a,093f71424bd480d1a8a905e2ea797173949e8e00,-15.751408882353488,-47.88387417292973,-15.75139017913443,-47.88392349268175,2024-06,2024,FQdlWJ2hDzR879BP2TkT5g,344.1768424590581,© Google,OK,8_6,190959.14430721058,8256449.470789281,7be2aff39b9f3eb01ec9103f7c3e5268f093601f,cardinal,4,0,0_deg_north,cardinal,0,0,90,640,640,2,batch_0002,473,datasets/df_2024_proportional/batch_0002/images/7be2aff39b9f3eb01ec9103f7c3e5268f093601f.jpg,https://raw.githubusercontent.com/GUIA-DD/dataset-streetview/refs/heads/main/datasets/df_2024_proportional/batch_0002/images/7be2aff39b9f3eb01ec9103f7c3e5268f093601f.jpg,True,downloaded,
769a9c286d2ef1819adf0a153995e850f341025a,093f71424bd480d1a8a905e2ea797173949e8e00,-15.751408882353488,-47.88387417292973,-15.75139017913443,-47.88392349268175,2024-06,2024,FQdlWJ2hDzR879BP2TkT5g,344.1768424590581,© Google,OK,8_6,190959.14430721058,8256449.470789281,1b3c8a7e985a6a7a145daeaca549505768ee31d9,cardinal,4,1,90_deg_east,cardinal,90,0,90,640,640,2,batch_0002,474,datasets/df_2024_proportional/batch_0002/images/1b3c8a7e985a6a7a145daeaca549505768ee31d9.jpg,https://raw.githubusercontent.com/GUIA-DD/dataset-streetview/refs/heads/main/datasets/df_2024_proportional/batch_0002/images/1b3c8a7e985a6a7a145daeaca549505768ee31d9.jpg,True,downloaded,
769a9c286d2ef1819adf0a153995e850f341025a,093f71424bd480d1a8a905e2ea797173949e8e00,-15.751408882353488,-47.88387417292973,-15.75139017913443,-47.88392349268175,2024-06,2024,FQdlWJ2hDzR879BP2TkT5g,344.1768424590581,© Google,OK,8_6,190959.14430721058,8256449.470789281,eddbe8c3f86ea77f5faaccc105efebed0de1bf9d,cardinal,4,2,180_deg_south,cardinal,180,0,90,640,640,2,batch_0002,475,datasets/df_2024_proportional/batch_0002/images/eddbe8c3f86ea77f5faaccc105efebed0de1bf9d.jpg,https://raw.githubusercontent.com/GUIA-DD/dataset-streetview/refs/heads/main/datasets/df_2024_proportional/batch_0002/images/eddbe8c3f86ea77f5faaccc105efebed0de1bf9d.jpg,True,downloaded,
769a9c286d2ef1819adf0a153995e850f341025a,093f71424bd480d1a8a905e2ea797173949e8e00,-15.751408882353488,-47.88387417292973,-15.75139017913443,-47.88392349268175,2024-06,2024,FQdlWJ2hDzR879BP2TkT5g,344.1768424590581,© Google,OK,8_6,190959.14430721058,8256449.470789281,87be840c00259ffe2261c7ef4fb44ff8cf27754a,cardinal,4,3,270_deg_west,cardinal,270,0,90,640,640,2,batch_0002,476,datasets/df_2024_proportional/batch_0002/images/87be840c00259ffe2261c7ef4fb44ff8cf27754a.jpg,https://raw.githubusercontent.com/GUIA-DD/dataset-streetview/refs/heads/main/datasets/df_2024_proportional/batch_0002/images/87be840c00259ffe2261c7ef4fb44ff8cf27754a.jpg,True,downloaded,
7756333985f876bcbac231556f24730ee0ba8725,8b883c7468c8cacbd3dc76621fa3347e0a92e134,-15.920776100048508,-47.76803194999351,-15.92077215574242,-47.76799616445824,2024-07,2024,BX-B0Vtv4ep1CoDmBw-WEQ,260.8272725323508,© Google,OK,10_3,203628.8865352721,8237863.013807055,888c572258e1826e70ae5246ce69f8cbe2090c22,cardinal,4,0,0_deg_north,cardinal,0,0,90,640,640,2,batch_0002,477,datasets/df_2024_proportional/batch_0002/images/888c572258e1826e70ae5246ce69f8cbe2090c22.jpg,https://raw.githubusercontent.com/GUIA-DD/dataset-streetview/refs/heads/main/datasets/df_2024_proportional/batch_0002/images/888c572258e1826e70ae5246ce69f8cbe2090c22.jpg,True,downloaded,
7756333985f876bcbac231556f24730ee0ba8725,8b883c7468c8cacbd3dc76621fa3347e0a92e134,-15.920776100048508,-47.76803194999351,-15.92077215574242,-47.76799616445824,2024-07,2024,BX-B0Vtv4ep1CoDmBw-WEQ,260.8272725323508,© Google,OK,10_3,203628.8865352721,8237863.013807055,b1ac595e51e1584d1196f755547e9cfd23a13973,cardinal,4,1,90_deg_east,cardinal,90,0,90,640,640,2,batch_0002,478,datasets/df_2024_proportional/batch_0002/images/b1ac595e51e1584d1196f755547e9cfd23a13973.jpg,https://raw.githubusercontent.com/GUIA-DD/dataset-streetview/refs/heads/main/datasets/df_2024_proportional/batch_0002/images/b1ac595e51e1584d1196f755547e9cfd23a13973.jpg,True,downloaded,
7756333985f876bcbac231556f24730ee0ba8725,8b883c7468c8cacbd3dc76621fa3347e0a92e134,-15.920776100048508,-47.76803194999351,-15.92077215574242,-47.76799616445824,2024-07,2024,BX-B0Vtv4ep1CoDmBw-WEQ,260.8272725323508,© Google,OK,10_3,203628.8865352721,8237863.013807055,d9a41d189063361e16bae75641a5e0c769902b66,cardinal,4,2,180_deg_south,cardinal,180,0,90,640,640,2,batch_0002,479,datasets/df_2024_proportional/batch_0002/images/d9a41d189063361e16bae75641a5e0c769902b66.jpg,https://raw.githubusercontent.com/GUIA-DD/dataset-streetview/refs/heads/main/datasets/df_2024_proportional/batch_0002/images/d9a41d189063361e16bae75641a5e0c769902b66.jpg,True,downloaded,
7756333985f876bcbac231556f24730ee0ba8725,8b883c7468c8cacbd3dc76621fa3347e0a92e134,-15.920776100048508,-47.76803194999351,-15.92077215574242,-47.76799616445824,2024-07,2024,BX-B0Vtv4ep1CoDmBw-WEQ,260.8272725323508,© Google,OK,10_3,203628.8865352721,8237863.013807055,65bf3f41ce50d20a1bb74635786e6bdad50018e9,cardinal,4,3,270_deg_west,cardinal,270,0,90,640,640,2,batch_0002,480,datasets/df_2024_proportional/batch_0002/images/65bf3f41ce50d20a1bb74635786e6bdad50018e9.jpg,https://raw.githubusercontent.com/GUIA-DD/dataset-streetview/refs/heads/main/datasets/df_2024_proportional/batch_0002/images/65bf3f41ce50d20a1bb74635786e6bdad50018e9.jpg,True,downloaded,
78b19ba315994cef2a44c221aa57fd86a1057cdb,68b9aa2d0c8bcb3d349d3a9f18f29fb001f93eca,-15.76361605000066,-47.8917383500725,-15.76359116854531,-47.89174696351231,2024-06,2024,lq6Hvbo_yCIPHRyCDkHJCQ,162.17069567624134,© Google,OK,8_6,190134.3349834538,8255086.18610294,c33e19adc58953e0a2cf45311c89b9fba9a244db,cardinal,4,0,0_deg_north,cardinal,0,0,90,640,640,2,batch_0002,481,datasets/df_2024_proportional/batch_0002/images/c33e19adc58953e0a2cf45311c89b9fba9a244db.jpg,https://raw.githubusercontent.com/GUIA-DD/dataset-streetview/refs/heads/main/datasets/df_2024_proportional/batch_0002/images/c33e19adc58953e0a2cf45311c89b9fba9a244db.jpg,True,downloaded,
78b19ba315994cef2a44c221aa57fd86a1057cdb,68b9aa2d0c8bcb3d349d3a9f18f29fb001f93eca,-15.76361605000066,-47.8917383500725,-15.76359116854531,-47.89174696351231,2024-06,2024,lq6Hvbo_yCIPHRyCDkHJCQ,162.17069567624134,© Google,OK,8_6,190134.3349834538,8255086.18610294,0fde8f91896c78656b77b17f1d7432e253686177,cardinal,4,1,90_deg_east,cardinal,90,0,90,640,640,2,batch_0002,482,datasets/df_2024_proportional/batch_0002/images/0fde8f91896c78656b77b17f1d7432e253686177.jpg,https://raw.githubusercontent.com/GUIA-DD/dataset-streetview/refs/heads/main/datasets/df_2024_proportional/batch_0002/images/0fde8f91896c78656b77b17f1d7432e253686177.jpg,True,downloaded,
78b19ba315994cef2a44c221aa57fd86a1057cdb,68b9aa2d0c8bcb3d349d3a9f18f29fb001f93eca,-15.76361605000066,-47.8917383500725,-15.76359116854531,-47.89174696351231,2024-06,2024,lq6Hvbo_yCIPHRyCDkHJCQ,162.17069567624134,© Google,OK,8_6,190134.3349834538,8255086.18610294,cea737539e219491f0107ddfd7612273b0634538,cardinal,4,2,180_deg_south,cardinal,180,0,90,640,640,2,batch_0002,483,datasets/df_2024_proportional/batch_0002/images/cea737539e219491f0107ddfd7612273b0634538.jpg,https://raw.githubusercontent.com/GUIA-DD/dataset-streetview/refs/heads/main/datasets/df_2024_proportional/batch_0002/images/cea737539e219491f0107ddfd7612273b0634538.jpg,True,downloaded,
78b19ba315994cef2a44c221aa57fd86a1057cdb,68b9aa2d0c8bcb3d349d3a9f18f29fb001f93eca,-15.76361605000066,-47.8917383500725,-15.76359116854531,-47.89174696351231,2024-06,2024,lq6Hvbo_yCIPHRyCDkHJCQ,162.17069567624134,© Google,OK,8_6,190134.3349834538,8255086.18610294,421210a75b6edc744af17355bb7b6fefab9d4ef2,cardinal,4,3,270_deg_west,cardinal,270,0,90,640,640,2,batch_0002,484,datasets/df_2024_proportional/batch_0002/images/421210a75b6edc744af17355bb7b6fefab9d4ef2.jpg,https://raw.githubusercontent.com/GUIA-DD/dataset-streetview/refs/heads/main/datasets/df_2024_proportional/batch_0002/images/421210a75b6edc744af17355bb7b6fefab9d4ef2.jpg,True,downloaded,
7a997158aac70221be167b6dd47da495854257e0,f2d5492a7a272f6793b174034b6401fc21d08681,-15.880834832266437,-48.090698076098676,-15.88081221814446,-48.09067379962524,2025-06,2025,UdrH6KPlSC5jSECVQvvtDg,71.63612092767372,© Google,OK,4_3,168988.64564747983,8241801.229282149,1618e4530923f3bd8a769c87deb16aaef6ac2cac,cardinal,4,0,0_deg_north,cardinal,0,0,90,640,640,2,batch_0002,485,datasets/df_2024_proportional/batch_0002/images/1618e4530923f3bd8a769c87deb16aaef6ac2cac.jpg,https://raw.githubusercontent.com/GUIA-DD/dataset-streetview/refs/heads/main/datasets/df_2024_proportional/batch_0002/images/1618e4530923f3bd8a769c87deb16aaef6ac2cac.jpg,True,downloaded,
7a997158aac70221be167b6dd47da495854257e0,f2d5492a7a272f6793b174034b6401fc21d08681,-15.880834832266437,-48.090698076098676,-15.88081221814446,-48.09067379962524,2025-06,2025,UdrH6KPlSC5jSECVQvvtDg,71.63612092767372,© Google,OK,4_3,168988.64564747983,8241801.229282149,298acdd8dfd760df244dce3379bf18d564233687,cardinal,4,1,90_deg_east,cardinal,90,0,90,640,640,2,batch_0002,486,datasets/df_2024_proportional/batch_0002/images/298acdd8dfd760df244dce3379bf18d564233687.jpg,https://raw.githubusercontent.com/GUIA-DD/dataset-streetview/refs/heads/main/datasets/df_2024_proportional/batch_0002/images/298acdd8dfd760df244dce3379bf18d564233687.jpg,True,downloaded,
7a997158aac70221be167b6dd47da495854257e0,f2d5492a7a272f6793b174034b6401fc21d08681,-15.880834832266437,-48.090698076098676,-15.88081221814446,-48.09067379962524,2025-06,2025,UdrH6KPlSC5jSECVQvvtDg,71.63612092767372,© Google,OK,4_3,168988.64564747983,8241801.229282149,f60e7ec7ac8e6a2e867d44c3a7dfae14e8a11aef,cardinal,4,2,180_deg_south,cardinal,180,0,90,640,640,2,batch_0002,487,datasets/df_2024_proportional/batch_0002/images/f60e7ec7ac8e6a2e867d44c3a7dfae14e8a11aef.jpg,https://raw.githubusercontent.com/GUIA-DD/dataset-streetview/refs/heads/main/datasets/df_2024_proportional/batch_0002/images/f60e7ec7ac8e6a2e867d44c3a7dfae14e8a11aef.jpg,True,downloaded,
7a997158aac70221be167b6dd47da495854257e0,f2d5492a7a272f6793b174034b6401fc21d08681,-15.880834832266437,-48.090698076098676,-15.88081221814446,-48.09067379962524,2025-06,2025,UdrH6KPlSC5jSECVQvvtDg,71.63612092767372,© Google,OK,4_3,168988.64564747983,8241801.229282149,91afdbb77eaeec95aeb6b8e37de25d8d76af3721,cardinal,4,3,270_deg_west,cardinal,270,0,90,640,640,2,batch_0002,488,datasets/df_2024_proportional/batch_0002/images/91afdbb77eaeec95aeb6b8e37de25d8d76af3721.jpg,https://raw.githubusercontent.com/GUIA-DD/dataset-streetview/refs/heads/main/datasets/df_2024_proportional/batch_0002/images/91afdbb77eaeec95aeb6b8e37de25d8d76af3721.jpg,True,downloaded,
7b1e8e4c3e7403064092242aceb3be1392f4ea49,dcb5a78a15efbe5bc0a7a60c9f279b0e1cb3fa07,-15.749241350688132,-47.852199697849436,-15.74923416413685,-47.85218560740761,2024-05,2024,vCJW6tQVfNdrGVm40GVn_w,200.9135192160792,© Google,OK,9_6,194352.61040596553,8256735.676539066,69b94c1d315df67a76b0daa6fcae98f1aab4868f,cardinal,4,0,0_deg_north,cardinal,0,0,90,640,640,2,batch_0002,489,datasets/df_2024_proportional/batch_0002/images/69b94c1d315df67a76b0daa6fcae98f1aab4868f.jpg,https://raw.githubusercontent.com/GUIA-DD/dataset-streetview/refs/heads/main/datasets/df_2024_proportional/batch_0002/images/69b94c1d315df67a76b0daa6fcae98f1aab4868f.jpg,True,downloaded,
7b1e8e4c3e7403064092242aceb3be1392f4ea49,dcb5a78a15efbe5bc0a7a60c9f279b0e1cb3fa07,-15.749241350688132,-47.852199697849436,-15.74923416413685,-47.85218560740761,2024-05,2024,vCJW6tQVfNdrGVm40GVn_w,200.9135192160792,© Google,OK,9_6,194352.61040596553,8256735.676539066,085640771948e4917bdcb340665eb9b345a354fc,cardinal,4,1,90_deg_east,cardinal,90,0,90,640,640,2,batch_0002,490,datasets/df_2024_proportional/batch_0002/images/085640771948e4917bdcb340665eb9b345a354fc.jpg,https://raw.githubusercontent.com/GUIA-DD/dataset-streetview/refs/heads/main/datasets/df_2024_proportional/batch_0002/images/085640771948e4917bdcb340665eb9b345a354fc.jpg,True,downloaded,
7b1e8e4c3e7403064092242aceb3be1392f4ea49,dcb5a78a15efbe5bc0a7a60c9f279b0e1cb3fa07,-15.749241350688132,-47.852199697849436,-15.74923416413685,-47.85218560740761,2024-05,2024,vCJW6tQVfNdrGVm40GVn_w,200.9135192160792,© Google,OK,9_6,194352.61040596553,8256735.676539066,9d8c2247f6c78a0ade61c5b2e0e2f67fb06e8423,cardinal,4,2,180_deg_south,cardinal,180,0,90,640,640,2,batch_0002,491,datasets/df_2024_proportional/batch_0002/images/9d8c2247f6c78a0ade61c5b2e0e2f67fb06e8423.jpg,https://raw.githubusercontent.com/GUIA-DD/dataset-streetview/refs/heads/main/datasets/df_2024_proportional/batch_0002/images/9d8c2247f6c78a0ade61c5b2e0e2f67fb06e8423.jpg,True,downloaded,
7b1e8e4c3e7403064092242aceb3be1392f4ea49,dcb5a78a15efbe5bc0a7a60c9f279b0e1cb3fa07,-15.749241350688132,-47.852199697849436,-15.74923416413685,-47.85218560740761,2024-05,2024,vCJW6tQVfNdrGVm40GVn_w,200.9135192160792,© Google,OK,9_6,194352.61040596553,8256735.676539066,5492e67a4d9c94c65fb7cc46aec6ba7083d1ac7f,cardinal,4,3,270_deg_west,cardinal,270,0,90,640,640,2,batch_0002,492,datasets/df_2024_proportional/batch_0002/images/5492e67a4d9c94c65fb7cc46aec6ba7083d1ac7f.jpg,https://raw.githubusercontent.com/GUIA-DD/dataset-streetview/refs/heads/main/datasets/df_2024_proportional/batch_0002/images/5492e67a4d9c94c65fb7cc46aec6ba7083d1ac7f.jpg,True,downloaded,
7d8db885789c70286c34c8e1652576fd8d85bc4c,8bc3ea3762edf122e2e4bdf8d0a8f8f1847f733e,-15.810574800015393,-48.08269230001144,-15.81053556832199,-48.0826709168214,2024-08,2024,_mPxj8nCbuq2WoHi-thXMg,102.74216312621537,© Google,OK,4_5,169732.34146296777,8249595.198702891,454007cf5cf33a5e3f90b0c2a5646eff2d8382b0,cardinal,4,0,0_deg_north,cardinal,0,0,90,640,640,2,batch_0002,493,datasets/df_2024_proportional/batch_0002/images/454007cf5cf33a5e3f90b0c2a5646eff2d8382b0.jpg,https://raw.githubusercontent.com/GUIA-DD/dataset-streetview/refs/heads/main/datasets/df_2024_proportional/batch_0002/images/454007cf5cf33a5e3f90b0c2a5646eff2d8382b0.jpg,True,downloaded,
7d8db885789c70286c34c8e1652576fd8d85bc4c,8bc3ea3762edf122e2e4bdf8d0a8f8f1847f733e,-15.810574800015393,-48.08269230001144,-15.81053556832199,-48.0826709168214,2024-08,2024,_mPxj8nCbuq2WoHi-thXMg,102.74216312621537,© Google,OK,4_5,169732.34146296777,8249595.198702891,76674c2848c7485141db3670ee97c62c1ae1088b,cardinal,4,1,90_deg_east,cardinal,90,0,90,640,640,2,batch_0002,494,datasets/df_2024_proportional/batch_0002/images/76674c2848c7485141db3670ee97c62c1ae1088b.jpg,https://raw.githubusercontent.com/GUIA-DD/dataset-streetview/refs/heads/main/datasets/df_2024_proportional/batch_0002/images/76674c2848c7485141db3670ee97c62c1ae1088b.jpg,True,downloaded,
7d8db885789c70286c34c8e1652576fd8d85bc4c,8bc3ea3762edf122e2e4bdf8d0a8f8f1847f733e,-15.810574800015393,-48.08269230001144,-15.81053556832199,-48.0826709168214,2024-08,2024,_mPxj8nCbuq2WoHi-thXMg,102.74216312621537,© Google,OK,4_5,169732.34146296777,8249595.198702891,c451f7de58aad02e591fcd4bf47578c51496c37c,cardinal,4,2,180_deg_south,cardinal,180,0,90,640,640,2,batch_0002,495,datasets/df_2024_proportional/batch_0002/images/c451f7de58aad02e591fcd4bf47578c51496c37c.jpg,https://raw.githubusercontent.com/GUIA-DD/dataset-streetview/refs/heads/main/datasets/df_2024_proportional/batch_0002/images/c451f7de58aad02e591fcd4bf47578c51496c37c.jpg,True,downloaded,
7d8db885789c70286c34c8e1652576fd8d85bc4c,8bc3ea3762edf122e2e4bdf8d0a8f8f1847f733e,-15.810574800015393,-48.08269230001144,-15.81053556832199,-48.0826709168214,2024-08,2024,_mPxj8nCbuq2WoHi-thXMg,102.74216312621537,© Google,OK,4_5,169732.34146296777,8249595.198702891,c36e891494e707413f8dc4637cbff1454f965613,cardinal,4,3,270_deg_west,cardinal,270,0,90,640,640,2,batch_0002,496,datasets/df_2024_proportional/batch_0002/images/c36e891494e707413f8dc4637cbff1454f965613.jpg,https://raw.githubusercontent.com/GUIA-DD/dataset-streetview/refs/heads/main/datasets/df_2024_proportional/batch_0002/images/c36e891494e707413f8dc4637cbff1454f965613.jpg,True,downloaded,
7d95e57621596e33c7901d6841f42eed842cb036,0ebdace26900fea2a49d8186fc935f439ee15f74,-15.894796899999438,-48.041534950033984,-15.89482698155241,-48.04154286044836,2025-06,2025,mLGqB8qKLfwoHu7u0v0LKg,163.60022700360557,© Google,OK,5_3,174280.740718044,8240332.215109551,de6a3f789d550ccde49e1d706e94d11159cca7fd,cardinal,4,0,0_deg_north,cardinal,0,0,90,640,640,2,batch_0002,497,datasets/df_2024_proportional/batch_0002/images/de6a3f789d550ccde49e1d706e94d11159cca7fd.jpg,https://raw.githubusercontent.com/GUIA-DD/dataset-streetview/refs/heads/main/datasets/df_2024_proportional/batch_0002/images/de6a3f789d550ccde49e1d706e94d11159cca7fd.jpg,True,downloaded,
7d95e57621596e33c7901d6841f42eed842cb036,0ebdace26900fea2a49d8186fc935f439ee15f74,-15.894796899999438,-48.041534950033984,-15.89482698155241,-48.04154286044836,2025-06,2025,mLGqB8qKLfwoHu7u0v0LKg,163.60022700360557,© Google,OK,5_3,174280.740718044,8240332.215109551,6ccb228dd4b3fa1de161adab7f14ece80bfb5271,cardinal,4,1,90_deg_east,cardinal,90,0,90,640,640,2,batch_0002,498,datasets/df_2024_proportional/batch_0002/images/6ccb228dd4b3fa1de161adab7f14ece80bfb5271.jpg,https://raw.githubusercontent.com/GUIA-DD/dataset-streetview/refs/heads/main/datasets/df_2024_proportional/batch_0002/images/6ccb228dd4b3fa1de161adab7f14ece80bfb5271.jpg,True,downloaded,
7d95e57621596e33c7901d6841f42eed842cb036,0ebdace26900fea2a49d8186fc935f439ee15f74,-15.894796899999438,-48.041534950033984,-15.89482698155241,-48.04154286044836,2025-06,2025,mLGqB8qKLfwoHu7u0v0LKg,163.60022700360557,© Google,OK,5_3,174280.740718044,8240332.215109551,dd97c076ea600e74961f9eea2c2fbd89264d83c7,cardinal,4,2,180_deg_south,cardinal,180,0,90,640,640,2,batch_0002,499,datasets/df_2024_proportional/batch_0002/images/dd97c076ea600e74961f9eea2c2fbd89264d83c7.jpg,https://raw.githubusercontent.com/GUIA-DD/dataset-streetview/refs/heads/main/datasets/df_2024_proportional/batch_0002/images/dd97c076ea600e74961f9eea2c2fbd89264d83c7.jpg,True,downloaded,
7d95e57621596e33c7901d6841f42eed842cb036,0ebdace26900fea2a49d8186fc935f439ee15f74,-15.894796899999438,-48.041534950033984,-15.89482698155241,-48.04154286044836,2025-06,2025,mLGqB8qKLfwoHu7u0v0LKg,163.60022700360557,© Google,OK,5_3,174280.740718044,8240332.215109551,d55c57df1c5f4b386bf2f0c3dcb256511725ca3b,cardinal,4,3,270_deg_west,cardinal,270,0,90,640,640,2,batch_0002,500,datasets/df_2024_proportional/batch_0002/images/d55c57df1c5f4b386bf2f0c3dcb256511725ca3b.jpg,https://raw.githubusercontent.com/GUIA-DD/dataset-streetview/refs/heads/main/datasets/df_2024_proportional/batch_0002/images/d55c57df1c5f4b386bf2f0c3dcb256511725ca3b.jpg,True,downloaded,
7e8409f8878767ca3315d33bf952de8b86016476,18a2e6473fca200adc35885b5252e32872055c67,-15.625938556759648,-47.72568842687361,-15.62592727765126,-47.72566111804851,2025-07,2025,nRr0sUZpGydzOEs1WKmiuQ,239.18222592242495,© Google,OK,11_9,207743.05544450326,8270567.008471644,6d89b11d7ec3828cbaa66e2dd4ff9e91959941b2,cardinal,4,0,0_deg_north,cardinal,0,0,90,640,640,2,batch_0002,501,datasets/df_2024_proportional/batch_0002/images/6d89b11d7ec3828cbaa66e2dd4ff9e91959941b2.jpg,https://raw.githubusercontent.com/GUIA-DD/dataset-streetview/refs/heads/main/datasets/df_2024_proportional/batch_0002/images/6d89b11d7ec3828cbaa66e2dd4ff9e91959941b2.jpg,True,downloaded,
7e8409f8878767ca3315d33bf952de8b86016476,18a2e6473fca200adc35885b5252e32872055c67,-15.625938556759648,-47.72568842687361,-15.62592727765126,-47.72566111804851,2025-07,2025,nRr0sUZpGydzOEs1WKmiuQ,239.18222592242495,© Google,OK,11_9,207743.05544450326,8270567.008471644,653476d5238bd65bac8c30cd6da2c4154c4c72ee,cardinal,4,1,90_deg_east,cardinal,90,0,90,640,640,2,batch_0002,502,datasets/df_2024_proportional/batch_0002/images/653476d5238bd65bac8c30cd6da2c4154c4c72ee.jpg,https://raw.githubusercontent.com/GUIA-DD/dataset-streetview/refs/heads/main/datasets/df_2024_proportional/batch_0002/images/653476d5238bd65bac8c30cd6da2c4154c4c72ee.jpg,True,downloaded,
7e8409f8878767ca3315d33bf952de8b86016476,18a2e6473fca200adc35885b5252e32872055c67,-15.625938556759648,-47.72568842687361,-15.62592727765126,-47.72566111804851,2025-07,2025,nRr0sUZpGydzOEs1WKmiuQ,239.18222592242495,© Google,OK,11_9,207743.05544450326,8270567.008471644,2508e8d81deec66190c8ce493b34add6e3a6e056,cardinal,4,2,180_deg_south,cardinal,180,0,90,640,640,2,batch_0002,503,datasets/df_2024_proportional/batch_0002/images/2508e8d81deec66190c8ce493b34add6e3a6e056.jpg,https://raw.githubusercontent.com/GUIA-DD/dataset-streetview/refs/heads/main/datasets/df_2024_proportional/batch_0002/images/2508e8d81deec66190c8ce493b34add6e3a6e056.jpg,True,downloaded,
7e8409f8878767ca3315d33bf952de8b86016476,18a2e6473fca200adc35885b5252e32872055c67,-15.625938556759648,-47.72568842687361,-15.62592727765126,-47.72566111804851,2025-07,2025,nRr0sUZpGydzOEs1WKmiuQ,239.18222592242495,© Google,OK,11_9,207743.05544450326,8270567.008471644,7200013802f7ff25420331c66fec13a31e0c0e9a,cardinal,4,3,270_deg_west,cardinal,270,0,90,640,640,2,batch_0002,504,datasets/df_2024_proportional/batch_0002/images/7200013802f7ff25420331c66fec13a31e0c0e9a.jpg,https://raw.githubusercontent.com/GUIA-DD/dataset-streetview/refs/heads/main/datasets/df_2024_proportional/batch_0002/images/7200013802f7ff25420331c66fec13a31e0c0e9a.jpg,True,downloaded,
7f24155f7f4c74a180704a405ea6981e87992742,653e6dcbe36151f1e2d6964fdc2dd9000ecb08a6,-15.751625131445055,-47.89118933569962,-15.75162829497705,-47.8911392214797,2024-06,2024,qC3gAlTKD7CwXCS2-3eHCA,178.8048552644523,© Google,OK,8_6,190174.99660911155,8256414.783268903,80dece2ee0e2cd43de8ae42ab5c4cf3cee184153,cardinal,4,0,0_deg_north,cardinal,0,0,90,640,640,2,batch_0002,505,datasets/df_2024_proportional/batch_0002/images/80dece2ee0e2cd43de8ae42ab5c4cf3cee184153.jpg,https://raw.githubusercontent.com/GUIA-DD/dataset-streetview/refs/heads/main/datasets/df_2024_proportional/batch_0002/images/80dece2ee0e2cd43de8ae42ab5c4cf3cee184153.jpg,True,downloaded,
7f24155f7f4c74a180704a405ea6981e87992742,653e6dcbe36151f1e2d6964fdc2dd9000ecb08a6,-15.751625131445055,-47.89118933569962,-15.75162829497705,-47.8911392214797,2024-06,2024,qC3gAlTKD7CwXCS2-3eHCA,178.8048552644523,© Google,OK,8_6,190174.99660911155,8256414.783268903,6b5a719e4f538c89fcccd5afefaceffbd79bf52e,cardinal,4,1,90_deg_east,cardinal,90,0,90,640,640,2,batch_0002,506,datasets/df_2024_proportional/batch_0002/images/6b5a719e4f538c89fcccd5afefaceffbd79bf52e.jpg,https://raw.githubusercontent.com/GUIA-DD/dataset-streetview/refs/heads/main/datasets/df_2024_proportional/batch_0002/images/6b5a719e4f538c89fcccd5afefaceffbd79bf52e.jpg,True,downloaded,
7f24155f7f4c74a180704a405ea6981e87992742,653e6dcbe36151f1e2d6964fdc2dd9000ecb08a6,-15.751625131445055,-47.89118933569962,-15.75162829497705,-47.8911392214797,2024-06,2024,qC3gAlTKD7CwXCS2-3eHCA,178.8048552644523,© Google,OK,8_6,190174.99660911155,8256414.783268903,57905cb37a6fb503748fb99c2cc116a7962cb18e,cardinal,4,2,180_deg_south,cardinal,180,0,90,640,640,2,batch_0002,507,datasets/df_2024_proportional/batch_0002/images/57905cb37a6fb503748fb99c2cc116a7962cb18e.jpg,https://raw.githubusercontent.com/GUIA-DD/dataset-streetview/refs/heads/main/datasets/df_2024_proportional/batch_0002/images/57905cb37a6fb503748fb99c2cc116a7962cb18e.jpg,True,downloaded,
7f24155f7f4c74a180704a405ea6981e87992742,653e6dcbe36151f1e2d6964fdc2dd9000ecb08a6,-15.751625131445055,-47.89118933569962,-15.75162829497705,-47.8911392214797,2024-06,2024,qC3gAlTKD7CwXCS2-3eHCA,178.8048552644523,© Google,OK,8_6,190174.99660911155,8256414.783268903,0a4fdc1b1c60c0f30b9874cc52fd001a1727adaf,cardinal,4,3,270_deg_west,cardinal,270,0,90,640,640,2,batch_0002,508,datasets/df_2024_proportional/batch_0002/images/0a4fdc1b1c60c0f30b9874cc52fd001a1727adaf.jpg,https://raw.githubusercontent.com/GUIA-DD/dataset-streetview/refs/heads/main/datasets/df_2024_proportional/batch_0002/images/0a4fdc1b1c60c0f30b9874cc52fd001a1727adaf.jpg,True,downloaded,
81bf08196b714b6bfed7404e6647c5105635e39d,27a38227f59a1ec632c4ba7423802fc086b71987,-15.967571700001292,-48.03096329999812,-15.96756211242586,-48.03101422268874,2025-05,2025,EeH1VdHJ2nBCs52JlK5KTw,225.27356299868165,© Google,OK,5_1,175530.90628765765,8232289.143973106,a884852fd0a3401cc98248b3f7ed4e812c0f21a7,cardinal,4,0,0_deg_north,cardinal,0,0,90,640,640,2,batch_0002,509,datasets/df_2024_proportional/batch_0002/images/a884852fd0a3401cc98248b3f7ed4e812c0f21a7.jpg,https://raw.githubusercontent.com/GUIA-DD/dataset-streetview/refs/heads/main/datasets/df_2024_proportional/batch_0002/images/a884852fd0a3401cc98248b3f7ed4e812c0f21a7.jpg,True,downloaded,
81bf08196b714b6bfed7404e6647c5105635e39d,27a38227f59a1ec632c4ba7423802fc086b71987,-15.967571700001292,-48.03096329999812,-15.96756211242586,-48.03101422268874,2025-05,2025,EeH1VdHJ2nBCs52JlK5KTw,225.27356299868165,© Google,OK,5_1,175530.90628765765,8232289.143973106,0cc736bbcc567ce162625ea67dc684144055df1e,cardinal,4,1,90_deg_east,cardinal,90,0,90,640,640,2,batch_0002,510,datasets/df_2024_proportional/batch_0002/images/0cc736bbcc567ce162625ea67dc684144055df1e.jpg,https://raw.githubusercontent.com/GUIA-DD/dataset-streetview/refs/heads/main/datasets/df_2024_proportional/batch_0002/images/0cc736bbcc567ce162625ea67dc684144055df1e.jpg,True,downloaded,
81bf08196b714b6bfed7404e6647c5105635e39d,27a38227f59a1ec632c4ba7423802fc086b71987,-15.967571700001292,-48.03096329999812,-15.96756211242586,-48.03101422268874,2025-05,2025,EeH1VdHJ2nBCs52JlK5KTw,225.27356299868165,© Google,OK,5_1,175530.90628765765,8232289.143973106,4e75b95c8de3661db185b6007bddbe62f77b7295,cardinal,4,2,180_deg_south,cardinal,180,0,90,640,640,2,batch_0002,511,datasets/df_2024_proportional/batch_0002/images/4e75b95c8de3661db185b6007bddbe62f77b7295.jpg,https://raw.githubusercontent.com/GUIA-DD/dataset-streetview/refs/heads/main/datasets/df_2024_proportional/batch_0002/images/4e75b95c8de3661db185b6007bddbe62f77b7295.jpg,True,downloaded,
81bf08196b714b6bfed7404e6647c5105635e39d,27a38227f59a1ec632c4ba7423802fc086b71987,-15.967571700001292,-48.03096329999812,-15.96756211242586,-48.03101422268874,2025-05,2025,EeH1VdHJ2nBCs52JlK5KTw,225.27356299868165,© Google,OK,5_1,175530.90628765765,8232289.143973106,43900ceaca3accde48d2c9f107ec9e35e10a20a3,cardinal,4,3,270_deg_west,cardinal,270,0,90,640,640,2,batch_0002,512,datasets/df_2024_proportional/batch_0002/images/43900ceaca3accde48d2c9f107ec9e35e10a20a3.jpg,https://raw.githubusercontent.com/GUIA-DD/dataset-streetview/refs/heads/main/datasets/df_2024_proportional/batch_0002/images/43900ceaca3accde48d2c9f107ec9e35e10a20a3.jpg,True,downloaded,
83f98e136a66e3087274e782eac7456353b4f80a,db3a63ffac441457f6abdb28dd70f2e870032bd1,-15.877985518103348,-48.0758739256384,-15.87800297302756,-48.07589674997298,2025-06,2025,yukknhncImxJEDVOi7NahQ,208.0629846887913,© Google,OK,4_3,170572.97044908628,8242140.211254677,e7792c493cfe0d4731366280acac6a05622dd7c6,cardinal,4,0,0_deg_north,cardinal,0,0,90,640,640,2,batch_0002,513,datasets/df_2024_proportional/batch_0002/images/e7792c493cfe0d4731366280acac6a05622dd7c6.jpg,https://raw.githubusercontent.com/GUIA-DD/dataset-streetview/refs/heads/main/datasets/df_2024_proportional/batch_0002/images/e7792c493cfe0d4731366280acac6a05622dd7c6.jpg,True,downloaded,
83f98e136a66e3087274e782eac7456353b4f80a,db3a63ffac441457f6abdb28dd70f2e870032bd1,-15.877985518103348,-48.0758739256384,-15.87800297302756,-48.07589674997298,2025-06,2025,yukknhncImxJEDVOi7NahQ,208.0629846887913,© Google,OK,4_3,170572.97044908628,8242140.211254677,5bd076b3b96cc7aff7700b3e4961805a5c909ee9,cardinal,4,1,90_deg_east,cardinal,90,0,90,640,640,2,batch_0002,514,datasets/df_2024_proportional/batch_0002/images/5bd076b3b96cc7aff7700b3e4961805a5c909ee9.jpg,https://raw.githubusercontent.com/GUIA-DD/dataset-streetview/refs/heads/main/datasets/df_2024_proportional/batch_0002/images/5bd076b3b96cc7aff7700b3e4961805a5c909ee9.jpg,True,downloaded,
83f98e136a66e3087274e782eac7456353b4f80a,db3a63ffac441457f6abdb28dd70f2e870032bd1,-15.877985518103348,-48.0758739256384,-15.87800297302756,-48.07589674997298,2025-06,2025,yukknhncImxJEDVOi7NahQ,208.0629846887913,© Google,OK,4_3,170572.97044908628,8242140.211254677,02ee094d6af681c038cec15a04743f31467ebb31,cardinal,4,2,180_deg_south,cardinal,180,0,90,640,640,2,batch_0002,515,datasets/df_2024_proportional/batch_0002/images/02ee094d6af681c038cec15a04743f31467ebb31.jpg,https://raw.githubusercontent.com/GUIA-DD/dataset-streetview/refs/heads/main/datasets/df_2024_proportional/batch_0002/images/02ee094d6af681c038cec15a04743f31467ebb31.jpg,True,downloaded,
83f98e136a66e3087274e782eac7456353b4f80a,db3a63ffac441457f6abdb28dd70f2e870032bd1,-15.877985518103348,-48.0758739256384,-15.87800297302756,-48.07589674997298,2025-06,2025,yukknhncImxJEDVOi7NahQ,208.0629846887913,© Google,OK,4_3,170572.97044908628,8242140.211254677,1327f771a6708462c6994e7fa6324ed375e8d613,cardinal,4,3,270_deg_west,cardinal,270,0,90,640,640,2,batch_0002,516,datasets/df_2024_proportional/batch_0002/images/1327f771a6708462c6994e7fa6324ed375e8d613.jpg,https://raw.githubusercontent.com/GUIA-DD/dataset-streetview/refs/heads/main/datasets/df_2024_proportional/batch_0002/images/1327f771a6708462c6994e7fa6324ed375e8d613.jpg,True,downloaded,
85861a8de146e690926c223d211e50adc989cc7f,9dc11c3b806ac557483427007bf37baac1d04a0c,-15.809964549711585,-48.12067200325386,-15.80997531800097,-48.12069855082008,2025-06,2025,GWR0iYnGY14-jEB3fM_AdA,68.59612638628008,© Google,OK,3_5,165658.90914957828,8249602.660327264,51340d41d823186d0ad60794b331a112a095ecdb,cardinal,4,0,0_deg_north,cardinal,0,0,90,640,640,2,batch_0002,517,datasets/df_2024_proportional/batch_0002/images/51340d41d823186d0ad60794b331a112a095ecdb.jpg,https://raw.githubusercontent.com/GUIA-DD/dataset-streetview/refs/heads/main/datasets/df_2024_proportional/batch_0002/images/51340d41d823186d0ad60794b331a112a095ecdb.jpg,True,downloaded,
85861a8de146e690926c223d211e50adc989cc7f,9dc11c3b806ac557483427007bf37baac1d04a0c,-15.809964549711585,-48.12067200325386,-15.80997531800097,-48.12069855082008,2025-06,2025,GWR0iYnGY14-jEB3fM_AdA,68.59612638628008,© Google,OK,3_5,165658.90914957828,8249602.660327264,34d7706d57f12990a9666a4b348574c226050942,cardinal,4,1,90_deg_east,cardinal,90,0,90,640,640,2,batch_0002,518,datasets/df_2024_proportional/batch_0002/images/34d7706d57f12990a9666a4b348574c226050942.jpg,https://raw.githubusercontent.com/GUIA-DD/dataset-streetview/refs/heads/main/datasets/df_2024_proportional/batch_0002/images/34d7706d57f12990a9666a4b348574c226050942.jpg,True,downloaded,
85861a8de146e690926c223d211e50adc989cc7f,9dc11c3b806ac557483427007bf37baac1d04a0c,-15.809964549711585,-48.12067200325386,-15.80997531800097,-48.12069855082008,2025-06,2025,GWR0iYnGY14-jEB3fM_AdA,68.59612638628008,© Google,OK,3_5,165658.90914957828,8249602.660327264,2e053e54c9aeb7be38acc398a9fef88de0c4c065,cardinal,4,2,180_deg_south,cardinal,180,0,90,640,640,2,batch_0002,519,datasets/df_2024_proportional/batch_0002/images/2e053e54c9aeb7be38acc398a9fef88de0c4c065.jpg,https://raw.githubusercontent.com/GUIA-DD/dataset-streetview/refs/heads/main/datasets/df_2024_proportional/batch_0002/images/2e053e54c9aeb7be38acc398a9fef88de0c4c065.jpg,True,downloaded,
85861a8de146e690926c223d211e50adc989cc7f,9dc11c3b806ac557483427007bf37baac1d04a0c,-15.809964549711585,-48.12067200325386,-15.80997531800097,-48.12069855082008,2025-06,2025,GWR0iYnGY14-jEB3fM_AdA,68.59612638628008,© Google,OK,3_5,165658.90914957828,8249602.660327264,de4cb76670b0c9e1492f96a67f2da596e30c25ca,cardinal,4,3,270_deg_west,cardinal,270,0,90,640,640,2,batch_0002,520,datasets/df_2024_proportional/batch_0002/images/de4cb76670b0c9e1492f96a67f2da596e30c25ca.jpg,https://raw.githubusercontent.com/GUIA-DD/dataset-streetview/refs/heads/main/datasets/df_2024_proportional/batch_0002/images/de4cb76670b0c9e1492f96a67f2da596e30c25ca.jpg,True,downloaded,
85928f542eb3792dfa8161293d6d726fe91897fb,4d3e23a6665998fe6119c4e6838c34828db854d2,-15.837868527653034,-48.12148486307564,-15.83786416733984,-48.1214749687149,2026-01,2026,tJ7xP7y51igtcuHjKtMwUA,232.5428673663232,© Google,OK,3_4,165617.70487321142,8246510.903883544,955669b7e53aefd06df4b0e32db72125b31b0b79,cardinal,4,0,0_deg_north,cardinal,0,0,90,640,640,2,batch_0002,521,datasets/df_2024_proportional/batch_0002/images/955669b7e53aefd06df4b0e32db72125b31b0b79.jpg,https://raw.githubusercontent.com/GUIA-DD/dataset-streetview/refs/heads/main/datasets/df_2024_proportional/batch_0002/images/955669b7e53aefd06df4b0e32db72125b31b0b79.jpg,True,downloaded,
85928f542eb3792dfa8161293d6d726fe91897fb,4d3e23a6665998fe6119c4e6838c34828db854d2,-15.837868527653034,-48.12148486307564,-15.83786416733984,-48.1214749687149,2026-01,2026,tJ7xP7y51igtcuHjKtMwUA,232.5428673663232,© Google,OK,3_4,165617.70487321142,8246510.903883544,3558d1425c8318e76238f158bb9f60efddf8bc07,cardinal,4,1,90_deg_east,cardinal,90,0,90,640,640,2,batch_0002,522,datasets/df_2024_proportional/batch_0002/images/3558d1425c8318e76238f158bb9f60efddf8bc07.jpg,https://raw.githubusercontent.com/GUIA-DD/dataset-streetview/refs/heads/main/datasets/df_2024_proportional/batch_0002/images/3558d1425c8318e76238f158bb9f60efddf8bc07.jpg,True,downloaded,
85928f542eb3792dfa8161293d6d726fe91897fb,4d3e23a6665998fe6119c4e6838c34828db854d2,-15.837868527653034,-48.12148486307564,-15.83786416733984,-48.1214749687149,2026-01,2026,tJ7xP7y51igtcuHjKtMwUA,232.5428673663232,© Google,OK,3_4,165617.70487321142,8246510.903883544,9a77096395fa6f12753d28b2d885989816f8fe28,cardinal,4,2,180_deg_south,cardinal,180,0,90,640,640,2,batch_0002,523,datasets/df_2024_proportional/batch_0002/images/9a77096395fa6f12753d28b2d885989816f8fe28.jpg,https://raw.githubusercontent.com/GUIA-DD/dataset-streetview/refs/heads/main/datasets/df_2024_proportional/batch_0002/images/9a77096395fa6f12753d28b2d885989816f8fe28.jpg,True,downloaded,
85928f542eb3792dfa8161293d6d726fe91897fb,4d3e23a6665998fe6119c4e6838c34828db854d2,-15.837868527653034,-48.12148486307564,-15.83786416733984,-48.1214749687149,2026-01,2026,tJ7xP7y51igtcuHjKtMwUA,232.5428673663232,© Google,OK,3_4,165617.70487321142,8246510.903883544,e135814b3a545859778e6bca9544f8e4fe8b92d4,cardinal,4,3,270_deg_west,cardinal,270,0,90,640,640,2,batch_0002,524,datasets/df_2024_proportional/batch_0002/images/e135814b3a545859778e6bca9544f8e4fe8b92d4.jpg,https://raw.githubusercontent.com/GUIA-DD/dataset-streetview/refs/heads/main/datasets/df_2024_proportional/batch_0002/images/e135814b3a545859778e6bca9544f8e4fe8b92d4.jpg,True,downloaded,
85fd167f6a73763abe715f6911d103f3446575fb,98ecfaa31586085cc6cef9138876267c21e0100e,-15.81692001507135,-48.122149093174286,-15.816922872899,-48.12214722167005,2025-06,2025,Z_T4o0Uk-vKihQxZ7_UpbQ,339.1727985865002,© Google,OK,3_5,165511.9736367295,8248829.965472918,d5de9fc8a6b3a60b97d65dd4895fbd9d7768e33f,cardinal,4,0,0_deg_north,cardinal,0,0,90,640,640,2,batch_0002,525,datasets/df_2024_proportional/batch_0002/images/d5de9fc8a6b3a60b97d65dd4895fbd9d7768e33f.jpg,https://raw.githubusercontent.com/GUIA-DD/dataset-streetview/refs/heads/main/datasets/df_2024_proportional/batch_0002/images/d5de9fc8a6b3a60b97d65dd4895fbd9d7768e33f.jpg,True,downloaded,
85fd167f6a73763abe715f6911d103f3446575fb,98ecfaa31586085cc6cef9138876267c21e0100e,-15.81692001507135,-48.122149093174286,-15.816922872899,-48.12214722167005,2025-06,2025,Z_T4o0Uk-vKihQxZ7_UpbQ,339.1727985865002,© Google,OK,3_5,165511.9736367295,8248829.965472918,56912cc2ab184499fd04b16ae81bbc509fd3a956,cardinal,4,1,90_deg_east,cardinal,90,0,90,640,640,2,batch_0002,526,datasets/df_2024_proportional/batch_0002/images/56912cc2ab184499fd04b16ae81bbc509fd3a956.jpg,https://raw.githubusercontent.com/GUIA-DD/dataset-streetview/refs/heads/main/datasets/df_2024_proportional/batch_0002/images/56912cc2ab184499fd04b16ae81bbc509fd3a956.jpg,True,downloaded,
85fd167f6a73763abe715f6911d103f3446575fb,98ecfaa31586085cc6cef9138876267c21e0100e,-15.81692001507135,-48.122149093174286,-15.816922872899,-48.12214722167005,2025-06,2025,Z_T4o0Uk-vKihQxZ7_UpbQ,339.1727985865002,© Google,OK,3_5,165511.9736367295,8248829.965472918,701b8d02ad7da0fb40c6485a4bd56d2911a79764,cardinal,4,2,180_deg_south,cardinal,180,0,90,640,640,2,batch_0002,527,datasets/df_2024_proportional/batch_0002/images/701b8d02ad7da0fb40c6485a4bd56d2911a79764.jpg,https://raw.githubusercontent.com/GUIA-DD/dataset-streetview/refs/heads/main/datasets/df_2024_proportional/batch_0002/images/701b8d02ad7da0fb40c6485a4bd56d2911a79764.jpg,True,downloaded,
85fd167f6a73763abe715f6911d103f3446575fb,98ecfaa31586085cc6cef9138876267c21e0100e,-15.81692001507135,-48.122149093174286,-15.816922872899,-48.12214722167005,2025-06,2025,Z_T4o0Uk-vKihQxZ7_UpbQ,339.1727985865002,© Google,OK,3_5,165511.9736367295,8248829.965472918,83ca9bad863cb032f86a716d257271b7950e00e5,cardinal,4,3,270_deg_west,cardinal,270,0,90,640,640,2,batch_0002,528,datasets/df_2024_proportional/batch_0002/images/83ca9bad863cb032f86a716d257271b7950e00e5.jpg,https://raw.githubusercontent.com/GUIA-DD/dataset-streetview/refs/heads/main/datasets/df_2024_proportional/batch_0002/images/83ca9bad863cb032f86a716d257271b7950e00e5.jpg,True,downloaded,
864f926b7d2b60f8d5a79b39bbe73a4607969137,b1e9e2e4579ca94ed2e7f93206941d04312a6355,-15.891640789058563,-48.13508297860735,-15.89165115331752,-48.13509864357963,2025-06,2025,VJR137_SFIkK-TCWdWnktQ,72.46711898038046,© Google,OK,3_3,164248.96610698925,8240533.612857249,faa3d6240148ccca47bc9c9631328d9e69652463,cardinal,4,0,0_deg_north,cardinal,0,0,90,640,640,2,batch_0002,529,datasets/df_2024_proportional/batch_0002/images/faa3d6240148ccca47bc9c9631328d9e69652463.jpg,https://raw.githubusercontent.com/GUIA-DD/dataset-streetview/refs/heads/main/datasets/df_2024_proportional/batch_0002/images/faa3d6240148ccca47bc9c9631328d9e69652463.jpg,True,downloaded,
864f926b7d2b60f8d5a79b39bbe73a4607969137,b1e9e2e4579ca94ed2e7f93206941d04312a6355,-15.891640789058563,-48.13508297860735,-15.89165115331752,-48.13509864357963,2025-06,2025,VJR137_SFIkK-TCWdWnktQ,72.46711898038046,© Google,OK,3_3,164248.96610698925,8240533.612857249,24ab2afe93b66d5b766980e705f0518091d751c9,cardinal,4,1,90_deg_east,cardinal,90,0,90,640,640,2,batch_0002,530,datasets/df_2024_proportional/batch_0002/images/24ab2afe93b66d5b766980e705f0518091d751c9.jpg,https://raw.githubusercontent.com/GUIA-DD/dataset-streetview/refs/heads/main/datasets/df_2024_proportional/batch_0002/images/24ab2afe93b66d5b766980e705f0518091d751c9.jpg,True,downloaded,
864f926b7d2b60f8d5a79b39bbe73a4607969137,b1e9e2e4579ca94ed2e7f93206941d04312a6355,-15.891640789058563,-48.13508297860735,-15.89165115331752,-48.13509864357963,2025-06,2025,VJR137_SFIkK-TCWdWnktQ,72.46711898038046,© Google,OK,3_3,164248.96610698925,8240533.612857249,b4903ad2a60a00a472c1d3113a57e2528f4fcc9e,cardinal,4,2,180_deg_south,cardinal,180,0,90,640,640,2,batch_0002,531,datasets/df_2024_proportional/batch_0002/images/b4903ad2a60a00a472c1d3113a57e2528f4fcc9e.jpg,https://raw.githubusercontent.com/GUIA-DD/dataset-streetview/refs/heads/main/datasets/df_2024_proportional/batch_0002/images/b4903ad2a60a00a472c1d3113a57e2528f4fcc9e.jpg,True,downloaded,
864f926b7d2b60f8d5a79b39bbe73a4607969137,b1e9e2e4579ca94ed2e7f93206941d04312a6355,-15.891640789058563,-48.13508297860735,-15.89165115331752,-48.13509864357963,2025-06,2025,VJR137_SFIkK-TCWdWnktQ,72.46711898038046,© Google,OK,3_3,164248.96610698925,8240533.612857249,a9890f57f03d8451b3fc48345812e55e3a55c227,cardinal,4,3,270_deg_west,cardinal,270,0,90,640,640,2,batch_0002,532,datasets/df_2024_proportional/batch_0002/images/a9890f57f03d8451b3fc48345812e55e3a55c227.jpg,https://raw.githubusercontent.com/GUIA-DD/dataset-streetview/refs/heads/main/datasets/df_2024_proportional/batch_0002/images/a9890f57f03d8451b3fc48345812e55e3a55c227.jpg,True,downloaded,
8763e6fd0964b19ded679e07bbfcc2c029c1345e,702853372fbcda30adb06a5fb8a4efa3e4b38342,-15.926604000081618,-48.1015338498478,-15.92659267049973,-48.10153801909829,2024-06,2024,lPwdRqAHihSaZwP1V5lAxg,36.8928817559594,© Google,OK,3_2,167902.43901128275,8236715.001000343,8f7176eaffab4596ac24829e13a7e614dc844859,cardinal,4,0,0_deg_north,cardinal,0,0,90,640,640,2,batch_0002,533,datasets/df_2024_proportional/batch_0002/images/8f7176eaffab4596ac24829e13a7e614dc844859.jpg,https://raw.githubusercontent.com/GUIA-DD/dataset-streetview/refs/heads/main/datasets/df_2024_proportional/batch_0002/images/8f7176eaffab4596ac24829e13a7e614dc844859.jpg,True,downloaded,
8763e6fd0964b19ded679e07bbfcc2c029c1345e,702853372fbcda30adb06a5fb8a4efa3e4b38342,-15.926604000081618,-48.1015338498478,-15.92659267049973,-48.10153801909829,2024-06,2024,lPwdRqAHihSaZwP1V5lAxg,36.8928817559594,© Google,OK,3_2,167902.43901128275,8236715.001000343,4572b767d3f8aad7a34f5a7eedde0db7697cdbe7,cardinal,4,1,90_deg_east,cardinal,90,0,90,640,640,2,batch_0002,534,datasets/df_2024_proportional/batch_0002/images/4572b767d3f8aad7a34f5a7eedde0db7697cdbe7.jpg,https://raw.githubusercontent.com/GUIA-DD/dataset-streetview/refs/heads/main/datasets/df_2024_proportional/batch_0002/images/4572b767d3f8aad7a34f5a7eedde0db7697cdbe7.jpg,True,downloaded,
8763e6fd0964b19ded679e07bbfcc2c029c1345e,702853372fbcda30adb06a5fb8a4efa3e4b38342,-15.926604000081618,-48.1015338498478,-15.92659267049973,-48.10153801909829,2024-06,2024,lPwdRqAHihSaZwP1V5lAxg,36.8928817559594,© Google,OK,3_2,167902.43901128275,8236715.001000343,fb2ff6e083baa5b1489a1919635a766b6460f8b0,cardinal,4,2,180_deg_south,cardinal,180,0,90,640,640,2,batch_0002,535,datasets/df_2024_proportional/batch_0002/images/fb2ff6e083baa5b1489a1919635a766b6460f8b0.jpg,https://raw.githubusercontent.com/GUIA-DD/dataset-streetview/refs/heads/main/datasets/df_2024_proportional/batch_0002/images/fb2ff6e083baa5b1489a1919635a766b6460f8b0.jpg,True,downloaded,
8763e6fd0964b19ded679e07bbfcc2c029c1345e,702853372fbcda30adb06a5fb8a4efa3e4b38342,-15.926604000081618,-48.1015338498478,-15.92659267049973,-48.10153801909829,2024-06,2024,lPwdRqAHihSaZwP1V5lAxg,36.8928817559594,© Google,OK,3_2,167902.43901128275,8236715.001000343,b608b8fc9ab15656a70859d46e23530a6440999c,cardinal,4,3,270_deg_west,cardinal,270,0,90,640,640,2,batch_0002,536,datasets/df_2024_proportional/batch_0002/images/b608b8fc9ab15656a70859d46e23530a6440999c.jpg,https://raw.githubusercontent.com/GUIA-DD/dataset-streetview/refs/heads/main/datasets/df_2024_proportional/batch_0002/images/b608b8fc9ab15656a70859d46e23530a6440999c.jpg,True,downloaded,
88d100869b650ee6769412064c528bd9e4d70bcd,0150204b732047e40e302c163dc343b44258aeed,-15.85952145000418,-48.11497099999569,-15.85956566734136,-48.11499387292942,2024-07,2024,tbSHccQKcSGxriv05it9sw,55.03445126842018,© Google,OK,3_4,166351.71999307128,8244123.160485878,82029997c318a90e9c4ed1af69949e0afd1500d3,cardinal,4,0,0_deg_north,cardinal,0,0,90,640,640,2,batch_0002,537,datasets/df_2024_proportional/batch_0002/images/82029997c318a90e9c4ed1af69949e0afd1500d3.jpg,https://raw.githubusercontent.com/GUIA-DD/dataset-streetview/refs/heads/main/datasets/df_2024_proportional/batch_0002/images/82029997c318a90e9c4ed1af69949e0afd1500d3.jpg,True,downloaded,
88d100869b650ee6769412064c528bd9e4d70bcd,0150204b732047e40e302c163dc343b44258aeed,-15.85952145000418,-48.11497099999569,-15.85956566734136,-48.11499387292942,2024-07,2024,tbSHccQKcSGxriv05it9sw,55.03445126842018,© Google,OK,3_4,166351.71999307128,8244123.160485878,5bd6b481ea1d68f4b78bc378ffa745a6394c23df,cardinal,4,1,90_deg_east,cardinal,90,0,90,640,640,2,batch_0002,538,datasets/df_2024_proportional/batch_0002/images/5bd6b481ea1d68f4b78bc378ffa745a6394c23df.jpg,https://raw.githubusercontent.com/GUIA-DD/dataset-streetview/refs/heads/main/datasets/df_2024_proportional/batch_0002/images/5bd6b481ea1d68f4b78bc378ffa745a6394c23df.jpg,True,downloaded,
88d100869b650ee6769412064c528bd9e4d70bcd,0150204b732047e40e302c163dc343b44258aeed,-15.85952145000418,-48.11497099999569,-15.85956566734136,-48.11499387292942,2024-07,2024,tbSHccQKcSGxriv05it9sw,55.03445126842018,© Google,OK,3_4,166351.71999307128,8244123.160485878,d2b90be6f59acb2a2c5b68ca418b0a37e2a1ade5,cardinal,4,2,180_deg_south,cardinal,180,0,90,640,640,2,batch_0002,539,datasets/df_2024_proportional/batch_0002/images/d2b90be6f59acb2a2c5b68ca418b0a37e2a1ade5.jpg,https://raw.githubusercontent.com/GUIA-DD/dataset-streetview/refs/heads/main/datasets/df_2024_proportional/batch_0002/images/d2b90be6f59acb2a2c5b68ca418b0a37e2a1ade5.jpg,True,downloaded,
88d100869b650ee6769412064c528bd9e4d70bcd,0150204b732047e40e302c163dc343b44258aeed,-15.85952145000418,-48.11497099999569,-15.85956566734136,-48.11499387292942,2024-07,2024,tbSHccQKcSGxriv05it9sw,55.03445126842018,© Google,OK,3_4,166351.71999307128,8244123.160485878,b1b0539d05cc697b4372eb9f81d0b808d0a07973,cardinal,4,3,270_deg_west,cardinal,270,0,90,640,640,2,batch_0002,540,datasets/df_2024_proportional/batch_0002/images/b1b0539d05cc697b4372eb9f81d0b808d0a07973.jpg,https://raw.githubusercontent.com/GUIA-DD/dataset-streetview/refs/heads/main/datasets/df_2024_proportional/batch_0002/images/b1b0539d05cc697b4372eb9f81d0b808d0a07973.jpg,True,downloaded,
896604062f0a1f3e6e5f50fde31d24a59e062dbc,8b1c2faf5e14c3e962066a00e5bbe4c3e455157a,-15.889408450004943,-48.14549305006834,-15.8893775821765,-48.1454895737577,2025-05,2025,6U6XpuzW0gH-qcut5hsTdA,334.22874056281904,© Google,OK,2_3,163129.42392151852,8240764.095153763,ef44338c95164fb58a75905ec890224bbc4cee78,cardinal,4,0,0_deg_north,cardinal,0,0,90,640,640,2,batch_0002,541,datasets/df_2024_proportional/batch_0002/images/ef44338c95164fb58a75905ec890224bbc4cee78.jpg,https://raw.githubusercontent.com/GUIA-DD/dataset-streetview/refs/heads/main/datasets/df_2024_proportional/batch_0002/images/ef44338c95164fb58a75905ec890224bbc4cee78.jpg,True,downloaded,
896604062f0a1f3e6e5f50fde31d24a59e062dbc,8b1c2faf5e14c3e962066a00e5bbe4c3e455157a,-15.889408450004943,-48.14549305006834,-15.8893775821765,-48.1454895737577,2025-05,2025,6U6XpuzW0gH-qcut5hsTdA,334.22874056281904,© Google,OK,2_3,163129.42392151852,8240764.095153763,192cc7dccd2c4c06d77d7c4437740304782ddefd,cardinal,4,1,90_deg_east,cardinal,90,0,90,640,640,2,batch_0002,542,datasets/df_2024_proportional/batch_0002/images/192cc7dccd2c4c06d77d7c4437740304782ddefd.jpg,https://raw.githubusercontent.com/GUIA-DD/dataset-streetview/refs/heads/main/datasets/df_2024_proportional/batch_0002/images/192cc7dccd2c4c06d77d7c4437740304782ddefd.jpg,True,downloaded,
896604062f0a1f3e6e5f50fde31d24a59e062dbc,8b1c2faf5e14c3e962066a00e5bbe4c3e455157a,-15.889408450004943,-48.14549305006834,-15.8893775821765,-48.1454895737577,2025-05,2025,6U6XpuzW0gH-qcut5hsTdA,334.22874056281904,© Google,OK,2_3,163129.42392151852,8240764.095153763,a8fef86b0495f2d42dd71c80c807b8ddfab25e92,cardinal,4,2,180_deg_south,cardinal,180,0,90,640,640,2,batch_0002,543,datasets/df_2024_proportional/batch_0002/images/a8fef86b0495f2d42dd71c80c807b8ddfab25e92.jpg,https://raw.githubusercontent.com/GUIA-DD/dataset-streetview/refs/heads/main/datasets/df_2024_proportional/batch_0002/images/a8fef86b0495f2d42dd71c80c807b8ddfab25e92.jpg,True,downloaded,
896604062f0a1f3e6e5f50fde31d24a59e062dbc,8b1c2faf5e14c3e962066a00e5bbe4c3e455157a,-15.889408450004943,-48.14549305006834,-15.8893775821765,-48.1454895737577,2025-05,2025,6U6XpuzW0gH-qcut5hsTdA,334.22874056281904,© Google,OK,2_3,163129.42392151852,8240764.095153763,977cf6080e512063204246fc564004d929d55bf9,cardinal,4,3,270_deg_west,cardinal,270,0,90,640,640,2,batch_0002,544,datasets/df_2024_proportional/batch_0002/images/977cf6080e512063204246fc564004d929d55bf9.jpg,https://raw.githubusercontent.com/GUIA-DD/dataset-streetview/refs/heads/main/datasets/df_2024_proportional/batch_0002/images/977cf6080e512063204246fc564004d929d55bf9.jpg,True,downloaded,
8a3d898f5f5a4325a10ec850556b9f570fb9f1f4,66cc784b8a605b17b78d074ca55eafbef6378ac7,-15.871849600144124,-47.96507575042524,-15.87183435235735,-47.96510643035304,2024-06,2024,XyIjEnrYL6N_e04pYy3sog,313.0218688640701,© Google,OK,6_4,182439.10457146552,8242991.147642398,901ee5f1c752eca2eeca586f3b9b5241f3809dfa,cardinal,4,0,0_deg_north,cardinal,0,0,90,640,640,2,batch_0002,545,datasets/df_2024_proportional/batch_0002/images/901ee5f1c752eca2eeca586f3b9b5241f3809dfa.jpg,https://raw.githubusercontent.com/GUIA-DD/dataset-streetview/refs/heads/main/datasets/df_2024_proportional/batch_0002/images/901ee5f1c752eca2eeca586f3b9b5241f3809dfa.jpg,True,downloaded,
8a3d898f5f5a4325a10ec850556b9f570fb9f1f4,66cc784b8a605b17b78d074ca55eafbef6378ac7,-15.871849600144124,-47.96507575042524,-15.87183435235735,-47.96510643035304,2024-06,2024,XyIjEnrYL6N_e04pYy3sog,313.0218688640701,© Google,OK,6_4,182439.10457146552,8242991.147642398,929ecd5261b861b135f1f97eed48a11676930552,cardinal,4,1,90_deg_east,cardinal,90,0,90,640,640,2,batch_0002,546,datasets/df_2024_proportional/batch_0002/images/929ecd5261b861b135f1f97eed48a11676930552.jpg,https://raw.githubusercontent.com/GUIA-DD/dataset-streetview/refs/heads/main/datasets/df_2024_proportional/batch_0002/images/929ecd5261b861b135f1f97eed48a11676930552.jpg,True,downloaded,
8a3d898f5f5a4325a10ec850556b9f570fb9f1f4,66cc784b8a605b17b78d074ca55eafbef6378ac7,-15.871849600144124,-47.96507575042524,-15.87183435235735,-47.96510643035304,2024-06,2024,XyIjEnrYL6N_e04pYy3sog,313.0218688640701,© Google,OK,6_4,182439.10457146552,8242991.147642398,2e489324a2c2c7de5b95950ff2748e73114012f5,cardinal,4,2,180_deg_south,cardinal,180,0,90,640,640,2,batch_0002,547,datasets/df_2024_proportional/batch_0002/images/2e489324a2c2c7de5b95950ff2748e73114012f5.jpg,https://raw.githubusercontent.com/GUIA-DD/dataset-streetview/refs/heads/main/datasets/df_2024_proportional/batch_0002/images/2e489324a2c2c7de5b95950ff2748e73114012f5.jpg,True,downloaded,
8a3d898f5f5a4325a10ec850556b9f570fb9f1f4,66cc784b8a605b17b78d074ca55eafbef6378ac7,-15.871849600144124,-47.96507575042524,-15.87183435235735,-47.96510643035304,2024-06,2024,XyIjEnrYL6N_e04pYy3sog,313.0218688640701,© Google,OK,6_4,182439.10457146552,8242991.147642398,b2aba74a91e74848532bc674fdfdf84e1a098ad8,cardinal,4,3,270_deg_west,cardinal,270,0,90,640,640,2,batch_0002,548,datasets/df_2024_proportional/batch_0002/images/b2aba74a91e74848532bc674fdfdf84e1a098ad8.jpg,https://raw.githubusercontent.com/GUIA-DD/dataset-streetview/refs/heads/main/datasets/df_2024_proportional/batch_0002/images/b2aba74a91e74848532bc674fdfdf84e1a098ad8.jpg,True,downloaded,
8b643896f04334f96b4e73883b7db618d2877857,bfac939c84a25250d7b1202aa79d556f9bedaa5c,-15.831993786251081,-47.89560776020721,-15.83198532448465,-47.89561099469119,2026-02,2026,AM-ibqhuZoYhqNNxS0yarg,224.8337963191361,© Google,OK,8_4,189823.67003387204,8247508.776219047,77850e97ffaf8faecddff805c394176efc57d8f3,cardinal,4,0,0_deg_north,cardinal,0,0,90,640,640,2,batch_0002,549,datasets/df_2024_proportional/batch_0002/images/77850e97ffaf8faecddff805c394176efc57d8f3.jpg,https://raw.githubusercontent.com/GUIA-DD/dataset-streetview/refs/heads/main/datasets/df_2024_proportional/batch_0002/images/77850e97ffaf8faecddff805c394176efc57d8f3.jpg,True,downloaded,
8b643896f04334f96b4e73883b7db618d2877857,bfac939c84a25250d7b1202aa79d556f9bedaa5c,-15.831993786251081,-47.89560776020721,-15.83198532448465,-47.89561099469119,2026-02,2026,AM-ibqhuZoYhqNNxS0yarg,224.8337963191361,© Google,OK,8_4,189823.67003387204,8247508.776219047,97972edbcf9151b46fd12a845d7805c5f206c565,cardinal,4,1,90_deg_east,cardinal,90,0,90,640,640,2,batch_0002,550,datasets/df_2024_proportional/batch_0002/images/97972edbcf9151b46fd12a845d7805c5f206c565.jpg,https://raw.githubusercontent.com/GUIA-DD/dataset-streetview/refs/heads/main/datasets/df_2024_proportional/batch_0002/images/97972edbcf9151b46fd12a845d7805c5f206c565.jpg,True,downloaded,
8b643896f04334f96b4e73883b7db618d2877857,bfac939c84a25250d7b1202aa79d556f9bedaa5c,-15.831993786251081,-47.89560776020721,-15.83198532448465,-47.89561099469119,2026-02,2026,AM-ibqhuZoYhqNNxS0yarg,224.8337963191361,© Google,OK,8_4,189823.67003387204,8247508.776219047,169a1521ca353ab0c060e5550306529d8ba4131d,cardinal,4,2,180_deg_south,cardinal,180,0,90,640,640,2,batch_0002,551,datasets/df_2024_proportional/batch_0002/images/169a1521ca353ab0c060e5550306529d8ba4131d.jpg,https://raw.githubusercontent.com/GUIA-DD/dataset-streetview/refs/heads/main/datasets/df_2024_proportional/batch_0002/images/169a1521ca353ab0c060e5550306529d8ba4131d.jpg,True,downloaded,
8b643896f04334f96b4e73883b7db618d2877857,bfac939c84a25250d7b1202aa79d556f9bedaa5c,-15.831993786251081,-47.89560776020721,-15.83198532448465,-47.89561099469119,2026-02,2026,AM-ibqhuZoYhqNNxS0yarg,224.8337963191361,© Google,OK,8_4,189823.67003387204,8247508.776219047,7e1545850e69514d7561bdc4c474b71eac87be6d,cardinal,4,3,270_deg_west,cardinal,270,0,90,640,640,2,batch_0002,552,datasets/df_2024_proportional/batch_0002/images/7e1545850e69514d7561bdc4c474b71eac87be6d.jpg,https://raw.githubusercontent.com/GUIA-DD/dataset-streetview/refs/heads/main/datasets/df_2024_proportional/batch_0002/images/7e1545850e69514d7561bdc4c474b71eac87be6d.jpg,True,downloaded,
8d572ae003842486854d106635829838a3cd8f69,be860cbd5fc8a6ae78192c8459607a51763ea78a,-15.931608000000635,-47.95297210000652,-15.9316220900554,-47.95297866649486,2024-12,2024,cm1srqZzNf9yBobk1_qjCg,333.1672572006171,© Google,OK,6_2,183829.92811768438,8236391.888875982,9a1846dadf8d2dcffa73f2d68f49ee229b2c89cd,cardinal,4,0,0_deg_north,cardinal,0,0,90,640,640,2,batch_0002,553,datasets/df_2024_proportional/batch_0002/images/9a1846dadf8d2dcffa73f2d68f49ee229b2c89cd.jpg,https://raw.githubusercontent.com/GUIA-DD/dataset-streetview/refs/heads/main/datasets/df_2024_proportional/batch_0002/images/9a1846dadf8d2dcffa73f2d68f49ee229b2c89cd.jpg,True,downloaded,
8d572ae003842486854d106635829838a3cd8f69,be860cbd5fc8a6ae78192c8459607a51763ea78a,-15.931608000000635,-47.95297210000652,-15.9316220900554,-47.95297866649486,2024-12,2024,cm1srqZzNf9yBobk1_qjCg,333.1672572006171,© Google,OK,6_2,183829.92811768438,8236391.888875982,3124112138037e9ac35b9b5db245406134b63c06,cardinal,4,1,90_deg_east,cardinal,90,0,90,640,640,2,batch_0002,554,datasets/df_2024_proportional/batch_0002/images/3124112138037e9ac35b9b5db245406134b63c06.jpg,https://raw.githubusercontent.com/GUIA-DD/dataset-streetview/refs/heads/main/datasets/df_2024_proportional/batch_0002/images/3124112138037e9ac35b9b5db245406134b63c06.jpg,True,downloaded,
8d572ae003842486854d106635829838a3cd8f69,be860cbd5fc8a6ae78192c8459607a51763ea78a,-15.931608000000635,-47.95297210000652,-15.9316220900554,-47.95297866649486,2024-12,2024,cm1srqZzNf9yBobk1_qjCg,333.1672572006171,© Google,OK,6_2,183829.92811768438,8236391.888875982,af86b26861d8e15508d2c55b49a35d0217152446,cardinal,4,2,180_deg_south,cardinal,180,0,90,640,640,2,batch_0002,555,datasets/df_2024_proportional/batch_0002/images/af86b26861d8e15508d2c55b49a35d0217152446.jpg,https://raw.githubusercontent.com/GUIA-DD/dataset-streetview/refs/heads/main/datasets/df_2024_proportional/batch_0002/images/af86b26861d8e15508d2c55b49a35d0217152446.jpg,True,downloaded,
8d572ae003842486854d106635829838a3cd8f69,be860cbd5fc8a6ae78192c8459607a51763ea78a,-15.931608000000635,-47.95297210000652,-15.9316220900554,-47.95297866649486,2024-12,2024,cm1srqZzNf9yBobk1_qjCg,333.1672572006171,© Google,OK,6_2,183829.92811768438,8236391.888875982,b2970926a7c754d237e63c60922b6cc1ea493f8e,cardinal,4,3,270_deg_west,cardinal,270,0,90,640,640,2,batch_0002,556,datasets/df_2024_proportional/batch_0002/images/b2970926a7c754d237e63c60922b6cc1ea493f8e.jpg,https://raw.githubusercontent.com/GUIA-DD/dataset-streetview/refs/heads/main/datasets/df_2024_proportional/batch_0002/images/b2970926a7c754d237e63c60922b6cc1ea493f8e.jpg,True,downloaded,
8f60e8c9c3cdc122c136f8b3ef3649c5184d0864,892edc9de203990d51568517fbfcbbddab591b1a,-15.99739735014308,-48.054932900262315,-15.99737290528738,-48.05495454362632,2025-05,2025,D5PDeeqWRsLSStLpJRazkA,301.62991842817837,© Google,OK,4_1,173011.39468407823,8228948.438023134,217f554c0d0189cdf1fc39540afd4745e08b9927,cardinal,4,0,0_deg_north,cardinal,0,0,90,640,640,2,batch_0002,557,datasets/df_2024_proportional/batch_0002/images/217f554c0d0189cdf1fc39540afd4745e08b9927.jpg,https://raw.githubusercontent.com/GUIA-DD/dataset-streetview/refs/heads/main/datasets/df_2024_proportional/batch_0002/images/217f554c0d0189cdf1fc39540afd4745e08b9927.jpg,True,downloaded,
8f60e8c9c3cdc122c136f8b3ef3649c5184d0864,892edc9de203990d51568517fbfcbbddab591b1a,-15.99739735014308,-48.054932900262315,-15.99737290528738,-48.05495454362632,2025-05,2025,D5PDeeqWRsLSStLpJRazkA,301.62991842817837,© Google,OK,4_1,173011.39468407823,8228948.438023134,3b6457bf450fcc314141227e3b50bc371f507d77,cardinal,4,1,90_deg_east,cardinal,90,0,90,640,640,2,batch_0002,558,datasets/df_2024_proportional/batch_0002/images/3b6457bf450fcc314141227e3b50bc371f507d77.jpg,https://raw.githubusercontent.com/GUIA-DD/dataset-streetview/refs/heads/main/datasets/df_2024_proportional/batch_0002/images/3b6457bf450fcc314141227e3b50bc371f507d77.jpg,True,downloaded,
8f60e8c9c3cdc122c136f8b3ef3649c5184d0864,892edc9de203990d51568517fbfcbbddab591b1a,-15.99739735014308,-48.054932900262315,-15.99737290528738,-48.05495454362632,2025-05,2025,D5PDeeqWRsLSStLpJRazkA,301.62991842817837,© Google,OK,4_1,173011.39468407823,8228948.438023134,867c07ce5d5110c7b8d24b60f97d3f338f1c955d,cardinal,4,2,180_deg_south,cardinal,180,0,90,640,640,2,batch_0002,559,datasets/df_2024_proportional/batch_0002/images/867c07ce5d5110c7b8d24b60f97d3f338f1c955d.jpg,https://raw.githubusercontent.com/GUIA-DD/dataset-streetview/refs/heads/main/datasets/df_2024_proportional/batch_0002/images/867c07ce5d5110c7b8d24b60f97d3f338f1c955d.jpg,True,downloaded,
8f60e8c9c3cdc122c136f8b3ef3649c5184d0864,892edc9de203990d51568517fbfcbbddab591b1a,-15.99739735014308,-48.054932900262315,-15.99737290528738,-48.05495454362632,2025-05,2025,D5PDeeqWRsLSStLpJRazkA,301.62991842817837,© Google,OK,4_1,173011.39468407823,8228948.438023134,e5dd20e5f23494a8a1c311cd56b720b25bb1af01,cardinal,4,3,270_deg_west,cardinal,270,0,90,640,640,2,batch_0002,560,datasets/df_2024_proportional/batch_0002/images/e5dd20e5f23494a8a1c311cd56b720b25bb1af01.jpg,https://raw.githubusercontent.com/GUIA-DD/dataset-streetview/refs/heads/main/datasets/df_2024_proportional/batch_0002/images/e5dd20e5f23494a8a1c311cd56b720b25bb1af01.jpg,True,downloaded,
8ff2f98f76dd7d8c03f73146d42030d6e74fa98a,381893bb4345a9caf61f1084aa7b5b30889d72d6,-15.906790400040283,-47.77098710008427,-15.90676809072129,-47.77103047726391,2025-01,2025,uvf6b278o-Rba-7VJ7wY0Q,125.69739418308687,© Google,OK,10_3,203291.71869329512,8239407.368864682,2b1e8f5561334141eed9c0923d66a971aa25fd8c,cardinal,4,0,0_deg_north,cardinal,0,0,90,640,640,2,batch_0002,561,datasets/df_2024_proportional/batch_0002/images/2b1e8f5561334141eed9c0923d66a971aa25fd8c.jpg,https://raw.githubusercontent.com/GUIA-DD/dataset-streetview/refs/heads/main/datasets/df_2024_proportional/batch_0002/images/2b1e8f5561334141eed9c0923d66a971aa25fd8c.jpg,True,downloaded,
8ff2f98f76dd7d8c03f73146d42030d6e74fa98a,381893bb4345a9caf61f1084aa7b5b30889d72d6,-15.906790400040283,-47.77098710008427,-15.90676809072129,-47.77103047726391,2025-01,2025,uvf6b278o-Rba-7VJ7wY0Q,125.69739418308687,© Google,OK,10_3,203291.71869329512,8239407.368864682,df3e01d924452bde8b99a2a2092093ad3c9b4bc2,cardinal,4,1,90_deg_east,cardinal,90,0,90,640,640,2,batch_0002,562,datasets/df_2024_proportional/batch_0002/images/df3e01d924452bde8b99a2a2092093ad3c9b4bc2.jpg,https://raw.githubusercontent.com/GUIA-DD/dataset-streetview/refs/heads/main/datasets/df_2024_proportional/batch_0002/images/df3e01d924452bde8b99a2a2092093ad3c9b4bc2.jpg,True,downloaded,
8ff2f98f76dd7d8c03f73146d42030d6e74fa98a,381893bb4345a9caf61f1084aa7b5b30889d72d6,-15.906790400040283,-47.77098710008427,-15.90676809072129,-47.77103047726391,2025-01,2025,uvf6b278o-Rba-7VJ7wY0Q,125.69739418308687,© Google,OK,10_3,203291.71869329512,8239407.368864682,11544318fa2e77ea896a6a702a0bf053f463f7fe,cardinal,4,2,180_deg_south,cardinal,180,0,90,640,640,2,batch_0002,563,datasets/df_2024_proportional/batch_0002/images/11544318fa2e77ea896a6a702a0bf053f463f7fe.jpg,https://raw.githubusercontent.com/GUIA-DD/dataset-streetview/refs/heads/main/datasets/df_2024_proportional/batch_0002/images/11544318fa2e77ea896a6a702a0bf053f463f7fe.jpg,True,downloaded,
8ff2f98f76dd7d8c03f73146d42030d6e74fa98a,381893bb4345a9caf61f1084aa7b5b30889d72d6,-15.906790400040283,-47.77098710008427,-15.90676809072129,-47.77103047726391,2025-01,2025,uvf6b278o-Rba-7VJ7wY0Q,125.69739418308687,© Google,OK,10_3,203291.71869329512,8239407.368864682,a562648e23187b59c0ca4662a9967d897ca2b6dd,cardinal,4,3,270_deg_west,cardinal,270,0,90,640,640,2,batch_0002,564,datasets/df_2024_proportional/batch_0002/images/a562648e23187b59c0ca4662a9967d897ca2b6dd.jpg,https://raw.githubusercontent.com/GUIA-DD/dataset-streetview/refs/heads/main/datasets/df_2024_proportional/batch_0002/images/a562648e23187b59c0ca4662a9967d897ca2b6dd.jpg,True,downloaded,
91b9145365ebe114596519f7d2536ace8fed5863,f8b834f9007691f1dd419152f18eb79aa0ae3ef9,-15.856639200066608,-47.90922765016282,-15.85665452920012,-47.9092301277057,2024-12,2024,5wFOTIscI37OJtSMbmIpEg,128.90468443270518,© Google,OK,7_4,188401.5071776462,8244759.469069638,78f5aa77c1631e76addb4fcdb2ba293720a6bac3,cardinal,4,0,0_deg_north,cardinal,0,0,90,640,640,2,batch_0002,565,datasets/df_2024_proportional/batch_0002/images/78f5aa77c1631e76addb4fcdb2ba293720a6bac3.jpg,https://raw.githubusercontent.com/GUIA-DD/dataset-streetview/refs/heads/main/datasets/df_2024_proportional/batch_0002/images/78f5aa77c1631e76addb4fcdb2ba293720a6bac3.jpg,True,downloaded,
91b9145365ebe114596519f7d2536ace8fed5863,f8b834f9007691f1dd419152f18eb79aa0ae3ef9,-15.856639200066608,-47.90922765016282,-15.85665452920012,-47.9092301277057,2024-12,2024,5wFOTIscI37OJtSMbmIpEg,128.90468443270518,© Google,OK,7_4,188401.5071776462,8244759.469069638,3758fbd18d609df03fb9cc4b8baf81a7aeafb9ef,cardinal,4,1,90_deg_east,cardinal,90,0,90,640,640,2,batch_0002,566,datasets/df_2024_proportional/batch_0002/images/3758fbd18d609df03fb9cc4b8baf81a7aeafb9ef.jpg,https://raw.githubusercontent.com/GUIA-DD/dataset-streetview/refs/heads/main/datasets/df_2024_proportional/batch_0002/images/3758fbd18d609df03fb9cc4b8baf81a7aeafb9ef.jpg,True,downloaded,
91b9145365ebe114596519f7d2536ace8fed5863,f8b834f9007691f1dd419152f18eb79aa0ae3ef9,-15.856639200066608,-47.90922765016282,-15.85665452920012,-47.9092301277057,2024-12,2024,5wFOTIscI37OJtSMbmIpEg,128.90468443270518,© Google,OK,7_4,188401.5071776462,8244759.469069638,905ca583d46623c70e5fd82815e2951dac4d9cc0,cardinal,4,2,180_deg_south,cardinal,180,0,90,640,640,2,batch_0002,567,datasets/df_2024_proportional/batch_0002/images/905ca583d46623c70e5fd82815e2951dac4d9cc0.jpg,https://raw.githubusercontent.com/GUIA-DD/dataset-streetview/refs/heads/main/datasets/df_2024_proportional/batch_0002/images/905ca583d46623c70e5fd82815e2951dac4d9cc0.jpg,True,downloaded,
91b9145365ebe114596519f7d2536ace8fed5863,f8b834f9007691f1dd419152f18eb79aa0ae3ef9,-15.856639200066608,-47.90922765016282,-15.85665452920012,-47.9092301277057,2024-12,2024,5wFOTIscI37OJtSMbmIpEg,128.90468443270518,© Google,OK,7_4,188401.5071776462,8244759.469069638,e752381caab813e82c535595b84ce8a6e88f6335,cardinal,4,3,270_deg_west,cardinal,270,0,90,640,640,2,batch_0002,568,datasets/df_2024_proportional/batch_0002/images/e752381caab813e82c535595b84ce8a6e88f6335.jpg,https://raw.githubusercontent.com/GUIA-DD/dataset-streetview/refs/heads/main/datasets/df_2024_proportional/batch_0002/images/e752381caab813e82c535595b84ce8a6e88f6335.jpg,True,downloaded,
91fc292a5c4d8a974782d9e1babc6f9d65fc6ee0,d0bd6e97e3e23a391a326c238ce4bdf66b57a94b,-15.896237450147511,-48.04748569992994,-15.8962471979276,-48.04752781069116,2025-06,2025,VTgfGcfdzhIkFMOKD4PhKA,70.4820197363604,© Google,OK,4_3,173645.28461602287,8240163.387656616,97d13c1d8b44e18e69ee820e1e71f86b3cdc3712,cardinal,4,0,0_deg_north,cardinal,0,0,90,640,640,2,batch_0002,569,datasets/df_2024_proportional/batch_0002/images/97d13c1d8b44e18e69ee820e1e71f86b3cdc3712.jpg,https://raw.githubusercontent.com/GUIA-DD/dataset-streetview/refs/heads/main/datasets/df_2024_proportional/batch_0002/images/97d13c1d8b44e18e69ee820e1e71f86b3cdc3712.jpg,True,downloaded,
91fc292a5c4d8a974782d9e1babc6f9d65fc6ee0,d0bd6e97e3e23a391a326c238ce4bdf66b57a94b,-15.896237450147511,-48.04748569992994,-15.8962471979276,-48.04752781069116,2025-06,2025,VTgfGcfdzhIkFMOKD4PhKA,70.4820197363604,© Google,OK,4_3,173645.28461602287,8240163.387656616,93f3574ac056eb9aa068753aac8b5cf99c751eca,cardinal,4,1,90_deg_east,cardinal,90,0,90,640,640,2,batch_0002,570,datasets/df_2024_proportional/batch_0002/images/93f3574ac056eb9aa068753aac8b5cf99c751eca.jpg,https://raw.githubusercontent.com/GUIA-DD/dataset-streetview/refs/heads/main/datasets/df_2024_proportional/batch_0002/images/93f3574ac056eb9aa068753aac8b5cf99c751eca.jpg,True,downloaded,
91fc292a5c4d8a974782d9e1babc6f9d65fc6ee0,d0bd6e97e3e23a391a326c238ce4bdf66b57a94b,-15.896237450147511,-48.04748569992994,-15.8962471979276,-48.04752781069116,2025-06,2025,VTgfGcfdzhIkFMOKD4PhKA,70.4820197363604,© Google,OK,4_3,173645.28461602287,8240163.387656616,d389ae507dfb9e5d399c1852086a6d50781cf7f0,cardinal,4,2,180_deg_south,cardinal,180,0,90,640,640,2,batch_0002,571,datasets/df_2024_proportional/batch_0002/images/d389ae507dfb9e5d399c1852086a6d50781cf7f0.jpg,https://raw.githubusercontent.com/GUIA-DD/dataset-streetview/refs/heads/main/datasets/df_2024_proportional/batch_0002/images/d389ae507dfb9e5d399c1852086a6d50781cf7f0.jpg,True,downloaded,
91fc292a5c4d8a974782d9e1babc6f9d65fc6ee0,d0bd6e97e3e23a391a326c238ce4bdf66b57a94b,-15.896237450147511,-48.04748569992994,-15.8962471979276,-48.04752781069116,2025-06,2025,VTgfGcfdzhIkFMOKD4PhKA,70.4820197363604,© Google,OK,4_3,173645.28461602287,8240163.387656616,e850cc98d1e36b81192f4fcf51cf209a9406a0c4,cardinal,4,3,270_deg_west,cardinal,270,0,90,640,640,2,batch_0002,572,datasets/df_2024_proportional/batch_0002/images/e850cc98d1e36b81192f4fcf51cf209a9406a0c4.jpg,https://raw.githubusercontent.com/GUIA-DD/dataset-streetview/refs/heads/main/datasets/df_2024_proportional/batch_0002/images/e850cc98d1e36b81192f4fcf51cf209a9406a0c4.jpg,True,downloaded,
93ee004a5e6fe70dc1982005e6c948ac82a0ceee,7b565bf824345825c7552b8b1f2d3634b351edb2,-15.901039400044295,-47.766182300133266,-15.90103905274306,-47.76622528806709,2025-01,2025,AsYcRXKrUYtjA-VKrrqgdA,314.3082989542562,© Google,OK,10_3,203798.1125457926,8240050.964982259,77b29ea7138e03d18d496623f71c94ce24d9dd6d,cardinal,4,0,0_deg_north,cardinal,0,0,90,640,640,2,batch_0002,573,datasets/df_2024_proportional/batch_0002/images/77b29ea7138e03d18d496623f71c94ce24d9dd6d.jpg,https://raw.githubusercontent.com/GUIA-DD/dataset-streetview/refs/heads/main/datasets/df_2024_proportional/batch_0002/images/77b29ea7138e03d18d496623f71c94ce24d9dd6d.jpg,True,downloaded,
93ee004a5e6fe70dc1982005e6c948ac82a0ceee,7b565bf824345825c7552b8b1f2d3634b351edb2,-15.901039400044295,-47.766182300133266,-15.90103905274306,-47.76622528806709,2025-01,2025,AsYcRXKrUYtjA-VKrrqgdA,314.3082989542562,© Google,OK,10_3,203798.1125457926,8240050.964982259,62ccc227db27a803ae4f008de893d5e466d830cd,cardinal,4,1,90_deg_east,cardinal,90,0,90,640,640,2,batch_0002,574,datasets/df_2024_proportional/batch_0002/images/62ccc227db27a803ae4f008de893d5e466d830cd.jpg,https://raw.githubusercontent.com/GUIA-DD/dataset-streetview/refs/heads/main/datasets/df_2024_proportional/batch_0002/images/62ccc227db27a803ae4f008de893d5e466d830cd.jpg,True,downloaded,
93ee004a5e6fe70dc1982005e6c948ac82a0ceee,7b565bf824345825c7552b8b1f2d3634b351edb2,-15.901039400044295,-47.766182300133266,-15.90103905274306,-47.76622528806709,2025-01,2025,AsYcRXKrUYtjA-VKrrqgdA,314.3082989542562,© Google,OK,10_3,203798.1125457926,8240050.964982259,9973da1f8a904b31c2669147a2a2ce56b66c70f5,cardinal,4,2,180_deg_south,cardinal,180,0,90,640,640,2,batch_0002,575,datasets/df_2024_proportional/batch_0002/images/9973da1f8a904b31c2669147a2a2ce56b66c70f5.jpg,https://raw.githubusercontent.com/GUIA-DD/dataset-streetview/refs/heads/main/datasets/df_2024_proportional/batch_0002/images/9973da1f8a904b31c2669147a2a2ce56b66c70f5.jpg,True,downloaded,
93ee004a5e6fe70dc1982005e6c948ac82a0ceee,7b565bf824345825c7552b8b1f2d3634b351edb2,-15.901039400044295,-47.766182300133266,-15.90103905274306,-47.76622528806709,2025-01,2025,AsYcRXKrUYtjA-VKrrqgdA,314.3082989542562,© Google,OK,10_3,203798.1125457926,8240050.964982259,8c0ebc5e314359c4c7d6cb0bf919ac7a99260db3,cardinal,4,3,270_deg_west,cardinal,270,0,90,640,640,2,batch_0002,576,datasets/df_2024_proportional/batch_0002/images/8c0ebc5e314359c4c7d6cb0bf919ac7a99260db3.jpg,https://raw.githubusercontent.com/GUIA-DD/dataset-streetview/refs/heads/main/datasets/df_2024_proportional/batch_0002/images/8c0ebc5e314359c4c7d6cb0bf919ac7a99260db3.jpg,True,downloaded,
93f2468d424da06171f5475a57090ac298652d8b,d7f7c95ec82cbe0f7412e0e18a4d0a4bfef503fc,-15.645975950559253,-47.63731290006898,-15.64595928840669,-47.63735603114664,2024-08,2024,Beo942kWZBDnmRCKv9xPuA,268.1793946006692,© Google,OK,13_9,217252.35986076787,8268468.253380278,177af83e3f27bcbb6ea8a53e465c69a448979d75,cardinal,4,0,0_deg_north,cardinal,0,0,90,640,640,2,batch_0002,577,datasets/df_2024_proportional/batch_0002/images/177af83e3f27bcbb6ea8a53e465c69a448979d75.jpg,https://raw.githubusercontent.com/GUIA-DD/dataset-streetview/refs/heads/main/datasets/df_2024_proportional/batch_0002/images/177af83e3f27bcbb6ea8a53e465c69a448979d75.jpg,True,downloaded,
93f2468d424da06171f5475a57090ac298652d8b,d7f7c95ec82cbe0f7412e0e18a4d0a4bfef503fc,-15.645975950559253,-47.63731290006898,-15.64595928840669,-47.63735603114664,2024-08,2024,Beo942kWZBDnmRCKv9xPuA,268.1793946006692,© Google,OK,13_9,217252.35986076787,8268468.253380278,a1e539428c4c562c2decacc0e0a3e71929020d8e,cardinal,4,1,90_deg_east,cardinal,90,0,90,640,640,2,batch_0002,578,datasets/df_2024_proportional/batch_0002/images/a1e539428c4c562c2decacc0e0a3e71929020d8e.jpg,https://raw.githubusercontent.com/GUIA-DD/dataset-streetview/refs/heads/main/datasets/df_2024_proportional/batch_0002/images/a1e539428c4c562c2decacc0e0a3e71929020d8e.jpg,True,downloaded,
93f2468d424da06171f5475a57090ac298652d8b,d7f7c95ec82cbe0f7412e0e18a4d0a4bfef503fc,-15.645975950559253,-47.63731290006898,-15.64595928840669,-47.63735603114664,2024-08,2024,Beo942kWZBDnmRCKv9xPuA,268.1793946006692,© Google,OK,13_9,217252.35986076787,8268468.253380278,b8bdca1be7442b64c23a99f841ec444e52693262,cardinal,4,2,180_deg_south,cardinal,180,0,90,640,640,2,batch_0002,579,datasets/df_2024_proportional/batch_0002/images/b8bdca1be7442b64c23a99f841ec444e52693262.jpg,https://raw.githubusercontent.com/GUIA-DD/dataset-streetview/refs/heads/main/datasets/df_2024_proportional/batch_0002/images/b8bdca1be7442b64c23a99f841ec444e52693262.jpg,True,downloaded,
93f2468d424da06171f5475a57090ac298652d8b,d7f7c95ec82cbe0f7412e0e18a4d0a4bfef503fc,-15.645975950559253,-47.63731290006898,-15.64595928840669,-47.63735603114664,2024-08,2024,Beo942kWZBDnmRCKv9xPuA,268.1793946006692,© Google,OK,13_9,217252.35986076787,8268468.253380278,8d1c9a68ebc6e57050115a2c53909cb568c140aa,cardinal,4,3,270_deg_west,cardinal,270,0,90,640,640,2,batch_0002,580,datasets/df_2024_proportional/batch_0002/images/8d1c9a68ebc6e57050115a2c53909cb568c140aa.jpg,https://raw.githubusercontent.com/GUIA-DD/dataset-streetview/refs/heads/main/datasets/df_2024_proportional/batch_0002/images/8d1c9a68ebc6e57050115a2c53909cb568c140aa.jpg,True,downloaded,
93fb3d50b5656e5028d320d30f6294e9d4ffa28e,0b4e94d9b56d435e1cdb47b746133ef24129fb21,-15.820964409749095,-47.90914875936291,-15.82094447919985,-47.90911172355577,2024-05,2024,bzFmTA93tgWmrtqvdWRQlA,97.03593035462502,© Google,OK,7_5,188355.1703072991,8248710.035554574,01cc31012e973de954ab2780ec952f0f58a21592,cardinal,4,0,0_deg_north,cardinal,0,0,90,640,640,2,batch_0002,581,datasets/df_2024_proportional/batch_0002/images/01cc31012e973de954ab2780ec952f0f58a21592.jpg,https://raw.githubusercontent.com/GUIA-DD/dataset-streetview/refs/heads/main/datasets/df_2024_proportional/batch_0002/images/01cc31012e973de954ab2780ec952f0f58a21592.jpg,True,downloaded,
93fb3d50b5656e5028d320d30f6294e9d4ffa28e,0b4e94d9b56d435e1cdb47b746133ef24129fb21,-15.820964409749095,-47.90914875936291,-15.82094447919985,-47.90911172355577,2024-05,2024,bzFmTA93tgWmrtqvdWRQlA,97.03593035462502,© Google,OK,7_5,188355.1703072991,8248710.035554574,dab1ba672ad1faceed04af6aaf7d87f99bb3cfec,cardinal,4,1,90_deg_east,cardinal,90,0,90,640,640,2,batch_0002,582,datasets/df_2024_proportional/batch_0002/images/dab1ba672ad1faceed04af6aaf7d87f99bb3cfec.jpg,https://raw.githubusercontent.com/GUIA-DD/dataset-streetview/refs/heads/main/datasets/df_2024_proportional/batch_0002/images/dab1ba672ad1faceed04af6aaf7d87f99bb3cfec.jpg,True,downloaded,
93fb3d50b5656e5028d320d30f6294e9d4ffa28e,0b4e94d9b56d435e1cdb47b746133ef24129fb21,-15.820964409749095,-47.90914875936291,-15.82094447919985,-47.90911172355577,2024-05,2024,bzFmTA93tgWmrtqvdWRQlA,97.03593035462502,© Google,OK,7_5,188355.1703072991,8248710.035554574,cb2248f2f647f2183f8d097a857ed8a236a823d1,cardinal,4,2,180_deg_south,cardinal,180,0,90,640,640,2,batch_0002,583,datasets/df_2024_proportional/batch_0002/images/cb2248f2f647f2183f8d097a857ed8a236a823d1.jpg,https://raw.githubusercontent.com/GUIA-DD/dataset-streetview/refs/heads/main/datasets/df_2024_proportional/batch_0002/images/cb2248f2f647f2183f8d097a857ed8a236a823d1.jpg,True,downloaded,
93fb3d50b5656e5028d320d30f6294e9d4ffa28e,0b4e94d9b56d435e1cdb47b746133ef24129fb21,-15.820964409749095,-47.90914875936291,-15.82094447919985,-47.90911172355577,2024-05,2024,bzFmTA93tgWmrtqvdWRQlA,97.03593035462502,© Google,OK,7_5,188355.1703072991,8248710.035554574,5de00085562d3b0517b5f3887b75b4ec5753cdee,cardinal,4,3,270_deg_west,cardinal,270,0,90,640,640,2,batch_0002,584,datasets/df_2024_proportional/batch_0002/images/5de00085562d3b0517b5f3887b75b4ec5753cdee.jpg,https://raw.githubusercontent.com/GUIA-DD/dataset-streetview/refs/heads/main/datasets/df_2024_proportional/batch_0002/images/5de00085562d3b0517b5f3887b75b4ec5753cdee.jpg,True,downloaded,
948ca0669f0550393fcce17ebf39c44042bb538e,6dca35f526cd1c3a72a233e6479c124ffda43327,-15.895460200004806,-48.11875335006818,-15.89545405361594,-48.11876149436852,2025-06,2025,SMC08Xnkg3z6964vsuaqXg,334.59092210218114,© Google,OK,3_3,166005.57908205432,8240136.7813616,aad15e5f9e572841da35b2e1039cf976e4196cae,cardinal,4,0,0_deg_north,cardinal,0,0,90,640,640,2,batch_0002,585,datasets/df_2024_proportional/batch_0002/images/aad15e5f9e572841da35b2e1039cf976e4196cae.jpg,https://raw.githubusercontent.com/GUIA-DD/dataset-streetview/refs/heads/main/datasets/df_2024_proportional/batch_0002/images/aad15e5f9e572841da35b2e1039cf976e4196cae.jpg,True,downloaded,
948ca0669f0550393fcce17ebf39c44042bb538e,6dca35f526cd1c3a72a233e6479c124ffda43327,-15.895460200004806,-48.11875335006818,-15.89545405361594,-48.11876149436852,2025-06,2025,SMC08Xnkg3z6964vsuaqXg,334.59092210218114,© Google,OK,3_3,166005.57908205432,8240136.7813616,389fab212b8702d30064ed40537e88b95d5afe90,cardinal,4,1,90_deg_east,cardinal,90,0,90,640,640,2,batch_0002,586,datasets/df_2024_proportional/batch_0002/images/389fab212b8702d30064ed40537e88b95d5afe90.jpg,https://raw.githubusercontent.com/GUIA-DD/dataset-streetview/refs/heads/main/datasets/df_2024_proportional/batch_0002/images/389fab212b8702d30064ed40537e88b95d5afe90.jpg,True,downloaded,
948ca0669f0550393fcce17ebf39c44042bb538e,6dca35f526cd1c3a72a233e6479c124ffda43327,-15.895460200004806,-48.11875335006818,-15.89545405361594,-48.11876149436852,2025-06,2025,SMC08Xnkg3z6964vsuaqXg,334.59092210218114,© Google,OK,3_3,166005.57908205432,8240136.7813616,ac73c68aeea49cd08becb0bff3cbb9043849ca29,cardinal,4,2,180_deg_south,cardinal,180,0,90,640,640,2,batch_0002,587,datasets/df_2024_proportional/batch_0002/images/ac73c68aeea49cd08becb0bff3cbb9043849ca29.jpg,https://raw.githubusercontent.com/GUIA-DD/dataset-streetview/refs/heads/main/datasets/df_2024_proportional/batch_0002/images/ac73c68aeea49cd08becb0bff3cbb9043849ca29.jpg,True,downloaded,
948ca0669f0550393fcce17ebf39c44042bb538e,6dca35f526cd1c3a72a233e6479c124ffda43327,-15.895460200004806,-48.11875335006818,-15.89545405361594,-48.11876149436852,2025-06,2025,SMC08Xnkg3z6964vsuaqXg,334.59092210218114,© Google,OK,3_3,166005.57908205432,8240136.7813616,05e51c8087059303a81f7da2439b44573599aeb6,cardinal,4,3,270_deg_west,cardinal,270,0,90,640,640,2,batch_0002,588,datasets/df_2024_proportional/batch_0002/images/05e51c8087059303a81f7da2439b44573599aeb6.jpg,https://raw.githubusercontent.com/GUIA-DD/dataset-streetview/refs/heads/main/datasets/df_2024_proportional/batch_0002/images/05e51c8087059303a81f7da2439b44573599aeb6.jpg,True,downloaded,
9533187be87b149fafb07be91ec308ed40dc1d33,104bdb58ce1d1566a08d967d548feaf560537d25,-15.90427946257004,-48.081931080903736,-15.90427151090699,-48.08188975707173,2025-07,2025,fvPd1imYMf8y0y3LnrHYiw,249.63389936480394,© Google,OK,4_3,169966.64351545414,8239218.592267581,33c5d2a9a2bcfa947fc0ab431b9efb301558549c,cardinal,4,0,0_deg_north,cardinal,0,0,90,640,640,2,batch_0002,589,datasets/df_2024_proportional/batch_0002/images/33c5d2a9a2bcfa947fc0ab431b9efb301558549c.jpg,https://raw.githubusercontent.com/GUIA-DD/dataset-streetview/refs/heads/main/datasets/df_2024_proportional/batch_0002/images/33c5d2a9a2bcfa947fc0ab431b9efb301558549c.jpg,True,downloaded,
9533187be87b149fafb07be91ec308ed40dc1d33,104bdb58ce1d1566a08d967d548feaf560537d25,-15.90427946257004,-48.081931080903736,-15.90427151090699,-48.08188975707173,2025-07,2025,fvPd1imYMf8y0y3LnrHYiw,249.63389936480394,© Google,OK,4_3,169966.64351545414,8239218.592267581,0a8de679f2c126ae56f6da4f6ffc2aff2712a6bd,cardinal,4,1,90_deg_east,cardinal,90,0,90,640,640,2,batch_0002,590,datasets/df_2024_proportional/batch_0002/images/0a8de679f2c126ae56f6da4f6ffc2aff2712a6bd.jpg,https://raw.githubusercontent.com/GUIA-DD/dataset-streetview/refs/heads/main/datasets/df_2024_proportional/batch_0002/images/0a8de679f2c126ae56f6da4f6ffc2aff2712a6bd.jpg,True,downloaded,
9533187be87b149fafb07be91ec308ed40dc1d33,104bdb58ce1d1566a08d967d548feaf560537d25,-15.90427946257004,-48.081931080903736,-15.90427151090699,-48.08188975707173,2025-07,2025,fvPd1imYMf8y0y3LnrHYiw,249.63389936480394,© Google,OK,4_3,169966.64351545414,8239218.592267581,a05df8df39506fd1c21a5892e69d8b3f91d7fd6b,cardinal,4,2,180_deg_south,cardinal,180,0,90,640,640,2,batch_0002,591,datasets/df_2024_proportional/batch_0002/images/a05df8df39506fd1c21a5892e69d8b3f91d7fd6b.jpg,https://raw.githubusercontent.com/GUIA-DD/dataset-streetview/refs/heads/main/datasets/df_2024_proportional/batch_0002/images/a05df8df39506fd1c21a5892e69d8b3f91d7fd6b.jpg,True,downloaded,
9533187be87b149fafb07be91ec308ed40dc1d33,104bdb58ce1d1566a08d967d548feaf560537d25,-15.90427946257004,-48.081931080903736,-15.90427151090699,-48.08188975707173,2025-07,2025,fvPd1imYMf8y0y3LnrHYiw,249.63389936480394,© Google,OK,4_3,169966.64351545414,8239218.592267581,75dc8e9d2621d00ac3d557eb60c2098034a80bce,cardinal,4,3,270_deg_west,cardinal,270,0,90,640,640,2,batch_0002,592,datasets/df_2024_proportional/batch_0002/images/75dc8e9d2621d00ac3d557eb60c2098034a80bce.jpg,https://raw.githubusercontent.com/GUIA-DD/dataset-streetview/refs/heads/main/datasets/df_2024_proportional/batch_0002/images/75dc8e9d2621d00ac3d557eb60c2098034a80bce.jpg,True,downloaded,
95b0ab4e6386656ab700907c50d3b6ba857b08b3,f718e119938889939193630fa9ab83cd01287633,-15.79744145007575,-48.04555080001656,-15.79746098295617,-48.04552521287992,2024-10,2024,OxGv3dhF00_FmVl67KBWzg,270.0005685598876,© Google,OK,4_5,173693.69574042672,8251107.754978744,8e2f154a1c077311f801d9143537778f1a554e91,cardinal,4,0,0_deg_north,cardinal,0,0,90,640,640,2,batch_0002,593,datasets/df_2024_proportional/batch_0002/images/8e2f154a1c077311f801d9143537778f1a554e91.jpg,https://raw.githubusercontent.com/GUIA-DD/dataset-streetview/refs/heads/main/datasets/df_2024_proportional/batch_0002/images/8e2f154a1c077311f801d9143537778f1a554e91.jpg,True,downloaded,
95b0ab4e6386656ab700907c50d3b6ba857b08b3,f718e119938889939193630fa9ab83cd01287633,-15.79744145007575,-48.04555080001656,-15.79746098295617,-48.04552521287992,2024-10,2024,OxGv3dhF00_FmVl67KBWzg,270.0005685598876,© Google,OK,4_5,173693.69574042672,8251107.754978744,1fa3d8438e3db51b9ff0464a2733900423bbc4ef,cardinal,4,1,90_deg_east,cardinal,90,0,90,640,640,2,batch_0002,594,datasets/df_2024_proportional/batch_0002/images/1fa3d8438e3db51b9ff0464a2733900423bbc4ef.jpg,https://raw.githubusercontent.com/GUIA-DD/dataset-streetview/refs/heads/main/datasets/df_2024_proportional/batch_0002/images/1fa3d8438e3db51b9ff0464a2733900423bbc4ef.jpg,True,downloaded,
95b0ab4e6386656ab700907c50d3b6ba857b08b3,f718e119938889939193630fa9ab83cd01287633,-15.79744145007575,-48.04555080001656,-15.79746098295617,-48.04552521287992,2024-10,2024,OxGv3dhF00_FmVl67KBWzg,270.0005685598876,© Google,OK,4_5,173693.69574042672,8251107.754978744,a4fe101f20f3fc94ef8b6ec9925366e307691ba0,cardinal,4,2,180_deg_south,cardinal,180,0,90,640,640,2,batch_0002,595,datasets/df_2024_proportional/batch_0002/images/a4fe101f20f3fc94ef8b6ec9925366e307691ba0.jpg,https://raw.githubusercontent.com/GUIA-DD/dataset-streetview/refs/heads/main/datasets/df_2024_proportional/batch_0002/images/a4fe101f20f3fc94ef8b6ec9925366e307691ba0.jpg,True,downloaded,
95b0ab4e6386656ab700907c50d3b6ba857b08b3,f718e119938889939193630fa9ab83cd01287633,-15.79744145007575,-48.04555080001656,-15.79746098295617,-48.04552521287992,2024-10,2024,OxGv3dhF00_FmVl67KBWzg,270.0005685598876,© Google,OK,4_5,173693.69574042672,8251107.754978744,6b3aaa7fada72f1d4bc82c9c3b5812dbf48cb785,cardinal,4,3,270_deg_west,cardinal,270,0,90,640,640,2,batch_0002,596,datasets/df_2024_proportional/batch_0002/images/6b3aaa7fada72f1d4bc82c9c3b5812dbf48cb785.jpg,https://raw.githubusercontent.com/GUIA-DD/dataset-streetview/refs/heads/main/datasets/df_2024_proportional/batch_0002/images/6b3aaa7fada72f1d4bc82c9c3b5812dbf48cb785.jpg,True,downloaded,
97479e976bb423d859a1840a0b048a3e26ddd163,7573da808cfa385a3173ce066f36c40a4ed4da1f,-15.619059350000084,-47.64300869999903,-15.61906035706765,-47.64302599689292,2025-07,2025,A7M3rcBSgnOEXb-Ny4_R3w,358.380229574323,© Google,OK,13_9,216604.26902234522,8271440.646003941,5a5d504c9e1743de0d7218b0dcc387b1225d8339,cardinal,4,0,0_deg_north,cardinal,0,0,90,640,640,2,batch_0002,597,datasets/df_2024_proportional/batch_0002/images/5a5d504c9e1743de0d7218b0dcc387b1225d8339.jpg,https://raw.githubusercontent.com/GUIA-DD/dataset-streetview/refs/heads/main/datasets/df_2024_proportional/batch_0002/images/5a5d504c9e1743de0d7218b0dcc387b1225d8339.jpg,True,downloaded,
97479e976bb423d859a1840a0b048a3e26ddd163,7573da808cfa385a3173ce066f36c40a4ed4da1f,-15.619059350000084,-47.64300869999903,-15.61906035706765,-47.64302599689292,2025-07,2025,A7M3rcBSgnOEXb-Ny4_R3w,358.380229574323,© Google,OK,13_9,216604.26902234522,8271440.646003941,7af2532305288f335650f4f19ebe75f718832d07,cardinal,4,1,90_deg_east,cardinal,90,0,90,640,640,2,batch_0002,598,datasets/df_2024_proportional/batch_0002/images/7af2532305288f335650f4f19ebe75f718832d07.jpg,https://raw.githubusercontent.com/GUIA-DD/dataset-streetview/refs/heads/main/datasets/df_2024_proportional/batch_0002/images/7af2532305288f335650f4f19ebe75f718832d07.jpg,True,downloaded,
97479e976bb423d859a1840a0b048a3e26ddd163,7573da808cfa385a3173ce066f36c40a4ed4da1f,-15.619059350000084,-47.64300869999903,-15.61906035706765,-47.64302599689292,2025-07,2025,A7M3rcBSgnOEXb-Ny4_R3w,358.380229574323,© Google,OK,13_9,216604.26902234522,8271440.646003941,391e9b5c7d3869a537d553f06e0db14e5f9497f8,cardinal,4,2,180_deg_south,cardinal,180,0,90,640,640,2,batch_0002,599,datasets/df_2024_proportional/batch_0002/images/391e9b5c7d3869a537d553f06e0db14e5f9497f8.jpg,https://raw.githubusercontent.com/GUIA-DD/dataset-streetview/refs/heads/main/datasets/df_2024_proportional/batch_0002/images/391e9b5c7d3869a537d553f06e0db14e5f9497f8.jpg,True,downloaded,
97479e976bb423d859a1840a0b048a3e26ddd163,7573da808cfa385a3173ce066f36c40a4ed4da1f,-15.619059350000084,-47.64300869999903,-15.61906035706765,-47.64302599689292,2025-07,2025,A7M3rcBSgnOEXb-Ny4_R3w,358.380229574323,© Google,OK,13_9,216604.26902234522,8271440.646003941,56bb26f1279f8054267f1053d386ab2f8880514c,cardinal,4,3,270_deg_west,cardinal,270,0,90,640,640,2,batch_0002,600,datasets/df_2024_proportional/batch_0002/images/56bb26f1279f8054267f1053d386ab2f8880514c.jpg,https://raw.githubusercontent.com/GUIA-DD/dataset-streetview/refs/heads/main/datasets/df_2024_proportional/batch_0002/images/56bb26f1279f8054267f1053d386ab2f8880514c.jpg,True,downloaded,
988389f0d014500c8c7876955e22a3b81868e220,9c869fc62d225d2c98a62f89799e37eb56d390f0,-16.024406300446053,-48.08038765081548,-16.02440486786629,-48.08040628120527,2025-05,2025,lLMSkIEIicrGpgz1CvnzJQ,121.49364596212773,© Google,OK,4_0,170328.9804998011,8225916.892015964,f96e9a2668988b31af0b665bd06c2e5248780a48,cardinal,4,0,0_deg_north,cardinal,0,0,90,640,640,2,batch_0002,601,datasets/df_2024_proportional/batch_0002/images/f96e9a2668988b31af0b665bd06c2e5248780a48.jpg,https://raw.githubusercontent.com/GUIA-DD/dataset-streetview/refs/heads/main/datasets/df_2024_proportional/batch_0002/images/f96e9a2668988b31af0b665bd06c2e5248780a48.jpg,True,downloaded,
988389f0d014500c8c7876955e22a3b81868e220,9c869fc62d225d2c98a62f89799e37eb56d390f0,-16.024406300446053,-48.08038765081548,-16.02440486786629,-48.08040628120527,2025-05,2025,lLMSkIEIicrGpgz1CvnzJQ,121.49364596212773,© Google,OK,4_0,170328.9804998011,8225916.892015964,1c16270400a85b7d6d02db73137af5eacae592f7,cardinal,4,1,90_deg_east,cardinal,90,0,90,640,640,2,batch_0002,602,datasets/df_2024_proportional/batch_0002/images/1c16270400a85b7d6d02db73137af5eacae592f7.jpg,https://raw.githubusercontent.com/GUIA-DD/dataset-streetview/refs/heads/main/datasets/df_2024_proportional/batch_0002/images/1c16270400a85b7d6d02db73137af5eacae592f7.jpg,True,downloaded,
988389f0d014500c8c7876955e22a3b81868e220,9c869fc62d225d2c98a62f89799e37eb56d390f0,-16.024406300446053,-48.08038765081548,-16.02440486786629,-48.08040628120527,2025-05,2025,lLMSkIEIicrGpgz1CvnzJQ,121.49364596212773,© Google,OK,4_0,170328.9804998011,8225916.892015964,91fe417fd60b25021b0a035d5af3babee481c508,cardinal,4,2,180_deg_south,cardinal,180,0,90,640,640,2,batch_0002,603,datasets/df_2024_proportional/batch_0002/images/91fe417fd60b25021b0a035d5af3babee481c508.jpg,https://raw.githubusercontent.com/GUIA-DD/dataset-streetview/refs/heads/main/datasets/df_2024_proportional/batch_0002/images/91fe417fd60b25021b0a035d5af3babee481c508.jpg,True,downloaded,
988389f0d014500c8c7876955e22a3b81868e220,9c869fc62d225d2c98a62f89799e37eb56d390f0,-16.024406300446053,-48.08038765081548,-16.02440486786629,-48.08040628120527,2025-05,2025,lLMSkIEIicrGpgz1CvnzJQ,121.49364596212773,© Google,OK,4_0,170328.9804998011,8225916.892015964,7c688f0dfec6c5c639e89b71e3f5f602d7a9b9d5,cardinal,4,3,270_deg_west,cardinal,270,0,90,640,640,2,batch_0002,604,datasets/df_2024_proportional/batch_0002/images/7c688f0dfec6c5c639e89b71e3f5f602d7a9b9d5.jpg,https://raw.githubusercontent.com/GUIA-DD/dataset-streetview/refs/heads/main/datasets/df_2024_proportional/batch_0002/images/7c688f0dfec6c5c639e89b71e3f5f602d7a9b9d5.jpg,True,downloaded,
98a2776e93441e4846d2fd7ccdd2edb125475a2b,dc1f4efdcc03c4c338be2c8c677af07536526464,-16.026511151330407,-48.02252789860898,-16.02649347524461,-48.02251880488205,2025-02,2025,Qxf_qAgevVyyBfjCKOFUaw,234.9962632553839,© Google,OK,5_0,176529.6298203652,8225774.985773895,e9b18c5afc811a617c92d9ad1cefb31a6b1d176c,cardinal,4,0,0_deg_north,cardinal,0,0,90,640,640,2,batch_0002,605,datasets/df_2024_proportional/batch_0002/images/e9b18c5afc811a617c92d9ad1cefb31a6b1d176c.jpg,https://raw.githubusercontent.com/GUIA-DD/dataset-streetview/refs/heads/main/datasets/df_2024_proportional/batch_0002/images/e9b18c5afc811a617c92d9ad1cefb31a6b1d176c.jpg,True,downloaded,
98a2776e93441e4846d2fd7ccdd2edb125475a2b,dc1f4efdcc03c4c338be2c8c677af07536526464,-16.026511151330407,-48.02252789860898,-16.02649347524461,-48.02251880488205,2025-02,2025,Qxf_qAgevVyyBfjCKOFUaw,234.9962632553839,© Google,OK,5_0,176529.6298203652,8225774.985773895,38212c2e78c3b621ac481099bb900c9b30e9c4c9,cardinal,4,1,90_deg_east,cardinal,90,0,90,640,640,2,batch_0002,606,datasets/df_2024_proportional/batch_0002/images/38212c2e78c3b621ac481099bb900c9b30e9c4c9.jpg,https://raw.githubusercontent.com/GUIA-DD/dataset-streetview/refs/heads/main/datasets/df_2024_proportional/batch_0002/images/38212c2e78c3b621ac481099bb900c9b30e9c4c9.jpg,True,downloaded,
98a2776e93441e4846d2fd7ccdd2edb125475a2b,dc1f4efdcc03c4c338be2c8c677af07536526464,-16.026511151330407,-48.02252789860898,-16.02649347524461,-48.02251880488205,2025-02,2025,Qxf_qAgevVyyBfjCKOFUaw,234.9962632553839,© Google,OK,5_0,176529.6298203652,8225774.985773895,b4577f813c6d2c052d1a45f8febc14060b989ba1,cardinal,4,2,180_deg_south,cardinal,180,0,90,640,640,2,batch_0002,607,datasets/df_2024_proportional/batch_0002/images/b4577f813c6d2c052d1a45f8febc14060b989ba1.jpg,https://raw.githubusercontent.com/GUIA-DD/dataset-streetview/refs/heads/main/datasets/df_2024_proportional/batch_0002/images/b4577f813c6d2c052d1a45f8febc14060b989ba1.jpg,True,downloaded,
98a2776e93441e4846d2fd7ccdd2edb125475a2b,dc1f4efdcc03c4c338be2c8c677af07536526464,-16.026511151330407,-48.02252789860898,-16.02649347524461,-48.02251880488205,2025-02,2025,Qxf_qAgevVyyBfjCKOFUaw,234.9962632553839,© Google,OK,5_0,176529.6298203652,8225774.985773895,f7119b4e0e476164c4ae99f492555927f5d1ab1b,cardinal,4,3,270_deg_west,cardinal,270,0,90,640,640,2,batch_0002,608,datasets/df_2024_proportional/batch_0002/images/f7119b4e0e476164c4ae99f492555927f5d1ab1b.jpg,https://raw.githubusercontent.com/GUIA-DD/dataset-streetview/refs/heads/main/datasets/df_2024_proportional/batch_0002/images/f7119b4e0e476164c4ae99f492555927f5d1ab1b.jpg,True,downloaded,
99cde467b01658fc199d7fef7a6497d0e3b615ad,4ddcb02652b3c8f0f1b9a1d24c2d91a479f1a50c,-15.91210455046788,-48.06172094980855,-15.91208892609355,-48.06171033765528,2025-07,2025,uxxPe8QKx-uhE7i9iYQWAg,252.34648188844534,© Google,OK,4_3,172145.35169171757,8238383.82732074,3b1bd9ceb2417ff426600209da437d295ad7b7c9,cardinal,4,0,0_deg_north,cardinal,0,0,90,640,640,2,batch_0002,609,datasets/df_2024_proportional/batch_0002/images/3b1bd9ceb2417ff426600209da437d295ad7b7c9.jpg,https://raw.githubusercontent.com/GUIA-DD/dataset-streetview/refs/heads/main/datasets/df_2024_proportional/batch_0002/images/3b1bd9ceb2417ff426600209da437d295ad7b7c9.jpg,True,downloaded,
99cde467b01658fc199d7fef7a6497d0e3b615ad,4ddcb02652b3c8f0f1b9a1d24c2d91a479f1a50c,-15.91210455046788,-48.06172094980855,-15.91208892609355,-48.06171033765528,2025-07,2025,uxxPe8QKx-uhE7i9iYQWAg,252.34648188844534,© Google,OK,4_3,172145.35169171757,8238383.82732074,f9fc374fa91b589b0db1b4ab4819087e51bbadec,cardinal,4,1,90_deg_east,cardinal,90,0,90,640,640,2,batch_0002,610,datasets/df_2024_proportional/batch_0002/images/f9fc374fa91b589b0db1b4ab4819087e51bbadec.jpg,https://raw.githubusercontent.com/GUIA-DD/dataset-streetview/refs/heads/main/datasets/df_2024_proportional/batch_0002/images/f9fc374fa91b589b0db1b4ab4819087e51bbadec.jpg,True,downloaded,
99cde467b01658fc199d7fef7a6497d0e3b615ad,4ddcb02652b3c8f0f1b9a1d24c2d91a479f1a50c,-15.91210455046788,-48.06172094980855,-15.91208892609355,-48.06171033765528,2025-07,2025,uxxPe8QKx-uhE7i9iYQWAg,252.34648188844534,© Google,OK,4_3,172145.35169171757,8238383.82732074,d975f60d3d7e55ccee13ddba41661ff69738d72c,cardinal,4,2,180_deg_south,cardinal,180,0,90,640,640,2,batch_0002,611,datasets/df_2024_proportional/batch_0002/images/d975f60d3d7e55ccee13ddba41661ff69738d72c.jpg,https://raw.githubusercontent.com/GUIA-DD/dataset-streetview/refs/heads/main/datasets/df_2024_proportional/batch_0002/images/d975f60d3d7e55ccee13ddba41661ff69738d72c.jpg,True,downloaded,
99cde467b01658fc199d7fef7a6497d0e3b615ad,4ddcb02652b3c8f0f1b9a1d24c2d91a479f1a50c,-15.91210455046788,-48.06172094980855,-15.91208892609355,-48.06171033765528,2025-07,2025,uxxPe8QKx-uhE7i9iYQWAg,252.34648188844534,© Google,OK,4_3,172145.35169171757,8238383.82732074,a761a083dadd2030b1c4cba0e8decfe6dd5e39c8,cardinal,4,3,270_deg_west,cardinal,270,0,90,640,640,2,batch_0002,612,datasets/df_2024_proportional/batch_0002/images/a761a083dadd2030b1c4cba0e8decfe6dd5e39c8.jpg,https://raw.githubusercontent.com/GUIA-DD/dataset-streetview/refs/heads/main/datasets/df_2024_proportional/batch_0002/images/a761a083dadd2030b1c4cba0e8decfe6dd5e39c8.jpg,True,downloaded,
99f69ce300f71b49ebb49e0daf1e4a5fdc512fc0,e01d876594efffb78cecdae75e1f10e5ef6c2a49,-16.005694449998547,-47.9966952500269,-16.00563331942407,-47.99669637546638,2025-01,2025,4xkKo8r5U1jLPZA2jBfqvg,347.40341521825684,© Google,OK,6_1,179263.0986847228,8228120.467997646,62c287476289ef023bf25108705a9a55b53f4dd3,cardinal,4,0,0_deg_north,cardinal,0,0,90,640,640,2,batch_0002,613,datasets/df_2024_proportional/batch_0002/images/62c287476289ef023bf25108705a9a55b53f4dd3.jpg,https://raw.githubusercontent.com/GUIA-DD/dataset-streetview/refs/heads/main/datasets/df_2024_proportional/batch_0002/images/62c287476289ef023bf25108705a9a55b53f4dd3.jpg,True,downloaded,
99f69ce300f71b49ebb49e0daf1e4a5fdc512fc0,e01d876594efffb78cecdae75e1f10e5ef6c2a49,-16.005694449998547,-47.9966952500269,-16.00563331942407,-47.99669637546638,2025-01,2025,4xkKo8r5U1jLPZA2jBfqvg,347.40341521825684,© Google,OK,6_1,179263.0986847228,8228120.467997646,cf753299785849693a1dba91e8c574bfab8d4420,cardinal,4,1,90_deg_east,cardinal,90,0,90,640,640,2,batch_0002,614,datasets/df_2024_proportional/batch_0002/images/cf753299785849693a1dba91e8c574bfab8d4420.jpg,https://raw.githubusercontent.com/GUIA-DD/dataset-streetview/refs/heads/main/datasets/df_2024_proportional/batch_0002/images/cf753299785849693a1dba91e8c574bfab8d4420.jpg,True,downloaded,
99f69ce300f71b49ebb49e0daf1e4a5fdc512fc0,e01d876594efffb78cecdae75e1f10e5ef6c2a49,-16.005694449998547,-47.9966952500269,-16.00563331942407,-47.99669637546638,2025-01,2025,4xkKo8r5U1jLPZA2jBfqvg,347.40341521825684,© Google,OK,6_1,179263.0986847228,8228120.467997646,a7cab1132e3fa8b0a416b80e7e06cf2a42ac8aa5,cardinal,4,2,180_deg_south,cardinal,180,0,90,640,640,2,batch_0002,615,datasets/df_2024_proportional/batch_0002/images/a7cab1132e3fa8b0a416b80e7e06cf2a42ac8aa5.jpg,https://raw.githubusercontent.com/GUIA-DD/dataset-streetview/refs/heads/main/datasets/df_2024_proportional/batch_0002/images/a7cab1132e3fa8b0a416b80e7e06cf2a42ac8aa5.jpg,True,downloaded,
99f69ce300f71b49ebb49e0daf1e4a5fdc512fc0,e01d876594efffb78cecdae75e1f10e5ef6c2a49,-16.005694449998547,-47.9966952500269,-16.00563331942407,-47.99669637546638,2025-01,2025,4xkKo8r5U1jLPZA2jBfqvg,347.40341521825684,© Google,OK,6_1,179263.0986847228,8228120.467997646,00291bb69f4a710dcf03b26d772efa52d157ba62,cardinal,4,3,270_deg_west,cardinal,270,0,90,640,640,2,batch_0002,616,datasets/df_2024_proportional/batch_0002/images/00291bb69f4a710dcf03b26d772efa52d157ba62.jpg,https://raw.githubusercontent.com/GUIA-DD/dataset-streetview/refs/heads/main/datasets/df_2024_proportional/batch_0002/images/00291bb69f4a710dcf03b26d772efa52d157ba62.jpg,True,downloaded,
9b3a04a4e53b3a6fde23eb53aab8a98c5b3dae39,ce5abfd6d15b87c45cac7ff1033d3d88f62a34fc,-15.783775849995711,-48.135318300138294,-15.78376448260608,-48.13533190262378,2026-01,2026,9O66yqTCYbt83lLYUMOtFw,343.91282461486014,© Google,OK,3_5,164045.14836314388,8252479.793361481,7f19492554654b922514f1cd159c5cdb7121af82,cardinal,4,0,0_deg_north,cardinal,0,0,90,640,640,2,batch_0002,617,datasets/df_2024_proportional/batch_0002/images/7f19492554654b922514f1cd159c5cdb7121af82.jpg,https://raw.githubusercontent.com/GUIA-DD/dataset-streetview/refs/heads/main/datasets/df_2024_proportional/batch_0002/images/7f19492554654b922514f1cd159c5cdb7121af82.jpg,True,downloaded,
9b3a04a4e53b3a6fde23eb53aab8a98c5b3dae39,ce5abfd6d15b87c45cac7ff1033d3d88f62a34fc,-15.783775849995711,-48.135318300138294,-15.78376448260608,-48.13533190262378,2026-01,2026,9O66yqTCYbt83lLYUMOtFw,343.91282461486014,© Google,OK,3_5,164045.14836314388,8252479.793361481,0860b2ae642c42ca1ff9b0b9cbb8793c184256b6,cardinal,4,1,90_deg_east,cardinal,90,0,90,640,640,2,batch_0002,618,datasets/df_2024_proportional/batch_0002/images/0860b2ae642c42ca1ff9b0b9cbb8793c184256b6.jpg,https://raw.githubusercontent.com/GUIA-DD/dataset-streetview/refs/heads/main/datasets/df_2024_proportional/batch_0002/images/0860b2ae642c42ca1ff9b0b9cbb8793c184256b6.jpg,True,downloaded,
9b3a04a4e53b3a6fde23eb53aab8a98c5b3dae39,ce5abfd6d15b87c45cac7ff1033d3d88f62a34fc,-15.783775849995711,-48.135318300138294,-15.78376448260608,-48.13533190262378,2026-01,2026,9O66yqTCYbt83lLYUMOtFw,343.91282461486014,© Google,OK,3_5,164045.14836314388,8252479.793361481,b88dba403b3f0ec00450c39650622b8fab607452,cardinal,4,2,180_deg_south,cardinal,180,0,90,640,640,2,batch_0002,619,datasets/df_2024_proportional/batch_0002/images/b88dba403b3f0ec00450c39650622b8fab607452.jpg,https://raw.githubusercontent.com/GUIA-DD/dataset-streetview/refs/heads/main/datasets/df_2024_proportional/batch_0002/images/b88dba403b3f0ec00450c39650622b8fab607452.jpg,True,downloaded,
9b3a04a4e53b3a6fde23eb53aab8a98c5b3dae39,ce5abfd6d15b87c45cac7ff1033d3d88f62a34fc,-15.783775849995711,-48.135318300138294,-15.78376448260608,-48.13533190262378,2026-01,2026,9O66yqTCYbt83lLYUMOtFw,343.91282461486014,© Google,OK,3_5,164045.14836314388,8252479.793361481,db399796e9c438cfead1b43c90c29e7bdd6781f7,cardinal,4,3,270_deg_west,cardinal,270,0,90,640,640,2,batch_0002,620,datasets/df_2024_proportional/batch_0002/images/db399796e9c438cfead1b43c90c29e7bdd6781f7.jpg,https://raw.githubusercontent.com/GUIA-DD/dataset-streetview/refs/heads/main/datasets/df_2024_proportional/batch_0002/images/db399796e9c438cfead1b43c90c29e7bdd6781f7.jpg,True,downloaded,
9baedabd03f66822673ca22638016c2d421dad3b,e4fbec7b69f168a4a94259b9cc30df0b6eabd4b8,-15.752039914020084,-47.890604864298474,-15.75200578830807,-47.89057403363427,2024-06,2024,cBGJqB1kR881J2BjOjVnaA,73.77837300177545,© Google,OK,8_6,190238.30484671192,8256369.712481939,9f3d7063cdea1a82ca926f518d1955e14e98aee7,cardinal,4,0,0_deg_north,cardinal,0,0,90,640,640,2,batch_0002,621,datasets/df_2024_proportional/batch_0002/images/9f3d7063cdea1a82ca926f518d1955e14e98aee7.jpg,https://raw.githubusercontent.com/GUIA-DD/dataset-streetview/refs/heads/main/datasets/df_2024_proportional/batch_0002/images/9f3d7063cdea1a82ca926f518d1955e14e98aee7.jpg,True,downloaded,
9baedabd03f66822673ca22638016c2d421dad3b,e4fbec7b69f168a4a94259b9cc30df0b6eabd4b8,-15.752039914020084,-47.890604864298474,-15.75200578830807,-47.89057403363427,2024-06,2024,cBGJqB1kR881J2BjOjVnaA,73.77837300177545,© Google,OK,8_6,190238.30484671192,8256369.712481939,ee3f2a83b48b7e6f252be31ab34df74dc6825a1a,cardinal,4,1,90_deg_east,cardinal,90,0,90,640,640,2,batch_0002,622,datasets/df_2024_proportional/batch_0002/images/ee3f2a83b48b7e6f252be31ab34df74dc6825a1a.jpg,https://raw.githubusercontent.com/GUIA-DD/dataset-streetview/refs/heads/main/datasets/df_2024_proportional/batch_0002/images/ee3f2a83b48b7e6f252be31ab34df74dc6825a1a.jpg,True,downloaded,
9baedabd03f66822673ca22638016c2d421dad3b,e4fbec7b69f168a4a94259b9cc30df0b6eabd4b8,-15.752039914020084,-47.890604864298474,-15.75200578830807,-47.89057403363427,2024-06,2024,cBGJqB1kR881J2BjOjVnaA,73.77837300177545,© Google,OK,8_6,190238.30484671192,8256369.712481939,74232ea703dee9006e3584f634f128bae08afbce,cardinal,4,2,180_deg_south,cardinal,180,0,90,640,640,2,batch_0002,623,datasets/df_2024_proportional/batch_0002/images/74232ea703dee9006e3584f634f128bae08afbce.jpg,https://raw.githubusercontent.com/GUIA-DD/dataset-streetview/refs/heads/main/datasets/df_2024_proportional/batch_0002/images/74232ea703dee9006e3584f634f128bae08afbce.jpg,True,downloaded,
9baedabd03f66822673ca22638016c2d421dad3b,e4fbec7b69f168a4a94259b9cc30df0b6eabd4b8,-15.752039914020084,-47.890604864298474,-15.75200578830807,-47.89057403363427,2024-06,2024,cBGJqB1kR881J2BjOjVnaA,73.77837300177545,© Google,OK,8_6,190238.30484671192,8256369.712481939,5b67334f61e3cf83b0d5971fa23bf6c6751b029b,cardinal,4,3,270_deg_west,cardinal,270,0,90,640,640,2,batch_0002,624,datasets/df_2024_proportional/batch_0002/images/5b67334f61e3cf83b0d5971fa23bf6c6751b029b.jpg,https://raw.githubusercontent.com/GUIA-DD/dataset-streetview/refs/heads/main/datasets/df_2024_proportional/batch_0002/images/5b67334f61e3cf83b0d5971fa23bf6c6751b029b.jpg,True,downloaded,
9cda70a0844bd4c57262813f954f7b0e7c272446,952291b37e9290c7c460e7767f234f02d15e78d7,-15.82001303436669,-48.102996119838316,-15.82005540710796,-48.10298344977212,2024-08,2024,T4P94uh7C583uZguT30f1g,331.1283001001329,© Google,OK,3_5,167570.69467783227,8248517.847134735,b2cfc4aadfcdda410d820211ddbe05146a213f31,cardinal,4,0,0_deg_north,cardinal,0,0,90,640,640,2,batch_0002,625,datasets/df_2024_proportional/batch_0002/images/b2cfc4aadfcdda410d820211ddbe05146a213f31.jpg,https://raw.githubusercontent.com/GUIA-DD/dataset-streetview/refs/heads/main/datasets/df_2024_proportional/batch_0002/images/b2cfc4aadfcdda410d820211ddbe05146a213f31.jpg,True,downloaded,
9cda70a0844bd4c57262813f954f7b0e7c272446,952291b37e9290c7c460e7767f234f02d15e78d7,-15.82001303436669,-48.102996119838316,-15.82005540710796,-48.10298344977212,2024-08,2024,T4P94uh7C583uZguT30f1g,331.1283001001329,© Google,OK,3_5,167570.69467783227,8248517.847134735,af31bf35b12254e4fcead50d21a00ca408a89e80,cardinal,4,1,90_deg_east,cardinal,90,0,90,640,640,2,batch_0002,626,datasets/df_2024_proportional/batch_0002/images/af31bf35b12254e4fcead50d21a00ca408a89e80.jpg,https://raw.githubusercontent.com/GUIA-DD/dataset-streetview/refs/heads/main/datasets/df_2024_proportional/batch_0002/images/af31bf35b12254e4fcead50d21a00ca408a89e80.jpg,True,downloaded,
9cda70a0844bd4c57262813f954f7b0e7c272446,952291b37e9290c7c460e7767f234f02d15e78d7,-15.82001303436669,-48.102996119838316,-15.82005540710796,-48.10298344977212,2024-08,2024,T4P94uh7C583uZguT30f1g,331.1283001001329,© Google,OK,3_5,167570.69467783227,8248517.847134735,44a18808223c65010fc939a293a38bf38eab0d72,cardinal,4,2,180_deg_south,cardinal,180,0,90,640,640,2,batch_0002,627,datasets/df_2024_proportional/batch_0002/images/44a18808223c65010fc939a293a38bf38eab0d72.jpg,https://raw.githubusercontent.com/GUIA-DD/dataset-streetview/refs/heads/main/datasets/df_2024_proportional/batch_0002/images/44a18808223c65010fc939a293a38bf38eab0d72.jpg,True,downloaded,
9cda70a0844bd4c57262813f954f7b0e7c272446,952291b37e9290c7c460e7767f234f02d15e78d7,-15.82001303436669,-48.102996119838316,-15.82005540710796,-48.10298344977212,2024-08,2024,T4P94uh7C583uZguT30f1g,331.1283001001329,© Google,OK,3_5,167570.69467783227,8248517.847134735,7a4f9929a53e0c320bb5760aedcdacaa89f4509d,cardinal,4,3,270_deg_west,cardinal,270,0,90,640,640,2,batch_0002,628,datasets/df_2024_proportional/batch_0002/images/7a4f9929a53e0c320bb5760aedcdacaa89f4509d.jpg,https://raw.githubusercontent.com/GUIA-DD/dataset-streetview/refs/heads/main/datasets/df_2024_proportional/batch_0002/images/7a4f9929a53e0c320bb5760aedcdacaa89f4509d.jpg,True,downloaded,
9d41216431a45bb2bb6c45803f1d37c56a19dc18,8bbfa07e08b10e75b3dae409248645859a59085b,-15.807625161070014,-48.091337711806645,-15.80758492976238,-48.09132908642499,2024-07,2024,3gcp9IsLgX9i-l1CtKd_TQ,321.7942434108507,© Google,OK,3_5,168800.52925912192,8249908.251535605,00a48a5119ae22052b160552160eef887529deb9,cardinal,4,0,0_deg_north,cardinal,0,0,90,640,640,2,batch_0002,629,datasets/df_2024_proportional/batch_0002/images/00a48a5119ae22052b160552160eef887529deb9.jpg,https://raw.githubusercontent.com/GUIA-DD/dataset-streetview/refs/heads/main/datasets/df_2024_proportional/batch_0002/images/00a48a5119ae22052b160552160eef887529deb9.jpg,True,downloaded,
9d41216431a45bb2bb6c45803f1d37c56a19dc18,8bbfa07e08b10e75b3dae409248645859a59085b,-15.807625161070014,-48.091337711806645,-15.80758492976238,-48.09132908642499,2024-07,2024,3gcp9IsLgX9i-l1CtKd_TQ,321.7942434108507,© Google,OK,3_5,168800.52925912192,8249908.251535605,dc4c56bae65569a08a1e679b6715fa33904db122,cardinal,4,1,90_deg_east,cardinal,90,0,90,640,640,2,batch_0002,630,datasets/df_2024_proportional/batch_0002/images/dc4c56bae65569a08a1e679b6715fa33904db122.jpg,https://raw.githubusercontent.com/GUIA-DD/dataset-streetview/refs/heads/main/datasets/df_2024_proportional/batch_0002/images/dc4c56bae65569a08a1e679b6715fa33904db122.jpg,True,downloaded,
9d41216431a45bb2bb6c45803f1d37c56a19dc18,8bbfa07e08b10e75b3dae409248645859a59085b,-15.807625161070014,-48.091337711806645,-15.80758492976238,-48.09132908642499,2024-07,2024,3gcp9IsLgX9i-l1CtKd_TQ,321.7942434108507,© Google,OK,3_5,168800.52925912192,8249908.251535605,9d556bc3d29792d499a296c1cf4fbf383966e075,cardinal,4,2,180_deg_south,cardinal,180,0,90,640,640,2,batch_0002,631,datasets/df_2024_proportional/batch_0002/images/9d556bc3d29792d499a296c1cf4fbf383966e075.jpg,https://raw.githubusercontent.com/GUIA-DD/dataset-streetview/refs/heads/main/datasets/df_2024_proportional/batch_0002/images/9d556bc3d29792d499a296c1cf4fbf383966e075.jpg,True,downloaded,
9d41216431a45bb2bb6c45803f1d37c56a19dc18,8bbfa07e08b10e75b3dae409248645859a59085b,-15.807625161070014,-48.091337711806645,-15.80758492976238,-48.09132908642499,2024-07,2024,3gcp9IsLgX9i-l1CtKd_TQ,321.7942434108507,© Google,OK,3_5,168800.52925912192,8249908.251535605,36ddf9ecddf426c6ba65489e171d6a7694f35044,cardinal,4,3,270_deg_west,cardinal,270,0,90,640,640,2,batch_0002,632,datasets/df_2024_proportional/batch_0002/images/36ddf9ecddf426c6ba65489e171d6a7694f35044.jpg,https://raw.githubusercontent.com/GUIA-DD/dataset-streetview/refs/heads/main/datasets/df_2024_proportional/batch_0002/images/36ddf9ecddf426c6ba65489e171d6a7694f35044.jpg,True,downloaded,
9de9fda5bfc6b4b9114a7cfb56829d7bb3d9a025,e64955bb197326e44578a08290ef14918a72b223,-15.82211980032249,-48.13708935034621,-15.82209973787323,-48.13709130538271,2024-07,2024,-_vAGoXgQ87M3ZKMw3r4Lg,289.3778721280781,© Google,OK,2_5,163918.60150282228,8248230.189700908,a342c71fb4e24b1003da62bdf85e546544276341,cardinal,4,0,0_deg_north,cardinal,0,0,90,640,640,2,batch_0002,633,datasets/df_2024_proportional/batch_0002/images/a342c71fb4e24b1003da62bdf85e546544276341.jpg,https://raw.githubusercontent.com/GUIA-DD/dataset-streetview/refs/heads/main/datasets/df_2024_proportional/batch_0002/images/a342c71fb4e24b1003da62bdf85e546544276341.jpg,True,downloaded,
9de9fda5bfc6b4b9114a7cfb56829d7bb3d9a025,e64955bb197326e44578a08290ef14918a72b223,-15.82211980032249,-48.13708935034621,-15.82209973787323,-48.13709130538271,2024-07,2024,-_vAGoXgQ87M3ZKMw3r4Lg,289.3778721280781,© Google,OK,2_5,163918.60150282228,8248230.189700908,25cbc0c4a29cbc40f48cfc96c28b1a0ab04e075b,cardinal,4,1,90_deg_east,cardinal,90,0,90,640,640,2,batch_0002,634,datasets/df_2024_proportional/batch_0002/images/25cbc0c4a29cbc40f48cfc96c28b1a0ab04e075b.jpg,https://raw.githubusercontent.com/GUIA-DD/dataset-streetview/refs/heads/main/datasets/df_2024_proportional/batch_0002/images/25cbc0c4a29cbc40f48cfc96c28b1a0ab04e075b.jpg,True,downloaded,
9de9fda5bfc6b4b9114a7cfb56829d7bb3d9a025,e64955bb197326e44578a08290ef14918a72b223,-15.82211980032249,-48.13708935034621,-15.82209973787323,-48.13709130538271,2024-07,2024,-_vAGoXgQ87M3ZKMw3r4Lg,289.3778721280781,© Google,OK,2_5,163918.60150282228,8248230.189700908,9eafe46c1c9bca7ff8f9212e27e77c4d259e5c61,cardinal,4,2,180_deg_south,cardinal,180,0,90,640,640,2,batch_0002,635,datasets/df_2024_proportional/batch_0002/images/9eafe46c1c9bca7ff8f9212e27e77c4d259e5c61.jpg,https://raw.githubusercontent.com/GUIA-DD/dataset-streetview/refs/heads/main/datasets/df_2024_proportional/batch_0002/images/9eafe46c1c9bca7ff8f9212e27e77c4d259e5c61.jpg,True,downloaded,
9de9fda5bfc6b4b9114a7cfb56829d7bb3d9a025,e64955bb197326e44578a08290ef14918a72b223,-15.82211980032249,-48.13708935034621,-15.82209973787323,-48.13709130538271,2024-07,2024,-_vAGoXgQ87M3ZKMw3r4Lg,289.3778721280781,© Google,OK,2_5,163918.60150282228,8248230.189700908,c8f2636337d08c5ae2719979f31993fef81cfb23,cardinal,4,3,270_deg_west,cardinal,270,0,90,640,640,2,batch_0002,636,datasets/df_2024_proportional/batch_0002/images/c8f2636337d08c5ae2719979f31993fef81cfb23.jpg,https://raw.githubusercontent.com/GUIA-DD/dataset-streetview/refs/heads/main/datasets/df_2024_proportional/batch_0002/images/c8f2636337d08c5ae2719979f31993fef81cfb23.jpg,True,downloaded,
9e60d1f57b0d25b6fef01dfc74d6aebd1c5b9461,1e5ce611d8a907d765b8bfa28ff3fcd8d770b707,-15.85437580118603,-47.882062402815755,-15.85440313521532,-47.88202633500627,2024-12,2024,gG727toP-zPuu5dN2xd4Qw,128.31193917952598,© Google,OK,8_4,191309.75931089386,8245050.343455646,8cc7cb5593c891d57cb9ab3eb19a6a6e162017f7,cardinal,4,0,0_deg_north,cardinal,0,0,90,640,640,2,batch_0002,637,datasets/df_2024_proportional/batch_0002/images/8cc7cb5593c891d57cb9ab3eb19a6a6e162017f7.jpg,https://raw.githubusercontent.com/GUIA-DD/dataset-streetview/refs/heads/main/datasets/df_2024_proportional/batch_0002/images/8cc7cb5593c891d57cb9ab3eb19a6a6e162017f7.jpg,True,downloaded,
9e60d1f57b0d25b6fef01dfc74d6aebd1c5b9461,1e5ce611d8a907d765b8bfa28ff3fcd8d770b707,-15.85437580118603,-47.882062402815755,-15.85440313521532,-47.88202633500627,2024-12,2024,gG727toP-zPuu5dN2xd4Qw,128.31193917952598,© Google,OK,8_4,191309.75931089386,8245050.343455646,e23288d476553a50ab59568464ffe511fb30516f,cardinal,4,1,90_deg_east,cardinal,90,0,90,640,640,2,batch_0002,638,datasets/df_2024_proportional/batch_0002/images/e23288d476553a50ab59568464ffe511fb30516f.jpg,https://raw.githubusercontent.com/GUIA-DD/dataset-streetview/refs/heads/main/datasets/df_2024_proportional/batch_0002/images/e23288d476553a50ab59568464ffe511fb30516f.jpg,True,downloaded,
9e60d1f57b0d25b6fef01dfc74d6aebd1c5b9461,1e5ce611d8a907d765b8bfa28ff3fcd8d770b707,-15.85437580118603,-47.882062402815755,-15.85440313521532,-47.88202633500627,2024-12,2024,gG727toP-zPuu5dN2xd4Qw,128.31193917952598,© Google,OK,8_4,191309.75931089386,8245050.343455646,14d02894901e5ba8ae1ac9d334d4b5af5f19e9a5,cardinal,4,2,180_deg_south,cardinal,180,0,90,640,640,2,batch_0002,639,datasets/df_2024_proportional/batch_0002/images/14d02894901e5ba8ae1ac9d334d4b5af5f19e9a5.jpg,https://raw.githubusercontent.com/GUIA-DD/dataset-streetview/refs/heads/main/datasets/df_2024_proportional/batch_0002/images/14d02894901e5ba8ae1ac9d334d4b5af5f19e9a5.jpg,True,downloaded,
9e60d1f57b0d25b6fef01dfc74d6aebd1c5b9461,1e5ce611d8a907d765b8bfa28ff3fcd8d770b707,-15.85437580118603,-47.882062402815755,-15.85440313521532,-47.88202633500627,2024-12,2024,gG727toP-zPuu5dN2xd4Qw,128.31193917952598,© Google,OK,8_4,191309.75931089386,8245050.343455646,a538d65b4b0aa937fcf9e5d1ee72a710ca728977,cardinal,4,3,270_deg_west,cardinal,270,0,90,640,640,2,batch_0002,640,datasets/df_2024_proportional/batch_0002/images/a538d65b4b0aa937fcf9e5d1ee72a710ca728977.jpg,https://raw.githubusercontent.com/GUIA-DD/dataset-streetview/refs/heads/main/datasets/df_2024_proportional/batch_0002/images/a538d65b4b0aa937fcf9e5d1ee72a710ca728977.jpg,True,downloaded,
9f34b928dc2b046d87ddf8225b502800a5117f37,8f695aaf3cb7255ddaac83ffe67a6e084299a75a,-15.891347191983451,-48.048850163255715,-15.89134884058742,-48.04885731832957,2025-06,2025,Oq7DE40RAK2BKoiidpgFsA,291.5713837062875,© Google,OK,4_3,173491.14659212672,8240702.838423203,4cd6918b9c77d238dc1c86d2d46c87392d24116b,cardinal,4,0,0_deg_north,cardinal,0,0,90,640,640,2,batch_0002,641,datasets/df_2024_proportional/batch_0002/images/4cd6918b9c77d238dc1c86d2d46c87392d24116b.jpg,https://raw.githubusercontent.com/GUIA-DD/dataset-streetview/refs/heads/main/datasets/df_2024_proportional/batch_0002/images/4cd6918b9c77d238dc1c86d2d46c87392d24116b.jpg,True,downloaded,
9f34b928dc2b046d87ddf8225b502800a5117f37,8f695aaf3cb7255ddaac83ffe67a6e084299a75a,-15.891347191983451,-48.048850163255715,-15.89134884058742,-48.04885731832957,2025-06,2025,Oq7DE40RAK2BKoiidpgFsA,291.5713837062875,© Google,OK,4_3,173491.14659212672,8240702.838423203,d284221019f2556f70537ffdc0fe36e5a2323a22,cardinal,4,1,90_deg_east,cardinal,90,0,90,640,640,2,batch_0002,642,datasets/df_2024_proportional/batch_0002/images/d284221019f2556f70537ffdc0fe36e5a2323a22.jpg,https://raw.githubusercontent.com/GUIA-DD/dataset-streetview/refs/heads/main/datasets/df_2024_proportional/batch_0002/images/d284221019f2556f70537ffdc0fe36e5a2323a22.jpg,True,downloaded,
9f34b928dc2b046d87ddf8225b502800a5117f37,8f695aaf3cb7255ddaac83ffe67a6e084299a75a,-15.891347191983451,-48.048850163255715,-15.89134884058742,-48.04885731832957,2025-06,2025,Oq7DE40RAK2BKoiidpgFsA,291.5713837062875,© Google,OK,4_3,173491.14659212672,8240702.838423203,6d7a94dacdac7280fc123ed740b2d3f37e32358f,cardinal,4,2,180_deg_south,cardinal,180,0,90,640,640,2,batch_0002,643,datasets/df_2024_proportional/batch_0002/images/6d7a94dacdac7280fc123ed740b2d3f37e32358f.jpg,https://raw.githubusercontent.com/GUIA-DD/dataset-streetview/refs/heads/main/datasets/df_2024_proportional/batch_0002/images/6d7a94dacdac7280fc123ed740b2d3f37e32358f.jpg,True,downloaded,
9f34b928dc2b046d87ddf8225b502800a5117f37,8f695aaf3cb7255ddaac83ffe67a6e084299a75a,-15.891347191983451,-48.048850163255715,-15.89134884058742,-48.04885731832957,2025-06,2025,Oq7DE40RAK2BKoiidpgFsA,291.5713837062875,© Google,OK,4_3,173491.14659212672,8240702.838423203,da58c816e918c0b672e7d1b3e618d33695b0ae67,cardinal,4,3,270_deg_west,cardinal,270,0,90,640,640,2,batch_0002,644,datasets/df_2024_proportional/batch_0002/images/da58c816e918c0b672e7d1b3e618d33695b0ae67.jpg,https://raw.githubusercontent.com/GUIA-DD/dataset-streetview/refs/heads/main/datasets/df_2024_proportional/batch_0002/images/da58c816e918c0b672e7d1b3e618d33695b0ae67.jpg,True,downloaded,
a069b092c125defe2100386e9b66c2f20861f2fd,ee941e850299d74db41989e2c81c3baec375c1ba,-15.807188661313308,-48.05924498968757,-15.80718369262481,-48.0592606457777,2024-09,2024,ue311IFrOJ6fXDf7MKBXtA,340.69091551445996,© Google,OK,4_5,172240.99060745625,8250006.956196315,d2b03b2bc74db6412b27a80b7e2be48ba448cb7f,cardinal,4,0,0_deg_north,cardinal,0,0,90,640,640,2,batch_0002,645,datasets/df_2024_proportional/batch_0002/images/d2b03b2bc74db6412b27a80b7e2be48ba448cb7f.jpg,https://raw.githubusercontent.com/GUIA-DD/dataset-streetview/refs/heads/main/datasets/df_2024_proportional/batch_0002/images/d2b03b2bc74db6412b27a80b7e2be48ba448cb7f.jpg,True,downloaded,
a069b092c125defe2100386e9b66c2f20861f2fd,ee941e850299d74db41989e2c81c3baec375c1ba,-15.807188661313308,-48.05924498968757,-15.80718369262481,-48.0592606457777,2024-09,2024,ue311IFrOJ6fXDf7MKBXtA,340.69091551445996,© Google,OK,4_5,172240.99060745625,8250006.956196315,c2f5b9926ad270b597a87b49390d6eaadc7cfa6a,cardinal,4,1,90_deg_east,cardinal,90,0,90,640,640,2,batch_0002,646,datasets/df_2024_proportional/batch_0002/images/c2f5b9926ad270b597a87b49390d6eaadc7cfa6a.jpg,https://raw.githubusercontent.com/GUIA-DD/dataset-streetview/refs/heads/main/datasets/df_2024_proportional/batch_0002/images/c2f5b9926ad270b597a87b49390d6eaadc7cfa6a.jpg,True,downloaded,
a069b092c125defe2100386e9b66c2f20861f2fd,ee941e850299d74db41989e2c81c3baec375c1ba,-15.807188661313308,-48.05924498968757,-15.80718369262481,-48.0592606457777,2024-09,2024,ue311IFrOJ6fXDf7MKBXtA,340.69091551445996,© Google,OK,4_5,172240.99060745625,8250006.956196315,294d1410f5c218fc78a1b5d684a39bb16b3582a4,cardinal,4,2,180_deg_south,cardinal,180,0,90,640,640,2,batch_0002,647,datasets/df_2024_proportional/batch_0002/images/294d1410f5c218fc78a1b5d684a39bb16b3582a4.jpg,https://raw.githubusercontent.com/GUIA-DD/dataset-streetview/refs/heads/main/datasets/df_2024_proportional/batch_0002/images/294d1410f5c218fc78a1b5d684a39bb16b3582a4.jpg,True,downloaded,
a069b092c125defe2100386e9b66c2f20861f2fd,ee941e850299d74db41989e2c81c3baec375c1ba,-15.807188661313308,-48.05924498968757,-15.80718369262481,-48.0592606457777,2024-09,2024,ue311IFrOJ6fXDf7MKBXtA,340.69091551445996,© Google,OK,4_5,172240.99060745625,8250006.956196315,a2ceed623d8168fdfb81e79b7e6f764e9c7672e0,cardinal,4,3,270_deg_west,cardinal,270,0,90,640,640,2,batch_0002,648,datasets/df_2024_proportional/batch_0002/images/a2ceed623d8168fdfb81e79b7e6f764e9c7672e0.jpg,https://raw.githubusercontent.com/GUIA-DD/dataset-streetview/refs/heads/main/datasets/df_2024_proportional/batch_0002/images/a2ceed623d8168fdfb81e79b7e6f764e9c7672e0.jpg,True,downloaded,
a285b3b6916cbade0b2ae8b6c6325bb233406ca4,bc1364f975378a11bc571b63185e44f898e653ad,-15.886788061618336,-48.10732949883016,-15.88679393987603,-48.10734655990949,2025-06,2025,4K3Ri9fFPHUcfOTkyL1ErA,64.85554023358505,© Google,OK,3_3,167215.73765697502,8241115.482545716,cd45cbd137a3f6b5bb809ff0cca181382b64c7a7,cardinal,4,0,0_deg_north,cardinal,0,0,90,640,640,2,batch_0002,649,datasets/df_2024_proportional/batch_0002/images/cd45cbd137a3f6b5bb809ff0cca181382b64c7a7.jpg,https://raw.githubusercontent.com/GUIA-DD/dataset-streetview/refs/heads/main/datasets/df_2024_proportional/batch_0002/images/cd45cbd137a3f6b5bb809ff0cca181382b64c7a7.jpg,True,downloaded,
a285b3b6916cbade0b2ae8b6c6325bb233406ca4,bc1364f975378a11bc571b63185e44f898e653ad,-15.886788061618336,-48.10732949883016,-15.88679393987603,-48.10734655990949,2025-06,2025,4K3Ri9fFPHUcfOTkyL1ErA,64.85554023358505,© Google,OK,3_3,167215.73765697502,8241115.482545716,7bc7cec62cb7539246582592390648cd81f57eb8,cardinal,4,1,90_deg_east,cardinal,90,0,90,640,640,2,batch_0002,650,datasets/df_2024_proportional/batch_0002/images/7bc7cec62cb7539246582592390648cd81f57eb8.jpg,https://raw.githubusercontent.com/GUIA-DD/dataset-streetview/refs/heads/main/datasets/df_2024_proportional/batch_0002/images/7bc7cec62cb7539246582592390648cd81f57eb8.jpg,True,downloaded,
a285b3b6916cbade0b2ae8b6c6325bb233406ca4,bc1364f975378a11bc571b63185e44f898e653ad,-15.886788061618336,-48.10732949883016,-15.88679393987603,-48.10734655990949,2025-06,2025,4K3Ri9fFPHUcfOTkyL1ErA,64.85554023358505,© Google,OK,3_3,167215.73765697502,8241115.482545716,e2e93eeb5b6141f7cd0fe4c99bb2698f5474a0fe,cardinal,4,2,180_deg_south,cardinal,180,0,90,640,640,2,batch_0002,651,datasets/df_2024_proportional/batch_0002/images/e2e93eeb5b6141f7cd0fe4c99bb2698f5474a0fe.jpg,https://raw.githubusercontent.com/GUIA-DD/dataset-streetview/refs/heads/main/datasets/df_2024_proportional/batch_0002/images/e2e93eeb5b6141f7cd0fe4c99bb2698f5474a0fe.jpg,True,downloaded,
a285b3b6916cbade0b2ae8b6c6325bb233406ca4,bc1364f975378a11bc571b63185e44f898e653ad,-15.886788061618336,-48.10732949883016,-15.88679393987603,-48.10734655990949,2025-06,2025,4K3Ri9fFPHUcfOTkyL1ErA,64.85554023358505,© Google,OK,3_3,167215.73765697502,8241115.482545716,85080e4bd396d4caa948a85c30f24b3ff590ee20,cardinal,4,3,270_deg_west,cardinal,270,0,90,640,640,2,batch_0002,652,datasets/df_2024_proportional/batch_0002/images/85080e4bd396d4caa948a85c30f24b3ff590ee20.jpg,https://raw.githubusercontent.com/GUIA-DD/dataset-streetview/refs/heads/main/datasets/df_2024_proportional/batch_0002/images/85080e4bd396d4caa948a85c30f24b3ff590ee20.jpg,True,downloaded,
a3a95e73bcaacc9863c26c4a165d51385cc2139a,b2a4da4a261c5ccd814735f5d12ae8b7017f6333,-15.880110023583919,-48.00019848401648,-15.88008954468115,-48.00018518402175,2025-07,2025,cNFSKjOe8LalvZeNsKNbSQ,65.00588225793439,© Google,OK,5_3,178687.632360836,8242022.717661515,35f85899b84d74d5bd1c84bb9c4c19f3d82e3e90,cardinal,4,0,0_deg_north,cardinal,0,0,90,640,640,2,batch_0002,653,datasets/df_2024_proportional/batch_0002/images/35f85899b84d74d5bd1c84bb9c4c19f3d82e3e90.jpg,https://raw.githubusercontent.com/GUIA-DD/dataset-streetview/refs/heads/main/datasets/df_2024_proportional/batch_0002/images/35f85899b84d74d5bd1c84bb9c4c19f3d82e3e90.jpg,True,downloaded,
a3a95e73bcaacc9863c26c4a165d51385cc2139a,b2a4da4a261c5ccd814735f5d12ae8b7017f6333,-15.880110023583919,-48.00019848401648,-15.88008954468115,-48.00018518402175,2025-07,2025,cNFSKjOe8LalvZeNsKNbSQ,65.00588225793439,© Google,OK,5_3,178687.632360836,8242022.717661515,8dffd5b6d2c46f1e66287c43666c19725a2a3c88,cardinal,4,1,90_deg_east,cardinal,90,0,90,640,640,2,batch_0002,654,datasets/df_2024_proportional/batch_0002/images/8dffd5b6d2c46f1e66287c43666c19725a2a3c88.jpg,https://raw.githubusercontent.com/GUIA-DD/dataset-streetview/refs/heads/main/datasets/df_2024_proportional/batch_0002/images/8dffd5b6d2c46f1e66287c43666c19725a2a3c88.jpg,True,downloaded,
a3a95e73bcaacc9863c26c4a165d51385cc2139a,b2a4da4a261c5ccd814735f5d12ae8b7017f6333,-15.880110023583919,-48.00019848401648,-15.88008954468115,-48.00018518402175,2025-07,2025,cNFSKjOe8LalvZeNsKNbSQ,65.00588225793439,© Google,OK,5_3,178687.632360836,8242022.717661515,24adfc920c79d8274e9284d2919d829663789661,cardinal,4,2,180_deg_south,cardinal,180,0,90,640,640,2,batch_0002,655,datasets/df_2024_proportional/batch_0002/images/24adfc920c79d8274e9284d2919d829663789661.jpg,https://raw.githubusercontent.com/GUIA-DD/dataset-streetview/refs/heads/main/datasets/df_2024_proportional/batch_0002/images/24adfc920c79d8274e9284d2919d829663789661.jpg,True,downloaded,
a3a95e73bcaacc9863c26c4a165d51385cc2139a,b2a4da4a261c5ccd814735f5d12ae8b7017f6333,-15.880110023583919,-48.00019848401648,-15.88008954468115,-48.00018518402175,2025-07,2025,cNFSKjOe8LalvZeNsKNbSQ,65.00588225793439,© Google,OK,5_3,178687.632360836,8242022.717661515,d3bd982c8605511bbb5ef3f656b735d04e000cbc,cardinal,4,3,270_deg_west,cardinal,270,0,90,640,640,2,batch_0002,656,datasets/df_2024_proportional/batch_0002/images/d3bd982c8605511bbb5ef3f656b735d04e000cbc.jpg,https://raw.githubusercontent.com/GUIA-DD/dataset-streetview/refs/heads/main/datasets/df_2024_proportional/batch_0002/images/d3bd982c8605511bbb5ef3f656b735d04e000cbc.jpg,True,downloaded,
a3d26c44e68b2da83617fa6c4216afff40a87eb9,6a583cc3e60ed45d240cf5e1529a14c87a8b436b,-15.773978652722366,-47.783686076474396,-15.77399747339124,-47.78368645870304,2024-06,2024,FpWIvSmXZluDDOjJPSxx0w,358.18401250884125,© Google,OK,10_6,201735.86549566587,8254094.820933055,8a588e78ed9dd08dc947e6c17fd66ec3f592d987,cardinal,4,0,0_deg_north,cardinal,0,0,90,640,640,2,batch_0002,657,datasets/df_2024_proportional/batch_0002/images/8a588e78ed9dd08dc947e6c17fd66ec3f592d987.jpg,https://raw.githubusercontent.com/GUIA-DD/dataset-streetview/refs/heads/main/datasets/df_2024_proportional/batch_0002/images/8a588e78ed9dd08dc947e6c17fd66ec3f592d987.jpg,True,downloaded,
a3d26c44e68b2da83617fa6c4216afff40a87eb9,6a583cc3e60ed45d240cf5e1529a14c87a8b436b,-15.773978652722366,-47.783686076474396,-15.77399747339124,-47.78368645870304,2024-06,2024,FpWIvSmXZluDDOjJPSxx0w,358.18401250884125,© Google,OK,10_6,201735.86549566587,8254094.820933055,e1e6bf9b7ef1d43a084206f8bf88b987d1060751,cardinal,4,1,90_deg_east,cardinal,90,0,90,640,640,2,batch_0002,658,datasets/df_2024_proportional/batch_0002/images/e1e6bf9b7ef1d43a084206f8bf88b987d1060751.jpg,https://raw.githubusercontent.com/GUIA-DD/dataset-streetview/refs/heads/main/datasets/df_2024_proportional/batch_0002/images/e1e6bf9b7ef1d43a084206f8bf88b987d1060751.jpg,True,downloaded,
a3d26c44e68b2da83617fa6c4216afff40a87eb9,6a583cc3e60ed45d240cf5e1529a14c87a8b436b,-15.773978652722366,-47.783686076474396,-15.77399747339124,-47.78368645870304,2024-06,2024,FpWIvSmXZluDDOjJPSxx0w,358.18401250884125,© Google,OK,10_6,201735.86549566587,8254094.820933055,05b38fb19c07256d6797bda672765102c468a88d,cardinal,4,2,180_deg_south,cardinal,180,0,90,640,640,2,batch_0002,659,datasets/df_2024_proportional/batch_0002/images/05b38fb19c07256d6797bda672765102c468a88d.jpg,https://raw.githubusercontent.com/GUIA-DD/dataset-streetview/refs/heads/main/datasets/df_2024_proportional/batch_0002/images/05b38fb19c07256d6797bda672765102c468a88d.jpg,True,downloaded,
a3d26c44e68b2da83617fa6c4216afff40a87eb9,6a583cc3e60ed45d240cf5e1529a14c87a8b436b,-15.773978652722366,-47.783686076474396,-15.77399747339124,-47.78368645870304,2024-06,2024,FpWIvSmXZluDDOjJPSxx0w,358.18401250884125,© Google,OK,10_6,201735.86549566587,8254094.820933055,b9440ca37c8a56b6d40785934c8c9d06aad90748,cardinal,4,3,270_deg_west,cardinal,270,0,90,640,640,2,batch_0002,660,datasets/df_2024_proportional/batch_0002/images/b9440ca37c8a56b6d40785934c8c9d06aad90748.jpg,https://raw.githubusercontent.com/GUIA-DD/dataset-streetview/refs/heads/main/datasets/df_2024_proportional/batch_0002/images/b9440ca37c8a56b6d40785934c8c9d06aad90748.jpg,True,downloaded,
a5b0d50bd747381338418713f7e9210850490d8d,d93b31d573c0b6b086dff301607619f6095ed596,-15.975844000054362,-48.0446813999731,-15.97579741306713,-48.04454274228375,2025-05,2025,In4ZLqTR_q9cLueLsYmb9A,249.95243867213563,© Google,OK,5_1,174074.59300721242,8231351.548972424,98488685b56430418e2ac506c32fcd8cfa78269f,cardinal,4,0,0_deg_north,cardinal,0,0,90,640,640,2,batch_0002,661,datasets/df_2024_proportional/batch_0002/images/98488685b56430418e2ac506c32fcd8cfa78269f.jpg,https://raw.githubusercontent.com/GUIA-DD/dataset-streetview/refs/heads/main/datasets/df_2024_proportional/batch_0002/images/98488685b56430418e2ac506c32fcd8cfa78269f.jpg,True,downloaded,
a5b0d50bd747381338418713f7e9210850490d8d,d93b31d573c0b6b086dff301607619f6095ed596,-15.975844000054362,-48.0446813999731,-15.97579741306713,-48.04454274228375,2025-05,2025,In4ZLqTR_q9cLueLsYmb9A,249.95243867213563,© Google,OK,5_1,174074.59300721242,8231351.548972424,4d88d84a9a2aa3a713afca5b0a12f79be1b96c28,cardinal,4,1,90_deg_east,cardinal,90,0,90,640,640,2,batch_0002,662,datasets/df_2024_proportional/batch_0002/images/4d88d84a9a2aa3a713afca5b0a12f79be1b96c28.jpg,https://raw.githubusercontent.com/GUIA-DD/dataset-streetview/refs/heads/main/datasets/df_2024_proportional/batch_0002/images/4d88d84a9a2aa3a713afca5b0a12f79be1b96c28.jpg,True,downloaded,
a5b0d50bd747381338418713f7e9210850490d8d,d93b31d573c0b6b086dff301607619f6095ed596,-15.975844000054362,-48.0446813999731,-15.97579741306713,-48.04454274228375,2025-05,2025,In4ZLqTR_q9cLueLsYmb9A,249.95243867213563,© Google,OK,5_1,174074.59300721242,8231351.548972424,dcb04aec3a5f1ad82fefface9a4e190fc59149ac,cardinal,4,2,180_deg_south,cardinal,180,0,90,640,640,2,batch_0002,663,datasets/df_2024_proportional/batch_0002/images/dcb04aec3a5f1ad82fefface9a4e190fc59149ac.jpg,https://raw.githubusercontent.com/GUIA-DD/dataset-streetview/refs/heads/main/datasets/df_2024_proportional/batch_0002/images/dcb04aec3a5f1ad82fefface9a4e190fc59149ac.jpg,True,downloaded,
a5b0d50bd747381338418713f7e9210850490d8d,d93b31d573c0b6b086dff301607619f6095ed596,-15.975844000054362,-48.0446813999731,-15.97579741306713,-48.04454274228375,2025-05,2025,In4ZLqTR_q9cLueLsYmb9A,249.95243867213563,© Google,OK,5_1,174074.59300721242,8231351.548972424,233c5a2839f6a1bbbc3fadd38a708ade78a054ad,cardinal,4,3,270_deg_west,cardinal,270,0,90,640,640,2,batch_0002,664,datasets/df_2024_proportional/batch_0002/images/233c5a2839f6a1bbbc3fadd38a708ade78a054ad.jpg,https://raw.githubusercontent.com/GUIA-DD/dataset-streetview/refs/heads/main/datasets/df_2024_proportional/batch_0002/images/233c5a2839f6a1bbbc3fadd38a708ade78a054ad.jpg,True,downloaded,
a69df725ebe514dbfc28980a682bd10d1f50eb0c,78a4d84497d1355b1a9f3d0c3a0c2ed7b389f9c0,-15.84214173780543,-48.05049586524113,-15.84211854257786,-48.05049579325541,2025-05,2025,n4RDNVIV_QJy6OkvejNsiw,29.47469741048769,© Google,OK,4_4,173235.3632301943,8246149.642174408,3e8a1dc3d73650f2edee9b6b8bdd08e73e8ecc3d,cardinal,4,0,0_deg_north,cardinal,0,0,90,640,640,2,batch_0002,665,datasets/df_2024_proportional/batch_0002/images/3e8a1dc3d73650f2edee9b6b8bdd08e73e8ecc3d.jpg,https://raw.githubusercontent.com/GUIA-DD/dataset-streetview/refs/heads/main/datasets/df_2024_proportional/batch_0002/images/3e8a1dc3d73650f2edee9b6b8bdd08e73e8ecc3d.jpg,True,downloaded,
a69df725ebe514dbfc28980a682bd10d1f50eb0c,78a4d84497d1355b1a9f3d0c3a0c2ed7b389f9c0,-15.84214173780543,-48.05049586524113,-15.84211854257786,-48.05049579325541,2025-05,2025,n4RDNVIV_QJy6OkvejNsiw,29.47469741048769,© Google,OK,4_4,173235.3632301943,8246149.642174408,1bb9cf7467198fb1e4953ce9783369474eba902d,cardinal,4,1,90_deg_east,cardinal,90,0,90,640,640,2,batch_0002,666,datasets/df_2024_proportional/batch_0002/images/1bb9cf7467198fb1e4953ce9783369474eba902d.jpg,https://raw.githubusercontent.com/GUIA-DD/dataset-streetview/refs/heads/main/datasets/df_2024_proportional/batch_0002/images/1bb9cf7467198fb1e4953ce9783369474eba902d.jpg,True,downloaded,
a69df725ebe514dbfc28980a682bd10d1f50eb0c,78a4d84497d1355b1a9f3d0c3a0c2ed7b389f9c0,-15.84214173780543,-48.05049586524113,-15.84211854257786,-48.05049579325541,2025-05,2025,n4RDNVIV_QJy6OkvejNsiw,29.47469741048769,© Google,OK,4_4,173235.3632301943,8246149.642174408,30b6202ec626066b1d981553591c500c0000dbaa,cardinal,4,2,180_deg_south,cardinal,180,0,90,640,640,2,batch_0002,667,datasets/df_2024_proportional/batch_0002/images/30b6202ec626066b1d981553591c500c0000dbaa.jpg,https://raw.githubusercontent.com/GUIA-DD/dataset-streetview/refs/heads/main/datasets/df_2024_proportional/batch_0002/images/30b6202ec626066b1d981553591c500c0000dbaa.jpg,True,downloaded,
a69df725ebe514dbfc28980a682bd10d1f50eb0c,78a4d84497d1355b1a9f3d0c3a0c2ed7b389f9c0,-15.84214173780543,-48.05049586524113,-15.84211854257786,-48.05049579325541,2025-05,2025,n4RDNVIV_QJy6OkvejNsiw,29.47469741048769,© Google,OK,4_4,173235.3632301943,8246149.642174408,b89494ac840042ecba243df32e0437cd43d710eb,cardinal,4,3,270_deg_west,cardinal,270,0,90,640,640,2,batch_0002,668,datasets/df_2024_proportional/batch_0002/images/b89494ac840042ecba243df32e0437cd43d710eb.jpg,https://raw.githubusercontent.com/GUIA-DD/dataset-streetview/refs/heads/main/datasets/df_2024_proportional/batch_0002/images/b89494ac840042ecba243df32e0437cd43d710eb.jpg,True,downloaded,
a86928816ca5b1a71c268eda8ff9d53012d54435,cd2e194ea170a97d100a501ea342f1ecb7c345c5,-16.03329071420103,-47.96580134349442,-16.03324219492501,-47.96580430708045,2025-02,2025,YEtnsTDcqKVIWfpXq_Lqug,187.62015644181844,© Google,OK,6_0,182615.9100425287,8225111.944486555,c9022e21d5097338fffe5fb646df7c8c32033bdd,cardinal,4,0,0_deg_north,cardinal,0,0,90,640,640,2,batch_0002,669,datasets/df_2024_proportional/batch_0002/images/c9022e21d5097338fffe5fb646df7c8c32033bdd.jpg,https://raw.githubusercontent.com/GUIA-DD/dataset-streetview/refs/heads/main/datasets/df_2024_proportional/batch_0002/images/c9022e21d5097338fffe5fb646df7c8c32033bdd.jpg,True,downloaded,
a86928816ca5b1a71c268eda8ff9d53012d54435,cd2e194ea170a97d100a501ea342f1ecb7c345c5,-16.03329071420103,-47.96580134349442,-16.03324219492501,-47.96580430708045,2025-02,2025,YEtnsTDcqKVIWfpXq_Lqug,187.62015644181844,© Google,OK,6_0,182615.9100425287,8225111.944486555,b500bcfe2ab059f6a010fdbb3eb711d8386a2785,cardinal,4,1,90_deg_east,cardinal,90,0,90,640,640,2,batch_0002,670,datasets/df_2024_proportional/batch_0002/images/b500bcfe2ab059f6a010fdbb3eb711d8386a2785.jpg,https://raw.githubusercontent.com/GUIA-DD/dataset-streetview/refs/heads/main/datasets/df_2024_proportional/batch_0002/images/b500bcfe2ab059f6a010fdbb3eb711d8386a2785.jpg,True,downloaded,
a86928816ca5b1a71c268eda8ff9d53012d54435,cd2e194ea170a97d100a501ea342f1ecb7c345c5,-16.03329071420103,-47.96580134349442,-16.03324219492501,-47.96580430708045,2025-02,2025,YEtnsTDcqKVIWfpXq_Lqug,187.62015644181844,© Google,OK,6_0,182615.9100425287,8225111.944486555,9d6e48d8edda265e3248dd68d10de944979aa215,cardinal,4,2,180_deg_south,cardinal,180,0,90,640,640,2,batch_0002,671,datasets/df_2024_proportional/batch_0002/images/9d6e48d8edda265e3248dd68d10de944979aa215.jpg,https://raw.githubusercontent.com/GUIA-DD/dataset-streetview/refs/heads/main/datasets/df_2024_proportional/batch_0002/images/9d6e48d8edda265e3248dd68d10de944979aa215.jpg,True,downloaded,
a86928816ca5b1a71c268eda8ff9d53012d54435,cd2e194ea170a97d100a501ea342f1ecb7c345c5,-16.03329071420103,-47.96580134349442,-16.03324219492501,-47.96580430708045,2025-02,2025,YEtnsTDcqKVIWfpXq_Lqug,187.62015644181844,© Google,OK,6_0,182615.9100425287,8225111.944486555,b7608442c50a488c98d464a8a553ae634d1f8f3b,cardinal,4,3,270_deg_west,cardinal,270,0,90,640,640,2,batch_0002,672,datasets/df_2024_proportional/batch_0002/images/b7608442c50a488c98d464a8a553ae634d1f8f3b.jpg,https://raw.githubusercontent.com/GUIA-DD/dataset-streetview/refs/heads/main/datasets/df_2024_proportional/batch_0002/images/b7608442c50a488c98d464a8a553ae634d1f8f3b.jpg,True,downloaded,
aae3cb9a6d8818fdfc71ec31375f4d79be7f9be1,db9be789650b0bc8fd44dfd761f5ab5ee74113f5,-15.858095950118326,-48.07798179991664,-15.85807010212796,-48.07795210589249,2025-06,2025,QF1B4Hom2sN2GyoKjXbL3Q,63.892462074267094,© Google,OK,4_4,170314.64342255026,8244339.655251708,754d6bb8e80d7355ffcca30c5ee2fa50fec81407,cardinal,4,0,0_deg_north,cardinal,0,0,90,640,640,2,batch_0002,673,datasets/df_2024_proportional/batch_0002/images/754d6bb8e80d7355ffcca30c5ee2fa50fec81407.jpg,https://raw.githubusercontent.com/GUIA-DD/dataset-streetview/refs/heads/main/datasets/df_2024_proportional/batch_0002/images/754d6bb8e80d7355ffcca30c5ee2fa50fec81407.jpg,True,downloaded,
aae3cb9a6d8818fdfc71ec31375f4d79be7f9be1,db9be789650b0bc8fd44dfd761f5ab5ee74113f5,-15.858095950118326,-48.07798179991664,-15.85807010212796,-48.07795210589249,2025-06,2025,QF1B4Hom2sN2GyoKjXbL3Q,63.892462074267094,© Google,OK,4_4,170314.64342255026,8244339.655251708,f09fa47a6d0ee890cd563c659d6aa576590fdd0b,cardinal,4,1,90_deg_east,cardinal,90,0,90,640,640,2,batch_0002,674,datasets/df_2024_proportional/batch_0002/images/f09fa47a6d0ee890cd563c659d6aa576590fdd0b.jpg,https://raw.githubusercontent.com/GUIA-DD/dataset-streetview/refs/heads/main/datasets/df_2024_proportional/batch_0002/images/f09fa47a6d0ee890cd563c659d6aa576590fdd0b.jpg,True,downloaded,
aae3cb9a6d8818fdfc71ec31375f4d79be7f9be1,db9be789650b0bc8fd44dfd761f5ab5ee74113f5,-15.858095950118326,-48.07798179991664,-15.85807010212796,-48.07795210589249,2025-06,2025,QF1B4Hom2sN2GyoKjXbL3Q,63.892462074267094,© Google,OK,4_4,170314.64342255026,8244339.655251708,e9ad8f825645194702c6a53b6d278fa5924f041b,cardinal,4,2,180_deg_south,cardinal,180,0,90,640,640,2,batch_0002,675,datasets/df_2024_proportional/batch_0002/images/e9ad8f825645194702c6a53b6d278fa5924f041b.jpg,https://raw.githubusercontent.com/GUIA-DD/dataset-streetview/refs/heads/main/datasets/df_2024_proportional/batch_0002/images/e9ad8f825645194702c6a53b6d278fa5924f041b.jpg,True,downloaded,
aae3cb9a6d8818fdfc71ec31375f4d79be7f9be1,db9be789650b0bc8fd44dfd761f5ab5ee74113f5,-15.858095950118326,-48.07798179991664,-15.85807010212796,-48.07795210589249,2025-06,2025,QF1B4Hom2sN2GyoKjXbL3Q,63.892462074267094,© Google,OK,4_4,170314.64342255026,8244339.655251708,bfb643050f9ba43d6de7b87b2eebf02dc8dbac6c,cardinal,4,3,270_deg_west,cardinal,270,0,90,640,640,2,batch_0002,676,datasets/df_2024_proportional/batch_0002/images/bfb643050f9ba43d6de7b87b2eebf02dc8dbac6c.jpg,https://raw.githubusercontent.com/GUIA-DD/dataset-streetview/refs/heads/main/datasets/df_2024_proportional/batch_0002/images/bfb643050f9ba43d6de7b87b2eebf02dc8dbac6c.jpg,True,downloaded,
ab0d3957445a613b8bc8432678bf436c6205c5ff,eef4c2cfac331b829eb93dc0d4a2082683c64bfc,-15.945146700011033,-48.23009774999521,-15.94518278900809,-48.23008926720355,2025-05,2025,BKyYGL9AsdDnyQNipMu3yg,251.2917299826263,© Google,OK,1_2,154156.01883362257,8234452.011330353,331b52f24adaf65a654dc169a3bfb4769b28b95a,cardinal,4,0,0_deg_north,cardinal,0,0,90,640,640,2,batch_0002,677,datasets/df_2024_proportional/batch_0002/images/331b52f24adaf65a654dc169a3bfb4769b28b95a.jpg,https://raw.githubusercontent.com/GUIA-DD/dataset-streetview/refs/heads/main/datasets/df_2024_proportional/batch_0002/images/331b52f24adaf65a654dc169a3bfb4769b28b95a.jpg,True,downloaded,
ab0d3957445a613b8bc8432678bf436c6205c5ff,eef4c2cfac331b829eb93dc0d4a2082683c64bfc,-15.945146700011033,-48.23009774999521,-15.94518278900809,-48.23008926720355,2025-05,2025,BKyYGL9AsdDnyQNipMu3yg,251.2917299826263,© Google,OK,1_2,154156.01883362257,8234452.011330353,de56d2d783df212c2cf6c13fb99a3aa41972fbe7,cardinal,4,1,90_deg_east,cardinal,90,0,90,640,640,2,batch_0002,678,datasets/df_2024_proportional/batch_0002/images/de56d2d783df212c2cf6c13fb99a3aa41972fbe7.jpg,https://raw.githubusercontent.com/GUIA-DD/dataset-streetview/refs/heads/main/datasets/df_2024_proportional/batch_0002/images/de56d2d783df212c2cf6c13fb99a3aa41972fbe7.jpg,True,downloaded,
ab0d3957445a613b8bc8432678bf436c6205c5ff,eef4c2cfac331b829eb93dc0d4a2082683c64bfc,-15.945146700011033,-48.23009774999521,-15.94518278900809,-48.23008926720355,2025-05,2025,BKyYGL9AsdDnyQNipMu3yg,251.2917299826263,© Google,OK,1_2,154156.01883362257,8234452.011330353,cf0eec8ab4dabd0d5c86058532f0ae941e23f94e,cardinal,4,2,180_deg_south,cardinal,180,0,90,640,640,2,batch_0002,679,datasets/df_2024_proportional/batch_0002/images/cf0eec8ab4dabd0d5c86058532f0ae941e23f94e.jpg,https://raw.githubusercontent.com/GUIA-DD/dataset-streetview/refs/heads/main/datasets/df_2024_proportional/batch_0002/images/cf0eec8ab4dabd0d5c86058532f0ae941e23f94e.jpg,True,downloaded,
ab0d3957445a613b8bc8432678bf436c6205c5ff,eef4c2cfac331b829eb93dc0d4a2082683c64bfc,-15.945146700011033,-48.23009774999521,-15.94518278900809,-48.23008926720355,2025-05,2025,BKyYGL9AsdDnyQNipMu3yg,251.2917299826263,© Google,OK,1_2,154156.01883362257,8234452.011330353,d80ba0ab47030870e1c55b85b2b0a56cb9b57ea5,cardinal,4,3,270_deg_west,cardinal,270,0,90,640,640,2,batch_0002,680,datasets/df_2024_proportional/batch_0002/images/d80ba0ab47030870e1c55b85b2b0a56cb9b57ea5.jpg,https://raw.githubusercontent.com/GUIA-DD/dataset-streetview/refs/heads/main/datasets/df_2024_proportional/batch_0002/images/d80ba0ab47030870e1c55b85b2b0a56cb9b57ea5.jpg,True,downloaded,
ac688df31b037ae9a7243da47805cd2ea26a13ef,57d3190f9b5e5ddc4fcba5b70883fbc881d0dd10,-15.815355700047254,-48.15266789983346,-15.81535457203802,-48.15266613546001,2026-01,2026,rBh8W6KPQmy4nIRKXZ2-Lw,196.73191344410964,© Google,OK,2_5,162236.95695747607,8248954.332192093,7373b5f0a78e26cbdf88598b0308410421700dce,cardinal,4,0,0_deg_north,cardinal,0,0,90,640,640,2,batch_0002,681,datasets/df_2024_proportional/batch_0002/images/7373b5f0a78e26cbdf88598b0308410421700dce.jpg,https://raw.githubusercontent.com/GUIA-DD/dataset-streetview/refs/heads/main/datasets/df_2024_proportional/batch_0002/images/7373b5f0a78e26cbdf88598b0308410421700dce.jpg,True,downloaded,
ac688df31b037ae9a7243da47805cd2ea26a13ef,57d3190f9b5e5ddc4fcba5b70883fbc881d0dd10,-15.815355700047254,-48.15266789983346,-15.81535457203802,-48.15266613546001,2026-01,2026,rBh8W6KPQmy4nIRKXZ2-Lw,196.73191344410964,© Google,OK,2_5,162236.95695747607,8248954.332192093,0b5b0bd061813a9127f82ee5c0e16caf20cb56b5,cardinal,4,1,90_deg_east,cardinal,90,0,90,640,640,2,batch_0002,682,datasets/df_2024_proportional/batch_0002/images/0b5b0bd061813a9127f82ee5c0e16caf20cb56b5.jpg,https://raw.githubusercontent.com/GUIA-DD/dataset-streetview/refs/heads/main/datasets/df_2024_proportional/batch_0002/images/0b5b0bd061813a9127f82ee5c0e16caf20cb56b5.jpg,True,downloaded,
ac688df31b037ae9a7243da47805cd2ea26a13ef,57d3190f9b5e5ddc4fcba5b70883fbc881d0dd10,-15.815355700047254,-48.15266789983346,-15.81535457203802,-48.15266613546001,2026-01,2026,rBh8W6KPQmy4nIRKXZ2-Lw,196.73191344410964,© Google,OK,2_5,162236.95695747607,8248954.332192093,3f3b7a2a89493da2bad7dc09343914b6b2019bfd,cardinal,4,2,180_deg_south,cardinal,180,0,90,640,640,2,batch_0002,683,datasets/df_2024_proportional/batch_0002/images/3f3b7a2a89493da2bad7dc09343914b6b2019bfd.jpg,https://raw.githubusercontent.com/GUIA-DD/dataset-streetview/refs/heads/main/datasets/df_2024_proportional/batch_0002/images/3f3b7a2a89493da2bad7dc09343914b6b2019bfd.jpg,True,downloaded,
ac688df31b037ae9a7243da47805cd2ea26a13ef,57d3190f9b5e5ddc4fcba5b70883fbc881d0dd10,-15.815355700047254,-48.15266789983346,-15.81535457203802,-48.15266613546001,2026-01,2026,rBh8W6KPQmy4nIRKXZ2-Lw,196.73191344410964,© Google,OK,2_5,162236.95695747607,8248954.332192093,2fe6b6cce02decf585004ccdb8d5d2dd0b316454,cardinal,4,3,270_deg_west,cardinal,270,0,90,640,640,2,batch_0002,684,datasets/df_2024_proportional/batch_0002/images/2fe6b6cce02decf585004ccdb8d5d2dd0b316454.jpg,https://raw.githubusercontent.com/GUIA-DD/dataset-streetview/refs/heads/main/datasets/df_2024_proportional/batch_0002/images/2fe6b6cce02decf585004ccdb8d5d2dd0b316454.jpg,True,downloaded,
ac898670e2a8e71e7a44723ebcb95b64aaf15225,605e42885593b5d836d576dc9301292a19d52bca,-16.02755159141796,-47.98652423432815,-16.0275494683316,-47.98650360168477,2025-02,2025,TM0JQEJbeLvOJPGB1hzZSw,283.6684718677651,© Google,OK,6_0,180387.39235762053,8225715.642880334,6350dfddbd36b549527002ff0a7e5b97f41612c0,cardinal,4,0,0_deg_north,cardinal,0,0,90,640,640,2,batch_0002,685,datasets/df_2024_proportional/batch_0002/images/6350dfddbd36b549527002ff0a7e5b97f41612c0.jpg,https://raw.githubusercontent.com/GUIA-DD/dataset-streetview/refs/heads/main/datasets/df_2024_proportional/batch_0002/images/6350dfddbd36b549527002ff0a7e5b97f41612c0.jpg,True,downloaded,
ac898670e2a8e71e7a44723ebcb95b64aaf15225,605e42885593b5d836d576dc9301292a19d52bca,-16.02755159141796,-47.98652423432815,-16.0275494683316,-47.98650360168477,2025-02,2025,TM0JQEJbeLvOJPGB1hzZSw,283.6684718677651,© Google,OK,6_0,180387.39235762053,8225715.642880334,05592b90b378d5ae549b00441339019ced003280,cardinal,4,1,90_deg_east,cardinal,90,0,90,640,640,2,batch_0002,686,datasets/df_2024_proportional/batch_0002/images/05592b90b378d5ae549b00441339019ced003280.jpg,https://raw.githubusercontent.com/GUIA-DD/dataset-streetview/refs/heads/main/datasets/df_2024_proportional/batch_0002/images/05592b90b378d5ae549b00441339019ced003280.jpg,True,downloaded,
ac898670e2a8e71e7a44723ebcb95b64aaf15225,605e42885593b5d836d576dc9301292a19d52bca,-16.02755159141796,-47.98652423432815,-16.0275494683316,-47.98650360168477,2025-02,2025,TM0JQEJbeLvOJPGB1hzZSw,283.6684718677651,© Google,OK,6_0,180387.39235762053,8225715.642880334,c7c91232504d77cc990d698d1e09b0c2221da977,cardinal,4,2,180_deg_south,cardinal,180,0,90,640,640,2,batch_0002,687,datasets/df_2024_proportional/batch_0002/images/c7c91232504d77cc990d698d1e09b0c2221da977.jpg,https://raw.githubusercontent.com/GUIA-DD/dataset-streetview/refs/heads/main/datasets/df_2024_proportional/batch_0002/images/c7c91232504d77cc990d698d1e09b0c2221da977.jpg,True,downloaded,
ac898670e2a8e71e7a44723ebcb95b64aaf15225,605e42885593b5d836d576dc9301292a19d52bca,-16.02755159141796,-47.98652423432815,-16.0275494683316,-47.98650360168477,2025-02,2025,TM0JQEJbeLvOJPGB1hzZSw,283.6684718677651,© Google,OK,6_0,180387.39235762053,8225715.642880334,10e3d1a1246f4dcde848b7423e47e1056e933532,cardinal,4,3,270_deg_west,cardinal,270,0,90,640,640,2,batch_0002,688,datasets/df_2024_proportional/batch_0002/images/10e3d1a1246f4dcde848b7423e47e1056e933532.jpg,https://raw.githubusercontent.com/GUIA-DD/dataset-streetview/refs/heads/main/datasets/df_2024_proportional/batch_0002/images/10e3d1a1246f4dcde848b7423e47e1056e933532.jpg,True,downloaded,
ac89cfbe63b7ad932deb63f815cf2d3613b5b40c,11162d22dff1a8f707c173b82b271795ea32b4df,-15.792577450046187,-48.121776701838364,-15.79261114932611,-48.12176968920006,2024-07,2024,aWNwNdYuDYYyJVikhKdtjw,158.84289116784723,© Google,OK,3_5,165511.85502199346,8251526.579229247,5c04fc149ea3b526d4c6af9e88188109068410d3,cardinal,4,0,0_deg_north,cardinal,0,0,90,640,640,2,batch_0002,689,datasets/df_2024_proportional/batch_0002/images/5c04fc149ea3b526d4c6af9e88188109068410d3.jpg,https://raw.githubusercontent.com/GUIA-DD/dataset-streetview/refs/heads/main/datasets/df_2024_proportional/batch_0002/images/5c04fc149ea3b526d4c6af9e88188109068410d3.jpg,True,downloaded,
ac89cfbe63b7ad932deb63f815cf2d3613b5b40c,11162d22dff1a8f707c173b82b271795ea32b4df,-15.792577450046187,-48.121776701838364,-15.79261114932611,-48.12176968920006,2024-07,2024,aWNwNdYuDYYyJVikhKdtjw,158.84289116784723,© Google,OK,3_5,165511.85502199346,8251526.579229247,f3d9c1515b791b0012a68c76be7ffc9db4a17430,cardinal,4,1,90_deg_east,cardinal,90,0,90,640,640,2,batch_0002,690,datasets/df_2024_proportional/batch_0002/images/f3d9c1515b791b0012a68c76be7ffc9db4a17430.jpg,https://raw.githubusercontent.com/GUIA-DD/dataset-streetview/refs/heads/main/datasets/df_2024_proportional/batch_0002/images/f3d9c1515b791b0012a68c76be7ffc9db4a17430.jpg,True,downloaded,
ac89cfbe63b7ad932deb63f815cf2d3613b5b40c,11162d22dff1a8f707c173b82b271795ea32b4df,-15.792577450046187,-48.121776701838364,-15.79261114932611,-48.12176968920006,2024-07,2024,aWNwNdYuDYYyJVikhKdtjw,158.84289116784723,© Google,OK,3_5,165511.85502199346,8251526.579229247,078bd712cf9467c4dd912c67d99c712f6134e33b,cardinal,4,2,180_deg_south,cardinal,180,0,90,640,640,2,batch_0002,691,datasets/df_2024_proportional/batch_0002/images/078bd712cf9467c4dd912c67d99c712f6134e33b.jpg,https://raw.githubusercontent.com/GUIA-DD/dataset-streetview/refs/heads/main/datasets/df_2024_proportional/batch_0002/images/078bd712cf9467c4dd912c67d99c712f6134e33b.jpg,True,downloaded,
ac89cfbe63b7ad932deb63f815cf2d3613b5b40c,11162d22dff1a8f707c173b82b271795ea32b4df,-15.792577450046187,-48.121776701838364,-15.79261114932611,-48.12176968920006,2024-07,2024,aWNwNdYuDYYyJVikhKdtjw,158.84289116784723,© Google,OK,3_5,165511.85502199346,8251526.579229247,9486aa6b7d47af15d24cba84ca9761406b970f9c,cardinal,4,3,270_deg_west,cardinal,270,0,90,640,640,2,batch_0002,692,datasets/df_2024_proportional/batch_0002/images/9486aa6b7d47af15d24cba84ca9761406b970f9c.jpg,https://raw.githubusercontent.com/GUIA-DD/dataset-streetview/refs/heads/main/datasets/df_2024_proportional/batch_0002/images/9486aa6b7d47af15d24cba84ca9761406b970f9c.jpg,True,downloaded,
aca7f974134cbe07e64fe461ac52ca4ce6d017b0,9b7d34f86d10ce2be512ac9812910294fe52cf5b,-15.823397600203698,-48.08272839989573,-15.82340917942128,-48.08268802705688,2026-02,2026,pUBgyM6brPlvbIsCI2I8FQ,249.3160324132029,© Google,OK,4_5,169749.31731815252,8248175.017904631,d82e5db4b1a6170dd0dd3968d75b9ddc6984cadb,cardinal,4,0,0_deg_north,cardinal,0,0,90,640,640,2,batch_0002,693,datasets/df_2024_proportional/batch_0002/images/d82e5db4b1a6170dd0dd3968d75b9ddc6984cadb.jpg,https://raw.githubusercontent.com/GUIA-DD/dataset-streetview/refs/heads/main/datasets/df_2024_proportional/batch_0002/images/d82e5db4b1a6170dd0dd3968d75b9ddc6984cadb.jpg,True,downloaded,
aca7f974134cbe07e64fe461ac52ca4ce6d017b0,9b7d34f86d10ce2be512ac9812910294fe52cf5b,-15.823397600203698,-48.08272839989573,-15.82340917942128,-48.08268802705688,2026-02,2026,pUBgyM6brPlvbIsCI2I8FQ,249.3160324132029,© Google,OK,4_5,169749.31731815252,8248175.017904631,3b462dfe6f8fa4d9ab42a7ae2d46faeafdb1f6f1,cardinal,4,1,90_deg_east,cardinal,90,0,90,640,640,2,batch_0002,694,datasets/df_2024_proportional/batch_0002/images/3b462dfe6f8fa4d9ab42a7ae2d46faeafdb1f6f1.jpg,https://raw.githubusercontent.com/GUIA-DD/dataset-streetview/refs/heads/main/datasets/df_2024_proportional/batch_0002/images/3b462dfe6f8fa4d9ab42a7ae2d46faeafdb1f6f1.jpg,True,downloaded,
aca7f974134cbe07e64fe461ac52ca4ce6d017b0,9b7d34f86d10ce2be512ac9812910294fe52cf5b,-15.823397600203698,-48.08272839989573,-15.82340917942128,-48.08268802705688,2026-02,2026,pUBgyM6brPlvbIsCI2I8FQ,249.3160324132029,© Google,OK,4_5,169749.31731815252,8248175.017904631,7930abaa7aac8a1204b05407512800643735f0a1,cardinal,4,2,180_deg_south,cardinal,180,0,90,640,640,2,batch_0002,695,datasets/df_2024_proportional/batch_0002/images/7930abaa7aac8a1204b05407512800643735f0a1.jpg,https://raw.githubusercontent.com/GUIA-DD/dataset-streetview/refs/heads/main/datasets/df_2024_proportional/batch_0002/images/7930abaa7aac8a1204b05407512800643735f0a1.jpg,True,downloaded,
aca7f974134cbe07e64fe461ac52ca4ce6d017b0,9b7d34f86d10ce2be512ac9812910294fe52cf5b,-15.823397600203698,-48.08272839989573,-15.82340917942128,-48.08268802705688,2026-02,2026,pUBgyM6brPlvbIsCI2I8FQ,249.3160324132029,© Google,OK,4_5,169749.31731815252,8248175.017904631,93a7e57c862d14e9ab45fe9d524d1b89bb15a67a,cardinal,4,3,270_deg_west,cardinal,270,0,90,640,640,2,batch_0002,696,datasets/df_2024_proportional/batch_0002/images/93a7e57c862d14e9ab45fe9d524d1b89bb15a67a.jpg,https://raw.githubusercontent.com/GUIA-DD/dataset-streetview/refs/heads/main/datasets/df_2024_proportional/batch_0002/images/93a7e57c862d14e9ab45fe9d524d1b89bb15a67a.jpg,True,downloaded,
acd65cf52328fb65e170cdb7d338cef8fc6b8b01,368e973c15f89fec33d765b0238646e3d86063f1,-15.828455450638607,-48.044612450169836,-15.82845145061763,-48.04465024878088,2024-08,2024,rszIxfzIciBt7eLvyjz1ew,91.26464988361563,© Google,OK,4_5,173844.0960428605,8247674.520011989,baf431e71343f74da74aa6bb930948a8d12edee7,cardinal,4,0,0_deg_north,cardinal,0,0,90,640,640,2,batch_0002,697,datasets/df_2024_proportional/batch_0002/images/baf431e71343f74da74aa6bb930948a8d12edee7.jpg,https://raw.githubusercontent.com/GUIA-DD/dataset-streetview/refs/heads/main/datasets/df_2024_proportional/batch_0002/images/baf431e71343f74da74aa6bb930948a8d12edee7.jpg,True,downloaded,
acd65cf52328fb65e170cdb7d338cef8fc6b8b01,368e973c15f89fec33d765b0238646e3d86063f1,-15.828455450638607,-48.044612450169836,-15.82845145061763,-48.04465024878088,2024-08,2024,rszIxfzIciBt7eLvyjz1ew,91.26464988361563,© Google,OK,4_5,173844.0960428605,8247674.520011989,242ffdedec50034a8bd89e30edcdf3a6957e61f0,cardinal,4,1,90_deg_east,cardinal,90,0,90,640,640,2,batch_0002,698,datasets/df_2024_proportional/batch_0002/images/242ffdedec50034a8bd89e30edcdf3a6957e61f0.jpg,https://raw.githubusercontent.com/GUIA-DD/dataset-streetview/refs/heads/main/datasets/df_2024_proportional/batch_0002/images/242ffdedec50034a8bd89e30edcdf3a6957e61f0.jpg,True,downloaded,
acd65cf52328fb65e170cdb7d338cef8fc6b8b01,368e973c15f89fec33d765b0238646e3d86063f1,-15.828455450638607,-48.044612450169836,-15.82845145061763,-48.04465024878088,2024-08,2024,rszIxfzIciBt7eLvyjz1ew,91.26464988361563,© Google,OK,4_5,173844.0960428605,8247674.520011989,a0f8663462521d9bda4de7902bbea6409440f4cb,cardinal,4,2,180_deg_south,cardinal,180,0,90,640,640,2,batch_0002,699,datasets/df_2024_proportional/batch_0002/images/a0f8663462521d9bda4de7902bbea6409440f4cb.jpg,https://raw.githubusercontent.com/GUIA-DD/dataset-streetview/refs/heads/main/datasets/df_2024_proportional/batch_0002/images/a0f8663462521d9bda4de7902bbea6409440f4cb.jpg,True,downloaded,
acd65cf52328fb65e170cdb7d338cef8fc6b8b01,368e973c15f89fec33d765b0238646e3d86063f1,-15.828455450638607,-48.044612450169836,-15.82845145061763,-48.04465024878088,2024-08,2024,rszIxfzIciBt7eLvyjz1ew,91.26464988361563,© Google,OK,4_5,173844.0960428605,8247674.520011989,e22daa94755a122a56d123489f6c611681f9b7b9,cardinal,4,3,270_deg_west,cardinal,270,0,90,640,640,2,batch_0002,700,datasets/df_2024_proportional/batch_0002/images/e22daa94755a122a56d123489f6c611681f9b7b9.jpg,https://raw.githubusercontent.com/GUIA-DD/dataset-streetview/refs/heads/main/datasets/df_2024_proportional/batch_0002/images/e22daa94755a122a56d123489f6c611681f9b7b9.jpg,True,downloaded,
b15ffa47313e9458599a70882b751de275dd106a,c8b5ceba6cafa13de93230d3e4963d8176a297af,-15.893834150051559,-47.78246680011213,-15.89384687730551,-47.78246810173895,2025-01,2025,ec36Sh_KZezsL2yJOItWuA,126.59441180088169,© Google,OK,10_3,202042.58253080404,8240825.59994394,62cbfc2befb861b0a71cd36894ddfd5c26a35bc3,cardinal,4,0,0_deg_north,cardinal,0,0,90,640,640,2,batch_0002,701,datasets/df_2024_proportional/batch_0002/images/62cbfc2befb861b0a71cd36894ddfd5c26a35bc3.jpg,https://raw.githubusercontent.com/GUIA-DD/dataset-streetview/refs/heads/main/datasets/df_2024_proportional/batch_0002/images/62cbfc2befb861b0a71cd36894ddfd5c26a35bc3.jpg,True,downloaded,
b15ffa47313e9458599a70882b751de275dd106a,c8b5ceba6cafa13de93230d3e4963d8176a297af,-15.893834150051559,-47.78246680011213,-15.89384687730551,-47.78246810173895,2025-01,2025,ec36Sh_KZezsL2yJOItWuA,126.59441180088169,© Google,OK,10_3,202042.58253080404,8240825.59994394,4a9c309142f79b233a02c71c6dcc14fe8584ba48,cardinal,4,1,90_deg_east,cardinal,90,0,90,640,640,2,batch_0002,702,datasets/df_2024_proportional/batch_0002/images/4a9c309142f79b233a02c71c6dcc14fe8584ba48.jpg,https://raw.githubusercontent.com/GUIA-DD/dataset-streetview/refs/heads/main/datasets/df_2024_proportional/batch_0002/images/4a9c309142f79b233a02c71c6dcc14fe8584ba48.jpg,True,downloaded,
b15ffa47313e9458599a70882b751de275dd106a,c8b5ceba6cafa13de93230d3e4963d8176a297af,-15.893834150051559,-47.78246680011213,-15.89384687730551,-47.78246810173895,2025-01,2025,ec36Sh_KZezsL2yJOItWuA,126.59441180088169,© Google,OK,10_3,202042.58253080404,8240825.59994394,584b614aa430bfb94261c9c7e599c74384eb1e9d,cardinal,4,2,180_deg_south,cardinal,180,0,90,640,640,2,batch_0002,703,datasets/df_2024_proportional/batch_0002/images/584b614aa430bfb94261c9c7e599c74384eb1e9d.jpg,https://raw.githubusercontent.com/GUIA-DD/dataset-streetview/refs/heads/main/datasets/df_2024_proportional/batch_0002/images/584b614aa430bfb94261c9c7e599c74384eb1e9d.jpg,True,downloaded,
b15ffa47313e9458599a70882b751de275dd106a,c8b5ceba6cafa13de93230d3e4963d8176a297af,-15.893834150051559,-47.78246680011213,-15.89384687730551,-47.78246810173895,2025-01,2025,ec36Sh_KZezsL2yJOItWuA,126.59441180088169,© Google,OK,10_3,202042.58253080404,8240825.59994394,18898fef9c67e33d005bd795403901c4a4ea9f27,cardinal,4,3,270_deg_west,cardinal,270,0,90,640,640,2,batch_0002,704,datasets/df_2024_proportional/batch_0002/images/18898fef9c67e33d005bd795403901c4a4ea9f27.jpg,https://raw.githubusercontent.com/GUIA-DD/dataset-streetview/refs/heads/main/datasets/df_2024_proportional/batch_0002/images/18898fef9c67e33d005bd795403901c4a4ea9f27.jpg,True,downloaded,
b1ed52575afb466a8cef69352e805b31d9936ca8,403c32a0762a60c891fcbaa50ff5335d8d2e68ad,-16.039893450000452,-48.0321473499948,-16.03993040128548,-48.0321222321482,2025-02,2025,nxpJQ6V6oZr_0GRHRDee2A,179.18755991952077,© Google,OK,5_0,175521.02159414644,8224277.892458388,df45b9dbda020d9d86360121fcfeba70378c8a6b,cardinal,4,0,0_deg_north,cardinal,0,0,90,640,640,2,batch_0002,705,datasets/df_2024_proportional/batch_0002/images/df45b9dbda020d9d86360121fcfeba70378c8a6b.jpg,https://raw.githubusercontent.com/GUIA-DD/dataset-streetview/refs/heads/main/datasets/df_2024_proportional/batch_0002/images/df45b9dbda020d9d86360121fcfeba70378c8a6b.jpg,True,downloaded,
b1ed52575afb466a8cef69352e805b31d9936ca8,403c32a0762a60c891fcbaa50ff5335d8d2e68ad,-16.039893450000452,-48.0321473499948,-16.03993040128548,-48.0321222321482,2025-02,2025,nxpJQ6V6oZr_0GRHRDee2A,179.18755991952077,© Google,OK,5_0,175521.02159414644,8224277.892458388,ceb14e70236ef277aaac22842829e9c7d8ac0cce,cardinal,4,1,90_deg_east,cardinal,90,0,90,640,640,2,batch_0002,706,datasets/df_2024_proportional/batch_0002/images/ceb14e70236ef277aaac22842829e9c7d8ac0cce.jpg,https://raw.githubusercontent.com/GUIA-DD/dataset-streetview/refs/heads/main/datasets/df_2024_proportional/batch_0002/images/ceb14e70236ef277aaac22842829e9c7d8ac0cce.jpg,True,downloaded,
b1ed52575afb466a8cef69352e805b31d9936ca8,403c32a0762a60c891fcbaa50ff5335d8d2e68ad,-16.039893450000452,-48.0321473499948,-16.03993040128548,-48.0321222321482,2025-02,2025,nxpJQ6V6oZr_0GRHRDee2A,179.18755991952077,© Google,OK,5_0,175521.02159414644,8224277.892458388,215b97cc97fded3355241f7e32a182f8fa9c397c,cardinal,4,2,180_deg_south,cardinal,180,0,90,640,640,2,batch_0002,707,datasets/df_2024_proportional/batch_0002/images/215b97cc97fded3355241f7e32a182f8fa9c397c.jpg,https://raw.githubusercontent.com/GUIA-DD/dataset-streetview/refs/heads/main/datasets/df_2024_proportional/batch_0002/images/215b97cc97fded3355241f7e32a182f8fa9c397c.jpg,True,downloaded,
b1ed52575afb466a8cef69352e805b31d9936ca8,403c32a0762a60c891fcbaa50ff5335d8d2e68ad,-16.039893450000452,-48.0321473499948,-16.03993040128548,-48.0321222321482,2025-02,2025,nxpJQ6V6oZr_0GRHRDee2A,179.18755991952077,© Google,OK,5_0,175521.02159414644,8224277.892458388,5fc285acc7334b43b353fbb3103e8480a14ec119,cardinal,4,3,270_deg_west,cardinal,270,0,90,640,640,2,batch_0002,708,datasets/df_2024_proportional/batch_0002/images/5fc285acc7334b43b353fbb3103e8480a14ec119.jpg,https://raw.githubusercontent.com/GUIA-DD/dataset-streetview/refs/heads/main/datasets/df_2024_proportional/batch_0002/images/5fc285acc7334b43b353fbb3103e8480a14ec119.jpg,True,downloaded,
b21cb361e8dc24ad7ddc4f62d6cb633f03c0d3ff,7afef43964cfaf4d21bca46e41abd8b1806113e5,-16.027382450343616,-48.052155149248016,-16.02737214309208,-48.05213764734552,2025-05,2025,H7UClp1B34bXONMuBK-6EA,211.77845472386306,© Google,OK,4_0,173357.79919745144,8225632.003897844,37c727252a0c0bc58da8b859b914cec63d5ee49e,cardinal,4,0,0_deg_north,cardinal,0,0,90,640,640,2,batch_0002,709,datasets/df_2024_proportional/batch_0002/images/37c727252a0c0bc58da8b859b914cec63d5ee49e.jpg,https://raw.githubusercontent.com/GUIA-DD/dataset-streetview/refs/heads/main/datasets/df_2024_proportional/batch_0002/images/37c727252a0c0bc58da8b859b914cec63d5ee49e.jpg,True,downloaded,
b21cb361e8dc24ad7ddc4f62d6cb633f03c0d3ff,7afef43964cfaf4d21bca46e41abd8b1806113e5,-16.027382450343616,-48.052155149248016,-16.02737214309208,-48.05213764734552,2025-05,2025,H7UClp1B34bXONMuBK-6EA,211.77845472386306,© Google,OK,4_0,173357.79919745144,8225632.003897844,2919580c6191ff2d37c5b5e04d71f020474de132,cardinal,4,1,90_deg_east,cardinal,90,0,90,640,640,2,batch_0002,710,datasets/df_2024_proportional/batch_0002/images/2919580c6191ff2d37c5b5e04d71f020474de132.jpg,https://raw.githubusercontent.com/GUIA-DD/dataset-streetview/refs/heads/main/datasets/df_2024_proportional/batch_0002/images/2919580c6191ff2d37c5b5e04d71f020474de132.jpg,True,downloaded,
b21cb361e8dc24ad7ddc4f62d6cb633f03c0d3ff,7afef43964cfaf4d21bca46e41abd8b1806113e5,-16.027382450343616,-48.052155149248016,-16.02737214309208,-48.05213764734552,2025-05,2025,H7UClp1B34bXONMuBK-6EA,211.77845472386306,© Google,OK,4_0,173357.79919745144,8225632.003897844,40d1dbf5a01d2e944993a2f6bee6e582e3d873a9,cardinal,4,2,180_deg_south,cardinal,180,0,90,640,640,2,batch_0002,711,datasets/df_2024_proportional/batch_0002/images/40d1dbf5a01d2e944993a2f6bee6e582e3d873a9.jpg,https://raw.githubusercontent.com/GUIA-DD/dataset-streetview/refs/heads/main/datasets/df_2024_proportional/batch_0002/images/40d1dbf5a01d2e944993a2f6bee6e582e3d873a9.jpg,True,downloaded,
b21cb361e8dc24ad7ddc4f62d6cb633f03c0d3ff,7afef43964cfaf4d21bca46e41abd8b1806113e5,-16.027382450343616,-48.052155149248016,-16.02737214309208,-48.05213764734552,2025-05,2025,H7UClp1B34bXONMuBK-6EA,211.77845472386306,© Google,OK,4_0,173357.79919745144,8225632.003897844,c00401b2e8f577497cdad050e7c4590a68c65d77,cardinal,4,3,270_deg_west,cardinal,270,0,90,640,640,2,batch_0002,712,datasets/df_2024_proportional/batch_0002/images/c00401b2e8f577497cdad050e7c4590a68c65d77.jpg,https://raw.githubusercontent.com/GUIA-DD/dataset-streetview/refs/heads/main/datasets/df_2024_proportional/batch_0002/images/c00401b2e8f577497cdad050e7c4590a68c65d77.jpg,True,downloaded,
b2d7950b369f3a5a5e25b976664530c9492e2825,1c691b3c529bd39e9f62299671d4476192e7925f,-15.824138900057573,-48.10089320053289,-15.8241558664282,-48.10091100883207,2024-07,2024,J4Xer9U7ibbjqNQfGCtaQw,151.00734740547088,© Google,OK,3_5,167802.92220094107,8248064.232206294,d602d1adf3ed8261faafa3fbe91d9dde85ef4c88,cardinal,4,0,0_deg_north,cardinal,0,0,90,640,640,2,batch_0002,713,datasets/df_2024_proportional/batch_0002/images/d602d1adf3ed8261faafa3fbe91d9dde85ef4c88.jpg,https://raw.githubusercontent.com/GUIA-DD/dataset-streetview/refs/heads/main/datasets/df_2024_proportional/batch_0002/images/d602d1adf3ed8261faafa3fbe91d9dde85ef4c88.jpg,True,downloaded,
b2d7950b369f3a5a5e25b976664530c9492e2825,1c691b3c529bd39e9f62299671d4476192e7925f,-15.824138900057573,-48.10089320053289,-15.8241558664282,-48.10091100883207,2024-07,2024,J4Xer9U7ibbjqNQfGCtaQw,151.00734740547088,© Google,OK,3_5,167802.92220094107,8248064.232206294,c15f7492f5b59746cf24610ec26197fd21fef92c,cardinal,4,1,90_deg_east,cardinal,90,0,90,640,640,2,batch_0002,714,datasets/df_2024_proportional/batch_0002/images/c15f7492f5b59746cf24610ec26197fd21fef92c.jpg,https://raw.githubusercontent.com/GUIA-DD/dataset-streetview/refs/heads/main/datasets/df_2024_proportional/batch_0002/images/c15f7492f5b59746cf24610ec26197fd21fef92c.jpg,True,downloaded,
b2d7950b369f3a5a5e25b976664530c9492e2825,1c691b3c529bd39e9f62299671d4476192e7925f,-15.824138900057573,-48.10089320053289,-15.8241558664282,-48.10091100883207,2024-07,2024,J4Xer9U7ibbjqNQfGCtaQw,151.00734740547088,© Google,OK,3_5,167802.92220094107,8248064.232206294,455870d591e8e8a0ed8fd1b70827cd9349d53eed,cardinal,4,2,180_deg_south,cardinal,180,0,90,640,640,2,batch_0002,715,datasets/df_2024_proportional/batch_0002/images/455870d591e8e8a0ed8fd1b70827cd9349d53eed.jpg,https://raw.githubusercontent.com/GUIA-DD/dataset-streetview/refs/heads/main/datasets/df_2024_proportional/batch_0002/images/455870d591e8e8a0ed8fd1b70827cd9349d53eed.jpg,True,downloaded,
b2d7950b369f3a5a5e25b976664530c9492e2825,1c691b3c529bd39e9f62299671d4476192e7925f,-15.824138900057573,-48.10089320053289,-15.8241558664282,-48.10091100883207,2024-07,2024,J4Xer9U7ibbjqNQfGCtaQw,151.00734740547088,© Google,OK,3_5,167802.92220094107,8248064.232206294,c5be6669c21efa7ae2023f8a92445f4421f73f25,cardinal,4,3,270_deg_west,cardinal,270,0,90,640,640,2,batch_0002,716,datasets/df_2024_proportional/batch_0002/images/c5be6669c21efa7ae2023f8a92445f4421f73f25.jpg,https://raw.githubusercontent.com/GUIA-DD/dataset-streetview/refs/heads/main/datasets/df_2024_proportional/batch_0002/images/c5be6669c21efa7ae2023f8a92445f4421f73f25.jpg,True,downloaded,
b354da979af8928900623bbb532ca1822e915ae9,cb11dee3759755f6a7f4ff5cb110f35fc377bb91,-15.791010786440667,-47.86821481127153,-15.79104853084533,-47.86821084391757,2024-06,2024,ofd7Mgmxc2F_Dcnhwsb3Ig,215.987721020011,© Google,OK,8_5,192698.1509745321,8252087.2109246785,100c02fa86e7c1410111e3a4b14a41748c6e5a4f,cardinal,4,0,0_deg_north,cardinal,0,0,90,640,640,2,batch_0002,717,datasets/df_2024_proportional/batch_0002/images/100c02fa86e7c1410111e3a4b14a41748c6e5a4f.jpg,https://raw.githubusercontent.com/GUIA-DD/dataset-streetview/refs/heads/main/datasets/df_2024_proportional/batch_0002/images/100c02fa86e7c1410111e3a4b14a41748c6e5a4f.jpg,True,downloaded,
b354da979af8928900623bbb532ca1822e915ae9,cb11dee3759755f6a7f4ff5cb110f35fc377bb91,-15.791010786440667,-47.86821481127153,-15.79104853084533,-47.86821084391757,2024-06,2024,ofd7Mgmxc2F_Dcnhwsb3Ig,215.987721020011,© Google,OK,8_5,192698.1509745321,8252087.2109246785,679ea466ff42e0978e2d9ce7297b3a434752bd8b,cardinal,4,1,90_deg_east,cardinal,90,0,90,640,640,2,batch_0002,718,datasets/df_2024_proportional/batch_0002/images/679ea466ff42e0978e2d9ce7297b3a434752bd8b.jpg,https://raw.githubusercontent.com/GUIA-DD/dataset-streetview/refs/heads/main/datasets/df_2024_proportional/batch_0002/images/679ea466ff42e0978e2d9ce7297b3a434752bd8b.jpg,True,downloaded,
b354da979af8928900623bbb532ca1822e915ae9,cb11dee3759755f6a7f4ff5cb110f35fc377bb91,-15.791010786440667,-47.86821481127153,-15.79104853084533,-47.86821084391757,2024-06,2024,ofd7Mgmxc2F_Dcnhwsb3Ig,215.987721020011,© Google,OK,8_5,192698.1509745321,8252087.2109246785,cd2009ea9ef1128ba9a0dce820becbad6fcecf21,cardinal,4,2,180_deg_south,cardinal,180,0,90,640,640,2,batch_0002,719,datasets/df_2024_proportional/batch_0002/images/cd2009ea9ef1128ba9a0dce820becbad6fcecf21.jpg,https://raw.githubusercontent.com/GUIA-DD/dataset-streetview/refs/heads/main/datasets/df_2024_proportional/batch_0002/images/cd2009ea9ef1128ba9a0dce820becbad6fcecf21.jpg,True,downloaded,
b354da979af8928900623bbb532ca1822e915ae9,cb11dee3759755f6a7f4ff5cb110f35fc377bb91,-15.791010786440667,-47.86821481127153,-15.79104853084533,-47.86821084391757,2024-06,2024,ofd7Mgmxc2F_Dcnhwsb3Ig,215.987721020011,© Google,OK,8_5,192698.1509745321,8252087.2109246785,b9641979a3701ddaf9490f8d7612a79970eec99f,cardinal,4,3,270_deg_west,cardinal,270,0,90,640,640,2,batch_0002,720,datasets/df_2024_proportional/batch_0002/images/b9641979a3701ddaf9490f8d7612a79970eec99f.jpg,https://raw.githubusercontent.com/GUIA-DD/dataset-streetview/refs/heads/main/datasets/df_2024_proportional/batch_0002/images/b9641979a3701ddaf9490f8d7612a79970eec99f.jpg,True,downloaded,
b378accac9e3f092cf57a4278b5dbd509e15d70f,a8e5f3ad3562ada6af7456353934f4529ec24c60,-15.787905966563436,-47.988753232203145,-15.78790411563361,-47.98877638044711,2024-06,2024,AM1ydpYfSFcLx_xbvbNEWg,301.3383246233273,© Google,OK,6_5,179768.87484683833,8252251.118446342,c3ab6f1ed2a2dd395d26fe3fc11c53bb3be7ae73,cardinal,4,0,0_deg_north,cardinal,0,0,90,640,640,2,batch_0002,721,datasets/df_2024_proportional/batch_0002/images/c3ab6f1ed2a2dd395d26fe3fc11c53bb3be7ae73.jpg,https://raw.githubusercontent.com/GUIA-DD/dataset-streetview/refs/heads/main/datasets/df_2024_proportional/batch_0002/images/c3ab6f1ed2a2dd395d26fe3fc11c53bb3be7ae73.jpg,True,downloaded,
b378accac9e3f092cf57a4278b5dbd509e15d70f,a8e5f3ad3562ada6af7456353934f4529ec24c60,-15.787905966563436,-47.988753232203145,-15.78790411563361,-47.98877638044711,2024-06,2024,AM1ydpYfSFcLx_xbvbNEWg,301.3383246233273,© Google,OK,6_5,179768.87484683833,8252251.118446342,4e0bade95123427c610b8b787f38566fdf03a09e,cardinal,4,1,90_deg_east,cardinal,90,0,90,640,640,2,batch_0002,722,datasets/df_2024_proportional/batch_0002/images/4e0bade95123427c610b8b787f38566fdf03a09e.jpg,https://raw.githubusercontent.com/GUIA-DD/dataset-streetview/refs/heads/main/datasets/df_2024_proportional/batch_0002/images/4e0bade95123427c610b8b787f38566fdf03a09e.jpg,True,downloaded,
b378accac9e3f092cf57a4278b5dbd509e15d70f,a8e5f3ad3562ada6af7456353934f4529ec24c60,-15.787905966563436,-47.988753232203145,-15.78790411563361,-47.98877638044711,2024-06,2024,AM1ydpYfSFcLx_xbvbNEWg,301.3383246233273,© Google,OK,6_5,179768.87484683833,8252251.118446342,9b801327974a470255d8a6afb1c6cff249b3ab5b,cardinal,4,2,180_deg_south,cardinal,180,0,90,640,640,2,batch_0002,723,datasets/df_2024_proportional/batch_0002/images/9b801327974a470255d8a6afb1c6cff249b3ab5b.jpg,https://raw.githubusercontent.com/GUIA-DD/dataset-streetview/refs/heads/main/datasets/df_2024_proportional/batch_0002/images/9b801327974a470255d8a6afb1c6cff249b3ab5b.jpg,True,downloaded,
b378accac9e3f092cf57a4278b5dbd509e15d70f,a8e5f3ad3562ada6af7456353934f4529ec24c60,-15.787905966563436,-47.988753232203145,-15.78790411563361,-47.98877638044711,2024-06,2024,AM1ydpYfSFcLx_xbvbNEWg,301.3383246233273,© Google,OK,6_5,179768.87484683833,8252251.118446342,bf71d559dbefeab3e55339a87f178a13ea58eee9,cardinal,4,3,270_deg_west,cardinal,270,0,90,640,640,2,batch_0002,724,datasets/df_2024_proportional/batch_0002/images/bf71d559dbefeab3e55339a87f178a13ea58eee9.jpg,https://raw.githubusercontent.com/GUIA-DD/dataset-streetview/refs/heads/main/datasets/df_2024_proportional/batch_0002/images/bf71d559dbefeab3e55339a87f178a13ea58eee9.jpg,True,downloaded,
b4f2d9b83809f5cce0419c2c668e2a155c7143c4,dc0a016a56c70d2c70c709b819f03a7b16f31718,-16.02469799199232,-48.05108514989895,-16.02470246975241,-48.05106047524669,2025-05,2025,lkDITWkORtu5qa0LW2kVcg,33.51366171980186,© Google,OK,4_0,173468.02823291914,8225930.9908920145,be441ff048aaced21f5e3b76cdd2505f88a4804e,cardinal,4,0,0_deg_north,cardinal,0,0,90,640,640,2,batch_0002,725,datasets/df_2024_proportional/batch_0002/images/be441ff048aaced21f5e3b76cdd2505f88a4804e.jpg,https://raw.githubusercontent.com/GUIA-DD/dataset-streetview/refs/heads/main/datasets/df_2024_proportional/batch_0002/images/be441ff048aaced21f5e3b76cdd2505f88a4804e.jpg,True,downloaded,
b4f2d9b83809f5cce0419c2c668e2a155c7143c4,dc0a016a56c70d2c70c709b819f03a7b16f31718,-16.02469799199232,-48.05108514989895,-16.02470246975241,-48.05106047524669,2025-05,2025,lkDITWkORtu5qa0LW2kVcg,33.51366171980186,© Google,OK,4_0,173468.02823291914,8225930.9908920145,6d3184c7c1ae721c7aa34b5a30ba73f304a722a7,cardinal,4,1,90_deg_east,cardinal,90,0,90,640,640,2,batch_0002,726,datasets/df_2024_proportional/batch_0002/images/6d3184c7c1ae721c7aa34b5a30ba73f304a722a7.jpg,https://raw.githubusercontent.com/GUIA-DD/dataset-streetview/refs/heads/main/datasets/df_2024_proportional/batch_0002/images/6d3184c7c1ae721c7aa34b5a30ba73f304a722a7.jpg,True,downloaded,
b4f2d9b83809f5cce0419c2c668e2a155c7143c4,dc0a016a56c70d2c70c709b819f03a7b16f31718,-16.02469799199232,-48.05108514989895,-16.02470246975241,-48.05106047524669,2025-05,2025,lkDITWkORtu5qa0LW2kVcg,33.51366171980186,© Google,OK,4_0,173468.02823291914,8225930.9908920145,b579e24cd7b6c35926cd5d69538869d0ffd31ece,cardinal,4,2,180_deg_south,cardinal,180,0,90,640,640,2,batch_0002,727,datasets/df_2024_proportional/batch_0002/images/b579e24cd7b6c35926cd5d69538869d0ffd31ece.jpg,https://raw.githubusercontent.com/GUIA-DD/dataset-streetview/refs/heads/main/datasets/df_2024_proportional/batch_0002/images/b579e24cd7b6c35926cd5d69538869d0ffd31ece.jpg,True,downloaded,
b4f2d9b83809f5cce0419c2c668e2a155c7143c4,dc0a016a56c70d2c70c709b819f03a7b16f31718,-16.02469799199232,-48.05108514989895,-16.02470246975241,-48.05106047524669,2025-05,2025,lkDITWkORtu5qa0LW2kVcg,33.51366171980186,© Google,OK,4_0,173468.02823291914,8225930.9908920145,fb8c9af3a987bb7e3e071e4c16bb1c5cdba0dd31,cardinal,4,3,270_deg_west,cardinal,270,0,90,640,640,2,batch_0002,728,datasets/df_2024_proportional/batch_0002/images/fb8c9af3a987bb7e3e071e4c16bb1c5cdba0dd31.jpg,https://raw.githubusercontent.com/GUIA-DD/dataset-streetview/refs/heads/main/datasets/df_2024_proportional/batch_0002/images/fb8c9af3a987bb7e3e071e4c16bb1c5cdba0dd31.jpg,True,downloaded,
b625fd784c97dba3e6d65192653bcb061050062d,31fa3f59fa3fbec425abe2c89ba0d69d8c240196,-15.995124799998795,-48.23665700003698,-15.99499238624043,-48.23674805587085,2025-05,2025,TAjjG3LFGwlXfoL1jYo16Q,343.57508500764624,© Google,OK,0_1,153539.22081962155,8228905.275105161,84b707a31059bf1b8c20a8a03b3780b5096af9e0,cardinal,4,0,0_deg_north,cardinal,0,0,90,640,640,2,batch_0002,729,datasets/df_2024_proportional/batch_0002/images/84b707a31059bf1b8c20a8a03b3780b5096af9e0.jpg,https://raw.githubusercontent.com/GUIA-DD/dataset-streetview/refs/heads/main/datasets/df_2024_proportional/batch_0002/images/84b707a31059bf1b8c20a8a03b3780b5096af9e0.jpg,True,downloaded,
b625fd784c97dba3e6d65192653bcb061050062d,31fa3f59fa3fbec425abe2c89ba0d69d8c240196,-15.995124799998795,-48.23665700003698,-15.99499238624043,-48.23674805587085,2025-05,2025,TAjjG3LFGwlXfoL1jYo16Q,343.57508500764624,© Google,OK,0_1,153539.22081962155,8228905.275105161,b879cde26c54101553747591b02afc5779a006d1,cardinal,4,1,90_deg_east,cardinal,90,0,90,640,640,2,batch_0002,730,datasets/df_2024_proportional/batch_0002/images/b879cde26c54101553747591b02afc5779a006d1.jpg,https://raw.githubusercontent.com/GUIA-DD/dataset-streetview/refs/heads/main/datasets/df_2024_proportional/batch_0002/images/b879cde26c54101553747591b02afc5779a006d1.jpg,True,downloaded,
b625fd784c97dba3e6d65192653bcb061050062d,31fa3f59fa3fbec425abe2c89ba0d69d8c240196,-15.995124799998795,-48.23665700003698,-15.99499238624043,-48.23674805587085,2025-05,2025,TAjjG3LFGwlXfoL1jYo16Q,343.57508500764624,© Google,OK,0_1,153539.22081962155,8228905.275105161,496f2e91c60f47e777efda8c110177f6f02c311c,cardinal,4,2,180_deg_south,cardinal,180,0,90,640,640,2,batch_0002,731,datasets/df_2024_proportional/batch_0002/images/496f2e91c60f47e777efda8c110177f6f02c311c.jpg,https://raw.githubusercontent.com/GUIA-DD/dataset-streetview/refs/heads/main/datasets/df_2024_proportional/batch_0002/images/496f2e91c60f47e777efda8c110177f6f02c311c.jpg,True,downloaded,
b625fd784c97dba3e6d65192653bcb061050062d,31fa3f59fa3fbec425abe2c89ba0d69d8c240196,-15.995124799998795,-48.23665700003698,-15.99499238624043,-48.23674805587085,2025-05,2025,TAjjG3LFGwlXfoL1jYo16Q,343.57508500764624,© Google,OK,0_1,153539.22081962155,8228905.275105161,6a0b6e6c24ccd70bb2dba97b0c1c2f4653b199e2,cardinal,4,3,270_deg_west,cardinal,270,0,90,640,640,2,batch_0002,732,datasets/df_2024_proportional/batch_0002/images/6a0b6e6c24ccd70bb2dba97b0c1c2f4653b199e2.jpg,https://raw.githubusercontent.com/GUIA-DD/dataset-streetview/refs/heads/main/datasets/df_2024_proportional/batch_0002/images/6a0b6e6c24ccd70bb2dba97b0c1c2f4653b199e2.jpg,True,downloaded,
b74c3802957bf0d91e727774366afa9d6a71ec7b,1f4ac44d5d0e97d6eb3d3d54cc86dcb8523b9cb9,-15.929281600048174,-48.10295955010932,-15.92926686487185,-48.10292838864417,2025-07,2025,Zyi2gXoyR2xzqghkBfZD8g,306.48322333673246,© Google,OK,3_2,167754.06587471583,8236416.177780782,bad3feefa92ec60291cd276ffa0d7d475d525843,cardinal,4,0,0_deg_north,cardinal,0,0,90,640,640,2,batch_0002,733,datasets/df_2024_proportional/batch_0002/images/bad3feefa92ec60291cd276ffa0d7d475d525843.jpg,https://raw.githubusercontent.com/GUIA-DD/dataset-streetview/refs/heads/main/datasets/df_2024_proportional/batch_0002/images/bad3feefa92ec60291cd276ffa0d7d475d525843.jpg,True,downloaded,
b74c3802957bf0d91e727774366afa9d6a71ec7b,1f4ac44d5d0e97d6eb3d3d54cc86dcb8523b9cb9,-15.929281600048174,-48.10295955010932,-15.92926686487185,-48.10292838864417,2025-07,2025,Zyi2gXoyR2xzqghkBfZD8g,306.48322333673246,© Google,OK,3_2,167754.06587471583,8236416.177780782,59c657f7ebd314e4d0019ca61e722dc6d54cc4d4,cardinal,4,1,90_deg_east,cardinal,90,0,90,640,640,2,batch_0002,734,datasets/df_2024_proportional/batch_0002/images/59c657f7ebd314e4d0019ca61e722dc6d54cc4d4.jpg,https://raw.githubusercontent.com/GUIA-DD/dataset-streetview/refs/heads/main/datasets/df_2024_proportional/batch_0002/images/59c657f7ebd314e4d0019ca61e722dc6d54cc4d4.jpg,True,downloaded,
b74c3802957bf0d91e727774366afa9d6a71ec7b,1f4ac44d5d0e97d6eb3d3d54cc86dcb8523b9cb9,-15.929281600048174,-48.10295955010932,-15.92926686487185,-48.10292838864417,2025-07,2025,Zyi2gXoyR2xzqghkBfZD8g,306.48322333673246,© Google,OK,3_2,167754.06587471583,8236416.177780782,54bba428cdf14596eee2d9a0b52c50a1ebf784ef,cardinal,4,2,180_deg_south,cardinal,180,0,90,640,640,2,batch_0002,735,datasets/df_2024_proportional/batch_0002/images/54bba428cdf14596eee2d9a0b52c50a1ebf784ef.jpg,https://raw.githubusercontent.com/GUIA-DD/dataset-streetview/refs/heads/main/datasets/df_2024_proportional/batch_0002/images/54bba428cdf14596eee2d9a0b52c50a1ebf784ef.jpg,True,downloaded,
b74c3802957bf0d91e727774366afa9d6a71ec7b,1f4ac44d5d0e97d6eb3d3d54cc86dcb8523b9cb9,-15.929281600048174,-48.10295955010932,-15.92926686487185,-48.10292838864417,2025-07,2025,Zyi2gXoyR2xzqghkBfZD8g,306.48322333673246,© Google,OK,3_2,167754.06587471583,8236416.177780782,0985c33d06c0cdde86ee04a88cc4d2bdb74de752,cardinal,4,3,270_deg_west,cardinal,270,0,90,640,640,2,batch_0002,736,datasets/df_2024_proportional/batch_0002/images/0985c33d06c0cdde86ee04a88cc4d2bdb74de752.jpg,https://raw.githubusercontent.com/GUIA-DD/dataset-streetview/refs/heads/main/datasets/df_2024_proportional/batch_0002/images/0985c33d06c0cdde86ee04a88cc4d2bdb74de752.jpg,True,downloaded,
b7c76a20b4f841015e16bb65b5a6810bfdec74d4,24cc0dfee11f54976a1a4603eba46765754c8c7a,-15.807843600002489,-48.13187030006263,-15.80786695024801,-48.13186062995376,2026-01,2026,LZGU-vLbA5kmrXy8dersmA,337.367519055206,© Google,OK,3_5,164454.62642677155,8249819.6960072955,045edb9643ab477945cccba76a6624527588c882,cardinal,4,0,0_deg_north,cardinal,0,0,90,640,640,2,batch_0002,737,datasets/df_2024_proportional/batch_0002/images/045edb9643ab477945cccba76a6624527588c882.jpg,https://raw.githubusercontent.com/GUIA-DD/dataset-streetview/refs/heads/main/datasets/df_2024_proportional/batch_0002/images/045edb9643ab477945cccba76a6624527588c882.jpg,True,downloaded,
b7c76a20b4f841015e16bb65b5a6810bfdec74d4,24cc0dfee11f54976a1a4603eba46765754c8c7a,-15.807843600002489,-48.13187030006263,-15.80786695024801,-48.13186062995376,2026-01,2026,LZGU-vLbA5kmrXy8dersmA,337.367519055206,© Google,OK,3_5,164454.62642677155,8249819.6960072955,2ae015ec9ced7f24502d97834494734c91c797a6,cardinal,4,1,90_deg_east,cardinal,90,0,90,640,640,2,batch_0002,738,datasets/df_2024_proportional/batch_0002/images/2ae015ec9ced7f24502d97834494734c91c797a6.jpg,https://raw.githubusercontent.com/GUIA-DD/dataset-streetview/refs/heads/main/datasets/df_2024_proportional/batch_0002/images/2ae015ec9ced7f24502d97834494734c91c797a6.jpg,True,downloaded,
b7c76a20b4f841015e16bb65b5a6810bfdec74d4,24cc0dfee11f54976a1a4603eba46765754c8c7a,-15.807843600002489,-48.13187030006263,-15.80786695024801,-48.13186062995376,2026-01,2026,LZGU-vLbA5kmrXy8dersmA,337.367519055206,© Google,OK,3_5,164454.62642677155,8249819.6960072955,675fb8bf842a4df2faaad13ef3f7b8127e23818f,cardinal,4,2,180_deg_south,cardinal,180,0,90,640,640,2,batch_0002,739,datasets/df_2024_proportional/batch_0002/images/675fb8bf842a4df2faaad13ef3f7b8127e23818f.jpg,https://raw.githubusercontent.com/GUIA-DD/dataset-streetview/refs/heads/main/datasets/df_2024_proportional/batch_0002/images/675fb8bf842a4df2faaad13ef3f7b8127e23818f.jpg,True,downloaded,
b7c76a20b4f841015e16bb65b5a6810bfdec74d4,24cc0dfee11f54976a1a4603eba46765754c8c7a,-15.807843600002489,-48.13187030006263,-15.80786695024801,-48.13186062995376,2026-01,2026,LZGU-vLbA5kmrXy8dersmA,337.367519055206,© Google,OK,3_5,164454.62642677155,8249819.6960072955,c8fb7359b90a7f8e207ada2d86830ac42c300529,cardinal,4,3,270_deg_west,cardinal,270,0,90,640,640,2,batch_0002,740,datasets/df_2024_proportional/batch_0002/images/c8fb7359b90a7f8e207ada2d86830ac42c300529.jpg,https://raw.githubusercontent.com/GUIA-DD/dataset-streetview/refs/heads/main/datasets/df_2024_proportional/batch_0002/images/c8fb7359b90a7f8e207ada2d86830ac42c300529.jpg,True,downloaded,
ba63265f83d362e92438d5518436ac5e58249e16,da48b97a4faa17c4a07fdd9a186204e4cf817238,-15.62125050062935,-47.65593310017914,-15.62124539049305,-47.65591693627032,2024-08,2024,HPntbgVjplgNFeh0dtkbuA,92.46096958233153,© Google,OK,13_9,215220.63178993217,8271180.780487879,9cb35dc5cc908f3aa9049e11bae894a7edd56dc5,cardinal,4,0,0_deg_north,cardinal,0,0,90,640,640,2,batch_0002,741,datasets/df_2024_proportional/batch_0002/images/9cb35dc5cc908f3aa9049e11bae894a7edd56dc5.jpg,https://raw.githubusercontent.com/GUIA-DD/dataset-streetview/refs/heads/main/datasets/df_2024_proportional/batch_0002/images/9cb35dc5cc908f3aa9049e11bae894a7edd56dc5.jpg,True,downloaded,
ba63265f83d362e92438d5518436ac5e58249e16,da48b97a4faa17c4a07fdd9a186204e4cf817238,-15.62125050062935,-47.65593310017914,-15.62124539049305,-47.65591693627032,2024-08,2024,HPntbgVjplgNFeh0dtkbuA,92.46096958233153,© Google,OK,13_9,215220.63178993217,8271180.780487879,5735febd61ba1bb628cb35bc261d9a2741c75c6d,cardinal,4,1,90_deg_east,cardinal,90,0,90,640,640,2,batch_0002,742,datasets/df_2024_proportional/batch_0002/images/5735febd61ba1bb628cb35bc261d9a2741c75c6d.jpg,https://raw.githubusercontent.com/GUIA-DD/dataset-streetview/refs/heads/main/datasets/df_2024_proportional/batch_0002/images/5735febd61ba1bb628cb35bc261d9a2741c75c6d.jpg,True,downloaded,
ba63265f83d362e92438d5518436ac5e58249e16,da48b97a4faa17c4a07fdd9a186204e4cf817238,-15.62125050062935,-47.65593310017914,-15.62124539049305,-47.65591693627032,2024-08,2024,HPntbgVjplgNFeh0dtkbuA,92.46096958233153,© Google,OK,13_9,215220.63178993217,8271180.780487879,84d1a9b26c3b1747c32d660548bd399778031bb0,cardinal,4,2,180_deg_south,cardinal,180,0,90,640,640,2,batch_0002,743,datasets/df_2024_proportional/batch_0002/images/84d1a9b26c3b1747c32d660548bd399778031bb0.jpg,https://raw.githubusercontent.com/GUIA-DD/dataset-streetview/refs/heads/main/datasets/df_2024_proportional/batch_0002/images/84d1a9b26c3b1747c32d660548bd399778031bb0.jpg,True,downloaded,
ba63265f83d362e92438d5518436ac5e58249e16,da48b97a4faa17c4a07fdd9a186204e4cf817238,-15.62125050062935,-47.65593310017914,-15.62124539049305,-47.65591693627032,2024-08,2024,HPntbgVjplgNFeh0dtkbuA,92.46096958233153,© Google,OK,13_9,215220.63178993217,8271180.780487879,4a2207f2ad61f88f5e568a0fe899e54a5d3fd0ab,cardinal,4,3,270_deg_west,cardinal,270,0,90,640,640,2,batch_0002,744,datasets/df_2024_proportional/batch_0002/images/4a2207f2ad61f88f5e568a0fe899e54a5d3fd0ab.jpg,https://raw.githubusercontent.com/GUIA-DD/dataset-streetview/refs/heads/main/datasets/df_2024_proportional/batch_0002/images/4a2207f2ad61f88f5e568a0fe899e54a5d3fd0ab.jpg,True,downloaded,
bbd2885d24c0982a7290934812e285ceb9ba0e1c,78239702d45fb8cffb4d2e3571084d8b40049519,-15.869598307280715,-47.77320946432463,-15.86958479270451,-47.77325736117272,2024-07,2024,cm9aPY0WYU_fRAzI3LfiXA,125.6836162204153,© Google,OK,10_4,202998.9864012126,8243522.275429627,563566d7b76b7faaffd1c371a011b98a73751aa3,cardinal,4,0,0_deg_north,cardinal,0,0,90,640,640,2,batch_0002,745,datasets/df_2024_proportional/batch_0002/images/563566d7b76b7faaffd1c371a011b98a73751aa3.jpg,https://raw.githubusercontent.com/GUIA-DD/dataset-streetview/refs/heads/main/datasets/df_2024_proportional/batch_0002/images/563566d7b76b7faaffd1c371a011b98a73751aa3.jpg,True,downloaded,
bbd2885d24c0982a7290934812e285ceb9ba0e1c,78239702d45fb8cffb4d2e3571084d8b40049519,-15.869598307280715,-47.77320946432463,-15.86958479270451,-47.77325736117272,2024-07,2024,cm9aPY0WYU_fRAzI3LfiXA,125.6836162204153,© Google,OK,10_4,202998.9864012126,8243522.275429627,ce09338e294a6008fd5bdcf7f4254741cdf685d8,cardinal,4,1,90_deg_east,cardinal,90,0,90,640,640,2,batch_0002,746,datasets/df_2024_proportional/batch_0002/images/ce09338e294a6008fd5bdcf7f4254741cdf685d8.jpg,https://raw.githubusercontent.com/GUIA-DD/dataset-streetview/refs/heads/main/datasets/df_2024_proportional/batch_0002/images/ce09338e294a6008fd5bdcf7f4254741cdf685d8.jpg,True,downloaded,
bbd2885d24c0982a7290934812e285ceb9ba0e1c,78239702d45fb8cffb4d2e3571084d8b40049519,-15.869598307280715,-47.77320946432463,-15.86958479270451,-47.77325736117272,2024-07,2024,cm9aPY0WYU_fRAzI3LfiXA,125.6836162204153,© Google,OK,10_4,202998.9864012126,8243522.275429627,17795429993509ff732479a7246e08bed7310070,cardinal,4,2,180_deg_south,cardinal,180,0,90,640,640,2,batch_0002,747,datasets/df_2024_proportional/batch_0002/images/17795429993509ff732479a7246e08bed7310070.jpg,https://raw.githubusercontent.com/GUIA-DD/dataset-streetview/refs/heads/main/datasets/df_2024_proportional/batch_0002/images/17795429993509ff732479a7246e08bed7310070.jpg,True,downloaded,
bbd2885d24c0982a7290934812e285ceb9ba0e1c,78239702d45fb8cffb4d2e3571084d8b40049519,-15.869598307280715,-47.77320946432463,-15.86958479270451,-47.77325736117272,2024-07,2024,cm9aPY0WYU_fRAzI3LfiXA,125.6836162204153,© Google,OK,10_4,202998.9864012126,8243522.275429627,90abb04833af5e414bc5551cac83a7c4e1b3677e,cardinal,4,3,270_deg_west,cardinal,270,0,90,640,640,2,batch_0002,748,datasets/df_2024_proportional/batch_0002/images/90abb04833af5e414bc5551cac83a7c4e1b3677e.jpg,https://raw.githubusercontent.com/GUIA-DD/dataset-streetview/refs/heads/main/datasets/df_2024_proportional/batch_0002/images/90abb04833af5e414bc5551cac83a7c4e1b3677e.jpg,True,downloaded,
bce36346b1cc9fc07a17de2ff437c98b2a74eea5,8c592795ecfb06a35ceaddda7fbadcefd3914dae,-16.025602350030233,-48.02830060010945,-16.02564982858634,-48.02830938072438,2024-08,2024,kvFvef9jKJ_ZwPMYEXr49A,137.2514946836305,© Google,OK,5_0,175909.87568398268,8225866.610535905,f1c371a435c14f002095434e0d7652c14e500bbd,cardinal,4,0,0_deg_north,cardinal,0,0,90,640,640,2,batch_0002,749,datasets/df_2024_proportional/batch_0002/images/f1c371a435c14f002095434e0d7652c14e500bbd.jpg,https://raw.githubusercontent.com/GUIA-DD/dataset-streetview/refs/heads/main/datasets/df_2024_proportional/batch_0002/images/f1c371a435c14f002095434e0d7652c14e500bbd.jpg,True,downloaded,
bce36346b1cc9fc07a17de2ff437c98b2a74eea5,8c592795ecfb06a35ceaddda7fbadcefd3914dae,-16.025602350030233,-48.02830060010945,-16.02564982858634,-48.02830938072438,2024-08,2024,kvFvef9jKJ_ZwPMYEXr49A,137.2514946836305,© Google,OK,5_0,175909.87568398268,8225866.610535905,fd5b1f80895a0e4d418f20d56e79573bddf5fa55,cardinal,4,1,90_deg_east,cardinal,90,0,90,640,640,2,batch_0002,750,datasets/df_2024_proportional/batch_0002/images/fd5b1f80895a0e4d418f20d56e79573bddf5fa55.jpg,https://raw.githubusercontent.com/GUIA-DD/dataset-streetview/refs/heads/main/datasets/df_2024_proportional/batch_0002/images/fd5b1f80895a0e4d418f20d56e79573bddf5fa55.jpg,True,downloaded,
bce36346b1cc9fc07a17de2ff437c98b2a74eea5,8c592795ecfb06a35ceaddda7fbadcefd3914dae,-16.025602350030233,-48.02830060010945,-16.02564982858634,-48.02830938072438,2024-08,2024,kvFvef9jKJ_ZwPMYEXr49A,137.2514946836305,© Google,OK,5_0,175909.87568398268,8225866.610535905,3232e5a3c9f248cc77d5ea976639e6a7a91fb53c,cardinal,4,2,180_deg_south,cardinal,180,0,90,640,640,2,batch_0002,751,datasets/df_2024_proportional/batch_0002/images/3232e5a3c9f248cc77d5ea976639e6a7a91fb53c.jpg,https://raw.githubusercontent.com/GUIA-DD/dataset-streetview/refs/heads/main/datasets/df_2024_proportional/batch_0002/images/3232e5a3c9f248cc77d5ea976639e6a7a91fb53c.jpg,True,downloaded,
bce36346b1cc9fc07a17de2ff437c98b2a74eea5,8c592795ecfb06a35ceaddda7fbadcefd3914dae,-16.025602350030233,-48.02830060010945,-16.02564982858634,-48.02830938072438,2024-08,2024,kvFvef9jKJ_ZwPMYEXr49A,137.2514946836305,© Google,OK,5_0,175909.87568398268,8225866.610535905,b4321c2288fa61ae517a3962db55a47ea2ed1ccf,cardinal,4,3,270_deg_west,cardinal,270,0,90,640,640,2,batch_0002,752,datasets/df_2024_proportional/batch_0002/images/b4321c2288fa61ae517a3962db55a47ea2ed1ccf.jpg,https://raw.githubusercontent.com/GUIA-DD/dataset-streetview/refs/heads/main/datasets/df_2024_proportional/batch_0002/images/b4321c2288fa61ae517a3962db55a47ea2ed1ccf.jpg,True,downloaded,
bf1f2d1b308d957e1255d844cd182c5dbf44fb50,3342b170b5f1d5b1c3b92c52c09f3e970fa327fe,-15.970307412164164,-48.04651389294003,-15.97037604260389,-48.04632332266866,2025-05,2025,ijDjnZWoCK6Rh-18ynTJvA,103.26045960159489,© Google,OK,4_1,173869.290822275,8231961.839180229,ef65860ff0fbe89620aae660b63d094dbf93f3e1,cardinal,4,0,0_deg_north,cardinal,0,0,90,640,640,2,batch_0002,753,datasets/df_2024_proportional/batch_0002/images/ef65860ff0fbe89620aae660b63d094dbf93f3e1.jpg,https://raw.githubusercontent.com/GUIA-DD/dataset-streetview/refs/heads/main/datasets/df_2024_proportional/batch_0002/images/ef65860ff0fbe89620aae660b63d094dbf93f3e1.jpg,True,downloaded,
bf1f2d1b308d957e1255d844cd182c5dbf44fb50,3342b170b5f1d5b1c3b92c52c09f3e970fa327fe,-15.970307412164164,-48.04651389294003,-15.97037604260389,-48.04632332266866,2025-05,2025,ijDjnZWoCK6Rh-18ynTJvA,103.26045960159489,© Google,OK,4_1,173869.290822275,8231961.839180229,261a19a923f2c47e3d9512b15f19f0b3ea65c854,cardinal,4,1,90_deg_east,cardinal,90,0,90,640,640,2,batch_0002,754,datasets/df_2024_proportional/batch_0002/images/261a19a923f2c47e3d9512b15f19f0b3ea65c854.jpg,https://raw.githubusercontent.com/GUIA-DD/dataset-streetview/refs/heads/main/datasets/df_2024_proportional/batch_0002/images/261a19a923f2c47e3d9512b15f19f0b3ea65c854.jpg,True,downloaded,
bf1f2d1b308d957e1255d844cd182c5dbf44fb50,3342b170b5f1d5b1c3b92c52c09f3e970fa327fe,-15.970307412164164,-48.04651389294003,-15.97037604260389,-48.04632332266866,2025-05,2025,ijDjnZWoCK6Rh-18ynTJvA,103.26045960159489,© Google,OK,4_1,173869.290822275,8231961.839180229,7051c3f1a5d78a3d1d7bfd1c9d9011b69f8fe346,cardinal,4,2,180_deg_south,cardinal,180,0,90,640,640,2,batch_0002,755,datasets/df_2024_proportional/batch_0002/images/7051c3f1a5d78a3d1d7bfd1c9d9011b69f8fe346.jpg,https://raw.githubusercontent.com/GUIA-DD/dataset-streetview/refs/heads/main/datasets/df_2024_proportional/batch_0002/images/7051c3f1a5d78a3d1d7bfd1c9d9011b69f8fe346.jpg,True,downloaded,
bf1f2d1b308d957e1255d844cd182c5dbf44fb50,3342b170b5f1d5b1c3b92c52c09f3e970fa327fe,-15.970307412164164,-48.04651389294003,-15.97037604260389,-48.04632332266866,2025-05,2025,ijDjnZWoCK6Rh-18ynTJvA,103.26045960159489,© Google,OK,4_1,173869.290822275,8231961.839180229,3f7d9619181ae301b790d4e1337ac74cb4b599b1,cardinal,4,3,270_deg_west,cardinal,270,0,90,640,640,2,batch_0002,756,datasets/df_2024_proportional/batch_0002/images/3f7d9619181ae301b790d4e1337ac74cb4b599b1.jpg,https://raw.githubusercontent.com/GUIA-DD/dataset-streetview/refs/heads/main/datasets/df_2024_proportional/batch_0002/images/3f7d9619181ae301b790d4e1337ac74cb4b599b1.jpg,True,downloaded,
bf5a839547c0dc99eb77e0b01008b25bb99456b8,818b43e985f528feed929caf448a7047a2c733fb,-15.878295550101724,-48.064913399956396,-15.87828352648016,-48.06489328718504,2025-06,2025,JxHnGO77055CaW-LX95EgA,251.76759762946926,© Google,OK,4_3,171748.3098989573,8242123.116961767,c4a56f9ba7715b21e71d03c04ba3c08150e36eda,cardinal,4,0,0_deg_north,cardinal,0,0,90,640,640,2,batch_0002,757,datasets/df_2024_proportional/batch_0002/images/c4a56f9ba7715b21e71d03c04ba3c08150e36eda.jpg,https://raw.githubusercontent.com/GUIA-DD/dataset-streetview/refs/heads/main/datasets/df_2024_proportional/batch_0002/images/c4a56f9ba7715b21e71d03c04ba3c08150e36eda.jpg,True,downloaded,
bf5a839547c0dc99eb77e0b01008b25bb99456b8,818b43e985f528feed929caf448a7047a2c733fb,-15.878295550101724,-48.064913399956396,-15.87828352648016,-48.06489328718504,2025-06,2025,JxHnGO77055CaW-LX95EgA,251.76759762946926,© Google,OK,4_3,171748.3098989573,8242123.116961767,2ad2ea6d040fe86ec48d5ebd2db381d2aa5ce262,cardinal,4,1,90_deg_east,cardinal,90,0,90,640,640,2,batch_0002,758,datasets/df_2024_proportional/batch_0002/images/2ad2ea6d040fe86ec48d5ebd2db381d2aa5ce262.jpg,https://raw.githubusercontent.com/GUIA-DD/dataset-streetview/refs/heads/main/datasets/df_2024_proportional/batch_0002/images/2ad2ea6d040fe86ec48d5ebd2db381d2aa5ce262.jpg,True,downloaded,
bf5a839547c0dc99eb77e0b01008b25bb99456b8,818b43e985f528feed929caf448a7047a2c733fb,-15.878295550101724,-48.064913399956396,-15.87828352648016,-48.06489328718504,2025-06,2025,JxHnGO77055CaW-LX95EgA,251.76759762946926,© Google,OK,4_3,171748.3098989573,8242123.116961767,a7b2c13f6fc90a1bad9f831100f4ef8536fd6e96,cardinal,4,2,180_deg_south,cardinal,180,0,90,640,640,2,batch_0002,759,datasets/df_2024_proportional/batch_0002/images/a7b2c13f6fc90a1bad9f831100f4ef8536fd6e96.jpg,https://raw.githubusercontent.com/GUIA-DD/dataset-streetview/refs/heads/main/datasets/df_2024_proportional/batch_0002/images/a7b2c13f6fc90a1bad9f831100f4ef8536fd6e96.jpg,True,downloaded,
bf5a839547c0dc99eb77e0b01008b25bb99456b8,818b43e985f528feed929caf448a7047a2c733fb,-15.878295550101724,-48.064913399956396,-15.87828352648016,-48.06489328718504,2025-06,2025,JxHnGO77055CaW-LX95EgA,251.76759762946926,© Google,OK,4_3,171748.3098989573,8242123.116961767,92c3ee6b6686e09146f81c80136f4618471250dd,cardinal,4,3,270_deg_west,cardinal,270,0,90,640,640,2,batch_0002,760,datasets/df_2024_proportional/batch_0002/images/92c3ee6b6686e09146f81c80136f4618471250dd.jpg,https://raw.githubusercontent.com/GUIA-DD/dataset-streetview/refs/heads/main/datasets/df_2024_proportional/batch_0002/images/92c3ee6b6686e09146f81c80136f4618471250dd.jpg,True,downloaded,
bfdaa4fbcde6ed4a0361838a26dfd79b5df21c58,bacd2d7b0582351de4086dfb7584e51856f985fe,-15.731210294163443,-47.777966086432194,-15.73121670830051,-47.77795041964471,2024-07,2024,ZU_Wh_jyZW5kgNp60b-CPw,158.72980617537505,© Google,OK,10_7,202286.77724971055,8258838.384742199,76d5b794f5f33d3a75e3037e3bcb0b686875fd27,cardinal,4,0,0_deg_north,cardinal,0,0,90,640,640,2,batch_0002,761,datasets/df_2024_proportional/batch_0002/images/76d5b794f5f33d3a75e3037e3bcb0b686875fd27.jpg,https://raw.githubusercontent.com/GUIA-DD/dataset-streetview/refs/heads/main/datasets/df_2024_proportional/batch_0002/images/76d5b794f5f33d3a75e3037e3bcb0b686875fd27.jpg,True,downloaded,
bfdaa4fbcde6ed4a0361838a26dfd79b5df21c58,bacd2d7b0582351de4086dfb7584e51856f985fe,-15.731210294163443,-47.777966086432194,-15.73121670830051,-47.77795041964471,2024-07,2024,ZU_Wh_jyZW5kgNp60b-CPw,158.72980617537505,© Google,OK,10_7,202286.77724971055,8258838.384742199,1becf0e63407b5df087a2ee6c23063af9cd8f6d0,cardinal,4,1,90_deg_east,cardinal,90,0,90,640,640,2,batch_0002,762,datasets/df_2024_proportional/batch_0002/images/1becf0e63407b5df087a2ee6c23063af9cd8f6d0.jpg,https://raw.githubusercontent.com/GUIA-DD/dataset-streetview/refs/heads/main/datasets/df_2024_proportional/batch_0002/images/1becf0e63407b5df087a2ee6c23063af9cd8f6d0.jpg,True,downloaded,
bfdaa4fbcde6ed4a0361838a26dfd79b5df21c58,bacd2d7b0582351de4086dfb7584e51856f985fe,-15.731210294163443,-47.777966086432194,-15.73121670830051,-47.77795041964471,2024-07,2024,ZU_Wh_jyZW5kgNp60b-CPw,158.72980617537505,© Google,OK,10_7,202286.77724971055,8258838.384742199,0827440d0bf718ad0ec19d3ff4abec88cff09274,cardinal,4,2,180_deg_south,cardinal,180,0,90,640,640,2,batch_0002,763,datasets/df_2024_proportional/batch_0002/images/0827440d0bf718ad0ec19d3ff4abec88cff09274.jpg,https://raw.githubusercontent.com/GUIA-DD/dataset-streetview/refs/heads/main/datasets/df_2024_proportional/batch_0002/images/0827440d0bf718ad0ec19d3ff4abec88cff09274.jpg,True,downloaded,
bfdaa4fbcde6ed4a0361838a26dfd79b5df21c58,bacd2d7b0582351de4086dfb7584e51856f985fe,-15.731210294163443,-47.777966086432194,-15.73121670830051,-47.77795041964471,2024-07,2024,ZU_Wh_jyZW5kgNp60b-CPw,158.72980617537505,© Google,OK,10_7,202286.77724971055,8258838.384742199,2e970a8191ae4e2a776ee6cefe0e01d219f17ceb,cardinal,4,3,270_deg_west,cardinal,270,0,90,640,640,2,batch_0002,764,datasets/df_2024_proportional/batch_0002/images/2e970a8191ae4e2a776ee6cefe0e01d219f17ceb.jpg,https://raw.githubusercontent.com/GUIA-DD/dataset-streetview/refs/heads/main/datasets/df_2024_proportional/batch_0002/images/2e970a8191ae4e2a776ee6cefe0e01d219f17ceb.jpg,True,downloaded,
c108cc07c9a0a64713a3b92d8ba91e3d809dca07,c4c5db932b6d8760c68409821917acdb5e6505bb,-15.64536200012492,-47.6446933500116,-15.64536198460638,-47.6447141302308,2024-07,2024,QsLIXJQpWxpHEs-cSXxr_g,267.3291671795322,© Google,OK,13_9,216459.76834326077,8268526.375734225,642703a9273c061c5c78054effb1b66bb784f9c0,cardinal,4,0,0_deg_north,cardinal,0,0,90,640,640,2,batch_0002,765,datasets/df_2024_proportional/batch_0002/images/642703a9273c061c5c78054effb1b66bb784f9c0.jpg,https://raw.githubusercontent.com/GUIA-DD/dataset-streetview/refs/heads/main/datasets/df_2024_proportional/batch_0002/images/642703a9273c061c5c78054effb1b66bb784f9c0.jpg,True,downloaded,
c108cc07c9a0a64713a3b92d8ba91e3d809dca07,c4c5db932b6d8760c68409821917acdb5e6505bb,-15.64536200012492,-47.6446933500116,-15.64536198460638,-47.6447141302308,2024-07,2024,QsLIXJQpWxpHEs-cSXxr_g,267.3291671795322,© Google,OK,13_9,216459.76834326077,8268526.375734225,22f33aed8e0fe39718cf3bbbc3ac95864a17f890,cardinal,4,1,90_deg_east,cardinal,90,0,90,640,640,2,batch_0002,766,datasets/df_2024_proportional/batch_0002/images/22f33aed8e0fe39718cf3bbbc3ac95864a17f890.jpg,https://raw.githubusercontent.com/GUIA-DD/dataset-streetview/refs/heads/main/datasets/df_2024_proportional/batch_0002/images/22f33aed8e0fe39718cf3bbbc3ac95864a17f890.jpg,True,downloaded,
c108cc07c9a0a64713a3b92d8ba91e3d809dca07,c4c5db932b6d8760c68409821917acdb5e6505bb,-15.64536200012492,-47.6446933500116,-15.64536198460638,-47.6447141302308,2024-07,2024,QsLIXJQpWxpHEs-cSXxr_g,267.3291671795322,© Google,OK,13_9,216459.76834326077,8268526.375734225,5a9345e9b6fd5bbd150febe607b1b3418f02023d,cardinal,4,2,180_deg_south,cardinal,180,0,90,640,640,2,batch_0002,767,datasets/df_2024_proportional/batch_0002/images/5a9345e9b6fd5bbd150febe607b1b3418f02023d.jpg,https://raw.githubusercontent.com/GUIA-DD/dataset-streetview/refs/heads/main/datasets/df_2024_proportional/batch_0002/images/5a9345e9b6fd5bbd150febe607b1b3418f02023d.jpg,True,downloaded,
c108cc07c9a0a64713a3b92d8ba91e3d809dca07,c4c5db932b6d8760c68409821917acdb5e6505bb,-15.64536200012492,-47.6446933500116,-15.64536198460638,-47.6447141302308,2024-07,2024,QsLIXJQpWxpHEs-cSXxr_g,267.3291671795322,© Google,OK,13_9,216459.76834326077,8268526.375734225,ffe4c04b76da5ed9ac2a9aab8b4ccc82dfb9d1f1,cardinal,4,3,270_deg_west,cardinal,270,0,90,640,640,2,batch_0002,768,datasets/df_2024_proportional/batch_0002/images/ffe4c04b76da5ed9ac2a9aab8b4ccc82dfb9d1f1.jpg,https://raw.githubusercontent.com/GUIA-DD/dataset-streetview/refs/heads/main/datasets/df_2024_proportional/batch_0002/images/ffe4c04b76da5ed9ac2a9aab8b4ccc82dfb9d1f1.jpg,True,downloaded,
c1f9d8917b55a9b9ce707d8c1d0aa73c7b7ee155,32204ee4d6f199c989f5da9f7608d671fd623132,-15.910653381688695,-48.05558595092741,-15.91064376734558,-48.055540989913,2025-07,2025,d2NgT-a0_KFeWQzvyTM0Tw,252.7869112666124,© Google,OK,4_3,172800.4801826102,8238554.17368069,802467196c23b0b651cb4862174f62f5d54cb9ea,cardinal,4,0,0_deg_north,cardinal,0,0,90,640,640,2,batch_0002,769,datasets/df_2024_proportional/batch_0002/images/802467196c23b0b651cb4862174f62f5d54cb9ea.jpg,https://raw.githubusercontent.com/GUIA-DD/dataset-streetview/refs/heads/main/datasets/df_2024_proportional/batch_0002/images/802467196c23b0b651cb4862174f62f5d54cb9ea.jpg,True,downloaded,
c1f9d8917b55a9b9ce707d8c1d0aa73c7b7ee155,32204ee4d6f199c989f5da9f7608d671fd623132,-15.910653381688695,-48.05558595092741,-15.91064376734558,-48.055540989913,2025-07,2025,d2NgT-a0_KFeWQzvyTM0Tw,252.7869112666124,© Google,OK,4_3,172800.4801826102,8238554.17368069,af54567a06624130447f66d1b6a711e5c606a6af,cardinal,4,1,90_deg_east,cardinal,90,0,90,640,640,2,batch_0002,770,datasets/df_2024_proportional/batch_0002/images/af54567a06624130447f66d1b6a711e5c606a6af.jpg,https://raw.githubusercontent.com/GUIA-DD/dataset-streetview/refs/heads/main/datasets/df_2024_proportional/batch_0002/images/af54567a06624130447f66d1b6a711e5c606a6af.jpg,True,downloaded,
c1f9d8917b55a9b9ce707d8c1d0aa73c7b7ee155,32204ee4d6f199c989f5da9f7608d671fd623132,-15.910653381688695,-48.05558595092741,-15.91064376734558,-48.055540989913,2025-07,2025,d2NgT-a0_KFeWQzvyTM0Tw,252.7869112666124,© Google,OK,4_3,172800.4801826102,8238554.17368069,c1834d93fd4a22641f202688d5c7468179864d4b,cardinal,4,2,180_deg_south,cardinal,180,0,90,640,640,2,batch_0002,771,datasets/df_2024_proportional/batch_0002/images/c1834d93fd4a22641f202688d5c7468179864d4b.jpg,https://raw.githubusercontent.com/GUIA-DD/dataset-streetview/refs/heads/main/datasets/df_2024_proportional/batch_0002/images/c1834d93fd4a22641f202688d5c7468179864d4b.jpg,True,downloaded,
c1f9d8917b55a9b9ce707d8c1d0aa73c7b7ee155,32204ee4d6f199c989f5da9f7608d671fd623132,-15.910653381688695,-48.05558595092741,-15.91064376734558,-48.055540989913,2025-07,2025,d2NgT-a0_KFeWQzvyTM0Tw,252.7869112666124,© Google,OK,4_3,172800.4801826102,8238554.17368069,f3cd915c61dbeb6a4240916346a2e11836f44c74,cardinal,4,3,270_deg_west,cardinal,270,0,90,640,640,2,batch_0002,772,datasets/df_2024_proportional/batch_0002/images/f3cd915c61dbeb6a4240916346a2e11836f44c74.jpg,https://raw.githubusercontent.com/GUIA-DD/dataset-streetview/refs/heads/main/datasets/df_2024_proportional/batch_0002/images/f3cd915c61dbeb6a4240916346a2e11836f44c74.jpg,True,downloaded,
c2bba9b465113ce40be6e25d7e7ccef2016631a8,213c36ba43b36f26848df5de1d7ff57aba5e4b70,-16.02193211187395,-48.06852991597817,-16.02192774010001,-48.06853736969055,2025-05,2025,FZhj9xQY5X9jBDuwRCG89g,302.4247305656729,© Google,OK,4_0,171595.0091481797,8226209.740297854,810e041433fba889fe71246472cf921aa0de444d,cardinal,4,0,0_deg_north,cardinal,0,0,90,640,640,2,batch_0002,773,datasets/df_2024_proportional/batch_0002/images/810e041433fba889fe71246472cf921aa0de444d.jpg,https://raw.githubusercontent.com/GUIA-DD/dataset-streetview/refs/heads/main/datasets/df_2024_proportional/batch_0002/images/810e041433fba889fe71246472cf921aa0de444d.jpg,True,downloaded,
c2bba9b465113ce40be6e25d7e7ccef2016631a8,213c36ba43b36f26848df5de1d7ff57aba5e4b70,-16.02193211187395,-48.06852991597817,-16.02192774010001,-48.06853736969055,2025-05,2025,FZhj9xQY5X9jBDuwRCG89g,302.4247305656729,© Google,OK,4_0,171595.0091481797,8226209.740297854,7528b925c0f2e991dcf1cb77ba97c0d622c39284,cardinal,4,1,90_deg_east,cardinal,90,0,90,640,640,2,batch_0002,774,datasets/df_2024_proportional/batch_0002/images/7528b925c0f2e991dcf1cb77ba97c0d622c39284.jpg,https://raw.githubusercontent.com/GUIA-DD/dataset-streetview/refs/heads/main/datasets/df_2024_proportional/batch_0002/images/7528b925c0f2e991dcf1cb77ba97c0d622c39284.jpg,True,downloaded,
c2bba9b465113ce40be6e25d7e7ccef2016631a8,213c36ba43b36f26848df5de1d7ff57aba5e4b70,-16.02193211187395,-48.06852991597817,-16.02192774010001,-48.06853736969055,2025-05,2025,FZhj9xQY5X9jBDuwRCG89g,302.4247305656729,© Google,OK,4_0,171595.0091481797,8226209.740297854,0909b4659b01b6d4e36c302771c4b8e1a416def7,cardinal,4,2,180_deg_south,cardinal,180,0,90,640,640,2,batch_0002,775,datasets/df_2024_proportional/batch_0002/images/0909b4659b01b6d4e36c302771c4b8e1a416def7.jpg,https://raw.githubusercontent.com/GUIA-DD/dataset-streetview/refs/heads/main/datasets/df_2024_proportional/batch_0002/images/0909b4659b01b6d4e36c302771c4b8e1a416def7.jpg,True,downloaded,
c2bba9b465113ce40be6e25d7e7ccef2016631a8,213c36ba43b36f26848df5de1d7ff57aba5e4b70,-16.02193211187395,-48.06852991597817,-16.02192774010001,-48.06853736969055,2025-05,2025,FZhj9xQY5X9jBDuwRCG89g,302.4247305656729,© Google,OK,4_0,171595.0091481797,8226209.740297854,5eabc44bdc4b1ea59a4feb08862addf88ce3db9a,cardinal,4,3,270_deg_west,cardinal,270,0,90,640,640,2,batch_0002,776,datasets/df_2024_proportional/batch_0002/images/5eabc44bdc4b1ea59a4feb08862addf88ce3db9a.jpg,https://raw.githubusercontent.com/GUIA-DD/dataset-streetview/refs/heads/main/datasets/df_2024_proportional/batch_0002/images/5eabc44bdc4b1ea59a4feb08862addf88ce3db9a.jpg,True,downloaded,
c3405d58cd10851ecb2d9c36ff2386f6d9fbdde4,2c38c83eb58fbcfc61c9e6fb26a8e4bda57839f9,-15.904262403020782,-47.951720211138706,-15.90425151932078,-47.95171466913219,2024-12,2024,MSXvRM-RXrTzvriNAGEAzw,219.88232324799446,© Google,OK,6_3,183921.24254782655,8239422.018286618,5ef888e4b4c2f5ab43f6b6b4e7caeee86d99ec4b,cardinal,4,0,0_deg_north,cardinal,0,0,90,640,640,2,batch_0002,777,datasets/df_2024_proportional/batch_0002/images/5ef888e4b4c2f5ab43f6b6b4e7caeee86d99ec4b.jpg,https://raw.githubusercontent.com/GUIA-DD/dataset-streetview/refs/heads/main/datasets/df_2024_proportional/batch_0002/images/5ef888e4b4c2f5ab43f6b6b4e7caeee86d99ec4b.jpg,True,downloaded,
c3405d58cd10851ecb2d9c36ff2386f6d9fbdde4,2c38c83eb58fbcfc61c9e6fb26a8e4bda57839f9,-15.904262403020782,-47.951720211138706,-15.90425151932078,-47.95171466913219,2024-12,2024,MSXvRM-RXrTzvriNAGEAzw,219.88232324799446,© Google,OK,6_3,183921.24254782655,8239422.018286618,06d13f5331be78cebbba419184c7684d377e81bb,cardinal,4,1,90_deg_east,cardinal,90,0,90,640,640,2,batch_0002,778,datasets/df_2024_proportional/batch_0002/images/06d13f5331be78cebbba419184c7684d377e81bb.jpg,https://raw.githubusercontent.com/GUIA-DD/dataset-streetview/refs/heads/main/datasets/df_2024_proportional/batch_0002/images/06d13f5331be78cebbba419184c7684d377e81bb.jpg,True,downloaded,
c3405d58cd10851ecb2d9c36ff2386f6d9fbdde4,2c38c83eb58fbcfc61c9e6fb26a8e4bda57839f9,-15.904262403020782,-47.951720211138706,-15.90425151932078,-47.95171466913219,2024-12,2024,MSXvRM-RXrTzvriNAGEAzw,219.88232324799446,© Google,OK,6_3,183921.24254782655,8239422.018286618,14bc0dcfea373f25bba08a86fc5d05319ceec5c8,cardinal,4,2,180_deg_south,cardinal,180,0,90,640,640,2,batch_0002,779,datasets/df_2024_proportional/batch_0002/images/14bc0dcfea373f25bba08a86fc5d05319ceec5c8.jpg,https://raw.githubusercontent.com/GUIA-DD/dataset-streetview/refs/heads/main/datasets/df_2024_proportional/batch_0002/images/14bc0dcfea373f25bba08a86fc5d05319ceec5c8.jpg,True,downloaded,
c3405d58cd10851ecb2d9c36ff2386f6d9fbdde4,2c38c83eb58fbcfc61c9e6fb26a8e4bda57839f9,-15.904262403020782,-47.951720211138706,-15.90425151932078,-47.95171466913219,2024-12,2024,MSXvRM-RXrTzvriNAGEAzw,219.88232324799446,© Google,OK,6_3,183921.24254782655,8239422.018286618,155cb28b99d69e793f4d1c104c3e43ed507191b7,cardinal,4,3,270_deg_west,cardinal,270,0,90,640,640,2,batch_0002,780,datasets/df_2024_proportional/batch_0002/images/155cb28b99d69e793f4d1c104c3e43ed507191b7.jpg,https://raw.githubusercontent.com/GUIA-DD/dataset-streetview/refs/heads/main/datasets/df_2024_proportional/batch_0002/images/155cb28b99d69e793f4d1c104c3e43ed507191b7.jpg,True,downloaded,
c3d8ed72b9ca43c8f705c44dbbdc8d2d2e03b2ec,5e807c2c08b92598d1767fdfed24e7a7a8028158,-15.72796910254164,-47.658392302,-15.72799628118299,-47.65835934514865,2025-07,2025,zQbbNJo2orD5oIwg5l5pzA,104.63122138665582,© Google,OK,13_7,215105.00074097043,8259362.2883320935,553fe3a8a657f4cc9c64fc14ef60f9bda1dff4ce,cardinal,4,0,0_deg_north,cardinal,0,0,90,640,640,2,batch_0002,781,datasets/df_2024_proportional/batch_0002/images/553fe3a8a657f4cc9c64fc14ef60f9bda1dff4ce.jpg,https://raw.githubusercontent.com/GUIA-DD/dataset-streetview/refs/heads/main/datasets/df_2024_proportional/batch_0002/images/553fe3a8a657f4cc9c64fc14ef60f9bda1dff4ce.jpg,True,downloaded,
c3d8ed72b9ca43c8f705c44dbbdc8d2d2e03b2ec,5e807c2c08b92598d1767fdfed24e7a7a8028158,-15.72796910254164,-47.658392302,-15.72799628118299,-47.65835934514865,2025-07,2025,zQbbNJo2orD5oIwg5l5pzA,104.63122138665582,© Google,OK,13_7,215105.00074097043,8259362.2883320935,ece70e0c3399e5f4770ce1b6ccc50850b22b8fa1,cardinal,4,1,90_deg_east,cardinal,90,0,90,640,640,2,batch_0002,782,datasets/df_2024_proportional/batch_0002/images/ece70e0c3399e5f4770ce1b6ccc50850b22b8fa1.jpg,https://raw.githubusercontent.com/GUIA-DD/dataset-streetview/refs/heads/main/datasets/df_2024_proportional/batch_0002/images/ece70e0c3399e5f4770ce1b6ccc50850b22b8fa1.jpg,True,downloaded,
c3d8ed72b9ca43c8f705c44dbbdc8d2d2e03b2ec,5e807c2c08b92598d1767fdfed24e7a7a8028158,-15.72796910254164,-47.658392302,-15.72799628118299,-47.65835934514865,2025-07,2025,zQbbNJo2orD5oIwg5l5pzA,104.63122138665582,© Google,OK,13_7,215105.00074097043,8259362.2883320935,03d09c24c92cfb7b8a9b035d9c6548e36a591d7b,cardinal,4,2,180_deg_south,cardinal,180,0,90,640,640,2,batch_0002,783,datasets/df_2024_proportional/batch_0002/images/03d09c24c92cfb7b8a9b035d9c6548e36a591d7b.jpg,https://raw.githubusercontent.com/GUIA-DD/dataset-streetview/refs/heads/main/datasets/df_2024_proportional/batch_0002/images/03d09c24c92cfb7b8a9b035d9c6548e36a591d7b.jpg,True,downloaded,
c3d8ed72b9ca43c8f705c44dbbdc8d2d2e03b2ec,5e807c2c08b92598d1767fdfed24e7a7a8028158,-15.72796910254164,-47.658392302,-15.72799628118299,-47.65835934514865,2025-07,2025,zQbbNJo2orD5oIwg5l5pzA,104.63122138665582,© Google,OK,13_7,215105.00074097043,8259362.2883320935,7ca583fdaa7a77ca2c91ac4dc1172238a77b95da,cardinal,4,3,270_deg_west,cardinal,270,0,90,640,640,2,batch_0002,784,datasets/df_2024_proportional/batch_0002/images/7ca583fdaa7a77ca2c91ac4dc1172238a77b95da.jpg,https://raw.githubusercontent.com/GUIA-DD/dataset-streetview/refs/heads/main/datasets/df_2024_proportional/batch_0002/images/7ca583fdaa7a77ca2c91ac4dc1172238a77b95da.jpg,True,downloaded,
c412652e104dbecfb34c6c23825cdb91870d0c53,c3b48d9ec944c99dc0255508bdd34ee8380f3334,-15.91364060003685,-47.76182180007851,-15.91360331761641,-47.76186266219743,2025-01,2025,ETwHUtrzjLbjm0RpS49UcQ,306.1768053565723,© Google,OK,11_3,204283.7912375551,8238661.896333242,9ea0f612567292290a7717dae340754b9e39d539,cardinal,4,0,0_deg_north,cardinal,0,0,90,640,640,2,batch_0002,785,datasets/df_2024_proportional/batch_0002/images/9ea0f612567292290a7717dae340754b9e39d539.jpg,https://raw.githubusercontent.com/GUIA-DD/dataset-streetview/refs/heads/main/datasets/df_2024_proportional/batch_0002/images/9ea0f612567292290a7717dae340754b9e39d539.jpg,True,downloaded,
c412652e104dbecfb34c6c23825cdb91870d0c53,c3b48d9ec944c99dc0255508bdd34ee8380f3334,-15.91364060003685,-47.76182180007851,-15.91360331761641,-47.76186266219743,2025-01,2025,ETwHUtrzjLbjm0RpS49UcQ,306.1768053565723,© Google,OK,11_3,204283.7912375551,8238661.896333242,86d1d52d220e39af3033f9092bb8f8b6a2fd730f,cardinal,4,1,90_deg_east,cardinal,90,0,90,640,640,2,batch_0002,786,datasets/df_2024_proportional/batch_0002/images/86d1d52d220e39af3033f9092bb8f8b6a2fd730f.jpg,https://raw.githubusercontent.com/GUIA-DD/dataset-streetview/refs/heads/main/datasets/df_2024_proportional/batch_0002/images/86d1d52d220e39af3033f9092bb8f8b6a2fd730f.jpg,True,downloaded,
c412652e104dbecfb34c6c23825cdb91870d0c53,c3b48d9ec944c99dc0255508bdd34ee8380f3334,-15.91364060003685,-47.76182180007851,-15.91360331761641,-47.76186266219743,2025-01,2025,ETwHUtrzjLbjm0RpS49UcQ,306.1768053565723,© Google,OK,11_3,204283.7912375551,8238661.896333242,83455dd8ca83d8b72841b6bc224b777f32800565,cardinal,4,2,180_deg_south,cardinal,180,0,90,640,640,2,batch_0002,787,datasets/df_2024_proportional/batch_0002/images/83455dd8ca83d8b72841b6bc224b777f32800565.jpg,https://raw.githubusercontent.com/GUIA-DD/dataset-streetview/refs/heads/main/datasets/df_2024_proportional/batch_0002/images/83455dd8ca83d8b72841b6bc224b777f32800565.jpg,True,downloaded,
c412652e104dbecfb34c6c23825cdb91870d0c53,c3b48d9ec944c99dc0255508bdd34ee8380f3334,-15.91364060003685,-47.76182180007851,-15.91360331761641,-47.76186266219743,2025-01,2025,ETwHUtrzjLbjm0RpS49UcQ,306.1768053565723,© Google,OK,11_3,204283.7912375551,8238661.896333242,3cc77169096739ce795fc887627852f66ad0de7f,cardinal,4,3,270_deg_west,cardinal,270,0,90,640,640,2,batch_0002,788,datasets/df_2024_proportional/batch_0002/images/3cc77169096739ce795fc887627852f66ad0de7f.jpg,https://raw.githubusercontent.com/GUIA-DD/dataset-streetview/refs/heads/main/datasets/df_2024_proportional/batch_0002/images/3cc77169096739ce795fc887627852f66ad0de7f.jpg,True,downloaded,
c7d49944e1a36975bec2c8c33116ee758a2f6214,a2a13473be47b61552aecd27a93e177f3cb0f4ce,-15.842281960767798,-47.915315455747084,-15.84226208713723,-47.91532410735163,2024-12,2024,mU82mtz3g2JXkOU7fRUl9A,245.28903223798574,© Google,OK,7_4,187726.86650646414,8246340.2567856815,0e57018e77e6fedb3d15bd3d285340759dc79785,cardinal,4,0,0_deg_north,cardinal,0,0,90,640,640,2,batch_0002,789,datasets/df_2024_proportional/batch_0002/images/0e57018e77e6fedb3d15bd3d285340759dc79785.jpg,https://raw.githubusercontent.com/GUIA-DD/dataset-streetview/refs/heads/main/datasets/df_2024_proportional/batch_0002/images/0e57018e77e6fedb3d15bd3d285340759dc79785.jpg,True,downloaded,
c7d49944e1a36975bec2c8c33116ee758a2f6214,a2a13473be47b61552aecd27a93e177f3cb0f4ce,-15.842281960767798,-47.915315455747084,-15.84226208713723,-47.91532410735163,2024-12,2024,mU82mtz3g2JXkOU7fRUl9A,245.28903223798574,© Google,OK,7_4,187726.86650646414,8246340.2567856815,e54e792b0d0be4ea9d16df657ee6b3dd57b02fb8,cardinal,4,1,90_deg_east,cardinal,90,0,90,640,640,2,batch_0002,790,datasets/df_2024_proportional/batch_0002/images/e54e792b0d0be4ea9d16df657ee6b3dd57b02fb8.jpg,https://raw.githubusercontent.com/GUIA-DD/dataset-streetview/refs/heads/main/datasets/df_2024_proportional/batch_0002/images/e54e792b0d0be4ea9d16df657ee6b3dd57b02fb8.jpg,True,downloaded,
c7d49944e1a36975bec2c8c33116ee758a2f6214,a2a13473be47b61552aecd27a93e177f3cb0f4ce,-15.842281960767798,-47.915315455747084,-15.84226208713723,-47.91532410735163,2024-12,2024,mU82mtz3g2JXkOU7fRUl9A,245.28903223798574,© Google,OK,7_4,187726.86650646414,8246340.2567856815,b640dedee18c77d138ef744b5170acfbba3f5eed,cardinal,4,2,180_deg_south,cardinal,180,0,90,640,640,2,batch_0002,791,datasets/df_2024_proportional/batch_0002/images/b640dedee18c77d138ef744b5170acfbba3f5eed.jpg,https://raw.githubusercontent.com/GUIA-DD/dataset-streetview/refs/heads/main/datasets/df_2024_proportional/batch_0002/images/b640dedee18c77d138ef744b5170acfbba3f5eed.jpg,True,downloaded,
c7d49944e1a36975bec2c8c33116ee758a2f6214,a2a13473be47b61552aecd27a93e177f3cb0f4ce,-15.842281960767798,-47.915315455747084,-15.84226208713723,-47.91532410735163,2024-12,2024,mU82mtz3g2JXkOU7fRUl9A,245.28903223798574,© Google,OK,7_4,187726.86650646414,8246340.2567856815,a4c95246668d36a911f30982247044018b95cbb7,cardinal,4,3,270_deg_west,cardinal,270,0,90,640,640,2,batch_0002,792,datasets/df_2024_proportional/batch_0002/images/a4c95246668d36a911f30982247044018b95cbb7.jpg,https://raw.githubusercontent.com/GUIA-DD/dataset-streetview/refs/heads/main/datasets/df_2024_proportional/batch_0002/images/a4c95246668d36a911f30982247044018b95cbb7.jpg,True,downloaded,
c83337e822e089aacb2f7fd82facf5bb805274a5,d3bc6244a53bc7e22f4bb1baf22ebed8cfede48c,-16.010937968484384,-47.996067512024126,-16.0109191988694,-47.99607285248471,2025-01,2025,uNqw2e6NyEp1IoVXzFSH9A,339.83691781109775,© Google,OK,6_1,179338.71961707243,8227540.75177229,6f0c68d91d470820ea42a6dd291519e6d21bf7db,cardinal,4,0,0_deg_north,cardinal,0,0,90,640,640,2,batch_0002,793,datasets/df_2024_proportional/batch_0002/images/6f0c68d91d470820ea42a6dd291519e6d21bf7db.jpg,https://raw.githubusercontent.com/GUIA-DD/dataset-streetview/refs/heads/main/datasets/df_2024_proportional/batch_0002/images/6f0c68d91d470820ea42a6dd291519e6d21bf7db.jpg,True,downloaded,
c83337e822e089aacb2f7fd82facf5bb805274a5,d3bc6244a53bc7e22f4bb1baf22ebed8cfede48c,-16.010937968484384,-47.996067512024126,-16.0109191988694,-47.99607285248471,2025-01,2025,uNqw2e6NyEp1IoVXzFSH9A,339.83691781109775,© Google,OK,6_1,179338.71961707243,8227540.75177229,8407f14baac70e2cec6d6add7f770302c0965293,cardinal,4,1,90_deg_east,cardinal,90,0,90,640,640,2,batch_0002,794,datasets/df_2024_proportional/batch_0002/images/8407f14baac70e2cec6d6add7f770302c0965293.jpg,https://raw.githubusercontent.com/GUIA-DD/dataset-streetview/refs/heads/main/datasets/df_2024_proportional/batch_0002/images/8407f14baac70e2cec6d6add7f770302c0965293.jpg,True,downloaded,
c83337e822e089aacb2f7fd82facf5bb805274a5,d3bc6244a53bc7e22f4bb1baf22ebed8cfede48c,-16.010937968484384,-47.996067512024126,-16.0109191988694,-47.99607285248471,2025-01,2025,uNqw2e6NyEp1IoVXzFSH9A,339.83691781109775,© Google,OK,6_1,179338.71961707243,8227540.75177229,7a1249b06467f452978c5d9008724f63e2adb06f,cardinal,4,2,180_deg_south,cardinal,180,0,90,640,640,2,batch_0002,795,datasets/df_2024_proportional/batch_0002/images/7a1249b06467f452978c5d9008724f63e2adb06f.jpg,https://raw.githubusercontent.com/GUIA-DD/dataset-streetview/refs/heads/main/datasets/df_2024_proportional/batch_0002/images/7a1249b06467f452978c5d9008724f63e2adb06f.jpg,True,downloaded,
c83337e822e089aacb2f7fd82facf5bb805274a5,d3bc6244a53bc7e22f4bb1baf22ebed8cfede48c,-16.010937968484384,-47.996067512024126,-16.0109191988694,-47.99607285248471,2025-01,2025,uNqw2e6NyEp1IoVXzFSH9A,339.83691781109775,© Google,OK,6_1,179338.71961707243,8227540.75177229,15dd5a8ba3faa30b8373ac3cb31520a00bd7f5e8,cardinal,4,3,270_deg_west,cardinal,270,0,90,640,640,2,batch_0002,796,datasets/df_2024_proportional/batch_0002/images/15dd5a8ba3faa30b8373ac3cb31520a00bd7f5e8.jpg,https://raw.githubusercontent.com/GUIA-DD/dataset-streetview/refs/heads/main/datasets/df_2024_proportional/batch_0002/images/15dd5a8ba3faa30b8373ac3cb31520a00bd7f5e8.jpg,True,downloaded,
c84c432bbcd32a406486ecae58a9525c59410bb5,5e8bbf0d69e32bb4f928cc6ced0938e4b22e5848,-15.916301699999664,-48.04935580004011,-15.91632341882124,-48.04936463114358,2025-07,2025,W_8GLgQd96dIMt1q7_kffA,342.802654101264,© Google,OK,4_3,173477.29645622193,8237938.396436597,70b41eb240c050fa26e0ec74c443c1e5d872c0cd,cardinal,4,0,0_deg_north,cardinal,0,0,90,640,640,2,batch_0002,797,datasets/df_2024_proportional/batch_0002/images/70b41eb240c050fa26e0ec74c443c1e5d872c0cd.jpg,https://raw.githubusercontent.com/GUIA-DD/dataset-streetview/refs/heads/main/datasets/df_2024_proportional/batch_0002/images/70b41eb240c050fa26e0ec74c443c1e5d872c0cd.jpg,True,downloaded,
c84c432bbcd32a406486ecae58a9525c59410bb5,5e8bbf0d69e32bb4f928cc6ced0938e4b22e5848,-15.916301699999664,-48.04935580004011,-15.91632341882124,-48.04936463114358,2025-07,2025,W_8GLgQd96dIMt1q7_kffA,342.802654101264,© Google,OK,4_3,173477.29645622193,8237938.396436597,be8b323c26b0bc5dec1036e2d672edf68fff0fbb,cardinal,4,1,90_deg_east,cardinal,90,0,90,640,640,2,batch_0002,798,datasets/df_2024_proportional/batch_0002/images/be8b323c26b0bc5dec1036e2d672edf68fff0fbb.jpg,https://raw.githubusercontent.com/GUIA-DD/dataset-streetview/refs/heads/main/datasets/df_2024_proportional/batch_0002/images/be8b323c26b0bc5dec1036e2d672edf68fff0fbb.jpg,True,downloaded,
c84c432bbcd32a406486ecae58a9525c59410bb5,5e8bbf0d69e32bb4f928cc6ced0938e4b22e5848,-15.916301699999664,-48.04935580004011,-15.91632341882124,-48.04936463114358,2025-07,2025,W_8GLgQd96dIMt1q7_kffA,342.802654101264,© Google,OK,4_3,173477.29645622193,8237938.396436597,2a2b4f7de237f3e70a0317c0400f3d7c8ac94551,cardinal,4,2,180_deg_south,cardinal,180,0,90,640,640,2,batch_0002,799,datasets/df_2024_proportional/batch_0002/images/2a2b4f7de237f3e70a0317c0400f3d7c8ac94551.jpg,https://raw.githubusercontent.com/GUIA-DD/dataset-streetview/refs/heads/main/datasets/df_2024_proportional/batch_0002/images/2a2b4f7de237f3e70a0317c0400f3d7c8ac94551.jpg,True,downloaded,
c84c432bbcd32a406486ecae58a9525c59410bb5,5e8bbf0d69e32bb4f928cc6ced0938e4b22e5848,-15.916301699999664,-48.04935580004011,-15.91632341882124,-48.04936463114358,2025-07,2025,W_8GLgQd96dIMt1q7_kffA,342.802654101264,© Google,OK,4_3,173477.29645622193,8237938.396436597,8cd10a0a416ccb62ff658bb1accef03f459a782b,cardinal,4,3,270_deg_west,cardinal,270,0,90,640,640,2,batch_0002,800,datasets/df_2024_proportional/batch_0002/images/8cd10a0a416ccb62ff658bb1accef03f459a782b.jpg,https://raw.githubusercontent.com/GUIA-DD/dataset-streetview/refs/heads/main/datasets/df_2024_proportional/batch_0002/images/8cd10a0a416ccb62ff658bb1accef03f459a782b.jpg,True,downloaded,
c88dd44c9b1c5e75af4eeb9bf3f642148587f7e3,6107c533e25713d720fd0b8a4ee2929388e8865b,-15.804288450001831,-48.04478344997411,-15.80429541446611,-48.0447996687939,2024-09,2024,frzhQOEXRIfNI71MKpDMbw,178.40273713814014,© Google,OK,4_5,173786.96051018767,8250350.665841656,cc91f32f9514cf5222de910be5af5c77da041de0,cardinal,4,0,0_deg_north,cardinal,0,0,90,640,640,2,batch_0002,801,datasets/df_2024_proportional/batch_0002/images/cc91f32f9514cf5222de910be5af5c77da041de0.jpg,https://raw.githubusercontent.com/GUIA-DD/dataset-streetview/refs/heads/main/datasets/df_2024_proportional/batch_0002/images/cc91f32f9514cf5222de910be5af5c77da041de0.jpg,True,downloaded,
c88dd44c9b1c5e75af4eeb9bf3f642148587f7e3,6107c533e25713d720fd0b8a4ee2929388e8865b,-15.804288450001831,-48.04478344997411,-15.80429541446611,-48.0447996687939,2024-09,2024,frzhQOEXRIfNI71MKpDMbw,178.40273713814014,© Google,OK,4_5,173786.96051018767,8250350.665841656,c7d9eb5a27a08c86186b835cc640948021289758,cardinal,4,1,90_deg_east,cardinal,90,0,90,640,640,2,batch_0002,802,datasets/df_2024_proportional/batch_0002/images/c7d9eb5a27a08c86186b835cc640948021289758.jpg,https://raw.githubusercontent.com/GUIA-DD/dataset-streetview/refs/heads/main/datasets/df_2024_proportional/batch_0002/images/c7d9eb5a27a08c86186b835cc640948021289758.jpg,True,downloaded,
c88dd44c9b1c5e75af4eeb9bf3f642148587f7e3,6107c533e25713d720fd0b8a4ee2929388e8865b,-15.804288450001831,-48.04478344997411,-15.80429541446611,-48.0447996687939,2024-09,2024,frzhQOEXRIfNI71MKpDMbw,178.40273713814014,© Google,OK,4_5,173786.96051018767,8250350.665841656,c8ffac937cbee4553927b91e8f2bf35b02859d4a,cardinal,4,2,180_deg_south,cardinal,180,0,90,640,640,2,batch_0002,803,datasets/df_2024_proportional/batch_0002/images/c8ffac937cbee4553927b91e8f2bf35b02859d4a.jpg,https://raw.githubusercontent.com/GUIA-DD/dataset-streetview/refs/heads/main/datasets/df_2024_proportional/batch_0002/images/c8ffac937cbee4553927b91e8f2bf35b02859d4a.jpg,True,downloaded,
c88dd44c9b1c5e75af4eeb9bf3f642148587f7e3,6107c533e25713d720fd0b8a4ee2929388e8865b,-15.804288450001831,-48.04478344997411,-15.80429541446611,-48.0447996687939,2024-09,2024,frzhQOEXRIfNI71MKpDMbw,178.40273713814014,© Google,OK,4_5,173786.96051018767,8250350.665841656,ca98347ca289091382c9dacfa12ec08bf8ef8afe,cardinal,4,3,270_deg_west,cardinal,270,0,90,640,640,2,batch_0002,804,datasets/df_2024_proportional/batch_0002/images/ca98347ca289091382c9dacfa12ec08bf8ef8afe.jpg,https://raw.githubusercontent.com/GUIA-DD/dataset-streetview/refs/heads/main/datasets/df_2024_proportional/batch_0002/images/ca98347ca289091382c9dacfa12ec08bf8ef8afe.jpg,True,downloaded,
c8daabac7a57dce6def7fefc530deed494705dee,88b55ba6798ea2473d7c5637612a60f50ea01d4e,-15.80349885008355,-48.13271689995526,-15.80346560390812,-48.13270722801747,2026-02,2026,HI-RTv6gOelgCHtwNPbRFQ,68.5252231190452,© Google,OK,3_5,164356.67152295314,8250299.542531045,68491d4dbab038e8819ff6ee57e41d19db3aab56,cardinal,4,0,0_deg_north,cardinal,0,0,90,640,640,2,batch_0002,805,datasets/df_2024_proportional/batch_0002/images/68491d4dbab038e8819ff6ee57e41d19db3aab56.jpg,https://raw.githubusercontent.com/GUIA-DD/dataset-streetview/refs/heads/main/datasets/df_2024_proportional/batch_0002/images/68491d4dbab038e8819ff6ee57e41d19db3aab56.jpg,True,downloaded,
c8daabac7a57dce6def7fefc530deed494705dee,88b55ba6798ea2473d7c5637612a60f50ea01d4e,-15.80349885008355,-48.13271689995526,-15.80346560390812,-48.13270722801747,2026-02,2026,HI-RTv6gOelgCHtwNPbRFQ,68.5252231190452,© Google,OK,3_5,164356.67152295314,8250299.542531045,7d699ec2ecd0daf119ab0492c63790d0c3cc4838,cardinal,4,1,90_deg_east,cardinal,90,0,90,640,640,2,batch_0002,806,datasets/df_2024_proportional/batch_0002/images/7d699ec2ecd0daf119ab0492c63790d0c3cc4838.jpg,https://raw.githubusercontent.com/GUIA-DD/dataset-streetview/refs/heads/main/datasets/df_2024_proportional/batch_0002/images/7d699ec2ecd0daf119ab0492c63790d0c3cc4838.jpg,True,downloaded,
c8daabac7a57dce6def7fefc530deed494705dee,88b55ba6798ea2473d7c5637612a60f50ea01d4e,-15.80349885008355,-48.13271689995526,-15.80346560390812,-48.13270722801747,2026-02,2026,HI-RTv6gOelgCHtwNPbRFQ,68.5252231190452,© Google,OK,3_5,164356.67152295314,8250299.542531045,98284f9525ab0a89ae0a3865b12a7ba4e3719dc3,cardinal,4,2,180_deg_south,cardinal,180,0,90,640,640,2,batch_0002,807,datasets/df_2024_proportional/batch_0002/images/98284f9525ab0a89ae0a3865b12a7ba4e3719dc3.jpg,https://raw.githubusercontent.com/GUIA-DD/dataset-streetview/refs/heads/main/datasets/df_2024_proportional/batch_0002/images/98284f9525ab0a89ae0a3865b12a7ba4e3719dc3.jpg,True,downloaded,
c8daabac7a57dce6def7fefc530deed494705dee,88b55ba6798ea2473d7c5637612a60f50ea01d4e,-15.80349885008355,-48.13271689995526,-15.80346560390812,-48.13270722801747,2026-02,2026,HI-RTv6gOelgCHtwNPbRFQ,68.5252231190452,© Google,OK,3_5,164356.67152295314,8250299.542531045,2ee1bb3d3a041b77a966e560c4094d4de626fac6,cardinal,4,3,270_deg_west,cardinal,270,0,90,640,640,2,batch_0002,808,datasets/df_2024_proportional/batch_0002/images/2ee1bb3d3a041b77a966e560c4094d4de626fac6.jpg,https://raw.githubusercontent.com/GUIA-DD/dataset-streetview/refs/heads/main/datasets/df_2024_proportional/batch_0002/images/2ee1bb3d3a041b77a966e560c4094d4de626fac6.jpg,True,downloaded,
c904fadf56111e33050a475fd46ff6be9cb468f0,927ad37c39a4cb3e1e4c387800a6f417bf915dc5,-15.807194600592481,-48.090173649536446,-15.80721888001466,-48.09021062100039,2024-07,2024,5LEo67BFQYSm9CBYowc0QQ,241.68071623525623,© Google,OK,3_5,168924.64695727063,8249957.772323864,e4c2e4465a740cc36e5076db0ef423400d1ef500,cardinal,4,0,0_deg_north,cardinal,0,0,90,640,640,2,batch_0002,809,datasets/df_2024_proportional/batch_0002/images/e4c2e4465a740cc36e5076db0ef423400d1ef500.jpg,https://raw.githubusercontent.com/GUIA-DD/dataset-streetview/refs/heads/main/datasets/df_2024_proportional/batch_0002/images/e4c2e4465a740cc36e5076db0ef423400d1ef500.jpg,True,downloaded,
c904fadf56111e33050a475fd46ff6be9cb468f0,927ad37c39a4cb3e1e4c387800a6f417bf915dc5,-15.807194600592481,-48.090173649536446,-15.80721888001466,-48.09021062100039,2024-07,2024,5LEo67BFQYSm9CBYowc0QQ,241.68071623525623,© Google,OK,3_5,168924.64695727063,8249957.772323864,7e730d62b73f76186c62704a26b99bf7c7a584fe,cardinal,4,1,90_deg_east,cardinal,90,0,90,640,640,2,batch_0002,810,datasets/df_2024_proportional/batch_0002/images/7e730d62b73f76186c62704a26b99bf7c7a584fe.jpg,https://raw.githubusercontent.com/GUIA-DD/dataset-streetview/refs/heads/main/datasets/df_2024_proportional/batch_0002/images/7e730d62b73f76186c62704a26b99bf7c7a584fe.jpg,True,downloaded,
c904fadf56111e33050a475fd46ff6be9cb468f0,927ad37c39a4cb3e1e4c387800a6f417bf915dc5,-15.807194600592481,-48.090173649536446,-15.80721888001466,-48.09021062100039,2024-07,2024,5LEo67BFQYSm9CBYowc0QQ,241.68071623525623,© Google,OK,3_5,168924.64695727063,8249957.772323864,3cf6207dc93a1e37638a2e961dcd8b896a745ce0,cardinal,4,2,180_deg_south,cardinal,180,0,90,640,640,2,batch_0002,811,datasets/df_2024_proportional/batch_0002/images/3cf6207dc93a1e37638a2e961dcd8b896a745ce0.jpg,https://raw.githubusercontent.com/GUIA-DD/dataset-streetview/refs/heads/main/datasets/df_2024_proportional/batch_0002/images/3cf6207dc93a1e37638a2e961dcd8b896a745ce0.jpg,True,downloaded,
c904fadf56111e33050a475fd46ff6be9cb468f0,927ad37c39a4cb3e1e4c387800a6f417bf915dc5,-15.807194600592481,-48.090173649536446,-15.80721888001466,-48.09021062100039,2024-07,2024,5LEo67BFQYSm9CBYowc0QQ,241.68071623525623,© Google,OK,3_5,168924.64695727063,8249957.772323864,db933a0f4be64ade660a5fc3911e50ea62a6fd2e,cardinal,4,3,270_deg_west,cardinal,270,0,90,640,640,2,batch_0002,812,datasets/df_2024_proportional/batch_0002/images/db933a0f4be64ade660a5fc3911e50ea62a6fd2e.jpg,https://raw.githubusercontent.com/GUIA-DD/dataset-streetview/refs/heads/main/datasets/df_2024_proportional/batch_0002/images/db933a0f4be64ade660a5fc3911e50ea62a6fd2e.jpg,True,downloaded,
c9be10ce851df2da93a6bec8f367c9850ab7e753,0dde7b9e3892e3b393e59107a9a4c6d0ed35c8f9,-15.801043300141947,-48.12546729992412,-15.80103184432446,-48.12542670553236,2026-01,2026,zFrjSsVyNEmnd_whIPkusg,68.56331288826962,© Google,OK,3_5,165130.0207834108,8250583.077705961,e8da25430b05dde65de5eee1047969ba2da4cacf,cardinal,4,0,0_deg_north,cardinal,0,0,90,640,640,2,batch_0002,813,datasets/df_2024_proportional/batch_0002/images/e8da25430b05dde65de5eee1047969ba2da4cacf.jpg,https://raw.githubusercontent.com/GUIA-DD/dataset-streetview/refs/heads/main/datasets/df_2024_proportional/batch_0002/images/e8da25430b05dde65de5eee1047969ba2da4cacf.jpg,True,downloaded,
c9be10ce851df2da93a6bec8f367c9850ab7e753,0dde7b9e3892e3b393e59107a9a4c6d0ed35c8f9,-15.801043300141947,-48.12546729992412,-15.80103184432446,-48.12542670553236,2026-01,2026,zFrjSsVyNEmnd_whIPkusg,68.56331288826962,© Google,OK,3_5,165130.0207834108,8250583.077705961,770d76f84a21a8b3699b9135d02e38ab323b3943,cardinal,4,1,90_deg_east,cardinal,90,0,90,640,640,2,batch_0002,814,datasets/df_2024_proportional/batch_0002/images/770d76f84a21a8b3699b9135d02e38ab323b3943.jpg,https://raw.githubusercontent.com/GUIA-DD/dataset-streetview/refs/heads/main/datasets/df_2024_proportional/batch_0002/images/770d76f84a21a8b3699b9135d02e38ab323b3943.jpg,True,downloaded,
c9be10ce851df2da93a6bec8f367c9850ab7e753,0dde7b9e3892e3b393e59107a9a4c6d0ed35c8f9,-15.801043300141947,-48.12546729992412,-15.80103184432446,-48.12542670553236,2026-01,2026,zFrjSsVyNEmnd_whIPkusg,68.56331288826962,© Google,OK,3_5,165130.0207834108,8250583.077705961,155918cd52fdb8d40da4e593f0fc31a36926ac6b,cardinal,4,2,180_deg_south,cardinal,180,0,90,640,640,2,batch_0002,815,datasets/df_2024_proportional/batch_0002/images/155918cd52fdb8d40da4e593f0fc31a36926ac6b.jpg,https://raw.githubusercontent.com/GUIA-DD/dataset-streetview/refs/heads/main/datasets/df_2024_proportional/batch_0002/images/155918cd52fdb8d40da4e593f0fc31a36926ac6b.jpg,True,downloaded,
c9be10ce851df2da93a6bec8f367c9850ab7e753,0dde7b9e3892e3b393e59107a9a4c6d0ed35c8f9,-15.801043300141947,-48.12546729992412,-15.80103184432446,-48.12542670553236,2026-01,2026,zFrjSsVyNEmnd_whIPkusg,68.56331288826962,© Google,OK,3_5,165130.0207834108,8250583.077705961,33a73e7bf77630fc7737c795a971da4b5ab83824,cardinal,4,3,270_deg_west,cardinal,270,0,90,640,640,2,batch_0002,816,datasets/df_2024_proportional/batch_0002/images/33a73e7bf77630fc7737c795a971da4b5ab83824.jpg,https://raw.githubusercontent.com/GUIA-DD/dataset-streetview/refs/heads/main/datasets/df_2024_proportional/batch_0002/images/33a73e7bf77630fc7737c795a971da4b5ab83824.jpg,True,downloaded,
ca791e5c9ad8038e373b38c33821040cbb61f8ff,7cfc5f215a5a4da781003831e45ba0aeaa1328e5,-15.91597880012696,-48.059610799946974,-15.91598069128176,-48.05963721149505,2025-07,2025,9y6NIjRgIfXXq9nthyZYIQ,72.10854495175168,© Google,OK,4_3,172377.78281199207,8237958.074883452,4e07ca6163f7b4591489114ded122625dbfdf492,cardinal,4,0,0_deg_north,cardinal,0,0,90,640,640,2,batch_0002,817,datasets/df_2024_proportional/batch_0002/images/4e07ca6163f7b4591489114ded122625dbfdf492.jpg,https://raw.githubusercontent.com/GUIA-DD/dataset-streetview/refs/heads/main/datasets/df_2024_proportional/batch_0002/images/4e07ca6163f7b4591489114ded122625dbfdf492.jpg,True,downloaded,
ca791e5c9ad8038e373b38c33821040cbb61f8ff,7cfc5f215a5a4da781003831e45ba0aeaa1328e5,-15.91597880012696,-48.059610799946974,-15.91598069128176,-48.05963721149505,2025-07,2025,9y6NIjRgIfXXq9nthyZYIQ,72.10854495175168,© Google,OK,4_3,172377.78281199207,8237958.074883452,ed1f0ad86dd4074b53be91b760ab1967c35a90a6,cardinal,4,1,90_deg_east,cardinal,90,0,90,640,640,2,batch_0002,818,datasets/df_2024_proportional/batch_0002/images/ed1f0ad86dd4074b53be91b760ab1967c35a90a6.jpg,https://raw.githubusercontent.com/GUIA-DD/dataset-streetview/refs/heads/main/datasets/df_2024_proportional/batch_0002/images/ed1f0ad86dd4074b53be91b760ab1967c35a90a6.jpg,True,downloaded,
ca791e5c9ad8038e373b38c33821040cbb61f8ff,7cfc5f215a5a4da781003831e45ba0aeaa1328e5,-15.91597880012696,-48.059610799946974,-15.91598069128176,-48.05963721149505,2025-07,2025,9y6NIjRgIfXXq9nthyZYIQ,72.10854495175168,© Google,OK,4_3,172377.78281199207,8237958.074883452,a55a351e84655d92b23ac9bd46338c6e191dd3ee,cardinal,4,2,180_deg_south,cardinal,180,0,90,640,640,2,batch_0002,819,datasets/df_2024_proportional/batch_0002/images/a55a351e84655d92b23ac9bd46338c6e191dd3ee.jpg,https://raw.githubusercontent.com/GUIA-DD/dataset-streetview/refs/heads/main/datasets/df_2024_proportional/batch_0002/images/a55a351e84655d92b23ac9bd46338c6e191dd3ee.jpg,True,downloaded,
ca791e5c9ad8038e373b38c33821040cbb61f8ff,7cfc5f215a5a4da781003831e45ba0aeaa1328e5,-15.91597880012696,-48.059610799946974,-15.91598069128176,-48.05963721149505,2025-07,2025,9y6NIjRgIfXXq9nthyZYIQ,72.10854495175168,© Google,OK,4_3,172377.78281199207,8237958.074883452,1876ed34808f078e0cbba5c37f01db2012f053de,cardinal,4,3,270_deg_west,cardinal,270,0,90,640,640,2,batch_0002,820,datasets/df_2024_proportional/batch_0002/images/1876ed34808f078e0cbba5c37f01db2012f053de.jpg,https://raw.githubusercontent.com/GUIA-DD/dataset-streetview/refs/heads/main/datasets/df_2024_proportional/batch_0002/images/1876ed34808f078e0cbba5c37f01db2012f053de.jpg,True,downloaded,
cb7bbd7d77ea24f850f237752516fb51610f3864,353c23b4d817bbd9998f5d60bf11539aa3c133fd,-15.636393681945544,-47.85307992036802,-15.63641133020158,-47.85312799306483,2024-09,2024,5vg-273Ij2sdENTActTMBQ,319.46951960511893,© Google,OK,9_9,194089.77660676636,8269229.937411872,e8c105803ac310023392a0a151f18cde42e1d277,cardinal,4,0,0_deg_north,cardinal,0,0,90,640,640,2,batch_0002,821,datasets/df_2024_proportional/batch_0002/images/e8c105803ac310023392a0a151f18cde42e1d277.jpg,https://raw.githubusercontent.com/GUIA-DD/dataset-streetview/refs/heads/main/datasets/df_2024_proportional/batch_0002/images/e8c105803ac310023392a0a151f18cde42e1d277.jpg,True,downloaded,
cb7bbd7d77ea24f850f237752516fb51610f3864,353c23b4d817bbd9998f5d60bf11539aa3c133fd,-15.636393681945544,-47.85307992036802,-15.63641133020158,-47.85312799306483,2024-09,2024,5vg-273Ij2sdENTActTMBQ,319.46951960511893,© Google,OK,9_9,194089.77660676636,8269229.937411872,bf557400ab62a0a6ebff6e5bfd8c7ba8f9a3366f,cardinal,4,1,90_deg_east,cardinal,90,0,90,640,640,2,batch_0002,822,datasets/df_2024_proportional/batch_0002/images/bf557400ab62a0a6ebff6e5bfd8c7ba8f9a3366f.jpg,https://raw.githubusercontent.com/GUIA-DD/dataset-streetview/refs/heads/main/datasets/df_2024_proportional/batch_0002/images/bf557400ab62a0a6ebff6e5bfd8c7ba8f9a3366f.jpg,True,downloaded,
cb7bbd7d77ea24f850f237752516fb51610f3864,353c23b4d817bbd9998f5d60bf11539aa3c133fd,-15.636393681945544,-47.85307992036802,-15.63641133020158,-47.85312799306483,2024-09,2024,5vg-273Ij2sdENTActTMBQ,319.46951960511893,© Google,OK,9_9,194089.77660676636,8269229.937411872,0019ddb89150a4627e67ce0099601311c428a765,cardinal,4,2,180_deg_south,cardinal,180,0,90,640,640,2,batch_0002,823,datasets/df_2024_proportional/batch_0002/images/0019ddb89150a4627e67ce0099601311c428a765.jpg,https://raw.githubusercontent.com/GUIA-DD/dataset-streetview/refs/heads/main/datasets/df_2024_proportional/batch_0002/images/0019ddb89150a4627e67ce0099601311c428a765.jpg,True,downloaded,
cb7bbd7d77ea24f850f237752516fb51610f3864,353c23b4d817bbd9998f5d60bf11539aa3c133fd,-15.636393681945544,-47.85307992036802,-15.63641133020158,-47.85312799306483,2024-09,2024,5vg-273Ij2sdENTActTMBQ,319.46951960511893,© Google,OK,9_9,194089.77660676636,8269229.937411872,ce61691574004f1c4c8a87250c372253a1f4e419,cardinal,4,3,270_deg_west,cardinal,270,0,90,640,640,2,batch_0002,824,datasets/df_2024_proportional/batch_0002/images/ce61691574004f1c4c8a87250c372253a1f4e419.jpg,https://raw.githubusercontent.com/GUIA-DD/dataset-streetview/refs/heads/main/datasets/df_2024_proportional/batch_0002/images/ce61691574004f1c4c8a87250c372253a1f4e419.jpg,True,downloaded,
cd52ae525a59fd5e9390f823f6e041228f036da1,f52b0691578b3f8b56433ada6ecd807acad49df8,-15.89565576795997,-48.10828298749631,-15.89567869771437,-48.10828374371707,2025-06,2025,NDmhTywGFRhEixUWVsyffg,334.38431369423535,© Google,OK,3_3,167128.13978564335,8240131.8408227675,53f9600e03e71449553b83db8116e4480b817d23,cardinal,4,0,0_deg_north,cardinal,0,0,90,640,640,2,batch_0002,825,datasets/df_2024_proportional/batch_0002/images/53f9600e03e71449553b83db8116e4480b817d23.jpg,https://raw.githubusercontent.com/GUIA-DD/dataset-streetview/refs/heads/main/datasets/df_2024_proportional/batch_0002/images/53f9600e03e71449553b83db8116e4480b817d23.jpg,True,downloaded,
cd52ae525a59fd5e9390f823f6e041228f036da1,f52b0691578b3f8b56433ada6ecd807acad49df8,-15.89565576795997,-48.10828298749631,-15.89567869771437,-48.10828374371707,2025-06,2025,NDmhTywGFRhEixUWVsyffg,334.38431369423535,© Google,OK,3_3,167128.13978564335,8240131.8408227675,90c447466d0bbea3551d81b579b67a885d5e1b5a,cardinal,4,1,90_deg_east,cardinal,90,0,90,640,640,2,batch_0002,826,datasets/df_2024_proportional/batch_0002/images/90c447466d0bbea3551d81b579b67a885d5e1b5a.jpg,https://raw.githubusercontent.com/GUIA-DD/dataset-streetview/refs/heads/main/datasets/df_2024_proportional/batch_0002/images/90c447466d0bbea3551d81b579b67a885d5e1b5a.jpg,True,downloaded,
cd52ae525a59fd5e9390f823f6e041228f036da1,f52b0691578b3f8b56433ada6ecd807acad49df8,-15.89565576795997,-48.10828298749631,-15.89567869771437,-48.10828374371707,2025-06,2025,NDmhTywGFRhEixUWVsyffg,334.38431369423535,© Google,OK,3_3,167128.13978564335,8240131.8408227675,31b3f15fe3bfdee3955af57825b283ebff38fcc8,cardinal,4,2,180_deg_south,cardinal,180,0,90,640,640,2,batch_0002,827,datasets/df_2024_proportional/batch_0002/images/31b3f15fe3bfdee3955af57825b283ebff38fcc8.jpg,https://raw.githubusercontent.com/GUIA-DD/dataset-streetview/refs/heads/main/datasets/df_2024_proportional/batch_0002/images/31b3f15fe3bfdee3955af57825b283ebff38fcc8.jpg,True,downloaded,
cd52ae525a59fd5e9390f823f6e041228f036da1,f52b0691578b3f8b56433ada6ecd807acad49df8,-15.89565576795997,-48.10828298749631,-15.89567869771437,-48.10828374371707,2025-06,2025,NDmhTywGFRhEixUWVsyffg,334.38431369423535,© Google,OK,3_3,167128.13978564335,8240131.8408227675,b2d281ea9d3108b9a0be0b355991570ae3ea7acb,cardinal,4,3,270_deg_west,cardinal,270,0,90,640,640,2,batch_0002,828,datasets/df_2024_proportional/batch_0002/images/b2d281ea9d3108b9a0be0b355991570ae3ea7acb.jpg,https://raw.githubusercontent.com/GUIA-DD/dataset-streetview/refs/heads/main/datasets/df_2024_proportional/batch_0002/images/b2d281ea9d3108b9a0be0b355991570ae3ea7acb.jpg,True,downloaded,
cd8f354305d572de28fbc5019789697d4558f46c,d76195ba98928bd71e7ad8b6570f0c78ec35c2b4,-15.879440850946322,-48.00153034999293,-15.87945007123953,-48.00153128643679,2024-06,2024,JhtDgOvVvZPtZhuy1bvlow,83.92566757931426,© Google,OK,5_3,178543.81849128995,8242094.776319558,9bcd5e8bd2737314394505fb706e80e0c1572da9,cardinal,4,0,0_deg_north,cardinal,0,0,90,640,640,2,batch_0002,829,datasets/df_2024_proportional/batch_0002/images/9bcd5e8bd2737314394505fb706e80e0c1572da9.jpg,https://raw.githubusercontent.com/GUIA-DD/dataset-streetview/refs/heads/main/datasets/df_2024_proportional/batch_0002/images/9bcd5e8bd2737314394505fb706e80e0c1572da9.jpg,True,downloaded,
cd8f354305d572de28fbc5019789697d4558f46c,d76195ba98928bd71e7ad8b6570f0c78ec35c2b4,-15.879440850946322,-48.00153034999293,-15.87945007123953,-48.00153128643679,2024-06,2024,JhtDgOvVvZPtZhuy1bvlow,83.92566757931426,© Google,OK,5_3,178543.81849128995,8242094.776319558,e4254563ac8af7e690271cd9d746db1128c96839,cardinal,4,1,90_deg_east,cardinal,90,0,90,640,640,2,batch_0002,830,datasets/df_2024_proportional/batch_0002/images/e4254563ac8af7e690271cd9d746db1128c96839.jpg,https://raw.githubusercontent.com/GUIA-DD/dataset-streetview/refs/heads/main/datasets/df_2024_proportional/batch_0002/images/e4254563ac8af7e690271cd9d746db1128c96839.jpg,True,downloaded,
cd8f354305d572de28fbc5019789697d4558f46c,d76195ba98928bd71e7ad8b6570f0c78ec35c2b4,-15.879440850946322,-48.00153034999293,-15.87945007123953,-48.00153128643679,2024-06,2024,JhtDgOvVvZPtZhuy1bvlow,83.92566757931426,© Google,OK,5_3,178543.81849128995,8242094.776319558,99055e0e73562c77e17c55a4061436aaad5f441c,cardinal,4,2,180_deg_south,cardinal,180,0,90,640,640,2,batch_0002,831,datasets/df_2024_proportional/batch_0002/images/99055e0e73562c77e17c55a4061436aaad5f441c.jpg,https://raw.githubusercontent.com/GUIA-DD/dataset-streetview/refs/heads/main/datasets/df_2024_proportional/batch_0002/images/99055e0e73562c77e17c55a4061436aaad5f441c.jpg,True,downloaded,
cd8f354305d572de28fbc5019789697d4558f46c,d76195ba98928bd71e7ad8b6570f0c78ec35c2b4,-15.879440850946322,-48.00153034999293,-15.87945007123953,-48.00153128643679,2024-06,2024,JhtDgOvVvZPtZhuy1bvlow,83.92566757931426,© Google,OK,5_3,178543.81849128995,8242094.776319558,cb77e6a2e0eaa42582f29385e59368ef46d526c7,cardinal,4,3,270_deg_west,cardinal,270,0,90,640,640,2,batch_0002,832,datasets/df_2024_proportional/batch_0002/images/cb77e6a2e0eaa42582f29385e59368ef46d526c7.jpg,https://raw.githubusercontent.com/GUIA-DD/dataset-streetview/refs/heads/main/datasets/df_2024_proportional/batch_0002/images/cb77e6a2e0eaa42582f29385e59368ef46d526c7.jpg,True,downloaded,
cdbfc47bf7e6d57e2fa5f8d9b5f4b9e3558f76c9,59af0317b45a127128d7dfdd063965afc956f232,-15.795375716255077,-47.93537758745872,-15.79541242112465,-47.93540561695437,2024-05,2024,CQwl7nuh-EdfnoH5wHEygg,204.5928484785075,© Google,OK,7_5,185503.70522885607,8251504.517162118,fec77c8580323a2c3267f0f3aa247306fcd7bb4b,cardinal,4,0,0_deg_north,cardinal,0,0,90,640,640,2,batch_0002,833,datasets/df_2024_proportional/batch_0002/images/fec77c8580323a2c3267f0f3aa247306fcd7bb4b.jpg,https://raw.githubusercontent.com/GUIA-DD/dataset-streetview/refs/heads/main/datasets/df_2024_proportional/batch_0002/images/fec77c8580323a2c3267f0f3aa247306fcd7bb4b.jpg,True,downloaded,
cdbfc47bf7e6d57e2fa5f8d9b5f4b9e3558f76c9,59af0317b45a127128d7dfdd063965afc956f232,-15.795375716255077,-47.93537758745872,-15.79541242112465,-47.93540561695437,2024-05,2024,CQwl7nuh-EdfnoH5wHEygg,204.5928484785075,© Google,OK,7_5,185503.70522885607,8251504.517162118,4ae5a556ef3b22514724952cfccf3df37b08db9f,cardinal,4,1,90_deg_east,cardinal,90,0,90,640,640,2,batch_0002,834,datasets/df_2024_proportional/batch_0002/images/4ae5a556ef3b22514724952cfccf3df37b08db9f.jpg,https://raw.githubusercontent.com/GUIA-DD/dataset-streetview/refs/heads/main/datasets/df_2024_proportional/batch_0002/images/4ae5a556ef3b22514724952cfccf3df37b08db9f.jpg,True,downloaded,
cdbfc47bf7e6d57e2fa5f8d9b5f4b9e3558f76c9,59af0317b45a127128d7dfdd063965afc956f232,-15.795375716255077,-47.93537758745872,-15.79541242112465,-47.93540561695437,2024-05,2024,CQwl7nuh-EdfnoH5wHEygg,204.5928484785075,© Google,OK,7_5,185503.70522885607,8251504.517162118,0b33a9059b007e4b6a047693ed7975763d543e19,cardinal,4,2,180_deg_south,cardinal,180,0,90,640,640,2,batch_0002,835,datasets/df_2024_proportional/batch_0002/images/0b33a9059b007e4b6a047693ed7975763d543e19.jpg,https://raw.githubusercontent.com/GUIA-DD/dataset-streetview/refs/heads/main/datasets/df_2024_proportional/batch_0002/images/0b33a9059b007e4b6a047693ed7975763d543e19.jpg,True,downloaded,
cdbfc47bf7e6d57e2fa5f8d9b5f4b9e3558f76c9,59af0317b45a127128d7dfdd063965afc956f232,-15.795375716255077,-47.93537758745872,-15.79541242112465,-47.93540561695437,2024-05,2024,CQwl7nuh-EdfnoH5wHEygg,204.5928484785075,© Google,OK,7_5,185503.70522885607,8251504.517162118,70b725d4be355df25007b58a73d248afaf51c73c,cardinal,4,3,270_deg_west,cardinal,270,0,90,640,640,2,batch_0002,836,datasets/df_2024_proportional/batch_0002/images/70b725d4be355df25007b58a73d248afaf51c73c.jpg,https://raw.githubusercontent.com/GUIA-DD/dataset-streetview/refs/heads/main/datasets/df_2024_proportional/batch_0002/images/70b725d4be355df25007b58a73d248afaf51c73c.jpg,True,downloaded,
ce61d92dc973ed786815d0a6c87b9b0473367dd1,609d8f6f77b5020d45d5c9d8ef766811bf46bd61,-15.973943003210294,-47.81785535224023,-15.97391711020006,-47.81783056765993,2025-01,2025,Wqft3C8MemAKNNrywRdiFw,282.3534928428834,© Google,OK,9_1,198370.29948324963,8231904.495200649,215eefbbe0169a0e68a147f61a89f1f6bb7c5bb8,cardinal,4,0,0_deg_north,cardinal,0,0,90,640,640,2,batch_0002,837,datasets/df_2024_proportional/batch_0002/images/215eefbbe0169a0e68a147f61a89f1f6bb7c5bb8.jpg,https://raw.githubusercontent.com/GUIA-DD/dataset-streetview/refs/heads/main/datasets/df_2024_proportional/batch_0002/images/215eefbbe0169a0e68a147f61a89f1f6bb7c5bb8.jpg,True,downloaded,
ce61d92dc973ed786815d0a6c87b9b0473367dd1,609d8f6f77b5020d45d5c9d8ef766811bf46bd61,-15.973943003210294,-47.81785535224023,-15.97391711020006,-47.81783056765993,2025-01,2025,Wqft3C8MemAKNNrywRdiFw,282.3534928428834,© Google,OK,9_1,198370.29948324963,8231904.495200649,7d878d89495ecea7ebf4bb67fb3efcba9a3171f6,cardinal,4,1,90_deg_east,cardinal,90,0,90,640,640,2,batch_0002,838,datasets/df_2024_proportional/batch_0002/images/7d878d89495ecea7ebf4bb67fb3efcba9a3171f6.jpg,https://raw.githubusercontent.com/GUIA-DD/dataset-streetview/refs/heads/main/datasets/df_2024_proportional/batch_0002/images/7d878d89495ecea7ebf4bb67fb3efcba9a3171f6.jpg,True,downloaded,
ce61d92dc973ed786815d0a6c87b9b0473367dd1,609d8f6f77b5020d45d5c9d8ef766811bf46bd61,-15.973943003210294,-47.81785535224023,-15.97391711020006,-47.81783056765993,2025-01,2025,Wqft3C8MemAKNNrywRdiFw,282.3534928428834,© Google,OK,9_1,198370.29948324963,8231904.495200649,f4e872516a9b6390ccdf090dd66e3d9d8fbd3da0,cardinal,4,2,180_deg_south,cardinal,180,0,90,640,640,2,batch_0002,839,datasets/df_2024_proportional/batch_0002/images/f4e872516a9b6390ccdf090dd66e3d9d8fbd3da0.jpg,https://raw.githubusercontent.com/GUIA-DD/dataset-streetview/refs/heads/main/datasets/df_2024_proportional/batch_0002/images/f4e872516a9b6390ccdf090dd66e3d9d8fbd3da0.jpg,True,downloaded,
ce61d92dc973ed786815d0a6c87b9b0473367dd1,609d8f6f77b5020d45d5c9d8ef766811bf46bd61,-15.973943003210294,-47.81785535224023,-15.97391711020006,-47.81783056765993,2025-01,2025,Wqft3C8MemAKNNrywRdiFw,282.3534928428834,© Google,OK,9_1,198370.29948324963,8231904.495200649,c58e89192fa61eb5850af119dd1ad63fee807b01,cardinal,4,3,270_deg_west,cardinal,270,0,90,640,640,2,batch_0002,840,datasets/df_2024_proportional/batch_0002/images/c58e89192fa61eb5850af119dd1ad63fee807b01.jpg,https://raw.githubusercontent.com/GUIA-DD/dataset-streetview/refs/heads/main/datasets/df_2024_proportional/batch_0002/images/c58e89192fa61eb5850af119dd1ad63fee807b01.jpg,True,downloaded,
d22ec692ab2fde1471dfa6bec67c74429127c453,330f32ac29911b1a9667ec004f12ca6ebd1da574,-15.925489050080914,-48.1021465498439,-15.92550800167193,-48.10216571827181,2025-07,2025,eRi_ju_Oyx-Bv3j8Vqr6ZA,35.749733293078954,© Google,OK,3_2,167834.94278196455,8236837.508042656,8fecc5ab566f42328c5f5ff482487dc7e184b178,cardinal,4,0,0_deg_north,cardinal,0,0,90,640,640,2,batch_0002,841,datasets/df_2024_proportional/batch_0002/images/8fecc5ab566f42328c5f5ff482487dc7e184b178.jpg,https://raw.githubusercontent.com/GUIA-DD/dataset-streetview/refs/heads/main/datasets/df_2024_proportional/batch_0002/images/8fecc5ab566f42328c5f5ff482487dc7e184b178.jpg,True,downloaded,
d22ec692ab2fde1471dfa6bec67c74429127c453,330f32ac29911b1a9667ec004f12ca6ebd1da574,-15.925489050080914,-48.1021465498439,-15.92550800167193,-48.10216571827181,2025-07,2025,eRi_ju_Oyx-Bv3j8Vqr6ZA,35.749733293078954,© Google,OK,3_2,167834.94278196455,8236837.508042656,4e7c2d35685c624f8e60b03ab312e383ca4a1861,cardinal,4,1,90_deg_east,cardinal,90,0,90,640,640,2,batch_0002,842,datasets/df_2024_proportional/batch_0002/images/4e7c2d35685c624f8e60b03ab312e383ca4a1861.jpg,https://raw.githubusercontent.com/GUIA-DD/dataset-streetview/refs/heads/main/datasets/df_2024_proportional/batch_0002/images/4e7c2d35685c624f8e60b03ab312e383ca4a1861.jpg,True,downloaded,
d22ec692ab2fde1471dfa6bec67c74429127c453,330f32ac29911b1a9667ec004f12ca6ebd1da574,-15.925489050080914,-48.1021465498439,-15.92550800167193,-48.10216571827181,2025-07,2025,eRi_ju_Oyx-Bv3j8Vqr6ZA,35.749733293078954,© Google,OK,3_2,167834.94278196455,8236837.508042656,f61089a66409f5d2620592801c073d75dae25205,cardinal,4,2,180_deg_south,cardinal,180,0,90,640,640,2,batch_0002,843,datasets/df_2024_proportional/batch_0002/images/f61089a66409f5d2620592801c073d75dae25205.jpg,https://raw.githubusercontent.com/GUIA-DD/dataset-streetview/refs/heads/main/datasets/df_2024_proportional/batch_0002/images/f61089a66409f5d2620592801c073d75dae25205.jpg,True,downloaded,
d22ec692ab2fde1471dfa6bec67c74429127c453,330f32ac29911b1a9667ec004f12ca6ebd1da574,-15.925489050080914,-48.1021465498439,-15.92550800167193,-48.10216571827181,2025-07,2025,eRi_ju_Oyx-Bv3j8Vqr6ZA,35.749733293078954,© Google,OK,3_2,167834.94278196455,8236837.508042656,a64c49d504650102138c5580d9af9953399399ba,cardinal,4,3,270_deg_west,cardinal,270,0,90,640,640,2,batch_0002,844,datasets/df_2024_proportional/batch_0002/images/a64c49d504650102138c5580d9af9953399399ba.jpg,https://raw.githubusercontent.com/GUIA-DD/dataset-streetview/refs/heads/main/datasets/df_2024_proportional/batch_0002/images/a64c49d504650102138c5580d9af9953399399ba.jpg,True,downloaded,
d23e1868ea9df0b47157f0ce6d2ca9002782e3ea,8816104fe5dad0c2e1641f23f850f7accc205c37,-15.891040601678004,-47.80939635492487,-15.89110370483542,-47.80940239854124,2025-01,2025,6HQGD7ceV9H6IWVzWGCf4Q,21.70990187038624,© Google,OK,10_3,199152.73466025948,8241096.32714122,4431f67f7a95322c99f991af56cf114677d8be32,cardinal,4,0,0_deg_north,cardinal,0,0,90,640,640,2,batch_0002,845,datasets/df_2024_proportional/batch_0002/images/4431f67f7a95322c99f991af56cf114677d8be32.jpg,https://raw.githubusercontent.com/GUIA-DD/dataset-streetview/refs/heads/main/datasets/df_2024_proportional/batch_0002/images/4431f67f7a95322c99f991af56cf114677d8be32.jpg,True,downloaded,
d23e1868ea9df0b47157f0ce6d2ca9002782e3ea,8816104fe5dad0c2e1641f23f850f7accc205c37,-15.891040601678004,-47.80939635492487,-15.89110370483542,-47.80940239854124,2025-01,2025,6HQGD7ceV9H6IWVzWGCf4Q,21.70990187038624,© Google,OK,10_3,199152.73466025948,8241096.32714122,051c534f17d4b5df15cea0f15cf292274c83e5e2,cardinal,4,1,90_deg_east,cardinal,90,0,90,640,640,2,batch_0002,846,datasets/df_2024_proportional/batch_0002/images/051c534f17d4b5df15cea0f15cf292274c83e5e2.jpg,https://raw.githubusercontent.com/GUIA-DD/dataset-streetview/refs/heads/main/datasets/df_2024_proportional/batch_0002/images/051c534f17d4b5df15cea0f15cf292274c83e5e2.jpg,True,downloaded,
d23e1868ea9df0b47157f0ce6d2ca9002782e3ea,8816104fe5dad0c2e1641f23f850f7accc205c37,-15.891040601678004,-47.80939635492487,-15.89110370483542,-47.80940239854124,2025-01,2025,6HQGD7ceV9H6IWVzWGCf4Q,21.70990187038624,© Google,OK,10_3,199152.73466025948,8241096.32714122,4bd753e98642053de9cbd8229bdff6c50110f4e4,cardinal,4,2,180_deg_south,cardinal,180,0,90,640,640,2,batch_0002,847,datasets/df_2024_proportional/batch_0002/images/4bd753e98642053de9cbd8229bdff6c50110f4e4.jpg,https://raw.githubusercontent.com/GUIA-DD/dataset-streetview/refs/heads/main/datasets/df_2024_proportional/batch_0002/images/4bd753e98642053de9cbd8229bdff6c50110f4e4.jpg,True,downloaded,
d23e1868ea9df0b47157f0ce6d2ca9002782e3ea,8816104fe5dad0c2e1641f23f850f7accc205c37,-15.891040601678004,-47.80939635492487,-15.89110370483542,-47.80940239854124,2025-01,2025,6HQGD7ceV9H6IWVzWGCf4Q,21.70990187038624,© Google,OK,10_3,199152.73466025948,8241096.32714122,c0190725614a4a98b68c93c17d87e36abfa5f31b,cardinal,4,3,270_deg_west,cardinal,270,0,90,640,640,2,batch_0002,848,datasets/df_2024_proportional/batch_0002/images/c0190725614a4a98b68c93c17d87e36abfa5f31b.jpg,https://raw.githubusercontent.com/GUIA-DD/dataset-streetview/refs/heads/main/datasets/df_2024_proportional/batch_0002/images/c0190725614a4a98b68c93c17d87e36abfa5f31b.jpg,True,downloaded,
d34222499283ab2eab039b4a873d5f9183ba7e14,680e2804fa34a4acdb4b4c155b199ffd046027fa,-15.885571200022415,-48.1430199500824,-15.88558178829004,-48.14298673709982,2024-06,2024,km014UmHgxWSOU_WK-JFOw,136.93073297837782,© Google,OK,2_3,163388.12269315365,8241193.079890718,2016067001ae67f4bcea97887cde4681539f3f3f,cardinal,4,0,0_deg_north,cardinal,0,0,90,640,640,2,batch_0002,849,datasets/df_2024_proportional/batch_0002/images/2016067001ae67f4bcea97887cde4681539f3f3f.jpg,https://raw.githubusercontent.com/GUIA-DD/dataset-streetview/refs/heads/main/datasets/df_2024_proportional/batch_0002/images/2016067001ae67f4bcea97887cde4681539f3f3f.jpg,True,downloaded,
d34222499283ab2eab039b4a873d5f9183ba7e14,680e2804fa34a4acdb4b4c155b199ffd046027fa,-15.885571200022415,-48.1430199500824,-15.88558178829004,-48.14298673709982,2024-06,2024,km014UmHgxWSOU_WK-JFOw,136.93073297837782,© Google,OK,2_3,163388.12269315365,8241193.079890718,539ba58b0c6bc2be22763871bc23163e37a8ca76,cardinal,4,1,90_deg_east,cardinal,90,0,90,640,640,2,batch_0002,850,datasets/df_2024_proportional/batch_0002/images/539ba58b0c6bc2be22763871bc23163e37a8ca76.jpg,https://raw.githubusercontent.com/GUIA-DD/dataset-streetview/refs/heads/main/datasets/df_2024_proportional/batch_0002/images/539ba58b0c6bc2be22763871bc23163e37a8ca76.jpg,True,downloaded,
d34222499283ab2eab039b4a873d5f9183ba7e14,680e2804fa34a4acdb4b4c155b199ffd046027fa,-15.885571200022415,-48.1430199500824,-15.88558178829004,-48.14298673709982,2024-06,2024,km014UmHgxWSOU_WK-JFOw,136.93073297837782,© Google,OK,2_3,163388.12269315365,8241193.079890718,7863ae95f5ed6f7edf0da41fe8e4ec3712460b5d,cardinal,4,2,180_deg_south,cardinal,180,0,90,640,640,2,batch_0002,851,datasets/df_2024_proportional/batch_0002/images/7863ae95f5ed6f7edf0da41fe8e4ec3712460b5d.jpg,https://raw.githubusercontent.com/GUIA-DD/dataset-streetview/refs/heads/main/datasets/df_2024_proportional/batch_0002/images/7863ae95f5ed6f7edf0da41fe8e4ec3712460b5d.jpg,True,downloaded,
d34222499283ab2eab039b4a873d5f9183ba7e14,680e2804fa34a4acdb4b4c155b199ffd046027fa,-15.885571200022415,-48.1430199500824,-15.88558178829004,-48.14298673709982,2024-06,2024,km014UmHgxWSOU_WK-JFOw,136.93073297837782,© Google,OK,2_3,163388.12269315365,8241193.079890718,3af2d4aa68968167b9f83cfcc8fa50b052781fea,cardinal,4,3,270_deg_west,cardinal,270,0,90,640,640,2,batch_0002,852,datasets/df_2024_proportional/batch_0002/images/3af2d4aa68968167b9f83cfcc8fa50b052781fea.jpg,https://raw.githubusercontent.com/GUIA-DD/dataset-streetview/refs/heads/main/datasets/df_2024_proportional/batch_0002/images/3af2d4aa68968167b9f83cfcc8fa50b052781fea.jpg,True,downloaded,
d581de400f87293ff88dac5a58a54dd67c288db6,7ba5cb2177b94b939848abc56ed3a2a45f0c3bc5,-15.828611001367616,-48.080296899203695,-15.82863697909113,-48.08032330769461,2024-10,2024,kvuumzeheTtUJXFgZ2ENug,250.47547932087502,© Google,OK,4_5,170018.49139039763,8247601.461912284,c9fd2b76fa69bc701abc2ee8a18afdeaa481015f,cardinal,4,0,0_deg_north,cardinal,0,0,90,640,640,2,batch_0002,853,datasets/df_2024_proportional/batch_0002/images/c9fd2b76fa69bc701abc2ee8a18afdeaa481015f.jpg,https://raw.githubusercontent.com/GUIA-DD/dataset-streetview/refs/heads/main/datasets/df_2024_proportional/batch_0002/images/c9fd2b76fa69bc701abc2ee8a18afdeaa481015f.jpg,True,downloaded,
d581de400f87293ff88dac5a58a54dd67c288db6,7ba5cb2177b94b939848abc56ed3a2a45f0c3bc5,-15.828611001367616,-48.080296899203695,-15.82863697909113,-48.08032330769461,2024-10,2024,kvuumzeheTtUJXFgZ2ENug,250.47547932087502,© Google,OK,4_5,170018.49139039763,8247601.461912284,9bf21c4967de13094ff47cbee3050bb406a3bf47,cardinal,4,1,90_deg_east,cardinal,90,0,90,640,640,2,batch_0002,854,datasets/df_2024_proportional/batch_0002/images/9bf21c4967de13094ff47cbee3050bb406a3bf47.jpg,https://raw.githubusercontent.com/GUIA-DD/dataset-streetview/refs/heads/main/datasets/df_2024_proportional/batch_0002/images/9bf21c4967de13094ff47cbee3050bb406a3bf47.jpg,True,downloaded,
d581de400f87293ff88dac5a58a54dd67c288db6,7ba5cb2177b94b939848abc56ed3a2a45f0c3bc5,-15.828611001367616,-48.080296899203695,-15.82863697909113,-48.08032330769461,2024-10,2024,kvuumzeheTtUJXFgZ2ENug,250.47547932087502,© Google,OK,4_5,170018.49139039763,8247601.461912284,3b4cf6e1cae00692c36c0e94cb7aac3a0171051c,cardinal,4,2,180_deg_south,cardinal,180,0,90,640,640,2,batch_0002,855,datasets/df_2024_proportional/batch_0002/images/3b4cf6e1cae00692c36c0e94cb7aac3a0171051c.jpg,https://raw.githubusercontent.com/GUIA-DD/dataset-streetview/refs/heads/main/datasets/df_2024_proportional/batch_0002/images/3b4cf6e1cae00692c36c0e94cb7aac3a0171051c.jpg,True,downloaded,
d581de400f87293ff88dac5a58a54dd67c288db6,7ba5cb2177b94b939848abc56ed3a2a45f0c3bc5,-15.828611001367616,-48.080296899203695,-15.82863697909113,-48.08032330769461,2024-10,2024,kvuumzeheTtUJXFgZ2ENug,250.47547932087502,© Google,OK,4_5,170018.49139039763,8247601.461912284,2d95f8025235860db11686f3698f67af6cc45fe2,cardinal,4,3,270_deg_west,cardinal,270,0,90,640,640,2,batch_0002,856,datasets/df_2024_proportional/batch_0002/images/2d95f8025235860db11686f3698f67af6cc45fe2.jpg,https://raw.githubusercontent.com/GUIA-DD/dataset-streetview/refs/heads/main/datasets/df_2024_proportional/batch_0002/images/2d95f8025235860db11686f3698f67af6cc45fe2.jpg,True,downloaded,
d91aac5361f6900bcae49ee74d3460096d596e4c,37d1f495c988d8903b6f2a0bbf079b0ea677f4ad,-15.83180465022288,-48.13164619969033,-15.83221397343377,-48.13146363064546,2026-01,2026,WlhCSohZ5MTsPTDEza3z7g,46.316364295279016,© Google,OK,3_4,164518.239372029,8247166.264100877,74e67736af06092cf4806e221e8c7698693c348a,cardinal,4,0,0_deg_north,cardinal,0,0,90,640,640,2,batch_0002,857,datasets/df_2024_proportional/batch_0002/images/74e67736af06092cf4806e221e8c7698693c348a.jpg,https://raw.githubusercontent.com/GUIA-DD/dataset-streetview/refs/heads/main/datasets/df_2024_proportional/batch_0002/images/74e67736af06092cf4806e221e8c7698693c348a.jpg,True,downloaded,
d91aac5361f6900bcae49ee74d3460096d596e4c,37d1f495c988d8903b6f2a0bbf079b0ea677f4ad,-15.83180465022288,-48.13164619969033,-15.83221397343377,-48.13146363064546,2026-01,2026,WlhCSohZ5MTsPTDEza3z7g,46.316364295279016,© Google,OK,3_4,164518.239372029,8247166.264100877,ee0bc42adf83f7026575bfce7863f7c57895b86f,cardinal,4,1,90_deg_east,cardinal,90,0,90,640,640,2,batch_0002,858,datasets/df_2024_proportional/batch_0002/images/ee0bc42adf83f7026575bfce7863f7c57895b86f.jpg,https://raw.githubusercontent.com/GUIA-DD/dataset-streetview/refs/heads/main/datasets/df_2024_proportional/batch_0002/images/ee0bc42adf83f7026575bfce7863f7c57895b86f.jpg,True,downloaded,
d91aac5361f6900bcae49ee74d3460096d596e4c,37d1f495c988d8903b6f2a0bbf079b0ea677f4ad,-15.83180465022288,-48.13164619969033,-15.83221397343377,-48.13146363064546,2026-01,2026,WlhCSohZ5MTsPTDEza3z7g,46.316364295279016,© Google,OK,3_4,164518.239372029,8247166.264100877,8594e014ac0c0defeb2883ce8d4c5d203f68869b,cardinal,4,2,180_deg_south,cardinal,180,0,90,640,640,2,batch_0002,859,datasets/df_2024_proportional/batch_0002/images/8594e014ac0c0defeb2883ce8d4c5d203f68869b.jpg,https://raw.githubusercontent.com/GUIA-DD/dataset-streetview/refs/heads/main/datasets/df_2024_proportional/batch_0002/images/8594e014ac0c0defeb2883ce8d4c5d203f68869b.jpg,True,downloaded,
d91aac5361f6900bcae49ee74d3460096d596e4c,37d1f495c988d8903b6f2a0bbf079b0ea677f4ad,-15.83180465022288,-48.13164619969033,-15.83221397343377,-48.13146363064546,2026-01,2026,WlhCSohZ5MTsPTDEza3z7g,46.316364295279016,© Google,OK,3_4,164518.239372029,8247166.264100877,67c2a2be48679b7c2fb1b20440ff26296369be1e,cardinal,4,3,270_deg_west,cardinal,270,0,90,640,640,2,batch_0002,860,datasets/df_2024_proportional/batch_0002/images/67c2a2be48679b7c2fb1b20440ff26296369be1e.jpg,https://raw.githubusercontent.com/GUIA-DD/dataset-streetview/refs/heads/main/datasets/df_2024_proportional/batch_0002/images/67c2a2be48679b7c2fb1b20440ff26296369be1e.jpg,True,downloaded,
d9e1970723b4be62c14bafd02ef3bd127823cb0a,33edd992caf17f8943dcb42155de2a54d0ab9f83,-15.821817663297514,-48.12539883222988,-15.82180901753458,-48.12539488258189,2026-01,2026,6PuDXZ0JHsBoHra0ZZ-PPA,159.00375338124425,© Google,OK,3_5,165171.5946038305,8248282.3491786765,039530f59a607bd37a81601dfba6e6a37cb333c0,cardinal,4,0,0_deg_north,cardinal,0,0,90,640,640,2,batch_0002,861,datasets/df_2024_proportional/batch_0002/images/039530f59a607bd37a81601dfba6e6a37cb333c0.jpg,https://raw.githubusercontent.com/GUIA-DD/dataset-streetview/refs/heads/main/datasets/df_2024_proportional/batch_0002/images/039530f59a607bd37a81601dfba6e6a37cb333c0.jpg,True,downloaded,
d9e1970723b4be62c14bafd02ef3bd127823cb0a,33edd992caf17f8943dcb42155de2a54d0ab9f83,-15.821817663297514,-48.12539883222988,-15.82180901753458,-48.12539488258189,2026-01,2026,6PuDXZ0JHsBoHra0ZZ-PPA,159.00375338124425,© Google,OK,3_5,165171.5946038305,8248282.3491786765,653587cc76ecab16ed8b0f350c928e50e0a1abf0,cardinal,4,1,90_deg_east,cardinal,90,0,90,640,640,2,batch_0002,862,datasets/df_2024_proportional/batch_0002/images/653587cc76ecab16ed8b0f350c928e50e0a1abf0.jpg,https://raw.githubusercontent.com/GUIA-DD/dataset-streetview/refs/heads/main/datasets/df_2024_proportional/batch_0002/images/653587cc76ecab16ed8b0f350c928e50e0a1abf0.jpg,True,downloaded,
d9e1970723b4be62c14bafd02ef3bd127823cb0a,33edd992caf17f8943dcb42155de2a54d0ab9f83,-15.821817663297514,-48.12539883222988,-15.82180901753458,-48.12539488258189,2026-01,2026,6PuDXZ0JHsBoHra0ZZ-PPA,159.00375338124425,© Google,OK,3_5,165171.5946038305,8248282.3491786765,2e175cf89528bc22e3782086cc29179a3af47b82,cardinal,4,2,180_deg_south,cardinal,180,0,90,640,640,2,batch_0002,863,datasets/df_2024_proportional/batch_0002/images/2e175cf89528bc22e3782086cc29179a3af47b82.jpg,https://raw.githubusercontent.com/GUIA-DD/dataset-streetview/refs/heads/main/datasets/df_2024_proportional/batch_0002/images/2e175cf89528bc22e3782086cc29179a3af47b82.jpg,True,downloaded,
d9e1970723b4be62c14bafd02ef3bd127823cb0a,33edd992caf17f8943dcb42155de2a54d0ab9f83,-15.821817663297514,-48.12539883222988,-15.82180901753458,-48.12539488258189,2026-01,2026,6PuDXZ0JHsBoHra0ZZ-PPA,159.00375338124425,© Google,OK,3_5,165171.5946038305,8248282.3491786765,22ab39bc5a8afcf281ed595d1d3b761cfeb4a31e,cardinal,4,3,270_deg_west,cardinal,270,0,90,640,640,2,batch_0002,864,datasets/df_2024_proportional/batch_0002/images/22ab39bc5a8afcf281ed595d1d3b761cfeb4a31e.jpg,https://raw.githubusercontent.com/GUIA-DD/dataset-streetview/refs/heads/main/datasets/df_2024_proportional/batch_0002/images/22ab39bc5a8afcf281ed595d1d3b761cfeb4a31e.jpg,True,downloaded,
daea24902b80315d26728dc26442079de1fc0e36,e06d94974a9fc1f93ea952a572cacfca08835a38,-15.798341900007097,-48.103101299984054,-15.79833822976088,-48.10306676107657,2026-01,2026,MDUthhKuA8dMfum62VkFxw,210.563510290849,© Google,OK,3_5,167523.96846514154,8250917.79499067,cdd9e4531f656111f730bcd20b284e6e8e6802da,cardinal,4,0,0_deg_north,cardinal,0,0,90,640,640,2,batch_0002,865,datasets/df_2024_proportional/batch_0002/images/cdd9e4531f656111f730bcd20b284e6e8e6802da.jpg,https://raw.githubusercontent.com/GUIA-DD/dataset-streetview/refs/heads/main/datasets/df_2024_proportional/batch_0002/images/cdd9e4531f656111f730bcd20b284e6e8e6802da.jpg,True,downloaded,
daea24902b80315d26728dc26442079de1fc0e36,e06d94974a9fc1f93ea952a572cacfca08835a38,-15.798341900007097,-48.103101299984054,-15.79833822976088,-48.10306676107657,2026-01,2026,MDUthhKuA8dMfum62VkFxw,210.563510290849,© Google,OK,3_5,167523.96846514154,8250917.79499067,a0731707fac97f51e323b8157fafae424e2d5979,cardinal,4,1,90_deg_east,cardinal,90,0,90,640,640,2,batch_0002,866,datasets/df_2024_proportional/batch_0002/images/a0731707fac97f51e323b8157fafae424e2d5979.jpg,https://raw.githubusercontent.com/GUIA-DD/dataset-streetview/refs/heads/main/datasets/df_2024_proportional/batch_0002/images/a0731707fac97f51e323b8157fafae424e2d5979.jpg,True,downloaded,
daea24902b80315d26728dc26442079de1fc0e36,e06d94974a9fc1f93ea952a572cacfca08835a38,-15.798341900007097,-48.103101299984054,-15.79833822976088,-48.10306676107657,2026-01,2026,MDUthhKuA8dMfum62VkFxw,210.563510290849,© Google,OK,3_5,167523.96846514154,8250917.79499067,e7e8b7efda74b4cea8641f0ebc68fd06e090f434,cardinal,4,2,180_deg_south,cardinal,180,0,90,640,640,2,batch_0002,867,datasets/df_2024_proportional/batch_0002/images/e7e8b7efda74b4cea8641f0ebc68fd06e090f434.jpg,https://raw.githubusercontent.com/GUIA-DD/dataset-streetview/refs/heads/main/datasets/df_2024_proportional/batch_0002/images/e7e8b7efda74b4cea8641f0ebc68fd06e090f434.jpg,True,downloaded,
daea24902b80315d26728dc26442079de1fc0e36,e06d94974a9fc1f93ea952a572cacfca08835a38,-15.798341900007097,-48.103101299984054,-15.79833822976088,-48.10306676107657,2026-01,2026,MDUthhKuA8dMfum62VkFxw,210.563510290849,© Google,OK,3_5,167523.96846514154,8250917.79499067,196653c7a724c04fe01183ba8a2a0a92309e48c7,cardinal,4,3,270_deg_west,cardinal,270,0,90,640,640,2,batch_0002,868,datasets/df_2024_proportional/batch_0002/images/196653c7a724c04fe01183ba8a2a0a92309e48c7.jpg,https://raw.githubusercontent.com/GUIA-DD/dataset-streetview/refs/heads/main/datasets/df_2024_proportional/batch_0002/images/196653c7a724c04fe01183ba8a2a0a92309e48c7.jpg,True,downloaded,
db193a4f877b12d7164c727bf8b0807ca2f7af8e,1354806423868c20a15d66d6d260aff0e9f3d5ca,-15.860598650008104,-48.121126350039944,-15.86060058390402,-48.12116903691339,2026-01,2026,galD3MXmNCnXfId13tbiTg,142.46459623493598,© Google,OK,3_4,165693.6326344479,8243994.03329074,3a219b540f94033dfe7d78e6409f570aafc7a2bd,cardinal,4,0,0_deg_north,cardinal,0,0,90,640,640,2,batch_0002,869,datasets/df_2024_proportional/batch_0002/images/3a219b540f94033dfe7d78e6409f570aafc7a2bd.jpg,https://raw.githubusercontent.com/GUIA-DD/dataset-streetview/refs/heads/main/datasets/df_2024_proportional/batch_0002/images/3a219b540f94033dfe7d78e6409f570aafc7a2bd.jpg,True,downloaded,
db193a4f877b12d7164c727bf8b0807ca2f7af8e,1354806423868c20a15d66d6d260aff0e9f3d5ca,-15.860598650008104,-48.121126350039944,-15.86060058390402,-48.12116903691339,2026-01,2026,galD3MXmNCnXfId13tbiTg,142.46459623493598,© Google,OK,3_4,165693.6326344479,8243994.03329074,e5a1cfe0617ba0f91d660876dbe02a35ec483035,cardinal,4,1,90_deg_east,cardinal,90,0,90,640,640,2,batch_0002,870,datasets/df_2024_proportional/batch_0002/images/e5a1cfe0617ba0f91d660876dbe02a35ec483035.jpg,https://raw.githubusercontent.com/GUIA-DD/dataset-streetview/refs/heads/main/datasets/df_2024_proportional/batch_0002/images/e5a1cfe0617ba0f91d660876dbe02a35ec483035.jpg,True,downloaded,
db193a4f877b12d7164c727bf8b0807ca2f7af8e,1354806423868c20a15d66d6d260aff0e9f3d5ca,-15.860598650008104,-48.121126350039944,-15.86060058390402,-48.12116903691339,2026-01,2026,galD3MXmNCnXfId13tbiTg,142.46459623493598,© Google,OK,3_4,165693.6326344479,8243994.03329074,196a62575a92251016dfbe9e15f20ac2cae61fea,cardinal,4,2,180_deg_south,cardinal,180,0,90,640,640,2,batch_0002,871,datasets/df_2024_proportional/batch_0002/images/196a62575a92251016dfbe9e15f20ac2cae61fea.jpg,https://raw.githubusercontent.com/GUIA-DD/dataset-streetview/refs/heads/main/datasets/df_2024_proportional/batch_0002/images/196a62575a92251016dfbe9e15f20ac2cae61fea.jpg,True,downloaded,
db193a4f877b12d7164c727bf8b0807ca2f7af8e,1354806423868c20a15d66d6d260aff0e9f3d5ca,-15.860598650008104,-48.121126350039944,-15.86060058390402,-48.12116903691339,2026-01,2026,galD3MXmNCnXfId13tbiTg,142.46459623493598,© Google,OK,3_4,165693.6326344479,8243994.03329074,3dcfcd00c80e1af420c30960531d5217556db63b,cardinal,4,3,270_deg_west,cardinal,270,0,90,640,640,2,batch_0002,872,datasets/df_2024_proportional/batch_0002/images/3dcfcd00c80e1af420c30960531d5217556db63b.jpg,https://raw.githubusercontent.com/GUIA-DD/dataset-streetview/refs/heads/main/datasets/df_2024_proportional/batch_0002/images/3dcfcd00c80e1af420c30960531d5217556db63b.jpg,True,downloaded,
dc763243824d991049f66a05d440aea189a8a1a5,27e53d8598fb17197b33046e19a4ac657ae20ee6,-15.891696500006283,-48.12004414999559,-15.89169874740564,-48.12005654467973,2025-06,2025,ctLLWvb6vC9ojqMGzfir3w,243.8807077300297,© Google,OK,3_3,165861.00490594053,8240551.560407627,f186848339d16046efcfcfa8f7c64c5b24e74322,cardinal,4,0,0_deg_north,cardinal,0,0,90,640,640,2,batch_0002,873,datasets/df_2024_proportional/batch_0002/images/f186848339d16046efcfcfa8f7c64c5b24e74322.jpg,https://raw.githubusercontent.com/GUIA-DD/dataset-streetview/refs/heads/main/datasets/df_2024_proportional/batch_0002/images/f186848339d16046efcfcfa8f7c64c5b24e74322.jpg,True,downloaded,
dc763243824d991049f66a05d440aea189a8a1a5,27e53d8598fb17197b33046e19a4ac657ae20ee6,-15.891696500006283,-48.12004414999559,-15.89169874740564,-48.12005654467973,2025-06,2025,ctLLWvb6vC9ojqMGzfir3w,243.8807077300297,© Google,OK,3_3,165861.00490594053,8240551.560407627,1cd9e52dad7c3a0e4582063ea1407eb720573655,cardinal,4,1,90_deg_east,cardinal,90,0,90,640,640,2,batch_0002,874,datasets/df_2024_proportional/batch_0002/images/1cd9e52dad7c3a0e4582063ea1407eb720573655.jpg,https://raw.githubusercontent.com/GUIA-DD/dataset-streetview/refs/heads/main/datasets/df_2024_proportional/batch_0002/images/1cd9e52dad7c3a0e4582063ea1407eb720573655.jpg,True,downloaded,
dc763243824d991049f66a05d440aea189a8a1a5,27e53d8598fb17197b33046e19a4ac657ae20ee6,-15.891696500006283,-48.12004414999559,-15.89169874740564,-48.12005654467973,2025-06,2025,ctLLWvb6vC9ojqMGzfir3w,243.8807077300297,© Google,OK,3_3,165861.00490594053,8240551.560407627,0ca56e0f3e75cd7a96aebf3ddd83ccfea426de68,cardinal,4,2,180_deg_south,cardinal,180,0,90,640,640,2,batch_0002,875,datasets/df_2024_proportional/batch_0002/images/0ca56e0f3e75cd7a96aebf3ddd83ccfea426de68.jpg,https://raw.githubusercontent.com/GUIA-DD/dataset-streetview/refs/heads/main/datasets/df_2024_proportional/batch_0002/images/0ca56e0f3e75cd7a96aebf3ddd83ccfea426de68.jpg,True,downloaded,
dc763243824d991049f66a05d440aea189a8a1a5,27e53d8598fb17197b33046e19a4ac657ae20ee6,-15.891696500006283,-48.12004414999559,-15.89169874740564,-48.12005654467973,2025-06,2025,ctLLWvb6vC9ojqMGzfir3w,243.8807077300297,© Google,OK,3_3,165861.00490594053,8240551.560407627,ae287c4e789c9f95d71a21d55c80ad358b6882ad,cardinal,4,3,270_deg_west,cardinal,270,0,90,640,640,2,batch_0002,876,datasets/df_2024_proportional/batch_0002/images/ae287c4e789c9f95d71a21d55c80ad358b6882ad.jpg,https://raw.githubusercontent.com/GUIA-DD/dataset-streetview/refs/heads/main/datasets/df_2024_proportional/batch_0002/images/ae287c4e789c9f95d71a21d55c80ad358b6882ad.jpg,True,downloaded,
dd03d2cd9b685d0201424dc44d92fb0ddec03f51,9ae533e5ae027766738ed8d96417d4ba4c41d65f,-16.016408000362954,-48.07374359919111,-16.01640337577234,-48.07373814662853,2024-11,2024,WwS4llJLQd-vwIhLN20ZNQ,211.0978417204975,© Google,OK,4_0,171027.49937135834,8226813.269049172,07ae87dad8b509099fdfab7180b3e2490e97d17f,cardinal,4,0,0_deg_north,cardinal,0,0,90,640,640,2,batch_0002,877,datasets/df_2024_proportional/batch_0002/images/07ae87dad8b509099fdfab7180b3e2490e97d17f.jpg,https://raw.githubusercontent.com/GUIA-DD/dataset-streetview/refs/heads/main/datasets/df_2024_proportional/batch_0002/images/07ae87dad8b509099fdfab7180b3e2490e97d17f.jpg,True,downloaded,
dd03d2cd9b685d0201424dc44d92fb0ddec03f51,9ae533e5ae027766738ed8d96417d4ba4c41d65f,-16.016408000362954,-48.07374359919111,-16.01640337577234,-48.07373814662853,2024-11,2024,WwS4llJLQd-vwIhLN20ZNQ,211.0978417204975,© Google,OK,4_0,171027.49937135834,8226813.269049172,1806aabf0eb512d9788106e6799bab82aaf5f868,cardinal,4,1,90_deg_east,cardinal,90,0,90,640,640,2,batch_0002,878,datasets/df_2024_proportional/batch_0002/images/1806aabf0eb512d9788106e6799bab82aaf5f868.jpg,https://raw.githubusercontent.com/GUIA-DD/dataset-streetview/refs/heads/main/datasets/df_2024_proportional/batch_0002/images/1806aabf0eb512d9788106e6799bab82aaf5f868.jpg,True,downloaded,
dd03d2cd9b685d0201424dc44d92fb0ddec03f51,9ae533e5ae027766738ed8d96417d4ba4c41d65f,-16.016408000362954,-48.07374359919111,-16.01640337577234,-48.07373814662853,2024-11,2024,WwS4llJLQd-vwIhLN20ZNQ,211.0978417204975,© Google,OK,4_0,171027.49937135834,8226813.269049172,4f659e9c417f4ce471f1f9877bd1d114075ad32c,cardinal,4,2,180_deg_south,cardinal,180,0,90,640,640,2,batch_0002,879,datasets/df_2024_proportional/batch_0002/images/4f659e9c417f4ce471f1f9877bd1d114075ad32c.jpg,https://raw.githubusercontent.com/GUIA-DD/dataset-streetview/refs/heads/main/datasets/df_2024_proportional/batch_0002/images/4f659e9c417f4ce471f1f9877bd1d114075ad32c.jpg,True,downloaded,
dd03d2cd9b685d0201424dc44d92fb0ddec03f51,9ae533e5ae027766738ed8d96417d4ba4c41d65f,-16.016408000362954,-48.07374359919111,-16.01640337577234,-48.07373814662853,2024-11,2024,WwS4llJLQd-vwIhLN20ZNQ,211.0978417204975,© Google,OK,4_0,171027.49937135834,8226813.269049172,86b1c81fcbbb578ea42c6858c4d1b32d4c561f9e,cardinal,4,3,270_deg_west,cardinal,270,0,90,640,640,2,batch_0002,880,datasets/df_2024_proportional/batch_0002/images/86b1c81fcbbb578ea42c6858c4d1b32d4c561f9e.jpg,https://raw.githubusercontent.com/GUIA-DD/dataset-streetview/refs/heads/main/datasets/df_2024_proportional/batch_0002/images/86b1c81fcbbb578ea42c6858c4d1b32d4c561f9e.jpg,True,downloaded,
de20df9cc5acc411a4d10663c7826f37d1468be5,8a92ed65fd1331b4a40e141deadca4aa960ce8e7,-15.939018760657785,-47.947713473998874,-15.93912027915185,-47.94766533544313,2024-12,2024,cG0xdO3vikRnERNWnbCbZg,336.89584779656286,© Google,OK,7_2,184404.9885113521,8235579.199768536,91d08804fe8667f98648d2e6fb48ba8729d51456,cardinal,4,0,0_deg_north,cardinal,0,0,90,640,640,2,batch_0002,881,datasets/df_2024_proportional/batch_0002/images/91d08804fe8667f98648d2e6fb48ba8729d51456.jpg,https://raw.githubusercontent.com/GUIA-DD/dataset-streetview/refs/heads/main/datasets/df_2024_proportional/batch_0002/images/91d08804fe8667f98648d2e6fb48ba8729d51456.jpg,True,downloaded,
de20df9cc5acc411a4d10663c7826f37d1468be5,8a92ed65fd1331b4a40e141deadca4aa960ce8e7,-15.939018760657785,-47.947713473998874,-15.93912027915185,-47.94766533544313,2024-12,2024,cG0xdO3vikRnERNWnbCbZg,336.89584779656286,© Google,OK,7_2,184404.9885113521,8235579.199768536,8dd4d4538b1770cb12daf4bfd8cd7f5b2831c100,cardinal,4,1,90_deg_east,cardinal,90,0,90,640,640,2,batch_0002,882,datasets/df_2024_proportional/batch_0002/images/8dd4d4538b1770cb12daf4bfd8cd7f5b2831c100.jpg,https://raw.githubusercontent.com/GUIA-DD/dataset-streetview/refs/heads/main/datasets/df_2024_proportional/batch_0002/images/8dd4d4538b1770cb12daf4bfd8cd7f5b2831c100.jpg,True,downloaded,
de20df9cc5acc411a4d10663c7826f37d1468be5,8a92ed65fd1331b4a40e141deadca4aa960ce8e7,-15.939018760657785,-47.947713473998874,-15.93912027915185,-47.94766533544313,2024-12,2024,cG0xdO3vikRnERNWnbCbZg,336.89584779656286,© Google,OK,7_2,184404.9885113521,8235579.199768536,a497a17449b49aaf7c7595aceca57c950a7625ce,cardinal,4,2,180_deg_south,cardinal,180,0,90,640,640,2,batch_0002,883,datasets/df_2024_proportional/batch_0002/images/a497a17449b49aaf7c7595aceca57c950a7625ce.jpg,https://raw.githubusercontent.com/GUIA-DD/dataset-streetview/refs/heads/main/datasets/df_2024_proportional/batch_0002/images/a497a17449b49aaf7c7595aceca57c950a7625ce.jpg,True,downloaded,
de20df9cc5acc411a4d10663c7826f37d1468be5,8a92ed65fd1331b4a40e141deadca4aa960ce8e7,-15.939018760657785,-47.947713473998874,-15.93912027915185,-47.94766533544313,2024-12,2024,cG0xdO3vikRnERNWnbCbZg,336.89584779656286,© Google,OK,7_2,184404.9885113521,8235579.199768536,f2a8aaf1c4503ca694851c169348c74adbbfec70,cardinal,4,3,270_deg_west,cardinal,270,0,90,640,640,2,batch_0002,884,datasets/df_2024_proportional/batch_0002/images/f2a8aaf1c4503ca694851c169348c74adbbfec70.jpg,https://raw.githubusercontent.com/GUIA-DD/dataset-streetview/refs/heads/main/datasets/df_2024_proportional/batch_0002/images/f2a8aaf1c4503ca694851c169348c74adbbfec70.jpg,True,downloaded,
df884e3087a8928cc82beba6fbf314d0bd2caba9,f1fd13855e77efad663eb948bf0126dbc8160e1f,-15.65269265001979,-47.80199064990891,-15.65267910815619,-47.80198377207033,2024-09,2024,9ZEDw8z99L4fLwFqJQcuZQ,10.920753793309665,© Google,OK,10_8,199595.2352695191,8267498.212630289,ea649ba600b447cf48e1456875a33ac648248d36,cardinal,4,0,0_deg_north,cardinal,0,0,90,640,640,2,batch_0002,885,datasets/df_2024_proportional/batch_0002/images/ea649ba600b447cf48e1456875a33ac648248d36.jpg,https://raw.githubusercontent.com/GUIA-DD/dataset-streetview/refs/heads/main/datasets/df_2024_proportional/batch_0002/images/ea649ba600b447cf48e1456875a33ac648248d36.jpg,True,downloaded,
df884e3087a8928cc82beba6fbf314d0bd2caba9,f1fd13855e77efad663eb948bf0126dbc8160e1f,-15.65269265001979,-47.80199064990891,-15.65267910815619,-47.80198377207033,2024-09,2024,9ZEDw8z99L4fLwFqJQcuZQ,10.920753793309665,© Google,OK,10_8,199595.2352695191,8267498.212630289,625fb3861a177dd1d34a3ede70bf7e39f698644f,cardinal,4,1,90_deg_east,cardinal,90,0,90,640,640,2,batch_0002,886,datasets/df_2024_proportional/batch_0002/images/625fb3861a177dd1d34a3ede70bf7e39f698644f.jpg,https://raw.githubusercontent.com/GUIA-DD/dataset-streetview/refs/heads/main/datasets/df_2024_proportional/batch_0002/images/625fb3861a177dd1d34a3ede70bf7e39f698644f.jpg,True,downloaded,
df884e3087a8928cc82beba6fbf314d0bd2caba9,f1fd13855e77efad663eb948bf0126dbc8160e1f,-15.65269265001979,-47.80199064990891,-15.65267910815619,-47.80198377207033,2024-09,2024,9ZEDw8z99L4fLwFqJQcuZQ,10.920753793309665,© Google,OK,10_8,199595.2352695191,8267498.212630289,a511dd90ddbad6face9cfa72ec133edfefa6ce1d,cardinal,4,2,180_deg_south,cardinal,180,0,90,640,640,2,batch_0002,887,datasets/df_2024_proportional/batch_0002/images/a511dd90ddbad6face9cfa72ec133edfefa6ce1d.jpg,https://raw.githubusercontent.com/GUIA-DD/dataset-streetview/refs/heads/main/datasets/df_2024_proportional/batch_0002/images/a511dd90ddbad6face9cfa72ec133edfefa6ce1d.jpg,True,downloaded,
df884e3087a8928cc82beba6fbf314d0bd2caba9,f1fd13855e77efad663eb948bf0126dbc8160e1f,-15.65269265001979,-47.80199064990891,-15.65267910815619,-47.80198377207033,2024-09,2024,9ZEDw8z99L4fLwFqJQcuZQ,10.920753793309665,© Google,OK,10_8,199595.2352695191,8267498.212630289,0499aff3b80f2e401ba50fe74299973c8a172166,cardinal,4,3,270_deg_west,cardinal,270,0,90,640,640,2,batch_0002,888,datasets/df_2024_proportional/batch_0002/images/0499aff3b80f2e401ba50fe74299973c8a172166.jpg,https://raw.githubusercontent.com/GUIA-DD/dataset-streetview/refs/heads/main/datasets/df_2024_proportional/batch_0002/images/0499aff3b80f2e401ba50fe74299973c8a172166.jpg,True,downloaded,
e1d96b776804206e0e577ecb45a46e140203555d,57d48b2aeb9297fa9062c0b09a061136e530cc1c,-15.628919500975371,-47.653083101575476,-15.62896528358715,-47.65306203230532,2024-08,2024,YwNFymKcPiy0X_F4XMmMoA,119.71550289651547,© Google,OK,13_9,215537.00482238838,8270335.541925713,d3f97b3102527c04fe9a7528d1ab1674243c11b5,cardinal,4,0,0_deg_north,cardinal,0,0,90,640,640,2,batch_0002,889,datasets/df_2024_proportional/batch_0002/images/d3f97b3102527c04fe9a7528d1ab1674243c11b5.jpg,https://raw.githubusercontent.com/GUIA-DD/dataset-streetview/refs/heads/main/datasets/df_2024_proportional/batch_0002/images/d3f97b3102527c04fe9a7528d1ab1674243c11b5.jpg,True,downloaded,
e1d96b776804206e0e577ecb45a46e140203555d,57d48b2aeb9297fa9062c0b09a061136e530cc1c,-15.628919500975371,-47.653083101575476,-15.62896528358715,-47.65306203230532,2024-08,2024,YwNFymKcPiy0X_F4XMmMoA,119.71550289651547,© Google,OK,13_9,215537.00482238838,8270335.541925713,684b1e3ea65e9dc62d722112912f2d11e5ba7af5,cardinal,4,1,90_deg_east,cardinal,90,0,90,640,640,2,batch_0002,890,datasets/df_2024_proportional/batch_0002/images/684b1e3ea65e9dc62d722112912f2d11e5ba7af5.jpg,https://raw.githubusercontent.com/GUIA-DD/dataset-streetview/refs/heads/main/datasets/df_2024_proportional/batch_0002/images/684b1e3ea65e9dc62d722112912f2d11e5ba7af5.jpg,True,downloaded,
e1d96b776804206e0e577ecb45a46e140203555d,57d48b2aeb9297fa9062c0b09a061136e530cc1c,-15.628919500975371,-47.653083101575476,-15.62896528358715,-47.65306203230532,2024-08,2024,YwNFymKcPiy0X_F4XMmMoA,119.71550289651547,© Google,OK,13_9,215537.00482238838,8270335.541925713,e18101f7a6ebc8c36cb34c41a88b8f6b82352732,cardinal,4,2,180_deg_south,cardinal,180,0,90,640,640,2,batch_0002,891,datasets/df_2024_proportional/batch_0002/images/e18101f7a6ebc8c36cb34c41a88b8f6b82352732.jpg,https://raw.githubusercontent.com/GUIA-DD/dataset-streetview/refs/heads/main/datasets/df_2024_proportional/batch_0002/images/e18101f7a6ebc8c36cb34c41a88b8f6b82352732.jpg,True,downloaded,
e1d96b776804206e0e577ecb45a46e140203555d,57d48b2aeb9297fa9062c0b09a061136e530cc1c,-15.628919500975371,-47.653083101575476,-15.62896528358715,-47.65306203230532,2024-08,2024,YwNFymKcPiy0X_F4XMmMoA,119.71550289651547,© Google,OK,13_9,215537.00482238838,8270335.541925713,989c080e21410aa58e28064bf07d8d87910bf8b2,cardinal,4,3,270_deg_west,cardinal,270,0,90,640,640,2,batch_0002,892,datasets/df_2024_proportional/batch_0002/images/989c080e21410aa58e28064bf07d8d87910bf8b2.jpg,https://raw.githubusercontent.com/GUIA-DD/dataset-streetview/refs/heads/main/datasets/df_2024_proportional/batch_0002/images/989c080e21410aa58e28064bf07d8d87910bf8b2.jpg,True,downloaded,
e29baf0b449a6ab1a040f8b1513af13c2f9eae78,719f1fc50504f8fa057ac7d2279285304921d8c6,-16.012800842032803,-48.006108206934314,-16.01283408841391,-48.00609484510088,2025-01,2025,wHBAVtElStJavOYlFyXB5w,53.56205092516437,© Google,OK,5_0,178266.2379222261,8227318.896584436,ea6d77a3c64e2732b598e7d6be9965f6fa91e3b9,cardinal,4,0,0_deg_north,cardinal,0,0,90,640,640,2,batch_0002,893,datasets/df_2024_proportional/batch_0002/images/ea6d77a3c64e2732b598e7d6be9965f6fa91e3b9.jpg,https://raw.githubusercontent.com/GUIA-DD/dataset-streetview/refs/heads/main/datasets/df_2024_proportional/batch_0002/images/ea6d77a3c64e2732b598e7d6be9965f6fa91e3b9.jpg,True,downloaded,
e29baf0b449a6ab1a040f8b1513af13c2f9eae78,719f1fc50504f8fa057ac7d2279285304921d8c6,-16.012800842032803,-48.006108206934314,-16.01283408841391,-48.00609484510088,2025-01,2025,wHBAVtElStJavOYlFyXB5w,53.56205092516437,© Google,OK,5_0,178266.2379222261,8227318.896584436,cdbf7842f4237dc61a41fbb59487573adc18741c,cardinal,4,1,90_deg_east,cardinal,90,0,90,640,640,2,batch_0002,894,datasets/df_2024_proportional/batch_0002/images/cdbf7842f4237dc61a41fbb59487573adc18741c.jpg,https://raw.githubusercontent.com/GUIA-DD/dataset-streetview/refs/heads/main/datasets/df_2024_proportional/batch_0002/images/cdbf7842f4237dc61a41fbb59487573adc18741c.jpg,True,downloaded,
e29baf0b449a6ab1a040f8b1513af13c2f9eae78,719f1fc50504f8fa057ac7d2279285304921d8c6,-16.012800842032803,-48.006108206934314,-16.01283408841391,-48.00609484510088,2025-01,2025,wHBAVtElStJavOYlFyXB5w,53.56205092516437,© Google,OK,5_0,178266.2379222261,8227318.896584436,efbbca0ac9bcbbcad53d527f3b802e6c2210d5e5,cardinal,4,2,180_deg_south,cardinal,180,0,90,640,640,2,batch_0002,895,datasets/df_2024_proportional/batch_0002/images/efbbca0ac9bcbbcad53d527f3b802e6c2210d5e5.jpg,https://raw.githubusercontent.com/GUIA-DD/dataset-streetview/refs/heads/main/datasets/df_2024_proportional/batch_0002/images/efbbca0ac9bcbbcad53d527f3b802e6c2210d5e5.jpg,True,downloaded,
e29baf0b449a6ab1a040f8b1513af13c2f9eae78,719f1fc50504f8fa057ac7d2279285304921d8c6,-16.012800842032803,-48.006108206934314,-16.01283408841391,-48.00609484510088,2025-01,2025,wHBAVtElStJavOYlFyXB5w,53.56205092516437,© Google,OK,5_0,178266.2379222261,8227318.896584436,af15959e5366da43c0d5f044432bd36372ff888d,cardinal,4,3,270_deg_west,cardinal,270,0,90,640,640,2,batch_0002,896,datasets/df_2024_proportional/batch_0002/images/af15959e5366da43c0d5f044432bd36372ff888d.jpg,https://raw.githubusercontent.com/GUIA-DD/dataset-streetview/refs/heads/main/datasets/df_2024_proportional/batch_0002/images/af15959e5366da43c0d5f044432bd36372ff888d.jpg,True,downloaded,
e3bf01f838f4040a6c5ae51bcc8c6ef6abb7664a,0fb68d3a8ebb72680da50d3dd3d4d21145b3c6ee,-15.911884950000326,-48.090027650049976,-15.91192749431814,-48.09001867222036,2025-07,2025,NoUa7MxK-YRHVdXGAwQdBg,161.0565202181491,© Google,OK,4_3,169111.35480612013,8238363.455070088,dd4494d054c18a6c477bdc8e4c4f6ca6a6b48f36,cardinal,4,0,0_deg_north,cardinal,0,0,90,640,640,2,batch_0002,897,datasets/df_2024_proportional/batch_0002/images/dd4494d054c18a6c477bdc8e4c4f6ca6a6b48f36.jpg,https://raw.githubusercontent.com/GUIA-DD/dataset-streetview/refs/heads/main/datasets/df_2024_proportional/batch_0002/images/dd4494d054c18a6c477bdc8e4c4f6ca6a6b48f36.jpg,True,downloaded,
e3bf01f838f4040a6c5ae51bcc8c6ef6abb7664a,0fb68d3a8ebb72680da50d3dd3d4d21145b3c6ee,-15.911884950000326,-48.090027650049976,-15.91192749431814,-48.09001867222036,2025-07,2025,NoUa7MxK-YRHVdXGAwQdBg,161.0565202181491,© Google,OK,4_3,169111.35480612013,8238363.455070088,e1be16a3e001196a699deb9e308eb4fa1b742585,cardinal,4,1,90_deg_east,cardinal,90,0,90,640,640,2,batch_0002,898,datasets/df_2024_proportional/batch_0002/images/e1be16a3e001196a699deb9e308eb4fa1b742585.jpg,https://raw.githubusercontent.com/GUIA-DD/dataset-streetview/refs/heads/main/datasets/df_2024_proportional/batch_0002/images/e1be16a3e001196a699deb9e308eb4fa1b742585.jpg,True,downloaded,
e3bf01f838f4040a6c5ae51bcc8c6ef6abb7664a,0fb68d3a8ebb72680da50d3dd3d4d21145b3c6ee,-15.911884950000326,-48.090027650049976,-15.91192749431814,-48.09001867222036,2025-07,2025,NoUa7MxK-YRHVdXGAwQdBg,161.0565202181491,© Google,OK,4_3,169111.35480612013,8238363.455070088,332becefe283c6aec1728a2405bf5ded197844c0,cardinal,4,2,180_deg_south,cardinal,180,0,90,640,640,2,batch_0002,899,datasets/df_2024_proportional/batch_0002/images/332becefe283c6aec1728a2405bf5ded197844c0.jpg,https://raw.githubusercontent.com/GUIA-DD/dataset-streetview/refs/heads/main/datasets/df_2024_proportional/batch_0002/images/332becefe283c6aec1728a2405bf5ded197844c0.jpg,True,downloaded,
e3bf01f838f4040a6c5ae51bcc8c6ef6abb7664a,0fb68d3a8ebb72680da50d3dd3d4d21145b3c6ee,-15.911884950000326,-48.090027650049976,-15.91192749431814,-48.09001867222036,2025-07,2025,NoUa7MxK-YRHVdXGAwQdBg,161.0565202181491,© Google,OK,4_3,169111.35480612013,8238363.455070088,af6b2ba4a93f83b3fdd08528aee95e48e9ba0535,cardinal,4,3,270_deg_west,cardinal,270,0,90,640,640,2,batch_0002,900,datasets/df_2024_proportional/batch_0002/images/af6b2ba4a93f83b3fdd08528aee95e48e9ba0535.jpg,https://raw.githubusercontent.com/GUIA-DD/dataset-streetview/refs/heads/main/datasets/df_2024_proportional/batch_0002/images/af6b2ba4a93f83b3fdd08528aee95e48e9ba0535.jpg,True,downloaded,
e430cf49e750cdebe96a4b7f6f4ed9e10be21be2,dc9c12b52b245885dccefae98a8f69e7b3c33e8e,-15.605212900010407,-47.65707554992043,-15.60525330645728,-47.65710954830295,2024-08,2024,WmDKQ-Q6-b3GjPNWl0M0cg,182.11279200791492,© Google,OK,13_10,215075.88055039654,8272954.819258958,a9c00f3360617463925077bb6ba70ae0b3dc3667,cardinal,4,0,0_deg_north,cardinal,0,0,90,640,640,2,batch_0002,901,datasets/df_2024_proportional/batch_0002/images/a9c00f3360617463925077bb6ba70ae0b3dc3667.jpg,https://raw.githubusercontent.com/GUIA-DD/dataset-streetview/refs/heads/main/datasets/df_2024_proportional/batch_0002/images/a9c00f3360617463925077bb6ba70ae0b3dc3667.jpg,True,downloaded,
e430cf49e750cdebe96a4b7f6f4ed9e10be21be2,dc9c12b52b245885dccefae98a8f69e7b3c33e8e,-15.605212900010407,-47.65707554992043,-15.60525330645728,-47.65710954830295,2024-08,2024,WmDKQ-Q6-b3GjPNWl0M0cg,182.11279200791492,© Google,OK,13_10,215075.88055039654,8272954.819258958,1c1123e5d3baf8a97e7f836e0ba9d3925669284c,cardinal,4,1,90_deg_east,cardinal,90,0,90,640,640,2,batch_0002,902,datasets/df_2024_proportional/batch_0002/images/1c1123e5d3baf8a97e7f836e0ba9d3925669284c.jpg,https://raw.githubusercontent.com/GUIA-DD/dataset-streetview/refs/heads/main/datasets/df_2024_proportional/batch_0002/images/1c1123e5d3baf8a97e7f836e0ba9d3925669284c.jpg,True,downloaded,
e430cf49e750cdebe96a4b7f6f4ed9e10be21be2,dc9c12b52b245885dccefae98a8f69e7b3c33e8e,-15.605212900010407,-47.65707554992043,-15.60525330645728,-47.65710954830295,2024-08,2024,WmDKQ-Q6-b3GjPNWl0M0cg,182.11279200791492,© Google,OK,13_10,215075.88055039654,8272954.819258958,3d8de8e1c3a2468a8fd05bd1ce0ec9bd58437b0c,cardinal,4,2,180_deg_south,cardinal,180,0,90,640,640,2,batch_0002,903,datasets/df_2024_proportional/batch_0002/images/3d8de8e1c3a2468a8fd05bd1ce0ec9bd58437b0c.jpg,https://raw.githubusercontent.com/GUIA-DD/dataset-streetview/refs/heads/main/datasets/df_2024_proportional/batch_0002/images/3d8de8e1c3a2468a8fd05bd1ce0ec9bd58437b0c.jpg,True,downloaded,
e430cf49e750cdebe96a4b7f6f4ed9e10be21be2,dc9c12b52b245885dccefae98a8f69e7b3c33e8e,-15.605212900010407,-47.65707554992043,-15.60525330645728,-47.65710954830295,2024-08,2024,WmDKQ-Q6-b3GjPNWl0M0cg,182.11279200791492,© Google,OK,13_10,215075.88055039654,8272954.819258958,102f60535fb475d0152ac2464c4642334cabe0de,cardinal,4,3,270_deg_west,cardinal,270,0,90,640,640,2,batch_0002,904,datasets/df_2024_proportional/batch_0002/images/102f60535fb475d0152ac2464c4642334cabe0de.jpg,https://raw.githubusercontent.com/GUIA-DD/dataset-streetview/refs/heads/main/datasets/df_2024_proportional/batch_0002/images/102f60535fb475d0152ac2464c4642334cabe0de.jpg,True,downloaded,
e451aed9c393ac552f57a63147df3fa0a07c9137,9f67dba59c899e06a5e8f5d7e15ba1867a14d974,-16.01773523329967,-48.24924195918308,-16.01773507550717,-48.24922184969176,2025-08,2025,X0_-lGXSAvwjH8Fylh4XnA,203.61407384450177,© Google,OK,0_0,152230.066697319,8226379.74441057,0a0c7493c47cb134234803062cc1937806f09d76,cardinal,4,0,0_deg_north,cardinal,0,0,90,640,640,2,batch_0002,905,datasets/df_2024_proportional/batch_0002/images/0a0c7493c47cb134234803062cc1937806f09d76.jpg,https://raw.githubusercontent.com/GUIA-DD/dataset-streetview/refs/heads/main/datasets/df_2024_proportional/batch_0002/images/0a0c7493c47cb134234803062cc1937806f09d76.jpg,True,downloaded,
e451aed9c393ac552f57a63147df3fa0a07c9137,9f67dba59c899e06a5e8f5d7e15ba1867a14d974,-16.01773523329967,-48.24924195918308,-16.01773507550717,-48.24922184969176,2025-08,2025,X0_-lGXSAvwjH8Fylh4XnA,203.61407384450177,© Google,OK,0_0,152230.066697319,8226379.74441057,3122df23a43878f4243cc30c0fe7bc7046a02e39,cardinal,4,1,90_deg_east,cardinal,90,0,90,640,640,2,batch_0002,906,datasets/df_2024_proportional/batch_0002/images/3122df23a43878f4243cc30c0fe7bc7046a02e39.jpg,https://raw.githubusercontent.com/GUIA-DD/dataset-streetview/refs/heads/main/datasets/df_2024_proportional/batch_0002/images/3122df23a43878f4243cc30c0fe7bc7046a02e39.jpg,True,downloaded,
e451aed9c393ac552f57a63147df3fa0a07c9137,9f67dba59c899e06a5e8f5d7e15ba1867a14d974,-16.01773523329967,-48.24924195918308,-16.01773507550717,-48.24922184969176,2025-08,2025,X0_-lGXSAvwjH8Fylh4XnA,203.61407384450177,© Google,OK,0_0,152230.066697319,8226379.74441057,d2e49f7bd4108faa6cfe2dcfe1673e20625c34c4,cardinal,4,2,180_deg_south,cardinal,180,0,90,640,640,2,batch_0002,907,datasets/df_2024_proportional/batch_0002/images/d2e49f7bd4108faa6cfe2dcfe1673e20625c34c4.jpg,https://raw.githubusercontent.com/GUIA-DD/dataset-streetview/refs/heads/main/datasets/df_2024_proportional/batch_0002/images/d2e49f7bd4108faa6cfe2dcfe1673e20625c34c4.jpg,True,downloaded,
e451aed9c393ac552f57a63147df3fa0a07c9137,9f67dba59c899e06a5e8f5d7e15ba1867a14d974,-16.01773523329967,-48.24924195918308,-16.01773507550717,-48.24922184969176,2025-08,2025,X0_-lGXSAvwjH8Fylh4XnA,203.61407384450177,© Google,OK,0_0,152230.066697319,8226379.74441057,081421c1f49e503f361f057dc3cf893472a1973c,cardinal,4,3,270_deg_west,cardinal,270,0,90,640,640,2,batch_0002,908,datasets/df_2024_proportional/batch_0002/images/081421c1f49e503f361f057dc3cf893472a1973c.jpg,https://raw.githubusercontent.com/GUIA-DD/dataset-streetview/refs/heads/main/datasets/df_2024_proportional/batch_0002/images/081421c1f49e503f361f057dc3cf893472a1973c.jpg,True,downloaded,
e4ab813f00471fd9ae53f2c5ea5e0039c46f3dcd,62c461821f094b08399b371dedf64b7918b74db8,-15.885923699999665,-48.15108370004155,-15.88592149521437,-48.15107709032065,2025-05,2025,wPob0KuaAHNDB4I-jH8NnQ,341.88631604410625,© Google,OK,2_3,162524.35286345528,8241141.029876748,ddaf9ce644fcfe94355b4d634ea29e5dbc9a3124,cardinal,4,0,0_deg_north,cardinal,0,0,90,640,640,2,batch_0002,909,datasets/df_2024_proportional/batch_0002/images/ddaf9ce644fcfe94355b4d634ea29e5dbc9a3124.jpg,https://raw.githubusercontent.com/GUIA-DD/dataset-streetview/refs/heads/main/datasets/df_2024_proportional/batch_0002/images/ddaf9ce644fcfe94355b4d634ea29e5dbc9a3124.jpg,True,downloaded,
e4ab813f00471fd9ae53f2c5ea5e0039c46f3dcd,62c461821f094b08399b371dedf64b7918b74db8,-15.885923699999665,-48.15108370004155,-15.88592149521437,-48.15107709032065,2025-05,2025,wPob0KuaAHNDB4I-jH8NnQ,341.88631604410625,© Google,OK,2_3,162524.35286345528,8241141.029876748,1e67a4b8b98440a503b2868c41dff223a64e683e,cardinal,4,1,90_deg_east,cardinal,90,0,90,640,640,2,batch_0002,910,datasets/df_2024_proportional/batch_0002/images/1e67a4b8b98440a503b2868c41dff223a64e683e.jpg,https://raw.githubusercontent.com/GUIA-DD/dataset-streetview/refs/heads/main/datasets/df_2024_proportional/batch_0002/images/1e67a4b8b98440a503b2868c41dff223a64e683e.jpg,True,downloaded,
e4ab813f00471fd9ae53f2c5ea5e0039c46f3dcd,62c461821f094b08399b371dedf64b7918b74db8,-15.885923699999665,-48.15108370004155,-15.88592149521437,-48.15107709032065,2025-05,2025,wPob0KuaAHNDB4I-jH8NnQ,341.88631604410625,© Google,OK,2_3,162524.35286345528,8241141.029876748,3070be72fe6696a26185b45db7b2ac5fa55ea6eb,cardinal,4,2,180_deg_south,cardinal,180,0,90,640,640,2,batch_0002,911,datasets/df_2024_proportional/batch_0002/images/3070be72fe6696a26185b45db7b2ac5fa55ea6eb.jpg,https://raw.githubusercontent.com/GUIA-DD/dataset-streetview/refs/heads/main/datasets/df_2024_proportional/batch_0002/images/3070be72fe6696a26185b45db7b2ac5fa55ea6eb.jpg,True,downloaded,
e4ab813f00471fd9ae53f2c5ea5e0039c46f3dcd,62c461821f094b08399b371dedf64b7918b74db8,-15.885923699999665,-48.15108370004155,-15.88592149521437,-48.15107709032065,2025-05,2025,wPob0KuaAHNDB4I-jH8NnQ,341.88631604410625,© Google,OK,2_3,162524.35286345528,8241141.029876748,c77ba99d3ed39a164bc54531fa30b0f672e46a5a,cardinal,4,3,270_deg_west,cardinal,270,0,90,640,640,2,batch_0002,912,datasets/df_2024_proportional/batch_0002/images/c77ba99d3ed39a164bc54531fa30b0f672e46a5a.jpg,https://raw.githubusercontent.com/GUIA-DD/dataset-streetview/refs/heads/main/datasets/df_2024_proportional/batch_0002/images/c77ba99d3ed39a164bc54531fa30b0f672e46a5a.jpg,True,downloaded,
e4d13d92e53959ff1819a9f73a79ce4b03c99c44,6e4ec958aa73f263bca449c7c7a8ece91feb5369,-15.750103750007316,-47.891670950036385,-15.7501249021811,-47.89163071043588,2024-06,2024,4S0i7w-46R5BLeJZK5tSoA,143.6942068870336,© Google,OK,8_6,190121.03831370117,8256582.542075774,4c2525aec6a87dbb89e10aa96d3ed383f55bec73,cardinal,4,0,0_deg_north,cardinal,0,0,90,640,640,2,batch_0002,913,datasets/df_2024_proportional/batch_0002/images/4c2525aec6a87dbb89e10aa96d3ed383f55bec73.jpg,https://raw.githubusercontent.com/GUIA-DD/dataset-streetview/refs/heads/main/datasets/df_2024_proportional/batch_0002/images/4c2525aec6a87dbb89e10aa96d3ed383f55bec73.jpg,True,downloaded,
e4d13d92e53959ff1819a9f73a79ce4b03c99c44,6e4ec958aa73f263bca449c7c7a8ece91feb5369,-15.750103750007316,-47.891670950036385,-15.7501249021811,-47.89163071043588,2024-06,2024,4S0i7w-46R5BLeJZK5tSoA,143.6942068870336,© Google,OK,8_6,190121.03831370117,8256582.542075774,c47c077a0f699adc1415133e43ef063df6647b21,cardinal,4,1,90_deg_east,cardinal,90,0,90,640,640,2,batch_0002,914,datasets/df_2024_proportional/batch_0002/images/c47c077a0f699adc1415133e43ef063df6647b21.jpg,https://raw.githubusercontent.com/GUIA-DD/dataset-streetview/refs/heads/main/datasets/df_2024_proportional/batch_0002/images/c47c077a0f699adc1415133e43ef063df6647b21.jpg,True,downloaded,
e4d13d92e53959ff1819a9f73a79ce4b03c99c44,6e4ec958aa73f263bca449c7c7a8ece91feb5369,-15.750103750007316,-47.891670950036385,-15.7501249021811,-47.89163071043588,2024-06,2024,4S0i7w-46R5BLeJZK5tSoA,143.6942068870336,© Google,OK,8_6,190121.03831370117,8256582.542075774,191fb08671ca93d249c623f74563013bb8624b8c,cardinal,4,2,180_deg_south,cardinal,180,0,90,640,640,2,batch_0002,915,datasets/df_2024_proportional/batch_0002/images/191fb08671ca93d249c623f74563013bb8624b8c.jpg,https://raw.githubusercontent.com/GUIA-DD/dataset-streetview/refs/heads/main/datasets/df_2024_proportional/batch_0002/images/191fb08671ca93d249c623f74563013bb8624b8c.jpg,True,downloaded,
e4d13d92e53959ff1819a9f73a79ce4b03c99c44,6e4ec958aa73f263bca449c7c7a8ece91feb5369,-15.750103750007316,-47.891670950036385,-15.7501249021811,-47.89163071043588,2024-06,2024,4S0i7w-46R5BLeJZK5tSoA,143.6942068870336,© Google,OK,8_6,190121.03831370117,8256582.542075774,332bbbd133a52feb56605aa6b63e492035cad86a,cardinal,4,3,270_deg_west,cardinal,270,0,90,640,640,2,batch_0002,916,datasets/df_2024_proportional/batch_0002/images/332bbbd133a52feb56605aa6b63e492035cad86a.jpg,https://raw.githubusercontent.com/GUIA-DD/dataset-streetview/refs/heads/main/datasets/df_2024_proportional/batch_0002/images/332bbbd133a52feb56605aa6b63e492035cad86a.jpg,True,downloaded,
e507abcb48d3ca010e0e905d016166ee9cae596b,df6553002711057410f7e79cf51be1d06ea6cc09,-15.651743800139942,-47.84161689981268,-15.65174613567515,-47.84159609118688,2024-08,2024,g2B_S35iLYlJHzD-GAIEtg,48.18876728031194,© Google,OK,9_9,195342.47361853303,8267546.738957166,a4454b448169cdff803d11c09bc6009ca17123be,cardinal,4,0,0_deg_north,cardinal,0,0,90,640,640,2,batch_0002,917,datasets/df_2024_proportional/batch_0002/images/a4454b448169cdff803d11c09bc6009ca17123be.jpg,https://raw.githubusercontent.com/GUIA-DD/dataset-streetview/refs/heads/main/datasets/df_2024_proportional/batch_0002/images/a4454b448169cdff803d11c09bc6009ca17123be.jpg,True,downloaded,
e507abcb48d3ca010e0e905d016166ee9cae596b,df6553002711057410f7e79cf51be1d06ea6cc09,-15.651743800139942,-47.84161689981268,-15.65174613567515,-47.84159609118688,2024-08,2024,g2B_S35iLYlJHzD-GAIEtg,48.18876728031194,© Google,OK,9_9,195342.47361853303,8267546.738957166,d885cbcdfbccc14dbfd2291821e36f9fd6aff2c6,cardinal,4,1,90_deg_east,cardinal,90,0,90,640,640,2,batch_0002,918,datasets/df_2024_proportional/batch_0002/images/d885cbcdfbccc14dbfd2291821e36f9fd6aff2c6.jpg,https://raw.githubusercontent.com/GUIA-DD/dataset-streetview/refs/heads/main/datasets/df_2024_proportional/batch_0002/images/d885cbcdfbccc14dbfd2291821e36f9fd6aff2c6.jpg,True,downloaded,
e507abcb48d3ca010e0e905d016166ee9cae596b,df6553002711057410f7e79cf51be1d06ea6cc09,-15.651743800139942,-47.84161689981268,-15.65174613567515,-47.84159609118688,2024-08,2024,g2B_S35iLYlJHzD-GAIEtg,48.18876728031194,© Google,OK,9_9,195342.47361853303,8267546.738957166,a4536f55c72c82a788c46a6baa96a8087f647606,cardinal,4,2,180_deg_south,cardinal,180,0,90,640,640,2,batch_0002,919,datasets/df_2024_proportional/batch_0002/images/a4536f55c72c82a788c46a6baa96a8087f647606.jpg,https://raw.githubusercontent.com/GUIA-DD/dataset-streetview/refs/heads/main/datasets/df_2024_proportional/batch_0002/images/a4536f55c72c82a788c46a6baa96a8087f647606.jpg,True,downloaded,
e507abcb48d3ca010e0e905d016166ee9cae596b,df6553002711057410f7e79cf51be1d06ea6cc09,-15.651743800139942,-47.84161689981268,-15.65174613567515,-47.84159609118688,2024-08,2024,g2B_S35iLYlJHzD-GAIEtg,48.18876728031194,© Google,OK,9_9,195342.47361853303,8267546.738957166,7a1b79acd7ce47ce5816a89ff6a5e3be1b67d07f,cardinal,4,3,270_deg_west,cardinal,270,0,90,640,640,2,batch_0002,920,datasets/df_2024_proportional/batch_0002/images/7a1b79acd7ce47ce5816a89ff6a5e3be1b67d07f.jpg,https://raw.githubusercontent.com/GUIA-DD/dataset-streetview/refs/heads/main/datasets/df_2024_proportional/batch_0002/images/7a1b79acd7ce47ce5816a89ff6a5e3be1b67d07f.jpg,True,downloaded,
e6fc916c8acd159882f7757c6ac0bf599e012d9d,edb21d216340d00b64702d4dced86202ad5475a6,-15.752135345509545,-47.9119061497085,-15.75212024448603,-47.91195032588794,2024-05,2024,3CMG1P8u_o-2-by8XqykLQ,357.081758130574,© Google,OK,7_6,187954.0902482433,8256327.715572238,c17874d6c95c3786b00d7908d4fd72c12de21f2d,cardinal,4,0,0_deg_north,cardinal,0,0,90,640,640,2,batch_0002,921,datasets/df_2024_proportional/batch_0002/images/c17874d6c95c3786b00d7908d4fd72c12de21f2d.jpg,https://raw.githubusercontent.com/GUIA-DD/dataset-streetview/refs/heads/main/datasets/df_2024_proportional/batch_0002/images/c17874d6c95c3786b00d7908d4fd72c12de21f2d.jpg,True,downloaded,
e6fc916c8acd159882f7757c6ac0bf599e012d9d,edb21d216340d00b64702d4dced86202ad5475a6,-15.752135345509545,-47.9119061497085,-15.75212024448603,-47.91195032588794,2024-05,2024,3CMG1P8u_o-2-by8XqykLQ,357.081758130574,© Google,OK,7_6,187954.0902482433,8256327.715572238,937c2ebf912d2fde4e74cbc2090d2689a1b8dba5,cardinal,4,1,90_deg_east,cardinal,90,0,90,640,640,2,batch_0002,922,datasets/df_2024_proportional/batch_0002/images/937c2ebf912d2fde4e74cbc2090d2689a1b8dba5.jpg,https://raw.githubusercontent.com/GUIA-DD/dataset-streetview/refs/heads/main/datasets/df_2024_proportional/batch_0002/images/937c2ebf912d2fde4e74cbc2090d2689a1b8dba5.jpg,True,downloaded,
e6fc916c8acd159882f7757c6ac0bf599e012d9d,edb21d216340d00b64702d4dced86202ad5475a6,-15.752135345509545,-47.9119061497085,-15.75212024448603,-47.91195032588794,2024-05,2024,3CMG1P8u_o-2-by8XqykLQ,357.081758130574,© Google,OK,7_6,187954.0902482433,8256327.715572238,1a8ec4a04dab65d05877545ced8da6bad41e0e1d,cardinal,4,2,180_deg_south,cardinal,180,0,90,640,640,2,batch_0002,923,datasets/df_2024_proportional/batch_0002/images/1a8ec4a04dab65d05877545ced8da6bad41e0e1d.jpg,https://raw.githubusercontent.com/GUIA-DD/dataset-streetview/refs/heads/main/datasets/df_2024_proportional/batch_0002/images/1a8ec4a04dab65d05877545ced8da6bad41e0e1d.jpg,True,downloaded,
e6fc916c8acd159882f7757c6ac0bf599e012d9d,edb21d216340d00b64702d4dced86202ad5475a6,-15.752135345509545,-47.9119061497085,-15.75212024448603,-47.91195032588794,2024-05,2024,3CMG1P8u_o-2-by8XqykLQ,357.081758130574,© Google,OK,7_6,187954.0902482433,8256327.715572238,78ff450b09fb8a2c16b0e8a088b8f8fdc708e86e,cardinal,4,3,270_deg_west,cardinal,270,0,90,640,640,2,batch_0002,924,datasets/df_2024_proportional/batch_0002/images/78ff450b09fb8a2c16b0e8a088b8f8fdc708e86e.jpg,https://raw.githubusercontent.com/GUIA-DD/dataset-streetview/refs/heads/main/datasets/df_2024_proportional/batch_0002/images/78ff450b09fb8a2c16b0e8a088b8f8fdc708e86e.jpg,True,downloaded,
e79b3d6de600208ee5710e1043bfb05d7724130a,8a9238ee5243bbc184bfbf59bedd121fe5b586d3,-15.643202000017608,-47.82557799998555,-15.64320867487988,-47.82556997035771,2024-08,2024,B7c-zERwBBRKormYC2-t8w,241.19536812466157,© Google,OK,9_9,197050.66036814052,8268515.52248273,6b223de47f62d58973a636358bb1b7e9fac3baa2,cardinal,4,0,0_deg_north,cardinal,0,0,90,640,640,2,batch_0002,925,datasets/df_2024_proportional/batch_0002/images/6b223de47f62d58973a636358bb1b7e9fac3baa2.jpg,https://raw.githubusercontent.com/GUIA-DD/dataset-streetview/refs/heads/main/datasets/df_2024_proportional/batch_0002/images/6b223de47f62d58973a636358bb1b7e9fac3baa2.jpg,True,downloaded,
e79b3d6de600208ee5710e1043bfb05d7724130a,8a9238ee5243bbc184bfbf59bedd121fe5b586d3,-15.643202000017608,-47.82557799998555,-15.64320867487988,-47.82556997035771,2024-08,2024,B7c-zERwBBRKormYC2-t8w,241.19536812466157,© Google,OK,9_9,197050.66036814052,8268515.52248273,3819c13b43994d4e059615837254a625d10fd2f3,cardinal,4,1,90_deg_east,cardinal,90,0,90,640,640,2,batch_0002,926,datasets/df_2024_proportional/batch_0002/images/3819c13b43994d4e059615837254a625d10fd2f3.jpg,https://raw.githubusercontent.com/GUIA-DD/dataset-streetview/refs/heads/main/datasets/df_2024_proportional/batch_0002/images/3819c13b43994d4e059615837254a625d10fd2f3.jpg,True,downloaded,
e79b3d6de600208ee5710e1043bfb05d7724130a,8a9238ee5243bbc184bfbf59bedd121fe5b586d3,-15.643202000017608,-47.82557799998555,-15.64320867487988,-47.82556997035771,2024-08,2024,B7c-zERwBBRKormYC2-t8w,241.19536812466157,© Google,OK,9_9,197050.66036814052,8268515.52248273,99cde14d52624c7f32eb32528d38813232f41325,cardinal,4,2,180_deg_south,cardinal,180,0,90,640,640,2,batch_0002,927,datasets/df_2024_proportional/batch_0002/images/99cde14d52624c7f32eb32528d38813232f41325.jpg,https://raw.githubusercontent.com/GUIA-DD/dataset-streetview/refs/heads/main/datasets/df_2024_proportional/batch_0002/images/99cde14d52624c7f32eb32528d38813232f41325.jpg,True,downloaded,
e79b3d6de600208ee5710e1043bfb05d7724130a,8a9238ee5243bbc184bfbf59bedd121fe5b586d3,-15.643202000017608,-47.82557799998555,-15.64320867487988,-47.82556997035771,2024-08,2024,B7c-zERwBBRKormYC2-t8w,241.19536812466157,© Google,OK,9_9,197050.66036814052,8268515.52248273,c70a3c3ce6075a097db498d52cad4d9b189035bf,cardinal,4,3,270_deg_west,cardinal,270,0,90,640,640,2,batch_0002,928,datasets/df_2024_proportional/batch_0002/images/c70a3c3ce6075a097db498d52cad4d9b189035bf.jpg,https://raw.githubusercontent.com/GUIA-DD/dataset-streetview/refs/heads/main/datasets/df_2024_proportional/batch_0002/images/c70a3c3ce6075a097db498d52cad4d9b189035bf.jpg,True,downloaded,
e7b0d5b490cb294d1158041c23673bb8a073d936,2714e5a86b4cbdbc3fd6bf191340c8c35a65ca42,-15.618263000004024,-47.66103450000131,-15.61828684621957,-47.66101789079992,2024-08,2024,Nk-S8vxwjlOMXX7h6Oy-wg,93.44911160939637,© Google,OK,13_9,214669.16253207767,8271504.693103446,fe0ee60fc9b86628b1c5ff8980ee1488576decb7,cardinal,4,0,0_deg_north,cardinal,0,0,90,640,640,2,batch_0002,929,datasets/df_2024_proportional/batch_0002/images/fe0ee60fc9b86628b1c5ff8980ee1488576decb7.jpg,https://raw.githubusercontent.com/GUIA-DD/dataset-streetview/refs/heads/main/datasets/df_2024_proportional/batch_0002/images/fe0ee60fc9b86628b1c5ff8980ee1488576decb7.jpg,True,downloaded,
e7b0d5b490cb294d1158041c23673bb8a073d936,2714e5a86b4cbdbc3fd6bf191340c8c35a65ca42,-15.618263000004024,-47.66103450000131,-15.61828684621957,-47.66101789079992,2024-08,2024,Nk-S8vxwjlOMXX7h6Oy-wg,93.44911160939637,© Google,OK,13_9,214669.16253207767,8271504.693103446,17adc06bace8b8200596a823049630a468364cf2,cardinal,4,1,90_deg_east,cardinal,90,0,90,640,640,2,batch_0002,930,datasets/df_2024_proportional/batch_0002/images/17adc06bace8b8200596a823049630a468364cf2.jpg,https://raw.githubusercontent.com/GUIA-DD/dataset-streetview/refs/heads/main/datasets/df_2024_proportional/batch_0002/images/17adc06bace8b8200596a823049630a468364cf2.jpg,True,downloaded,
e7b0d5b490cb294d1158041c23673bb8a073d936,2714e5a86b4cbdbc3fd6bf191340c8c35a65ca42,-15.618263000004024,-47.66103450000131,-15.61828684621957,-47.66101789079992,2024-08,2024,Nk-S8vxwjlOMXX7h6Oy-wg,93.44911160939637,© Google,OK,13_9,214669.16253207767,8271504.693103446,3acf6c03b676d4c74356e656416981893aaded41,cardinal,4,2,180_deg_south,cardinal,180,0,90,640,640,2,batch_0002,931,datasets/df_2024_proportional/batch_0002/images/3acf6c03b676d4c74356e656416981893aaded41.jpg,https://raw.githubusercontent.com/GUIA-DD/dataset-streetview/refs/heads/main/datasets/df_2024_proportional/batch_0002/images/3acf6c03b676d4c74356e656416981893aaded41.jpg,True,downloaded,
e7b0d5b490cb294d1158041c23673bb8a073d936,2714e5a86b4cbdbc3fd6bf191340c8c35a65ca42,-15.618263000004024,-47.66103450000131,-15.61828684621957,-47.66101789079992,2024-08,2024,Nk-S8vxwjlOMXX7h6Oy-wg,93.44911160939637,© Google,OK,13_9,214669.16253207767,8271504.693103446,bc5eb6c85cbd89a35f2ad4fa151fdbfb94ace6b6,cardinal,4,3,270_deg_west,cardinal,270,0,90,640,640,2,batch_0002,932,datasets/df_2024_proportional/batch_0002/images/bc5eb6c85cbd89a35f2ad4fa151fdbfb94ace6b6.jpg,https://raw.githubusercontent.com/GUIA-DD/dataset-streetview/refs/heads/main/datasets/df_2024_proportional/batch_0002/images/bc5eb6c85cbd89a35f2ad4fa151fdbfb94ace6b6.jpg,True,downloaded,
e82ca83ebc002bcd3adfab11c8432ed77cae12bf,c6306bdf9141f7fad467c8fefb16f20ce3a6af81,-15.923166450000364,-48.051726200063285,-15.9231997891288,-48.05171959366006,2025-07,2025,uznANSdLsE1uVZuIF-nJSw,341.4437360407956,© Google,OK,4_2,173234.3880944533,8237174.427179531,c79746a22c57c109f308344a0289d72c2b14279f,cardinal,4,0,0_deg_north,cardinal,0,0,90,640,640,2,batch_0002,933,datasets/df_2024_proportional/batch_0002/images/c79746a22c57c109f308344a0289d72c2b14279f.jpg,https://raw.githubusercontent.com/GUIA-DD/dataset-streetview/refs/heads/main/datasets/df_2024_proportional/batch_0002/images/c79746a22c57c109f308344a0289d72c2b14279f.jpg,True,downloaded,
e82ca83ebc002bcd3adfab11c8432ed77cae12bf,c6306bdf9141f7fad467c8fefb16f20ce3a6af81,-15.923166450000364,-48.051726200063285,-15.9231997891288,-48.05171959366006,2025-07,2025,uznANSdLsE1uVZuIF-nJSw,341.4437360407956,© Google,OK,4_2,173234.3880944533,8237174.427179531,960f1029714f5025449f5cc3df214dbcef8128ae,cardinal,4,1,90_deg_east,cardinal,90,0,90,640,640,2,batch_0002,934,datasets/df_2024_proportional/batch_0002/images/960f1029714f5025449f5cc3df214dbcef8128ae.jpg,https://raw.githubusercontent.com/GUIA-DD/dataset-streetview/refs/heads/main/datasets/df_2024_proportional/batch_0002/images/960f1029714f5025449f5cc3df214dbcef8128ae.jpg,True,downloaded,
e82ca83ebc002bcd3adfab11c8432ed77cae12bf,c6306bdf9141f7fad467c8fefb16f20ce3a6af81,-15.923166450000364,-48.051726200063285,-15.9231997891288,-48.05171959366006,2025-07,2025,uznANSdLsE1uVZuIF-nJSw,341.4437360407956,© Google,OK,4_2,173234.3880944533,8237174.427179531,a7055808b600200305da9345825106997b064276,cardinal,4,2,180_deg_south,cardinal,180,0,90,640,640,2,batch_0002,935,datasets/df_2024_proportional/batch_0002/images/a7055808b600200305da9345825106997b064276.jpg,https://raw.githubusercontent.com/GUIA-DD/dataset-streetview/refs/heads/main/datasets/df_2024_proportional/batch_0002/images/a7055808b600200305da9345825106997b064276.jpg,True,downloaded,
e82ca83ebc002bcd3adfab11c8432ed77cae12bf,c6306bdf9141f7fad467c8fefb16f20ce3a6af81,-15.923166450000364,-48.051726200063285,-15.9231997891288,-48.05171959366006,2025-07,2025,uznANSdLsE1uVZuIF-nJSw,341.4437360407956,© Google,OK,4_2,173234.3880944533,8237174.427179531,ef9ce6d8e278eda3facbba5ef60d9f733668913c,cardinal,4,3,270_deg_west,cardinal,270,0,90,640,640,2,batch_0002,936,datasets/df_2024_proportional/batch_0002/images/ef9ce6d8e278eda3facbba5ef60d9f733668913c.jpg,https://raw.githubusercontent.com/GUIA-DD/dataset-streetview/refs/heads/main/datasets/df_2024_proportional/batch_0002/images/ef9ce6d8e278eda3facbba5ef60d9f733668913c.jpg,True,downloaded,
e8b1bfde8b6bd5ae0036b181a2d3b77491f094ff,fc37cf2d385e0d13667fe5caf2b97b51ce977cc5,-16.02509520017356,-48.05995655005028,-16.02511420807689,-48.05994158385965,2025-05,2025,9duc_2a9Fjykw1RcuJ1tQA,271.9104027543583,© Google,OK,4_0,172518.4764628967,8225872.99839945,09514dc1828c0e1e258dcc8b6f0135fe2c7b41a9,cardinal,4,0,0_deg_north,cardinal,0,0,90,640,640,2,batch_0002,937,datasets/df_2024_proportional/batch_0002/images/09514dc1828c0e1e258dcc8b6f0135fe2c7b41a9.jpg,https://raw.githubusercontent.com/GUIA-DD/dataset-streetview/refs/heads/main/datasets/df_2024_proportional/batch_0002/images/09514dc1828c0e1e258dcc8b6f0135fe2c7b41a9.jpg,True,downloaded,
e8b1bfde8b6bd5ae0036b181a2d3b77491f094ff,fc37cf2d385e0d13667fe5caf2b97b51ce977cc5,-16.02509520017356,-48.05995655005028,-16.02511420807689,-48.05994158385965,2025-05,2025,9duc_2a9Fjykw1RcuJ1tQA,271.9104027543583,© Google,OK,4_0,172518.4764628967,8225872.99839945,7e5d55b737eef17ec86f0dab1848825b7ce5ffc6,cardinal,4,1,90_deg_east,cardinal,90,0,90,640,640,2,batch_0002,938,datasets/df_2024_proportional/batch_0002/images/7e5d55b737eef17ec86f0dab1848825b7ce5ffc6.jpg,https://raw.githubusercontent.com/GUIA-DD/dataset-streetview/refs/heads/main/datasets/df_2024_proportional/batch_0002/images/7e5d55b737eef17ec86f0dab1848825b7ce5ffc6.jpg,True,downloaded,
e8b1bfde8b6bd5ae0036b181a2d3b77491f094ff,fc37cf2d385e0d13667fe5caf2b97b51ce977cc5,-16.02509520017356,-48.05995655005028,-16.02511420807689,-48.05994158385965,2025-05,2025,9duc_2a9Fjykw1RcuJ1tQA,271.9104027543583,© Google,OK,4_0,172518.4764628967,8225872.99839945,cfca53410e9784691a74737de4bb8d73b9e1202b,cardinal,4,2,180_deg_south,cardinal,180,0,90,640,640,2,batch_0002,939,datasets/df_2024_proportional/batch_0002/images/cfca53410e9784691a74737de4bb8d73b9e1202b.jpg,https://raw.githubusercontent.com/GUIA-DD/dataset-streetview/refs/heads/main/datasets/df_2024_proportional/batch_0002/images/cfca53410e9784691a74737de4bb8d73b9e1202b.jpg,True,downloaded,
e8b1bfde8b6bd5ae0036b181a2d3b77491f094ff,fc37cf2d385e0d13667fe5caf2b97b51ce977cc5,-16.02509520017356,-48.05995655005028,-16.02511420807689,-48.05994158385965,2025-05,2025,9duc_2a9Fjykw1RcuJ1tQA,271.9104027543583,© Google,OK,4_0,172518.4764628967,8225872.99839945,8c246635a03c20db4b9365508b57bd8243bfbdfc,cardinal,4,3,270_deg_west,cardinal,270,0,90,640,640,2,batch_0002,940,datasets/df_2024_proportional/batch_0002/images/8c246635a03c20db4b9365508b57bd8243bfbdfc.jpg,https://raw.githubusercontent.com/GUIA-DD/dataset-streetview/refs/heads/main/datasets/df_2024_proportional/batch_0002/images/8c246635a03c20db4b9365508b57bd8243bfbdfc.jpg,True,downloaded,
ea51cb1b385842b54fccbeed86420daa07f17e9e,ef05bcd51c6d9f1f7006d7cb9f020948c83814a0,-15.782630500008285,-47.877419050001954,-15.78263498637424,-47.87741564510794,2024-06,2024,LRJmuBtH9i-HTemcyTTvYg,270.78770976336074,© Google,OK,8_6,191698.60473827505,8253001.699908741,93a0d9d1515d2f8caea2eee61a3b27dcc63c8fc6,cardinal,4,0,0_deg_north,cardinal,0,0,90,640,640,2,batch_0002,941,datasets/df_2024_proportional/batch_0002/images/93a0d9d1515d2f8caea2eee61a3b27dcc63c8fc6.jpg,https://raw.githubusercontent.com/GUIA-DD/dataset-streetview/refs/heads/main/datasets/df_2024_proportional/batch_0002/images/93a0d9d1515d2f8caea2eee61a3b27dcc63c8fc6.jpg,True,downloaded,
ea51cb1b385842b54fccbeed86420daa07f17e9e,ef05bcd51c6d9f1f7006d7cb9f020948c83814a0,-15.782630500008285,-47.877419050001954,-15.78263498637424,-47.87741564510794,2024-06,2024,LRJmuBtH9i-HTemcyTTvYg,270.78770976336074,© Google,OK,8_6,191698.60473827505,8253001.699908741,5c72fce09acb5ae41e30e97ec0b42d546412836d,cardinal,4,1,90_deg_east,cardinal,90,0,90,640,640,2,batch_0002,942,datasets/df_2024_proportional/batch_0002/images/5c72fce09acb5ae41e30e97ec0b42d546412836d.jpg,https://raw.githubusercontent.com/GUIA-DD/dataset-streetview/refs/heads/main/datasets/df_2024_proportional/batch_0002/images/5c72fce09acb5ae41e30e97ec0b42d546412836d.jpg,True,downloaded,
ea51cb1b385842b54fccbeed86420daa07f17e9e,ef05bcd51c6d9f1f7006d7cb9f020948c83814a0,-15.782630500008285,-47.877419050001954,-15.78263498637424,-47.87741564510794,2024-06,2024,LRJmuBtH9i-HTemcyTTvYg,270.78770976336074,© Google,OK,8_6,191698.60473827505,8253001.699908741,21485424f32ea2cf82e2a8031e5df4313a77719e,cardinal,4,2,180_deg_south,cardinal,180,0,90,640,640,2,batch_0002,943,datasets/df_2024_proportional/batch_0002/images/21485424f32ea2cf82e2a8031e5df4313a77719e.jpg,https://raw.githubusercontent.com/GUIA-DD/dataset-streetview/refs/heads/main/datasets/df_2024_proportional/batch_0002/images/21485424f32ea2cf82e2a8031e5df4313a77719e.jpg,True,downloaded,
ea51cb1b385842b54fccbeed86420daa07f17e9e,ef05bcd51c6d9f1f7006d7cb9f020948c83814a0,-15.782630500008285,-47.877419050001954,-15.78263498637424,-47.87741564510794,2024-06,2024,LRJmuBtH9i-HTemcyTTvYg,270.78770976336074,© Google,OK,8_6,191698.60473827505,8253001.699908741,63efdd87202913ee3b8e60c7c41041f8255d6157,cardinal,4,3,270_deg_west,cardinal,270,0,90,640,640,2,batch_0002,944,datasets/df_2024_proportional/batch_0002/images/63efdd87202913ee3b8e60c7c41041f8255d6157.jpg,https://raw.githubusercontent.com/GUIA-DD/dataset-streetview/refs/heads/main/datasets/df_2024_proportional/batch_0002/images/63efdd87202913ee3b8e60c7c41041f8255d6157.jpg,True,downloaded,
ecebc7b91ed3291c0e6bbadc8ec54f17a8a2dc23,7d4865605e5b7ec7e64c29f36758952380d70726,-15.811572450444428,-48.06421794980623,-15.81156037351955,-48.06418216466805,2024-08,2024,DYaGz87pcGpeiOlQXMx4fw,251.5281002962152,© Google,OK,4_5,171714.8466830701,8249513.690051302,a9873f6895a6e4129c72e71a932a5321af130a6d,cardinal,4,0,0_deg_north,cardinal,0,0,90,640,640,2,batch_0002,945,datasets/df_2024_proportional/batch_0002/images/a9873f6895a6e4129c72e71a932a5321af130a6d.jpg,https://raw.githubusercontent.com/GUIA-DD/dataset-streetview/refs/heads/main/datasets/df_2024_proportional/batch_0002/images/a9873f6895a6e4129c72e71a932a5321af130a6d.jpg,True,downloaded,
ecebc7b91ed3291c0e6bbadc8ec54f17a8a2dc23,7d4865605e5b7ec7e64c29f36758952380d70726,-15.811572450444428,-48.06421794980623,-15.81156037351955,-48.06418216466805,2024-08,2024,DYaGz87pcGpeiOlQXMx4fw,251.5281002962152,© Google,OK,4_5,171714.8466830701,8249513.690051302,8440247f50d1ffed105559f549abe94c7b7614e3,cardinal,4,1,90_deg_east,cardinal,90,0,90,640,640,2,batch_0002,946,datasets/df_2024_proportional/batch_0002/images/8440247f50d1ffed105559f549abe94c7b7614e3.jpg,https://raw.githubusercontent.com/GUIA-DD/dataset-streetview/refs/heads/main/datasets/df_2024_proportional/batch_0002/images/8440247f50d1ffed105559f549abe94c7b7614e3.jpg,True,downloaded,
ecebc7b91ed3291c0e6bbadc8ec54f17a8a2dc23,7d4865605e5b7ec7e64c29f36758952380d70726,-15.811572450444428,-48.06421794980623,-15.81156037351955,-48.06418216466805,2024-08,2024,DYaGz87pcGpeiOlQXMx4fw,251.5281002962152,© Google,OK,4_5,171714.8466830701,8249513.690051302,0c50f1e0986209fe79b5d6165b5d5a8e6fcd4221,cardinal,4,2,180_deg_south,cardinal,180,0,90,640,640,2,batch_0002,947,datasets/df_2024_proportional/batch_0002/images/0c50f1e0986209fe79b5d6165b5d5a8e6fcd4221.jpg,https://raw.githubusercontent.com/GUIA-DD/dataset-streetview/refs/heads/main/datasets/df_2024_proportional/batch_0002/images/0c50f1e0986209fe79b5d6165b5d5a8e6fcd4221.jpg,True,downloaded,
ecebc7b91ed3291c0e6bbadc8ec54f17a8a2dc23,7d4865605e5b7ec7e64c29f36758952380d70726,-15.811572450444428,-48.06421794980623,-15.81156037351955,-48.06418216466805,2024-08,2024,DYaGz87pcGpeiOlQXMx4fw,251.5281002962152,© Google,OK,4_5,171714.8466830701,8249513.690051302,2175ab4e986c8ea9e6c29a620d9540636d12dde6,cardinal,4,3,270_deg_west,cardinal,270,0,90,640,640,2,batch_0002,948,datasets/df_2024_proportional/batch_0002/images/2175ab4e986c8ea9e6c29a620d9540636d12dde6.jpg,https://raw.githubusercontent.com/GUIA-DD/dataset-streetview/refs/heads/main/datasets/df_2024_proportional/batch_0002/images/2175ab4e986c8ea9e6c29a620d9540636d12dde6.jpg,True,downloaded,
eed2995aa4894af1d83eec693c5668bea4cb7133,6d10028e71a7fcdb0da10a1b5efcb94ee0dca5b7,-15.765953850000553,-47.79121184999927,-15.76595008450764,-47.79122255370199,2024-06,2024,fZCnDw9rkqis7emo9JZ2xQ,228.63249514155956,© Google,OK,10_6,200917.17955745928,8254972.685286712,7ed44160c592d947374e8c2a1a114200719cea00,cardinal,4,0,0_deg_north,cardinal,0,0,90,640,640,2,batch_0002,949,datasets/df_2024_proportional/batch_0002/images/7ed44160c592d947374e8c2a1a114200719cea00.jpg,https://raw.githubusercontent.com/GUIA-DD/dataset-streetview/refs/heads/main/datasets/df_2024_proportional/batch_0002/images/7ed44160c592d947374e8c2a1a114200719cea00.jpg,True,downloaded,
eed2995aa4894af1d83eec693c5668bea4cb7133,6d10028e71a7fcdb0da10a1b5efcb94ee0dca5b7,-15.765953850000553,-47.79121184999927,-15.76595008450764,-47.79122255370199,2024-06,2024,fZCnDw9rkqis7emo9JZ2xQ,228.63249514155956,© Google,OK,10_6,200917.17955745928,8254972.685286712,bc9cb390a6458da7b5fcc440f60bb72df3e467b0,cardinal,4,1,90_deg_east,cardinal,90,0,90,640,640,2,batch_0002,950,datasets/df_2024_proportional/batch_0002/images/bc9cb390a6458da7b5fcc440f60bb72df3e467b0.jpg,https://raw.githubusercontent.com/GUIA-DD/dataset-streetview/refs/heads/main/datasets/df_2024_proportional/batch_0002/images/bc9cb390a6458da7b5fcc440f60bb72df3e467b0.jpg,True,downloaded,
eed2995aa4894af1d83eec693c5668bea4cb7133,6d10028e71a7fcdb0da10a1b5efcb94ee0dca5b7,-15.765953850000553,-47.79121184999927,-15.76595008450764,-47.79122255370199,2024-06,2024,fZCnDw9rkqis7emo9JZ2xQ,228.63249514155956,© Google,OK,10_6,200917.17955745928,8254972.685286712,3d206deab2627c1ec9e9e96a726fd108a83f867c,cardinal,4,2,180_deg_south,cardinal,180,0,90,640,640,2,batch_0002,951,datasets/df_2024_proportional/batch_0002/images/3d206deab2627c1ec9e9e96a726fd108a83f867c.jpg,https://raw.githubusercontent.com/GUIA-DD/dataset-streetview/refs/heads/main/datasets/df_2024_proportional/batch_0002/images/3d206deab2627c1ec9e9e96a726fd108a83f867c.jpg,True,downloaded,
eed2995aa4894af1d83eec693c5668bea4cb7133,6d10028e71a7fcdb0da10a1b5efcb94ee0dca5b7,-15.765953850000553,-47.79121184999927,-15.76595008450764,-47.79122255370199,2024-06,2024,fZCnDw9rkqis7emo9JZ2xQ,228.63249514155956,© Google,OK,10_6,200917.17955745928,8254972.685286712,d687ae574f77eb327b51065e9ec6e615ec2e2c8f,cardinal,4,3,270_deg_west,cardinal,270,0,90,640,640,2,batch_0002,952,datasets/df_2024_proportional/batch_0002/images/d687ae574f77eb327b51065e9ec6e615ec2e2c8f.jpg,https://raw.githubusercontent.com/GUIA-DD/dataset-streetview/refs/heads/main/datasets/df_2024_proportional/batch_0002/images/d687ae574f77eb327b51065e9ec6e615ec2e2c8f.jpg,True,downloaded,
f00d5569253e4bd820d783cd6e84ae3cc7865565,fec6aaf1ab5a659ceebdfe3f6c871901dbd73a5a,-15.876377799999329,-48.00814644999538,-15.87634736161071,-48.00813914514706,2024-06,2024,yqqFEUuWUaV-5mQv12OkxQ,174.9988133964244,© Google,OK,5_3,177829.8171397389,8242423.805106614,64f922a91f76c33c7cbe4a6015181c0407445db6,cardinal,4,0,0_deg_north,cardinal,0,0,90,640,640,2,batch_0002,953,datasets/df_2024_proportional/batch_0002/images/64f922a91f76c33c7cbe4a6015181c0407445db6.jpg,https://raw.githubusercontent.com/GUIA-DD/dataset-streetview/refs/heads/main/datasets/df_2024_proportional/batch_0002/images/64f922a91f76c33c7cbe4a6015181c0407445db6.jpg,True,downloaded,
f00d5569253e4bd820d783cd6e84ae3cc7865565,fec6aaf1ab5a659ceebdfe3f6c871901dbd73a5a,-15.876377799999329,-48.00814644999538,-15.87634736161071,-48.00813914514706,2024-06,2024,yqqFEUuWUaV-5mQv12OkxQ,174.9988133964244,© Google,OK,5_3,177829.8171397389,8242423.805106614,39860bedcc207bbb843e864a5bdc2c1058187856,cardinal,4,1,90_deg_east,cardinal,90,0,90,640,640,2,batch_0002,954,datasets/df_2024_proportional/batch_0002/images/39860bedcc207bbb843e864a5bdc2c1058187856.jpg,https://raw.githubusercontent.com/GUIA-DD/dataset-streetview/refs/heads/main/datasets/df_2024_proportional/batch_0002/images/39860bedcc207bbb843e864a5bdc2c1058187856.jpg,True,downloaded,
f00d5569253e4bd820d783cd6e84ae3cc7865565,fec6aaf1ab5a659ceebdfe3f6c871901dbd73a5a,-15.876377799999329,-48.00814644999538,-15.87634736161071,-48.00813914514706,2024-06,2024,yqqFEUuWUaV-5mQv12OkxQ,174.9988133964244,© Google,OK,5_3,177829.8171397389,8242423.805106614,13ad6e63ce1bc94eb5d208e5794d1d3dc0813c27,cardinal,4,2,180_deg_south,cardinal,180,0,90,640,640,2,batch_0002,955,datasets/df_2024_proportional/batch_0002/images/13ad6e63ce1bc94eb5d208e5794d1d3dc0813c27.jpg,https://raw.githubusercontent.com/GUIA-DD/dataset-streetview/refs/heads/main/datasets/df_2024_proportional/batch_0002/images/13ad6e63ce1bc94eb5d208e5794d1d3dc0813c27.jpg,True,downloaded,
f00d5569253e4bd820d783cd6e84ae3cc7865565,fec6aaf1ab5a659ceebdfe3f6c871901dbd73a5a,-15.876377799999329,-48.00814644999538,-15.87634736161071,-48.00813914514706,2024-06,2024,yqqFEUuWUaV-5mQv12OkxQ,174.9988133964244,© Google,OK,5_3,177829.8171397389,8242423.805106614,a76588b30bb262bfd2808ac4387de4b743ffc08e,cardinal,4,3,270_deg_west,cardinal,270,0,90,640,640,2,batch_0002,956,datasets/df_2024_proportional/batch_0002/images/a76588b30bb262bfd2808ac4387de4b743ffc08e.jpg,https://raw.githubusercontent.com/GUIA-DD/dataset-streetview/refs/heads/main/datasets/df_2024_proportional/batch_0002/images/a76588b30bb262bfd2808ac4387de4b743ffc08e.jpg,True,downloaded,
f274f0468f80cd8e46cfceb8a604a9a75bf45a80,a0fc592033c90089896e6af297cbc9de9b7c6ec5,-15.880424450003458,-48.01420145006319,-15.88046012615936,-48.01420143597019,2024-06,2024,EKKv6quIlpSiYt16b0sAWQ,336.84080289170805,© Google,OK,5_3,177187.27564277977,8241966.322168739,aaaf50ee36c94b7d3db519b0a0e8e88c3c47dcbc,cardinal,4,0,0_deg_north,cardinal,0,0,90,640,640,2,batch_0002,957,datasets/df_2024_proportional/batch_0002/images/aaaf50ee36c94b7d3db519b0a0e8e88c3c47dcbc.jpg,https://raw.githubusercontent.com/GUIA-DD/dataset-streetview/refs/heads/main/datasets/df_2024_proportional/batch_0002/images/aaaf50ee36c94b7d3db519b0a0e8e88c3c47dcbc.jpg,True,downloaded,
f274f0468f80cd8e46cfceb8a604a9a75bf45a80,a0fc592033c90089896e6af297cbc9de9b7c6ec5,-15.880424450003458,-48.01420145006319,-15.88046012615936,-48.01420143597019,2024-06,2024,EKKv6quIlpSiYt16b0sAWQ,336.84080289170805,© Google,OK,5_3,177187.27564277977,8241966.322168739,51a058cf5e37c5540824cc75b701e33e8300f6a8,cardinal,4,1,90_deg_east,cardinal,90,0,90,640,640,2,batch_0002,958,datasets/df_2024_proportional/batch_0002/images/51a058cf5e37c5540824cc75b701e33e8300f6a8.jpg,https://raw.githubusercontent.com/GUIA-DD/dataset-streetview/refs/heads/main/datasets/df_2024_proportional/batch_0002/images/51a058cf5e37c5540824cc75b701e33e8300f6a8.jpg,True,downloaded,
f274f0468f80cd8e46cfceb8a604a9a75bf45a80,a0fc592033c90089896e6af297cbc9de9b7c6ec5,-15.880424450003458,-48.01420145006319,-15.88046012615936,-48.01420143597019,2024-06,2024,EKKv6quIlpSiYt16b0sAWQ,336.84080289170805,© Google,OK,5_3,177187.27564277977,8241966.322168739,e3b3c1d591f0661aa66c2ee759a4f432653b8813,cardinal,4,2,180_deg_south,cardinal,180,0,90,640,640,2,batch_0002,959,datasets/df_2024_proportional/batch_0002/images/e3b3c1d591f0661aa66c2ee759a4f432653b8813.jpg,https://raw.githubusercontent.com/GUIA-DD/dataset-streetview/refs/heads/main/datasets/df_2024_proportional/batch_0002/images/e3b3c1d591f0661aa66c2ee759a4f432653b8813.jpg,True,downloaded,
f274f0468f80cd8e46cfceb8a604a9a75bf45a80,a0fc592033c90089896e6af297cbc9de9b7c6ec5,-15.880424450003458,-48.01420145006319,-15.88046012615936,-48.01420143597019,2024-06,2024,EKKv6quIlpSiYt16b0sAWQ,336.84080289170805,© Google,OK,5_3,177187.27564277977,8241966.322168739,f3f6ebdbb2ff102a02f9e1ca3e6e98adfa6a0655,cardinal,4,3,270_deg_west,cardinal,270,0,90,640,640,2,batch_0002,960,datasets/df_2024_proportional/batch_0002/images/f3f6ebdbb2ff102a02f9e1ca3e6e98adfa6a0655.jpg,https://raw.githubusercontent.com/GUIA-DD/dataset-streetview/refs/heads/main/datasets/df_2024_proportional/batch_0002/images/f3f6ebdbb2ff102a02f9e1ca3e6e98adfa6a0655.jpg,True,downloaded,
f4001bf07853c1fe7f7ec6b8bc6d48e7513742c9,617000a99d10df0bdc6a9e2fb67de0207edd6c6c,-15.929022684200696,-47.94562168972907,-15.92899293886075,-47.94562515157504,2024-12,2024,7u_9mkPG_2F6zn_4B_eytw,222.80924308884676,© Google,OK,7_2,184613.47550391487,8236689.321815078,69eae948dad6993b638069f1992c4978265aa4b9,cardinal,4,0,0_deg_north,cardinal,0,0,90,640,640,2,batch_0002,961,datasets/df_2024_proportional/batch_0002/images/69eae948dad6993b638069f1992c4978265aa4b9.jpg,https://raw.githubusercontent.com/GUIA-DD/dataset-streetview/refs/heads/main/datasets/df_2024_proportional/batch_0002/images/69eae948dad6993b638069f1992c4978265aa4b9.jpg,True,downloaded,
f4001bf07853c1fe7f7ec6b8bc6d48e7513742c9,617000a99d10df0bdc6a9e2fb67de0207edd6c6c,-15.929022684200696,-47.94562168972907,-15.92899293886075,-47.94562515157504,2024-12,2024,7u_9mkPG_2F6zn_4B_eytw,222.80924308884676,© Google,OK,7_2,184613.47550391487,8236689.321815078,34b6e3d4376d67a0bc7ba4bd7c35ba5feb7d2008,cardinal,4,1,90_deg_east,cardinal,90,0,90,640,640,2,batch_0002,962,datasets/df_2024_proportional/batch_0002/images/34b6e3d4376d67a0bc7ba4bd7c35ba5feb7d2008.jpg,https://raw.githubusercontent.com/GUIA-DD/dataset-streetview/refs/heads/main/datasets/df_2024_proportional/batch_0002/images/34b6e3d4376d67a0bc7ba4bd7c35ba5feb7d2008.jpg,True,downloaded,
f4001bf07853c1fe7f7ec6b8bc6d48e7513742c9,617000a99d10df0bdc6a9e2fb67de0207edd6c6c,-15.929022684200696,-47.94562168972907,-15.92899293886075,-47.94562515157504,2024-12,2024,7u_9mkPG_2F6zn_4B_eytw,222.80924308884676,© Google,OK,7_2,184613.47550391487,8236689.321815078,62cafa16a30ba262ed5dcfc91218b9755872b9e1,cardinal,4,2,180_deg_south,cardinal,180,0,90,640,640,2,batch_0002,963,datasets/df_2024_proportional/batch_0002/images/62cafa16a30ba262ed5dcfc91218b9755872b9e1.jpg,https://raw.githubusercontent.com/GUIA-DD/dataset-streetview/refs/heads/main/datasets/df_2024_proportional/batch_0002/images/62cafa16a30ba262ed5dcfc91218b9755872b9e1.jpg,True,downloaded,
f4001bf07853c1fe7f7ec6b8bc6d48e7513742c9,617000a99d10df0bdc6a9e2fb67de0207edd6c6c,-15.929022684200696,-47.94562168972907,-15.92899293886075,-47.94562515157504,2024-12,2024,7u_9mkPG_2F6zn_4B_eytw,222.80924308884676,© Google,OK,7_2,184613.47550391487,8236689.321815078,dfa21ab439ae545683f11e25bfc1eb89c248d361,cardinal,4,3,270_deg_west,cardinal,270,0,90,640,640,2,batch_0002,964,datasets/df_2024_proportional/batch_0002/images/dfa21ab439ae545683f11e25bfc1eb89c248d361.jpg,https://raw.githubusercontent.com/GUIA-DD/dataset-streetview/refs/heads/main/datasets/df_2024_proportional/batch_0002/images/dfa21ab439ae545683f11e25bfc1eb89c248d361.jpg,True,downloaded,
f57db2b0c6587ff3d09188adce27e8526ca32817,e41136466d5ba8c7c4541052331df17831943acd,-15.743360717653873,-47.91433246996077,-15.74337853384976,-47.91433375441041,2024-05,2024,KvPnm_Nayi6EgEX86LJJTA,175.52412215467925,© Google,OK,7_6,187680.46290603487,8257295.7774148295,287e752cfa358b95e0534ac3f61fd93c75e09834,cardinal,4,0,0_deg_north,cardinal,0,0,90,640,640,2,batch_0002,965,datasets/df_2024_proportional/batch_0002/images/287e752cfa358b95e0534ac3f61fd93c75e09834.jpg,https://raw.githubusercontent.com/GUIA-DD/dataset-streetview/refs/heads/main/datasets/df_2024_proportional/batch_0002/images/287e752cfa358b95e0534ac3f61fd93c75e09834.jpg,True,downloaded,
f57db2b0c6587ff3d09188adce27e8526ca32817,e41136466d5ba8c7c4541052331df17831943acd,-15.743360717653873,-47.91433246996077,-15.74337853384976,-47.91433375441041,2024-05,2024,KvPnm_Nayi6EgEX86LJJTA,175.52412215467925,© Google,OK,7_6,187680.46290603487,8257295.7774148295,091584d5a57e8b42a9f251217f09ac6766ab93f8,cardinal,4,1,90_deg_east,cardinal,90,0,90,640,640,2,batch_0002,966,datasets/df_2024_proportional/batch_0002/images/091584d5a57e8b42a9f251217f09ac6766ab93f8.jpg,https://raw.githubusercontent.com/GUIA-DD/dataset-streetview/refs/heads/main/datasets/df_2024_proportional/batch_0002/images/091584d5a57e8b42a9f251217f09ac6766ab93f8.jpg,True,downloaded,
f57db2b0c6587ff3d09188adce27e8526ca32817,e41136466d5ba8c7c4541052331df17831943acd,-15.743360717653873,-47.91433246996077,-15.74337853384976,-47.91433375441041,2024-05,2024,KvPnm_Nayi6EgEX86LJJTA,175.52412215467925,© Google,OK,7_6,187680.46290603487,8257295.7774148295,c3bef1b9ec8d8b0ed9511c51239829333598663e,cardinal,4,2,180_deg_south,cardinal,180,0,90,640,640,2,batch_0002,967,datasets/df_2024_proportional/batch_0002/images/c3bef1b9ec8d8b0ed9511c51239829333598663e.jpg,https://raw.githubusercontent.com/GUIA-DD/dataset-streetview/refs/heads/main/datasets/df_2024_proportional/batch_0002/images/c3bef1b9ec8d8b0ed9511c51239829333598663e.jpg,True,downloaded,
f57db2b0c6587ff3d09188adce27e8526ca32817,e41136466d5ba8c7c4541052331df17831943acd,-15.743360717653873,-47.91433246996077,-15.74337853384976,-47.91433375441041,2024-05,2024,KvPnm_Nayi6EgEX86LJJTA,175.52412215467925,© Google,OK,7_6,187680.46290603487,8257295.7774148295,adc0f3b724ed41c9956d1586db6be65a513124bf,cardinal,4,3,270_deg_west,cardinal,270,0,90,640,640,2,batch_0002,968,datasets/df_2024_proportional/batch_0002/images/adc0f3b724ed41c9956d1586db6be65a513124bf.jpg,https://raw.githubusercontent.com/GUIA-DD/dataset-streetview/refs/heads/main/datasets/df_2024_proportional/batch_0002/images/adc0f3b724ed41c9956d1586db6be65a513124bf.jpg,True,downloaded,
f6a1ed9a1007fe4db6a2f4214ec4220a4b8b49e2,1ebcc55d794df13ae0b867dd23342956eef4de76,-15.882473450105383,-48.101402049923706,-15.88246607794797,-48.10138306456129,2025-06,2025,Sjig3g9ZRCLZAEkexvuowQ,243.3067945327416,© Google,OK,3_3,167843.991886052,8241602.767140804,33158b7dc69269f51d8e082680622532408f8a0b,cardinal,4,0,0_deg_north,cardinal,0,0,90,640,640,2,batch_0002,969,datasets/df_2024_proportional/batch_0002/images/33158b7dc69269f51d8e082680622532408f8a0b.jpg,https://raw.githubusercontent.com/GUIA-DD/dataset-streetview/refs/heads/main/datasets/df_2024_proportional/batch_0002/images/33158b7dc69269f51d8e082680622532408f8a0b.jpg,True,downloaded,
f6a1ed9a1007fe4db6a2f4214ec4220a4b8b49e2,1ebcc55d794df13ae0b867dd23342956eef4de76,-15.882473450105383,-48.101402049923706,-15.88246607794797,-48.10138306456129,2025-06,2025,Sjig3g9ZRCLZAEkexvuowQ,243.3067945327416,© Google,OK,3_3,167843.991886052,8241602.767140804,6654e2482631151b698a8efb9a89d1adfff097fa,cardinal,4,1,90_deg_east,cardinal,90,0,90,640,640,2,batch_0002,970,datasets/df_2024_proportional/batch_0002/images/6654e2482631151b698a8efb9a89d1adfff097fa.jpg,https://raw.githubusercontent.com/GUIA-DD/dataset-streetview/refs/heads/main/datasets/df_2024_proportional/batch_0002/images/6654e2482631151b698a8efb9a89d1adfff097fa.jpg,True,downloaded,
f6a1ed9a1007fe4db6a2f4214ec4220a4b8b49e2,1ebcc55d794df13ae0b867dd23342956eef4de76,-15.882473450105383,-48.101402049923706,-15.88246607794797,-48.10138306456129,2025-06,2025,Sjig3g9ZRCLZAEkexvuowQ,243.3067945327416,© Google,OK,3_3,167843.991886052,8241602.767140804,a8829e19a203adf23a402eaf037ae0d8b3d99875,cardinal,4,2,180_deg_south,cardinal,180,0,90,640,640,2,batch_0002,971,datasets/df_2024_proportional/batch_0002/images/a8829e19a203adf23a402eaf037ae0d8b3d99875.jpg,https://raw.githubusercontent.com/GUIA-DD/dataset-streetview/refs/heads/main/datasets/df_2024_proportional/batch_0002/images/a8829e19a203adf23a402eaf037ae0d8b3d99875.jpg,True,downloaded,
f6a1ed9a1007fe4db6a2f4214ec4220a4b8b49e2,1ebcc55d794df13ae0b867dd23342956eef4de76,-15.882473450105383,-48.101402049923706,-15.88246607794797,-48.10138306456129,2025-06,2025,Sjig3g9ZRCLZAEkexvuowQ,243.3067945327416,© Google,OK,3_3,167843.991886052,8241602.767140804,2b4c6785e68705819de3adb661d4994773608566,cardinal,4,3,270_deg_west,cardinal,270,0,90,640,640,2,batch_0002,972,datasets/df_2024_proportional/batch_0002/images/2b4c6785e68705819de3adb661d4994773608566.jpg,https://raw.githubusercontent.com/GUIA-DD/dataset-streetview/refs/heads/main/datasets/df_2024_proportional/batch_0002/images/2b4c6785e68705819de3adb661d4994773608566.jpg,True,downloaded,
f8f201a08b7ba1372146739c8bd0d7f8a63527ed,bcc1f8effb33c882b3e80f435acde00b26314699,-15.825676950005043,-48.048249399992926,-15.82564984200404,-48.04823667054055,2024-08,2024,7FoVdRtTaL2Hqh-amkvYbw,46.27934399593796,© Google,OK,4_5,173449.7014446038,8247976.570055257,0b13088ea3ae7e98d7be699b437779ac8567f909,cardinal,4,0,0_deg_north,cardinal,0,0,90,640,640,2,batch_0002,973,datasets/df_2024_proportional/batch_0002/images/0b13088ea3ae7e98d7be699b437779ac8567f909.jpg,https://raw.githubusercontent.com/GUIA-DD/dataset-streetview/refs/heads/main/datasets/df_2024_proportional/batch_0002/images/0b13088ea3ae7e98d7be699b437779ac8567f909.jpg,True,downloaded,
f8f201a08b7ba1372146739c8bd0d7f8a63527ed,bcc1f8effb33c882b3e80f435acde00b26314699,-15.825676950005043,-48.048249399992926,-15.82564984200404,-48.04823667054055,2024-08,2024,7FoVdRtTaL2Hqh-amkvYbw,46.27934399593796,© Google,OK,4_5,173449.7014446038,8247976.570055257,1f9dfbc92390f36ed955957e6581e13b9b07ebba,cardinal,4,1,90_deg_east,cardinal,90,0,90,640,640,2,batch_0002,974,datasets/df_2024_proportional/batch_0002/images/1f9dfbc92390f36ed955957e6581e13b9b07ebba.jpg,https://raw.githubusercontent.com/GUIA-DD/dataset-streetview/refs/heads/main/datasets/df_2024_proportional/batch_0002/images/1f9dfbc92390f36ed955957e6581e13b9b07ebba.jpg,True,downloaded,
f8f201a08b7ba1372146739c8bd0d7f8a63527ed,bcc1f8effb33c882b3e80f435acde00b26314699,-15.825676950005043,-48.048249399992926,-15.82564984200404,-48.04823667054055,2024-08,2024,7FoVdRtTaL2Hqh-amkvYbw,46.27934399593796,© Google,OK,4_5,173449.7014446038,8247976.570055257,b1d7dcc05cb904e26e9effd267720b4c970d1c70,cardinal,4,2,180_deg_south,cardinal,180,0,90,640,640,2,batch_0002,975,datasets/df_2024_proportional/batch_0002/images/b1d7dcc05cb904e26e9effd267720b4c970d1c70.jpg,https://raw.githubusercontent.com/GUIA-DD/dataset-streetview/refs/heads/main/datasets/df_2024_proportional/batch_0002/images/b1d7dcc05cb904e26e9effd267720b4c970d1c70.jpg,True,downloaded,
f8f201a08b7ba1372146739c8bd0d7f8a63527ed,bcc1f8effb33c882b3e80f435acde00b26314699,-15.825676950005043,-48.048249399992926,-15.82564984200404,-48.04823667054055,2024-08,2024,7FoVdRtTaL2Hqh-amkvYbw,46.27934399593796,© Google,OK,4_5,173449.7014446038,8247976.570055257,500a34377f3cdf8df77af0adbd1a132c1b77c382,cardinal,4,3,270_deg_west,cardinal,270,0,90,640,640,2,batch_0002,976,datasets/df_2024_proportional/batch_0002/images/500a34377f3cdf8df77af0adbd1a132c1b77c382.jpg,https://raw.githubusercontent.com/GUIA-DD/dataset-streetview/refs/heads/main/datasets/df_2024_proportional/batch_0002/images/500a34377f3cdf8df77af0adbd1a132c1b77c382.jpg,True,downloaded,
f9dc500d0c4a16db2f033afde41f4e6c8ac8c3e5,d260ab863c0e9f703b671bd40a08d526b888eb4f,-15.627663500000523,-47.6505099999963,-15.62766538585808,-47.65052134068451,2025-07,2025,QuSnRFCHgZjVqfUaFcxEEA,3.217101026174231,© Google,OK,13_9,215811.32755175707,8270478.041625556,7641f0f1d1248637c95a9aa470384e603a5bfd76,cardinal,4,0,0_deg_north,cardinal,0,0,90,640,640,2,batch_0002,977,datasets/df_2024_proportional/batch_0002/images/7641f0f1d1248637c95a9aa470384e603a5bfd76.jpg,https://raw.githubusercontent.com/GUIA-DD/dataset-streetview/refs/heads/main/datasets/df_2024_proportional/batch_0002/images/7641f0f1d1248637c95a9aa470384e603a5bfd76.jpg,True,downloaded,
f9dc500d0c4a16db2f033afde41f4e6c8ac8c3e5,d260ab863c0e9f703b671bd40a08d526b888eb4f,-15.627663500000523,-47.6505099999963,-15.62766538585808,-47.65052134068451,2025-07,2025,QuSnRFCHgZjVqfUaFcxEEA,3.217101026174231,© Google,OK,13_9,215811.32755175707,8270478.041625556,5076460afdd2ba5c0e2aac0c157a543854de07cd,cardinal,4,1,90_deg_east,cardinal,90,0,90,640,640,2,batch_0002,978,datasets/df_2024_proportional/batch_0002/images/5076460afdd2ba5c0e2aac0c157a543854de07cd.jpg,https://raw.githubusercontent.com/GUIA-DD/dataset-streetview/refs/heads/main/datasets/df_2024_proportional/batch_0002/images/5076460afdd2ba5c0e2aac0c157a543854de07cd.jpg,True,downloaded,
f9dc500d0c4a16db2f033afde41f4e6c8ac8c3e5,d260ab863c0e9f703b671bd40a08d526b888eb4f,-15.627663500000523,-47.6505099999963,-15.62766538585808,-47.65052134068451,2025-07,2025,QuSnRFCHgZjVqfUaFcxEEA,3.217101026174231,© Google,OK,13_9,215811.32755175707,8270478.041625556,fb352ddbc53726d997e750fccbf168567a9c82eb,cardinal,4,2,180_deg_south,cardinal,180,0,90,640,640,2,batch_0002,979,datasets/df_2024_proportional/batch_0002/images/fb352ddbc53726d997e750fccbf168567a9c82eb.jpg,https://raw.githubusercontent.com/GUIA-DD/dataset-streetview/refs/heads/main/datasets/df_2024_proportional/batch_0002/images/fb352ddbc53726d997e750fccbf168567a9c82eb.jpg,True,downloaded,
f9dc500d0c4a16db2f033afde41f4e6c8ac8c3e5,d260ab863c0e9f703b671bd40a08d526b888eb4f,-15.627663500000523,-47.6505099999963,-15.62766538585808,-47.65052134068451,2025-07,2025,QuSnRFCHgZjVqfUaFcxEEA,3.217101026174231,© Google,OK,13_9,215811.32755175707,8270478.041625556,ac4069b4725c1ce6ba659ec428e96d8796aec8df,cardinal,4,3,270_deg_west,cardinal,270,0,90,640,640,2,batch_0002,980,datasets/df_2024_proportional/batch_0002/images/ac4069b4725c1ce6ba659ec428e96d8796aec8df.jpg,https://raw.githubusercontent.com/GUIA-DD/dataset-streetview/refs/heads/main/datasets/df_2024_proportional/batch_0002/images/ac4069b4725c1ce6ba659ec428e96d8796aec8df.jpg,True,downloaded,
fa3bebd3e757fe5bade25a1982048889151ab282,4ad6bd119f0eacb3e365cc00d3b2189e42699293,-15.829224000003148,-48.13965749999205,-15.8292858121558,-48.13963934271319,2024-07,2024,SGp-BHUJ3lpSfhawO03H3g,206.6485833149243,© Google,OK,2_4,163655.00564965233,8247439.246721622,7109dd027c196b8e70f43114437faea7f44f2bc9,cardinal,4,0,0_deg_north,cardinal,0,0,90,640,640,2,batch_0002,981,datasets/df_2024_proportional/batch_0002/images/7109dd027c196b8e70f43114437faea7f44f2bc9.jpg,https://raw.githubusercontent.com/GUIA-DD/dataset-streetview/refs/heads/main/datasets/df_2024_proportional/batch_0002/images/7109dd027c196b8e70f43114437faea7f44f2bc9.jpg,True,downloaded,
fa3bebd3e757fe5bade25a1982048889151ab282,4ad6bd119f0eacb3e365cc00d3b2189e42699293,-15.829224000003148,-48.13965749999205,-15.8292858121558,-48.13963934271319,2024-07,2024,SGp-BHUJ3lpSfhawO03H3g,206.6485833149243,© Google,OK,2_4,163655.00564965233,8247439.246721622,3c99caf514a48a3de368750dd2067359bf2e2ed7,cardinal,4,1,90_deg_east,cardinal,90,0,90,640,640,2,batch_0002,982,datasets/df_2024_proportional/batch_0002/images/3c99caf514a48a3de368750dd2067359bf2e2ed7.jpg,https://raw.githubusercontent.com/GUIA-DD/dataset-streetview/refs/heads/main/datasets/df_2024_proportional/batch_0002/images/3c99caf514a48a3de368750dd2067359bf2e2ed7.jpg,True,downloaded,
fa3bebd3e757fe5bade25a1982048889151ab282,4ad6bd119f0eacb3e365cc00d3b2189e42699293,-15.829224000003148,-48.13965749999205,-15.8292858121558,-48.13963934271319,2024-07,2024,SGp-BHUJ3lpSfhawO03H3g,206.6485833149243,© Google,OK,2_4,163655.00564965233,8247439.246721622,81860baf16d46e2cfe4d2930a679cb321c63ecd4,cardinal,4,2,180_deg_south,cardinal,180,0,90,640,640,2,batch_0002,983,datasets/df_2024_proportional/batch_0002/images/81860baf16d46e2cfe4d2930a679cb321c63ecd4.jpg,https://raw.githubusercontent.com/GUIA-DD/dataset-streetview/refs/heads/main/datasets/df_2024_proportional/batch_0002/images/81860baf16d46e2cfe4d2930a679cb321c63ecd4.jpg,True,downloaded,
fa3bebd3e757fe5bade25a1982048889151ab282,4ad6bd119f0eacb3e365cc00d3b2189e42699293,-15.829224000003148,-48.13965749999205,-15.8292858121558,-48.13963934271319,2024-07,2024,SGp-BHUJ3lpSfhawO03H3g,206.6485833149243,© Google,OK,2_4,163655.00564965233,8247439.246721622,8394f51a73d476a137501a85f8f446a74f961ae7,cardinal,4,3,270_deg_west,cardinal,270,0,90,640,640,2,batch_0002,984,datasets/df_2024_proportional/batch_0002/images/8394f51a73d476a137501a85f8f446a74f961ae7.jpg,https://raw.githubusercontent.com/GUIA-DD/dataset-streetview/refs/heads/main/datasets/df_2024_proportional/batch_0002/images/8394f51a73d476a137501a85f8f446a74f961ae7.jpg,True,downloaded,
fac45df41c92fc3979b9b4fffeb5be0cfeb098b1,a2bdc347e9fcaffa9b2cc9b5e1c8bc4106be5608,-15.886491300002076,-48.07562945005589,-15.88668499064399,-48.07556390035909,2025-06,2025,mdw8j4HV7UV4bVluONnGog,158.14060984784393,© Google,OK,4_3,170613.02719810035,8241198.583250866,5ab6ed8b2a92a5b36a438eb3ea3b5e0424465840,cardinal,4,0,0_deg_north,cardinal,0,0,90,640,640,2,batch_0002,985,datasets/df_2024_proportional/batch_0002/images/5ab6ed8b2a92a5b36a438eb3ea3b5e0424465840.jpg,https://raw.githubusercontent.com/GUIA-DD/dataset-streetview/refs/heads/main/datasets/df_2024_proportional/batch_0002/images/5ab6ed8b2a92a5b36a438eb3ea3b5e0424465840.jpg,True,downloaded,
fac45df41c92fc3979b9b4fffeb5be0cfeb098b1,a2bdc347e9fcaffa9b2cc9b5e1c8bc4106be5608,-15.886491300002076,-48.07562945005589,-15.88668499064399,-48.07556390035909,2025-06,2025,mdw8j4HV7UV4bVluONnGog,158.14060984784393,© Google,OK,4_3,170613.02719810035,8241198.583250866,44c9f62d8555c09b6af7b87fa3fab9b835045c9f,cardinal,4,1,90_deg_east,cardinal,90,0,90,640,640,2,batch_0002,986,datasets/df_2024_proportional/batch_0002/images/44c9f62d8555c09b6af7b87fa3fab9b835045c9f.jpg,https://raw.githubusercontent.com/GUIA-DD/dataset-streetview/refs/heads/main/datasets/df_2024_proportional/batch_0002/images/44c9f62d8555c09b6af7b87fa3fab9b835045c9f.jpg,True,downloaded,
fac45df41c92fc3979b9b4fffeb5be0cfeb098b1,a2bdc347e9fcaffa9b2cc9b5e1c8bc4106be5608,-15.886491300002076,-48.07562945005589,-15.88668499064399,-48.07556390035909,2025-06,2025,mdw8j4HV7UV4bVluONnGog,158.14060984784393,© Google,OK,4_3,170613.02719810035,8241198.583250866,9707122cd2c486c80012f5038207a058aa9271f9,cardinal,4,2,180_deg_south,cardinal,180,0,90,640,640,2,batch_0002,987,datasets/df_2024_proportional/batch_0002/images/9707122cd2c486c80012f5038207a058aa9271f9.jpg,https://raw.githubusercontent.com/GUIA-DD/dataset-streetview/refs/heads/main/datasets/df_2024_proportional/batch_0002/images/9707122cd2c486c80012f5038207a058aa9271f9.jpg,True,downloaded,
fac45df41c92fc3979b9b4fffeb5be0cfeb098b1,a2bdc347e9fcaffa9b2cc9b5e1c8bc4106be5608,-15.886491300002076,-48.07562945005589,-15.88668499064399,-48.07556390035909,2025-06,2025,mdw8j4HV7UV4bVluONnGog,158.14060984784393,© Google,OK,4_3,170613.02719810035,8241198.583250866,b66d8ca793a95c4c3e06c4c9a5e386b8e10c6aa1,cardinal,4,3,270_deg_west,cardinal,270,0,90,640,640,2,batch_0002,988,datasets/df_2024_proportional/batch_0002/images/b66d8ca793a95c4c3e06c4c9a5e386b8e10c6aa1.jpg,https://raw.githubusercontent.com/GUIA-DD/dataset-streetview/refs/heads/main/datasets/df_2024_proportional/batch_0002/images/b66d8ca793a95c4c3e06c4c9a5e386b8e10c6aa1.jpg,True,downloaded,
fcb0a72677fc20630d8aa595ae055a3f07f23a6d,6a1cffa5814e744f1ef9ba7a9babeb333c10a642,-16.005456300097784,-48.07246004979772,-16.00549207358083,-48.07246229795881,2024-11,2024,iNM56vGn1tLtaVD_CNke5Q,33.569734544980015,© Google,OK,4_1,171147.02854196174,8228028.210978737,f0adbff1f51ea9736e453c62aafdadae67db564f,cardinal,4,0,0_deg_north,cardinal,0,0,90,640,640,2,batch_0002,989,datasets/df_2024_proportional/batch_0002/images/f0adbff1f51ea9736e453c62aafdadae67db564f.jpg,https://raw.githubusercontent.com/GUIA-DD/dataset-streetview/refs/heads/main/datasets/df_2024_proportional/batch_0002/images/f0adbff1f51ea9736e453c62aafdadae67db564f.jpg,True,downloaded,
fcb0a72677fc20630d8aa595ae055a3f07f23a6d,6a1cffa5814e744f1ef9ba7a9babeb333c10a642,-16.005456300097784,-48.07246004979772,-16.00549207358083,-48.07246229795881,2024-11,2024,iNM56vGn1tLtaVD_CNke5Q,33.569734544980015,© Google,OK,4_1,171147.02854196174,8228028.210978737,302dd349fd68d4bc32feec392a7b15faba0b208e,cardinal,4,1,90_deg_east,cardinal,90,0,90,640,640,2,batch_0002,990,datasets/df_2024_proportional/batch_0002/images/302dd349fd68d4bc32feec392a7b15faba0b208e.jpg,https://raw.githubusercontent.com/GUIA-DD/dataset-streetview/refs/heads/main/datasets/df_2024_proportional/batch_0002/images/302dd349fd68d4bc32feec392a7b15faba0b208e.jpg,True,downloaded,
fcb0a72677fc20630d8aa595ae055a3f07f23a6d,6a1cffa5814e744f1ef9ba7a9babeb333c10a642,-16.005456300097784,-48.07246004979772,-16.00549207358083,-48.07246229795881,2024-11,2024,iNM56vGn1tLtaVD_CNke5Q,33.569734544980015,© Google,OK,4_1,171147.02854196174,8228028.210978737,52948940801dff8306da467f458badb8aaefe954,cardinal,4,2,180_deg_south,cardinal,180,0,90,640,640,2,batch_0002,991,datasets/df_2024_proportional/batch_0002/images/52948940801dff8306da467f458badb8aaefe954.jpg,https://raw.githubusercontent.com/GUIA-DD/dataset-streetview/refs/heads/main/datasets/df_2024_proportional/batch_0002/images/52948940801dff8306da467f458badb8aaefe954.jpg,True,downloaded,
fcb0a72677fc20630d8aa595ae055a3f07f23a6d,6a1cffa5814e744f1ef9ba7a9babeb333c10a642,-16.005456300097784,-48.07246004979772,-16.00549207358083,-48.07246229795881,2024-11,2024,iNM56vGn1tLtaVD_CNke5Q,33.569734544980015,© Google,OK,4_1,171147.02854196174,8228028.210978737,0fb8fc7479419bc59386ef5f8c6537ffe90b9c09,cardinal,4,3,270_deg_west,cardinal,270,0,90,640,640,2,batch_0002,992,datasets/df_2024_proportional/batch_0002/images/0fb8fc7479419bc59386ef5f8c6537ffe90b9c09.jpg,https://raw.githubusercontent.com/GUIA-DD/dataset-streetview/refs/heads/main/datasets/df_2024_proportional/batch_0002/images/0fb8fc7479419bc59386ef5f8c6537ffe90b9c09.jpg,True,downloaded,
fd9232788d7c14d6acfe9a6ea2fa6dd792a0da49,5231169f3deabf69cdf87329b2f0d16a8ff80f0d,-15.806281762764947,-48.09065778203463,-15.80629353026435,-48.09066266875341,2026-01,2026,tgNrDFp4WkF1AcFyvp9Dqw,325.09703433657523,© Google,OK,3_5,168871.24782144767,8250058.106126086,88af0e16b6b98c825c3798ff95311e2e3df9623c,cardinal,4,0,0_deg_north,cardinal,0,0,90,640,640,2,batch_0002,993,datasets/df_2024_proportional/batch_0002/images/88af0e16b6b98c825c3798ff95311e2e3df9623c.jpg,https://raw.githubusercontent.com/GUIA-DD/dataset-streetview/refs/heads/main/datasets/df_2024_proportional/batch_0002/images/88af0e16b6b98c825c3798ff95311e2e3df9623c.jpg,True,downloaded,
fd9232788d7c14d6acfe9a6ea2fa6dd792a0da49,5231169f3deabf69cdf87329b2f0d16a8ff80f0d,-15.806281762764947,-48.09065778203463,-15.80629353026435,-48.09066266875341,2026-01,2026,tgNrDFp4WkF1AcFyvp9Dqw,325.09703433657523,© Google,OK,3_5,168871.24782144767,8250058.106126086,bce89ee143349535130c35071ed2623cb36c5908,cardinal,4,1,90_deg_east,cardinal,90,0,90,640,640,2,batch_0002,994,datasets/df_2024_proportional/batch_0002/images/bce89ee143349535130c35071ed2623cb36c5908.jpg,https://raw.githubusercontent.com/GUIA-DD/dataset-streetview/refs/heads/main/datasets/df_2024_proportional/batch_0002/images/bce89ee143349535130c35071ed2623cb36c5908.jpg,True,downloaded,
fd9232788d7c14d6acfe9a6ea2fa6dd792a0da49,5231169f3deabf69cdf87329b2f0d16a8ff80f0d,-15.806281762764947,-48.09065778203463,-15.80629353026435,-48.09066266875341,2026-01,2026,tgNrDFp4WkF1AcFyvp9Dqw,325.09703433657523,© Google,OK,3_5,168871.24782144767,8250058.106126086,cfb9c2c146f72a43f426414474f889967c3507a1,cardinal,4,2,180_deg_south,cardinal,180,0,90,640,640,2,batch_0002,995,datasets/df_2024_proportional/batch_0002/images/cfb9c2c146f72a43f426414474f889967c3507a1.jpg,https://raw.githubusercontent.com/GUIA-DD/dataset-streetview/refs/heads/main/datasets/df_2024_proportional/batch_0002/images/cfb9c2c146f72a43f426414474f889967c3507a1.jpg,True,downloaded,
fd9232788d7c14d6acfe9a6ea2fa6dd792a0da49,5231169f3deabf69cdf87329b2f0d16a8ff80f0d,-15.806281762764947,-48.09065778203463,-15.80629353026435,-48.09066266875341,2026-01,2026,tgNrDFp4WkF1AcFyvp9Dqw,325.09703433657523,© Google,OK,3_5,168871.24782144767,8250058.106126086,cdeacf8dbea5cd966a3f29b4d81ba25cc54f4682,cardinal,4,3,270_deg_west,cardinal,270,0,90,640,640,2,batch_0002,996,datasets/df_2024_proportional/batch_0002/images/cdeacf8dbea5cd966a3f29b4d81ba25cc54f4682.jpg,https://raw.githubusercontent.com/GUIA-DD/dataset-streetview/refs/heads/main/datasets/df_2024_proportional/batch_0002/images/cdeacf8dbea5cd966a3f29b4d81ba25cc54f4682.jpg,True,downloaded,
fdc2a3bd9bd10a3eef99aac46b40f91a66356584,db7ddb9597e93d77ecac699b6298b84dc250b18c,-15.904611750103518,-48.080017099948606,-15.90458408252726,-48.08000352776708,2025-07,2025,V429zAPXy_tgT5fB2tDvlA,69.79872546184242,© Google,OK,4_3,170172.3168515077,8239184.8169948775,67db6104016dcd83ac2ab4d95b4ce5fcc036a8b6,cardinal,4,0,0_deg_north,cardinal,0,0,90,640,640,2,batch_0002,997,datasets/df_2024_proportional/batch_0002/images/67db6104016dcd83ac2ab4d95b4ce5fcc036a8b6.jpg,https://raw.githubusercontent.com/GUIA-DD/dataset-streetview/refs/heads/main/datasets/df_2024_proportional/batch_0002/images/67db6104016dcd83ac2ab4d95b4ce5fcc036a8b6.jpg,True,downloaded,
fdc2a3bd9bd10a3eef99aac46b40f91a66356584,db7ddb9597e93d77ecac699b6298b84dc250b18c,-15.904611750103518,-48.080017099948606,-15.90458408252726,-48.08000352776708,2025-07,2025,V429zAPXy_tgT5fB2tDvlA,69.79872546184242,© Google,OK,4_3,170172.3168515077,8239184.8169948775,94745665eee786164284570521bc52a352cf2ffe,cardinal,4,1,90_deg_east,cardinal,90,0,90,640,640,2,batch_0002,998,datasets/df_2024_proportional/batch_0002/images/94745665eee786164284570521bc52a352cf2ffe.jpg,https://raw.githubusercontent.com/GUIA-DD/dataset-streetview/refs/heads/main/datasets/df_2024_proportional/batch_0002/images/94745665eee786164284570521bc52a352cf2ffe.jpg,True,downloaded,
fdc2a3bd9bd10a3eef99aac46b40f91a66356584,db7ddb9597e93d77ecac699b6298b84dc250b18c,-15.904611750103518,-48.080017099948606,-15.90458408252726,-48.08000352776708,2025-07,2025,V429zAPXy_tgT5fB2tDvlA,69.79872546184242,© Google,OK,4_3,170172.3168515077,8239184.8169948775,a288b1c793ecf868e7af28b30cab5b3558529716,cardinal,4,2,180_deg_south,cardinal,180,0,90,640,640,2,batch_0002,999,datasets/df_2024_proportional/batch_0002/images/a288b1c793ecf868e7af28b30cab5b3558529716.jpg,https://raw.githubusercontent.com/GUIA-DD/dataset-streetview/refs/heads/main/datasets/df_2024_proportional/batch_0002/images/a288b1c793ecf868e7af28b30cab5b3558529716.jpg,True,downloaded,
fdc2a3bd9bd10a3eef99aac46b40f91a66356584,db7ddb9597e93d77ecac699b6298b84dc250b18c,-15.904611750103518,-48.080017099948606,-15.90458408252726,-48.08000352776708,2025-07,2025,V429zAPXy_tgT5fB2tDvlA,69.79872546184242,© Google,OK,4_3,170172.3168515077,8239184.8169948775,1d33bb77e75c9329e98e86d5ede444069fc13112,cardinal,4,3,270_deg_west,cardinal,270,0,90,640,640,2,batch_0002,1000,datasets/df_2024_proportional/batch_0002/images/1d33bb77e75c9329e98e86d5ede444069fc13112.jpg,https://raw.githubusercontent.com/GUIA-DD/dataset-streetview/refs/heads/main/datasets/df_2024_proportional/batch_0002/images/1d33bb77e75c9329e98e86d5ede444069fc13112.jpg,True,downloaded,
